solid ASCII
  facet normal 1.303274e-03 -8.236433e-02 9.966014e-01
    outer loop
      vertex   -3.000000e+01 -3.862600e+01 -2.165930e+01
      vertex   -3.750000e+01 -3.852867e+01 -2.164145e+01
      vertex   -3.000000e+01 -3.911850e+01 -2.170000e+01
    endloop
  endfacet
  facet normal -9.315521e-04 -1.105107e-01 9.938745e-01
    outer loop
      vertex   -3.000000e+01 -3.911850e+01 -2.170000e+01
      vertex   -3.750000e+01 -3.852867e+01 -2.164145e+01
      vertex   -4.500000e+01 -3.862600e+01 -2.165930e+01
    endloop
  endfacet
  facet normal 0.000000e+00 -8.236440e-02 9.966023e-01
    outer loop
      vertex   -3.000000e+01 -3.911850e+01 -2.170000e+01
      vertex   -4.500000e+01 -3.862600e+01 -2.165930e+01
      vertex   -4.500000e+01 -3.911850e+01 -2.170000e+01
    endloop
  endfacet
  facet normal -8.696385e-04 -2.448581e-01 9.695585e-01
    outer loop
      vertex   -3.000000e+01 -3.862600e+01 -2.165930e+01
      vertex   -3.000000e+01 -3.814685e+01 -2.153829e+01
      vertex   -3.750000e+01 -3.852867e+01 -2.164145e+01
    endloop
  endfacet
  facet normal 1.739038e-03 -2.925072e-01 9.562617e-01
    outer loop
      vertex   -3.750000e+01 -3.852867e+01 -2.164145e+01
      vertex   -3.000000e+01 -3.814685e+01 -2.153829e+01
      vertex   -3.750000e+01 -3.796187e+01 -2.146807e+01
    endloop
  endfacet
  facet normal -1.739038e-03 -2.925072e-01 9.562617e-01
    outer loop
      vertex   -3.750000e+01 -3.852867e+01 -2.164145e+01
      vertex   -3.750000e+01 -3.796187e+01 -2.146807e+01
      vertex   -4.500000e+01 -3.814685e+01 -2.153829e+01
    endloop
  endfacet
  facet normal 1.304694e-03 -4.007073e-01 9.162052e-01
    outer loop
      vertex   -4.500000e+01 -3.814685e+01 -2.153829e+01
      vertex   -3.750000e+01 -3.796187e+01 -2.146807e+01
      vertex   -4.500000e+01 -3.769408e+01 -2.134027e+01
    endloop
  endfacet
  facet normal -1.956595e-03 -4.748080e-01 8.800872e-01
    outer loop
      vertex   -4.500000e+01 -3.769408e+01 -2.134027e+01
      vertex   -3.750000e+01 -3.796187e+01 -2.146807e+01
      vertex   -3.750000e+01 -3.744022e+01 -2.118664e+01
    endloop
  endfacet
  facet normal 1.304694e-03 -5.456832e-01 8.379906e-01
    outer loop
      vertex   -4.500000e+01 -3.769408e+01 -2.134027e+01
      vertex   -3.750000e+01 -3.744022e+01 -2.118664e+01
      vertex   -4.500000e+01 -3.727995e+01 -2.107060e+01
    endloop
  endfacet
  facet normal -1.739038e-03 -6.385744e-01 7.695581e-01
    outer loop
      vertex   -4.500000e+01 -3.727995e+01 -2.107060e+01
      vertex   -3.750000e+01 -3.744022e+01 -2.118664e+01
      vertex   -3.750000e+01 -3.698408e+01 -2.080813e+01
    endloop
  endfacet
  facet normal 8.696385e-04 -6.758519e-01 7.370369e-01
    outer loop
      vertex   -4.500000e+01 -3.727995e+01 -2.107060e+01
      vertex   -3.750000e+01 -3.698408e+01 -2.080813e+01
      vertex   -4.500000e+01 -3.691572e+01 -2.073660e+01
    endloop
  endfacet
  facet normal -1.303274e-03 -7.876804e-01 6.160826e-01
    outer loop
      vertex   -4.500000e+01 -3.691572e+01 -2.073660e+01
      vertex   -3.750000e+01 -3.698408e+01 -2.080813e+01
      vertex   -4.500000e+01 -3.661126e+01 -2.034734e+01
    endloop
  endfacet
  facet normal 9.315521e-04 -7.699459e-01 6.381085e-01
    outer loop
      vertex   -4.500000e+01 -3.661126e+01 -2.034734e+01
      vertex   -3.750000e+01 -3.698408e+01 -2.080813e+01
      vertex   -3.000000e+01 -3.691572e+01 -2.073660e+01
    endloop
  endfacet
  facet normal 0.000000e+00 -7.876811e-01 6.160832e-01
    outer loop
      vertex   -4.500000e+01 -3.661126e+01 -2.034734e+01
      vertex   -3.000000e+01 -3.691572e+01 -2.073660e+01
      vertex   -3.000000e+01 -3.661126e+01 -2.034734e+01
    endloop
  endfacet
  facet normal -1.304694e-03 -4.007073e-01 9.162052e-01
    outer loop
      vertex   -3.000000e+01 -3.814685e+01 -2.153829e+01
      vertex   -3.000000e+01 -3.769408e+01 -2.134027e+01
      vertex   -3.750000e+01 -3.796187e+01 -2.146807e+01
    endloop
  endfacet
  facet normal 1.956595e-03 -4.748080e-01 8.800872e-01
    outer loop
      vertex   -3.750000e+01 -3.796187e+01 -2.146807e+01
      vertex   -3.000000e+01 -3.769408e+01 -2.134027e+01
      vertex   -3.750000e+01 -3.744022e+01 -2.118664e+01
    endloop
  endfacet
  facet normal -1.304694e-03 -5.456832e-01 8.379906e-01
    outer loop
      vertex   -3.000000e+01 -3.769408e+01 -2.134027e+01
      vertex   -3.000000e+01 -3.727995e+01 -2.107060e+01
      vertex   -3.750000e+01 -3.744022e+01 -2.118664e+01
    endloop
  endfacet
  facet normal 1.739038e-03 -6.385744e-01 7.695581e-01
    outer loop
      vertex   -3.750000e+01 -3.744022e+01 -2.118664e+01
      vertex   -3.000000e+01 -3.727995e+01 -2.107060e+01
      vertex   -3.750000e+01 -3.698408e+01 -2.080813e+01
    endloop
  endfacet
  facet normal -8.696385e-04 -6.758519e-01 7.370369e-01
    outer loop
      vertex   -3.000000e+01 -3.727995e+01 -2.107060e+01
      vertex   -3.000000e+01 -3.691572e+01 -2.073660e+01
      vertex   -3.750000e+01 -3.698408e+01 -2.080813e+01
    endloop
  endfacet
  facet normal 8.696385e-04 -2.448581e-01 9.695585e-01
    outer loop
      vertex   -4.500000e+01 -3.814685e+01 -2.153829e+01
      vertex   -4.500000e+01 -3.862600e+01 -2.165930e+01
      vertex   -3.750000e+01 -3.852867e+01 -2.164145e+01
    endloop
  endfacet
  facet normal 0.000000e+00 -8.357481e-01 5.491130e-01
    outer loop
      vertex   -3.000000e+01 -3.661126e+01 -2.034734e+01
      vertex   -3.000000e+01 -2.968598e+01 -9.807096e+00
      vertex   -4.500000e+01 -3.661126e+01 -2.034734e+01
    endloop
  endfacet
  facet normal 0.000000e+00 -8.357481e-01 5.491130e-01
    outer loop
      vertex   -4.500000e+01 -3.661126e+01 -2.034734e+01
      vertex   -3.000000e+01 -2.968598e+01 -9.807096e+00
      vertex   -4.500000e+01 -2.968598e+01 -9.807096e+00
    endloop
  endfacet
  facet normal -0.000000e+00 4.293235e-02 9.990780e-01
    outer loop
      vertex   -3.545596e+01 2.157945e+01 -2.170000e+01
      vertex   -3.593794e+01 2.132349e+01 -2.168900e+01
      vertex   -3.000000e+01 2.157945e+01 -2.170000e+01
    endloop
  endfacet
  facet normal -2.287765e-03 9.584550e-02 9.953936e-01
    outer loop
      vertex   -3.000000e+01 2.157945e+01 -2.170000e+01
      vertex   -3.593794e+01 2.132349e+01 -2.168900e+01
      vertex   -3.000000e+01 2.100703e+01 -2.164488e+01
    endloop
  endfacet
  facet normal -9.850203e-04 1.199258e-01 9.927824e-01
    outer loop
      vertex   -3.000000e+01 2.100703e+01 -2.164488e+01
      vertex   -3.593794e+01 2.132349e+01 -2.168900e+01
      vertex   -3.643947e+01 2.112505e+01 -2.166553e+01
    endloop
  endfacet
  facet normal -2.671809e-05 1.709031e-01 9.852878e-01
    outer loop
      vertex   -3.000000e+01 2.100703e+01 -2.164488e+01
      vertex   -3.643947e+01 2.112505e+01 -2.166553e+01
      vertex   -3.696029e+01 2.099678e+01 -2.164329e+01
    endloop
  endfacet
  facet normal -8.830381e-05 2.114984e-01 9.773783e-01
    outer loop
      vertex   -3.696029e+01 2.099678e+01 -2.164329e+01
      vertex   -3.750000e+01 2.095124e+01 -2.163349e+01
      vertex   -3.000000e+01 2.100703e+01 -2.164488e+01
    endloop
  endfacet
  facet normal -6.558982e-04 2.840153e-01 9.588195e-01
    outer loop
      vertex   -3.000000e+01 2.100703e+01 -2.164488e+01
      vertex   -3.750000e+01 2.095124e+01 -2.163349e+01
      vertex   -3.000000e+01 2.045563e+01 -2.148155e+01
    endloop
  endfacet
  facet normal 0.000000e+00 2.931015e-01 9.560813e-01
    outer loop
      vertex   -3.000000e+01 2.045563e+01 -2.148155e+01
      vertex   -3.750000e+01 2.095124e+01 -2.163349e+01
      vertex   -3.750000e+01 2.045563e+01 -2.148155e+01
    endloop
  endfacet
  facet normal 0.000000e+00 4.617486e-01 8.870108e-01
    outer loop
      vertex   -3.000000e+01 2.045563e+01 -2.148155e+01
      vertex   -3.750000e+01 2.045563e+01 -2.148155e+01
      vertex   -3.000000e+01 1.994554e+01 -2.121601e+01
    endloop
  endfacet
  facet normal 0.000000e+00 4.617486e-01 8.870108e-01
    outer loop
      vertex   -3.000000e+01 1.994554e+01 -2.121601e+01
      vertex   -3.750000e+01 2.045563e+01 -2.148155e+01
      vertex   -3.750000e+01 1.994554e+01 -2.121601e+01
    endloop
  endfacet
  facet normal 0.000000e+00 6.225146e-01 7.826082e-01
    outer loop
      vertex   -3.000000e+01 1.994554e+01 -2.121601e+01
      vertex   -3.750000e+01 1.994554e+01 -2.121601e+01
      vertex   -3.000000e+01 1.949548e+01 -2.085802e+01
    endloop
  endfacet
  facet normal 0.000000e+00 6.225146e-01 7.826082e-01
    outer loop
      vertex   -3.000000e+01 1.949548e+01 -2.085802e+01
      vertex   -3.750000e+01 1.994554e+01 -2.121601e+01
      vertex   -3.750000e+01 1.949548e+01 -2.085802e+01
    endloop
  endfacet
  facet normal 0.000000e+00 7.604060e-01 6.494480e-01
    outer loop
      vertex   -3.000000e+01 1.949548e+01 -2.085802e+01
      vertex   -3.750000e+01 1.949548e+01 -2.085802e+01
      vertex   -3.000000e+01 1.912200e+01 -2.042073e+01
    endloop
  endfacet
  facet normal 0.000000e+00 7.604060e-01 6.494480e-01
    outer loop
      vertex   -3.000000e+01 1.912200e+01 -2.042073e+01
      vertex   -3.750000e+01 1.949548e+01 -2.085802e+01
      vertex   -4.500000e+01 1.912200e+01 -2.042073e+01
    endloop
  endfacet
  facet normal 0.000000e+00 7.604060e-01 6.494480e-01
    outer loop
      vertex   -4.500000e+01 1.912200e+01 -2.042073e+01
      vertex   -3.750000e+01 1.949548e+01 -2.085802e+01
      vertex   -4.500000e+01 1.949548e+01 -2.085802e+01
    endloop
  endfacet
  facet normal -0.000000e+00 6.225146e-01 7.826082e-01
    outer loop
      vertex   -4.500000e+01 1.949548e+01 -2.085802e+01
      vertex   -3.750000e+01 1.949548e+01 -2.085802e+01
      vertex   -4.500000e+01 1.994554e+01 -2.121601e+01
    endloop
  endfacet
  facet normal -0.000000e+00 6.225146e-01 7.826082e-01
    outer loop
      vertex   -4.500000e+01 1.994554e+01 -2.121601e+01
      vertex   -3.750000e+01 1.949548e+01 -2.085802e+01
      vertex   -3.750000e+01 1.994554e+01 -2.121601e+01
    endloop
  endfacet
  facet normal -0.000000e+00 4.617486e-01 8.870108e-01
    outer loop
      vertex   -4.500000e+01 1.994554e+01 -2.121601e+01
      vertex   -3.750000e+01 1.994554e+01 -2.121601e+01
      vertex   -4.500000e+01 2.045563e+01 -2.148155e+01
    endloop
  endfacet
  facet normal -0.000000e+00 4.617486e-01 8.870108e-01
    outer loop
      vertex   -4.500000e+01 2.045563e+01 -2.148155e+01
      vertex   -3.750000e+01 1.994554e+01 -2.121601e+01
      vertex   -3.750000e+01 2.045563e+01 -2.148155e+01
    endloop
  endfacet
  facet normal -0.000000e+00 2.931015e-01 9.560813e-01
    outer loop
      vertex   -4.500000e+01 2.045563e+01 -2.148155e+01
      vertex   -3.750000e+01 2.045563e+01 -2.148155e+01
      vertex   -3.750000e+01 2.095124e+01 -2.163349e+01
    endloop
  endfacet
  facet normal 6.558982e-04 2.840153e-01 9.588195e-01
    outer loop
      vertex   -4.500000e+01 2.045563e+01 -2.148155e+01
      vertex   -3.750000e+01 2.095124e+01 -2.163349e+01
      vertex   -4.500000e+01 2.100703e+01 -2.164488e+01
    endloop
  endfacet
  facet normal 8.830381e-05 2.114984e-01 9.773783e-01
    outer loop
      vertex   -4.500000e+01 2.100703e+01 -2.164488e+01
      vertex   -3.750000e+01 2.095124e+01 -2.163349e+01
      vertex   -3.803971e+01 2.099678e+01 -2.164329e+01
    endloop
  endfacet
  facet normal 2.671809e-05 1.709031e-01 9.852878e-01
    outer loop
      vertex   -4.500000e+01 2.100703e+01 -2.164488e+01
      vertex   -3.803971e+01 2.099678e+01 -2.164329e+01
      vertex   -3.856053e+01 2.112505e+01 -2.166553e+01
    endloop
  endfacet
  facet normal 9.850203e-04 1.199258e-01 9.927824e-01
    outer loop
      vertex   -3.856053e+01 2.112505e+01 -2.166553e+01
      vertex   -3.906206e+01 2.132349e+01 -2.168900e+01
      vertex   -4.500000e+01 2.100703e+01 -2.164488e+01
    endloop
  endfacet
  facet normal 2.287765e-03 9.584550e-02 9.953936e-01
    outer loop
      vertex   -4.500000e+01 2.100703e+01 -2.164488e+01
      vertex   -3.906206e+01 2.132349e+01 -2.168900e+01
      vertex   -4.500000e+01 2.157945e+01 -2.170000e+01
    endloop
  endfacet
  facet normal -0.000000e+00 4.293235e-02 9.990780e-01
    outer loop
      vertex   -4.500000e+01 2.157945e+01 -2.170000e+01
      vertex   -3.906206e+01 2.132349e+01 -2.168900e+01
      vertex   -3.954404e+01 2.157945e+01 -2.170000e+01
    endloop
  endfacet
  facet normal 0.000000e+00 0.000000e+00 1.000000e+00
    outer loop
      vertex   -3.954404e+01 2.157945e+01 -2.170000e+01
      vertex   -4.009043e+01 2.196985e+01 -2.170000e+01
      vertex   -4.500000e+01 2.157945e+01 -2.170000e+01
    endloop
  endfacet
  facet normal 0.000000e+00 0.000000e+00 1.000000e+00
    outer loop
      vertex   -4.500000e+01 2.157945e+01 -2.170000e+01
      vertex   -4.009043e+01 2.196985e+01 -2.170000e+01
      vertex   -4.056380e+01 2.244616e+01 -2.170000e+01
    endloop
  endfacet
  facet normal 1.111629e-15 -5.689860e-15 1.000000e+00
    outer loop
      vertex   -4.500000e+01 2.157945e+01 -2.170000e+01
      vertex   -4.056380e+01 2.244616e+01 -2.170000e+01
      vertex   -4.095083e+01 2.299494e+01 -2.170000e+01
    endloop
  endfacet
  facet normal -7.517008e-16 -3.595579e-16 1.000000e+00
    outer loop
      vertex   -4.095083e+01 2.299494e+01 -2.170000e+01
      vertex   -4.124059e+01 2.360073e+01 -2.170000e+01
      vertex   -4.500000e+01 2.157945e+01 -2.170000e+01
    endloop
  endfacet
  facet normal -8.192714e-16 -2.338819e-16 1.000000e+00
    outer loop
      vertex   -4.500000e+01 2.157945e+01 -2.170000e+01
      vertex   -4.124059e+01 2.360073e+01 -2.170000e+01
      vertex   -4.142493e+01 2.424646e+01 -2.170000e+01
    endloop
  endfacet
  facet normal 2.750362e-15 -5.018905e-15 1.000000e+00
    outer loop
      vertex   -4.500000e+01 2.157945e+01 -2.170000e+01
      vertex   -4.142493e+01 2.424646e+01 -2.170000e+01
      vertex   -4.149865e+01 2.491393e+01 -2.170000e+01
    endloop
  endfacet
  facet normal -2.148302e-15 1.249145e-16 1.000000e+00
    outer loop
      vertex   -4.149865e+01 2.491393e+01 -2.170000e+01
      vertex   -4.145967e+01 2.558432e+01 -2.170000e+01
      vertex   -4.500000e+01 2.157945e+01 -2.170000e+01
    endloop
  endfacet
  facet normal 1.326868e-15 -2.947158e-15 1.000000e+00
    outer loop
      vertex   -4.500000e+01 2.157945e+01 -2.170000e+01
      vertex   -4.145967e+01 2.558432e+01 -2.170000e+01
      vertex   -4.500000e+01 3.001775e+01 -2.170000e+01
    endloop
  endfacet
  facet normal -1.382408e-15 -5.110657e-15 1.000000e+00
    outer loop
      vertex   -4.500000e+01 3.001775e+01 -2.170000e+01
      vertex   -4.145967e+01 2.558432e+01 -2.170000e+01
      vertex   -4.130909e+01 2.623875e+01 -2.170000e+01
    endloop
  endfacet
  facet normal 2.700119e-15 -1.123301e-15 1.000000e+00
    outer loop
      vertex   -4.500000e+01 3.001775e+01 -2.170000e+01
      vertex   -4.130909e+01 2.623875e+01 -2.170000e+01
      vertex   -4.105115e+01 2.685876e+01 -2.170000e+01
    endloop
  endfacet
  facet normal -9.333211e-16 -5.665225e-15 1.000000e+00
    outer loop
      vertex   -4.105115e+01 2.685876e+01 -2.170000e+01
      vertex   -4.069313e+01 2.742689e+01 -2.170000e+01
      vertex   -4.500000e+01 3.001775e+01 -2.170000e+01
    endloop
  endfacet
  facet normal 1.608207e-15 -1.440368e-15 1.000000e+00
    outer loop
      vertex   -4.500000e+01 3.001775e+01 -2.170000e+01
      vertex   -4.069313e+01 2.742689e+01 -2.170000e+01
      vertex   -4.024511e+01 2.792711e+01 -2.170000e+01
    endloop
  endfacet
  facet normal 1.443956e-15 -1.813937e-15 1.000000e+00
    outer loop
      vertex   -4.500000e+01 3.001775e+01 -2.170000e+01
      vertex   -4.024511e+01 2.792711e+01 -2.170000e+01
      vertex   -3.971972e+01 2.834534e+01 -2.170000e+01
    endloop
  endfacet
  facet normal -3.124578e-15 -1.623811e-14 1.000000e+00
    outer loop
      vertex   -3.971972e+01 2.834534e+01 -2.170000e+01
      vertex   -3.913177e+01 2.866978e+01 -2.170000e+01
      vertex   -4.500000e+01 3.001775e+01 -2.170000e+01
    endloop
  endfacet
  facet normal 3.652819e-16 -1.045391e-15 1.000000e+00
    outer loop
      vertex   -4.500000e+01 3.001775e+01 -2.170000e+01
      vertex   -3.913177e+01 2.866978e+01 -2.170000e+01
      vertex   -3.849783e+01 2.889130e+01 -2.170000e+01
    endloop
  endfacet
  facet normal 2.703561e-16 -1.593325e-15 1.000000e+00
    outer loop
      vertex   -4.500000e+01 3.001775e+01 -2.170000e+01
      vertex   -3.849783e+01 2.889130e+01 -2.170000e+01
      vertex   -3.783576e+01 2.900364e+01 -2.170000e+01
    endloop
  endfacet
  facet normal 0.000000e+00 -3.503258e-15 1.000000e+00
    outer loop
      vertex   -4.500000e+01 3.001775e+01 -2.170000e+01
      vertex   -3.783576e+01 2.900364e+01 -2.170000e+01
      vertex   -3.000000e+01 3.001775e+01 -2.170000e+01
    endloop
  endfacet
  facet normal 0.000000e+00 -3.503258e-15 1.000000e+00
    outer loop
      vertex   -3.000000e+01 3.001775e+01 -2.170000e+01
      vertex   -3.783576e+01 2.900364e+01 -2.170000e+01
      vertex   -3.716424e+01 2.900364e+01 -2.170000e+01
    endloop
  endfacet
  facet normal -2.703561e-16 -1.593325e-15 1.000000e+00
    outer loop
      vertex   -3.000000e+01 3.001775e+01 -2.170000e+01
      vertex   -3.716424e+01 2.900364e+01 -2.170000e+01
      vertex   -3.650217e+01 2.889130e+01 -2.170000e+01
    endloop
  endfacet
  facet normal -3.652819e-16 -1.045391e-15 1.000000e+00
    outer loop
      vertex   -3.650217e+01 2.889130e+01 -2.170000e+01
      vertex   -3.586823e+01 2.866978e+01 -2.170000e+01
      vertex   -3.000000e+01 3.001775e+01 -2.170000e+01
    endloop
  endfacet
  facet normal 3.124578e-15 -1.623811e-14 1.000000e+00
    outer loop
      vertex   -3.000000e+01 3.001775e+01 -2.170000e+01
      vertex   -3.586823e+01 2.866978e+01 -2.170000e+01
      vertex   -3.528028e+01 2.834534e+01 -2.170000e+01
    endloop
  endfacet
  facet normal -1.443956e-15 -1.813937e-15 1.000000e+00
    outer loop
      vertex   -3.000000e+01 3.001775e+01 -2.170000e+01
      vertex   -3.528028e+01 2.834534e+01 -2.170000e+01
      vertex   -3.475489e+01 2.792711e+01 -2.170000e+01
    endloop
  endfacet
  facet normal -1.608207e-15 -1.440368e-15 1.000000e+00
    outer loop
      vertex   -3.475489e+01 2.792711e+01 -2.170000e+01
      vertex   -3.430687e+01 2.742689e+01 -2.170000e+01
      vertex   -3.000000e+01 3.001775e+01 -2.170000e+01
    endloop
  endfacet
  facet normal 9.333211e-16 -5.665225e-15 1.000000e+00
    outer loop
      vertex   -3.000000e+01 3.001775e+01 -2.170000e+01
      vertex   -3.430687e+01 2.742689e+01 -2.170000e+01
      vertex   -3.394885e+01 2.685876e+01 -2.170000e+01
    endloop
  endfacet
  facet normal -2.700119e-15 -1.123301e-15 1.000000e+00
    outer loop
      vertex   -3.000000e+01 3.001775e+01 -2.170000e+01
      vertex   -3.394885e+01 2.685876e+01 -2.170000e+01
      vertex   -3.369091e+01 2.623875e+01 -2.170000e+01
    endloop
  endfacet
  facet normal 1.382408e-15 -5.110657e-15 1.000000e+00
    outer loop
      vertex   -3.369091e+01 2.623875e+01 -2.170000e+01
      vertex   -3.354033e+01 2.558432e+01 -2.170000e+01
      vertex   -3.000000e+01 3.001775e+01 -2.170000e+01
    endloop
  endfacet
  facet normal -1.326868e-15 -2.947158e-15 1.000000e+00
    outer loop
      vertex   -3.000000e+01 3.001775e+01 -2.170000e+01
      vertex   -3.354033e+01 2.558432e+01 -2.170000e+01
      vertex   -3.000000e+01 2.157945e+01 -2.170000e+01
    endloop
  endfacet
  facet normal 2.148302e-15 1.249145e-16 1.000000e+00
    outer loop
      vertex   -3.000000e+01 2.157945e+01 -2.170000e+01
      vertex   -3.354033e+01 2.558432e+01 -2.170000e+01
      vertex   -3.350135e+01 2.491393e+01 -2.170000e+01
    endloop
  endfacet
  facet normal -2.750362e-15 -5.018905e-15 1.000000e+00
    outer loop
      vertex   -3.000000e+01 2.157945e+01 -2.170000e+01
      vertex   -3.350135e+01 2.491393e+01 -2.170000e+01
      vertex   -3.357507e+01 2.424646e+01 -2.170000e+01
    endloop
  endfacet
  facet normal 8.192714e-16 -2.338819e-16 1.000000e+00
    outer loop
      vertex   -3.357507e+01 2.424646e+01 -2.170000e+01
      vertex   -3.375941e+01 2.360073e+01 -2.170000e+01
      vertex   -3.000000e+01 2.157945e+01 -2.170000e+01
    endloop
  endfacet
  facet normal 7.517008e-16 -3.595579e-16 1.000000e+00
    outer loop
      vertex   -3.000000e+01 2.157945e+01 -2.170000e+01
      vertex   -3.375941e+01 2.360073e+01 -2.170000e+01
      vertex   -3.404917e+01 2.299494e+01 -2.170000e+01
    endloop
  endfacet
  facet normal -1.111629e-15 -5.689860e-15 1.000000e+00
    outer loop
      vertex   -3.000000e+01 2.157945e+01 -2.170000e+01
      vertex   -3.404917e+01 2.299494e+01 -2.170000e+01
      vertex   -3.443620e+01 2.244616e+01 -2.170000e+01
    endloop
  endfacet
  facet normal 0.000000e+00 0.000000e+00 1.000000e+00
    outer loop
      vertex   -3.443620e+01 2.244616e+01 -2.170000e+01
      vertex   -3.490957e+01 2.196985e+01 -2.170000e+01
      vertex   -3.000000e+01 2.157945e+01 -2.170000e+01
    endloop
  endfacet
  facet normal 0.000000e+00 0.000000e+00 1.000000e+00
    outer loop
      vertex   -3.000000e+01 2.157945e+01 -2.170000e+01
      vertex   -3.490957e+01 2.196985e+01 -2.170000e+01
      vertex   -3.545596e+01 2.157945e+01 -2.170000e+01
    endloop
  endfacet
  facet normal 0.000000e+00 1.000000e+00 0.000000e+00
    outer loop
      vertex   -3.000000e+01 -2.900000e+00 -7.700000e+00
      vertex   -3.000000e+01 -2.900000e+00 -1.050000e+01
      vertex   -4.200000e+01 -2.900000e+00 -7.700000e+00
    endloop
  endfacet
  facet normal 0.000000e+00 1.000000e+00 0.000000e+00
    outer loop
      vertex   -4.200000e+01 -2.900000e+00 -7.700000e+00
      vertex   -3.000000e+01 -2.900000e+00 -1.050000e+01
      vertex   -4.200000e+01 -2.900000e+00 -1.050000e+01
    endloop
  endfacet
  facet normal -0.000000e+00 0.000000e+00 -1.000000e+00
    outer loop
      vertex   -3.885230e+01 -3.623467e-01 -7.700000e+00
      vertex   -4.200000e+01 -2.900000e+00 -7.700000e+00
      vertex   -3.890000e+01 4.976497e-16 -7.700000e+00
    endloop
  endfacet
  facet normal -0.000000e+00 0.000000e+00 -1.000000e+00
    outer loop
      vertex   -3.890000e+01 4.976497e-16 -7.700000e+00
      vertex   -4.200000e+01 -2.900000e+00 -7.700000e+00
      vertex   -4.200000e+01 2.900000e+00 -7.700000e+00
    endloop
  endfacet
  facet normal 0.000000e+00 0.000000e+00 -1.000000e+00
    outer loop
      vertex   -3.890000e+01 4.976497e-16 -7.700000e+00
      vertex   -4.200000e+01 2.900000e+00 -7.700000e+00
      vertex   -3.885230e+01 3.623467e-01 -7.700000e+00
    endloop
  endfacet
  facet normal 0.000000e+00 0.000000e+00 -1.000000e+00
    outer loop
      vertex   -3.885230e+01 3.623467e-01 -7.700000e+00
      vertex   -4.200000e+01 2.900000e+00 -7.700000e+00
      vertex   -3.871244e+01 7.000000e-01 -7.700000e+00
    endloop
  endfacet
  facet normal 0.000000e+00 0.000000e+00 -1.000000e+00
    outer loop
      vertex   -3.871244e+01 7.000000e-01 -7.700000e+00
      vertex   -4.200000e+01 2.900000e+00 -7.700000e+00
      vertex   -3.848995e+01 9.899495e-01 -7.700000e+00
    endloop
  endfacet
  facet normal 0.000000e+00 0.000000e+00 -1.000000e+00
    outer loop
      vertex   -3.848995e+01 9.899495e-01 -7.700000e+00
      vertex   -4.200000e+01 2.900000e+00 -7.700000e+00
      vertex   -3.820000e+01 1.212436e+00 -7.700000e+00
    endloop
  endfacet
  facet normal 0.000000e+00 0.000000e+00 -1.000000e+00
    outer loop
      vertex   -3.820000e+01 1.212436e+00 -7.700000e+00
      vertex   -4.200000e+01 2.900000e+00 -7.700000e+00
      vertex   -3.786235e+01 1.352296e+00 -7.700000e+00
    endloop
  endfacet
  facet normal 0.000000e+00 0.000000e+00 -1.000000e+00
    outer loop
      vertex   -3.786235e+01 1.352296e+00 -7.700000e+00
      vertex   -4.200000e+01 2.900000e+00 -7.700000e+00
      vertex   -3.750000e+01 1.400000e+00 -7.700000e+00
    endloop
  endfacet
  facet normal 0.000000e+00 0.000000e+00 -1.000000e+00
    outer loop
      vertex   -3.750000e+01 1.400000e+00 -7.700000e+00
      vertex   -4.200000e+01 2.900000e+00 -7.700000e+00
      vertex   -3.000000e+01 2.900000e+00 -7.700000e+00
    endloop
  endfacet
  facet normal 0.000000e+00 0.000000e+00 -1.000000e+00
    outer loop
      vertex   -3.750000e+01 1.400000e+00 -7.700000e+00
      vertex   -3.000000e+01 2.900000e+00 -7.700000e+00
      vertex   -3.713765e+01 1.352296e+00 -7.700000e+00
    endloop
  endfacet
  facet normal 0.000000e+00 0.000000e+00 -1.000000e+00
    outer loop
      vertex   -3.713765e+01 1.352296e+00 -7.700000e+00
      vertex   -3.000000e+01 2.900000e+00 -7.700000e+00
      vertex   -3.680000e+01 1.212436e+00 -7.700000e+00
    endloop
  endfacet
  facet normal 0.000000e+00 0.000000e+00 -1.000000e+00
    outer loop
      vertex   -3.680000e+01 1.212436e+00 -7.700000e+00
      vertex   -3.000000e+01 2.900000e+00 -7.700000e+00
      vertex   -3.651005e+01 9.899495e-01 -7.700000e+00
    endloop
  endfacet
  facet normal 0.000000e+00 0.000000e+00 -1.000000e+00
    outer loop
      vertex   -3.651005e+01 9.899495e-01 -7.700000e+00
      vertex   -3.000000e+01 2.900000e+00 -7.700000e+00
      vertex   -3.628756e+01 7.000000e-01 -7.700000e+00
    endloop
  endfacet
  facet normal 0.000000e+00 0.000000e+00 -1.000000e+00
    outer loop
      vertex   -3.628756e+01 7.000000e-01 -7.700000e+00
      vertex   -3.000000e+01 2.900000e+00 -7.700000e+00
      vertex   -3.614770e+01 3.623467e-01 -7.700000e+00
    endloop
  endfacet
  facet normal 0.000000e+00 0.000000e+00 -1.000000e+00
    outer loop
      vertex   -3.614770e+01 3.623467e-01 -7.700000e+00
      vertex   -3.000000e+01 2.900000e+00 -7.700000e+00
      vertex   -3.610000e+01 6.691002e-16 -7.700000e+00
    endloop
  endfacet
  facet normal 0.000000e+00 0.000000e+00 -1.000000e+00
    outer loop
      vertex   -3.610000e+01 6.691002e-16 -7.700000e+00
      vertex   -3.000000e+01 2.900000e+00 -7.700000e+00
      vertex   -3.000000e+01 -2.900000e+00 -7.700000e+00
    endloop
  endfacet
  facet normal 0.000000e+00 -0.000000e+00 -1.000000e+00
    outer loop
      vertex   -3.610000e+01 6.691002e-16 -7.700000e+00
      vertex   -3.000000e+01 -2.900000e+00 -7.700000e+00
      vertex   -3.614770e+01 -3.623467e-01 -7.700000e+00
    endloop
  endfacet
  facet normal 0.000000e+00 -0.000000e+00 -1.000000e+00
    outer loop
      vertex   -3.614770e+01 -3.623467e-01 -7.700000e+00
      vertex   -3.000000e+01 -2.900000e+00 -7.700000e+00
      vertex   -3.628756e+01 -7.000000e-01 -7.700000e+00
    endloop
  endfacet
  facet normal 0.000000e+00 -0.000000e+00 -1.000000e+00
    outer loop
      vertex   -3.628756e+01 -7.000000e-01 -7.700000e+00
      vertex   -3.000000e+01 -2.900000e+00 -7.700000e+00
      vertex   -3.651005e+01 -9.899495e-01 -7.700000e+00
    endloop
  endfacet
  facet normal 0.000000e+00 -0.000000e+00 -1.000000e+00
    outer loop
      vertex   -3.651005e+01 -9.899495e-01 -7.700000e+00
      vertex   -3.000000e+01 -2.900000e+00 -7.700000e+00
      vertex   -3.680000e+01 -1.212436e+00 -7.700000e+00
    endloop
  endfacet
  facet normal 0.000000e+00 -0.000000e+00 -1.000000e+00
    outer loop
      vertex   -3.680000e+01 -1.212436e+00 -7.700000e+00
      vertex   -3.000000e+01 -2.900000e+00 -7.700000e+00
      vertex   -3.713765e+01 -1.352296e+00 -7.700000e+00
    endloop
  endfacet
  facet normal 0.000000e+00 -0.000000e+00 -1.000000e+00
    outer loop
      vertex   -3.713765e+01 -1.352296e+00 -7.700000e+00
      vertex   -3.000000e+01 -2.900000e+00 -7.700000e+00
      vertex   -3.750000e+01 -1.400000e+00 -7.700000e+00
    endloop
  endfacet
  facet normal 0.000000e+00 -0.000000e+00 -1.000000e+00
    outer loop
      vertex   -3.750000e+01 -1.400000e+00 -7.700000e+00
      vertex   -3.000000e+01 -2.900000e+00 -7.700000e+00
      vertex   -4.200000e+01 -2.900000e+00 -7.700000e+00
    endloop
  endfacet
  facet normal -0.000000e+00 0.000000e+00 -1.000000e+00
    outer loop
      vertex   -3.750000e+01 -1.400000e+00 -7.700000e+00
      vertex   -4.200000e+01 -2.900000e+00 -7.700000e+00
      vertex   -3.786235e+01 -1.352296e+00 -7.700000e+00
    endloop
  endfacet
  facet normal -0.000000e+00 0.000000e+00 -1.000000e+00
    outer loop
      vertex   -3.786235e+01 -1.352296e+00 -7.700000e+00
      vertex   -4.200000e+01 -2.900000e+00 -7.700000e+00
      vertex   -3.820000e+01 -1.212436e+00 -7.700000e+00
    endloop
  endfacet
  facet normal -0.000000e+00 0.000000e+00 -1.000000e+00
    outer loop
      vertex   -3.820000e+01 -1.212436e+00 -7.700000e+00
      vertex   -4.200000e+01 -2.900000e+00 -7.700000e+00
      vertex   -3.848995e+01 -9.899495e-01 -7.700000e+00
    endloop
  endfacet
  facet normal -0.000000e+00 0.000000e+00 -1.000000e+00
    outer loop
      vertex   -3.848995e+01 -9.899495e-01 -7.700000e+00
      vertex   -4.200000e+01 -2.900000e+00 -7.700000e+00
      vertex   -3.871244e+01 -7.000000e-01 -7.700000e+00
    endloop
  endfacet
  facet normal -0.000000e+00 0.000000e+00 -1.000000e+00
    outer loop
      vertex   -3.871244e+01 -7.000000e-01 -7.700000e+00
      vertex   -4.200000e+01 -2.900000e+00 -7.700000e+00
      vertex   -3.885230e+01 -3.623467e-01 -7.700000e+00
    endloop
  endfacet
  facet normal 0.000000e+00 -1.000000e+00 9.516197e-16
    outer loop
      vertex   -3.000000e+01 2.900000e+00 -1.050000e+01
      vertex   -3.000000e+01 2.900000e+00 -7.700000e+00
      vertex   -4.200000e+01 2.900000e+00 -1.050000e+01
    endloop
  endfacet
  facet normal -7.401487e-17 -1.000000e+00 1.268826e-15
    outer loop
      vertex   -4.200000e+01 2.900000e+00 -1.050000e+01
      vertex   -3.000000e+01 2.900000e+00 -7.700000e+00
      vertex   -4.200000e+01 2.900000e+00 -7.700000e+00
    endloop
  endfacet
  facet normal 0.000000e+00 0.000000e+00 1.000000e+00
    outer loop
      vertex   -3.885230e+01 3.623467e-01 -1.050000e+01
      vertex   -4.200000e+01 2.900000e+00 -1.050000e+01
      vertex   -3.890000e+01 1.097192e-15 -1.050000e+01
    endloop
  endfacet
  facet normal 0.000000e+00 0.000000e+00 1.000000e+00
    outer loop
      vertex   -3.890000e+01 1.097192e-15 -1.050000e+01
      vertex   -4.200000e+01 2.900000e+00 -1.050000e+01
      vertex   -4.200000e+01 -2.900000e+00 -1.050000e+01
    endloop
  endfacet
  facet normal 0.000000e+00 0.000000e+00 1.000000e+00
    outer loop
      vertex   -3.890000e+01 1.097192e-15 -1.050000e+01
      vertex   -4.200000e+01 -2.900000e+00 -1.050000e+01
      vertex   -3.885230e+01 -3.623467e-01 -1.050000e+01
    endloop
  endfacet
  facet normal 0.000000e+00 0.000000e+00 1.000000e+00
    outer loop
      vertex   -3.885230e+01 -3.623467e-01 -1.050000e+01
      vertex   -4.200000e+01 -2.900000e+00 -1.050000e+01
      vertex   -3.871244e+01 -7.000000e-01 -1.050000e+01
    endloop
  endfacet
  facet normal 0.000000e+00 0.000000e+00 1.000000e+00
    outer loop
      vertex   -3.871244e+01 -7.000000e-01 -1.050000e+01
      vertex   -4.200000e+01 -2.900000e+00 -1.050000e+01
      vertex   -3.848995e+01 -9.899495e-01 -1.050000e+01
    endloop
  endfacet
  facet normal 0.000000e+00 0.000000e+00 1.000000e+00
    outer loop
      vertex   -3.848995e+01 -9.899495e-01 -1.050000e+01
      vertex   -4.200000e+01 -2.900000e+00 -1.050000e+01
      vertex   -3.820000e+01 -1.212436e+00 -1.050000e+01
    endloop
  endfacet
  facet normal 0.000000e+00 0.000000e+00 1.000000e+00
    outer loop
      vertex   -3.820000e+01 -1.212436e+00 -1.050000e+01
      vertex   -4.200000e+01 -2.900000e+00 -1.050000e+01
      vertex   -3.786235e+01 -1.352296e+00 -1.050000e+01
    endloop
  endfacet
  facet normal 0.000000e+00 0.000000e+00 1.000000e+00
    outer loop
      vertex   -3.786235e+01 -1.352296e+00 -1.050000e+01
      vertex   -4.200000e+01 -2.900000e+00 -1.050000e+01
      vertex   -3.750000e+01 -1.400000e+00 -1.050000e+01
    endloop
  endfacet
  facet normal 0.000000e+00 0.000000e+00 1.000000e+00
    outer loop
      vertex   -3.750000e+01 -1.400000e+00 -1.050000e+01
      vertex   -4.200000e+01 -2.900000e+00 -1.050000e+01
      vertex   -3.000000e+01 -2.900000e+00 -1.050000e+01
    endloop
  endfacet
  facet normal -0.000000e+00 0.000000e+00 1.000000e+00
    outer loop
      vertex   -3.750000e+01 -1.400000e+00 -1.050000e+01
      vertex   -3.000000e+01 -2.900000e+00 -1.050000e+01
      vertex   -3.713765e+01 -1.352296e+00 -1.050000e+01
    endloop
  endfacet
  facet normal -0.000000e+00 0.000000e+00 1.000000e+00
    outer loop
      vertex   -3.713765e+01 -1.352296e+00 -1.050000e+01
      vertex   -3.000000e+01 -2.900000e+00 -1.050000e+01
      vertex   -3.680000e+01 -1.212436e+00 -1.050000e+01
    endloop
  endfacet
  facet normal -0.000000e+00 0.000000e+00 1.000000e+00
    outer loop
      vertex   -3.680000e+01 -1.212436e+00 -1.050000e+01
      vertex   -3.000000e+01 -2.900000e+00 -1.050000e+01
      vertex   -3.651005e+01 -9.899495e-01 -1.050000e+01
    endloop
  endfacet
  facet normal -0.000000e+00 0.000000e+00 1.000000e+00
    outer loop
      vertex   -3.651005e+01 -9.899495e-01 -1.050000e+01
      vertex   -3.000000e+01 -2.900000e+00 -1.050000e+01
      vertex   -3.628756e+01 -7.000000e-01 -1.050000e+01
    endloop
  endfacet
  facet normal -0.000000e+00 0.000000e+00 1.000000e+00
    outer loop
      vertex   -3.628756e+01 -7.000000e-01 -1.050000e+01
      vertex   -3.000000e+01 -2.900000e+00 -1.050000e+01
      vertex   -3.614770e+01 -3.623467e-01 -1.050000e+01
    endloop
  endfacet
  facet normal -0.000000e+00 0.000000e+00 1.000000e+00
    outer loop
      vertex   -3.614770e+01 -3.623467e-01 -1.050000e+01
      vertex   -3.000000e+01 -2.900000e+00 -1.050000e+01
      vertex   -3.610000e+01 9.257414e-16 -1.050000e+01
    endloop
  endfacet
  facet normal -0.000000e+00 0.000000e+00 1.000000e+00
    outer loop
      vertex   -3.610000e+01 9.257414e-16 -1.050000e+01
      vertex   -3.000000e+01 -2.900000e+00 -1.050000e+01
      vertex   -3.000000e+01 2.900000e+00 -1.050000e+01
    endloop
  endfacet
  facet normal 0.000000e+00 -0.000000e+00 1.000000e+00
    outer loop
      vertex   -3.610000e+01 9.257414e-16 -1.050000e+01
      vertex   -3.000000e+01 2.900000e+00 -1.050000e+01
      vertex   -3.614770e+01 3.623467e-01 -1.050000e+01
    endloop
  endfacet
  facet normal 0.000000e+00 -0.000000e+00 1.000000e+00
    outer loop
      vertex   -3.614770e+01 3.623467e-01 -1.050000e+01
      vertex   -3.000000e+01 2.900000e+00 -1.050000e+01
      vertex   -3.628756e+01 7.000000e-01 -1.050000e+01
    endloop
  endfacet
  facet normal 0.000000e+00 -0.000000e+00 1.000000e+00
    outer loop
      vertex   -3.628756e+01 7.000000e-01 -1.050000e+01
      vertex   -3.000000e+01 2.900000e+00 -1.050000e+01
      vertex   -3.651005e+01 9.899495e-01 -1.050000e+01
    endloop
  endfacet
  facet normal 0.000000e+00 -0.000000e+00 1.000000e+00
    outer loop
      vertex   -3.651005e+01 9.899495e-01 -1.050000e+01
      vertex   -3.000000e+01 2.900000e+00 -1.050000e+01
      vertex   -3.680000e+01 1.212436e+00 -1.050000e+01
    endloop
  endfacet
  facet normal 0.000000e+00 -0.000000e+00 1.000000e+00
    outer loop
      vertex   -3.680000e+01 1.212436e+00 -1.050000e+01
      vertex   -3.000000e+01 2.900000e+00 -1.050000e+01
      vertex   -3.713765e+01 1.352296e+00 -1.050000e+01
    endloop
  endfacet
  facet normal 0.000000e+00 -0.000000e+00 1.000000e+00
    outer loop
      vertex   -3.713765e+01 1.352296e+00 -1.050000e+01
      vertex   -3.000000e+01 2.900000e+00 -1.050000e+01
      vertex   -3.750000e+01 1.400000e+00 -1.050000e+01
    endloop
  endfacet
  facet normal 0.000000e+00 -0.000000e+00 1.000000e+00
    outer loop
      vertex   -3.750000e+01 1.400000e+00 -1.050000e+01
      vertex   -3.000000e+01 2.900000e+00 -1.050000e+01
      vertex   -4.200000e+01 2.900000e+00 -1.050000e+01
    endloop
  endfacet
  facet normal 0.000000e+00 0.000000e+00 1.000000e+00
    outer loop
      vertex   -3.750000e+01 1.400000e+00 -1.050000e+01
      vertex   -4.200000e+01 2.900000e+00 -1.050000e+01
      vertex   -3.786235e+01 1.352296e+00 -1.050000e+01
    endloop
  endfacet
  facet normal 0.000000e+00 0.000000e+00 1.000000e+00
    outer loop
      vertex   -3.786235e+01 1.352296e+00 -1.050000e+01
      vertex   -4.200000e+01 2.900000e+00 -1.050000e+01
      vertex   -3.820000e+01 1.212436e+00 -1.050000e+01
    endloop
  endfacet
  facet normal 0.000000e+00 0.000000e+00 1.000000e+00
    outer loop
      vertex   -3.820000e+01 1.212436e+00 -1.050000e+01
      vertex   -4.200000e+01 2.900000e+00 -1.050000e+01
      vertex   -3.848995e+01 9.899495e-01 -1.050000e+01
    endloop
  endfacet
  facet normal 0.000000e+00 0.000000e+00 1.000000e+00
    outer loop
      vertex   -3.848995e+01 9.899495e-01 -1.050000e+01
      vertex   -4.200000e+01 2.900000e+00 -1.050000e+01
      vertex   -3.871244e+01 7.000000e-01 -1.050000e+01
    endloop
  endfacet
  facet normal 0.000000e+00 0.000000e+00 1.000000e+00
    outer loop
      vertex   -3.871244e+01 7.000000e-01 -1.050000e+01
      vertex   -4.200000e+01 2.900000e+00 -1.050000e+01
      vertex   -3.885230e+01 3.623467e-01 -1.050000e+01
    endloop
  endfacet
  facet normal 1.000000e+00 0.000000e+00 -0.000000e+00
    outer loop
      vertex   -4.200000e+01 2.900000e+00 -1.050000e+01
      vertex   -4.200000e+01 2.900000e+00 -7.700000e+00
      vertex   -4.200000e+01 -2.900000e+00 -1.050000e+01
    endloop
  endfacet
  facet normal 1.000000e+00 0.000000e+00 0.000000e+00
    outer loop
      vertex   -4.200000e+01 -2.900000e+00 -1.050000e+01
      vertex   -4.200000e+01 2.900000e+00 -7.700000e+00
      vertex   -4.200000e+01 -2.900000e+00 -7.700000e+00
    endloop
  endfacet
  facet normal 9.914449e-01 -1.305262e-01 -1.789052e-18
    outer loop
      vertex   -3.885230e+01 3.623467e-01 -2.670000e+01
      vertex   -3.885230e+01 3.623467e-01 -1.860000e+01
      vertex   -3.890000e+01 2.582044e-15 -2.670000e+01
    endloop
  endfacet
  facet normal 9.914449e-01 -1.305262e-01 -1.748934e-17
    outer loop
      vertex   -3.890000e+01 2.582044e-15 -2.670000e+01
      vertex   -3.885230e+01 3.623467e-01 -1.860000e+01
      vertex   -3.890000e+01 1.496717e-15 -1.860000e+01
    endloop
  endfacet
  facet normal 9.914449e-01 1.305262e-01 1.748934e-17
    outer loop
      vertex   -3.890000e+01 2.582044e-15 -2.670000e+01
      vertex   -3.890000e+01 1.496717e-15 -1.860000e+01
      vertex   -3.885230e+01 -3.623467e-01 -2.670000e+01
    endloop
  endfacet
  facet normal 9.914449e-01 1.305262e-01 1.252336e-17
    outer loop
      vertex   -3.885230e+01 -3.623467e-01 -2.670000e+01
      vertex   -3.890000e+01 1.496717e-15 -1.860000e+01
      vertex   -3.885230e+01 -3.623467e-01 -1.860000e+01
    endloop
  endfacet
  facet normal 9.238795e-01 3.826834e-01 3.671664e-17
    outer loop
      vertex   -3.885230e+01 -3.623467e-01 -2.670000e+01
      vertex   -3.885230e+01 -3.623467e-01 -1.860000e+01
      vertex   -3.871244e+01 -7.000000e-01 -2.670000e+01
    endloop
  endfacet
  facet normal 9.238795e-01 3.826834e-01 1.049047e-17
    outer loop
      vertex   -3.871244e+01 -7.000000e-01 -2.670000e+01
      vertex   -3.885230e+01 -3.623467e-01 -1.860000e+01
      vertex   -3.871244e+01 -7.000000e-01 -1.860000e+01
    endloop
  endfacet
  facet normal 7.933533e-01 6.087614e-01 1.668792e-17
    outer loop
      vertex   -3.871244e+01 -7.000000e-01 -2.670000e+01
      vertex   -3.871244e+01 -7.000000e-01 -1.860000e+01
      vertex   -3.848995e+01 -9.899495e-01 -2.670000e+01
    endloop
  endfacet
  facet normal 7.933533e-01 6.087614e-01 8.343962e-17
    outer loop
      vertex   -3.848995e+01 -9.899495e-01 -2.670000e+01
      vertex   -3.871244e+01 -7.000000e-01 -1.860000e+01
      vertex   -3.848995e+01 -9.899495e-01 -1.860000e+01
    endloop
  endfacet
  facet normal 6.087614e-01 7.933533e-01 1.087406e-16
    outer loop
      vertex   -3.848995e+01 -9.899495e-01 -2.670000e+01
      vertex   -3.848995e+01 -9.899495e-01 -1.860000e+01
      vertex   -3.820000e+01 -1.212436e+00 -2.670000e+01
    endloop
  endfacet
  facet normal 6.087614e-01 7.933533e-01 1.087406e-16
    outer loop
      vertex   -3.820000e+01 -1.212436e+00 -2.670000e+01
      vertex   -3.848995e+01 -9.899495e-01 -1.860000e+01
      vertex   -3.820000e+01 -1.212436e+00 -1.860000e+01
    endloop
  endfacet
  facet normal 3.826834e-01 9.238795e-01 1.266312e-16
    outer loop
      vertex   -3.820000e+01 -1.212436e+00 -2.670000e+01
      vertex   -3.820000e+01 -1.212436e+00 -1.860000e+01
      vertex   -3.786235e+01 -1.352296e+00 -2.670000e+01
    endloop
  endfacet
  facet normal 3.826834e-01 9.238795e-01 1.013049e-16
    outer loop
      vertex   -3.786235e+01 -1.352296e+00 -2.670000e+01
      vertex   -3.820000e+01 -1.212436e+00 -1.860000e+01
      vertex   -3.786235e+01 -1.352296e+00 -1.860000e+01
    endloop
  endfacet
  facet normal 1.305262e-01 9.914449e-01 1.087136e-16
    outer loop
      vertex   -3.786235e+01 -1.352296e+00 -2.670000e+01
      vertex   -3.786235e+01 -1.352296e+00 -1.860000e+01
      vertex   -3.750000e+01 -1.400000e+00 -2.670000e+01
    endloop
  endfacet
  facet normal 1.305262e-01 9.914449e-01 8.153518e-17
    outer loop
      vertex   -3.750000e+01 -1.400000e+00 -2.670000e+01
      vertex   -3.786235e+01 -1.352296e+00 -1.860000e+01
      vertex   -3.750000e+01 -1.400000e+00 -1.860000e+01
    endloop
  endfacet
  facet normal -1.305262e-01 9.914449e-01 8.153518e-17
    outer loop
      vertex   -3.750000e+01 -1.400000e+00 -2.670000e+01
      vertex   -3.750000e+01 -1.400000e+00 -1.860000e+01
      vertex   -3.713765e+01 -1.352296e+00 -2.670000e+01
    endloop
  endfacet
  facet normal -1.305262e-01 9.914449e-01 1.358920e-16
    outer loop
      vertex   -3.713765e+01 -1.352296e+00 -2.670000e+01
      vertex   -3.750000e+01 -1.400000e+00 -1.860000e+01
      vertex   -3.713765e+01 -1.352296e+00 -1.860000e+01
    endloop
  endfacet
  facet normal -3.826834e-01 9.238795e-01 1.266312e-16
    outer loop
      vertex   -3.713765e+01 -1.352296e+00 -2.670000e+01
      vertex   -3.713765e+01 -1.352296e+00 -1.860000e+01
      vertex   -3.680000e+01 -1.212436e+00 -2.670000e+01
    endloop
  endfacet
  facet normal -3.826834e-01 9.238795e-01 -2.532623e-17
    outer loop
      vertex   -3.680000e+01 -1.212436e+00 -2.670000e+01
      vertex   -3.713765e+01 -1.352296e+00 -1.860000e+01
      vertex   -3.680000e+01 -1.212436e+00 -1.860000e+01
    endloop
  endfacet
  facet normal -6.087614e-01 7.933533e-01 -2.174813e-17
    outer loop
      vertex   -3.680000e+01 -1.212436e+00 -2.670000e+01
      vertex   -3.680000e+01 -1.212436e+00 -1.860000e+01
      vertex   -3.651005e+01 -9.899495e-01 -2.670000e+01
    endloop
  endfacet
  facet normal -6.087614e-01 7.933533e-01 1.196147e-16
    outer loop
      vertex   -3.651005e+01 -9.899495e-01 -2.670000e+01
      vertex   -3.680000e+01 -1.212436e+00 -1.860000e+01
      vertex   -3.651005e+01 -9.899495e-01 -1.860000e+01
    endloop
  endfacet
  facet normal -7.933533e-01 6.087614e-01 9.178359e-17
    outer loop
      vertex   -3.651005e+01 -9.899495e-01 -2.670000e+01
      vertex   -3.651005e+01 -9.899495e-01 -1.860000e+01
      vertex   -3.628756e+01 -7.000000e-01 -2.670000e+01
    endloop
  endfacet
  facet normal -7.933533e-01 6.087614e-01 5.006377e-17
    outer loop
      vertex   -3.628756e+01 -7.000000e-01 -2.670000e+01
      vertex   -3.651005e+01 -9.899495e-01 -1.860000e+01
      vertex   -3.628756e+01 -7.000000e-01 -1.860000e+01
    endloop
  endfacet
  facet normal -9.238795e-01 3.826834e-01 3.147140e-17
    outer loop
      vertex   -3.628756e+01 -7.000000e-01 -2.670000e+01
      vertex   -3.628756e+01 -7.000000e-01 -1.860000e+01
      vertex   -3.614770e+01 -3.623467e-01 -2.670000e+01
    endloop
  endfacet
  facet normal -9.238795e-01 3.826834e-01 5.245234e-17
    outer loop
      vertex   -3.614770e+01 -3.623467e-01 -2.670000e+01
      vertex   -3.628756e+01 -7.000000e-01 -1.860000e+01
      vertex   -3.614770e+01 -3.623467e-01 -1.860000e+01
    endloop
  endfacet
  facet normal -9.914449e-01 1.305262e-01 1.789052e-17
    outer loop
      vertex   -3.614770e+01 -3.623467e-01 -2.670000e+01
      vertex   -3.614770e+01 -3.623467e-01 -1.860000e+01
      vertex   -3.610000e+01 2.410594e-15 -2.670000e+01
    endloop
  endfacet
  facet normal -9.914449e-01 1.305262e-01 1.196371e-17
    outer loop
      vertex   -3.610000e+01 2.410594e-15 -2.670000e+01
      vertex   -3.614770e+01 -3.623467e-01 -1.860000e+01
      vertex   -3.610000e+01 1.668168e-15 -1.860000e+01
    endloop
  endfacet
  facet normal -9.914449e-01 -1.305262e-01 -1.196371e-17
    outer loop
      vertex   -3.610000e+01 2.410594e-15 -2.670000e+01
      vertex   -3.610000e+01 1.668168e-15 -1.860000e+01
      vertex   -3.614770e+01 3.623467e-01 -2.670000e+01
    endloop
  endfacet
  facet normal -9.914449e-01 -1.305262e-01 -4.472629e-18
    outer loop
      vertex   -3.614770e+01 3.623467e-01 -2.670000e+01
      vertex   -3.610000e+01 1.668168e-15 -1.860000e+01
      vertex   -3.614770e+01 3.623467e-01 -1.860000e+01
    endloop
  endfacet
  facet normal -9.238795e-01 -3.826834e-01 -1.311309e-17
    outer loop
      vertex   -3.614770e+01 3.623467e-01 -2.670000e+01
      vertex   -3.614770e+01 3.623467e-01 -1.860000e+01
      vertex   -3.628756e+01 7.000000e-01 -2.670000e+01
    endloop
  endfacet
  facet normal -9.238795e-01 -3.826834e-01 -4.720711e-17
    outer loop
      vertex   -3.628756e+01 7.000000e-01 -2.670000e+01
      vertex   -3.614770e+01 3.623467e-01 -1.860000e+01
      vertex   -3.628756e+01 7.000000e-01 -1.860000e+01
    endloop
  endfacet
  facet normal -7.933533e-01 -6.087614e-01 -7.509566e-17
    outer loop
      vertex   -3.628756e+01 7.000000e-01 -2.670000e+01
      vertex   -3.628756e+01 7.000000e-01 -1.860000e+01
      vertex   -3.651005e+01 9.899495e-01 -2.670000e+01
    endloop
  endfacet
  facet normal -7.933533e-01 -6.087614e-01 -1.668792e-17
    outer loop
      vertex   -3.651005e+01 9.899495e-01 -2.670000e+01
      vertex   -3.628756e+01 7.000000e-01 -1.860000e+01
      vertex   -3.651005e+01 9.899495e-01 -1.860000e+01
    endloop
  endfacet
  facet normal -6.087614e-01 -7.933533e-01 -2.174813e-17
    outer loop
      vertex   -3.651005e+01 9.899495e-01 -2.670000e+01
      vertex   -3.651005e+01 9.899495e-01 -1.860000e+01
      vertex   -3.680000e+01 1.212436e+00 -2.670000e+01
    endloop
  endfacet
  facet normal -6.087614e-01 -7.933533e-01 4.349625e-17
    outer loop
      vertex   -3.680000e+01 1.212436e+00 -2.670000e+01
      vertex   -3.651005e+01 9.899495e-01 -1.860000e+01
      vertex   -3.680000e+01 1.212436e+00 -1.860000e+01
    endloop
  endfacet
  facet normal -3.826834e-01 -9.238795e-01 5.065246e-17
    outer loop
      vertex   -3.680000e+01 1.212436e+00 -2.670000e+01
      vertex   -3.680000e+01 1.212436e+00 -1.860000e+01
      vertex   -3.713765e+01 1.352296e+00 -2.670000e+01
    endloop
  endfacet
  facet normal -3.826834e-01 -9.238795e-01 -1.013049e-16
    outer loop
      vertex   -3.713765e+01 1.352296e+00 -2.670000e+01
      vertex   -3.680000e+01 1.212436e+00 -1.860000e+01
      vertex   -3.713765e+01 1.352296e+00 -1.860000e+01
    endloop
  endfacet
  facet normal -1.305262e-01 -9.914449e-01 -1.087136e-16
    outer loop
      vertex   -3.713765e+01 1.352296e+00 -2.670000e+01
      vertex   -3.713765e+01 1.352296e+00 -1.860000e+01
      vertex   -3.750000e+01 1.400000e+00 -2.670000e+01
    endloop
  endfacet
  facet normal -1.305262e-01 -9.914449e-01 -8.153518e-17
    outer loop
      vertex   -3.750000e+01 1.400000e+00 -2.670000e+01
      vertex   -3.713765e+01 1.352296e+00 -1.860000e+01
      vertex   -3.750000e+01 1.400000e+00 -1.860000e+01
    endloop
  endfacet
  facet normal 1.305262e-01 -9.914449e-01 -8.153518e-17
    outer loop
      vertex   -3.750000e+01 1.400000e+00 -2.670000e+01
      vertex   -3.750000e+01 1.400000e+00 -1.860000e+01
      vertex   -3.786235e+01 1.352296e+00 -2.670000e+01
    endloop
  endfacet
  facet normal 1.305262e-01 -9.914449e-01 -1.087136e-16
    outer loop
      vertex   -3.786235e+01 1.352296e+00 -2.670000e+01
      vertex   -3.750000e+01 1.400000e+00 -1.860000e+01
      vertex   -3.786235e+01 1.352296e+00 -1.860000e+01
    endloop
  endfacet
  facet normal 3.826834e-01 -9.238795e-01 -1.013049e-16
    outer loop
      vertex   -3.786235e+01 1.352296e+00 -2.670000e+01
      vertex   -3.786235e+01 1.352296e+00 -1.860000e+01
      vertex   -3.820000e+01 1.212436e+00 -2.670000e+01
    endloop
  endfacet
  facet normal 3.826834e-01 -9.238795e-01 -2.026098e-16
    outer loop
      vertex   -3.820000e+01 1.212436e+00 -2.670000e+01
      vertex   -3.786235e+01 1.352296e+00 -1.860000e+01
      vertex   -3.820000e+01 1.212436e+00 -1.860000e+01
    endloop
  endfacet
  facet normal 6.087614e-01 -7.933533e-01 -1.739850e-16
    outer loop
      vertex   -3.820000e+01 1.212436e+00 -2.670000e+01
      vertex   -3.820000e+01 1.212436e+00 -1.860000e+01
      vertex   -3.848995e+01 9.899495e-01 -2.670000e+01
    endloop
  endfacet
  facet normal 6.087614e-01 -7.933533e-01 -2.174813e-17
    outer loop
      vertex   -3.848995e+01 9.899495e-01 -2.670000e+01
      vertex   -3.820000e+01 1.212436e+00 -1.860000e+01
      vertex   -3.848995e+01 9.899495e-01 -1.860000e+01
    endloop
  endfacet
  facet normal 7.933533e-01 -6.087614e-01 -1.668792e-17
    outer loop
      vertex   -3.848995e+01 9.899495e-01 -2.670000e+01
      vertex   -3.848995e+01 9.899495e-01 -1.860000e+01
      vertex   -3.871244e+01 7.000000e-01 -2.670000e+01
    endloop
  endfacet
  facet normal 7.933533e-01 -6.087614e-01 -5.006377e-17
    outer loop
      vertex   -3.871244e+01 7.000000e-01 -2.670000e+01
      vertex   -3.848995e+01 9.899495e-01 -1.860000e+01
      vertex   -3.871244e+01 7.000000e-01 -1.860000e+01
    endloop
  endfacet
  facet normal 9.238795e-01 -3.826834e-01 -3.147140e-17
    outer loop
      vertex   -3.871244e+01 7.000000e-01 -2.670000e+01
      vertex   -3.871244e+01 7.000000e-01 -1.860000e+01
      vertex   -3.885230e+01 3.623467e-01 -2.670000e+01
    endloop
  endfacet
  facet normal 9.238795e-01 -3.826834e-01 -5.245234e-18
    outer loop
      vertex   -3.885230e+01 3.623467e-01 -2.670000e+01
      vertex   -3.871244e+01 7.000000e-01 -1.860000e+01
      vertex   -3.885230e+01 3.623467e-01 -1.860000e+01
    endloop
  endfacet
  facet normal 9.914449e-01 1.305262e-01 1.252336e-17
    outer loop
      vertex   -3.885230e+01 -3.623467e-01 -1.050000e+01
      vertex   -3.885230e+01 -3.623467e-01 -1.860000e+01
      vertex   -3.890000e+01 1.097192e-15 -1.050000e+01
    endloop
  endfacet
  facet normal 9.914449e-01 1.305262e-01 6.438086e-18
    outer loop
      vertex   -3.890000e+01 1.097192e-15 -1.050000e+01
      vertex   -3.885230e+01 -3.623467e-01 -1.860000e+01
      vertex   -3.890000e+01 1.496717e-15 -1.860000e+01
    endloop
  endfacet
  facet normal 9.914449e-01 -1.305262e-01 -6.438086e-18
    outer loop
      vertex   -3.890000e+01 1.097192e-15 -1.050000e+01
      vertex   -3.890000e+01 1.496717e-15 -1.860000e+01
      vertex   -3.885230e+01 3.623467e-01 -1.050000e+01
    endloop
  endfacet
  facet normal 9.914449e-01 -1.305262e-01 -2.236315e-17
    outer loop
      vertex   -3.885230e+01 3.623467e-01 -1.050000e+01
      vertex   -3.890000e+01 1.496717e-15 -1.860000e+01
      vertex   -3.885230e+01 3.623467e-01 -1.860000e+01
    endloop
  endfacet
  facet normal 9.238795e-01 -3.826834e-01 -6.556543e-17
    outer loop
      vertex   -3.885230e+01 3.623467e-01 -1.050000e+01
      vertex   -3.885230e+01 3.623467e-01 -1.860000e+01
      vertex   -3.871244e+01 7.000000e-01 -1.050000e+01
    endloop
  endfacet
  facet normal 9.238795e-01 -3.826834e-01 -3.147140e-17
    outer loop
      vertex   -3.871244e+01 7.000000e-01 -1.050000e+01
      vertex   -3.885230e+01 3.623467e-01 -1.860000e+01
      vertex   -3.871244e+01 7.000000e-01 -1.860000e+01
    endloop
  endfacet
  facet normal 7.933533e-01 -6.087614e-01 -5.006377e-17
    outer loop
      vertex   -3.871244e+01 7.000000e-01 -1.050000e+01
      vertex   -3.871244e+01 7.000000e-01 -1.860000e+01
      vertex   -3.848995e+01 9.899495e-01 -1.050000e+01
    endloop
  endfacet
  facet normal 7.933533e-01 -6.087614e-01 -8.343962e-17
    outer loop
      vertex   -3.848995e+01 9.899495e-01 -1.050000e+01
      vertex   -3.871244e+01 7.000000e-01 -1.860000e+01
      vertex   -3.848995e+01 9.899495e-01 -1.860000e+01
    endloop
  endfacet
  facet normal 6.087614e-01 -7.933533e-01 -1.087406e-16
    outer loop
      vertex   -3.848995e+01 9.899495e-01 -1.050000e+01
      vertex   -3.848995e+01 9.899495e-01 -1.860000e+01
      vertex   -3.820000e+01 1.212436e+00 -1.050000e+01
    endloop
  endfacet
  facet normal 6.087614e-01 -7.933533e-01 2.174813e-17
    outer loop
      vertex   -3.820000e+01 1.212436e+00 -1.050000e+01
      vertex   -3.848995e+01 9.899495e-01 -1.860000e+01
      vertex   -3.820000e+01 1.212436e+00 -1.860000e+01
    endloop
  endfacet
  facet normal 3.826834e-01 -9.238795e-01 2.532623e-17
    outer loop
      vertex   -3.820000e+01 1.212436e+00 -1.050000e+01
      vertex   -3.820000e+01 1.212436e+00 -1.860000e+01
      vertex   -3.786235e+01 1.352296e+00 -1.050000e+01
    endloop
  endfacet
  facet normal 3.826834e-01 -9.238795e-01 -1.013049e-16
    outer loop
      vertex   -3.786235e+01 1.352296e+00 -1.050000e+01
      vertex   -3.820000e+01 1.212436e+00 -1.860000e+01
      vertex   -3.786235e+01 1.352296e+00 -1.860000e+01
    endloop
  endfacet
  facet normal 1.305262e-01 -9.914449e-01 -1.087136e-16
    outer loop
      vertex   -3.786235e+01 1.352296e+00 -1.050000e+01
      vertex   -3.786235e+01 1.352296e+00 -1.860000e+01
      vertex   -3.750000e+01 1.400000e+00 -1.050000e+01
    endloop
  endfacet
  facet normal 1.305262e-01 -9.914449e-01 -1.087136e-16
    outer loop
      vertex   -3.750000e+01 1.400000e+00 -1.050000e+01
      vertex   -3.786235e+01 1.352296e+00 -1.860000e+01
      vertex   -3.750000e+01 1.400000e+00 -1.860000e+01
    endloop
  endfacet
  facet normal -1.305262e-01 -9.914449e-01 -1.087136e-16
    outer loop
      vertex   -3.750000e+01 1.400000e+00 -1.050000e+01
      vertex   -3.750000e+01 1.400000e+00 -1.860000e+01
      vertex   -3.713765e+01 1.352296e+00 -1.050000e+01
    endloop
  endfacet
  facet normal -1.305262e-01 -9.914449e-01 -1.087136e-16
    outer loop
      vertex   -3.713765e+01 1.352296e+00 -1.050000e+01
      vertex   -3.750000e+01 1.400000e+00 -1.860000e+01
      vertex   -3.713765e+01 1.352296e+00 -1.860000e+01
    endloop
  endfacet
  facet normal -3.826834e-01 -9.238795e-01 -1.013049e-16
    outer loop
      vertex   -3.713765e+01 1.352296e+00 -1.050000e+01
      vertex   -3.713765e+01 1.352296e+00 -1.860000e+01
      vertex   -3.680000e+01 1.212436e+00 -1.050000e+01
    endloop
  endfacet
  facet normal -3.826834e-01 -9.238795e-01 -2.026098e-16
    outer loop
      vertex   -3.680000e+01 1.212436e+00 -1.050000e+01
      vertex   -3.713765e+01 1.352296e+00 -1.860000e+01
      vertex   -3.680000e+01 1.212436e+00 -1.860000e+01
    endloop
  endfacet
  facet normal -6.087614e-01 -7.933533e-01 -1.739850e-16
    outer loop
      vertex   -3.680000e+01 1.212436e+00 -1.050000e+01
      vertex   -3.680000e+01 1.212436e+00 -1.860000e+01
      vertex   -3.651005e+01 9.899495e-01 -1.050000e+01
    endloop
  endfacet
  facet normal -6.087614e-01 -7.933533e-01 -1.087406e-16
    outer loop
      vertex   -3.651005e+01 9.899495e-01 -1.050000e+01
      vertex   -3.680000e+01 1.212436e+00 -1.860000e+01
      vertex   -3.651005e+01 9.899495e-01 -1.860000e+01
    endloop
  endfacet
  facet normal -7.933533e-01 -6.087614e-01 -8.343962e-17
    outer loop
      vertex   -3.651005e+01 9.899495e-01 -1.050000e+01
      vertex   -3.651005e+01 9.899495e-01 -1.860000e+01
      vertex   -3.628756e+01 7.000000e-01 -1.050000e+01
    endloop
  endfacet
  facet normal -7.933533e-01 -6.087614e-01 -3.337585e-17
    outer loop
      vertex   -3.628756e+01 7.000000e-01 -1.050000e+01
      vertex   -3.651005e+01 9.899495e-01 -1.860000e+01
      vertex   -3.628756e+01 7.000000e-01 -1.860000e+01
    endloop
  endfacet
  facet normal -9.238795e-01 -3.826834e-01 -2.098094e-17
    outer loop
      vertex   -3.628756e+01 7.000000e-01 -1.050000e+01
      vertex   -3.628756e+01 7.000000e-01 -1.860000e+01
      vertex   -3.614770e+01 3.623467e-01 -1.050000e+01
    endloop
  endfacet
  facet normal -9.238795e-01 -3.826834e-01 -6.032019e-17
    outer loop
      vertex   -3.614770e+01 3.623467e-01 -1.050000e+01
      vertex   -3.628756e+01 7.000000e-01 -1.860000e+01
      vertex   -3.614770e+01 3.623467e-01 -1.860000e+01
    endloop
  endfacet
  facet normal -9.914449e-01 -1.305262e-01 -2.057409e-17
    outer loop
      vertex   -3.614770e+01 3.623467e-01 -1.050000e+01
      vertex   -3.614770e+01 3.623467e-01 -1.860000e+01
      vertex   -3.610000e+01 9.257414e-16 -1.050000e+01
    endloop
  endfacet
  facet normal -9.914449e-01 -1.305262e-01 -1.196371e-17
    outer loop
      vertex   -3.610000e+01 9.257414e-16 -1.050000e+01
      vertex   -3.614770e+01 3.623467e-01 -1.860000e+01
      vertex   -3.610000e+01 1.668168e-15 -1.860000e+01
    endloop
  endfacet
  facet normal -9.914449e-01 1.305262e-01 1.196371e-17
    outer loop
      vertex   -3.610000e+01 9.257414e-16 -1.050000e+01
      vertex   -3.610000e+01 1.668168e-15 -1.860000e+01
      vertex   -3.614770e+01 -3.623467e-01 -1.050000e+01
    endloop
  endfacet
  facet normal -9.914449e-01 1.305262e-01 6.261681e-18
    outer loop
      vertex   -3.614770e+01 -3.623467e-01 -1.050000e+01
      vertex   -3.610000e+01 1.668168e-15 -1.860000e+01
      vertex   -3.614770e+01 -3.623467e-01 -1.860000e+01
    endloop
  endfacet
  facet normal -9.238795e-01 3.826834e-01 1.835832e-17
    outer loop
      vertex   -3.614770e+01 -3.623467e-01 -1.050000e+01
      vertex   -3.614770e+01 -3.623467e-01 -1.860000e+01
      vertex   -3.628756e+01 -7.000000e-01 -1.050000e+01
    endloop
  endfacet
  facet normal -9.238795e-01 3.826834e-01 3.671664e-17
    outer loop
      vertex   -3.628756e+01 -7.000000e-01 -1.050000e+01
      vertex   -3.614770e+01 -3.623467e-01 -1.860000e+01
      vertex   -3.628756e+01 -7.000000e-01 -1.860000e+01
    endloop
  endfacet
  facet normal -7.933533e-01 6.087614e-01 5.840774e-17
    outer loop
      vertex   -3.628756e+01 -7.000000e-01 -1.050000e+01
      vertex   -3.628756e+01 -7.000000e-01 -1.860000e+01
      vertex   -3.651005e+01 -9.899495e-01 -1.050000e+01
    endloop
  endfacet
  facet normal -7.933533e-01 6.087614e-01 1.668792e-17
    outer loop
      vertex   -3.651005e+01 -9.899495e-01 -1.050000e+01
      vertex   -3.628756e+01 -7.000000e-01 -1.860000e+01
      vertex   -3.651005e+01 -9.899495e-01 -1.860000e+01
    endloop
  endfacet
  facet normal -6.087614e-01 7.933533e-01 2.174813e-17
    outer loop
      vertex   -3.651005e+01 -9.899495e-01 -1.050000e+01
      vertex   -3.651005e+01 -9.899495e-01 -1.860000e+01
      vertex   -3.680000e+01 -1.212436e+00 -1.050000e+01
    endloop
  endfacet
  facet normal -6.087614e-01 7.933533e-01 1.522369e-16
    outer loop
      vertex   -3.680000e+01 -1.212436e+00 -1.050000e+01
      vertex   -3.651005e+01 -9.899495e-01 -1.860000e+01
      vertex   -3.680000e+01 -1.212436e+00 -1.860000e+01
    endloop
  endfacet
  facet normal -3.826834e-01 9.238795e-01 1.772836e-16
    outer loop
      vertex   -3.680000e+01 -1.212436e+00 -1.050000e+01
      vertex   -3.680000e+01 -1.212436e+00 -1.860000e+01
      vertex   -3.713765e+01 -1.352296e+00 -1.050000e+01
    endloop
  endfacet
  facet normal -3.826834e-01 9.238795e-01 5.065246e-17
    outer loop
      vertex   -3.713765e+01 -1.352296e+00 -1.050000e+01
      vertex   -3.680000e+01 -1.212436e+00 -1.860000e+01
      vertex   -3.713765e+01 -1.352296e+00 -1.860000e+01
    endloop
  endfacet
  facet normal -1.305262e-01 9.914449e-01 5.435679e-17
    outer loop
      vertex   -3.713765e+01 -1.352296e+00 -1.050000e+01
      vertex   -3.713765e+01 -1.352296e+00 -1.860000e+01
      vertex   -3.750000e+01 -1.400000e+00 -1.050000e+01
    endloop
  endfacet
  facet normal -1.305262e-01 9.914449e-01 1.087136e-16
    outer loop
      vertex   -3.750000e+01 -1.400000e+00 -1.050000e+01
      vertex   -3.713765e+01 -1.352296e+00 -1.860000e+01
      vertex   -3.750000e+01 -1.400000e+00 -1.860000e+01
    endloop
  endfacet
  facet normal 1.305262e-01 9.914449e-01 1.087136e-16
    outer loop
      vertex   -3.750000e+01 -1.400000e+00 -1.050000e+01
      vertex   -3.750000e+01 -1.400000e+00 -1.860000e+01
      vertex   -3.786235e+01 -1.352296e+00 -1.050000e+01
    endloop
  endfacet
  facet normal 1.305262e-01 9.914449e-01 1.087136e-16
    outer loop
      vertex   -3.786235e+01 -1.352296e+00 -1.050000e+01
      vertex   -3.750000e+01 -1.400000e+00 -1.860000e+01
      vertex   -3.786235e+01 -1.352296e+00 -1.860000e+01
    endloop
  endfacet
  facet normal 3.826834e-01 9.238795e-01 1.013049e-16
    outer loop
      vertex   -3.786235e+01 -1.352296e+00 -1.050000e+01
      vertex   -3.786235e+01 -1.352296e+00 -1.860000e+01
      vertex   -3.820000e+01 -1.212436e+00 -1.050000e+01
    endloop
  endfacet
  facet normal 3.826834e-01 9.238795e-01 2.532623e-17
    outer loop
      vertex   -3.820000e+01 -1.212436e+00 -1.050000e+01
      vertex   -3.786235e+01 -1.352296e+00 -1.860000e+01
      vertex   -3.820000e+01 -1.212436e+00 -1.860000e+01
    endloop
  endfacet
  facet normal 6.087614e-01 7.933533e-01 2.174813e-17
    outer loop
      vertex   -3.820000e+01 -1.212436e+00 -1.050000e+01
      vertex   -3.820000e+01 -1.212436e+00 -1.860000e+01
      vertex   -3.848995e+01 -9.899495e-01 -1.050000e+01
    endloop
  endfacet
  facet normal 6.087614e-01 7.933533e-01 2.174813e-17
    outer loop
      vertex   -3.848995e+01 -9.899495e-01 -1.050000e+01
      vertex   -3.820000e+01 -1.212436e+00 -1.860000e+01
      vertex   -3.848995e+01 -9.899495e-01 -1.860000e+01
    endloop
  endfacet
  facet normal 7.933533e-01 6.087614e-01 1.668792e-17
    outer loop
      vertex   -3.848995e+01 -9.899495e-01 -1.050000e+01
      vertex   -3.848995e+01 -9.899495e-01 -1.860000e+01
      vertex   -3.871244e+01 -7.000000e-01 -1.050000e+01
    endloop
  endfacet
  facet normal 7.933533e-01 6.087614e-01 9.178359e-17
    outer loop
      vertex   -3.871244e+01 -7.000000e-01 -1.050000e+01
      vertex   -3.848995e+01 -9.899495e-01 -1.860000e+01
      vertex   -3.871244e+01 -7.000000e-01 -1.860000e+01
    endloop
  endfacet
  facet normal 9.238795e-01 3.826834e-01 5.769757e-17
    outer loop
      vertex   -3.871244e+01 -7.000000e-01 -1.050000e+01
      vertex   -3.871244e+01 -7.000000e-01 -1.860000e+01
      vertex   -3.885230e+01 -3.623467e-01 -1.050000e+01
    endloop
  endfacet
  facet normal 9.238795e-01 3.826834e-01 3.671664e-17
    outer loop
      vertex   -3.885230e+01 -3.623467e-01 -1.050000e+01
      vertex   -3.871244e+01 -7.000000e-01 -1.860000e+01
      vertex   -3.885230e+01 -3.623467e-01 -1.860000e+01
    endloop
  endfacet
  facet normal 7.007955e-01 -8.191125e-02 7.086439e-01
    outer loop
      vertex   -3.944609e+01 -5.000437e+01 -2.370000e+01
      vertex   -4.144545e+01 -4.980722e+01 -2.170000e+01
      vertex   -3.950000e+01 -5.046560e+01 -2.370000e+01
    endloop
  endfacet
  facet normal 7.058961e-01 -5.849222e-02 7.058961e-01
    outer loop
      vertex   -3.950000e+01 -5.046560e+01 -2.370000e+01
      vertex   -4.144545e+01 -4.980722e+01 -2.170000e+01
      vertex   -4.150000e+01 -5.046560e+01 -2.170000e+01
    endloop
  endfacet
  facet normal 7.058961e-01 5.849222e-02 7.058961e-01
    outer loop
      vertex   -3.950000e+01 -5.046560e+01 -2.370000e+01
      vertex   -4.150000e+01 -5.046560e+01 -2.170000e+01
      vertex   -4.144545e+01 -5.112398e+01 -2.170000e+01
    endloop
  endfacet
  facet normal 6.877744e-01 -1.741681e-01 7.047211e-01
    outer loop
      vertex   -4.144545e+01 -4.980722e+01 -2.170000e+01
      vertex   -3.944609e+01 -5.000437e+01 -2.370000e+01
      vertex   -4.128327e+01 -4.916680e+01 -2.170000e+01
    endloop
  endfacet
  facet normal 6.623322e-01 -2.410692e-01 7.093671e-01
    outer loop
      vertex   -4.128327e+01 -4.916680e+01 -2.170000e+01
      vertex   -3.944609e+01 -5.000437e+01 -2.370000e+01
      vertex   -3.928727e+01 -4.956800e+01 -2.370000e+01
    endloop
  endfacet
  facet normal 6.493251e-01 -2.848204e-01 7.051626e-01
    outer loop
      vertex   -4.128327e+01 -4.916680e+01 -2.170000e+01
      vertex   -3.928727e+01 -4.956800e+01 -2.370000e+01
      vertex   -4.101790e+01 -4.856181e+01 -2.170000e+01
    endloop
  endfacet
  facet normal 5.920905e-01 -3.868320e-01 7.069582e-01
    outer loop
      vertex   -4.101790e+01 -4.856181e+01 -2.170000e+01
      vertex   -3.928727e+01 -4.956800e+01 -2.370000e+01
      vertex   -4.065656e+01 -4.800875e+01 -2.170000e+01
    endloop
  endfacet
  facet normal 5.906530e-01 -3.884786e-01 7.072577e-01
    outer loop
      vertex   -4.065656e+01 -4.800875e+01 -2.170000e+01
      vertex   -3.928727e+01 -4.956800e+01 -2.370000e+01
      vertex   -3.903209e+01 -4.918003e+01 -2.370000e+01
    endloop
  endfacet
  facet normal 5.217401e-01 -4.802956e-01 7.050556e-01
    outer loop
      vertex   -4.065656e+01 -4.800875e+01 -2.170000e+01
      vertex   -3.903209e+01 -4.918003e+01 -2.370000e+01
      vertex   -4.020913e+01 -4.752270e+01 -2.170000e+01
    endloop
  endfacet
  facet normal 4.836446e-01 -5.126334e-01 7.094328e-01
    outer loop
      vertex   -4.020913e+01 -4.752270e+01 -2.170000e+01
      vertex   -3.903209e+01 -4.918003e+01 -2.370000e+01
      vertex   -3.869432e+01 -4.886135e+01 -2.370000e+01
    endloop
  endfacet
  facet normal 4.357499e-01 -5.598514e-01 7.047613e-01
    outer loop
      vertex   -4.020913e+01 -4.752270e+01 -2.170000e+01
      vertex   -3.869432e+01 -4.886135e+01 -2.370000e+01
      vertex   -3.968779e+01 -4.711693e+01 -2.170000e+01
    endloop
  endfacet
  facet normal 3.528956e-01 -6.112331e-01 7.084200e-01
    outer loop
      vertex   -3.968779e+01 -4.711693e+01 -2.170000e+01
      vertex   -3.869432e+01 -4.886135e+01 -2.370000e+01
      vertex   -3.829216e+01 -4.862917e+01 -2.370000e+01
    endloop
  endfacet
  facet normal 3.370325e-01 -6.227815e-01 7.060824e-01
    outer loop
      vertex   -3.968779e+01 -4.711693e+01 -2.170000e+01
      vertex   -3.829216e+01 -4.862917e+01 -2.370000e+01
      vertex   -3.910678e+01 -4.680251e+01 -2.170000e+01
    endloop
  endfacet
  facet normal 2.300456e-01 -6.701000e-01 7.057230e-01
    outer loop
      vertex   -3.910678e+01 -4.680251e+01 -2.170000e+01
      vertex   -3.829216e+01 -4.862917e+01 -2.370000e+01
      vertex   -3.848194e+01 -4.658800e+01 -2.170000e+01
    endloop
  endfacet
  facet normal 2.023018e-01 -6.757351e-01 7.088414e-01
    outer loop
      vertex   -3.848194e+01 -4.658800e+01 -2.170000e+01
      vertex   -3.829216e+01 -4.862917e+01 -2.370000e+01
      vertex   -3.784730e+01 -4.849598e+01 -2.370000e+01
    endloop
  endfacet
  facet normal 1.167817e-01 -6.998342e-01 7.046943e-01
    outer loop
      vertex   -3.848194e+01 -4.658800e+01 -2.170000e+01
      vertex   -3.784730e+01 -4.849598e+01 -2.370000e+01
      vertex   -3.783032e+01 -4.647926e+01 -2.170000e+01
    endloop
  endfacet
  facet normal 4.098813e-02 -7.037391e-01 7.092752e-01
    outer loop
      vertex   -3.783032e+01 -4.647926e+01 -2.170000e+01
      vertex   -3.784730e+01 -4.849598e+01 -2.370000e+01
      vertex   -3.738371e+01 -4.846898e+01 -2.370000e+01
    endloop
  endfacet
  facet normal 0.000000e+00 -7.089261e-01 7.052828e-01
    outer loop
      vertex   -3.783032e+01 -4.647926e+01 -2.170000e+01
      vertex   -3.738371e+01 -4.846898e+01 -2.370000e+01
      vertex   -3.716968e+01 -4.647926e+01 -2.170000e+01
    endloop
  endfacet
  facet normal -1.164496e-01 -6.978443e-01 7.067197e-01
    outer loop
      vertex   -3.716968e+01 -4.647926e+01 -2.170000e+01
      vertex   -3.738371e+01 -4.846898e+01 -2.370000e+01
      vertex   -3.651806e+01 -4.658800e+01 -2.170000e+01
    endloop
  endfacet
  facet normal -1.227041e-01 -6.958896e-01 7.075884e-01
    outer loop
      vertex   -3.651806e+01 -4.658800e+01 -2.170000e+01
      vertex   -3.738371e+01 -4.846898e+01 -2.370000e+01
      vertex   -3.692639e+01 -4.854962e+01 -2.370000e+01
    endloop
  endfacet
  facet normal -2.302915e-01 -6.708162e-01 7.049620e-01
    outer loop
      vertex   -3.651806e+01 -4.658800e+01 -2.170000e+01
      vertex   -3.692639e+01 -4.854962e+01 -2.370000e+01
      vertex   -3.589322e+01 -4.680251e+01 -2.170000e+01
    endloop
  endfacet
  facet normal -2.791307e-01 -6.470976e-01 7.094722e-01
    outer loop
      vertex   -3.589322e+01 -4.680251e+01 -2.170000e+01
      vertex   -3.692639e+01 -4.854962e+01 -2.370000e+01
      vertex   -3.650000e+01 -4.873355e+01 -2.370000e+01
    endloop
  endfacet
  facet normal -3.376330e-01 -6.238911e-01 7.048148e-01
    outer loop
      vertex   -3.589322e+01 -4.680251e+01 -2.170000e+01
      vertex   -3.650000e+01 -4.873355e+01 -2.370000e+01
      vertex   -3.531221e+01 -4.711693e+01 -2.170000e+01
    endloop
  endfacet
  facet normal -4.216193e-01 -5.663331e-01 7.081695e-01
    outer loop
      vertex   -3.531221e+01 -4.711693e+01 -2.170000e+01
      vertex   -3.650000e+01 -4.873355e+01 -2.370000e+01
      vertex   -3.612752e+01 -4.901085e+01 -2.370000e+01
    endloop
  endfacet
  facet normal -4.348201e-01 -5.586569e-01 7.062818e-01
    outer loop
      vertex   -3.531221e+01 -4.711693e+01 -2.170000e+01
      vertex   -3.612752e+01 -4.901085e+01 -2.370000e+01
      vertex   -3.479087e+01 -4.752270e+01 -2.170000e+01
    endloop
  endfacet
  facet normal -5.213687e-01 -4.799537e-01 7.055630e-01
    outer loop
      vertex   -3.479087e+01 -4.752270e+01 -2.170000e+01
      vertex   -3.612752e+01 -4.901085e+01 -2.370000e+01
      vertex   -3.434344e+01 -4.800875e+01 -2.170000e+01
    endloop
  endfacet
  facet normal -5.402115e-01 -4.532913e-01 7.090124e-01
    outer loop
      vertex   -3.434344e+01 -4.800875e+01 -2.170000e+01
      vertex   -3.612752e+01 -4.901085e+01 -2.370000e+01
      vertex   -3.582902e+01 -4.936658e+01 -2.370000e+01
    endloop
  endfacet
  facet normal -5.939900e-01 -3.880730e-01 7.046809e-01
    outer loop
      vertex   -3.434344e+01 -4.800875e+01 -2.170000e+01
      vertex   -3.582902e+01 -4.936658e+01 -2.370000e+01
      vertex   -3.398210e+01 -4.856181e+01 -2.170000e+01
    endloop
  endfacet
  facet normal -6.300563e-01 -3.164262e-01 7.091570e-01
    outer loop
      vertex   -3.398210e+01 -4.856181e+01 -2.170000e+01
      vertex   -3.582902e+01 -4.936658e+01 -2.370000e+01
      vertex   -3.562061e+01 -4.978156e+01 -2.370000e+01
    endloop
  endfacet
  facet normal -6.490939e-01 -2.847190e-01 7.054163e-01
    outer loop
      vertex   -3.398210e+01 -4.856181e+01 -2.170000e+01
      vertex   -3.562061e+01 -4.978156e+01 -2.370000e+01
      vertex   -3.371673e+01 -4.916680e+01 -2.170000e+01
    endloop
  endfacet
  facet normal -6.860628e-01 -1.737347e-01 7.064942e-01
    outer loop
      vertex   -3.371673e+01 -4.916680e+01 -2.170000e+01
      vertex   -3.562061e+01 -4.978156e+01 -2.370000e+01
      vertex   -3.355455e+01 -4.980722e+01 -2.170000e+01
    endloop
  endfacet
  facet normal -6.872814e-01 -1.628887e-01 7.078923e-01
    outer loop
      vertex   -3.355455e+01 -4.980722e+01 -2.170000e+01
      vertex   -3.562061e+01 -4.978156e+01 -2.370000e+01
      vertex   -3.551352e+01 -5.023341e+01 -2.370000e+01
    endloop
  endfacet
  facet normal -7.069021e-01 -5.857558e-02 7.048817e-01
    outer loop
      vertex   -3.355455e+01 -4.980722e+01 -2.170000e+01
      vertex   -3.551352e+01 -5.023341e+01 -2.370000e+01
      vertex   -3.350000e+01 -5.046560e+01 -2.170000e+01
    endloop
  endfacet
  facet normal -7.047202e-01 0.000000e+00 7.094853e-01
    outer loop
      vertex   -3.350000e+01 -5.046560e+01 -2.170000e+01
      vertex   -3.551352e+01 -5.023341e+01 -2.370000e+01
      vertex   -3.551352e+01 -5.069779e+01 -2.370000e+01
    endloop
  endfacet
  facet normal -7.069021e-01 5.857558e-02 7.048817e-01
    outer loop
      vertex   -3.350000e+01 -5.046560e+01 -2.170000e+01
      vertex   -3.551352e+01 -5.069779e+01 -2.370000e+01
      vertex   -3.355455e+01 -5.112398e+01 -2.170000e+01
    endloop
  endfacet
  facet normal -6.872814e-01 1.628887e-01 7.078923e-01
    outer loop
      vertex   -3.355455e+01 -5.112398e+01 -2.170000e+01
      vertex   -3.551352e+01 -5.069779e+01 -2.370000e+01
      vertex   -3.562061e+01 -5.114964e+01 -2.370000e+01
    endloop
  endfacet
  facet normal -6.860628e-01 1.737347e-01 7.064942e-01
    outer loop
      vertex   -3.355455e+01 -5.112398e+01 -2.170000e+01
      vertex   -3.562061e+01 -5.114964e+01 -2.370000e+01
      vertex   -3.371673e+01 -5.176440e+01 -2.170000e+01
    endloop
  endfacet
  facet normal -6.490939e-01 2.847190e-01 7.054163e-01
    outer loop
      vertex   -3.371673e+01 -5.176440e+01 -2.170000e+01
      vertex   -3.562061e+01 -5.114964e+01 -2.370000e+01
      vertex   -3.398210e+01 -5.236939e+01 -2.170000e+01
    endloop
  endfacet
  facet normal -6.300563e-01 3.164262e-01 7.091570e-01
    outer loop
      vertex   -3.398210e+01 -5.236939e+01 -2.170000e+01
      vertex   -3.562061e+01 -5.114964e+01 -2.370000e+01
      vertex   -3.582902e+01 -5.156462e+01 -2.370000e+01
    endloop
  endfacet
  facet normal -5.939900e-01 3.880730e-01 7.046809e-01
    outer loop
      vertex   -3.398210e+01 -5.236939e+01 -2.170000e+01
      vertex   -3.582902e+01 -5.156462e+01 -2.370000e+01
      vertex   -3.434344e+01 -5.292245e+01 -2.170000e+01
    endloop
  endfacet
  facet normal -5.402115e-01 4.532913e-01 7.090124e-01
    outer loop
      vertex   -3.434344e+01 -5.292245e+01 -2.170000e+01
      vertex   -3.582902e+01 -5.156462e+01 -2.370000e+01
      vertex   -3.612752e+01 -5.192035e+01 -2.370000e+01
    endloop
  endfacet
  facet normal -5.213687e-01 4.799537e-01 7.055630e-01
    outer loop
      vertex   -3.434344e+01 -5.292245e+01 -2.170000e+01
      vertex   -3.612752e+01 -5.192035e+01 -2.370000e+01
      vertex   -3.479087e+01 -5.340850e+01 -2.170000e+01
    endloop
  endfacet
  facet normal -4.348201e-01 5.586569e-01 7.062818e-01
    outer loop
      vertex   -3.479087e+01 -5.340850e+01 -2.170000e+01
      vertex   -3.612752e+01 -5.192035e+01 -2.370000e+01
      vertex   -3.531221e+01 -5.381427e+01 -2.170000e+01
    endloop
  endfacet
  facet normal -4.216193e-01 5.663331e-01 7.081695e-01
    outer loop
      vertex   -3.531221e+01 -5.381427e+01 -2.170000e+01
      vertex   -3.612752e+01 -5.192035e+01 -2.370000e+01
      vertex   -3.650000e+01 -5.219765e+01 -2.370000e+01
    endloop
  endfacet
  facet normal -3.376330e-01 6.238911e-01 7.048148e-01
    outer loop
      vertex   -3.531221e+01 -5.381427e+01 -2.170000e+01
      vertex   -3.650000e+01 -5.219765e+01 -2.370000e+01
      vertex   -3.589322e+01 -5.412869e+01 -2.170000e+01
    endloop
  endfacet
  facet normal -2.791307e-01 6.470976e-01 7.094722e-01
    outer loop
      vertex   -3.589322e+01 -5.412869e+01 -2.170000e+01
      vertex   -3.650000e+01 -5.219765e+01 -2.370000e+01
      vertex   -3.692639e+01 -5.238158e+01 -2.370000e+01
    endloop
  endfacet
  facet normal -2.302915e-01 6.708162e-01 7.049620e-01
    outer loop
      vertex   -3.589322e+01 -5.412869e+01 -2.170000e+01
      vertex   -3.692639e+01 -5.238158e+01 -2.370000e+01
      vertex   -3.651806e+01 -5.434320e+01 -2.170000e+01
    endloop
  endfacet
  facet normal -1.227041e-01 6.958896e-01 7.075884e-01
    outer loop
      vertex   -3.651806e+01 -5.434320e+01 -2.170000e+01
      vertex   -3.692639e+01 -5.238158e+01 -2.370000e+01
      vertex   -3.738371e+01 -5.246222e+01 -2.370000e+01
    endloop
  endfacet
  facet normal -1.164496e-01 6.978443e-01 7.067197e-01
    outer loop
      vertex   -3.651806e+01 -5.434320e+01 -2.170000e+01
      vertex   -3.738371e+01 -5.246222e+01 -2.370000e+01
      vertex   -3.716968e+01 -5.445194e+01 -2.170000e+01
    endloop
  endfacet
  facet normal 0.000000e+00 7.089261e-01 7.052828e-01
    outer loop
      vertex   -3.716968e+01 -5.445194e+01 -2.170000e+01
      vertex   -3.738371e+01 -5.246222e+01 -2.370000e+01
      vertex   -3.783032e+01 -5.445194e+01 -2.170000e+01
    endloop
  endfacet
  facet normal 4.098813e-02 7.037391e-01 7.092752e-01
    outer loop
      vertex   -3.783032e+01 -5.445194e+01 -2.170000e+01
      vertex   -3.738371e+01 -5.246222e+01 -2.370000e+01
      vertex   -3.784730e+01 -5.243522e+01 -2.370000e+01
    endloop
  endfacet
  facet normal 1.167817e-01 6.998342e-01 7.046943e-01
    outer loop
      vertex   -3.783032e+01 -5.445194e+01 -2.170000e+01
      vertex   -3.784730e+01 -5.243522e+01 -2.370000e+01
      vertex   -3.848194e+01 -5.434320e+01 -2.170000e+01
    endloop
  endfacet
  facet normal 2.023018e-01 6.757351e-01 7.088414e-01
    outer loop
      vertex   -3.848194e+01 -5.434320e+01 -2.170000e+01
      vertex   -3.784730e+01 -5.243522e+01 -2.370000e+01
      vertex   -3.829216e+01 -5.230203e+01 -2.370000e+01
    endloop
  endfacet
  facet normal 2.300456e-01 6.701000e-01 7.057230e-01
    outer loop
      vertex   -3.848194e+01 -5.434320e+01 -2.170000e+01
      vertex   -3.829216e+01 -5.230203e+01 -2.370000e+01
      vertex   -3.910678e+01 -5.412869e+01 -2.170000e+01
    endloop
  endfacet
  facet normal 3.370325e-01 6.227815e-01 7.060824e-01
    outer loop
      vertex   -3.910678e+01 -5.412869e+01 -2.170000e+01
      vertex   -3.829216e+01 -5.230203e+01 -2.370000e+01
      vertex   -3.968779e+01 -5.381427e+01 -2.170000e+01
    endloop
  endfacet
  facet normal 3.528956e-01 6.112331e-01 7.084200e-01
    outer loop
      vertex   -3.968779e+01 -5.381427e+01 -2.170000e+01
      vertex   -3.829216e+01 -5.230203e+01 -2.370000e+01
      vertex   -3.869432e+01 -5.206985e+01 -2.370000e+01
    endloop
  endfacet
  facet normal 4.357499e-01 5.598514e-01 7.047613e-01
    outer loop
      vertex   -3.968779e+01 -5.381427e+01 -2.170000e+01
      vertex   -3.869432e+01 -5.206985e+01 -2.370000e+01
      vertex   -4.020913e+01 -5.340850e+01 -2.170000e+01
    endloop
  endfacet
  facet normal 4.836446e-01 5.126334e-01 7.094328e-01
    outer loop
      vertex   -4.020913e+01 -5.340850e+01 -2.170000e+01
      vertex   -3.869432e+01 -5.206985e+01 -2.370000e+01
      vertex   -3.903209e+01 -5.175118e+01 -2.370000e+01
    endloop
  endfacet
  facet normal 5.217401e-01 4.802956e-01 7.050556e-01
    outer loop
      vertex   -4.020913e+01 -5.340850e+01 -2.170000e+01
      vertex   -3.903209e+01 -5.175118e+01 -2.370000e+01
      vertex   -4.065656e+01 -5.292245e+01 -2.170000e+01
    endloop
  endfacet
  facet normal 5.906530e-01 3.884786e-01 7.072577e-01
    outer loop
      vertex   -4.065656e+01 -5.292245e+01 -2.170000e+01
      vertex   -3.903209e+01 -5.175118e+01 -2.370000e+01
      vertex   -3.928727e+01 -5.136320e+01 -2.370000e+01
    endloop
  endfacet
  facet normal 5.920905e-01 3.868320e-01 7.069582e-01
    outer loop
      vertex   -4.065656e+01 -5.292245e+01 -2.170000e+01
      vertex   -3.928727e+01 -5.136320e+01 -2.370000e+01
      vertex   -4.101790e+01 -5.236939e+01 -2.170000e+01
    endloop
  endfacet
  facet normal 6.493251e-01 2.848204e-01 7.051626e-01
    outer loop
      vertex   -4.101790e+01 -5.236939e+01 -2.170000e+01
      vertex   -3.928727e+01 -5.136320e+01 -2.370000e+01
      vertex   -4.128327e+01 -5.176440e+01 -2.170000e+01
    endloop
  endfacet
  facet normal 6.623322e-01 2.410692e-01 7.093671e-01
    outer loop
      vertex   -4.128327e+01 -5.176440e+01 -2.170000e+01
      vertex   -3.928727e+01 -5.136320e+01 -2.370000e+01
      vertex   -3.944609e+01 -5.092683e+01 -2.370000e+01
    endloop
  endfacet
  facet normal 6.877744e-01 1.741681e-01 7.047211e-01
    outer loop
      vertex   -4.128327e+01 -5.176440e+01 -2.170000e+01
      vertex   -3.944609e+01 -5.092683e+01 -2.370000e+01
      vertex   -4.144545e+01 -5.112398e+01 -2.170000e+01
    endloop
  endfacet
  facet normal 7.007955e-01 8.191125e-02 7.086439e-01
    outer loop
      vertex   -4.144545e+01 -5.112398e+01 -2.170000e+01
      vertex   -3.944609e+01 -5.092683e+01 -2.370000e+01
      vertex   -3.950000e+01 -5.046560e+01 -2.370000e+01
    endloop
  endfacet
  facet normal 9.932384e-01 -1.160929e-01 -2.749633e-16
    outer loop
      vertex   -3.944609e+01 -5.000437e+01 -2.670000e+01
      vertex   -3.944609e+01 -5.000437e+01 -2.370000e+01
      vertex   -3.950000e+01 -5.046560e+01 -2.670000e+01
    endloop
  endfacet
  facet normal 9.932384e-01 -1.160929e-01 -2.749633e-16
    outer loop
      vertex   -3.950000e+01 -5.046560e+01 -2.670000e+01
      vertex   -3.944609e+01 -5.000437e+01 -2.370000e+01
      vertex   -3.950000e+01 -5.046560e+01 -2.370000e+01
    endloop
  endfacet
  facet normal 9.932384e-01 1.160929e-01 2.749633e-16
    outer loop
      vertex   -3.950000e+01 -5.046560e+01 -2.670000e+01
      vertex   -3.950000e+01 -5.046560e+01 -2.370000e+01
      vertex   -3.944609e+01 -5.092683e+01 -2.670000e+01
    endloop
  endfacet
  facet normal 9.932384e-01 1.160929e-01 5.499265e-16
    outer loop
      vertex   -3.944609e+01 -5.092683e+01 -2.670000e+01
      vertex   -3.950000e+01 -5.046560e+01 -2.370000e+01
      vertex   -3.944609e+01 -5.092683e+01 -2.370000e+01
    endloop
  endfacet
  facet normal 9.396926e-01 3.420201e-01 1.620133e-15
    outer loop
      vertex   -3.944609e+01 -5.092683e+01 -2.670000e+01
      vertex   -3.944609e+01 -5.092683e+01 -2.370000e+01
      vertex   -3.928727e+01 -5.136320e+01 -2.670000e+01
    endloop
  endfacet
  facet normal 9.396926e-01 3.420201e-01 1.620133e-15
    outer loop
      vertex   -3.928727e+01 -5.136320e+01 -2.670000e+01
      vertex   -3.944609e+01 -5.092683e+01 -2.370000e+01
      vertex   -3.928727e+01 -5.136320e+01 -2.370000e+01
    endloop
  endfacet
  facet normal 8.354878e-01 5.495090e-01 2.602997e-15
    outer loop
      vertex   -3.928727e+01 -5.136320e+01 -2.670000e+01
      vertex   -3.928727e+01 -5.136320e+01 -2.370000e+01
      vertex   -3.903209e+01 -5.175118e+01 -2.670000e+01
    endloop
  endfacet
  facet normal 8.354878e-01 5.495090e-01 2.602997e-15
    outer loop
      vertex   -3.903209e+01 -5.175118e+01 -2.670000e+01
      vertex   -3.928727e+01 -5.136320e+01 -2.370000e+01
      vertex   -3.903209e+01 -5.175118e+01 -2.370000e+01
    endloop
  endfacet
  facet normal 6.862416e-01 7.273736e-01 3.445534e-15
    outer loop
      vertex   -3.903209e+01 -5.175118e+01 -2.670000e+01
      vertex   -3.903209e+01 -5.175118e+01 -2.370000e+01
      vertex   -3.869432e+01 -5.206985e+01 -2.670000e+01
    endloop
  endfacet
  facet normal 6.862416e-01 7.273736e-01 3.445534e-15
    outer loop
      vertex   -3.869432e+01 -5.206985e+01 -2.670000e+01
      vertex   -3.903209e+01 -5.175118e+01 -2.370000e+01
      vertex   -3.869432e+01 -5.206985e+01 -2.370000e+01
    endloop
  endfacet
  facet normal 5.000000e-01 8.660254e-01 4.102320e-15
    outer loop
      vertex   -3.869432e+01 -5.206985e+01 -2.670000e+01
      vertex   -3.869432e+01 -5.206985e+01 -2.370000e+01
      vertex   -3.829216e+01 -5.230203e+01 -2.670000e+01
    endloop
  endfacet
  facet normal 5.000000e-01 8.660254e-01 2.051160e-15
    outer loop
      vertex   -3.829216e+01 -5.230203e+01 -2.670000e+01
      vertex   -3.869432e+01 -5.206985e+01 -2.370000e+01
      vertex   -3.829216e+01 -5.230203e+01 -2.370000e+01
    endloop
  endfacet
  facet normal 2.868032e-01 9.579895e-01 2.268975e-15
    outer loop
      vertex   -3.829216e+01 -5.230203e+01 -2.670000e+01
      vertex   -3.829216e+01 -5.230203e+01 -2.370000e+01
      vertex   -3.784730e+01 -5.243522e+01 -2.670000e+01
    endloop
  endfacet
  facet normal 2.868032e-01 9.579895e-01 -0.000000e+00
    outer loop
      vertex   -3.784730e+01 -5.243522e+01 -2.670000e+01
      vertex   -3.829216e+01 -5.230203e+01 -2.370000e+01
      vertex   -3.784730e+01 -5.243522e+01 -2.370000e+01
    endloop
  endfacet
  facet normal 5.814483e-02 9.983082e-01 -0.000000e+00
    outer loop
      vertex   -3.784730e+01 -5.243522e+01 -2.670000e+01
      vertex   -3.784730e+01 -5.243522e+01 -2.370000e+01
      vertex   -3.738371e+01 -5.246222e+01 -2.670000e+01
    endloop
  endfacet
  facet normal 5.814483e-02 9.983082e-01 4.728937e-15
    outer loop
      vertex   -3.738371e+01 -5.246222e+01 -2.670000e+01
      vertex   -3.784730e+01 -5.243522e+01 -2.370000e+01
      vertex   -3.738371e+01 -5.246222e+01 -2.370000e+01
    endloop
  endfacet
  facet normal -1.736482e-01 9.848078e-01 4.664987e-15
    outer loop
      vertex   -3.738371e+01 -5.246222e+01 -2.670000e+01
      vertex   -3.738371e+01 -5.246222e+01 -2.370000e+01
      vertex   -3.692639e+01 -5.238158e+01 -2.670000e+01
    endloop
  endfacet
  facet normal -1.736482e-01 9.848078e-01 2.332493e-15
    outer loop
      vertex   -3.692639e+01 -5.238158e+01 -2.670000e+01
      vertex   -3.738371e+01 -5.246222e+01 -2.370000e+01
      vertex   -3.692639e+01 -5.238158e+01 -2.370000e+01
    endloop
  endfacet
  facet normal -3.960798e-01 9.182161e-01 2.174773e-15
    outer loop
      vertex   -3.692639e+01 -5.238158e+01 -2.670000e+01
      vertex   -3.692639e+01 -5.238158e+01 -2.370000e+01
      vertex   -3.650000e+01 -5.219765e+01 -2.670000e+01
    endloop
  endfacet
  facet normal -3.960798e-01 9.182161e-01 2.174773e-15
    outer loop
      vertex   -3.650000e+01 -5.219765e+01 -2.670000e+01
      vertex   -3.692639e+01 -5.238158e+01 -2.370000e+01
      vertex   -3.650000e+01 -5.219765e+01 -2.370000e+01
    endloop
  endfacet
  facet normal -5.971586e-01 8.021232e-01 1.899809e-15
    outer loop
      vertex   -3.650000e+01 -5.219765e+01 -2.670000e+01
      vertex   -3.650000e+01 -5.219765e+01 -2.370000e+01
      vertex   -3.612752e+01 -5.192035e+01 -2.670000e+01
    endloop
  endfacet
  facet normal -5.971586e-01 8.021232e-01 1.899809e-15
    outer loop
      vertex   -3.612752e+01 -5.192035e+01 -2.670000e+01
      vertex   -3.650000e+01 -5.219765e+01 -2.370000e+01
      vertex   -3.612752e+01 -5.192035e+01 -2.370000e+01
    endloop
  endfacet
  facet normal -7.660444e-01 6.427876e-01 1.522427e-15
    outer loop
      vertex   -3.612752e+01 -5.192035e+01 -2.670000e+01
      vertex   -3.612752e+01 -5.192035e+01 -2.370000e+01
      vertex   -3.582902e+01 -5.156462e+01 -2.670000e+01
    endloop
  endfacet
  facet normal -7.660444e-01 6.427876e-01 3.044854e-15
    outer loop
      vertex   -3.582902e+01 -5.156462e+01 -2.670000e+01
      vertex   -3.612752e+01 -5.192035e+01 -2.370000e+01
      vertex   -3.582902e+01 -5.156462e+01 -2.370000e+01
    endloop
  endfacet
  facet normal -8.936326e-01 4.487992e-01 2.125940e-15
    outer loop
      vertex   -3.582902e+01 -5.156462e+01 -2.670000e+01
      vertex   -3.582902e+01 -5.156462e+01 -2.370000e+01
      vertex   -3.562061e+01 -5.114964e+01 -2.670000e+01
    endloop
  endfacet
  facet normal -8.936326e-01 4.487992e-01 1.062970e-15
    outer loop
      vertex   -3.562061e+01 -5.114964e+01 -2.670000e+01
      vertex   -3.582902e+01 -5.156462e+01 -2.370000e+01
      vertex   -3.562061e+01 -5.114964e+01 -2.370000e+01
    endloop
  endfacet
  facet normal -9.730449e-01 2.306159e-01 5.462081e-16
    outer loop
      vertex   -3.562061e+01 -5.114964e+01 -2.670000e+01
      vertex   -3.562061e+01 -5.114964e+01 -2.370000e+01
      vertex   -3.551352e+01 -5.069779e+01 -2.670000e+01
    endloop
  endfacet
  facet normal -9.730449e-01 2.306159e-01 5.462081e-16
    outer loop
      vertex   -3.551352e+01 -5.069779e+01 -2.670000e+01
      vertex   -3.562061e+01 -5.114964e+01 -2.370000e+01
      vertex   -3.551352e+01 -5.069779e+01 -2.370000e+01
    endloop
  endfacet
  facet normal -1.000000e+00 0.000000e+00 0.000000e+00
    outer loop
      vertex   -3.551352e+01 -5.069779e+01 -2.670000e+01
      vertex   -3.551352e+01 -5.069779e+01 -2.370000e+01
      vertex   -3.551352e+01 -5.023341e+01 -2.670000e+01
    endloop
  endfacet
  facet normal -1.000000e+00 0.000000e+00 0.000000e+00
    outer loop
      vertex   -3.551352e+01 -5.023341e+01 -2.670000e+01
      vertex   -3.551352e+01 -5.069779e+01 -2.370000e+01
      vertex   -3.551352e+01 -5.023341e+01 -2.370000e+01
    endloop
  endfacet
  facet normal -9.730449e-01 -2.306159e-01 -5.462081e-16
    outer loop
      vertex   -3.551352e+01 -5.023341e+01 -2.670000e+01
      vertex   -3.551352e+01 -5.023341e+01 -2.370000e+01
      vertex   -3.562061e+01 -4.978156e+01 -2.670000e+01
    endloop
  endfacet
  facet normal -9.730449e-01 -2.306159e-01 -1.092416e-15
    outer loop
      vertex   -3.562061e+01 -4.978156e+01 -2.670000e+01
      vertex   -3.551352e+01 -5.023341e+01 -2.370000e+01
      vertex   -3.562061e+01 -4.978156e+01 -2.370000e+01
    endloop
  endfacet
  facet normal -8.936326e-01 -4.487992e-01 -2.125940e-15
    outer loop
      vertex   -3.562061e+01 -4.978156e+01 -2.670000e+01
      vertex   -3.562061e+01 -4.978156e+01 -2.370000e+01
      vertex   -3.582902e+01 -4.936658e+01 -2.670000e+01
    endloop
  endfacet
  facet normal -8.936326e-01 -4.487992e-01 -1.062970e-15
    outer loop
      vertex   -3.582902e+01 -4.936658e+01 -2.670000e+01
      vertex   -3.562061e+01 -4.978156e+01 -2.370000e+01
      vertex   -3.582902e+01 -4.936658e+01 -2.370000e+01
    endloop
  endfacet
  facet normal -7.660444e-01 -6.427876e-01 -1.522427e-15
    outer loop
      vertex   -3.582902e+01 -4.936658e+01 -2.670000e+01
      vertex   -3.582902e+01 -4.936658e+01 -2.370000e+01
      vertex   -3.612752e+01 -4.901085e+01 -2.670000e+01
    endloop
  endfacet
  facet normal -7.660444e-01 -6.427876e-01 -1.522427e-15
    outer loop
      vertex   -3.612752e+01 -4.901085e+01 -2.670000e+01
      vertex   -3.582902e+01 -4.936658e+01 -2.370000e+01
      vertex   -3.612752e+01 -4.901085e+01 -2.370000e+01
    endloop
  endfacet
  facet normal -5.971586e-01 -8.021232e-01 -1.899809e-15
    outer loop
      vertex   -3.612752e+01 -4.901085e+01 -2.670000e+01
      vertex   -3.612752e+01 -4.901085e+01 -2.370000e+01
      vertex   -3.650000e+01 -4.873355e+01 -2.670000e+01
    endloop
  endfacet
  facet normal -5.971586e-01 -8.021232e-01 -1.899809e-15
    outer loop
      vertex   -3.650000e+01 -4.873355e+01 -2.670000e+01
      vertex   -3.612752e+01 -4.901085e+01 -2.370000e+01
      vertex   -3.650000e+01 -4.873355e+01 -2.370000e+01
    endloop
  endfacet
  facet normal -3.960798e-01 -9.182161e-01 -2.174773e-15
    outer loop
      vertex   -3.650000e+01 -4.873355e+01 -2.670000e+01
      vertex   -3.650000e+01 -4.873355e+01 -2.370000e+01
      vertex   -3.692639e+01 -4.854962e+01 -2.670000e+01
    endloop
  endfacet
  facet normal -3.960798e-01 -9.182161e-01 -2.174773e-15
    outer loop
      vertex   -3.692639e+01 -4.854962e+01 -2.670000e+01
      vertex   -3.650000e+01 -4.873355e+01 -2.370000e+01
      vertex   -3.692639e+01 -4.854962e+01 -2.370000e+01
    endloop
  endfacet
  facet normal -1.736482e-01 -9.848078e-01 -2.332493e-15
    outer loop
      vertex   -3.692639e+01 -4.854962e+01 -2.670000e+01
      vertex   -3.692639e+01 -4.854962e+01 -2.370000e+01
      vertex   -3.738371e+01 -4.846898e+01 -2.670000e+01
    endloop
  endfacet
  facet normal -1.736482e-01 -9.848078e-01 -2.332493e-15
    outer loop
      vertex   -3.738371e+01 -4.846898e+01 -2.670000e+01
      vertex   -3.692639e+01 -4.854962e+01 -2.370000e+01
      vertex   -3.738371e+01 -4.846898e+01 -2.370000e+01
    endloop
  endfacet
  facet normal 5.814483e-02 -9.983082e-01 -2.364469e-15
    outer loop
      vertex   -3.738371e+01 -4.846898e+01 -2.670000e+01
      vertex   -3.738371e+01 -4.846898e+01 -2.370000e+01
      vertex   -3.784730e+01 -4.849598e+01 -2.670000e+01
    endloop
  endfacet
  facet normal 5.814483e-02 -9.983082e-01 -4.728937e-15
    outer loop
      vertex   -3.784730e+01 -4.849598e+01 -2.670000e+01
      vertex   -3.738371e+01 -4.846898e+01 -2.370000e+01
      vertex   -3.784730e+01 -4.849598e+01 -2.370000e+01
    endloop
  endfacet
  facet normal 2.868032e-01 -9.579895e-01 -4.537950e-15
    outer loop
      vertex   -3.784730e+01 -4.849598e+01 -2.670000e+01
      vertex   -3.784730e+01 -4.849598e+01 -2.370000e+01
      vertex   -3.829216e+01 -4.862917e+01 -2.670000e+01
    endloop
  endfacet
  facet normal 2.868032e-01 -9.579895e-01 -4.537950e-15
    outer loop
      vertex   -3.829216e+01 -4.862917e+01 -2.670000e+01
      vertex   -3.784730e+01 -4.849598e+01 -2.370000e+01
      vertex   -3.829216e+01 -4.862917e+01 -2.370000e+01
    endloop
  endfacet
  facet normal 5.000000e-01 -8.660254e-01 -4.102320e-15
    outer loop
      vertex   -3.829216e+01 -4.862917e+01 -2.670000e+01
      vertex   -3.829216e+01 -4.862917e+01 -2.370000e+01
      vertex   -3.869432e+01 -4.886135e+01 -2.670000e+01
    endloop
  endfacet
  facet normal 5.000000e-01 -8.660254e-01 -2.051160e-15
    outer loop
      vertex   -3.869432e+01 -4.886135e+01 -2.670000e+01
      vertex   -3.829216e+01 -4.862917e+01 -2.370000e+01
      vertex   -3.869432e+01 -4.886135e+01 -2.370000e+01
    endloop
  endfacet
  facet normal 6.862416e-01 -7.273736e-01 -1.722767e-15
    outer loop
      vertex   -3.869432e+01 -4.886135e+01 -2.670000e+01
      vertex   -3.869432e+01 -4.886135e+01 -2.370000e+01
      vertex   -3.903209e+01 -4.918003e+01 -2.670000e+01
    endloop
  endfacet
  facet normal 6.862416e-01 -7.273736e-01 -1.722767e-15
    outer loop
      vertex   -3.903209e+01 -4.918003e+01 -2.670000e+01
      vertex   -3.869432e+01 -4.886135e+01 -2.370000e+01
      vertex   -3.903209e+01 -4.918003e+01 -2.370000e+01
    endloop
  endfacet
  facet normal 8.354878e-01 -5.495090e-01 -1.301499e-15
    outer loop
      vertex   -3.903209e+01 -4.918003e+01 -2.670000e+01
      vertex   -3.903209e+01 -4.918003e+01 -2.370000e+01
      vertex   -3.928727e+01 -4.956800e+01 -2.670000e+01
    endloop
  endfacet
  facet normal 8.354878e-01 -5.495090e-01 -1.301499e-15
    outer loop
      vertex   -3.928727e+01 -4.956800e+01 -2.670000e+01
      vertex   -3.903209e+01 -4.918003e+01 -2.370000e+01
      vertex   -3.928727e+01 -4.956800e+01 -2.370000e+01
    endloop
  endfacet
  facet normal 9.396926e-01 -3.420201e-01 -8.100664e-16
    outer loop
      vertex   -3.928727e+01 -4.956800e+01 -2.670000e+01
      vertex   -3.928727e+01 -4.956800e+01 -2.370000e+01
      vertex   -3.944609e+01 -5.000437e+01 -2.670000e+01
    endloop
  endfacet
  facet normal 9.396926e-01 -3.420201e-01 -8.100664e-16
    outer loop
      vertex   -3.944609e+01 -5.000437e+01 -2.670000e+01
      vertex   -3.928727e+01 -4.956800e+01 -2.370000e+01
      vertex   -3.944609e+01 -5.000437e+01 -2.370000e+01
    endloop
  endfacet
  facet normal -0.000000e+00 8.205150e-15 1.000000e+00
    outer loop
      vertex   -4.500000e+01 -3.911850e+01 -2.170000e+01
      vertex   -3.783032e+01 -4.647926e+01 -2.170000e+01
      vertex   -3.000000e+01 -3.911850e+01 -2.170000e+01
    endloop
  endfacet
  facet normal 0.000000e+00 8.205150e-15 1.000000e+00
    outer loop
      vertex   -3.000000e+01 -3.911850e+01 -2.170000e+01
      vertex   -3.783032e+01 -4.647926e+01 -2.170000e+01
      vertex   -3.716968e+01 -4.647926e+01 -2.170000e+01
    endloop
  endfacet
  facet normal 1.177765e-15 7.057958e-15 1.000000e+00
    outer loop
      vertex   -3.000000e+01 -3.911850e+01 -2.170000e+01
      vertex   -3.716968e+01 -4.647926e+01 -2.170000e+01
      vertex   -3.651806e+01 -4.658800e+01 -2.170000e+01
    endloop
  endfacet
  facet normal 9.944118e-17 8.674943e-15 1.000000e+00
    outer loop
      vertex   -4.500000e+01 -5.550000e+01 -2.170000e+01
      vertex   -4.144545e+01 -4.980722e+01 -2.170000e+01
      vertex   -4.500000e+01 -3.911850e+01 -2.170000e+01
    endloop
  endfacet
  facet normal 4.187677e-15 1.003449e-14 1.000000e+00
    outer loop
      vertex   -4.500000e+01 -3.911850e+01 -2.170000e+01
      vertex   -4.144545e+01 -4.980722e+01 -2.170000e+01
      vertex   -4.128327e+01 -4.916680e+01 -2.170000e+01
    endloop
  endfacet
  facet normal -3.232042e-15 7.290039e-15 1.000000e+00
    outer loop
      vertex   -4.500000e+01 -3.911850e+01 -2.170000e+01
      vertex   -4.128327e+01 -4.916680e+01 -2.170000e+01
      vertex   -4.101790e+01 -4.856181e+01 -2.170000e+01
    endloop
  endfacet
  facet normal 0.000000e+00 1.016938e-14 1.000000e+00
    outer loop
      vertex   -3.000000e+01 -5.550000e+01 -2.170000e+01
      vertex   -3.783032e+01 -5.445194e+01 -2.170000e+01
      vertex   -4.500000e+01 -5.550000e+01 -2.170000e+01
    endloop
  endfacet
  facet normal 7.924050e-16 4.748623e-15 1.000000e+00
    outer loop
      vertex   -4.500000e+01 -5.550000e+01 -2.170000e+01
      vertex   -3.783032e+01 -5.445194e+01 -2.170000e+01
      vertex   -3.848194e+01 -5.434320e+01 -2.170000e+01
    endloop
  endfacet
  facet normal -8.597503e-16 1.405780e-14 1.000000e+00
    outer loop
      vertex   -4.500000e+01 -5.550000e+01 -2.170000e+01
      vertex   -3.848194e+01 -5.434320e+01 -2.170000e+01
      vertex   -3.910678e+01 -5.412869e+01 -2.170000e+01
    endloop
  endfacet
  facet normal -9.944118e-17 8.674943e-15 1.000000e+00
    outer loop
      vertex   -3.000000e+01 -3.911850e+01 -2.170000e+01
      vertex   -3.355455e+01 -4.980722e+01 -2.170000e+01
      vertex   -3.000000e+01 -5.550000e+01 -2.170000e+01
    endloop
  endfacet
  facet normal -6.169271e-15 4.884958e-15 1.000000e+00
    outer loop
      vertex   -3.000000e+01 -5.550000e+01 -2.170000e+01
      vertex   -3.355455e+01 -4.980722e+01 -2.170000e+01
      vertex   -3.350000e+01 -5.046560e+01 -2.170000e+01
    endloop
  endfacet
  facet normal 2.079963e-15 1.061997e-14 1.000000e+00
    outer loop
      vertex   -3.000000e+01 -5.550000e+01 -2.170000e+01
      vertex   -3.350000e+01 -5.046560e+01 -2.170000e+01
      vertex   -3.355455e+01 -5.112398e+01 -2.170000e+01
    endloop
  endfacet
  facet normal -2.079963e-15 1.061997e-14 1.000000e+00
    outer loop
      vertex   -4.144545e+01 -5.112398e+01 -2.170000e+01
      vertex   -4.150000e+01 -5.046560e+01 -2.170000e+01
      vertex   -4.500000e+01 -5.550000e+01 -2.170000e+01
    endloop
  endfacet
  facet normal 6.169271e-15 4.884958e-15 1.000000e+00
    outer loop
      vertex   -4.500000e+01 -5.550000e+01 -2.170000e+01
      vertex   -4.150000e+01 -5.046560e+01 -2.170000e+01
      vertex   -4.144545e+01 -4.980722e+01 -2.170000e+01
    endloop
  endfacet
  facet normal 3.901801e-15 1.029828e-14 1.000000e+00
    outer loop
      vertex   -4.101790e+01 -4.856181e+01 -2.170000e+01
      vertex   -4.065656e+01 -4.800875e+01 -2.170000e+01
      vertex   -4.500000e+01 -3.911850e+01 -2.170000e+01
    endloop
  endfacet
  facet normal -7.682541e-16 8.016665e-15 1.000000e+00
    outer loop
      vertex   -4.500000e+01 -3.911850e+01 -2.170000e+01
      vertex   -4.065656e+01 -4.800875e+01 -2.170000e+01
      vertex   -4.020913e+01 -4.752270e+01 -2.170000e+01
    endloop
  endfacet
  facet normal 1.622051e-16 8.547079e-15 1.000000e+00
    outer loop
      vertex   -4.500000e+01 -3.911850e+01 -2.170000e+01
      vertex   -4.020913e+01 -4.752270e+01 -2.170000e+01
      vertex   -3.968779e+01 -4.711693e+01 -2.170000e+01
    endloop
  endfacet
  facet normal -3.359621e-15 6.208037e-15 1.000000e+00
    outer loop
      vertex   -3.968779e+01 -4.711693e+01 -2.170000e+01
      vertex   -3.910678e+01 -4.680251e+01 -2.170000e+01
      vertex   -4.500000e+01 -3.911850e+01 -2.170000e+01
    endloop
  endfacet
  facet normal 6.614311e-15 1.385751e-14 1.000000e+00
    outer loop
      vertex   -4.500000e+01 -3.911850e+01 -2.170000e+01
      vertex   -3.910678e+01 -4.680251e+01 -2.170000e+01
      vertex   -3.848194e+01 -4.658800e+01 -2.170000e+01
    endloop
  endfacet
  facet normal -1.177765e-15 7.057958e-15 1.000000e+00
    outer loop
      vertex   -4.500000e+01 -3.911850e+01 -2.170000e+01
      vertex   -3.848194e+01 -4.658800e+01 -2.170000e+01
      vertex   -3.783032e+01 -4.647926e+01 -2.170000e+01
    endloop
  endfacet
  facet normal -6.614311e-15 1.385751e-14 1.000000e+00
    outer loop
      vertex   -3.651806e+01 -4.658800e+01 -2.170000e+01
      vertex   -3.589322e+01 -4.680251e+01 -2.170000e+01
      vertex   -3.000000e+01 -3.911850e+01 -2.170000e+01
    endloop
  endfacet
  facet normal 3.359621e-15 6.208037e-15 1.000000e+00
    outer loop
      vertex   -3.000000e+01 -3.911850e+01 -2.170000e+01
      vertex   -3.589322e+01 -4.680251e+01 -2.170000e+01
      vertex   -3.531221e+01 -4.711693e+01 -2.170000e+01
    endloop
  endfacet
  facet normal -1.622051e-16 8.547079e-15 1.000000e+00
    outer loop
      vertex   -3.000000e+01 -3.911850e+01 -2.170000e+01
      vertex   -3.531221e+01 -4.711693e+01 -2.170000e+01
      vertex   -3.479087e+01 -4.752270e+01 -2.170000e+01
    endloop
  endfacet
  facet normal 7.682541e-16 8.016665e-15 1.000000e+00
    outer loop
      vertex   -3.479087e+01 -4.752270e+01 -2.170000e+01
      vertex   -3.434344e+01 -4.800875e+01 -2.170000e+01
      vertex   -3.000000e+01 -3.911850e+01 -2.170000e+01
    endloop
  endfacet
  facet normal -3.901801e-15 1.029828e-14 1.000000e+00
    outer loop
      vertex   -3.000000e+01 -3.911850e+01 -2.170000e+01
      vertex   -3.434344e+01 -4.800875e+01 -2.170000e+01
      vertex   -3.398210e+01 -4.856181e+01 -2.170000e+01
    endloop
  endfacet
  facet normal 3.232042e-15 7.290039e-15 1.000000e+00
    outer loop
      vertex   -3.000000e+01 -3.911850e+01 -2.170000e+01
      vertex   -3.398210e+01 -4.856181e+01 -2.170000e+01
      vertex   -3.371673e+01 -4.916680e+01 -2.170000e+01
    endloop
  endfacet
  facet normal -4.187677e-15 1.003449e-14 1.000000e+00
    outer loop
      vertex   -3.371673e+01 -4.916680e+01 -2.170000e+01
      vertex   -3.355455e+01 -4.980722e+01 -2.170000e+01
      vertex   -3.000000e+01 -3.911850e+01 -2.170000e+01
    endloop
  endfacet
  facet normal 2.031418e-15 1.058053e-14 1.000000e+00
    outer loop
      vertex   -3.355455e+01 -5.112398e+01 -2.170000e+01
      vertex   -3.371673e+01 -5.176440e+01 -2.170000e+01
      vertex   -3.000000e+01 -5.550000e+01 -2.170000e+01
    endloop
  endfacet
  facet normal 2.221900e-15 1.077005e-14 1.000000e+00
    outer loop
      vertex   -3.000000e+01 -5.550000e+01 -2.170000e+01
      vertex   -3.371673e+01 -5.176440e+01 -2.170000e+01
      vertex   -3.398210e+01 -5.236939e+01 -2.170000e+01
    endloop
  endfacet
  facet normal -7.895262e-16 6.939548e-15 1.000000e+00
    outer loop
      vertex   -3.000000e+01 -5.550000e+01 -2.170000e+01
      vertex   -3.398210e+01 -5.236939e+01 -2.170000e+01
      vertex   -3.434344e+01 -5.292245e+01 -2.170000e+01
    endloop
  endfacet
  facet normal -3.686368e-16 7.648791e-15 1.000000e+00
    outer loop
      vertex   -3.434344e+01 -5.292245e+01 -2.170000e+01
      vertex   -3.479087e+01 -5.340850e+01 -2.170000e+01
      vertex   -3.000000e+01 -5.550000e+01 -2.170000e+01
    endloop
  endfacet
  facet normal 7.335522e-17 8.661234e-15 1.000000e+00
    outer loop
      vertex   -3.000000e+01 -5.550000e+01 -2.170000e+01
      vertex   -3.479087e+01 -5.340850e+01 -2.170000e+01
      vertex   -3.531221e+01 -5.381427e+01 -2.170000e+01
    endloop
  endfacet
  facet normal -1.686314e-15 3.116035e-15 1.000000e+00
    outer loop
      vertex   -3.000000e+01 -5.550000e+01 -2.170000e+01
      vertex   -3.531221e+01 -5.381427e+01 -2.170000e+01
      vertex   -3.589322e+01 -5.412869e+01 -2.170000e+01
    endloop
  endfacet
  facet normal 8.597503e-16 1.405780e-14 1.000000e+00
    outer loop
      vertex   -3.589322e+01 -5.412869e+01 -2.170000e+01
      vertex   -3.651806e+01 -5.434320e+01 -2.170000e+01
      vertex   -3.000000e+01 -5.550000e+01 -2.170000e+01
    endloop
  endfacet
  facet normal -7.924050e-16 4.748623e-15 1.000000e+00
    outer loop
      vertex   -3.000000e+01 -5.550000e+01 -2.170000e+01
      vertex   -3.651806e+01 -5.434320e+01 -2.170000e+01
      vertex   -3.716968e+01 -5.445194e+01 -2.170000e+01
    endloop
  endfacet
  facet normal 0.000000e+00 1.016938e-14 1.000000e+00
    outer loop
      vertex   -3.000000e+01 -5.550000e+01 -2.170000e+01
      vertex   -3.716968e+01 -5.445194e+01 -2.170000e+01
      vertex   -3.783032e+01 -5.445194e+01 -2.170000e+01
    endloop
  endfacet
  facet normal 1.686314e-15 3.116035e-15 1.000000e+00
    outer loop
      vertex   -3.910678e+01 -5.412869e+01 -2.170000e+01
      vertex   -3.968779e+01 -5.381427e+01 -2.170000e+01
      vertex   -4.500000e+01 -5.550000e+01 -2.170000e+01
    endloop
  endfacet
  facet normal -7.335522e-17 8.661234e-15 1.000000e+00
    outer loop
      vertex   -4.500000e+01 -5.550000e+01 -2.170000e+01
      vertex   -3.968779e+01 -5.381427e+01 -2.170000e+01
      vertex   -4.020913e+01 -5.340850e+01 -2.170000e+01
    endloop
  endfacet
  facet normal 3.686368e-16 7.648791e-15 1.000000e+00
    outer loop
      vertex   -4.500000e+01 -5.550000e+01 -2.170000e+01
      vertex   -4.020913e+01 -5.340850e+01 -2.170000e+01
      vertex   -4.065656e+01 -5.292245e+01 -2.170000e+01
    endloop
  endfacet
  facet normal 7.895262e-16 6.939548e-15 1.000000e+00
    outer loop
      vertex   -4.065656e+01 -5.292245e+01 -2.170000e+01
      vertex   -4.101790e+01 -5.236939e+01 -2.170000e+01
      vertex   -4.500000e+01 -5.550000e+01 -2.170000e+01
    endloop
  endfacet
  facet normal -2.221900e-15 1.077005e-14 1.000000e+00
    outer loop
      vertex   -4.500000e+01 -5.550000e+01 -2.170000e+01
      vertex   -4.101790e+01 -5.236939e+01 -2.170000e+01
      vertex   -4.128327e+01 -5.176440e+01 -2.170000e+01
    endloop
  endfacet
  facet normal -2.031418e-15 1.058053e-14 1.000000e+00
    outer loop
      vertex   -4.500000e+01 -5.550000e+01 -2.170000e+01
      vertex   -4.128327e+01 -5.176440e+01 -2.170000e+01
      vertex   -4.144545e+01 -5.112398e+01 -2.170000e+01
    endloop
  endfacet
  facet normal 7.001875e-01 -8.184018e-02 7.092529e-01
    outer loop
      vertex   -3.944609e+01 2.547898e+01 -2.370000e+01
      vertex   -4.145967e+01 2.558432e+01 -2.170000e+01
      vertex   -3.950000e+01 2.501775e+01 -2.370000e+01
    endloop
  endfacet
  facet normal 7.078132e-01 -4.115629e-02 7.051997e-01
    outer loop
      vertex   -3.950000e+01 2.501775e+01 -2.370000e+01
      vertex   -4.145967e+01 2.558432e+01 -2.170000e+01
      vertex   -4.149865e+01 2.491393e+01 -2.170000e+01
    endloop
  endfacet
  facet normal 7.031898e-01 7.766386e-02 7.067478e-01
    outer loop
      vertex   -3.950000e+01 2.501775e+01 -2.370000e+01
      vertex   -4.149865e+01 2.491393e+01 -2.170000e+01
      vertex   -4.142493e+01 2.424646e+01 -2.170000e+01
    endloop
  endfacet
  facet normal 6.915290e-01 -1.591183e-01 7.046056e-01
    outer loop
      vertex   -4.145967e+01 2.558432e+01 -2.170000e+01
      vertex   -3.944609e+01 2.547898e+01 -2.370000e+01
      vertex   -4.130909e+01 2.623875e+01 -2.170000e+01
    endloop
  endfacet
  facet normal 6.627207e-01 -2.412106e-01 7.089561e-01
    outer loop
      vertex   -4.130909e+01 2.623875e+01 -2.170000e+01
      vertex   -3.944609e+01 2.547898e+01 -2.370000e+01
      vertex   -3.928727e+01 2.591535e+01 -2.370000e+01
    endloop
  endfacet
  facet normal 6.543431e-01 -2.722194e-01 7.055011e-01
    outer loop
      vertex   -4.130909e+01 2.623875e+01 -2.170000e+01
      vertex   -3.928727e+01 2.591535e+01 -2.370000e+01
      vertex   -4.105115e+01 2.685876e+01 -2.170000e+01
    endloop
  endfacet
  facet normal 5.989358e-01 -3.774402e-01 7.062682e-01
    outer loop
      vertex   -4.105115e+01 2.685876e+01 -2.170000e+01
      vertex   -3.928727e+01 2.591535e+01 -2.370000e+01
      vertex   -4.069313e+01 2.742689e+01 -2.170000e+01
    endloop
  endfacet
  facet normal 5.900139e-01 -3.880582e-01 7.080215e-01
    outer loop
      vertex   -4.069313e+01 2.742689e+01 -2.170000e+01
      vertex   -3.928727e+01 2.591535e+01 -2.370000e+01
      vertex   -3.903209e+01 2.630333e+01 -2.370000e+01
    endloop
  endfacet
  facet normal 5.284546e-01 -4.733027e-01 7.047839e-01
    outer loop
      vertex   -4.069313e+01 2.742689e+01 -2.170000e+01
      vertex   -3.903209e+01 2.630333e+01 -2.370000e+01
      vertex   -4.024511e+01 2.792711e+01 -2.170000e+01
    endloop
  endfacet
  facet normal 4.836084e-01 -5.125949e-01 7.094853e-01
    outer loop
      vertex   -4.024511e+01 2.792711e+01 -2.170000e+01
      vertex   -3.903209e+01 2.630333e+01 -2.370000e+01
      vertex   -3.869432e+01 2.662200e+01 -2.370000e+01
    endloop
  endfacet
  facet normal 4.418284e-01 -5.550368e-01 7.047850e-01
    outer loop
      vertex   -4.024511e+01 2.792711e+01 -2.170000e+01
      vertex   -3.869432e+01 2.662200e+01 -2.370000e+01
      vertex   -3.971972e+01 2.834534e+01 -2.170000e+01
    endloop
  endfacet
  facet normal 3.530977e-01 -6.115831e-01 7.080171e-01
    outer loop
      vertex   -3.971972e+01 2.834534e+01 -2.170000e+01
      vertex   -3.869432e+01 2.662200e+01 -2.370000e+01
      vertex   -3.829216e+01 2.685419e+01 -2.370000e+01
    endloop
  endfacet
  facet normal 3.420353e-01 -6.198325e-01 7.062716e-01
    outer loop
      vertex   -3.971972e+01 2.834534e+01 -2.170000e+01
      vertex   -3.829216e+01 2.685419e+01 -2.370000e+01
      vertex   -3.913177e+01 2.866978e+01 -2.170000e+01
    endloop
  endfacet
  facet normal 2.337781e-01 -6.690437e-01 7.054986e-01
    outer loop
      vertex   -3.913177e+01 2.866978e+01 -2.170000e+01
      vertex   -3.829216e+01 2.685419e+01 -2.370000e+01
      vertex   -3.849783e+01 2.889130e+01 -2.170000e+01
    endloop
  endfacet
  facet normal 2.022680e-01 -6.756221e-01 7.089587e-01
    outer loop
      vertex   -3.849783e+01 2.889130e+01 -2.170000e+01
      vertex   -3.829216e+01 2.685419e+01 -2.370000e+01
      vertex   -3.784730e+01 2.698737e+01 -2.370000e+01
    endloop
  endfacet
  facet normal 1.187084e-01 -6.995996e-01 7.046054e-01
    outer loop
      vertex   -3.849783e+01 2.889130e+01 -2.170000e+01
      vertex   -3.784730e+01 2.698737e+01 -2.370000e+01
      vertex   -3.783576e+01 2.900364e+01 -2.170000e+01
    endloop
  endfacet
  facet normal 4.098954e-02 -7.037633e-01 7.092511e-01
    outer loop
      vertex   -3.783576e+01 2.900364e+01 -2.170000e+01
      vertex   -3.784730e+01 2.698737e+01 -2.370000e+01
      vertex   -3.738371e+01 2.701437e+01 -2.370000e+01
    endloop
  endfacet
  facet normal 0.000000e+00 -7.090067e-01 7.052017e-01
    outer loop
      vertex   -3.783576e+01 2.900364e+01 -2.170000e+01
      vertex   -3.738371e+01 2.701437e+01 -2.370000e+01
      vertex   -3.716424e+01 2.900364e+01 -2.170000e+01
    endloop
  endfacet
  facet normal -1.183520e-01 -6.974996e-01 7.067440e-01
    outer loop
      vertex   -3.716424e+01 2.900364e+01 -2.170000e+01
      vertex   -3.738371e+01 2.701437e+01 -2.370000e+01
      vertex   -3.650217e+01 2.889130e+01 -2.170000e+01
    endloop
  endfacet
  facet normal -1.227421e-01 -6.961049e-01 7.073700e-01
    outer loop
      vertex   -3.650217e+01 2.889130e+01 -2.170000e+01
      vertex   -3.738371e+01 2.701437e+01 -2.370000e+01
      vertex   -3.692639e+01 2.693373e+01 -2.370000e+01
    endloop
  endfacet
  facet normal -2.339536e-01 -6.695460e-01 7.049638e-01
    outer loop
      vertex   -3.650217e+01 2.889130e+01 -2.170000e+01
      vertex   -3.692639e+01 2.693373e+01 -2.370000e+01
      vertex   -3.586823e+01 2.866978e+01 -2.170000e+01
    endloop
  endfacet
  facet normal -2.791489e-01 -6.471398e-01 7.094266e-01
    outer loop
      vertex   -3.586823e+01 2.866978e+01 -2.170000e+01
      vertex   -3.692639e+01 2.693373e+01 -2.370000e+01
      vertex   -3.650000e+01 2.674980e+01 -2.370000e+01
    endloop
  endfacet
  facet normal -3.428080e-01 -6.212327e-01 7.046649e-01
    outer loop
      vertex   -3.586823e+01 2.866978e+01 -2.170000e+01
      vertex   -3.650000e+01 2.674980e+01 -2.370000e+01
      vertex   -3.528028e+01 2.834534e+01 -2.170000e+01
    endloop
  endfacet
  facet normal -4.213919e-01 -5.660275e-01 7.085490e-01
    outer loop
      vertex   -3.528028e+01 2.834534e+01 -2.170000e+01
      vertex   -3.650000e+01 2.674980e+01 -2.370000e+01
      vertex   -3.612752e+01 2.647250e+01 -2.370000e+01
    endloop
  endfacet
  facet normal -4.411658e-01 -5.542044e-01 7.058542e-01
    outer loop
      vertex   -3.528028e+01 2.834534e+01 -2.170000e+01
      vertex   -3.612752e+01 2.647250e+01 -2.370000e+01
      vertex   -3.475489e+01 2.792711e+01 -2.170000e+01
    endloop
  endfacet
  facet normal -5.276591e-01 -4.725902e-01 7.058571e-01
    outer loop
      vertex   -3.475489e+01 2.792711e+01 -2.170000e+01
      vertex   -3.612752e+01 2.647250e+01 -2.370000e+01
      vertex   -3.430687e+01 2.742689e+01 -2.170000e+01
    endloop
  endfacet
  facet normal -5.405708e-01 -4.535928e-01 7.085455e-01
    outer loop
      vertex   -3.430687e+01 2.742689e+01 -2.170000e+01
      vertex   -3.612752e+01 2.647250e+01 -2.370000e+01
      vertex   -3.582902e+01 2.611677e+01 -2.370000e+01
    endloop
  endfacet
  facet normal -6.002854e-01 -3.782907e-01 7.046656e-01
    outer loop
      vertex   -3.430687e+01 2.742689e+01 -2.170000e+01
      vertex   -3.582902e+01 2.611677e+01 -2.370000e+01
      vertex   -3.394885e+01 2.685876e+01 -2.170000e+01
    endloop
  endfacet
  facet normal -6.298131e-01 -3.163040e-01 7.094274e-01
    outer loop
      vertex   -3.394885e+01 2.685876e+01 -2.170000e+01
      vertex   -3.582902e+01 2.611677e+01 -2.370000e+01
      vertex   -3.562061e+01 2.570179e+01 -2.370000e+01
    endloop
  endfacet
  facet normal -6.548380e-01 -2.724253e-01 7.049622e-01
    outer loop
      vertex   -3.394885e+01 2.685876e+01 -2.170000e+01
      vertex   -3.562061e+01 2.570179e+01 -2.370000e+01
      vertex   -3.369091e+01 2.623875e+01 -2.170000e+01
    endloop
  endfacet
  facet normal -6.877852e-01 -1.630081e-01 7.073754e-01
    outer loop
      vertex   -3.369091e+01 2.623875e+01 -2.170000e+01
      vertex   -3.562061e+01 2.570179e+01 -2.370000e+01
      vertex   -3.551352e+01 2.524994e+01 -2.370000e+01
    endloop
  endfacet
  facet normal -6.894571e-01 -1.586415e-01 7.067402e-01
    outer loop
      vertex   -3.369091e+01 2.623875e+01 -2.170000e+01
      vertex   -3.551352e+01 2.524994e+01 -2.370000e+01
      vertex   -3.354033e+01 2.558432e+01 -2.170000e+01
    endloop
  endfacet
  facet normal -7.078092e-01 -4.115606e-02 7.052037e-01
    outer loop
      vertex   -3.354033e+01 2.558432e+01 -2.170000e+01
      vertex   -3.551352e+01 2.524994e+01 -2.370000e+01
      vertex   -3.350135e+01 2.491393e+01 -2.170000e+01
    endloop
  endfacet
  facet normal -7.049577e-01 0.000000e+00 7.092493e-01
    outer loop
      vertex   -3.350135e+01 2.491393e+01 -2.170000e+01
      vertex   -3.551352e+01 2.524994e+01 -2.370000e+01
      vertex   -3.551352e+01 2.478557e+01 -2.370000e+01
    endloop
  endfacet
  facet normal -7.053109e-01 7.789812e-02 7.046052e-01
    outer loop
      vertex   -3.350135e+01 2.491393e+01 -2.170000e+01
      vertex   -3.551352e+01 2.478557e+01 -2.370000e+01
      vertex   -3.357507e+01 2.424646e+01 -2.170000e+01
    endloop
  endfacet
  facet normal -6.862373e-01 1.626412e-01 7.089614e-01
    outer loop
      vertex   -3.357507e+01 2.424646e+01 -2.170000e+01
      vertex   -3.551352e+01 2.478557e+01 -2.370000e+01
      vertex   -3.562061e+01 2.433371e+01 -2.370000e+01
    endloop
  endfacet
  facet normal -6.814882e-01 1.945481e-01 7.054962e-01
    outer loop
      vertex   -3.357507e+01 2.424646e+01 -2.170000e+01
      vertex   -3.562061e+01 2.433371e+01 -2.370000e+01
      vertex   -3.375941e+01 2.360073e+01 -2.170000e+01
    endloop
  endfacet
  facet normal -6.386387e-01 3.054773e-01 7.062749e-01
    outer loop
      vertex   -3.375941e+01 2.360073e+01 -2.170000e+01
      vertex   -3.562061e+01 2.433371e+01 -2.370000e+01
      vertex   -3.404917e+01 2.299494e+01 -2.170000e+01
    endloop
  endfacet
  facet normal -6.310832e-01 3.169419e-01 7.080126e-01
    outer loop
      vertex   -3.404917e+01 2.299494e+01 -2.170000e+01
      vertex   -3.562061e+01 2.433371e+01 -2.370000e+01
      vertex   -3.582902e+01 2.391874e+01 -2.370000e+01
    endloop
  endfacet
  facet normal -5.797470e-01 4.088641e-01 7.047861e-01
    outer loop
      vertex   -3.404917e+01 2.299494e+01 -2.170000e+01
      vertex   -3.582902e+01 2.391874e+01 -2.370000e+01
      vertex   -3.443620e+01 2.244616e+01 -2.170000e+01
    endloop
  endfacet
  facet normal -5.398470e-01 4.529854e-01 7.094853e-01
    outer loop
      vertex   -3.443620e+01 2.244616e+01 -2.170000e+01
      vertex   -3.582902e+01 2.391874e+01 -2.370000e+01
      vertex   -3.612752e+01 2.356301e+01 -2.370000e+01
    endloop
  endfacet
  facet normal -5.031809e-01 5.000902e-01 7.047828e-01
    outer loop
      vertex   -3.443620e+01 2.244616e+01 -2.170000e+01
      vertex   -3.612752e+01 2.356301e+01 -2.370000e+01
      vertex   -3.490957e+01 2.196985e+01 -2.170000e+01
    endloop
  endfacet
  facet normal -4.217053e-01 5.664485e-01 7.080259e-01
    outer loop
      vertex   -3.490957e+01 2.196985e+01 -2.170000e+01
      vertex   -3.612752e+01 2.356301e+01 -2.370000e+01
      vertex   -3.650000e+01 2.328570e+01 -2.370000e+01
    endloop
  endfacet
  facet normal -4.115725e-01 5.760191e-01 7.062649e-01
    outer loop
      vertex   -3.490957e+01 2.196985e+01 -2.170000e+01
      vertex   -3.650000e+01 2.328570e+01 -2.370000e+01
      vertex   -3.545596e+01 2.157945e+01 -2.170000e+01
    endloop
  endfacet
  facet normal -3.195406e-01 6.320246e-01 7.060020e-01
    outer loop
      vertex   -3.545596e+01 2.157945e+01 -2.170000e+01
      vertex   -3.650000e+01 2.328570e+01 -2.370000e+01
      vertex   -3.593794e+01 2.132349e+01 -2.168900e+01
    endloop
  endfacet
  facet normal -2.791420e-01 6.471238e-01 7.094438e-01
    outer loop
      vertex   -3.593794e+01 2.132349e+01 -2.168900e+01
      vertex   -3.650000e+01 2.328570e+01 -2.370000e+01
      vertex   -3.692639e+01 2.310177e+01 -2.370000e+01
    endloop
  endfacet
  facet normal -2.318130e-01 6.693618e-01 7.058452e-01
    outer loop
      vertex   -3.593794e+01 2.132349e+01 -2.168900e+01
      vertex   -3.692639e+01 2.310177e+01 -2.370000e+01
      vertex   -3.643947e+01 2.112505e+01 -2.166553e+01
    endloop
  endfacet
  facet normal -1.405059e-01 6.930789e-01 7.070359e-01
    outer loop
      vertex   -3.643947e+01 2.112505e+01 -2.166553e+01
      vertex   -3.692639e+01 2.310177e+01 -2.370000e+01
      vertex   -3.696029e+01 2.099678e+01 -2.164329e+01
    endloop
  endfacet
  facet normal -1.224771e-01 6.946019e-01 7.088918e-01
    outer loop
      vertex   -3.696029e+01 2.099678e+01 -2.164329e+01
      vertex   -3.692639e+01 2.310177e+01 -2.370000e+01
      vertex   -3.738371e+01 2.302114e+01 -2.370000e+01
    endloop
  endfacet
  facet normal -4.683921e-02 7.070693e-01 7.055913e-01
    outer loop
      vertex   -3.696029e+01 2.099678e+01 -2.164329e+01
      vertex   -3.738371e+01 2.302114e+01 -2.370000e+01
      vertex   -3.750000e+01 2.095124e+01 -2.163349e+01
    endloop
  endfacet
  facet normal 4.104857e-02 7.047767e-01 7.082406e-01
    outer loop
      vertex   -3.750000e+01 2.095124e+01 -2.163349e+01
      vertex   -3.738371e+01 2.302114e+01 -2.370000e+01
      vertex   -3.784730e+01 2.304814e+01 -2.370000e+01
    endloop
  endfacet
  facet normal 4.663413e-02 7.050716e-01 7.076011e-01
    outer loop
      vertex   -3.750000e+01 2.095124e+01 -2.163349e+01
      vertex   -3.784730e+01 2.304814e+01 -2.370000e+01
      vertex   -3.803971e+01 2.099678e+01 -2.164329e+01
    endloop
  endfacet
  facet normal 1.408740e-01 6.943451e-01 7.057191e-01
    outer loop
      vertex   -3.803971e+01 2.099678e+01 -2.164329e+01
      vertex   -3.784730e+01 2.304814e+01 -2.370000e+01
      vertex   -3.856053e+01 2.112505e+01 -2.166553e+01
    endloop
  endfacet
  facet normal 2.021840e-01 6.753416e-01 7.092498e-01
    outer loop
      vertex   -3.856053e+01 2.112505e+01 -2.166553e+01
      vertex   -3.784730e+01 2.304814e+01 -2.370000e+01
      vertex   -3.829216e+01 2.318132e+01 -2.370000e+01
    endloop
  endfacet
  facet normal 2.315509e-01 6.687753e-01 7.064870e-01
    outer loop
      vertex   -3.856053e+01 2.112505e+01 -2.166553e+01
      vertex   -3.829216e+01 2.318132e+01 -2.370000e+01
      vertex   -3.906206e+01 2.132349e+01 -2.168900e+01
    endloop
  endfacet
  facet normal 3.194870e-01 6.319284e-01 7.061123e-01
    outer loop
      vertex   -3.906206e+01 2.132349e+01 -2.168900e+01
      vertex   -3.829216e+01 2.318132e+01 -2.370000e+01
      vertex   -3.954404e+01 2.157945e+01 -2.170000e+01
    endloop
  endfacet
  facet normal 3.523888e-01 6.103553e-01 7.094283e-01
    outer loop
      vertex   -3.954404e+01 2.157945e+01 -2.170000e+01
      vertex   -3.829216e+01 2.318132e+01 -2.370000e+01
      vertex   -3.869432e+01 2.341351e+01 -2.370000e+01
    endloop
  endfacet
  facet normal 4.124976e-01 5.773138e-01 7.046663e-01
    outer loop
      vertex   -3.954404e+01 2.157945e+01 -2.170000e+01
      vertex   -3.869432e+01 2.341351e+01 -2.370000e+01
      vertex   -4.009043e+01 2.196985e+01 -2.170000e+01
    endloop
  endfacet
  facet normal 4.842592e-01 5.132848e-01 7.085420e-01
    outer loop
      vertex   -4.009043e+01 2.196985e+01 -2.170000e+01
      vertex   -3.869432e+01 2.341351e+01 -2.370000e+01
      vertex   -3.903209e+01 2.373218e+01 -2.370000e+01
    endloop
  endfacet
  facet normal 5.024207e-01 4.993346e-01 7.058600e-01
    outer loop
      vertex   -4.009043e+01 2.196985e+01 -2.170000e+01
      vertex   -3.903209e+01 2.373218e+01 -2.370000e+01
      vertex   -4.056380e+01 2.244616e+01 -2.170000e+01
    endloop
  endfacet
  facet normal 5.788809e-01 4.082533e-01 7.058513e-01
    outer loop
      vertex   -4.056380e+01 2.244616e+01 -2.170000e+01
      vertex   -3.903209e+01 2.373218e+01 -2.370000e+01
      vertex   -4.095083e+01 2.299494e+01 -2.170000e+01
    endloop
  endfacet
  facet normal 5.895687e-01 3.877654e-01 7.085526e-01
    outer loop
      vertex   -4.095083e+01 2.299494e+01 -2.170000e+01
      vertex   -3.903209e+01 2.373218e+01 -2.370000e+01
      vertex   -3.928727e+01 2.412015e+01 -2.370000e+01
    endloop
  endfacet
  facet normal 6.400850e-01 3.061691e-01 7.046642e-01
    outer loop
      vertex   -4.095083e+01 2.299494e+01 -2.170000e+01
      vertex   -3.928727e+01 2.412015e+01 -2.370000e+01
      vertex   -4.124059e+01 2.360073e+01 -2.170000e+01
    endloop
  endfacet
  facet normal 6.622768e-01 2.410490e-01 7.094257e-01
    outer loop
      vertex   -4.124059e+01 2.360073e+01 -2.170000e+01
      vertex   -3.928727e+01 2.412015e+01 -2.370000e+01
      vertex   -3.944609e+01 2.455652e+01 -2.370000e+01
    endloop
  endfacet
  facet normal 6.819959e-01 1.946931e-01 7.049653e-01
    outer loop
      vertex   -4.124059e+01 2.360073e+01 -2.170000e+01
      vertex   -3.944609e+01 2.455652e+01 -2.370000e+01
      vertex   -4.142493e+01 2.424646e+01 -2.170000e+01
    endloop
  endfacet
  facet normal 7.020693e-01 8.206013e-02 7.073647e-01
    outer loop
      vertex   -4.142493e+01 2.424646e+01 -2.170000e+01
      vertex   -3.944609e+01 2.455652e+01 -2.370000e+01
      vertex   -3.950000e+01 2.501775e+01 -2.370000e+01
    endloop
  endfacet
  facet normal 9.932384e-01 -1.160929e-01 -5.499265e-16
    outer loop
      vertex   -3.944609e+01 2.547898e+01 -2.670000e+01
      vertex   -3.944609e+01 2.547898e+01 -2.370000e+01
      vertex   -3.950000e+01 2.501775e+01 -2.670000e+01
    endloop
  endfacet
  facet normal 9.932384e-01 -1.160929e-01 -5.499265e-16
    outer loop
      vertex   -3.950000e+01 2.501775e+01 -2.670000e+01
      vertex   -3.944609e+01 2.547898e+01 -2.370000e+01
      vertex   -3.950000e+01 2.501775e+01 -2.370000e+01
    endloop
  endfacet
  facet normal 9.932384e-01 1.160929e-01 5.499265e-16
    outer loop
      vertex   -3.950000e+01 2.501775e+01 -2.670000e+01
      vertex   -3.950000e+01 2.501775e+01 -2.370000e+01
      vertex   -3.944609e+01 2.455652e+01 -2.670000e+01
    endloop
  endfacet
  facet normal 9.932384e-01 1.160929e-01 4.124449e-16
    outer loop
      vertex   -3.944609e+01 2.455652e+01 -2.670000e+01
      vertex   -3.950000e+01 2.501775e+01 -2.370000e+01
      vertex   -3.944609e+01 2.455652e+01 -2.370000e+01
    endloop
  endfacet
  facet normal 9.396926e-01 3.420201e-01 1.215100e-15
    outer loop
      vertex   -3.944609e+01 2.455652e+01 -2.670000e+01
      vertex   -3.944609e+01 2.455652e+01 -2.370000e+01
      vertex   -3.928727e+01 2.412015e+01 -2.670000e+01
    endloop
  endfacet
  facet normal 9.396926e-01 3.420201e-01 1.620133e-15
    outer loop
      vertex   -3.928727e+01 2.412015e+01 -2.670000e+01
      vertex   -3.944609e+01 2.455652e+01 -2.370000e+01
      vertex   -3.928727e+01 2.412015e+01 -2.370000e+01
    endloop
  endfacet
  facet normal 8.354878e-01 5.495090e-01 2.602997e-15
    outer loop
      vertex   -3.928727e+01 2.412015e+01 -2.670000e+01
      vertex   -3.928727e+01 2.412015e+01 -2.370000e+01
      vertex   -3.903209e+01 2.373218e+01 -2.670000e+01
    endloop
  endfacet
  facet normal 8.354878e-01 5.495090e-01 2.602997e-15
    outer loop
      vertex   -3.903209e+01 2.373218e+01 -2.670000e+01
      vertex   -3.928727e+01 2.412015e+01 -2.370000e+01
      vertex   -3.903209e+01 2.373218e+01 -2.370000e+01
    endloop
  endfacet
  facet normal 6.862416e-01 7.273736e-01 3.445534e-15
    outer loop
      vertex   -3.903209e+01 2.373218e+01 -2.670000e+01
      vertex   -3.903209e+01 2.373218e+01 -2.370000e+01
      vertex   -3.869432e+01 2.341351e+01 -2.670000e+01
    endloop
  endfacet
  facet normal 6.862416e-01 7.273736e-01 3.445534e-15
    outer loop
      vertex   -3.869432e+01 2.341351e+01 -2.670000e+01
      vertex   -3.903209e+01 2.373218e+01 -2.370000e+01
      vertex   -3.869432e+01 2.341351e+01 -2.370000e+01
    endloop
  endfacet
  facet normal 5.000000e-01 8.660254e-01 4.102320e-15
    outer loop
      vertex   -3.869432e+01 2.341351e+01 -2.670000e+01
      vertex   -3.869432e+01 2.341351e+01 -2.370000e+01
      vertex   -3.829216e+01 2.318132e+01 -2.670000e+01
    endloop
  endfacet
  facet normal 5.000000e-01 8.660254e-01 4.102320e-15
    outer loop
      vertex   -3.829216e+01 2.318132e+01 -2.670000e+01
      vertex   -3.869432e+01 2.341351e+01 -2.370000e+01
      vertex   -3.829216e+01 2.318132e+01 -2.370000e+01
    endloop
  endfacet
  facet normal 2.868032e-01 9.579895e-01 4.537950e-15
    outer loop
      vertex   -3.829216e+01 2.318132e+01 -2.670000e+01
      vertex   -3.829216e+01 2.318132e+01 -2.370000e+01
      vertex   -3.784730e+01 2.304814e+01 -2.670000e+01
    endloop
  endfacet
  facet normal 2.868032e-01 9.579895e-01 4.537950e-15
    outer loop
      vertex   -3.784730e+01 2.304814e+01 -2.670000e+01
      vertex   -3.829216e+01 2.318132e+01 -2.370000e+01
      vertex   -3.784730e+01 2.304814e+01 -2.370000e+01
    endloop
  endfacet
  facet normal 5.814483e-02 9.983082e-01 4.728937e-15
    outer loop
      vertex   -3.784730e+01 2.304814e+01 -2.670000e+01
      vertex   -3.784730e+01 2.304814e+01 -2.370000e+01
      vertex   -3.738371e+01 2.302114e+01 -2.670000e+01
    endloop
  endfacet
  facet normal 5.814483e-02 9.983082e-01 4.728937e-15
    outer loop
      vertex   -3.738371e+01 2.302114e+01 -2.670000e+01
      vertex   -3.784730e+01 2.304814e+01 -2.370000e+01
      vertex   -3.738371e+01 2.302114e+01 -2.370000e+01
    endloop
  endfacet
  facet normal -1.736482e-01 9.848078e-01 4.664987e-15
    outer loop
      vertex   -3.738371e+01 2.302114e+01 -2.670000e+01
      vertex   -3.738371e+01 2.302114e+01 -2.370000e+01
      vertex   -3.692639e+01 2.310177e+01 -2.670000e+01
    endloop
  endfacet
  facet normal -1.736482e-01 9.848078e-01 4.664987e-15
    outer loop
      vertex   -3.692639e+01 2.310177e+01 -2.670000e+01
      vertex   -3.738371e+01 2.302114e+01 -2.370000e+01
      vertex   -3.692639e+01 2.310177e+01 -2.370000e+01
    endloop
  endfacet
  facet normal -3.960798e-01 9.182161e-01 4.349545e-15
    outer loop
      vertex   -3.692639e+01 2.310177e+01 -2.670000e+01
      vertex   -3.692639e+01 2.310177e+01 -2.370000e+01
      vertex   -3.650000e+01 2.328570e+01 -2.670000e+01
    endloop
  endfacet
  facet normal -3.960798e-01 9.182161e-01 3.262159e-15
    outer loop
      vertex   -3.650000e+01 2.328570e+01 -2.670000e+01
      vertex   -3.692639e+01 2.310177e+01 -2.370000e+01
      vertex   -3.650000e+01 2.328570e+01 -2.370000e+01
    endloop
  endfacet
  facet normal -5.971586e-01 8.021232e-01 2.849714e-15
    outer loop
      vertex   -3.650000e+01 2.328570e+01 -2.670000e+01
      vertex   -3.650000e+01 2.328570e+01 -2.370000e+01
      vertex   -3.612752e+01 2.356301e+01 -2.670000e+01
    endloop
  endfacet
  facet normal -5.971586e-01 8.021232e-01 3.799619e-15
    outer loop
      vertex   -3.612752e+01 2.356301e+01 -2.670000e+01
      vertex   -3.650000e+01 2.328570e+01 -2.370000e+01
      vertex   -3.612752e+01 2.356301e+01 -2.370000e+01
    endloop
  endfacet
  facet normal -7.660444e-01 6.427876e-01 3.044854e-15
    outer loop
      vertex   -3.612752e+01 2.356301e+01 -2.670000e+01
      vertex   -3.612752e+01 2.356301e+01 -2.370000e+01
      vertex   -3.582902e+01 2.391874e+01 -2.670000e+01
    endloop
  endfacet
  facet normal -7.660444e-01 6.427876e-01 3.044854e-15
    outer loop
      vertex   -3.582902e+01 2.391874e+01 -2.670000e+01
      vertex   -3.612752e+01 2.356301e+01 -2.370000e+01
      vertex   -3.582902e+01 2.391874e+01 -2.370000e+01
    endloop
  endfacet
  facet normal -8.936326e-01 4.487992e-01 2.125940e-15
    outer loop
      vertex   -3.582902e+01 2.391874e+01 -2.670000e+01
      vertex   -3.582902e+01 2.391874e+01 -2.370000e+01
      vertex   -3.562061e+01 2.433371e+01 -2.670000e+01
    endloop
  endfacet
  facet normal -8.936326e-01 4.487992e-01 2.125940e-15
    outer loop
      vertex   -3.562061e+01 2.433371e+01 -2.670000e+01
      vertex   -3.582902e+01 2.391874e+01 -2.370000e+01
      vertex   -3.562061e+01 2.433371e+01 -2.370000e+01
    endloop
  endfacet
  facet normal -9.730449e-01 2.306159e-01 1.092416e-15
    outer loop
      vertex   -3.562061e+01 2.433371e+01 -2.670000e+01
      vertex   -3.562061e+01 2.433371e+01 -2.370000e+01
      vertex   -3.551352e+01 2.478557e+01 -2.670000e+01
    endloop
  endfacet
  facet normal -9.730449e-01 2.306159e-01 8.193122e-16
    outer loop
      vertex   -3.551352e+01 2.478557e+01 -2.670000e+01
      vertex   -3.562061e+01 2.433371e+01 -2.370000e+01
      vertex   -3.551352e+01 2.478557e+01 -2.370000e+01
    endloop
  endfacet
  facet normal -1.000000e+00 0.000000e+00 0.000000e+00
    outer loop
      vertex   -3.551352e+01 2.478557e+01 -2.670000e+01
      vertex   -3.551352e+01 2.478557e+01 -2.370000e+01
      vertex   -3.551352e+01 2.524994e+01 -2.670000e+01
    endloop
  endfacet
  facet normal -1.000000e+00 0.000000e+00 0.000000e+00
    outer loop
      vertex   -3.551352e+01 2.524994e+01 -2.670000e+01
      vertex   -3.551352e+01 2.478557e+01 -2.370000e+01
      vertex   -3.551352e+01 2.524994e+01 -2.370000e+01
    endloop
  endfacet
  facet normal -9.730449e-01 -2.306159e-01 -1.092416e-15
    outer loop
      vertex   -3.551352e+01 2.524994e+01 -2.670000e+01
      vertex   -3.551352e+01 2.524994e+01 -2.370000e+01
      vertex   -3.562061e+01 2.570179e+01 -2.670000e+01
    endloop
  endfacet
  facet normal -9.730449e-01 -2.306159e-01 -1.092416e-15
    outer loop
      vertex   -3.562061e+01 2.570179e+01 -2.670000e+01
      vertex   -3.551352e+01 2.524994e+01 -2.370000e+01
      vertex   -3.562061e+01 2.570179e+01 -2.370000e+01
    endloop
  endfacet
  facet normal -8.936326e-01 -4.487992e-01 -2.125940e-15
    outer loop
      vertex   -3.562061e+01 2.570179e+01 -2.670000e+01
      vertex   -3.562061e+01 2.570179e+01 -2.370000e+01
      vertex   -3.582902e+01 2.611677e+01 -2.670000e+01
    endloop
  endfacet
  facet normal -8.936326e-01 -4.487992e-01 -2.125940e-15
    outer loop
      vertex   -3.582902e+01 2.611677e+01 -2.670000e+01
      vertex   -3.562061e+01 2.570179e+01 -2.370000e+01
      vertex   -3.582902e+01 2.611677e+01 -2.370000e+01
    endloop
  endfacet
  facet normal -7.660444e-01 -6.427876e-01 -3.044854e-15
    outer loop
      vertex   -3.582902e+01 2.611677e+01 -2.670000e+01
      vertex   -3.582902e+01 2.611677e+01 -2.370000e+01
      vertex   -3.612752e+01 2.647250e+01 -2.670000e+01
    endloop
  endfacet
  facet normal -7.660444e-01 -6.427876e-01 -2.283640e-15
    outer loop
      vertex   -3.612752e+01 2.647250e+01 -2.670000e+01
      vertex   -3.582902e+01 2.611677e+01 -2.370000e+01
      vertex   -3.612752e+01 2.647250e+01 -2.370000e+01
    endloop
  endfacet
  facet normal -5.971586e-01 -8.021232e-01 -2.849714e-15
    outer loop
      vertex   -3.612752e+01 2.647250e+01 -2.670000e+01
      vertex   -3.612752e+01 2.647250e+01 -2.370000e+01
      vertex   -3.650000e+01 2.674980e+01 -2.670000e+01
    endloop
  endfacet
  facet normal -5.971586e-01 -8.021232e-01 -5.699428e-15
    outer loop
      vertex   -3.650000e+01 2.674980e+01 -2.670000e+01
      vertex   -3.612752e+01 2.647250e+01 -2.370000e+01
      vertex   -3.650000e+01 2.674980e+01 -2.370000e+01
    endloop
  endfacet
  facet normal -3.960798e-01 -9.182161e-01 -6.524318e-15
    outer loop
      vertex   -3.650000e+01 2.674980e+01 -2.670000e+01
      vertex   -3.650000e+01 2.674980e+01 -2.370000e+01
      vertex   -3.692639e+01 2.693373e+01 -2.670000e+01
    endloop
  endfacet
  facet normal -3.960798e-01 -9.182161e-01 -4.349545e-15
    outer loop
      vertex   -3.692639e+01 2.693373e+01 -2.670000e+01
      vertex   -3.650000e+01 2.674980e+01 -2.370000e+01
      vertex   -3.692639e+01 2.693373e+01 -2.370000e+01
    endloop
  endfacet
  facet normal -1.736482e-01 -9.848078e-01 -4.664987e-15
    outer loop
      vertex   -3.692639e+01 2.693373e+01 -2.670000e+01
      vertex   -3.692639e+01 2.693373e+01 -2.370000e+01
      vertex   -3.738371e+01 2.701437e+01 -2.670000e+01
    endloop
  endfacet
  facet normal -1.736482e-01 -9.848078e-01 -4.664987e-15
    outer loop
      vertex   -3.738371e+01 2.701437e+01 -2.670000e+01
      vertex   -3.692639e+01 2.693373e+01 -2.370000e+01
      vertex   -3.738371e+01 2.701437e+01 -2.370000e+01
    endloop
  endfacet
  facet normal 5.814483e-02 -9.983082e-01 -4.728937e-15
    outer loop
      vertex   -3.738371e+01 2.701437e+01 -2.670000e+01
      vertex   -3.738371e+01 2.701437e+01 -2.370000e+01
      vertex   -3.784730e+01 2.698737e+01 -2.670000e+01
    endloop
  endfacet
  facet normal 5.814483e-02 -9.983082e-01 -4.728937e-15
    outer loop
      vertex   -3.784730e+01 2.698737e+01 -2.670000e+01
      vertex   -3.738371e+01 2.701437e+01 -2.370000e+01
      vertex   -3.784730e+01 2.698737e+01 -2.370000e+01
    endloop
  endfacet
  facet normal 2.868032e-01 -9.579895e-01 -4.537950e-15
    outer loop
      vertex   -3.784730e+01 2.698737e+01 -2.670000e+01
      vertex   -3.784730e+01 2.698737e+01 -2.370000e+01
      vertex   -3.829216e+01 2.685419e+01 -2.670000e+01
    endloop
  endfacet
  facet normal 2.868032e-01 -9.579895e-01 -3.403462e-15
    outer loop
      vertex   -3.829216e+01 2.685419e+01 -2.670000e+01
      vertex   -3.784730e+01 2.698737e+01 -2.370000e+01
      vertex   -3.829216e+01 2.685419e+01 -2.370000e+01
    endloop
  endfacet
  facet normal 5.000000e-01 -8.660254e-01 -3.076740e-15
    outer loop
      vertex   -3.829216e+01 2.685419e+01 -2.670000e+01
      vertex   -3.829216e+01 2.685419e+01 -2.370000e+01
      vertex   -3.869432e+01 2.662200e+01 -2.670000e+01
    endloop
  endfacet
  facet normal 5.000000e-01 -8.660254e-01 -4.102320e-15
    outer loop
      vertex   -3.869432e+01 2.662200e+01 -2.670000e+01
      vertex   -3.829216e+01 2.685419e+01 -2.370000e+01
      vertex   -3.869432e+01 2.662200e+01 -2.370000e+01
    endloop
  endfacet
  facet normal 6.862416e-01 -7.273736e-01 -3.445534e-15
    outer loop
      vertex   -3.869432e+01 2.662200e+01 -2.670000e+01
      vertex   -3.869432e+01 2.662200e+01 -2.370000e+01
      vertex   -3.903209e+01 2.630333e+01 -2.670000e+01
    endloop
  endfacet
  facet normal 6.862416e-01 -7.273736e-01 -3.445534e-15
    outer loop
      vertex   -3.903209e+01 2.630333e+01 -2.670000e+01
      vertex   -3.869432e+01 2.662200e+01 -2.370000e+01
      vertex   -3.903209e+01 2.630333e+01 -2.370000e+01
    endloop
  endfacet
  facet normal 8.354878e-01 -5.495090e-01 -2.602997e-15
    outer loop
      vertex   -3.903209e+01 2.630333e+01 -2.670000e+01
      vertex   -3.903209e+01 2.630333e+01 -2.370000e+01
      vertex   -3.928727e+01 2.591535e+01 -2.670000e+01
    endloop
  endfacet
  facet normal 8.354878e-01 -5.495090e-01 -2.602997e-15
    outer loop
      vertex   -3.928727e+01 2.591535e+01 -2.670000e+01
      vertex   -3.903209e+01 2.630333e+01 -2.370000e+01
      vertex   -3.928727e+01 2.591535e+01 -2.370000e+01
    endloop
  endfacet
  facet normal 9.396926e-01 -3.420201e-01 -1.620133e-15
    outer loop
      vertex   -3.928727e+01 2.591535e+01 -2.670000e+01
      vertex   -3.928727e+01 2.591535e+01 -2.370000e+01
      vertex   -3.944609e+01 2.547898e+01 -2.670000e+01
    endloop
  endfacet
  facet normal 9.396926e-01 -3.420201e-01 -1.620133e-15
    outer loop
      vertex   -3.944609e+01 2.547898e+01 -2.670000e+01
      vertex   -3.928727e+01 2.591535e+01 -2.370000e+01
      vertex   -3.944609e+01 2.547898e+01 -2.370000e+01
    endloop
  endfacet
  facet normal -7.002853e-01 8.185162e-02 7.091550e-01
    outer loop
      vertex   -3.944609e+01 4.612317e-01 -4.880000e+00
      vertex   -3.976576e+01 4.987314e-01 -5.200000e+00
      vertex   -3.950000e+01 6.555552e-16 -4.880000e+00
    endloop
  endfacet
  facet normal -7.050251e-01 7.667610e-02 7.050251e-01
    outer loop
      vertex   -3.950000e+01 6.555552e-16 -4.880000e+00
      vertex   -3.976576e+01 4.987314e-01 -5.200000e+00
      vertex   -3.982000e+01 6.654135e-16 -5.200000e+00
    endloop
  endfacet
  facet normal -7.050251e-01 -7.667610e-02 7.050251e-01
    outer loop
      vertex   -3.950000e+01 6.555552e-16 -4.880000e+00
      vertex   -3.982000e+01 6.654135e-16 -5.200000e+00
      vertex   -3.976576e+01 -4.987314e-01 -5.200000e+00
    endloop
  endfacet
  facet normal -6.754424e-01 2.275830e-01 7.014154e-01
    outer loop
      vertex   -3.976576e+01 4.987314e-01 -5.200000e+00
      vertex   -3.944609e+01 4.612317e-01 -4.880000e+00
      vertex   -3.960557e+01 9.741427e-01 -5.200000e+00
    endloop
  endfacet
  facet normal -6.589906e-01 2.398530e-01 7.128828e-01
    outer loop
      vertex   -3.960557e+01 9.741427e-01 -5.200000e+00
      vertex   -3.944609e+01 4.612317e-01 -4.880000e+00
      vertex   -3.928727e+01 8.975984e-01 -4.880000e+00
    endloop
  endfacet
  facet normal -6.133099e-01 3.690163e-01 6.983394e-01
    outer loop
      vertex   -3.960557e+01 9.741427e-01 -5.200000e+00
      vertex   -3.928727e+01 8.975984e-01 -4.880000e+00
      vertex   -3.934694e+01 1.404004e+00 -5.200000e+00
    endloop
  endfacet
  facet normal -5.833239e-01 3.836581e-01 7.159188e-01
    outer loop
      vertex   -3.934694e+01 1.404004e+00 -5.200000e+00
      vertex   -3.928727e+01 8.975984e-01 -4.880000e+00
      vertex   -3.903209e+01 1.285575e+00 -4.880000e+00
    endloop
  endfacet
  facet normal -5.214220e-01 4.939172e-01 6.958196e-01
    outer loop
      vertex   -3.934694e+01 1.404004e+00 -5.200000e+00
      vertex   -3.903209e+01 1.285575e+00 -4.880000e+00
      vertex   -3.900194e+01 1.768216e+00 -5.200000e+00
    endloop
  endfacet
  facet normal -4.774497e-01 5.060671e-01 7.182882e-01
    outer loop
      vertex   -3.900194e+01 1.768216e+00 -5.200000e+00
      vertex   -3.903209e+01 1.285575e+00 -4.880000e+00
      vertex   -3.869432e+01 1.604246e+00 -4.880000e+00
    endloop
  endfacet
  facet normal -4.041085e-01 5.960155e-01 6.938746e-01
    outer loop
      vertex   -3.900194e+01 1.768216e+00 -5.200000e+00
      vertex   -3.869432e+01 1.604246e+00 -4.880000e+00
      vertex   -3.858671e+01 2.049748e+00 -5.200000e+00
    endloop
  endfacet
  facet normal -3.469816e-01 6.009898e-01 7.200104e-01
    outer loop
      vertex   -3.858671e+01 2.049748e+00 -5.200000e+00
      vertex   -3.869432e+01 1.604246e+00 -4.880000e+00
      vertex   -3.829216e+01 1.836432e+00 -4.880000e+00
    endloop
  endfacet
  facet normal -2.670176e-01 6.701637e-01 6.925187e-01
    outer loop
      vertex   -3.858671e+01 2.049748e+00 -5.200000e+00
      vertex   -3.829216e+01 1.836432e+00 -4.880000e+00
      vertex   -3.812067e+01 2.235436e+00 -5.200000e+00
    endloop
  endfacet
  facet normal -1.987062e-01 6.637251e-01 7.210998e-01
    outer loop
      vertex   -3.812067e+01 2.235436e+00 -5.200000e+00
      vertex   -3.829216e+01 1.836432e+00 -4.880000e+00
      vertex   -3.784730e+01 1.969616e+00 -4.880000e+00
    endloop
  endfacet
  facet normal -1.168269e-01 7.126125e-01 6.917622e-01
    outer loop
      vertex   -3.812067e+01 2.235436e+00 -5.200000e+00
      vertex   -3.784730e+01 1.969616e+00 -4.880000e+00
      vertex   -3.762560e+01 2.316598e+00 -5.200000e+00
    endloop
  endfacet
  facet normal -4.025638e-02 6.911753e-01 7.215650e-01
    outer loop
      vertex   -3.762560e+01 2.316598e+00 -5.200000e+00
      vertex   -3.784730e+01 1.969616e+00 -4.880000e+00
      vertex   -3.738371e+01 1.996616e+00 -4.880000e+00
    endloop
  endfacet
  facet normal 3.910294e-02 7.212113e-01 6.916106e-01
    outer loop
      vertex   -3.762560e+01 2.316598e+00 -5.200000e+00
      vertex   -3.738371e+01 1.996616e+00 -4.880000e+00
      vertex   -3.712467e+01 2.289438e+00 -5.200000e+00
    endloop
  endfacet
  facet normal 1.202528e-01 6.819874e-01 7.214100e-01
    outer loop
      vertex   -3.712467e+01 2.289438e+00 -5.200000e+00
      vertex   -3.738371e+01 1.996616e+00 -4.880000e+00
      vertex   -3.692639e+01 1.915979e+00 -4.880000e+00
    endloop
  endfacet
  facet normal 1.931114e-01 6.955242e-01 6.920651e-01
    outer loop
      vertex   -3.712467e+01 2.289438e+00 -5.200000e+00
      vertex   -3.692639e+01 1.915979e+00 -4.880000e+00
      vertex   -3.664128e+01 2.155226e+00 -5.200000e+00
    endloop
  endfacet
  facet normal 2.746085e-01 6.366141e-01 7.206335e-01
    outer loop
      vertex   -3.664128e+01 2.155226e+00 -5.200000e+00
      vertex   -3.692639e+01 1.915979e+00 -4.880000e+00
      vertex   -3.650000e+01 1.732051e+00 -4.880000e+00
    endloop
  endfacet
  facet normal 3.376382e-01 6.368532e-01 6.931222e-01
    outer loop
      vertex   -3.664128e+01 2.155226e+00 -5.200000e+00
      vertex   -3.650000e+01 1.732051e+00 -4.880000e+00
      vertex   -3.619805e+01 1.920238e+00 -5.200000e+00
    endloop
  endfacet
  facet normal 4.148896e-01 5.572935e-01 7.192292e-01
    outer loop
      vertex   -3.619805e+01 1.920238e+00 -5.200000e+00
      vertex   -3.650000e+01 1.732051e+00 -4.880000e+00
      vertex   -3.612752e+01 1.454747e+00 -4.880000e+00
    endloop
  endfacet
  facet normal 4.656183e-01 5.481682e-01 6.947742e-01
    outer loop
      vertex   -3.619805e+01 1.920238e+00 -5.200000e+00
      vertex   -3.612752e+01 1.454747e+00 -4.880000e+00
      vertex   -3.581569e+01 1.595463e+00 -5.200000e+00
    endloop
  endfacet
  facet normal 5.338429e-01 4.479473e-01 7.171855e-01
    outer loop
      vertex   -3.581569e+01 1.595463e+00 -5.200000e+00
      vertex   -3.612752e+01 1.454747e+00 -4.880000e+00
      vertex   -3.582902e+01 1.099018e+00 -4.880000e+00
    endloop
  endfacet
  facet normal 5.708486e-01 4.339478e-01 6.970087e-01
    outer loop
      vertex   -3.581569e+01 1.595463e+00 -5.200000e+00
      vertex   -3.582902e+01 1.099018e+00 -4.880000e+00
      vertex   -3.551209e+01 1.196085e+00 -5.200000e+00
    endloop
  endfacet
  facet normal 6.252302e-01 3.140024e-01 7.144856e-01
    outer loop
      vertex   -3.551209e+01 1.196085e+00 -5.200000e+00
      vertex   -3.582902e+01 1.099018e+00 -4.880000e+00
      vertex   -3.562061e+01 6.840403e-01 -4.880000e+00
    endloop
  endfacet
  facet normal 6.483082e-01 2.999393e-01 6.998092e-01
    outer loop
      vertex   -3.551209e+01 1.196085e+00 -5.200000e+00
      vertex   -3.562061e+01 6.840403e-01 -4.880000e+00
      vertex   -3.530144e+01 7.407795e-01 -5.200000e+00
    endloop
  endfacet
  facet normal 6.841319e-01 1.621422e-01 7.111072e-01
    outer loop
      vertex   -3.530144e+01 7.407795e-01 -5.200000e+00
      vertex   -3.562061e+01 6.840403e-01 -4.880000e+00
      vertex   -3.551352e+01 2.321858e-01 -4.880000e+00
    endloop
  endfacet
  facet normal 6.944129e-01 1.528518e-01 7.031551e-01
    outer loop
      vertex   -3.530144e+01 7.407795e-01 -5.200000e+00
      vertex   -3.551352e+01 2.321858e-01 -4.880000e+00
      vertex   -3.519360e+01 2.508361e-01 -5.200000e+00
    endloop
  endfacet
  facet normal 7.071915e-01 0.000000e+00 7.070221e-01
    outer loop
      vertex   -3.519360e+01 2.508361e-01 -5.200000e+00
      vertex   -3.551352e+01 2.321858e-01 -4.880000e+00
      vertex   -3.551352e+01 -2.321858e-01 -4.880000e+00
    endloop
  endfacet
  facet normal 7.071915e-01 0.000000e+00 7.070221e-01
    outer loop
      vertex   -3.519360e+01 2.508361e-01 -5.200000e+00
      vertex   -3.551352e+01 -2.321858e-01 -4.880000e+00
      vertex   -3.519360e+01 -2.508361e-01 -5.200000e+00
    endloop
  endfacet
  facet normal 6.944129e-01 -1.528518e-01 7.031551e-01
    outer loop
      vertex   -3.519360e+01 -2.508361e-01 -5.200000e+00
      vertex   -3.551352e+01 -2.321858e-01 -4.880000e+00
      vertex   -3.530144e+01 -7.407795e-01 -5.200000e+00
    endloop
  endfacet
  facet normal 6.841319e-01 -1.621422e-01 7.111072e-01
    outer loop
      vertex   -3.530144e+01 -7.407795e-01 -5.200000e+00
      vertex   -3.551352e+01 -2.321858e-01 -4.880000e+00
      vertex   -3.562061e+01 -6.840403e-01 -4.880000e+00
    endloop
  endfacet
  facet normal 6.483082e-01 -2.999393e-01 6.998092e-01
    outer loop
      vertex   -3.530144e+01 -7.407795e-01 -5.200000e+00
      vertex   -3.562061e+01 -6.840403e-01 -4.880000e+00
      vertex   -3.551209e+01 -1.196085e+00 -5.200000e+00
    endloop
  endfacet
  facet normal 6.252302e-01 -3.140024e-01 7.144856e-01
    outer loop
      vertex   -3.551209e+01 -1.196085e+00 -5.200000e+00
      vertex   -3.562061e+01 -6.840403e-01 -4.880000e+00
      vertex   -3.582902e+01 -1.099018e+00 -4.880000e+00
    endloop
  endfacet
  facet normal 5.708486e-01 -4.339478e-01 6.970087e-01
    outer loop
      vertex   -3.551209e+01 -1.196085e+00 -5.200000e+00
      vertex   -3.582902e+01 -1.099018e+00 -4.880000e+00
      vertex   -3.581569e+01 -1.595463e+00 -5.200000e+00
    endloop
  endfacet
  facet normal 5.338429e-01 -4.479473e-01 7.171855e-01
    outer loop
      vertex   -3.581569e+01 -1.595463e+00 -5.200000e+00
      vertex   -3.582902e+01 -1.099018e+00 -4.880000e+00
      vertex   -3.612752e+01 -1.454747e+00 -4.880000e+00
    endloop
  endfacet
  facet normal 4.656183e-01 -5.481682e-01 6.947742e-01
    outer loop
      vertex   -3.581569e+01 -1.595463e+00 -5.200000e+00
      vertex   -3.612752e+01 -1.454747e+00 -4.880000e+00
      vertex   -3.619805e+01 -1.920238e+00 -5.200000e+00
    endloop
  endfacet
  facet normal 4.148896e-01 -5.572935e-01 7.192292e-01
    outer loop
      vertex   -3.619805e+01 -1.920238e+00 -5.200000e+00
      vertex   -3.612752e+01 -1.454747e+00 -4.880000e+00
      vertex   -3.650000e+01 -1.732051e+00 -4.880000e+00
    endloop
  endfacet
  facet normal 3.376382e-01 -6.368532e-01 6.931222e-01
    outer loop
      vertex   -3.619805e+01 -1.920238e+00 -5.200000e+00
      vertex   -3.650000e+01 -1.732051e+00 -4.880000e+00
      vertex   -3.664128e+01 -2.155226e+00 -5.200000e+00
    endloop
  endfacet
  facet normal 2.746085e-01 -6.366141e-01 7.206335e-01
    outer loop
      vertex   -3.664128e+01 -2.155226e+00 -5.200000e+00
      vertex   -3.650000e+01 -1.732051e+00 -4.880000e+00
      vertex   -3.692639e+01 -1.915979e+00 -4.880000e+00
    endloop
  endfacet
  facet normal 1.931114e-01 -6.955242e-01 6.920651e-01
    outer loop
      vertex   -3.664128e+01 -2.155226e+00 -5.200000e+00
      vertex   -3.692639e+01 -1.915979e+00 -4.880000e+00
      vertex   -3.712467e+01 -2.289438e+00 -5.200000e+00
    endloop
  endfacet
  facet normal 1.202528e-01 -6.819874e-01 7.214100e-01
    outer loop
      vertex   -3.712467e+01 -2.289438e+00 -5.200000e+00
      vertex   -3.692639e+01 -1.915979e+00 -4.880000e+00
      vertex   -3.738371e+01 -1.996616e+00 -4.880000e+00
    endloop
  endfacet
  facet normal 3.910294e-02 -7.212113e-01 6.916106e-01
    outer loop
      vertex   -3.712467e+01 -2.289438e+00 -5.200000e+00
      vertex   -3.738371e+01 -1.996616e+00 -4.880000e+00
      vertex   -3.762560e+01 -2.316598e+00 -5.200000e+00
    endloop
  endfacet
  facet normal -4.025638e-02 -6.911753e-01 7.215650e-01
    outer loop
      vertex   -3.762560e+01 -2.316598e+00 -5.200000e+00
      vertex   -3.738371e+01 -1.996616e+00 -4.880000e+00
      vertex   -3.784730e+01 -1.969616e+00 -4.880000e+00
    endloop
  endfacet
  facet normal -1.168269e-01 -7.126125e-01 6.917622e-01
    outer loop
      vertex   -3.762560e+01 -2.316598e+00 -5.200000e+00
      vertex   -3.784730e+01 -1.969616e+00 -4.880000e+00
      vertex   -3.812067e+01 -2.235436e+00 -5.200000e+00
    endloop
  endfacet
  facet normal -1.987062e-01 -6.637251e-01 7.210998e-01
    outer loop
      vertex   -3.812067e+01 -2.235436e+00 -5.200000e+00
      vertex   -3.784730e+01 -1.969616e+00 -4.880000e+00
      vertex   -3.829216e+01 -1.836432e+00 -4.880000e+00
    endloop
  endfacet
  facet normal -2.670176e-01 -6.701637e-01 6.925187e-01
    outer loop
      vertex   -3.812067e+01 -2.235436e+00 -5.200000e+00
      vertex   -3.829216e+01 -1.836432e+00 -4.880000e+00
      vertex   -3.858671e+01 -2.049748e+00 -5.200000e+00
    endloop
  endfacet
  facet normal -3.469816e-01 -6.009898e-01 7.200104e-01
    outer loop
      vertex   -3.858671e+01 -2.049748e+00 -5.200000e+00
      vertex   -3.829216e+01 -1.836432e+00 -4.880000e+00
      vertex   -3.869432e+01 -1.604246e+00 -4.880000e+00
    endloop
  endfacet
  facet normal -4.041085e-01 -5.960155e-01 6.938746e-01
    outer loop
      vertex   -3.858671e+01 -2.049748e+00 -5.200000e+00
      vertex   -3.869432e+01 -1.604246e+00 -4.880000e+00
      vertex   -3.900194e+01 -1.768216e+00 -5.200000e+00
    endloop
  endfacet
  facet normal -4.774497e-01 -5.060671e-01 7.182882e-01
    outer loop
      vertex   -3.900194e+01 -1.768216e+00 -5.200000e+00
      vertex   -3.869432e+01 -1.604246e+00 -4.880000e+00
      vertex   -3.903209e+01 -1.285575e+00 -4.880000e+00
    endloop
  endfacet
  facet normal -5.214220e-01 -4.939172e-01 6.958196e-01
    outer loop
      vertex   -3.900194e+01 -1.768216e+00 -5.200000e+00
      vertex   -3.903209e+01 -1.285575e+00 -4.880000e+00
      vertex   -3.934694e+01 -1.404004e+00 -5.200000e+00
    endloop
  endfacet
  facet normal -5.833239e-01 -3.836581e-01 7.159188e-01
    outer loop
      vertex   -3.934694e+01 -1.404004e+00 -5.200000e+00
      vertex   -3.903209e+01 -1.285575e+00 -4.880000e+00
      vertex   -3.928727e+01 -8.975984e-01 -4.880000e+00
    endloop
  endfacet
  facet normal -6.133099e-01 -3.690163e-01 6.983394e-01
    outer loop
      vertex   -3.934694e+01 -1.404004e+00 -5.200000e+00
      vertex   -3.928727e+01 -8.975984e-01 -4.880000e+00
      vertex   -3.960557e+01 -9.741427e-01 -5.200000e+00
    endloop
  endfacet
  facet normal -6.589906e-01 -2.398530e-01 7.128828e-01
    outer loop
      vertex   -3.960557e+01 -9.741427e-01 -5.200000e+00
      vertex   -3.928727e+01 -8.975984e-01 -4.880000e+00
      vertex   -3.944609e+01 -4.612317e-01 -4.880000e+00
    endloop
  endfacet
  facet normal -6.754424e-01 -2.275830e-01 7.014154e-01
    outer loop
      vertex   -3.960557e+01 -9.741427e-01 -5.200000e+00
      vertex   -3.944609e+01 -4.612317e-01 -4.880000e+00
      vertex   -3.976576e+01 -4.987314e-01 -5.200000e+00
    endloop
  endfacet
  facet normal -7.002853e-01 -8.185162e-02 7.091550e-01
    outer loop
      vertex   -3.976576e+01 -4.987314e-01 -5.200000e+00
      vertex   -3.944609e+01 -4.612317e-01 -4.880000e+00
      vertex   -3.950000e+01 6.555552e-16 -4.880000e+00
    endloop
  endfacet
  facet normal 5.781810e-16 2.933042e-16 1.000000e+00
    outer loop
      vertex   -3.000000e+01 3.079018e+00 -5.200000e+00
      vertex   -3.551209e+01 -1.196085e+00 -5.200000e+00
      vertex   -3.000000e+01 -2.114644e+01 -5.200000e+00
    endloop
  endfacet
  facet normal -1.288588e-16 9.795588e-17 1.000000e+00
    outer loop
      vertex   -3.000000e+01 -2.114644e+01 -5.200000e+00
      vertex   -3.551209e+01 -1.196085e+00 -5.200000e+00
      vertex   -3.581569e+01 -1.595463e+00 -5.200000e+00
    endloop
  endfacet
  facet normal -9.241310e-17 1.087971e-16 1.000000e+00
    outer loop
      vertex   -3.000000e+01 -2.114644e+01 -5.200000e+00
      vertex   -3.581569e+01 -1.595463e+00 -5.200000e+00
      vertex   -3.619805e+01 -1.920238e+00 -5.200000e+00
    endloop
  endfacet
  facet normal 3.448933e-31 5.824729e-15 1.000000e+00
    outer loop
      vertex   -4.500000e+01 3.079018e+00 -5.200000e+00
      vertex   -3.762560e+01 2.316598e+00 -5.200000e+00
      vertex   -3.000000e+01 3.079018e+00 -5.200000e+00
    endloop
  endfacet
  facet normal 2.047662e-16 3.776691e-15 1.000000e+00
    outer loop
      vertex   -3.000000e+01 3.079018e+00 -5.200000e+00
      vertex   -3.762560e+01 2.316598e+00 -5.200000e+00
      vertex   -3.712467e+01 2.289438e+00 -5.200000e+00
    endloop
  endfacet
  facet normal 4.454935e-16 1.604523e-15 1.000000e+00
    outer loop
      vertex   -3.000000e+01 3.079018e+00 -5.200000e+00
      vertex   -3.712467e+01 2.289438e+00 -5.200000e+00
      vertex   -3.664128e+01 2.155226e+00 -5.200000e+00
    endloop
  endfacet
  facet normal -6.028600e-16 2.933042e-16 1.000000e+00
    outer loop
      vertex   -4.500000e+01 -2.114644e+01 -5.200000e+00
      vertex   -3.960557e+01 -9.741427e-01 -5.200000e+00
      vertex   -4.500000e+01 3.079018e+00 -5.200000e+00
    endloop
  endfacet
  facet normal -1.102299e-15 -3.714076e-16 1.000000e+00
    outer loop
      vertex   -4.500000e+01 3.079018e+00 -5.200000e+00
      vertex   -3.960557e+01 -9.741427e-01 -5.200000e+00
      vertex   -3.976576e+01 -4.987314e-01 -5.200000e+00
    endloop
  endfacet
  facet normal -9.165669e-16 -9.968266e-17 1.000000e+00
    outer loop
      vertex   -4.500000e+01 3.079018e+00 -5.200000e+00
      vertex   -3.976576e+01 -4.987314e-01 -5.200000e+00
      vertex   -3.982000e+01 6.654135e-16 -5.200000e+00
    endloop
  endfacet
  facet normal 0.000000e+00 1.415060e-16 1.000000e+00
    outer loop
      vertex   -3.000000e+01 -2.114644e+01 -5.200000e+00
      vertex   -3.762560e+01 -2.316598e+00 -5.200000e+00
      vertex   -4.500000e+01 -2.114644e+01 -5.200000e+00
    endloop
  endfacet
  facet normal 2.179912e-17 1.329687e-16 1.000000e+00
    outer loop
      vertex   -4.500000e+01 -2.114644e+01 -5.200000e+00
      vertex   -3.762560e+01 -2.316598e+00 -5.200000e+00
      vertex   -3.812067e+01 -2.235436e+00 -5.200000e+00
    endloop
  endfacet
  facet normal 4.903238e-17 1.230620e-16 1.000000e+00
    outer loop
      vertex   -4.500000e+01 -2.114644e+01 -5.200000e+00
      vertex   -3.812067e+01 -2.235436e+00 -5.200000e+00
      vertex   -3.858671e+01 -2.049748e+00 -5.200000e+00
    endloop
  endfacet
  facet normal -8.052588e-16 8.757717e-17 1.000000e+00
    outer loop
      vertex   -3.982000e+01 6.654135e-16 -5.200000e+00
      vertex   -3.976576e+01 4.987314e-01 -5.200000e+00
      vertex   -4.500000e+01 3.079018e+00 -5.200000e+00
    endloop
  endfacet
  facet normal -7.275809e-16 2.451506e-16 1.000000e+00
    outer loop
      vertex   -4.500000e+01 3.079018e+00 -5.200000e+00
      vertex   -3.976576e+01 4.987314e-01 -5.200000e+00
      vertex   -3.960557e+01 9.741427e-01 -5.200000e+00
    endloop
  endfacet
  facet normal -6.667119e-16 4.011472e-16 1.000000e+00
    outer loop
      vertex   -4.500000e+01 3.079018e+00 -5.200000e+00
      vertex   -3.960557e+01 9.741427e-01 -5.200000e+00
      vertex   -3.934694e+01 1.404004e+00 -5.200000e+00
    endloop
  endfacet
  facet normal -6.134065e-16 5.810495e-16 1.000000e+00
    outer loop
      vertex   -3.934694e+01 1.404004e+00 -5.200000e+00
      vertex   -3.900194e+01 1.768216e+00 -5.200000e+00
      vertex   -4.500000e+01 3.079018e+00 -5.200000e+00
    endloop
  endfacet
  facet normal -5.599162e-16 8.258145e-16 1.000000e+00
    outer loop
      vertex   -4.500000e+01 3.079018e+00 -5.200000e+00
      vertex   -3.900194e+01 1.768216e+00 -5.200000e+00
      vertex   -3.858671e+01 2.049748e+00 -5.200000e+00
    endloop
  endfacet
  facet normal -4.936208e-16 1.238895e-15 1.000000e+00
    outer loop
      vertex   -4.500000e+01 3.079018e+00 -5.200000e+00
      vertex   -3.858671e+01 2.049748e+00 -5.200000e+00
      vertex   -3.812067e+01 2.235436e+00 -5.200000e+00
    endloop
  endfacet
  facet normal -3.693063e-16 2.252669e-15 1.000000e+00
    outer loop
      vertex   -3.812067e+01 2.235436e+00 -5.200000e+00
      vertex   -3.762560e+01 2.316598e+00 -5.200000e+00
      vertex   -4.500000e+01 3.079018e+00 -5.200000e+00
    endloop
  endfacet
  facet normal 5.297032e-16 9.991263e-16 1.000000e+00
    outer loop
      vertex   -3.664128e+01 2.155226e+00 -5.200000e+00
      vertex   -3.619805e+01 1.920238e+00 -5.200000e+00
      vertex   -3.000000e+01 3.079018e+00 -5.200000e+00
    endloop
  endfacet
  facet normal 5.872435e-16 6.913565e-16 1.000000e+00
    outer loop
      vertex   -3.000000e+01 3.079018e+00 -5.200000e+00
      vertex   -3.619805e+01 1.920238e+00 -5.200000e+00
      vertex   -3.581569e+01 1.595463e+00 -5.200000e+00
    endloop
  endfacet
  facet normal 6.395792e-16 4.861954e-16 1.000000e+00
    outer loop
      vertex   -3.000000e+01 3.079018e+00 -5.200000e+00
      vertex   -3.581569e+01 1.595463e+00 -5.200000e+00
      vertex   -3.551209e+01 1.196085e+00 -5.200000e+00
    endloop
  endfacet
  facet normal 6.957125e-16 3.218709e-16 1.000000e+00
    outer loop
      vertex   -3.551209e+01 1.196085e+00 -5.200000e+00
      vertex   -3.530144e+01 7.407795e-01 -5.200000e+00
      vertex   -3.000000e+01 3.079018e+00 -5.200000e+00
    endloop
  endfacet
  facet normal 7.635476e-16 1.680695e-16 1.000000e+00
    outer loop
      vertex   -3.000000e+01 3.079018e+00 -5.200000e+00
      vertex   -3.530144e+01 7.407795e-01 -5.200000e+00
      vertex   -3.519360e+01 2.508361e-01 -5.200000e+00
    endloop
  endfacet
  facet normal 8.550701e-16 0.000000e+00 1.000000e+00
    outer loop
      vertex   -3.000000e+01 3.079018e+00 -5.200000e+00
      vertex   -3.519360e+01 2.508361e-01 -5.200000e+00
      vertex   -3.519360e+01 -2.508361e-01 -5.200000e+00
    endloop
  endfacet
  facet normal 9.955720e-16 -2.191420e-16 1.000000e+00
    outer loop
      vertex   -3.519360e+01 -2.508361e-01 -5.200000e+00
      vertex   -3.530144e+01 -7.407795e-01 -5.200000e+00
      vertex   -3.000000e+01 3.079018e+00 -5.200000e+00
    endloop
  endfacet
  facet normal 1.256542e-15 -5.813380e-16 1.000000e+00
    outer loop
      vertex   -3.000000e+01 3.079018e+00 -5.200000e+00
      vertex   -3.530144e+01 -7.407795e-01 -5.200000e+00
      vertex   -3.551209e+01 -1.196085e+00 -5.200000e+00
    endloop
  endfacet
  facet normal -6.275031e-17 1.183596e-16 1.000000e+00
    outer loop
      vertex   -3.619805e+01 -1.920238e+00 -5.200000e+00
      vertex   -3.664128e+01 -2.155226e+00 -5.200000e+00
      vertex   -3.000000e+01 -2.114644e+01 -5.200000e+00
    endloop
  endfacet
  facet normal -3.550752e-17 1.278865e-16 1.000000e+00
    outer loop
      vertex   -3.000000e+01 -2.114644e+01 -5.200000e+00
      vertex   -3.664128e+01 -2.155226e+00 -5.200000e+00
      vertex   -3.712467e+01 -2.289438e+00 -5.200000e+00
    endloop
  endfacet
  facet normal -7.507393e-18 1.384657e-16 1.000000e+00
    outer loop
      vertex   -3.000000e+01 -2.114644e+01 -5.200000e+00
      vertex   -3.712467e+01 -2.289438e+00 -5.200000e+00
      vertex   -3.762560e+01 -2.316598e+00 -5.200000e+00
    endloop
  endfacet
  facet normal 7.705690e-17 1.136504e-16 1.000000e+00
    outer loop
      vertex   -3.858671e+01 -2.049748e+00 -5.200000e+00
      vertex   -3.900194e+01 -1.768216e+00 -5.200000e+00
      vertex   -4.500000e+01 -2.114644e+01 -5.200000e+00
    endloop
  endfacet
  facet normal 1.094081e-16 1.036369e-16 1.000000e+00
    outer loop
      vertex   -4.500000e+01 -2.114644e+01 -5.200000e+00
      vertex   -3.900194e+01 -1.768216e+00 -5.200000e+00
      vertex   -3.934694e+01 -1.404004e+00 -5.200000e+00
    endloop
  endfacet
  facet normal 1.519839e-16 9.144570e-17 1.000000e+00
    outer loop
      vertex   -4.500000e+01 -2.114644e+01 -5.200000e+00
      vertex   -3.934694e+01 -1.404004e+00 -5.200000e+00
      vertex   -3.960557e+01 -9.741427e-01 -5.200000e+00
    endloop
  endfacet
  facet normal 0.000000e+00 0.000000e+00 1.000000e+00
    outer loop
      vertex   -3.885230e+01 3.623467e-01 -4.880000e+00
      vertex   -3.944609e+01 4.612317e-01 -4.880000e+00
      vertex   -3.890000e+01 5.820764e-16 -4.880000e+00
    endloop
  endfacet
  facet normal 0.000000e+00 0.000000e+00 1.000000e+00
    outer loop
      vertex   -3.890000e+01 5.820764e-16 -4.880000e+00
      vertex   -3.944609e+01 4.612317e-01 -4.880000e+00
      vertex   -3.950000e+01 6.555552e-16 -4.880000e+00
    endloop
  endfacet
  facet normal 0.000000e+00 0.000000e+00 1.000000e+00
    outer loop
      vertex   -3.890000e+01 5.820764e-16 -4.880000e+00
      vertex   -3.950000e+01 6.555552e-16 -4.880000e+00
      vertex   -3.944609e+01 -4.612317e-01 -4.880000e+00
    endloop
  endfacet
  facet normal -0.000000e+00 0.000000e+00 1.000000e+00
    outer loop
      vertex   -3.944609e+01 4.612317e-01 -4.880000e+00
      vertex   -3.885230e+01 3.623467e-01 -4.880000e+00
      vertex   -3.928727e+01 8.975984e-01 -4.880000e+00
    endloop
  endfacet
  facet normal 0.000000e+00 0.000000e+00 1.000000e+00
    outer loop
      vertex   -3.928727e+01 8.975984e-01 -4.880000e+00
      vertex   -3.885230e+01 3.623467e-01 -4.880000e+00
      vertex   -3.871244e+01 7.000000e-01 -4.880000e+00
    endloop
  endfacet
  facet normal -0.000000e+00 0.000000e+00 1.000000e+00
    outer loop
      vertex   -3.928727e+01 8.975984e-01 -4.880000e+00
      vertex   -3.871244e+01 7.000000e-01 -4.880000e+00
      vertex   -3.903209e+01 1.285575e+00 -4.880000e+00
    endloop
  endfacet
  facet normal 0.000000e+00 0.000000e+00 1.000000e+00
    outer loop
      vertex   -3.903209e+01 1.285575e+00 -4.880000e+00
      vertex   -3.871244e+01 7.000000e-01 -4.880000e+00
      vertex   -3.848995e+01 9.899495e-01 -4.880000e+00
    endloop
  endfacet
  facet normal -0.000000e+00 0.000000e+00 1.000000e+00
    outer loop
      vertex   -3.903209e+01 1.285575e+00 -4.880000e+00
      vertex   -3.848995e+01 9.899495e-01 -4.880000e+00
      vertex   -3.869432e+01 1.604246e+00 -4.880000e+00
    endloop
  endfacet
  facet normal 0.000000e+00 0.000000e+00 1.000000e+00
    outer loop
      vertex   -3.869432e+01 1.604246e+00 -4.880000e+00
      vertex   -3.848995e+01 9.899495e-01 -4.880000e+00
      vertex   -3.820000e+01 1.212436e+00 -4.880000e+00
    endloop
  endfacet
  facet normal -0.000000e+00 0.000000e+00 1.000000e+00
    outer loop
      vertex   -3.869432e+01 1.604246e+00 -4.880000e+00
      vertex   -3.820000e+01 1.212436e+00 -4.880000e+00
      vertex   -3.829216e+01 1.836432e+00 -4.880000e+00
    endloop
  endfacet
  facet normal 0.000000e+00 0.000000e+00 1.000000e+00
    outer loop
      vertex   -3.829216e+01 1.836432e+00 -4.880000e+00
      vertex   -3.820000e+01 1.212436e+00 -4.880000e+00
      vertex   -3.786235e+01 1.352296e+00 -4.880000e+00
    endloop
  endfacet
  facet normal -0.000000e+00 0.000000e+00 1.000000e+00
    outer loop
      vertex   -3.829216e+01 1.836432e+00 -4.880000e+00
      vertex   -3.786235e+01 1.352296e+00 -4.880000e+00
      vertex   -3.784730e+01 1.969616e+00 -4.880000e+00
    endloop
  endfacet
  facet normal 0.000000e+00 0.000000e+00 1.000000e+00
    outer loop
      vertex   -3.784730e+01 1.969616e+00 -4.880000e+00
      vertex   -3.786235e+01 1.352296e+00 -4.880000e+00
      vertex   -3.750000e+01 1.400000e+00 -4.880000e+00
    endloop
  endfacet
  facet normal -0.000000e+00 0.000000e+00 1.000000e+00
    outer loop
      vertex   -3.784730e+01 1.969616e+00 -4.880000e+00
      vertex   -3.750000e+01 1.400000e+00 -4.880000e+00
      vertex   -3.738371e+01 1.996616e+00 -4.880000e+00
    endloop
  endfacet
  facet normal 0.000000e+00 0.000000e+00 1.000000e+00
    outer loop
      vertex   -3.738371e+01 1.996616e+00 -4.880000e+00
      vertex   -3.750000e+01 1.400000e+00 -4.880000e+00
      vertex   -3.713765e+01 1.352296e+00 -4.880000e+00
    endloop
  endfacet
  facet normal 0.000000e+00 0.000000e+00 1.000000e+00
    outer loop
      vertex   -3.738371e+01 1.996616e+00 -4.880000e+00
      vertex   -3.713765e+01 1.352296e+00 -4.880000e+00
      vertex   -3.692639e+01 1.915979e+00 -4.880000e+00
    endloop
  endfacet
  facet normal 0.000000e+00 0.000000e+00 1.000000e+00
    outer loop
      vertex   -3.692639e+01 1.915979e+00 -4.880000e+00
      vertex   -3.713765e+01 1.352296e+00 -4.880000e+00
      vertex   -3.680000e+01 1.212436e+00 -4.880000e+00
    endloop
  endfacet
  facet normal 0.000000e+00 0.000000e+00 1.000000e+00
    outer loop
      vertex   -3.692639e+01 1.915979e+00 -4.880000e+00
      vertex   -3.680000e+01 1.212436e+00 -4.880000e+00
      vertex   -3.650000e+01 1.732051e+00 -4.880000e+00
    endloop
  endfacet
  facet normal 0.000000e+00 0.000000e+00 1.000000e+00
    outer loop
      vertex   -3.650000e+01 1.732051e+00 -4.880000e+00
      vertex   -3.680000e+01 1.212436e+00 -4.880000e+00
      vertex   -3.612752e+01 1.454747e+00 -4.880000e+00
    endloop
  endfacet
  facet normal 0.000000e+00 0.000000e+00 1.000000e+00
    outer loop
      vertex   -3.612752e+01 1.454747e+00 -4.880000e+00
      vertex   -3.680000e+01 1.212436e+00 -4.880000e+00
      vertex   -3.651005e+01 9.899495e-01 -4.880000e+00
    endloop
  endfacet
  facet normal 0.000000e+00 0.000000e+00 1.000000e+00
    outer loop
      vertex   -3.612752e+01 1.454747e+00 -4.880000e+00
      vertex   -3.651005e+01 9.899495e-01 -4.880000e+00
      vertex   -3.582902e+01 1.099018e+00 -4.880000e+00
    endloop
  endfacet
  facet normal 0.000000e+00 0.000000e+00 1.000000e+00
    outer loop
      vertex   -3.582902e+01 1.099018e+00 -4.880000e+00
      vertex   -3.651005e+01 9.899495e-01 -4.880000e+00
      vertex   -3.628756e+01 7.000000e-01 -4.880000e+00
    endloop
  endfacet
  facet normal 0.000000e+00 0.000000e+00 1.000000e+00
    outer loop
      vertex   -3.582902e+01 1.099018e+00 -4.880000e+00
      vertex   -3.628756e+01 7.000000e-01 -4.880000e+00
      vertex   -3.562061e+01 6.840403e-01 -4.880000e+00
    endloop
  endfacet
  facet normal 0.000000e+00 0.000000e+00 1.000000e+00
    outer loop
      vertex   -3.562061e+01 6.840403e-01 -4.880000e+00
      vertex   -3.628756e+01 7.000000e-01 -4.880000e+00
      vertex   -3.614770e+01 3.623467e-01 -4.880000e+00
    endloop
  endfacet
  facet normal 0.000000e+00 0.000000e+00 1.000000e+00
    outer loop
      vertex   -3.562061e+01 6.840403e-01 -4.880000e+00
      vertex   -3.614770e+01 3.623467e-01 -4.880000e+00
      vertex   -3.551352e+01 2.321858e-01 -4.880000e+00
    endloop
  endfacet
  facet normal 0.000000e+00 0.000000e+00 1.000000e+00
    outer loop
      vertex   -3.551352e+01 2.321858e-01 -4.880000e+00
      vertex   -3.614770e+01 3.623467e-01 -4.880000e+00
      vertex   -3.610000e+01 4.106259e-16 -4.880000e+00
    endloop
  endfacet
  facet normal 0.000000e+00 0.000000e+00 1.000000e+00
    outer loop
      vertex   -3.551352e+01 2.321858e-01 -4.880000e+00
      vertex   -3.610000e+01 4.106259e-16 -4.880000e+00
      vertex   -3.551352e+01 -2.321858e-01 -4.880000e+00
    endloop
  endfacet
  facet normal 0.000000e+00 0.000000e+00 1.000000e+00
    outer loop
      vertex   -3.551352e+01 -2.321858e-01 -4.880000e+00
      vertex   -3.610000e+01 4.106259e-16 -4.880000e+00
      vertex   -3.614770e+01 -3.623467e-01 -4.880000e+00
    endloop
  endfacet
  facet normal 0.000000e+00 0.000000e+00 1.000000e+00
    outer loop
      vertex   -3.551352e+01 -2.321858e-01 -4.880000e+00
      vertex   -3.614770e+01 -3.623467e-01 -4.880000e+00
      vertex   -3.562061e+01 -6.840403e-01 -4.880000e+00
    endloop
  endfacet
  facet normal 0.000000e+00 0.000000e+00 1.000000e+00
    outer loop
      vertex   -3.562061e+01 -6.840403e-01 -4.880000e+00
      vertex   -3.614770e+01 -3.623467e-01 -4.880000e+00
      vertex   -3.628756e+01 -7.000000e-01 -4.880000e+00
    endloop
  endfacet
  facet normal 0.000000e+00 0.000000e+00 1.000000e+00
    outer loop
      vertex   -3.562061e+01 -6.840403e-01 -4.880000e+00
      vertex   -3.628756e+01 -7.000000e-01 -4.880000e+00
      vertex   -3.582902e+01 -1.099018e+00 -4.880000e+00
    endloop
  endfacet
  facet normal 0.000000e+00 0.000000e+00 1.000000e+00
    outer loop
      vertex   -3.582902e+01 -1.099018e+00 -4.880000e+00
      vertex   -3.628756e+01 -7.000000e-01 -4.880000e+00
      vertex   -3.651005e+01 -9.899495e-01 -4.880000e+00
    endloop
  endfacet
  facet normal 0.000000e+00 0.000000e+00 1.000000e+00
    outer loop
      vertex   -3.582902e+01 -1.099018e+00 -4.880000e+00
      vertex   -3.651005e+01 -9.899495e-01 -4.880000e+00
      vertex   -3.612752e+01 -1.454747e+00 -4.880000e+00
    endloop
  endfacet
  facet normal 0.000000e+00 0.000000e+00 1.000000e+00
    outer loop
      vertex   -3.612752e+01 -1.454747e+00 -4.880000e+00
      vertex   -3.651005e+01 -9.899495e-01 -4.880000e+00
      vertex   -3.680000e+01 -1.212436e+00 -4.880000e+00
    endloop
  endfacet
  facet normal 0.000000e+00 0.000000e+00 1.000000e+00
    outer loop
      vertex   -3.612752e+01 -1.454747e+00 -4.880000e+00
      vertex   -3.680000e+01 -1.212436e+00 -4.880000e+00
      vertex   -3.650000e+01 -1.732051e+00 -4.880000e+00
    endloop
  endfacet
  facet normal 0.000000e+00 0.000000e+00 1.000000e+00
    outer loop
      vertex   -3.650000e+01 -1.732051e+00 -4.880000e+00
      vertex   -3.680000e+01 -1.212436e+00 -4.880000e+00
      vertex   -3.692639e+01 -1.915979e+00 -4.880000e+00
    endloop
  endfacet
  facet normal 0.000000e+00 -0.000000e+00 1.000000e+00
    outer loop
      vertex   -3.692639e+01 -1.915979e+00 -4.880000e+00
      vertex   -3.680000e+01 -1.212436e+00 -4.880000e+00
      vertex   -3.713765e+01 -1.352296e+00 -4.880000e+00
    endloop
  endfacet
  facet normal 0.000000e+00 0.000000e+00 1.000000e+00
    outer loop
      vertex   -3.692639e+01 -1.915979e+00 -4.880000e+00
      vertex   -3.713765e+01 -1.352296e+00 -4.880000e+00
      vertex   -3.738371e+01 -1.996616e+00 -4.880000e+00
    endloop
  endfacet
  facet normal 0.000000e+00 -0.000000e+00 1.000000e+00
    outer loop
      vertex   -3.738371e+01 -1.996616e+00 -4.880000e+00
      vertex   -3.713765e+01 -1.352296e+00 -4.880000e+00
      vertex   -3.750000e+01 -1.400000e+00 -4.880000e+00
    endloop
  endfacet
  facet normal 0.000000e+00 0.000000e+00 1.000000e+00
    outer loop
      vertex   -3.738371e+01 -1.996616e+00 -4.880000e+00
      vertex   -3.750000e+01 -1.400000e+00 -4.880000e+00
      vertex   -3.784730e+01 -1.969616e+00 -4.880000e+00
    endloop
  endfacet
  facet normal 0.000000e+00 -0.000000e+00 1.000000e+00
    outer loop
      vertex   -3.784730e+01 -1.969616e+00 -4.880000e+00
      vertex   -3.750000e+01 -1.400000e+00 -4.880000e+00
      vertex   -3.786235e+01 -1.352296e+00 -4.880000e+00
    endloop
  endfacet
  facet normal 0.000000e+00 0.000000e+00 1.000000e+00
    outer loop
      vertex   -3.784730e+01 -1.969616e+00 -4.880000e+00
      vertex   -3.786235e+01 -1.352296e+00 -4.880000e+00
      vertex   -3.829216e+01 -1.836432e+00 -4.880000e+00
    endloop
  endfacet
  facet normal 0.000000e+00 0.000000e+00 1.000000e+00
    outer loop
      vertex   -3.829216e+01 -1.836432e+00 -4.880000e+00
      vertex   -3.786235e+01 -1.352296e+00 -4.880000e+00
      vertex   -3.820000e+01 -1.212436e+00 -4.880000e+00
    endloop
  endfacet
  facet normal 0.000000e+00 -0.000000e+00 1.000000e+00
    outer loop
      vertex   -3.829216e+01 -1.836432e+00 -4.880000e+00
      vertex   -3.820000e+01 -1.212436e+00 -4.880000e+00
      vertex   -3.869432e+01 -1.604246e+00 -4.880000e+00
    endloop
  endfacet
  facet normal 0.000000e+00 0.000000e+00 1.000000e+00
    outer loop
      vertex   -3.869432e+01 -1.604246e+00 -4.880000e+00
      vertex   -3.820000e+01 -1.212436e+00 -4.880000e+00
      vertex   -3.848995e+01 -9.899495e-01 -4.880000e+00
    endloop
  endfacet
  facet normal 0.000000e+00 -0.000000e+00 1.000000e+00
    outer loop
      vertex   -3.869432e+01 -1.604246e+00 -4.880000e+00
      vertex   -3.848995e+01 -9.899495e-01 -4.880000e+00
      vertex   -3.903209e+01 -1.285575e+00 -4.880000e+00
    endloop
  endfacet
  facet normal 0.000000e+00 0.000000e+00 1.000000e+00
    outer loop
      vertex   -3.903209e+01 -1.285575e+00 -4.880000e+00
      vertex   -3.848995e+01 -9.899495e-01 -4.880000e+00
      vertex   -3.871244e+01 -7.000000e-01 -4.880000e+00
    endloop
  endfacet
  facet normal 0.000000e+00 -0.000000e+00 1.000000e+00
    outer loop
      vertex   -3.903209e+01 -1.285575e+00 -4.880000e+00
      vertex   -3.871244e+01 -7.000000e-01 -4.880000e+00
      vertex   -3.928727e+01 -8.975984e-01 -4.880000e+00
    endloop
  endfacet
  facet normal 0.000000e+00 0.000000e+00 1.000000e+00
    outer loop
      vertex   -3.928727e+01 -8.975984e-01 -4.880000e+00
      vertex   -3.871244e+01 -7.000000e-01 -4.880000e+00
      vertex   -3.885230e+01 -3.623467e-01 -4.880000e+00
    endloop
  endfacet
  facet normal 0.000000e+00 -0.000000e+00 1.000000e+00
    outer loop
      vertex   -3.928727e+01 -8.975984e-01 -4.880000e+00
      vertex   -3.885230e+01 -3.623467e-01 -4.880000e+00
      vertex   -3.944609e+01 -4.612317e-01 -4.880000e+00
    endloop
  endfacet
  facet normal 0.000000e+00 0.000000e+00 1.000000e+00
    outer loop
      vertex   -3.944609e+01 -4.612317e-01 -4.880000e+00
      vertex   -3.885230e+01 -3.623467e-01 -4.880000e+00
      vertex   -3.890000e+01 5.820764e-16 -4.880000e+00
    endloop
  endfacet
  facet normal 9.914449e-01 -1.305262e-01 -1.284691e-17
    outer loop
      vertex   -3.885230e+01 3.623467e-01 -7.700000e+00
      vertex   -3.885230e+01 3.623467e-01 -4.880000e+00
      vertex   -3.890000e+01 4.976497e-16 -7.700000e+00
    endloop
  endfacet
  facet normal 9.914449e-01 -1.305262e-01 3.907768e-18
    outer loop
      vertex   -3.890000e+01 4.976497e-16 -7.700000e+00
      vertex   -3.885230e+01 3.623467e-01 -4.880000e+00
      vertex   -3.890000e+01 5.820764e-16 -4.880000e+00
    endloop
  endfacet
  facet normal 9.914449e-01 1.305262e-01 -3.907768e-18
    outer loop
      vertex   -3.890000e+01 4.976497e-16 -7.700000e+00
      vertex   -3.890000e+01 5.820764e-16 -4.880000e+00
      vertex   -3.885230e+01 -3.623467e-01 -7.700000e+00
    endloop
  endfacet
  facet normal 9.914449e-01 1.305262e-01 1.284691e-17
    outer loop
      vertex   -3.885230e+01 -3.623467e-01 -7.700000e+00
      vertex   -3.890000e+01 5.820764e-16 -4.880000e+00
      vertex   -3.885230e+01 -3.623467e-01 -4.880000e+00
    endloop
  endfacet
  facet normal 9.238795e-01 3.826834e-01 3.766524e-17
    outer loop
      vertex   -3.885230e+01 -3.623467e-01 -7.700000e+00
      vertex   -3.885230e+01 -3.623467e-01 -4.880000e+00
      vertex   -3.871244e+01 -7.000000e-01 -7.700000e+00
    endloop
  endfacet
  facet normal 9.238795e-01 3.826834e-01 4.519829e-17
    outer loop
      vertex   -3.871244e+01 -7.000000e-01 -7.700000e+00
      vertex   -3.885230e+01 -3.623467e-01 -4.880000e+00
      vertex   -3.871244e+01 -7.000000e-01 -4.880000e+00
    endloop
  endfacet
  facet normal 7.933533e-01 6.087614e-01 7.190010e-17
    outer loop
      vertex   -3.871244e+01 -7.000000e-01 -7.700000e+00
      vertex   -3.871244e+01 -7.000000e-01 -4.880000e+00
      vertex   -3.848995e+01 -9.899495e-01 -7.700000e+00
    endloop
  endfacet
  facet normal 7.933533e-01 6.087614e-01 4.793340e-17
    outer loop
      vertex   -3.848995e+01 -9.899495e-01 -7.700000e+00
      vertex   -3.871244e+01 -7.000000e-01 -4.880000e+00
      vertex   -3.848995e+01 -9.899495e-01 -4.880000e+00
    endloop
  endfacet
  facet normal 6.087614e-01 7.933533e-01 6.246802e-17
    outer loop
      vertex   -3.848995e+01 -9.899495e-01 -7.700000e+00
      vertex   -3.848995e+01 -9.899495e-01 -4.880000e+00
      vertex   -3.820000e+01 -1.212436e+00 -7.700000e+00
    endloop
  endfacet
  facet normal 6.087614e-01 7.933533e-01 6.246802e-17
    outer loop
      vertex   -3.820000e+01 -1.212436e+00 -7.700000e+00
      vertex   -3.848995e+01 -9.899495e-01 -4.880000e+00
      vertex   -3.820000e+01 -1.212436e+00 -4.880000e+00
    endloop
  endfacet
  facet normal 3.826834e-01 9.238795e-01 7.274556e-17
    outer loop
      vertex   -3.820000e+01 -1.212436e+00 -7.700000e+00
      vertex   -3.820000e+01 -1.212436e+00 -4.880000e+00
      vertex   -3.786235e+01 -1.352296e+00 -7.700000e+00
    endloop
  endfacet
  facet normal 3.826834e-01 9.238795e-01 7.274556e-17
    outer loop
      vertex   -3.786235e+01 -1.352296e+00 -7.700000e+00
      vertex   -3.820000e+01 -1.212436e+00 -4.880000e+00
      vertex   -3.786235e+01 -1.352296e+00 -4.880000e+00
    endloop
  endfacet
  facet normal 1.305262e-01 9.914449e-01 7.806560e-17
    outer loop
      vertex   -3.786235e+01 -1.352296e+00 -7.700000e+00
      vertex   -3.786235e+01 -1.352296e+00 -4.880000e+00
      vertex   -3.750000e+01 -1.400000e+00 -7.700000e+00
    endloop
  endfacet
  facet normal 1.305262e-01 9.914449e-01 7.806560e-17
    outer loop
      vertex   -3.750000e+01 -1.400000e+00 -7.700000e+00
      vertex   -3.786235e+01 -1.352296e+00 -4.880000e+00
      vertex   -3.750000e+01 -1.400000e+00 -4.880000e+00
    endloop
  endfacet
  facet normal -1.305262e-01 9.914449e-01 7.806560e-17
    outer loop
      vertex   -3.750000e+01 -1.400000e+00 -7.700000e+00
      vertex   -3.750000e+01 -1.400000e+00 -4.880000e+00
      vertex   -3.713765e+01 -1.352296e+00 -7.700000e+00
    endloop
  endfacet
  facet normal -1.305262e-01 9.914449e-01 7.806560e-17
    outer loop
      vertex   -3.713765e+01 -1.352296e+00 -7.700000e+00
      vertex   -3.750000e+01 -1.400000e+00 -4.880000e+00
      vertex   -3.713765e+01 -1.352296e+00 -4.880000e+00
    endloop
  endfacet
  facet normal -3.826834e-01 9.238795e-01 7.274556e-17
    outer loop
      vertex   -3.713765e+01 -1.352296e+00 -7.700000e+00
      vertex   -3.713765e+01 -1.352296e+00 -4.880000e+00
      vertex   -3.680000e+01 -1.212436e+00 -7.700000e+00
    endloop
  endfacet
  facet normal -3.826834e-01 9.238795e-01 7.274556e-17
    outer loop
      vertex   -3.680000e+01 -1.212436e+00 -7.700000e+00
      vertex   -3.713765e+01 -1.352296e+00 -4.880000e+00
      vertex   -3.680000e+01 -1.212436e+00 -4.880000e+00
    endloop
  endfacet
  facet normal -6.087614e-01 7.933533e-01 6.246802e-17
    outer loop
      vertex   -3.680000e+01 -1.212436e+00 -7.700000e+00
      vertex   -3.680000e+01 -1.212436e+00 -4.880000e+00
      vertex   -3.651005e+01 -9.899495e-01 -7.700000e+00
    endloop
  endfacet
  facet normal -6.087614e-01 7.933533e-01 6.246802e-17
    outer loop
      vertex   -3.651005e+01 -9.899495e-01 -7.700000e+00
      vertex   -3.680000e+01 -1.212436e+00 -4.880000e+00
      vertex   -3.651005e+01 -9.899495e-01 -4.880000e+00
    endloop
  endfacet
  facet normal -7.933533e-01 6.087614e-01 4.793340e-17
    outer loop
      vertex   -3.651005e+01 -9.899495e-01 -7.700000e+00
      vertex   -3.651005e+01 -9.899495e-01 -4.880000e+00
      vertex   -3.628756e+01 -7.000000e-01 -7.700000e+00
    endloop
  endfacet
  facet normal -7.933533e-01 6.087614e-01 7.190010e-17
    outer loop
      vertex   -3.628756e+01 -7.000000e-01 -7.700000e+00
      vertex   -3.651005e+01 -9.899495e-01 -4.880000e+00
      vertex   -3.628756e+01 -7.000000e-01 -4.880000e+00
    endloop
  endfacet
  facet normal -9.238795e-01 3.826834e-01 4.519829e-17
    outer loop
      vertex   -3.628756e+01 -7.000000e-01 -7.700000e+00
      vertex   -3.628756e+01 -7.000000e-01 -4.880000e+00
      vertex   -3.614770e+01 -3.623467e-01 -7.700000e+00
    endloop
  endfacet
  facet normal -9.238795e-01 3.826834e-01 3.013220e-17
    outer loop
      vertex   -3.614770e+01 -3.623467e-01 -7.700000e+00
      vertex   -3.628756e+01 -7.000000e-01 -4.880000e+00
      vertex   -3.614770e+01 -3.623467e-01 -4.880000e+00
    endloop
  endfacet
  facet normal -9.914449e-01 1.305262e-01 1.027753e-17
    outer loop
      vertex   -3.614770e+01 -3.623467e-01 -7.700000e+00
      vertex   -3.614770e+01 -3.623467e-01 -4.880000e+00
      vertex   -3.610000e+01 6.691002e-16 -7.700000e+00
    endloop
  endfacet
  facet normal -9.914449e-01 1.305262e-01 1.196371e-17
    outer loop
      vertex   -3.610000e+01 6.691002e-16 -7.700000e+00
      vertex   -3.614770e+01 -3.623467e-01 -4.880000e+00
      vertex   -3.610000e+01 4.106259e-16 -4.880000e+00
    endloop
  endfacet
  facet normal -9.914449e-01 -1.305262e-01 -1.196371e-17
    outer loop
      vertex   -3.610000e+01 6.691002e-16 -7.700000e+00
      vertex   -3.610000e+01 4.106259e-16 -4.880000e+00
      vertex   -3.614770e+01 3.623467e-01 -7.700000e+00
    endloop
  endfacet
  facet normal -9.914449e-01 -1.305262e-01 -1.284691e-17
    outer loop
      vertex   -3.614770e+01 3.623467e-01 -7.700000e+00
      vertex   -3.610000e+01 4.106259e-16 -4.880000e+00
      vertex   -3.614770e+01 3.623467e-01 -4.880000e+00
    endloop
  endfacet
  facet normal -9.238795e-01 -3.826834e-01 -3.766524e-17
    outer loop
      vertex   -3.614770e+01 3.623467e-01 -7.700000e+00
      vertex   -3.614770e+01 3.623467e-01 -4.880000e+00
      vertex   -3.628756e+01 7.000000e-01 -7.700000e+00
    endloop
  endfacet
  facet normal -9.238795e-01 -3.826834e-01 -4.519829e-17
    outer loop
      vertex   -3.628756e+01 7.000000e-01 -7.700000e+00
      vertex   -3.614770e+01 3.623467e-01 -4.880000e+00
      vertex   -3.628756e+01 7.000000e-01 -4.880000e+00
    endloop
  endfacet
  facet normal -7.933533e-01 -6.087614e-01 -7.190010e-17
    outer loop
      vertex   -3.628756e+01 7.000000e-01 -7.700000e+00
      vertex   -3.628756e+01 7.000000e-01 -4.880000e+00
      vertex   -3.651005e+01 9.899495e-01 -7.700000e+00
    endloop
  endfacet
  facet normal -7.933533e-01 -6.087614e-01 -4.793340e-17
    outer loop
      vertex   -3.651005e+01 9.899495e-01 -7.700000e+00
      vertex   -3.628756e+01 7.000000e-01 -4.880000e+00
      vertex   -3.651005e+01 9.899495e-01 -4.880000e+00
    endloop
  endfacet
  facet normal -6.087614e-01 -7.933533e-01 -6.246802e-17
    outer loop
      vertex   -3.651005e+01 9.899495e-01 -7.700000e+00
      vertex   -3.651005e+01 9.899495e-01 -4.880000e+00
      vertex   -3.680000e+01 1.212436e+00 -7.700000e+00
    endloop
  endfacet
  facet normal -6.087614e-01 -7.933533e-01 -1.249360e-16
    outer loop
      vertex   -3.680000e+01 1.212436e+00 -7.700000e+00
      vertex   -3.651005e+01 9.899495e-01 -4.880000e+00
      vertex   -3.680000e+01 1.212436e+00 -4.880000e+00
    endloop
  endfacet
  facet normal -3.826834e-01 -9.238795e-01 -1.454911e-16
    outer loop
      vertex   -3.680000e+01 1.212436e+00 -7.700000e+00
      vertex   -3.680000e+01 1.212436e+00 -4.880000e+00
      vertex   -3.713765e+01 1.352296e+00 -7.700000e+00
    endloop
  endfacet
  facet normal -3.826834e-01 -9.238795e-01 -1.454911e-16
    outer loop
      vertex   -3.713765e+01 1.352296e+00 -7.700000e+00
      vertex   -3.680000e+01 1.212436e+00 -4.880000e+00
      vertex   -3.713765e+01 1.352296e+00 -4.880000e+00
    endloop
  endfacet
  facet normal -1.305262e-01 -9.914449e-01 -1.561312e-16
    outer loop
      vertex   -3.713765e+01 1.352296e+00 -7.700000e+00
      vertex   -3.713765e+01 1.352296e+00 -4.880000e+00
      vertex   -3.750000e+01 1.400000e+00 -7.700000e+00
    endloop
  endfacet
  facet normal -1.305262e-01 -9.914449e-01 -7.806560e-17
    outer loop
      vertex   -3.750000e+01 1.400000e+00 -7.700000e+00
      vertex   -3.713765e+01 1.352296e+00 -4.880000e+00
      vertex   -3.750000e+01 1.400000e+00 -4.880000e+00
    endloop
  endfacet
  facet normal 1.305262e-01 -9.914449e-01 -7.806560e-17
    outer loop
      vertex   -3.750000e+01 1.400000e+00 -7.700000e+00
      vertex   -3.750000e+01 1.400000e+00 -4.880000e+00
      vertex   -3.786235e+01 1.352296e+00 -7.700000e+00
    endloop
  endfacet
  facet normal 1.305262e-01 -9.914449e-01 -7.806560e-17
    outer loop
      vertex   -3.786235e+01 1.352296e+00 -7.700000e+00
      vertex   -3.750000e+01 1.400000e+00 -4.880000e+00
      vertex   -3.786235e+01 1.352296e+00 -4.880000e+00
    endloop
  endfacet
  facet normal 3.826834e-01 -9.238795e-01 -7.274556e-17
    outer loop
      vertex   -3.786235e+01 1.352296e+00 -7.700000e+00
      vertex   -3.786235e+01 1.352296e+00 -4.880000e+00
      vertex   -3.820000e+01 1.212436e+00 -7.700000e+00
    endloop
  endfacet
  facet normal 3.826834e-01 -9.238795e-01 -7.274556e-17
    outer loop
      vertex   -3.820000e+01 1.212436e+00 -7.700000e+00
      vertex   -3.786235e+01 1.352296e+00 -4.880000e+00
      vertex   -3.820000e+01 1.212436e+00 -4.880000e+00
    endloop
  endfacet
  facet normal 6.087614e-01 -7.933533e-01 -6.246802e-17
    outer loop
      vertex   -3.820000e+01 1.212436e+00 -7.700000e+00
      vertex   -3.820000e+01 1.212436e+00 -4.880000e+00
      vertex   -3.848995e+01 9.899495e-01 -7.700000e+00
    endloop
  endfacet
  facet normal 6.087614e-01 -7.933533e-01 -6.246802e-17
    outer loop
      vertex   -3.848995e+01 9.899495e-01 -7.700000e+00
      vertex   -3.820000e+01 1.212436e+00 -4.880000e+00
      vertex   -3.848995e+01 9.899495e-01 -4.880000e+00
    endloop
  endfacet
  facet normal 7.933533e-01 -6.087614e-01 -4.793340e-17
    outer loop
      vertex   -3.848995e+01 9.899495e-01 -7.700000e+00
      vertex   -3.848995e+01 9.899495e-01 -4.880000e+00
      vertex   -3.871244e+01 7.000000e-01 -7.700000e+00
    endloop
  endfacet
  facet normal 7.933533e-01 -6.087614e-01 -4.793340e-17
    outer loop
      vertex   -3.871244e+01 7.000000e-01 -7.700000e+00
      vertex   -3.848995e+01 9.899495e-01 -4.880000e+00
      vertex   -3.871244e+01 7.000000e-01 -4.880000e+00
    endloop
  endfacet
  facet normal 9.238795e-01 -3.826834e-01 -3.013220e-17
    outer loop
      vertex   -3.871244e+01 7.000000e-01 -7.700000e+00
      vertex   -3.871244e+01 7.000000e-01 -4.880000e+00
      vertex   -3.885230e+01 3.623467e-01 -7.700000e+00
    endloop
  endfacet
  facet normal 9.238795e-01 -3.826834e-01 -3.766524e-17
    outer loop
      vertex   -3.885230e+01 3.623467e-01 -7.700000e+00
      vertex   -3.871244e+01 7.000000e-01 -4.880000e+00
      vertex   -3.885230e+01 3.623467e-01 -4.880000e+00
    endloop
  endfacet
  facet normal 1.000000e+00 -0.000000e+00 0.000000e+00
    outer loop
      vertex   -4.200000e+01 1.950000e+00 -1.420000e+01
      vertex   -4.200000e+01 2.005117e+00 -1.477722e+01
      vertex   -4.200000e+01 2.005117e+00 -1.362278e+01
    endloop
  endfacet
  facet normal 1.000000e+00 -0.000000e+00 0.000000e+00
    outer loop
      vertex   -4.200000e+01 2.005117e+00 -1.362278e+01
      vertex   -4.200000e+01 2.005117e+00 -1.477722e+01
      vertex   -4.200000e+01 2.168478e+00 -1.306643e+01
    endloop
  endfacet
  facet normal 1.000000e+00 0.000000e+00 0.000000e+00
    outer loop
      vertex   -4.200000e+01 2.168478e+00 -1.306643e+01
      vertex   -4.200000e+01 2.005117e+00 -1.477722e+01
      vertex   -4.200000e+01 2.168478e+00 -1.533357e+01
    endloop
  endfacet
  facet normal 1.000000e+00 -0.000000e+00 0.000000e+00
    outer loop
      vertex   -4.200000e+01 2.168478e+00 -1.306643e+01
      vertex   -4.200000e+01 2.168478e+00 -1.533357e+01
      vertex   -4.200000e+01 2.434177e+00 -1.255105e+01
    endloop
  endfacet
  facet normal 1.000000e+00 0.000000e+00 0.000000e+00
    outer loop
      vertex   -4.200000e+01 2.434177e+00 -1.255105e+01
      vertex   -4.200000e+01 2.168478e+00 -1.533357e+01
      vertex   -4.200000e+01 2.434177e+00 -1.584895e+01
    endloop
  endfacet
  facet normal 1.000000e+00 -0.000000e+00 0.000000e+00
    outer loop
      vertex   -4.200000e+01 2.434177e+00 -1.255105e+01
      vertex   -4.200000e+01 2.434177e+00 -1.584895e+01
      vertex   -4.200000e+01 2.792611e+00 -1.209526e+01
    endloop
  endfacet
  facet normal 1.000000e+00 0.000000e+00 0.000000e+00
    outer loop
      vertex   -4.200000e+01 2.792611e+00 -1.209526e+01
      vertex   -4.200000e+01 2.434177e+00 -1.584895e+01
      vertex   -4.200000e+01 2.792611e+00 -1.630474e+01
    endloop
  endfacet
  facet normal 1.000000e+00 -0.000000e+00 0.000000e+00
    outer loop
      vertex   -4.200000e+01 2.792611e+00 -1.209526e+01
      vertex   -4.200000e+01 2.792611e+00 -1.630474e+01
      vertex   -4.200000e+01 3.230826e+00 -1.171554e+01
    endloop
  endfacet
  facet normal 1.000000e+00 0.000000e+00 0.000000e+00
    outer loop
      vertex   -4.200000e+01 3.230826e+00 -1.171554e+01
      vertex   -4.200000e+01 2.792611e+00 -1.630474e+01
      vertex   -4.200000e+01 3.230826e+00 -1.668446e+01
    endloop
  endfacet
  facet normal 1.000000e+00 -0.000000e+00 0.000000e+00
    outer loop
      vertex   -4.200000e+01 3.230826e+00 -1.171554e+01
      vertex   -4.200000e+01 3.230826e+00 -1.668446e+01
      vertex   -4.200000e+01 3.732984e+00 -1.142562e+01
    endloop
  endfacet
  facet normal 1.000000e+00 0.000000e+00 0.000000e+00
    outer loop
      vertex   -4.200000e+01 3.732984e+00 -1.142562e+01
      vertex   -4.200000e+01 3.230826e+00 -1.668446e+01
      vertex   -4.200000e+01 3.732984e+00 -1.697438e+01
    endloop
  endfacet
  facet normal 1.000000e+00 -0.000000e+00 0.000000e+00
    outer loop
      vertex   -4.200000e+01 3.732984e+00 -1.142562e+01
      vertex   -4.200000e+01 3.732984e+00 -1.697438e+01
      vertex   -4.200000e+01 4.280935e+00 -1.123597e+01
    endloop
  endfacet
  facet normal 1.000000e+00 0.000000e+00 0.000000e+00
    outer loop
      vertex   -4.200000e+01 4.280935e+00 -1.123597e+01
      vertex   -4.200000e+01 3.732984e+00 -1.697438e+01
      vertex   -4.200000e+01 4.280935e+00 -1.716403e+01
    endloop
  endfacet
  facet normal 1.000000e+00 -0.000000e+00 0.000000e+00
    outer loop
      vertex   -4.200000e+01 4.280935e+00 -1.123597e+01
      vertex   -4.200000e+01 4.280935e+00 -1.716403e+01
      vertex   -4.200000e+01 4.854875e+00 -1.115345e+01
    endloop
  endfacet
  facet normal 1.000000e+00 0.000000e+00 0.000000e+00
    outer loop
      vertex   -4.200000e+01 4.854875e+00 -1.115345e+01
      vertex   -4.200000e+01 4.280935e+00 -1.716403e+01
      vertex   -4.200000e+01 4.854875e+00 -1.724655e+01
    endloop
  endfacet
  facet normal 1.000000e+00 0.000000e+00 0.000000e+00
    outer loop
      vertex   -4.200000e+01 4.854875e+00 -1.115345e+01
      vertex   -4.200000e+01 4.854875e+00 -1.724655e+01
      vertex   -4.200000e+01 5.434060e+00 -1.118104e+01
    endloop
  endfacet
  facet normal 1.000000e+00 0.000000e+00 0.000000e+00
    outer loop
      vertex   -4.200000e+01 5.434060e+00 -1.118104e+01
      vertex   -4.200000e+01 4.854875e+00 -1.724655e+01
      vertex   -4.200000e+01 5.434060e+00 -1.721896e+01
    endloop
  endfacet
  facet normal 1.000000e+00 0.000000e+00 0.000000e+00
    outer loop
      vertex   -4.200000e+01 5.434060e+00 -1.118104e+01
      vertex   -4.200000e+01 5.434060e+00 -1.721896e+01
      vertex   -4.200000e+01 5.997557e+00 -1.131775e+01
    endloop
  endfacet
  facet normal 1.000000e+00 0.000000e+00 0.000000e+00
    outer loop
      vertex   -4.200000e+01 5.997557e+00 -1.131775e+01
      vertex   -4.200000e+01 5.434060e+00 -1.721896e+01
      vertex   -4.200000e+01 5.997557e+00 -1.708225e+01
    endloop
  endfacet
  facet normal 1.000000e+00 0.000000e+00 0.000000e+00
    outer loop
      vertex   -4.200000e+01 5.997557e+00 -1.131775e+01
      vertex   -4.200000e+01 5.997557e+00 -1.708225e+01
      vertex   -4.200000e+01 6.525000e+00 -1.155862e+01
    endloop
  endfacet
  facet normal 1.000000e+00 0.000000e+00 0.000000e+00
    outer loop
      vertex   -4.200000e+01 6.525000e+00 -1.155862e+01
      vertex   -4.200000e+01 5.997557e+00 -1.708225e+01
      vertex   -4.200000e+01 6.525000e+00 -1.684138e+01
    endloop
  endfacet
  facet normal 1.000000e+00 0.000000e+00 0.000000e+00
    outer loop
      vertex   -4.200000e+01 6.525000e+00 -1.155862e+01
      vertex   -4.200000e+01 6.525000e+00 -1.684138e+01
      vertex   -4.200000e+01 6.997325e+00 -1.189496e+01
    endloop
  endfacet
  facet normal 1.000000e+00 0.000000e+00 0.000000e+00
    outer loop
      vertex   -4.200000e+01 6.997325e+00 -1.189496e+01
      vertex   -4.200000e+01 6.525000e+00 -1.684138e+01
      vertex   -4.200000e+01 6.997325e+00 -1.650504e+01
    endloop
  endfacet
  facet normal 1.000000e+00 0.000000e+00 0.000000e+00
    outer loop
      vertex   -4.200000e+01 6.997325e+00 -1.189496e+01
      vertex   -4.200000e+01 6.997325e+00 -1.650504e+01
      vertex   -4.200000e+01 7.397462e+00 -1.231462e+01
    endloop
  endfacet
  facet normal 1.000000e+00 0.000000e+00 0.000000e+00
    outer loop
      vertex   -4.200000e+01 7.397462e+00 -1.231462e+01
      vertex   -4.200000e+01 6.997325e+00 -1.650504e+01
      vertex   -4.200000e+01 7.397462e+00 -1.608538e+01
    endloop
  endfacet
  facet normal 1.000000e+00 0.000000e+00 0.000000e+00
    outer loop
      vertex   -4.200000e+01 7.397462e+00 -1.231462e+01
      vertex   -4.200000e+01 7.397462e+00 -1.608538e+01
      vertex   -4.200000e+01 7.710948e+00 -1.280241e+01
    endloop
  endfacet
  facet normal 1.000000e+00 0.000000e+00 0.000000e+00
    outer loop
      vertex   -4.200000e+01 7.710948e+00 -1.280241e+01
      vertex   -4.200000e+01 7.397462e+00 -1.608538e+01
      vertex   -4.200000e+01 7.710948e+00 -1.559759e+01
    endloop
  endfacet
  facet normal 1.000000e+00 0.000000e+00 0.000000e+00
    outer loop
      vertex   -4.200000e+01 7.710948e+00 -1.280241e+01
      vertex   -4.200000e+01 7.710948e+00 -1.559759e+01
      vertex   -4.200000e+01 7.926454e+00 -1.334072e+01
    endloop
  endfacet
  facet normal 1.000000e+00 0.000000e+00 0.000000e+00
    outer loop
      vertex   -4.200000e+01 7.926454e+00 -1.334072e+01
      vertex   -4.200000e+01 7.710948e+00 -1.559759e+01
      vertex   -4.200000e+01 7.926454e+00 -1.505928e+01
    endloop
  endfacet
  facet normal 1.000000e+00 0.000000e+00 0.000000e+00
    outer loop
      vertex   -4.200000e+01 7.926454e+00 -1.334072e+01
      vertex   -4.200000e+01 7.926454e+00 -1.505928e+01
      vertex   -4.200000e+01 8.036189e+00 -1.391008e+01
    endloop
  endfacet
  facet normal 1.000000e+00 0.000000e+00 0.000000e+00
    outer loop
      vertex   -4.200000e+01 8.036189e+00 -1.391008e+01
      vertex   -4.200000e+01 7.926454e+00 -1.505928e+01
      vertex   -4.200000e+01 8.036189e+00 -1.448992e+01
    endloop
  endfacet
  facet normal 1.000000e+00 -0.000000e+00 0.000000e+00
    outer loop
      vertex   -4.200000e+01 -2.605000e+01 -1.420000e+01
      vertex   -4.200000e+01 -2.599488e+01 -1.477722e+01
      vertex   -4.200000e+01 -2.599488e+01 -1.362278e+01
    endloop
  endfacet
  facet normal 1.000000e+00 -0.000000e+00 0.000000e+00
    outer loop
      vertex   -4.200000e+01 -2.599488e+01 -1.362278e+01
      vertex   -4.200000e+01 -2.599488e+01 -1.477722e+01
      vertex   -4.200000e+01 -2.583152e+01 -1.306643e+01
    endloop
  endfacet
  facet normal 1.000000e+00 0.000000e+00 0.000000e+00
    outer loop
      vertex   -4.200000e+01 -2.583152e+01 -1.306643e+01
      vertex   -4.200000e+01 -2.599488e+01 -1.477722e+01
      vertex   -4.200000e+01 -2.583152e+01 -1.533357e+01
    endloop
  endfacet
  facet normal 1.000000e+00 -0.000000e+00 0.000000e+00
    outer loop
      vertex   -4.200000e+01 -2.583152e+01 -1.306643e+01
      vertex   -4.200000e+01 -2.583152e+01 -1.533357e+01
      vertex   -4.200000e+01 -2.556582e+01 -1.255105e+01
    endloop
  endfacet
  facet normal 1.000000e+00 0.000000e+00 0.000000e+00
    outer loop
      vertex   -4.200000e+01 -2.556582e+01 -1.255105e+01
      vertex   -4.200000e+01 -2.583152e+01 -1.533357e+01
      vertex   -4.200000e+01 -2.556582e+01 -1.584895e+01
    endloop
  endfacet
  facet normal 1.000000e+00 -0.000000e+00 0.000000e+00
    outer loop
      vertex   -4.200000e+01 -2.556582e+01 -1.255105e+01
      vertex   -4.200000e+01 -2.556582e+01 -1.584895e+01
      vertex   -4.200000e+01 -2.520739e+01 -1.209526e+01
    endloop
  endfacet
  facet normal 1.000000e+00 0.000000e+00 0.000000e+00
    outer loop
      vertex   -4.200000e+01 -2.520739e+01 -1.209526e+01
      vertex   -4.200000e+01 -2.556582e+01 -1.584895e+01
      vertex   -4.200000e+01 -2.520739e+01 -1.630474e+01
    endloop
  endfacet
  facet normal 1.000000e+00 -0.000000e+00 0.000000e+00
    outer loop
      vertex   -4.200000e+01 -2.520739e+01 -1.209526e+01
      vertex   -4.200000e+01 -2.520739e+01 -1.630474e+01
      vertex   -4.200000e+01 -2.476917e+01 -1.171554e+01
    endloop
  endfacet
  facet normal 1.000000e+00 0.000000e+00 0.000000e+00
    outer loop
      vertex   -4.200000e+01 -2.476917e+01 -1.171554e+01
      vertex   -4.200000e+01 -2.520739e+01 -1.630474e+01
      vertex   -4.200000e+01 -2.476917e+01 -1.668446e+01
    endloop
  endfacet
  facet normal 1.000000e+00 -0.000000e+00 0.000000e+00
    outer loop
      vertex   -4.200000e+01 -2.476917e+01 -1.171554e+01
      vertex   -4.200000e+01 -2.476917e+01 -1.668446e+01
      vertex   -4.200000e+01 -2.426702e+01 -1.142562e+01
    endloop
  endfacet
  facet normal 1.000000e+00 0.000000e+00 0.000000e+00
    outer loop
      vertex   -4.200000e+01 -2.426702e+01 -1.142562e+01
      vertex   -4.200000e+01 -2.476917e+01 -1.668446e+01
      vertex   -4.200000e+01 -2.426702e+01 -1.697438e+01
    endloop
  endfacet
  facet normal 1.000000e+00 -0.000000e+00 0.000000e+00
    outer loop
      vertex   -4.200000e+01 -2.426702e+01 -1.142562e+01
      vertex   -4.200000e+01 -2.426702e+01 -1.697438e+01
      vertex   -4.200000e+01 -2.371906e+01 -1.123597e+01
    endloop
  endfacet
  facet normal 1.000000e+00 0.000000e+00 0.000000e+00
    outer loop
      vertex   -4.200000e+01 -2.371906e+01 -1.123597e+01
      vertex   -4.200000e+01 -2.426702e+01 -1.697438e+01
      vertex   -4.200000e+01 -2.371906e+01 -1.716403e+01
    endloop
  endfacet
  facet normal 1.000000e+00 -0.000000e+00 0.000000e+00
    outer loop
      vertex   -4.200000e+01 -2.371906e+01 -1.123597e+01
      vertex   -4.200000e+01 -2.371906e+01 -1.716403e+01
      vertex   -4.200000e+01 -2.314512e+01 -1.115345e+01
    endloop
  endfacet
  facet normal 1.000000e+00 0.000000e+00 0.000000e+00
    outer loop
      vertex   -4.200000e+01 -2.314512e+01 -1.115345e+01
      vertex   -4.200000e+01 -2.371906e+01 -1.716403e+01
      vertex   -4.200000e+01 -2.314512e+01 -1.724655e+01
    endloop
  endfacet
  facet normal 1.000000e+00 0.000000e+00 0.000000e+00
    outer loop
      vertex   -4.200000e+01 -2.314512e+01 -1.115345e+01
      vertex   -4.200000e+01 -2.314512e+01 -1.724655e+01
      vertex   -4.200000e+01 -2.256594e+01 -1.118104e+01
    endloop
  endfacet
  facet normal 1.000000e+00 0.000000e+00 0.000000e+00
    outer loop
      vertex   -4.200000e+01 -2.256594e+01 -1.118104e+01
      vertex   -4.200000e+01 -2.314512e+01 -1.724655e+01
      vertex   -4.200000e+01 -2.256594e+01 -1.721896e+01
    endloop
  endfacet
  facet normal 1.000000e+00 0.000000e+00 0.000000e+00
    outer loop
      vertex   -4.200000e+01 -2.256594e+01 -1.118104e+01
      vertex   -4.200000e+01 -2.256594e+01 -1.721896e+01
      vertex   -4.200000e+01 -2.200244e+01 -1.131775e+01
    endloop
  endfacet
  facet normal 1.000000e+00 0.000000e+00 0.000000e+00
    outer loop
      vertex   -4.200000e+01 -2.200244e+01 -1.131775e+01
      vertex   -4.200000e+01 -2.256594e+01 -1.721896e+01
      vertex   -4.200000e+01 -2.200244e+01 -1.708225e+01
    endloop
  endfacet
  facet normal 1.000000e+00 0.000000e+00 0.000000e+00
    outer loop
      vertex   -4.200000e+01 -2.200244e+01 -1.131775e+01
      vertex   -4.200000e+01 -2.200244e+01 -1.708225e+01
      vertex   -4.200000e+01 -2.147500e+01 -1.155862e+01
    endloop
  endfacet
  facet normal 1.000000e+00 0.000000e+00 0.000000e+00
    outer loop
      vertex   -4.200000e+01 -2.147500e+01 -1.155862e+01
      vertex   -4.200000e+01 -2.200244e+01 -1.708225e+01
      vertex   -4.200000e+01 -2.147500e+01 -1.684138e+01
    endloop
  endfacet
  facet normal 1.000000e+00 0.000000e+00 0.000000e+00
    outer loop
      vertex   -4.200000e+01 -2.147500e+01 -1.155862e+01
      vertex   -4.200000e+01 -2.147500e+01 -1.684138e+01
      vertex   -4.200000e+01 -2.100267e+01 -1.189496e+01
    endloop
  endfacet
  facet normal 1.000000e+00 0.000000e+00 0.000000e+00
    outer loop
      vertex   -4.200000e+01 -2.100267e+01 -1.189496e+01
      vertex   -4.200000e+01 -2.147500e+01 -1.684138e+01
      vertex   -4.200000e+01 -2.100267e+01 -1.650504e+01
    endloop
  endfacet
  facet normal 1.000000e+00 0.000000e+00 0.000000e+00
    outer loop
      vertex   -4.200000e+01 -2.100267e+01 -1.189496e+01
      vertex   -4.200000e+01 -2.100267e+01 -1.650504e+01
      vertex   -4.200000e+01 -2.060254e+01 -1.231462e+01
    endloop
  endfacet
  facet normal 1.000000e+00 0.000000e+00 0.000000e+00
    outer loop
      vertex   -4.200000e+01 -2.060254e+01 -1.231462e+01
      vertex   -4.200000e+01 -2.100267e+01 -1.650504e+01
      vertex   -4.200000e+01 -2.060254e+01 -1.608538e+01
    endloop
  endfacet
  facet normal 1.000000e+00 0.000000e+00 0.000000e+00
    outer loop
      vertex   -4.200000e+01 -2.060254e+01 -1.231462e+01
      vertex   -4.200000e+01 -2.060254e+01 -1.608538e+01
      vertex   -4.200000e+01 -2.028905e+01 -1.280241e+01
    endloop
  endfacet
  facet normal 1.000000e+00 0.000000e+00 0.000000e+00
    outer loop
      vertex   -4.200000e+01 -2.028905e+01 -1.280241e+01
      vertex   -4.200000e+01 -2.060254e+01 -1.608538e+01
      vertex   -4.200000e+01 -2.028905e+01 -1.559759e+01
    endloop
  endfacet
  facet normal 1.000000e+00 0.000000e+00 0.000000e+00
    outer loop
      vertex   -4.200000e+01 -2.028905e+01 -1.280241e+01
      vertex   -4.200000e+01 -2.028905e+01 -1.559759e+01
      vertex   -4.200000e+01 -2.007355e+01 -1.334072e+01
    endloop
  endfacet
  facet normal 1.000000e+00 0.000000e+00 0.000000e+00
    outer loop
      vertex   -4.200000e+01 -2.007355e+01 -1.334072e+01
      vertex   -4.200000e+01 -2.028905e+01 -1.559759e+01
      vertex   -4.200000e+01 -2.007355e+01 -1.505928e+01
    endloop
  endfacet
  facet normal 1.000000e+00 0.000000e+00 0.000000e+00
    outer loop
      vertex   -4.200000e+01 -2.007355e+01 -1.334072e+01
      vertex   -4.200000e+01 -2.007355e+01 -1.505928e+01
      vertex   -4.200000e+01 -1.996381e+01 -1.391008e+01
    endloop
  endfacet
  facet normal 1.000000e+00 0.000000e+00 0.000000e+00
    outer loop
      vertex   -4.200000e+01 -1.996381e+01 -1.391008e+01
      vertex   -4.200000e+01 -2.007355e+01 -1.505928e+01
      vertex   -4.200000e+01 -1.996381e+01 -1.448992e+01
    endloop
  endfacet
  facet normal 0.000000e+00 9.954719e-01 -9.505604e-02
    outer loop
      vertex   -4.200000e+01 2.005117e+00 -1.362278e+01
      vertex   -3.000000e+01 2.005117e+00 -1.362278e+01
      vertex   -4.200000e+01 1.950000e+00 -1.420000e+01
    endloop
  endfacet
  facet normal 0.000000e+00 9.954719e-01 -9.505604e-02
    outer loop
      vertex   -4.200000e+01 1.950000e+00 -1.420000e+01
      vertex   -3.000000e+01 2.005117e+00 -1.362278e+01
      vertex   -3.000000e+01 1.950000e+00 -1.420000e+01
    endloop
  endfacet
  facet normal -0.000000e+00 9.954719e-01 9.505604e-02
    outer loop
      vertex   -4.200000e+01 1.950000e+00 -1.420000e+01
      vertex   -3.000000e+01 1.950000e+00 -1.420000e+01
      vertex   -4.200000e+01 2.005117e+00 -1.477722e+01
    endloop
  endfacet
  facet normal -0.000000e+00 9.954719e-01 9.505604e-02
    outer loop
      vertex   -4.200000e+01 2.005117e+00 -1.477722e+01
      vertex   -3.000000e+01 1.950000e+00 -1.420000e+01
      vertex   -3.000000e+01 2.005117e+00 -1.477722e+01
    endloop
  endfacet
  facet normal -0.000000e+00 9.594930e-01 2.817326e-01
    outer loop
      vertex   -4.200000e+01 2.005117e+00 -1.477722e+01
      vertex   -3.000000e+01 2.005117e+00 -1.477722e+01
      vertex   -4.200000e+01 2.168478e+00 -1.533357e+01
    endloop
  endfacet
  facet normal -0.000000e+00 9.594930e-01 2.817326e-01
    outer loop
      vertex   -4.200000e+01 2.168478e+00 -1.533357e+01
      vertex   -3.000000e+01 2.005117e+00 -1.477722e+01
      vertex   -3.000000e+01 2.168478e+00 -1.533357e+01
    endloop
  endfacet
  facet normal -0.000000e+00 8.888354e-01 4.582265e-01
    outer loop
      vertex   -4.200000e+01 2.168478e+00 -1.533357e+01
      vertex   -3.000000e+01 2.168478e+00 -1.533357e+01
      vertex   -4.200000e+01 2.434177e+00 -1.584895e+01
    endloop
  endfacet
  facet normal 3.493763e-17 8.888354e-01 4.582265e-01
    outer loop
      vertex   -4.200000e+01 2.434177e+00 -1.584895e+01
      vertex   -3.000000e+01 2.168478e+00 -1.533357e+01
      vertex   -3.000000e+01 2.434177e+00 -1.584895e+01
    endloop
  endfacet
  facet normal 6.241610e-17 7.860531e-01 6.181590e-01
    outer loop
      vertex   -4.200000e+01 2.434177e+00 -1.584895e+01
      vertex   -3.000000e+01 2.434177e+00 -1.584895e+01
      vertex   -4.200000e+01 2.792611e+00 -1.630474e+01
    endloop
  endfacet
  facet normal -0.000000e+00 7.860531e-01 6.181590e-01
    outer loop
      vertex   -4.200000e+01 2.792611e+00 -1.630474e+01
      vertex   -3.000000e+01 2.434177e+00 -1.584895e+01
      vertex   -3.000000e+01 2.792611e+00 -1.630474e+01
    endloop
  endfacet
  facet normal -0.000000e+00 6.548607e-01 7.557496e-01
    outer loop
      vertex   -4.200000e+01 2.792611e+00 -1.630474e+01
      vertex   -3.000000e+01 2.792611e+00 -1.630474e+01
      vertex   -4.200000e+01 3.230826e+00 -1.668446e+01
    endloop
  endfacet
  facet normal -0.000000e+00 6.548607e-01 7.557496e-01
    outer loop
      vertex   -4.200000e+01 3.230826e+00 -1.668446e+01
      vertex   -3.000000e+01 2.792611e+00 -1.630474e+01
      vertex   -3.000000e+01 3.230826e+00 -1.668446e+01
    endloop
  endfacet
  facet normal -0.000000e+00 5.000000e-01 8.660254e-01
    outer loop
      vertex   -4.200000e+01 3.230826e+00 -1.668446e+01
      vertex   -3.000000e+01 3.230826e+00 -1.668446e+01
      vertex   -4.200000e+01 3.732984e+00 -1.697438e+01
    endloop
  endfacet
  facet normal -3.700743e-17 5.000000e-01 8.660254e-01
    outer loop
      vertex   -4.200000e+01 3.732984e+00 -1.697438e+01
      vertex   -3.000000e+01 3.230826e+00 -1.668446e+01
      vertex   -3.000000e+01 3.732984e+00 -1.697438e+01
    endloop
  endfacet
  facet normal -2.420789e-17 3.270680e-01 9.450008e-01
    outer loop
      vertex   -4.200000e+01 3.732984e+00 -1.697438e+01
      vertex   -3.000000e+01 3.732984e+00 -1.697438e+01
      vertex   -4.200000e+01 4.280935e+00 -1.716403e+01
    endloop
  endfacet
  facet normal -2.420789e-17 3.270680e-01 9.450008e-01
    outer loop
      vertex   -4.200000e+01 4.280935e+00 -1.716403e+01
      vertex   -3.000000e+01 3.732984e+00 -1.697438e+01
      vertex   -3.000000e+01 4.280935e+00 -1.716403e+01
    endloop
  endfacet
  facet normal -1.053341e-17 1.423148e-01 9.898214e-01
    outer loop
      vertex   -4.200000e+01 4.280935e+00 -1.716403e+01
      vertex   -3.000000e+01 4.280935e+00 -1.716403e+01
      vertex   -4.200000e+01 4.854875e+00 -1.724655e+01
    endloop
  endfacet
  facet normal 1.053341e-17 1.423148e-01 9.898214e-01
    outer loop
      vertex   -4.200000e+01 4.854875e+00 -1.724655e+01
      vertex   -3.000000e+01 4.280935e+00 -1.716403e+01
      vertex   -3.000000e+01 4.854875e+00 -1.724655e+01
    endloop
  endfacet
  facet normal -3.521769e-18 -4.758192e-02 9.988673e-01
    outer loop
      vertex   -4.200000e+01 4.854875e+00 -1.724655e+01
      vertex   -3.000000e+01 4.854875e+00 -1.724655e+01
      vertex   -4.200000e+01 5.434060e+00 -1.721896e+01
    endloop
  endfacet
  facet normal 0.000000e+00 -4.758192e-02 9.988673e-01
    outer loop
      vertex   -4.200000e+01 5.434060e+00 -1.721896e+01
      vertex   -3.000000e+01 4.854875e+00 -1.724655e+01
      vertex   -3.000000e+01 5.434060e+00 -1.721896e+01
    endloop
  endfacet
  facet normal 0.000000e+00 -2.357589e-01 9.718116e-01
    outer loop
      vertex   -4.200000e+01 5.434060e+00 -1.721896e+01
      vertex   -3.000000e+01 5.434060e+00 -1.721896e+01
      vertex   -4.200000e+01 5.997557e+00 -1.708225e+01
    endloop
  endfacet
  facet normal 0.000000e+00 -2.357589e-01 9.718116e-01
    outer loop
      vertex   -4.200000e+01 5.997557e+00 -1.708225e+01
      vertex   -3.000000e+01 5.434060e+00 -1.721896e+01
      vertex   -3.000000e+01 5.997557e+00 -1.708225e+01
    endloop
  endfacet
  facet normal 0.000000e+00 -4.154150e-01 9.096320e-01
    outer loop
      vertex   -4.200000e+01 5.997557e+00 -1.708225e+01
      vertex   -3.000000e+01 5.997557e+00 -1.708225e+01
      vertex   -4.200000e+01 6.525000e+00 -1.684138e+01
    endloop
  endfacet
  facet normal 3.074689e-17 -4.154150e-01 9.096320e-01
    outer loop
      vertex   -4.200000e+01 6.525000e+00 -1.684138e+01
      vertex   -3.000000e+01 5.997557e+00 -1.708225e+01
      vertex   -3.000000e+01 6.525000e+00 -1.684138e+01
    endloop
  endfacet
  facet normal 4.293284e-17 -5.800569e-01 8.145760e-01
    outer loop
      vertex   -4.200000e+01 6.525000e+00 -1.684138e+01
      vertex   -3.000000e+01 6.525000e+00 -1.684138e+01
      vertex   -4.200000e+01 6.997325e+00 -1.650504e+01
    endloop
  endfacet
  facet normal 0.000000e+00 -5.800569e-01 8.145760e-01
    outer loop
      vertex   -4.200000e+01 6.997325e+00 -1.650504e+01
      vertex   -3.000000e+01 6.525000e+00 -1.684138e+01
      vertex   -3.000000e+01 6.997325e+00 -1.650504e+01
    endloop
  endfacet
  facet normal 0.000000e+00 -7.237340e-01 6.900790e-01
    outer loop
      vertex   -4.200000e+01 6.997325e+00 -1.650504e+01
      vertex   -3.000000e+01 6.997325e+00 -1.650504e+01
      vertex   -4.200000e+01 7.397462e+00 -1.608538e+01
    endloop
  endfacet
  facet normal 0.000000e+00 -7.237340e-01 6.900790e-01
    outer loop
      vertex   -4.200000e+01 7.397462e+00 -1.608538e+01
      vertex   -3.000000e+01 6.997325e+00 -1.650504e+01
      vertex   -3.000000e+01 7.397462e+00 -1.608538e+01
    endloop
  endfacet
  facet normal 0.000000e+00 -8.412535e-01 5.406408e-01
    outer loop
      vertex   -4.200000e+01 7.397462e+00 -1.608538e+01
      vertex   -3.000000e+01 7.397462e+00 -1.608538e+01
      vertex   -4.200000e+01 7.710948e+00 -1.559759e+01
    endloop
  endfacet
  facet normal 0.000000e+00 -8.412535e-01 5.406408e-01
    outer loop
      vertex   -4.200000e+01 7.710948e+00 -1.559759e+01
      vertex   -3.000000e+01 7.397462e+00 -1.608538e+01
      vertex   -3.000000e+01 7.710948e+00 -1.559759e+01
    endloop
  endfacet
  facet normal 0.000000e+00 -9.283679e-01 3.716625e-01
    outer loop
      vertex   -4.200000e+01 7.710948e+00 -1.559759e+01
      vertex   -3.000000e+01 7.710948e+00 -1.559759e+01
      vertex   -4.200000e+01 7.926454e+00 -1.505928e+01
    endloop
  endfacet
  facet normal 0.000000e+00 -9.283679e-01 3.716625e-01
    outer loop
      vertex   -4.200000e+01 7.926454e+00 -1.505928e+01
      vertex   -3.000000e+01 7.710948e+00 -1.559759e+01
      vertex   -3.000000e+01 7.926454e+00 -1.505928e+01
    endloop
  endfacet
  facet normal 0.000000e+00 -9.819287e-01 1.892512e-01
    outer loop
      vertex   -4.200000e+01 7.926454e+00 -1.505928e+01
      vertex   -3.000000e+01 7.926454e+00 -1.505928e+01
      vertex   -4.200000e+01 8.036189e+00 -1.448992e+01
    endloop
  endfacet
  facet normal 0.000000e+00 -9.819287e-01 1.892512e-01
    outer loop
      vertex   -4.200000e+01 8.036189e+00 -1.448992e+01
      vertex   -3.000000e+01 7.926454e+00 -1.505928e+01
      vertex   -3.000000e+01 8.036189e+00 -1.448992e+01
    endloop
  endfacet
  facet normal 0.000000e+00 -1.000000e+00 0.000000e+00
    outer loop
      vertex   -4.200000e+01 8.036189e+00 -1.448992e+01
      vertex   -3.000000e+01 8.036189e+00 -1.448992e+01
      vertex   -4.200000e+01 8.036189e+00 -1.391008e+01
    endloop
  endfacet
  facet normal 0.000000e+00 -1.000000e+00 0.000000e+00
    outer loop
      vertex   -4.200000e+01 8.036189e+00 -1.391008e+01
      vertex   -3.000000e+01 8.036189e+00 -1.448992e+01
      vertex   -3.000000e+01 8.036189e+00 -1.391008e+01
    endloop
  endfacet
  facet normal 0.000000e+00 -9.819287e-01 -1.892512e-01
    outer loop
      vertex   -4.200000e+01 8.036189e+00 -1.391008e+01
      vertex   -3.000000e+01 8.036189e+00 -1.391008e+01
      vertex   -4.200000e+01 7.926454e+00 -1.334072e+01
    endloop
  endfacet
  facet normal 0.000000e+00 -9.819287e-01 -1.892512e-01
    outer loop
      vertex   -4.200000e+01 7.926454e+00 -1.334072e+01
      vertex   -3.000000e+01 8.036189e+00 -1.391008e+01
      vertex   -3.000000e+01 7.926454e+00 -1.334072e+01
    endloop
  endfacet
  facet normal 0.000000e+00 -9.283679e-01 -3.716625e-01
    outer loop
      vertex   -4.200000e+01 7.926454e+00 -1.334072e+01
      vertex   -3.000000e+01 7.926454e+00 -1.334072e+01
      vertex   -4.200000e+01 7.710948e+00 -1.280241e+01
    endloop
  endfacet
  facet normal 0.000000e+00 -9.283679e-01 -3.716625e-01
    outer loop
      vertex   -4.200000e+01 7.710948e+00 -1.280241e+01
      vertex   -3.000000e+01 7.926454e+00 -1.334072e+01
      vertex   -3.000000e+01 7.710948e+00 -1.280241e+01
    endloop
  endfacet
  facet normal 0.000000e+00 -8.412535e-01 -5.406408e-01
    outer loop
      vertex   -4.200000e+01 7.710948e+00 -1.280241e+01
      vertex   -3.000000e+01 7.710948e+00 -1.280241e+01
      vertex   -4.200000e+01 7.397462e+00 -1.231462e+01
    endloop
  endfacet
  facet normal 8.003092e-17 -8.412535e-01 -5.406408e-01
    outer loop
      vertex   -4.200000e+01 7.397462e+00 -1.231462e+01
      vertex   -3.000000e+01 7.710948e+00 -1.280241e+01
      vertex   -3.000000e+01 7.397462e+00 -1.231462e+01
    endloop
  endfacet
  facet normal 1.021522e-16 -7.237340e-01 -6.900790e-01
    outer loop
      vertex   -4.200000e+01 7.397462e+00 -1.231462e+01
      vertex   -3.000000e+01 7.397462e+00 -1.231462e+01
      vertex   -4.200000e+01 6.997325e+00 -1.189496e+01
    endloop
  endfacet
  facet normal 0.000000e+00 -7.237340e-01 -6.900790e-01
    outer loop
      vertex   -4.200000e+01 6.997325e+00 -1.189496e+01
      vertex   -3.000000e+01 7.397462e+00 -1.231462e+01
      vertex   -3.000000e+01 6.997325e+00 -1.189496e+01
    endloop
  endfacet
  facet normal 0.000000e+00 -5.800569e-01 -8.145760e-01
    outer loop
      vertex   -4.200000e+01 6.997325e+00 -1.189496e+01
      vertex   -3.000000e+01 6.997325e+00 -1.189496e+01
      vertex   -4.200000e+01 6.525000e+00 -1.155862e+01
    endloop
  endfacet
  facet normal -4.293284e-17 -5.800569e-01 -8.145760e-01
    outer loop
      vertex   -4.200000e+01 6.525000e+00 -1.155862e+01
      vertex   -3.000000e+01 6.997325e+00 -1.189496e+01
      vertex   -3.000000e+01 6.525000e+00 -1.155862e+01
    endloop
  endfacet
  facet normal -3.074689e-17 -4.154150e-01 -9.096320e-01
    outer loop
      vertex   -4.200000e+01 6.525000e+00 -1.155862e+01
      vertex   -3.000000e+01 6.525000e+00 -1.155862e+01
      vertex   -4.200000e+01 5.997557e+00 -1.131775e+01
    endloop
  endfacet
  facet normal 0.000000e+00 -4.154150e-01 -9.096320e-01
    outer loop
      vertex   -4.200000e+01 5.997557e+00 -1.131775e+01
      vertex   -3.000000e+01 6.525000e+00 -1.155862e+01
      vertex   -3.000000e+01 5.997557e+00 -1.131775e+01
    endloop
  endfacet
  facet normal 0.000000e+00 -2.357589e-01 -9.718116e-01
    outer loop
      vertex   -4.200000e+01 5.997557e+00 -1.131775e+01
      vertex   -3.000000e+01 5.997557e+00 -1.131775e+01
      vertex   -4.200000e+01 5.434060e+00 -1.118104e+01
    endloop
  endfacet
  facet normal 0.000000e+00 -2.357589e-01 -9.718116e-01
    outer loop
      vertex   -4.200000e+01 5.434060e+00 -1.118104e+01
      vertex   -3.000000e+01 5.997557e+00 -1.131775e+01
      vertex   -3.000000e+01 5.434060e+00 -1.118104e+01
    endloop
  endfacet
  facet normal 0.000000e+00 -4.758192e-02 -9.988673e-01
    outer loop
      vertex   -4.200000e+01 5.434060e+00 -1.118104e+01
      vertex   -3.000000e+01 5.434060e+00 -1.118104e+01
      vertex   -4.200000e+01 4.854875e+00 -1.115345e+01
    endloop
  endfacet
  facet normal 3.521769e-18 -4.758192e-02 -9.988673e-01
    outer loop
      vertex   -4.200000e+01 4.854875e+00 -1.115345e+01
      vertex   -3.000000e+01 5.434060e+00 -1.118104e+01
      vertex   -3.000000e+01 4.854875e+00 -1.115345e+01
    endloop
  endfacet
  facet normal -1.053341e-17 1.423148e-01 -9.898214e-01
    outer loop
      vertex   -4.200000e+01 4.854875e+00 -1.115345e+01
      vertex   -3.000000e+01 4.854875e+00 -1.115345e+01
      vertex   -4.200000e+01 4.280935e+00 -1.123597e+01
    endloop
  endfacet
  facet normal 1.053341e-17 1.423148e-01 -9.898214e-01
    outer loop
      vertex   -4.200000e+01 4.280935e+00 -1.123597e+01
      vertex   -3.000000e+01 4.854875e+00 -1.115345e+01
      vertex   -3.000000e+01 4.280935e+00 -1.123597e+01
    endloop
  endfacet
  facet normal 2.420789e-17 3.270680e-01 -9.450008e-01
    outer loop
      vertex   -4.200000e+01 4.280935e+00 -1.123597e+01
      vertex   -3.000000e+01 4.280935e+00 -1.123597e+01
      vertex   -4.200000e+01 3.732984e+00 -1.142562e+01
    endloop
  endfacet
  facet normal 2.420789e-17 3.270680e-01 -9.450008e-01
    outer loop
      vertex   -4.200000e+01 3.732984e+00 -1.142562e+01
      vertex   -3.000000e+01 4.280935e+00 -1.123597e+01
      vertex   -3.000000e+01 3.732984e+00 -1.142562e+01
    endloop
  endfacet
  facet normal 3.700743e-17 5.000000e-01 -8.660254e-01
    outer loop
      vertex   -4.200000e+01 3.732984e+00 -1.142562e+01
      vertex   -3.000000e+01 3.732984e+00 -1.142562e+01
      vertex   -4.200000e+01 3.230826e+00 -1.171554e+01
    endloop
  endfacet
  facet normal 0.000000e+00 5.000000e-01 -8.660254e-01
    outer loop
      vertex   -4.200000e+01 3.230826e+00 -1.171554e+01
      vertex   -3.000000e+01 3.732984e+00 -1.142562e+01
      vertex   -3.000000e+01 3.230826e+00 -1.171554e+01
    endloop
  endfacet
  facet normal 0.000000e+00 6.548607e-01 -7.557496e-01
    outer loop
      vertex   -4.200000e+01 3.230826e+00 -1.171554e+01
      vertex   -3.000000e+01 3.230826e+00 -1.171554e+01
      vertex   -4.200000e+01 2.792611e+00 -1.209526e+01
    endloop
  endfacet
  facet normal 0.000000e+00 6.548607e-01 -7.557496e-01
    outer loop
      vertex   -4.200000e+01 2.792611e+00 -1.209526e+01
      vertex   -3.000000e+01 3.230826e+00 -1.171554e+01
      vertex   -3.000000e+01 2.792611e+00 -1.209526e+01
    endloop
  endfacet
  facet normal 0.000000e+00 7.860531e-01 -6.181590e-01
    outer loop
      vertex   -4.200000e+01 2.792611e+00 -1.209526e+01
      vertex   -3.000000e+01 2.792611e+00 -1.209526e+01
      vertex   -4.200000e+01 2.434177e+00 -1.255105e+01
    endloop
  endfacet
  facet normal -6.241610e-17 7.860531e-01 -6.181590e-01
    outer loop
      vertex   -4.200000e+01 2.434177e+00 -1.255105e+01
      vertex   -3.000000e+01 2.792611e+00 -1.209526e+01
      vertex   -3.000000e+01 2.434177e+00 -1.255105e+01
    endloop
  endfacet
  facet normal -3.493763e-17 8.888354e-01 -4.582265e-01
    outer loop
      vertex   -4.200000e+01 2.434177e+00 -1.255105e+01
      vertex   -3.000000e+01 2.434177e+00 -1.255105e+01
      vertex   -4.200000e+01 2.168478e+00 -1.306643e+01
    endloop
  endfacet
  facet normal 0.000000e+00 8.888354e-01 -4.582265e-01
    outer loop
      vertex   -4.200000e+01 2.168478e+00 -1.306643e+01
      vertex   -3.000000e+01 2.434177e+00 -1.255105e+01
      vertex   -3.000000e+01 2.168478e+00 -1.306643e+01
    endloop
  endfacet
  facet normal 0.000000e+00 9.594930e-01 -2.817326e-01
    outer loop
      vertex   -4.200000e+01 2.168478e+00 -1.306643e+01
      vertex   -3.000000e+01 2.168478e+00 -1.306643e+01
      vertex   -4.200000e+01 2.005117e+00 -1.362278e+01
    endloop
  endfacet
  facet normal 0.000000e+00 9.594930e-01 -2.817326e-01
    outer loop
      vertex   -4.200000e+01 2.005117e+00 -1.362278e+01
      vertex   -3.000000e+01 2.168478e+00 -1.306643e+01
      vertex   -3.000000e+01 2.005117e+00 -1.362278e+01
    endloop
  endfacet
  facet normal 0.000000e+00 9.954719e-01 -9.505604e-02
    outer loop
      vertex   -4.200000e+01 -2.599488e+01 -1.362278e+01
      vertex   -3.000000e+01 -2.599488e+01 -1.362278e+01
      vertex   -4.200000e+01 -2.605000e+01 -1.420000e+01
    endloop
  endfacet
  facet normal 0.000000e+00 9.954719e-01 -9.505604e-02
    outer loop
      vertex   -4.200000e+01 -2.605000e+01 -1.420000e+01
      vertex   -3.000000e+01 -2.599488e+01 -1.362278e+01
      vertex   -3.000000e+01 -2.605000e+01 -1.420000e+01
    endloop
  endfacet
  facet normal -0.000000e+00 9.954719e-01 9.505604e-02
    outer loop
      vertex   -4.200000e+01 -2.605000e+01 -1.420000e+01
      vertex   -3.000000e+01 -2.605000e+01 -1.420000e+01
      vertex   -4.200000e+01 -2.599488e+01 -1.477722e+01
    endloop
  endfacet
  facet normal -0.000000e+00 9.954719e-01 9.505604e-02
    outer loop
      vertex   -4.200000e+01 -2.599488e+01 -1.477722e+01
      vertex   -3.000000e+01 -2.605000e+01 -1.420000e+01
      vertex   -3.000000e+01 -2.599488e+01 -1.477722e+01
    endloop
  endfacet
  facet normal -0.000000e+00 9.594930e-01 2.817326e-01
    outer loop
      vertex   -4.200000e+01 -2.599488e+01 -1.477722e+01
      vertex   -3.000000e+01 -2.599488e+01 -1.477722e+01
      vertex   -4.200000e+01 -2.583152e+01 -1.533357e+01
    endloop
  endfacet
  facet normal -0.000000e+00 9.594930e-01 2.817326e-01
    outer loop
      vertex   -4.200000e+01 -2.583152e+01 -1.533357e+01
      vertex   -3.000000e+01 -2.599488e+01 -1.477722e+01
      vertex   -3.000000e+01 -2.583152e+01 -1.533357e+01
    endloop
  endfacet
  facet normal -0.000000e+00 8.888354e-01 4.582265e-01
    outer loop
      vertex   -4.200000e+01 -2.583152e+01 -1.533357e+01
      vertex   -3.000000e+01 -2.583152e+01 -1.533357e+01
      vertex   -4.200000e+01 -2.556582e+01 -1.584895e+01
    endloop
  endfacet
  facet normal 6.783115e-17 8.888354e-01 4.582265e-01
    outer loop
      vertex   -4.200000e+01 -2.556582e+01 -1.584895e+01
      vertex   -3.000000e+01 -2.583152e+01 -1.533357e+01
      vertex   -3.000000e+01 -2.556582e+01 -1.584895e+01
    endloop
  endfacet
  facet normal 9.150591e-17 7.860531e-01 6.181590e-01
    outer loop
      vertex   -4.200000e+01 -2.556582e+01 -1.584895e+01
      vertex   -3.000000e+01 -2.556582e+01 -1.584895e+01
      vertex   -4.200000e+01 -2.520739e+01 -1.630474e+01
    endloop
  endfacet
  facet normal -0.000000e+00 7.860531e-01 6.181590e-01
    outer loop
      vertex   -4.200000e+01 -2.520739e+01 -1.630474e+01
      vertex   -3.000000e+01 -2.556582e+01 -1.584895e+01
      vertex   -3.000000e+01 -2.520739e+01 -1.630474e+01
    endloop
  endfacet
  facet normal -0.000000e+00 6.548607e-01 7.557496e-01
    outer loop
      vertex   -4.200000e+01 -2.520739e+01 -1.630474e+01
      vertex   -3.000000e+01 -2.520739e+01 -1.630474e+01
      vertex   -4.200000e+01 -2.476917e+01 -1.668446e+01
    endloop
  endfacet
  facet normal -0.000000e+00 6.548607e-01 7.557496e-01
    outer loop
      vertex   -4.200000e+01 -2.476917e+01 -1.668446e+01
      vertex   -3.000000e+01 -2.520739e+01 -1.630474e+01
      vertex   -3.000000e+01 -2.476917e+01 -1.668446e+01
    endloop
  endfacet
  facet normal -0.000000e+00 5.000000e-01 8.660254e-01
    outer loop
      vertex   -4.200000e+01 -2.476917e+01 -1.668446e+01
      vertex   -3.000000e+01 -2.476917e+01 -1.668446e+01
      vertex   -4.200000e+01 -2.426702e+01 -1.697438e+01
    endloop
  endfacet
  facet normal -0.000000e+00 5.000000e-01 8.660254e-01
    outer loop
      vertex   -4.200000e+01 -2.426702e+01 -1.697438e+01
      vertex   -3.000000e+01 -2.476917e+01 -1.668446e+01
      vertex   -3.000000e+01 -2.426702e+01 -1.697438e+01
    endloop
  endfacet
  facet normal -0.000000e+00 3.270680e-01 9.450008e-01
    outer loop
      vertex   -4.200000e+01 -2.426702e+01 -1.697438e+01
      vertex   -3.000000e+01 -2.426702e+01 -1.697438e+01
      vertex   -4.200000e+01 -2.371906e+01 -1.716403e+01
    endloop
  endfacet
  facet normal -0.000000e+00 3.270680e-01 9.450008e-01
    outer loop
      vertex   -4.200000e+01 -2.371906e+01 -1.716403e+01
      vertex   -3.000000e+01 -2.426702e+01 -1.697438e+01
      vertex   -3.000000e+01 -2.371906e+01 -1.716403e+01
    endloop
  endfacet
  facet normal -0.000000e+00 1.423148e-01 9.898214e-01
    outer loop
      vertex   -4.200000e+01 -2.371906e+01 -1.716403e+01
      vertex   -3.000000e+01 -2.371906e+01 -1.716403e+01
      vertex   -4.200000e+01 -2.314512e+01 -1.724655e+01
    endloop
  endfacet
  facet normal 4.213366e-17 1.423148e-01 9.898214e-01
    outer loop
      vertex   -4.200000e+01 -2.314512e+01 -1.724655e+01
      vertex   -3.000000e+01 -2.371906e+01 -1.716403e+01
      vertex   -3.000000e+01 -2.314512e+01 -1.724655e+01
    endloop
  endfacet
  facet normal -1.408708e-17 -4.758192e-02 9.988673e-01
    outer loop
      vertex   -4.200000e+01 -2.314512e+01 -1.724655e+01
      vertex   -3.000000e+01 -2.314512e+01 -1.724655e+01
      vertex   -4.200000e+01 -2.256594e+01 -1.721896e+01
    endloop
  endfacet
  facet normal 0.000000e+00 -4.758192e-02 9.988673e-01
    outer loop
      vertex   -4.200000e+01 -2.256594e+01 -1.721896e+01
      vertex   -3.000000e+01 -2.314512e+01 -1.724655e+01
      vertex   -3.000000e+01 -2.256594e+01 -1.721896e+01
    endloop
  endfacet
  facet normal 0.000000e+00 -2.357589e-01 9.718116e-01
    outer loop
      vertex   -4.200000e+01 -2.256594e+01 -1.721896e+01
      vertex   -3.000000e+01 -2.256594e+01 -1.721896e+01
      vertex   -4.200000e+01 -2.200244e+01 -1.708225e+01
    endloop
  endfacet
  facet normal 0.000000e+00 -2.357589e-01 9.718116e-01
    outer loop
      vertex   -4.200000e+01 -2.200244e+01 -1.708225e+01
      vertex   -3.000000e+01 -2.256594e+01 -1.721896e+01
      vertex   -3.000000e+01 -2.200244e+01 -1.708225e+01
    endloop
  endfacet
  facet normal 0.000000e+00 -4.154150e-01 9.096320e-01
    outer loop
      vertex   -4.200000e+01 -2.200244e+01 -1.708225e+01
      vertex   -3.000000e+01 -2.200244e+01 -1.708225e+01
      vertex   -4.200000e+01 -2.147500e+01 -1.684138e+01
    endloop
  endfacet
  facet normal 1.229875e-16 -4.154150e-01 9.096320e-01
    outer loop
      vertex   -4.200000e+01 -2.147500e+01 -1.684138e+01
      vertex   -3.000000e+01 -2.200244e+01 -1.708225e+01
      vertex   -3.000000e+01 -2.147500e+01 -1.684138e+01
    endloop
  endfacet
  facet normal 1.717313e-16 -5.800569e-01 8.145760e-01
    outer loop
      vertex   -4.200000e+01 -2.147500e+01 -1.684138e+01
      vertex   -3.000000e+01 -2.147500e+01 -1.684138e+01
      vertex   -4.200000e+01 -2.100267e+01 -1.650504e+01
    endloop
  endfacet
  facet normal 0.000000e+00 -5.800569e-01 8.145760e-01
    outer loop
      vertex   -4.200000e+01 -2.100267e+01 -1.650504e+01
      vertex   -3.000000e+01 -2.147500e+01 -1.684138e+01
      vertex   -3.000000e+01 -2.100267e+01 -1.650504e+01
    endloop
  endfacet
  facet normal 0.000000e+00 -7.237340e-01 6.900790e-01
    outer loop
      vertex   -4.200000e+01 -2.100267e+01 -1.650504e+01
      vertex   -3.000000e+01 -2.100267e+01 -1.650504e+01
      vertex   -4.200000e+01 -2.060254e+01 -1.608538e+01
    endloop
  endfacet
  facet normal 0.000000e+00 -7.237340e-01 6.900790e-01
    outer loop
      vertex   -4.200000e+01 -2.060254e+01 -1.608538e+01
      vertex   -3.000000e+01 -2.100267e+01 -1.650504e+01
      vertex   -3.000000e+01 -2.060254e+01 -1.608538e+01
    endloop
  endfacet
  facet normal 0.000000e+00 -8.412535e-01 5.406408e-01
    outer loop
      vertex   -4.200000e+01 -2.060254e+01 -1.608538e+01
      vertex   -3.000000e+01 -2.060254e+01 -1.608538e+01
      vertex   -4.200000e+01 -2.028905e+01 -1.559759e+01
    endloop
  endfacet
  facet normal 0.000000e+00 -8.412535e-01 5.406408e-01
    outer loop
      vertex   -4.200000e+01 -2.028905e+01 -1.559759e+01
      vertex   -3.000000e+01 -2.060254e+01 -1.608538e+01
      vertex   -3.000000e+01 -2.028905e+01 -1.559759e+01
    endloop
  endfacet
  facet normal 0.000000e+00 -9.283679e-01 3.716625e-01
    outer loop
      vertex   -4.200000e+01 -2.028905e+01 -1.559759e+01
      vertex   -3.000000e+01 -2.028905e+01 -1.559759e+01
      vertex   -4.200000e+01 -2.007355e+01 -1.505928e+01
    endloop
  endfacet
  facet normal 0.000000e+00 -9.283679e-01 3.716625e-01
    outer loop
      vertex   -4.200000e+01 -2.007355e+01 -1.505928e+01
      vertex   -3.000000e+01 -2.028905e+01 -1.559759e+01
      vertex   -3.000000e+01 -2.007355e+01 -1.505928e+01
    endloop
  endfacet
  facet normal 0.000000e+00 -9.819287e-01 1.892512e-01
    outer loop
      vertex   -4.200000e+01 -2.007355e+01 -1.505928e+01
      vertex   -3.000000e+01 -2.007355e+01 -1.505928e+01
      vertex   -4.200000e+01 -1.996381e+01 -1.448992e+01
    endloop
  endfacet
  facet normal 0.000000e+00 -9.819287e-01 1.892512e-01
    outer loop
      vertex   -4.200000e+01 -1.996381e+01 -1.448992e+01
      vertex   -3.000000e+01 -2.007355e+01 -1.505928e+01
      vertex   -3.000000e+01 -1.996381e+01 -1.448992e+01
    endloop
  endfacet
  facet normal 0.000000e+00 -1.000000e+00 0.000000e+00
    outer loop
      vertex   -4.200000e+01 -1.996381e+01 -1.448992e+01
      vertex   -3.000000e+01 -1.996381e+01 -1.448992e+01
      vertex   -4.200000e+01 -1.996381e+01 -1.391008e+01
    endloop
  endfacet
  facet normal 0.000000e+00 -1.000000e+00 0.000000e+00
    outer loop
      vertex   -4.200000e+01 -1.996381e+01 -1.391008e+01
      vertex   -3.000000e+01 -1.996381e+01 -1.448992e+01
      vertex   -3.000000e+01 -1.996381e+01 -1.391008e+01
    endloop
  endfacet
  facet normal 0.000000e+00 -9.819287e-01 -1.892512e-01
    outer loop
      vertex   -4.200000e+01 -1.996381e+01 -1.391008e+01
      vertex   -3.000000e+01 -1.996381e+01 -1.391008e+01
      vertex   -4.200000e+01 -2.007355e+01 -1.334072e+01
    endloop
  endfacet
  facet normal 0.000000e+00 -9.819287e-01 -1.892512e-01
    outer loop
      vertex   -4.200000e+01 -2.007355e+01 -1.334072e+01
      vertex   -3.000000e+01 -1.996381e+01 -1.391008e+01
      vertex   -3.000000e+01 -2.007355e+01 -1.334072e+01
    endloop
  endfacet
  facet normal 0.000000e+00 -9.283679e-01 -3.716625e-01
    outer loop
      vertex   -4.200000e+01 -2.007355e+01 -1.334072e+01
      vertex   -3.000000e+01 -2.007355e+01 -1.334072e+01
      vertex   -4.200000e+01 -2.028905e+01 -1.280241e+01
    endloop
  endfacet
  facet normal 0.000000e+00 -9.283679e-01 -3.716625e-01
    outer loop
      vertex   -4.200000e+01 -2.028905e+01 -1.280241e+01
      vertex   -3.000000e+01 -2.007355e+01 -1.334072e+01
      vertex   -3.000000e+01 -2.028905e+01 -1.280241e+01
    endloop
  endfacet
  facet normal 0.000000e+00 -8.412535e-01 -5.406408e-01
    outer loop
      vertex   -4.200000e+01 -2.028905e+01 -1.280241e+01
      vertex   -3.000000e+01 -2.028905e+01 -1.280241e+01
      vertex   -4.200000e+01 -2.060254e+01 -1.231462e+01
    endloop
  endfacet
  facet normal 8.003092e-17 -8.412535e-01 -5.406408e-01
    outer loop
      vertex   -4.200000e+01 -2.060254e+01 -1.231462e+01
      vertex   -3.000000e+01 -2.028905e+01 -1.280241e+01
      vertex   -3.000000e+01 -2.060254e+01 -1.231462e+01
    endloop
  endfacet
  facet normal 1.021522e-16 -7.237340e-01 -6.900790e-01
    outer loop
      vertex   -4.200000e+01 -2.060254e+01 -1.231462e+01
      vertex   -3.000000e+01 -2.060254e+01 -1.231462e+01
      vertex   -4.200000e+01 -2.100267e+01 -1.189496e+01
    endloop
  endfacet
  facet normal 0.000000e+00 -7.237340e-01 -6.900790e-01
    outer loop
      vertex   -4.200000e+01 -2.100267e+01 -1.189496e+01
      vertex   -3.000000e+01 -2.060254e+01 -1.231462e+01
      vertex   -3.000000e+01 -2.100267e+01 -1.189496e+01
    endloop
  endfacet
  facet normal 0.000000e+00 -5.800569e-01 -8.145760e-01
    outer loop
      vertex   -4.200000e+01 -2.100267e+01 -1.189496e+01
      vertex   -3.000000e+01 -2.100267e+01 -1.189496e+01
      vertex   -4.200000e+01 -2.147500e+01 -1.155862e+01
    endloop
  endfacet
  facet normal -1.717313e-16 -5.800569e-01 -8.145760e-01
    outer loop
      vertex   -4.200000e+01 -2.147500e+01 -1.155862e+01
      vertex   -3.000000e+01 -2.100267e+01 -1.189496e+01
      vertex   -3.000000e+01 -2.147500e+01 -1.155862e+01
    endloop
  endfacet
  facet normal -1.229875e-16 -4.154150e-01 -9.096320e-01
    outer loop
      vertex   -4.200000e+01 -2.147500e+01 -1.155862e+01
      vertex   -3.000000e+01 -2.147500e+01 -1.155862e+01
      vertex   -4.200000e+01 -2.200244e+01 -1.131775e+01
    endloop
  endfacet
  facet normal 0.000000e+00 -4.154150e-01 -9.096320e-01
    outer loop
      vertex   -4.200000e+01 -2.200244e+01 -1.131775e+01
      vertex   -3.000000e+01 -2.147500e+01 -1.155862e+01
      vertex   -3.000000e+01 -2.200244e+01 -1.131775e+01
    endloop
  endfacet
  facet normal 0.000000e+00 -2.357589e-01 -9.718116e-01
    outer loop
      vertex   -4.200000e+01 -2.200244e+01 -1.131775e+01
      vertex   -3.000000e+01 -2.200244e+01 -1.131775e+01
      vertex   -4.200000e+01 -2.256594e+01 -1.118104e+01
    endloop
  endfacet
  facet normal 0.000000e+00 -2.357589e-01 -9.718116e-01
    outer loop
      vertex   -4.200000e+01 -2.256594e+01 -1.118104e+01
      vertex   -3.000000e+01 -2.200244e+01 -1.131775e+01
      vertex   -3.000000e+01 -2.256594e+01 -1.118104e+01
    endloop
  endfacet
  facet normal 0.000000e+00 -4.758192e-02 -9.988673e-01
    outer loop
      vertex   -4.200000e+01 -2.256594e+01 -1.118104e+01
      vertex   -3.000000e+01 -2.256594e+01 -1.118104e+01
      vertex   -4.200000e+01 -2.314512e+01 -1.115345e+01
    endloop
  endfacet
  facet normal 1.408708e-17 -4.758192e-02 -9.988673e-01
    outer loop
      vertex   -4.200000e+01 -2.314512e+01 -1.115345e+01
      vertex   -3.000000e+01 -2.256594e+01 -1.118104e+01
      vertex   -3.000000e+01 -2.314512e+01 -1.115345e+01
    endloop
  endfacet
  facet normal -4.213366e-17 1.423148e-01 -9.898214e-01
    outer loop
      vertex   -4.200000e+01 -2.314512e+01 -1.115345e+01
      vertex   -3.000000e+01 -2.314512e+01 -1.115345e+01
      vertex   -4.200000e+01 -2.371906e+01 -1.123597e+01
    endloop
  endfacet
  facet normal 0.000000e+00 1.423148e-01 -9.898214e-01
    outer loop
      vertex   -4.200000e+01 -2.371906e+01 -1.123597e+01
      vertex   -3.000000e+01 -2.314512e+01 -1.115345e+01
      vertex   -3.000000e+01 -2.371906e+01 -1.123597e+01
    endloop
  endfacet
  facet normal 0.000000e+00 3.270680e-01 -9.450008e-01
    outer loop
      vertex   -4.200000e+01 -2.371906e+01 -1.123597e+01
      vertex   -3.000000e+01 -2.371906e+01 -1.123597e+01
      vertex   -4.200000e+01 -2.426702e+01 -1.142562e+01
    endloop
  endfacet
  facet normal 0.000000e+00 3.270680e-01 -9.450008e-01
    outer loop
      vertex   -4.200000e+01 -2.426702e+01 -1.142562e+01
      vertex   -3.000000e+01 -2.371906e+01 -1.123597e+01
      vertex   -3.000000e+01 -2.426702e+01 -1.142562e+01
    endloop
  endfacet
  facet normal 0.000000e+00 5.000000e-01 -8.660254e-01
    outer loop
      vertex   -4.200000e+01 -2.426702e+01 -1.142562e+01
      vertex   -3.000000e+01 -2.426702e+01 -1.142562e+01
      vertex   -4.200000e+01 -2.476917e+01 -1.171554e+01
    endloop
  endfacet
  facet normal 0.000000e+00 5.000000e-01 -8.660254e-01
    outer loop
      vertex   -4.200000e+01 -2.476917e+01 -1.171554e+01
      vertex   -3.000000e+01 -2.426702e+01 -1.142562e+01
      vertex   -3.000000e+01 -2.476917e+01 -1.171554e+01
    endloop
  endfacet
  facet normal 0.000000e+00 6.548607e-01 -7.557496e-01
    outer loop
      vertex   -4.200000e+01 -2.476917e+01 -1.171554e+01
      vertex   -3.000000e+01 -2.476917e+01 -1.171554e+01
      vertex   -4.200000e+01 -2.520739e+01 -1.209526e+01
    endloop
  endfacet
  facet normal 0.000000e+00 6.548607e-01 -7.557496e-01
    outer loop
      vertex   -4.200000e+01 -2.520739e+01 -1.209526e+01
      vertex   -3.000000e+01 -2.476917e+01 -1.171554e+01
      vertex   -3.000000e+01 -2.520739e+01 -1.209526e+01
    endloop
  endfacet
  facet normal 0.000000e+00 7.860531e-01 -6.181590e-01
    outer loop
      vertex   -4.200000e+01 -2.520739e+01 -1.209526e+01
      vertex   -3.000000e+01 -2.520739e+01 -1.209526e+01
      vertex   -4.200000e+01 -2.556582e+01 -1.255105e+01
    endloop
  endfacet
  facet normal -9.150591e-17 7.860531e-01 -6.181590e-01
    outer loop
      vertex   -4.200000e+01 -2.556582e+01 -1.255105e+01
      vertex   -3.000000e+01 -2.520739e+01 -1.209526e+01
      vertex   -3.000000e+01 -2.556582e+01 -1.255105e+01
    endloop
  endfacet
  facet normal -6.783115e-17 8.888354e-01 -4.582265e-01
    outer loop
      vertex   -4.200000e+01 -2.556582e+01 -1.255105e+01
      vertex   -3.000000e+01 -2.556582e+01 -1.255105e+01
      vertex   -4.200000e+01 -2.583152e+01 -1.306643e+01
    endloop
  endfacet
  facet normal 0.000000e+00 8.888354e-01 -4.582265e-01
    outer loop
      vertex   -4.200000e+01 -2.583152e+01 -1.306643e+01
      vertex   -3.000000e+01 -2.556582e+01 -1.255105e+01
      vertex   -3.000000e+01 -2.583152e+01 -1.306643e+01
    endloop
  endfacet
  facet normal 0.000000e+00 9.594930e-01 -2.817326e-01
    outer loop
      vertex   -4.200000e+01 -2.583152e+01 -1.306643e+01
      vertex   -3.000000e+01 -2.583152e+01 -1.306643e+01
      vertex   -4.200000e+01 -2.599488e+01 -1.362278e+01
    endloop
  endfacet
  facet normal 0.000000e+00 9.594930e-01 -2.817326e-01
    outer loop
      vertex   -4.200000e+01 -2.599488e+01 -1.362278e+01
      vertex   -3.000000e+01 -2.583152e+01 -1.306643e+01
      vertex   -3.000000e+01 -2.599488e+01 -1.362278e+01
    endloop
  endfacet
  facet normal 0.000000e+00 -8.075694e-01 5.897726e-01
    outer loop
      vertex   -4.500000e+01 -2.968598e+01 -9.807096e+00
      vertex   -3.000000e+01 -2.968598e+01 -9.807096e+00
      vertex   -4.500000e+01 -2.908994e+01 -8.990936e+00
    endloop
  endfacet
  facet normal 0.000000e+00 -8.075694e-01 5.897726e-01
    outer loop
      vertex   -4.500000e+01 -2.908994e+01 -8.990936e+00
      vertex   -3.000000e+01 -2.968598e+01 -9.807096e+00
      vertex   -3.000000e+01 -2.908994e+01 -8.990936e+00
    endloop
  endfacet
  facet normal 0.000000e+00 -7.453567e-01 6.666659e-01
    outer loop
      vertex   -4.500000e+01 -2.908994e+01 -8.990936e+00
      vertex   -3.000000e+01 -2.908994e+01 -8.990936e+00
      vertex   -4.500000e+01 -2.841618e+01 -8.237651e+00
    endloop
  endfacet
  facet normal 0.000000e+00 -7.453567e-01 6.666659e-01
    outer loop
      vertex   -4.500000e+01 -2.841618e+01 -8.237651e+00
      vertex   -3.000000e+01 -2.908994e+01 -8.990936e+00
      vertex   -3.000000e+01 -2.841618e+01 -8.237651e+00
    endloop
  endfacet
  facet normal 0.000000e+00 -6.758522e-01 7.370372e-01
    outer loop
      vertex   -4.500000e+01 -2.841618e+01 -8.237651e+00
      vertex   -3.000000e+01 -2.841618e+01 -8.237651e+00
      vertex   -4.500000e+01 -2.767130e+01 -7.554609e+00
    endloop
  endfacet
  facet normal 0.000000e+00 -6.758522e-01 7.370372e-01
    outer loop
      vertex   -4.500000e+01 -2.767130e+01 -7.554609e+00
      vertex   -3.000000e+01 -2.841618e+01 -8.237651e+00
      vertex   -3.000000e+01 -2.767130e+01 -7.554609e+00
    endloop
  endfacet
  facet normal 0.000000e+00 -5.997358e-01 8.001981e-01
    outer loop
      vertex   -4.500000e+01 -2.767130e+01 -7.554609e+00
      vertex   -3.000000e+01 -2.767130e+01 -7.554609e+00
      vertex   -4.500000e+01 -2.686259e+01 -6.948493e+00
    endloop
  endfacet
  facet normal 0.000000e+00 -5.997358e-01 8.001981e-01
    outer loop
      vertex   -4.500000e+01 -2.686259e+01 -6.948493e+00
      vertex   -3.000000e+01 -2.767130e+01 -7.554609e+00
      vertex   -3.000000e+01 -2.686259e+01 -6.948493e+00
    endloop
  endfacet
  facet normal 0.000000e+00 -5.177523e-01 8.555306e-01
    outer loop
      vertex   -4.500000e+01 -2.686259e+01 -6.948493e+00
      vertex   -3.000000e+01 -2.686259e+01 -6.948493e+00
      vertex   -4.500000e+01 -2.599796e+01 -6.425234e+00
    endloop
  endfacet
  facet normal 0.000000e+00 -5.177523e-01 8.555306e-01
    outer loop
      vertex   -4.500000e+01 -2.599796e+01 -6.425234e+00
      vertex   -3.000000e+01 -2.686259e+01 -6.948493e+00
      vertex   -3.000000e+01 -2.599796e+01 -6.425234e+00
    endloop
  endfacet
  facet normal 0.000000e+00 -4.307036e-01 9.024935e-01
    outer loop
      vertex   -4.500000e+01 -2.599796e+01 -6.425234e+00
      vertex   -3.000000e+01 -2.599796e+01 -6.425234e+00
      vertex   -4.500000e+01 -2.508587e+01 -5.989948e+00
    endloop
  endfacet
  facet normal 0.000000e+00 -4.307036e-01 9.024935e-01
    outer loop
      vertex   -4.500000e+01 -2.508587e+01 -5.989948e+00
      vertex   -3.000000e+01 -2.599796e+01 -6.425234e+00
      vertex   -3.000000e+01 -2.508587e+01 -5.989948e+00
    endloop
  endfacet
  facet normal 0.000000e+00 -3.394413e-01 9.406273e-01
    outer loop
      vertex   -4.500000e+01 -2.508587e+01 -5.989948e+00
      vertex   -3.000000e+01 -2.508587e+01 -5.989948e+00
      vertex   -4.500000e+01 -2.413523e+01 -5.646896e+00
    endloop
  endfacet
  facet normal 0.000000e+00 -3.394413e-01 9.406273e-01
    outer loop
      vertex   -4.500000e+01 -2.413523e+01 -5.646896e+00
      vertex   -3.000000e+01 -2.508587e+01 -5.989948e+00
      vertex   -3.000000e+01 -2.413523e+01 -5.646896e+00
    endloop
  endfacet
  facet normal 0.000000e+00 -2.448582e-01 9.695589e-01
    outer loop
      vertex   -4.500000e+01 -2.413523e+01 -5.646896e+00
      vertex   -3.000000e+01 -2.413523e+01 -5.646896e+00
      vertex   -4.500000e+01 -2.315536e+01 -5.399433e+00
    endloop
  endfacet
  facet normal 0.000000e+00 -2.448582e-01 9.695589e-01
    outer loop
      vertex   -4.500000e+01 -2.315536e+01 -5.399433e+00
      vertex   -3.000000e+01 -2.413523e+01 -5.646896e+00
      vertex   -3.000000e+01 -2.315536e+01 -5.399433e+00
    endloop
  endfacet
  facet normal 0.000000e+00 -1.478797e-01 9.890054e-01
    outer loop
      vertex   -4.500000e+01 -2.315536e+01 -5.399433e+00
      vertex   -3.000000e+01 -2.315536e+01 -5.399433e+00
      vertex   -4.500000e+01 -2.215584e+01 -5.249981e+00
    endloop
  endfacet
  facet normal 0.000000e+00 -1.478797e-01 9.890054e-01
    outer loop
      vertex   -4.500000e+01 -2.215584e+01 -5.249981e+00
      vertex   -3.000000e+01 -2.315536e+01 -5.399433e+00
      vertex   -3.000000e+01 -2.215584e+01 -5.249981e+00
    endloop
  endfacet
  facet normal 0.000000e+00 -4.945451e-02 9.987764e-01
    outer loop
      vertex   -4.500000e+01 -2.215584e+01 -5.249981e+00
      vertex   -3.000000e+01 -2.215584e+01 -5.249981e+00
      vertex   -4.500000e+01 -2.114644e+01 -5.200000e+00
    endloop
  endfacet
  facet normal 0.000000e+00 -4.945451e-02 9.987764e-01
    outer loop
      vertex   -4.500000e+01 -2.114644e+01 -5.200000e+00
      vertex   -3.000000e+01 -2.215584e+01 -5.249981e+00
      vertex   -3.000000e+01 -2.114644e+01 -5.200000e+00
    endloop
  endfacet
  facet normal 2.840876e-18 4.797813e-02 9.988484e-01
    outer loop
      vertex   -4.500000e+01 3.079018e+00 -5.200000e+00
      vertex   -3.000000e+01 3.079018e+00 -5.200000e+00
      vertex   -4.500000e+01 4.070550e+00 -5.247627e+00
    endloop
  endfacet
  facet normal -0.000000e+00 4.797813e-02 9.988484e-01
    outer loop
      vertex   -4.500000e+01 4.070550e+00 -5.247627e+00
      vertex   -3.000000e+01 3.079018e+00 -5.200000e+00
      vertex   -3.000000e+01 4.070550e+00 -5.247627e+00
    endloop
  endfacet
  facet normal -0.000000e+00 1.434926e-01 9.896514e-01
    outer loop
      vertex   -4.500000e+01 4.070550e+00 -5.247627e+00
      vertex   -3.000000e+01 4.070550e+00 -5.247627e+00
      vertex   -4.500000e+01 5.052953e+00 -5.390068e+00
    endloop
  endfacet
  facet normal -0.000000e+00 1.434926e-01 9.896514e-01
    outer loop
      vertex   -4.500000e+01 5.052953e+00 -5.390068e+00
      vertex   -3.000000e+01 4.070550e+00 -5.247627e+00
      vertex   -3.000000e+01 5.052953e+00 -5.390068e+00
    endloop
  endfacet
  facet normal -0.000000e+00 2.376859e-01 9.713421e-01
    outer loop
      vertex   -4.500000e+01 5.052953e+00 -5.390068e+00
      vertex   -3.000000e+01 5.052953e+00 -5.390068e+00
      vertex   -4.500000e+01 6.017181e+00 -5.626013e+00
    endloop
  endfacet
  facet normal -0.000000e+00 2.376859e-01 9.713421e-01
    outer loop
      vertex   -4.500000e+01 6.017181e+00 -5.626013e+00
      vertex   -3.000000e+01 5.052953e+00 -5.390068e+00
      vertex   -3.000000e+01 6.017181e+00 -5.626013e+00
    endloop
  endfacet
  facet normal -0.000000e+00 3.296906e-01 9.440890e-01
    outer loop
      vertex   -4.500000e+01 6.017181e+00 -5.626013e+00
      vertex   -3.000000e+01 6.017181e+00 -5.626013e+00
      vertex   -4.500000e+01 6.954355e+00 -5.953289e+00
    endloop
  endfacet
  facet normal -0.000000e+00 3.296906e-01 9.440890e-01
    outer loop
      vertex   -4.500000e+01 6.954355e+00 -5.953289e+00
      vertex   -3.000000e+01 6.017181e+00 -5.626013e+00
      vertex   -3.000000e+01 6.954355e+00 -5.953289e+00
    endloop
  endfacet
  facet normal -0.000000e+00 4.186597e-01 9.081432e-01
    outer loop
      vertex   -4.500000e+01 6.954355e+00 -5.953289e+00
      vertex   -3.000000e+01 6.954355e+00 -5.953289e+00
      vertex   -4.500000e+01 7.855847e+00 -6.368883e+00
    endloop
  endfacet
  facet normal -0.000000e+00 4.186597e-01 9.081432e-01
    outer loop
      vertex   -4.500000e+01 7.855847e+00 -6.368883e+00
      vertex   -3.000000e+01 6.954355e+00 -5.953289e+00
      vertex   -3.000000e+01 7.855847e+00 -6.368883e+00
    endloop
  endfacet
  facet normal -0.000000e+00 5.037740e-01 8.638355e-01
    outer loop
      vertex   -4.500000e+01 7.855847e+00 -6.368883e+00
      vertex   -3.000000e+01 7.855847e+00 -6.368883e+00
      vertex   -4.500000e+01 8.713356e+00 -6.868967e+00
    endloop
  endfacet
  facet normal -0.000000e+00 5.037740e-01 8.638355e-01
    outer loop
      vertex   -4.500000e+01 8.713356e+00 -6.868967e+00
      vertex   -3.000000e+01 7.855847e+00 -6.368883e+00
      vertex   -3.000000e+01 8.713356e+00 -6.868967e+00
    endloop
  endfacet
  facet normal -0.000000e+00 5.842497e-01 8.115740e-01
    outer loop
      vertex   -4.500000e+01 8.713356e+00 -6.868967e+00
      vertex   -3.000000e+01 8.713356e+00 -6.868967e+00
      vertex   -4.500000e+01 9.518985e+00 -7.448937e+00
    endloop
  endfacet
  facet normal -0.000000e+00 5.842497e-01 8.115740e-01
    outer loop
      vertex   -4.500000e+01 9.518985e+00 -7.448937e+00
      vertex   -3.000000e+01 8.713356e+00 -6.868967e+00
      vertex   -3.000000e+01 9.518985e+00 -7.448937e+00
    endloop
  endfacet
  facet normal -0.000000e+00 6.593458e-01 7.518398e-01
    outer loop
      vertex   -4.500000e+01 9.518985e+00 -7.448937e+00
      vertex   -3.000000e+01 9.518985e+00 -7.448937e+00
      vertex   -4.500000e+01 1.026532e+01 -8.103454e+00
    endloop
  endfacet
  facet normal -0.000000e+00 6.593458e-01 7.518398e-01
    outer loop
      vertex   -4.500000e+01 1.026532e+01 -8.103454e+00
      vertex   -3.000000e+01 9.518985e+00 -7.448937e+00
      vertex   -3.000000e+01 1.026532e+01 -8.103454e+00
    endloop
  endfacet
  facet normal -0.000000e+00 7.283710e-01 6.851830e-01
    outer loop
      vertex   -4.500000e+01 1.026532e+01 -8.103454e+00
      vertex   -3.000000e+01 1.026532e+01 -8.103454e+00
      vertex   -4.500000e+01 1.094548e+01 -8.826490e+00
    endloop
  endfacet
  facet normal -0.000000e+00 7.283710e-01 6.851830e-01
    outer loop
      vertex   -4.500000e+01 1.094548e+01 -8.826490e+00
      vertex   -3.000000e+01 1.026532e+01 -8.103454e+00
      vertex   -3.000000e+01 1.094548e+01 -8.826490e+00
    endloop
  endfacet
  facet normal -0.000000e+00 7.906896e-01 6.122173e-01
    outer loop
      vertex   -4.500000e+01 1.094548e+01 -8.826490e+00
      vertex   -3.000000e+01 1.094548e+01 -8.826490e+00
      vertex   -4.500000e+01 1.155322e+01 -9.611389e+00
    endloop
  endfacet
  facet normal -9.363646e-17 7.906896e-01 6.122173e-01
    outer loop
      vertex   -4.500000e+01 1.155322e+01 -9.611389e+00
      vertex   -3.000000e+01 1.094548e+01 -8.826490e+00
      vertex   -3.000000e+01 1.155322e+01 -9.611389e+00
    endloop
  endfacet
  facet normal -0.000000e+00 8.191520e-01 5.735764e-01
    outer loop
      vertex   -4.500000e+01 1.912200e+01 -2.042073e+01
      vertex   -4.500000e+01 1.155322e+01 -9.611389e+00
      vertex   -3.000000e+01 1.912200e+01 -2.042073e+01
    endloop
  endfacet
  facet normal -7.179501e-17 8.191520e-01 5.735764e-01
    outer loop
      vertex   -3.000000e+01 1.912200e+01 -2.042073e+01
      vertex   -4.500000e+01 1.155322e+01 -9.611389e+00
      vertex   -3.000000e+01 1.155322e+01 -9.611389e+00
    endloop
  endfacet
  facet normal 0.000000e+00 1.000000e+00 0.000000e+00
    outer loop
      vertex   -3.000000e+01 3.001775e+01 -2.170000e+01
      vertex   -3.000000e+01 3.001775e+01 -2.670000e+01
      vertex   -4.500000e+01 3.001775e+01 -2.170000e+01
    endloop
  endfacet
  facet normal 0.000000e+00 1.000000e+00 0.000000e+00
    outer loop
      vertex   -4.500000e+01 3.001775e+01 -2.170000e+01
      vertex   -3.000000e+01 3.001775e+01 -2.670000e+01
      vertex   -4.500000e+01 3.001775e+01 -2.670000e+01
    endloop
  endfacet
  facet normal 4.145717e-14 -4.845648e-15 -1.000000e+00
    outer loop
      vertex   -3.944609e+01 2.547898e+01 -2.670000e+01
      vertex   -3.950000e+01 2.501775e+01 -2.670000e+01
      vertex   -4.500000e+01 3.001775e+01 -2.670000e+01
    endloop
  endfacet
  facet normal 5.131490e-14 5.997851e-15 -1.000000e+00
    outer loop
      vertex   -4.500000e+01 3.001775e+01 -2.670000e+01
      vertex   -3.950000e+01 2.501775e+01 -2.670000e+01
      vertex   -3.944609e+01 2.455652e+01 -2.670000e+01
    endloop
  endfacet
  facet normal 5.661335e-14 1.138622e-14 -1.000000e+00
    outer loop
      vertex   -4.500000e+01 3.001775e+01 -2.670000e+01
      vertex   -3.944609e+01 2.455652e+01 -2.670000e+01
      vertex   -3.890000e+01 2.582044e-15 -2.670000e+01
    endloop
  endfacet
  facet normal -6.580811e-14 8.663801e-15 -1.000000e+00
    outer loop
      vertex   -3.890000e+01 2.582044e-15 -2.670000e+01
      vertex   -3.944609e+01 2.455652e+01 -2.670000e+01
      vertex   -3.885230e+01 3.623467e-01 -2.670000e+01
    endloop
  endfacet
  facet normal 3.028311e-14 1.102215e-14 -1.000000e+00
    outer loop
      vertex   -3.885230e+01 3.623467e-01 -2.670000e+01
      vertex   -3.944609e+01 2.455652e+01 -2.670000e+01
      vertex   -3.928727e+01 2.412015e+01 -2.670000e+01
    endloop
  endfacet
  facet normal 1.637110e-14 1.076744e-14 -1.000000e+00
    outer loop
      vertex   -3.885230e+01 3.623467e-01 -2.670000e+01
      vertex   -3.928727e+01 2.412015e+01 -2.670000e+01
      vertex   -3.903209e+01 2.373218e+01 -2.670000e+01
    endloop
  endfacet
  facet normal -2.522238e-14 1.044745e-14 -1.000000e+00
    outer loop
      vertex   -3.885230e+01 3.623467e-01 -2.670000e+01
      vertex   -3.903209e+01 2.373218e+01 -2.670000e+01
      vertex   -3.871244e+01 7.000000e-01 -2.670000e+01
    endloop
  endfacet
  facet normal 1.032207e-14 1.094076e-14 -1.000000e+00
    outer loop
      vertex   -3.871244e+01 7.000000e-01 -2.670000e+01
      vertex   -3.903209e+01 2.373218e+01 -2.670000e+01
      vertex   -3.869432e+01 2.341351e+01 -2.670000e+01
    endloop
  endfacet
  facet normal -1.428385e-14 1.096038e-14 -1.000000e+00
    outer loop
      vertex   -3.871244e+01 7.000000e-01 -2.670000e+01
      vertex   -3.869432e+01 2.341351e+01 -2.670000e+01
      vertex   -3.848995e+01 9.899495e-01 -2.670000e+01
    endloop
  endfacet
  facet normal 6.437013e-15 1.114923e-14 -1.000000e+00
    outer loop
      vertex   -3.848995e+01 9.899495e-01 -2.670000e+01
      vertex   -3.869432e+01 2.341351e+01 -2.670000e+01
      vertex   -3.829216e+01 2.318132e+01 -2.670000e+01
    endloop
  endfacet
  facet normal -8.658347e-15 1.128378e-14 -1.000000e+00
    outer loop
      vertex   -3.848995e+01 9.899495e-01 -2.670000e+01
      vertex   -3.829216e+01 2.318132e+01 -2.670000e+01
      vertex   -3.820000e+01 1.212436e+00 -2.670000e+01
    endloop
  endfacet
  facet normal -4.680805e-15 1.130046e-14 -1.000000e+00
    outer loop
      vertex   -3.820000e+01 1.212436e+00 -2.670000e+01
      vertex   -3.829216e+01 2.318132e+01 -2.670000e+01
      vertex   -3.786235e+01 1.352296e+00 -2.670000e+01
    endloop
  endfacet
  facet normal 3.430954e-15 1.146018e-14 -1.000000e+00
    outer loop
      vertex   -3.786235e+01 1.352296e+00 -2.670000e+01
      vertex   -3.829216e+01 2.318132e+01 -2.670000e+01
      vertex   -3.784730e+01 2.304814e+01 -2.670000e+01
    endloop
  endfacet
  facet normal -1.509213e-15 1.146361e-14 -1.000000e+00
    outer loop
      vertex   -3.786235e+01 1.352296e+00 -2.670000e+01
      vertex   -3.784730e+01 2.304814e+01 -2.670000e+01
      vertex   -3.750000e+01 1.400000e+00 -2.670000e+01
    endloop
  endfacet
  facet normal 6.697152e-16 1.149857e-14 -1.000000e+00
    outer loop
      vertex   -3.750000e+01 1.400000e+00 -2.670000e+01
      vertex   -3.784730e+01 2.304814e+01 -2.670000e+01
      vertex   -3.738371e+01 2.302114e+01 -2.670000e+01
    endloop
  endfacet
  facet normal 1.513218e-15 1.149403e-14 -1.000000e+00
    outer loop
      vertex   -3.750000e+01 1.400000e+00 -2.670000e+01
      vertex   -3.738371e+01 2.302114e+01 -2.670000e+01
      vertex   -3.713765e+01 1.352296e+00 -2.670000e+01
    endloop
  endfacet
  facet normal -2.019634e-15 1.145391e-14 -1.000000e+00
    outer loop
      vertex   -3.713765e+01 1.352296e+00 -2.670000e+01
      vertex   -3.738371e+01 2.302114e+01 -2.670000e+01
      vertex   -3.692639e+01 2.310177e+01 -2.670000e+01
    endloop
  endfacet
  facet normal 4.717261e-15 1.138848e-14 -1.000000e+00
    outer loop
      vertex   -3.713765e+01 1.352296e+00 -2.670000e+01
      vertex   -3.692639e+01 2.310177e+01 -2.670000e+01
      vertex   -3.680000e+01 1.212436e+00 -2.670000e+01
    endloop
  endfacet
  facet normal -4.888583e-15 1.133301e-14 -1.000000e+00
    outer loop
      vertex   -3.680000e+01 1.212436e+00 -2.670000e+01
      vertex   -3.692639e+01 2.310177e+01 -2.670000e+01
      vertex   -3.650000e+01 2.328570e+01 -2.670000e+01
    endloop
  endfacet
  facet normal 8.555913e-15 1.115028e-14 -1.000000e+00
    outer loop
      vertex   -3.680000e+01 1.212436e+00 -2.670000e+01
      vertex   -3.650000e+01 2.328570e+01 -2.670000e+01
      vertex   -3.651005e+01 9.899495e-01 -2.670000e+01
    endloop
  endfacet
  facet normal -8.306738e-15 1.115788e-14 -1.000000e+00
    outer loop
      vertex   -3.651005e+01 9.899495e-01 -2.670000e+01
      vertex   -3.650000e+01 2.328570e+01 -2.670000e+01
      vertex   -3.612752e+01 2.356301e+01 -2.670000e+01
    endloop
  endfacet
  facet normal 1.404754e-14 1.077906e-14 -1.000000e+00
    outer loop
      vertex   -3.651005e+01 9.899495e-01 -2.670000e+01
      vertex   -3.612752e+01 2.356301e+01 -2.670000e+01
      vertex   -3.628756e+01 7.000000e-01 -2.670000e+01
    endloop
  endfacet
  facet normal -1.307223e-14 1.096890e-14 -1.000000e+00
    outer loop
      vertex   -3.628756e+01 7.000000e-01 -2.670000e+01
      vertex   -3.612752e+01 2.356301e+01 -2.670000e+01
      vertex   -3.582902e+01 2.391874e+01 -2.670000e+01
    endloop
  endfacet
  facet normal 2.468128e-14 1.022332e-14 -1.000000e+00
    outer loop
      vertex   -3.628756e+01 7.000000e-01 -2.670000e+01
      vertex   -3.582902e+01 2.391874e+01 -2.670000e+01
      vertex   -3.614770e+01 3.623467e-01 -2.670000e+01
    endloop
  endfacet
  facet normal -2.160308e-14 1.084947e-14 -1.000000e+00
    outer loop
      vertex   -3.614770e+01 3.623467e-01 -2.670000e+01
      vertex   -3.582902e+01 2.391874e+01 -2.670000e+01
      vertex   -3.562061e+01 2.433371e+01 -2.670000e+01
    endloop
  endfacet
  facet normal -4.824969e-14 1.143539e-14 -1.000000e+00
    outer loop
      vertex   -3.614770e+01 3.623467e-01 -2.670000e+01
      vertex   -3.562061e+01 2.433371e+01 -2.670000e+01
      vertex   -3.551352e+01 2.478557e+01 -2.670000e+01
    endloop
  endfacet
  facet normal -4.574982e-14 -0.000000e+00 -1.000000e+00
    outer loop
      vertex   -3.551352e+01 2.524994e+01 -2.670000e+01
      vertex   -3.000000e+01 3.001775e+01 -2.670000e+01
      vertex   -3.551352e+01 2.478557e+01 -2.670000e+01
    endloop
  endfacet
  facet normal -5.654110e-14 1.137154e-14 -1.000000e+00
    outer loop
      vertex   -3.551352e+01 2.478557e+01 -2.670000e+01
      vertex   -3.000000e+01 3.001775e+01 -2.670000e+01
      vertex   -3.610000e+01 2.410594e-15 -2.670000e+01
    endloop
  endfacet
  facet normal 6.460220e-14 8.505041e-15 -1.000000e+00
    outer loop
      vertex   -3.551352e+01 2.478557e+01 -2.670000e+01
      vertex   -3.610000e+01 2.410594e-15 -2.670000e+01
      vertex   -3.614770e+01 3.623467e-01 -2.670000e+01
    endloop
  endfacet
  facet normal -3.796825e-14 -8.998640e-15 -1.000000e+00
    outer loop
      vertex   -3.551352e+01 2.524994e+01 -2.670000e+01
      vertex   -3.562061e+01 2.570179e+01 -2.670000e+01
      vertex   -3.000000e+01 3.001775e+01 -2.670000e+01
    endloop
  endfacet
  facet normal -3.238792e-14 -1.626583e-14 -1.000000e+00
    outer loop
      vertex   -3.000000e+01 3.001775e+01 -2.670000e+01
      vertex   -3.562061e+01 2.570179e+01 -2.670000e+01
      vertex   -3.582902e+01 2.611677e+01 -2.670000e+01
    endloop
  endfacet
  facet normal -2.771186e-14 -2.325301e-14 -1.000000e+00
    outer loop
      vertex   -3.000000e+01 3.001775e+01 -2.670000e+01
      vertex   -3.582902e+01 2.611677e+01 -2.670000e+01
      vertex   -3.612752e+01 2.647250e+01 -2.670000e+01
    endloop
  endfacet
  facet normal -2.316359e-14 -3.111411e-14 -1.000000e+00
    outer loop
      vertex   -3.612752e+01 2.647250e+01 -2.670000e+01
      vertex   -3.650000e+01 2.674980e+01 -2.670000e+01
      vertex   -3.000000e+01 3.001775e+01 -2.670000e+01
    endloop
  endfacet
  facet normal -1.792011e-14 -4.154348e-14 -1.000000e+00
    outer loop
      vertex   -3.000000e+01 3.001775e+01 -2.670000e+01
      vertex   -3.650000e+01 2.674980e+01 -2.670000e+01
      vertex   -3.692639e+01 2.693373e+01 -2.670000e+01
    endloop
  endfacet
  facet normal -1.033072e-14 -5.858845e-14 -1.000000e+00
    outer loop
      vertex   -3.000000e+01 3.001775e+01 -2.670000e+01
      vertex   -3.692639e+01 2.693373e+01 -2.670000e+01
      vertex   -3.738371e+01 2.701437e+01 -2.670000e+01
    endloop
  endfacet
  facet normal -0.000000e+00 -8.398616e-14 -1.000000e+00
    outer loop
      vertex   -3.000000e+01 3.001775e+01 -2.670000e+01
      vertex   -3.738371e+01 2.701437e+01 -2.670000e+01
      vertex   -4.500000e+01 3.001775e+01 -2.670000e+01
    endloop
  endfacet
  facet normal 4.262123e-15 -7.317783e-14 -1.000000e+00
    outer loop
      vertex   -4.500000e+01 3.001775e+01 -2.670000e+01
      vertex   -3.738371e+01 2.701437e+01 -2.670000e+01
      vertex   -3.784730e+01 2.698737e+01 -2.670000e+01
    endloop
  endfacet
  facet normal 1.460169e-14 -4.877305e-14 -1.000000e+00
    outer loop
      vertex   -4.500000e+01 3.001775e+01 -2.670000e+01
      vertex   -3.784730e+01 2.698737e+01 -2.670000e+01
      vertex   -3.829216e+01 2.685419e+01 -2.670000e+01
    endloop
  endfacet
  facet normal 2.069717e-14 -3.584856e-14 -1.000000e+00
    outer loop
      vertex   -3.829216e+01 2.685419e+01 -2.670000e+01
      vertex   -3.869432e+01 2.662200e+01 -2.670000e+01
      vertex   -4.500000e+01 3.001775e+01 -2.670000e+01
    endloop
  endfacet
  facet normal 2.546627e-14 -2.699267e-14 -1.000000e+00
    outer loop
      vertex   -4.500000e+01 3.001775e+01 -2.670000e+01
      vertex   -3.869432e+01 2.662200e+01 -2.670000e+01
      vertex   -3.903209e+01 2.630333e+01 -2.670000e+01
    endloop
  endfacet
  facet normal 2.998988e-14 -1.972465e-14 -1.000000e+00
    outer loop
      vertex   -4.500000e+01 3.001775e+01 -2.670000e+01
      vertex   -3.903209e+01 2.630333e+01 -2.670000e+01
      vertex   -3.928727e+01 2.591535e+01 -2.670000e+01
    endloop
  endfacet
  facet normal 3.500508e-14 -1.274081e-14 -1.000000e+00
    outer loop
      vertex   -3.928727e+01 2.591535e+01 -2.670000e+01
      vertex   -3.944609e+01 2.547898e+01 -2.670000e+01
      vertex   -4.500000e+01 3.001775e+01 -2.670000e+01
    endloop
  endfacet
  facet normal 3.616683e-15 -4.227297e-16 -1.000000e+00
    outer loop
      vertex   -3.944609e+01 -5.000437e+01 -2.670000e+01
      vertex   -3.950000e+01 -5.046560e+01 -2.670000e+01
      vertex   -4.500000e+01 -5.550000e+01 -2.670000e+01
    endloop
  endfacet
  facet normal 2.917591e-15 3.410175e-16 -1.000000e+00
    outer loop
      vertex   -4.500000e+01 -5.550000e+01 -2.670000e+01
      vertex   -3.950000e+01 -5.046560e+01 -2.670000e+01
      vertex   -3.944609e+01 -5.092683e+01 -2.670000e+01
    endloop
  endfacet
  facet normal 2.460871e-15 8.956838e-16 -1.000000e+00
    outer loop
      vertex   -4.500000e+01 -5.550000e+01 -2.670000e+01
      vertex   -3.944609e+01 -5.092683e+01 -2.670000e+01
      vertex   -3.928727e+01 -5.136320e+01 -2.670000e+01
    endloop
  endfacet
  facet normal 2.106297e-15 1.385334e-15 -1.000000e+00
    outer loop
      vertex   -3.928727e+01 -5.136320e+01 -2.670000e+01
      vertex   -3.903209e+01 -5.175118e+01 -2.670000e+01
      vertex   -4.500000e+01 -5.550000e+01 -2.670000e+01
    endloop
  endfacet
  facet normal 1.786822e-15 1.893920e-15 -1.000000e+00
    outer loop
      vertex   -4.500000e+01 -5.550000e+01 -2.670000e+01
      vertex   -3.903209e+01 -5.175118e+01 -2.670000e+01
      vertex   -3.869432e+01 -5.206985e+01 -2.670000e+01
    endloop
  endfacet
  facet normal 1.450456e-15 2.512264e-15 -1.000000e+00
    outer loop
      vertex   -4.500000e+01 -5.550000e+01 -2.670000e+01
      vertex   -3.869432e+01 -5.206985e+01 -2.670000e+01
      vertex   -3.829216e+01 -5.230203e+01 -2.670000e+01
    endloop
  endfacet
  facet normal 1.021494e-15 3.412027e-15 -1.000000e+00
    outer loop
      vertex   -3.829216e+01 -5.230203e+01 -2.670000e+01
      vertex   -3.784730e+01 -5.243522e+01 -2.670000e+01
      vertex   -4.500000e+01 -5.550000e+01 -2.670000e+01
    endloop
  endfacet
  facet normal 2.971838e-16 5.102448e-15 -1.000000e+00
    outer loop
      vertex   -4.500000e+01 -5.550000e+01 -2.670000e+01
      vertex   -3.784730e+01 -5.243522e+01 -2.670000e+01
      vertex   -3.738371e+01 -5.246222e+01 -2.670000e+01
    endloop
  endfacet
  facet normal 0.000000e+00 5.847543e-15 -1.000000e+00
    outer loop
      vertex   -4.500000e+01 -5.550000e+01 -2.670000e+01
      vertex   -3.738371e+01 -5.246222e+01 -2.670000e+01
      vertex   -3.000000e+01 -5.550000e+01 -2.670000e+01
    endloop
  endfacet
  facet normal -7.217490e-16 4.093242e-15 -1.000000e+00
    outer loop
      vertex   -3.000000e+01 -5.550000e+01 -2.670000e+01
      vertex   -3.738371e+01 -5.246222e+01 -2.670000e+01
      vertex   -3.692639e+01 -5.238158e+01 -2.670000e+01
    endloop
  endfacet
  facet normal -1.254870e-15 2.909115e-15 -1.000000e+00
    outer loop
      vertex   -3.000000e+01 -5.550000e+01 -2.670000e+01
      vertex   -3.692639e+01 -5.238158e+01 -2.670000e+01
      vertex   -3.650000e+01 -5.219765e+01 -2.670000e+01
    endloop
  endfacet
  facet normal -1.624347e-15 2.181876e-15 -1.000000e+00
    outer loop
      vertex   -3.650000e+01 -5.219765e+01 -2.670000e+01
      vertex   -3.612752e+01 -5.192035e+01 -2.670000e+01
      vertex   -3.000000e+01 -5.550000e+01 -2.670000e+01
    endloop
  endfacet
  facet normal -1.945370e-15 1.632359e-15 -1.000000e+00
    outer loop
      vertex   -3.000000e+01 -5.550000e+01 -2.670000e+01
      vertex   -3.612752e+01 -5.192035e+01 -2.670000e+01
      vertex   -3.582902e+01 -5.156462e+01 -2.670000e+01
    endloop
  endfacet
  facet normal -2.275791e-15 1.142945e-15 -1.000000e+00
    outer loop
      vertex   -3.000000e+01 -5.550000e+01 -2.670000e+01
      vertex   -3.582902e+01 -5.156462e+01 -2.670000e+01
      vertex   -3.562061e+01 -5.114964e+01 -2.670000e+01
    endloop
  endfacet
  facet normal -2.670543e-15 6.329303e-16 -1.000000e+00
    outer loop
      vertex   -3.562061e+01 -5.114964e+01 -2.670000e+01
      vertex   -3.551352e+01 -5.069779e+01 -2.670000e+01
      vertex   -3.000000e+01 -5.550000e+01 -2.670000e+01
    endloop
  endfacet
  facet normal -3.221818e-15 0.000000e+00 -1.000000e+00
    outer loop
      vertex   -3.000000e+01 -5.550000e+01 -2.670000e+01
      vertex   -3.551352e+01 -5.069779e+01 -2.670000e+01
      vertex   -3.551352e+01 -5.023341e+01 -2.670000e+01
    endloop
  endfacet
  facet normal -3.536971e-15 -3.299294e-16 -1.000000e+00
    outer loop
      vertex   -3.000000e+01 -5.550000e+01 -2.670000e+01
      vertex   -3.551352e+01 -5.023341e+01 -2.670000e+01
      vertex   -3.614770e+01 -3.623467e-01 -2.670000e+01
    endloop
  endfacet
  facet normal -1.270473e-15 -3.011077e-16 -1.000000e+00
    outer loop
      vertex   -3.614770e+01 -3.623467e-01 -2.670000e+01
      vertex   -3.551352e+01 -5.023341e+01 -2.670000e+01
      vertex   -3.562061e+01 -4.978156e+01 -2.670000e+01
    endloop
  endfacet
  facet normal -5.849973e-16 -2.937967e-16 -1.000000e+00
    outer loop
      vertex   -3.614770e+01 -3.623467e-01 -2.670000e+01
      vertex   -3.562061e+01 -4.978156e+01 -2.670000e+01
      vertex   -3.582902e+01 -4.936658e+01 -2.670000e+01
    endloop
  endfacet
  facet normal 6.892819e-16 -2.855099e-16 -1.000000e+00
    outer loop
      vertex   -3.614770e+01 -3.623467e-01 -2.670000e+01
      vertex   -3.582902e+01 -4.936658e+01 -2.670000e+01
      vertex   -3.628756e+01 -7.000000e-01 -2.670000e+01
    endloop
  endfacet
  facet normal -3.519492e-16 -2.953205e-16 -1.000000e+00
    outer loop
      vertex   -3.628756e+01 -7.000000e-01 -2.670000e+01
      vertex   -3.582902e+01 -4.936658e+01 -2.670000e+01
      vertex   -3.612752e+01 -4.901085e+01 -2.670000e+01
    endloop
  endfacet
  facet normal 3.817016e-16 -2.928900e-16 -1.000000e+00
    outer loop
      vertex   -3.628756e+01 -7.000000e-01 -2.670000e+01
      vertex   -3.612752e+01 -4.901085e+01 -2.670000e+01
      vertex   -3.651005e+01 -9.899495e-01 -2.670000e+01
    endloop
  endfacet
  facet normal -2.216265e-16 -2.976961e-16 -1.000000e+00
    outer loop
      vertex   -3.651005e+01 -9.899495e-01 -2.670000e+01
      vertex   -3.612752e+01 -4.901085e+01 -2.670000e+01
      vertex   -3.650000e+01 -4.873355e+01 -2.670000e+01
    endloop
  endfacet
  facet normal 2.283575e-16 -2.976013e-16 -1.000000e+00
    outer loop
      vertex   -3.651005e+01 -9.899495e-01 -2.670000e+01
      vertex   -3.650000e+01 -4.873355e+01 -2.670000e+01
      vertex   -3.680000e+01 -1.212436e+00 -2.670000e+01
    endloop
  endfacet
  facet normal -1.293468e-16 -2.998595e-16 -1.000000e+00
    outer loop
      vertex   -3.680000e+01 -1.212436e+00 -2.670000e+01
      vertex   -3.650000e+01 -4.873355e+01 -2.670000e+01
      vertex   -3.692639e+01 -4.854962e+01 -2.670000e+01
    endloop
  endfacet
  facet normal 1.244866e-16 -3.005373e-16 -1.000000e+00
    outer loop
      vertex   -3.680000e+01 -1.212436e+00 -2.670000e+01
      vertex   -3.692639e+01 -4.854962e+01 -2.670000e+01
      vertex   -3.713765e+01 -1.352296e+00 -2.670000e+01
    endloop
  endfacet
  facet normal -5.313302e-17 -3.013323e-16 -1.000000e+00
    outer loop
      vertex   -3.713765e+01 -1.352296e+00 -2.670000e+01
      vertex   -3.692639e+01 -4.854962e+01 -2.670000e+01
      vertex   -3.738371e+01 -4.846898e+01 -2.670000e+01
    endloop
  endfacet
  facet normal 3.973500e-17 -3.018173e-16 -1.000000e+00
    outer loop
      vertex   -3.713765e+01 -1.352296e+00 -2.670000e+01
      vertex   -3.738371e+01 -4.846898e+01 -2.670000e+01
      vertex   -3.750000e+01 -1.400000e+00 -2.670000e+01
    endloop
  endfacet
  facet normal 1.758204e-17 -3.018720e-16 -1.000000e+00
    outer loop
      vertex   -3.750000e+01 -1.400000e+00 -2.670000e+01
      vertex   -3.738371e+01 -4.846898e+01 -2.670000e+01
      vertex   -3.784730e+01 -4.849598e+01 -2.670000e+01
    endloop
  endfacet
  facet normal -3.968661e-17 -3.014497e-16 -1.000000e+00
    outer loop
      vertex   -3.750000e+01 -1.400000e+00 -2.670000e+01
      vertex   -3.784730e+01 -4.849598e+01 -2.670000e+01
      vertex   -3.786235e+01 -1.352296e+00 -2.670000e+01
    endloop
  endfacet
  facet normal 9.023571e-17 -3.014082e-16 -1.000000e+00
    outer loop
      vertex   -3.786235e+01 -1.352296e+00 -2.670000e+01
      vertex   -3.784730e+01 -4.849598e+01 -2.670000e+01
      vertex   -3.829216e+01 -4.862917e+01 -2.670000e+01
    endloop
  endfacet
  facet normal -1.240405e-16 -2.994602e-16 -1.000000e+00
    outer loop
      vertex   -3.786235e+01 -1.352296e+00 -2.670000e+01
      vertex   -3.829216e+01 -4.862917e+01 -2.670000e+01
      vertex   -3.820000e+01 -1.212436e+00 -2.670000e+01
    endloop
  endfacet
  facet normal -2.296264e-16 -2.992550e-16 -1.000000e+00
    outer loop
      vertex   -3.820000e+01 -1.212436e+00 -2.670000e+01
      vertex   -3.829216e+01 -4.862917e+01 -2.670000e+01
      vertex   -3.848995e+01 -9.899495e-01 -2.670000e+01
    endloop
  endfacet
  facet normal 1.718127e-16 -2.975883e-16 -1.000000e+00
    outer loop
      vertex   -3.848995e+01 -9.899495e-01 -2.670000e+01
      vertex   -3.829216e+01 -4.862917e+01 -2.670000e+01
      vertex   -3.869432e+01 -4.886135e+01 -2.670000e+01
    endloop
  endfacet
  facet normal -3.847282e-16 -2.952123e-16 -1.000000e+00
    outer loop
      vertex   -3.848995e+01 -9.899495e-01 -2.670000e+01
      vertex   -3.869432e+01 -4.886135e+01 -2.670000e+01
      vertex   -3.871244e+01 -7.000000e-01 -2.670000e+01
    endloop
  endfacet
  facet normal 2.782831e-16 -2.949629e-16 -1.000000e+00
    outer loop
      vertex   -3.871244e+01 -7.000000e-01 -2.670000e+01
      vertex   -3.869432e+01 -4.886135e+01 -2.670000e+01
      vertex   -3.903209e+01 -4.918003e+01 -2.670000e+01
    endloop
  endfacet
  facet normal 4.501927e-16 -2.960964e-16 -1.000000e+00
    outer loop
      vertex   -3.871244e+01 -7.000000e-01 -2.670000e+01
      vertex   -3.903209e+01 -4.918003e+01 -2.670000e+01
      vertex   -3.928727e+01 -4.956800e+01 -2.670000e+01
    endloop
  endfacet
  facet normal -6.826687e-16 -2.827706e-16 -1.000000e+00
    outer loop
      vertex   -3.871244e+01 -7.000000e-01 -2.670000e+01
      vertex   -3.928727e+01 -4.956800e+01 -2.670000e+01
      vertex   -3.885230e+01 -3.623467e-01 -2.670000e+01
    endloop
  endfacet
  facet normal 8.132373e-16 -2.959942e-16 -1.000000e+00
    outer loop
      vertex   -3.885230e+01 -3.623467e-01 -2.670000e+01
      vertex   -3.928727e+01 -4.956800e+01 -2.670000e+01
      vertex   -3.944609e+01 -5.000437e+01 -2.670000e+01
    endloop
  endfacet
  facet normal 3.523355e-15 -3.284113e-16 -1.000000e+00
    outer loop
      vertex   -3.885230e+01 -3.623467e-01 -2.670000e+01
      vertex   -3.944609e+01 -5.000437e+01 -2.670000e+01
      vertex   -4.500000e+01 -5.550000e+01 -2.670000e+01
    endloop
  endfacet
  facet normal 5.824121e-16 0.000000e+00 -1.000000e+00
    outer loop
      vertex   -4.500000e+01 3.001775e+01 -2.670000e+01
      vertex   -3.890000e+01 2.582044e-15 -2.670000e+01
      vertex   -4.500000e+01 -5.550000e+01 -2.670000e+01
    endloop
  endfacet
  facet normal 2.649951e-16 3.488727e-17 -1.000000e+00
    outer loop
      vertex   -4.500000e+01 -5.550000e+01 -2.670000e+01
      vertex   -3.890000e+01 2.582044e-15 -2.670000e+01
      vertex   -3.885230e+01 -3.623467e-01 -2.670000e+01
    endloop
  endfacet
  facet normal -2.649951e-16 3.488727e-17 -1.000000e+00
    outer loop
      vertex   -3.614770e+01 -3.623467e-01 -2.670000e+01
      vertex   -3.610000e+01 2.410594e-15 -2.670000e+01
      vertex   -3.000000e+01 -5.550000e+01 -2.670000e+01
    endloop
  endfacet
  facet normal -5.824121e-16 0.000000e+00 -1.000000e+00
    outer loop
      vertex   -3.000000e+01 -5.550000e+01 -2.670000e+01
      vertex   -3.610000e+01 2.410594e-15 -2.670000e+01
      vertex   -3.000000e+01 3.001775e+01 -2.670000e+01
    endloop
  endfacet
  facet normal -0.000000e+00 -1.000000e+00 -1.421085e-15
    outer loop
      vertex   -3.000000e+01 -5.550000e+01 -2.670000e+01
      vertex   -3.000000e+01 -5.550000e+01 -2.170000e+01
      vertex   -4.500000e+01 -5.550000e+01 -2.670000e+01
    endloop
  endfacet
  facet normal 0.000000e+00 -1.000000e+00 -1.421085e-15
    outer loop
      vertex   -4.500000e+01 -5.550000e+01 -2.670000e+01
      vertex   -3.000000e+01 -5.550000e+01 -2.170000e+01
      vertex   -4.500000e+01 -5.550000e+01 -2.170000e+01
    endloop
  endfacet
  facet normal -1.000000e+00 0.000000e+00 0.000000e+00
    outer loop
      vertex   -4.500000e+01 -3.691572e+01 -2.073660e+01
      vertex   -4.500000e+01 -3.661126e+01 -2.034734e+01
      vertex   -4.500000e+01 1.912200e+01 -2.042073e+01
    endloop
  endfacet
  facet normal -1.000000e+00 0.000000e+00 0.000000e+00
    outer loop
      vertex   -4.500000e+01 1.912200e+01 -2.042073e+01
      vertex   -4.500000e+01 -3.661126e+01 -2.034734e+01
      vertex   -4.500000e+01 -2.968598e+01 -9.807096e+00
    endloop
  endfacet
  facet normal -1.000000e+00 0.000000e+00 0.000000e+00
    outer loop
      vertex   -4.500000e+01 1.912200e+01 -2.042073e+01
      vertex   -4.500000e+01 -2.968598e+01 -9.807096e+00
      vertex   -4.500000e+01 1.155322e+01 -9.611389e+00
    endloop
  endfacet
  facet normal -1.000000e+00 -0.000000e+00 0.000000e+00
    outer loop
      vertex   -4.500000e+01 1.155322e+01 -9.611389e+00
      vertex   -4.500000e+01 -2.968598e+01 -9.807096e+00
      vertex   -4.500000e+01 -2.908994e+01 -8.990936e+00
    endloop
  endfacet
  facet normal -1.000000e+00 0.000000e+00 0.000000e+00
    outer loop
      vertex   -4.500000e+01 1.155322e+01 -9.611389e+00
      vertex   -4.500000e+01 -2.908994e+01 -8.990936e+00
      vertex   -4.500000e+01 1.094548e+01 -8.826490e+00
    endloop
  endfacet
  facet normal -1.000000e+00 -0.000000e+00 0.000000e+00
    outer loop
      vertex   -4.500000e+01 1.094548e+01 -8.826490e+00
      vertex   -4.500000e+01 -2.908994e+01 -8.990936e+00
      vertex   -4.500000e+01 -2.841618e+01 -8.237651e+00
    endloop
  endfacet
  facet normal -1.000000e+00 0.000000e+00 0.000000e+00
    outer loop
      vertex   -4.500000e+01 1.094548e+01 -8.826490e+00
      vertex   -4.500000e+01 -2.841618e+01 -8.237651e+00
      vertex   -4.500000e+01 1.026532e+01 -8.103454e+00
    endloop
  endfacet
  facet normal -1.000000e+00 -0.000000e+00 0.000000e+00
    outer loop
      vertex   -4.500000e+01 1.026532e+01 -8.103454e+00
      vertex   -4.500000e+01 -2.841618e+01 -8.237651e+00
      vertex   -4.500000e+01 -2.767130e+01 -7.554609e+00
    endloop
  endfacet
  facet normal -1.000000e+00 0.000000e+00 0.000000e+00
    outer loop
      vertex   -4.500000e+01 1.026532e+01 -8.103454e+00
      vertex   -4.500000e+01 -2.767130e+01 -7.554609e+00
      vertex   -4.500000e+01 9.518985e+00 -7.448937e+00
    endloop
  endfacet
  facet normal -1.000000e+00 -0.000000e+00 0.000000e+00
    outer loop
      vertex   -4.500000e+01 9.518985e+00 -7.448937e+00
      vertex   -4.500000e+01 -2.767130e+01 -7.554609e+00
      vertex   -4.500000e+01 3.079018e+00 -5.200000e+00
    endloop
  endfacet
  facet normal -1.000000e+00 0.000000e+00 0.000000e+00
    outer loop
      vertex   -4.500000e+01 9.518985e+00 -7.448937e+00
      vertex   -4.500000e+01 3.079018e+00 -5.200000e+00
      vertex   -4.500000e+01 8.713356e+00 -6.868967e+00
    endloop
  endfacet
  facet normal -1.000000e+00 0.000000e+00 0.000000e+00
    outer loop
      vertex   -4.500000e+01 8.713356e+00 -6.868967e+00
      vertex   -4.500000e+01 3.079018e+00 -5.200000e+00
      vertex   -4.500000e+01 7.855847e+00 -6.368883e+00
    endloop
  endfacet
  facet normal -1.000000e+00 0.000000e+00 0.000000e+00
    outer loop
      vertex   -4.500000e+01 7.855847e+00 -6.368883e+00
      vertex   -4.500000e+01 3.079018e+00 -5.200000e+00
      vertex   -4.500000e+01 6.954355e+00 -5.953289e+00
    endloop
  endfacet
  facet normal -1.000000e+00 0.000000e+00 0.000000e+00
    outer loop
      vertex   -4.500000e+01 6.954355e+00 -5.953289e+00
      vertex   -4.500000e+01 3.079018e+00 -5.200000e+00
      vertex   -4.500000e+01 6.017181e+00 -5.626013e+00
    endloop
  endfacet
  facet normal -1.000000e+00 0.000000e+00 0.000000e+00
    outer loop
      vertex   -4.500000e+01 6.017181e+00 -5.626013e+00
      vertex   -4.500000e+01 3.079018e+00 -5.200000e+00
      vertex   -4.500000e+01 5.052953e+00 -5.390068e+00
    endloop
  endfacet
  facet normal -1.000000e+00 0.000000e+00 0.000000e+00
    outer loop
      vertex   -4.500000e+01 5.052953e+00 -5.390068e+00
      vertex   -4.500000e+01 3.079018e+00 -5.200000e+00
      vertex   -4.500000e+01 4.070550e+00 -5.247627e+00
    endloop
  endfacet
  facet normal -1.000000e+00 -0.000000e+00 0.000000e+00
    outer loop
      vertex   -4.500000e+01 3.079018e+00 -5.200000e+00
      vertex   -4.500000e+01 -2.767130e+01 -7.554609e+00
      vertex   -4.500000e+01 -2.114644e+01 -5.200000e+00
    endloop
  endfacet
  facet normal -1.000000e+00 0.000000e+00 0.000000e+00
    outer loop
      vertex   -4.500000e+01 -2.114644e+01 -5.200000e+00
      vertex   -4.500000e+01 -2.767130e+01 -7.554609e+00
      vertex   -4.500000e+01 -2.686259e+01 -6.948493e+00
    endloop
  endfacet
  facet normal -1.000000e+00 0.000000e+00 0.000000e+00
    outer loop
      vertex   -4.500000e+01 -2.114644e+01 -5.200000e+00
      vertex   -4.500000e+01 -2.686259e+01 -6.948493e+00
      vertex   -4.500000e+01 -2.599796e+01 -6.425234e+00
    endloop
  endfacet
  facet normal -1.000000e+00 0.000000e+00 0.000000e+00
    outer loop
      vertex   -4.500000e+01 -2.599796e+01 -6.425234e+00
      vertex   -4.500000e+01 -2.508587e+01 -5.989948e+00
      vertex   -4.500000e+01 -2.114644e+01 -5.200000e+00
    endloop
  endfacet
  facet normal -1.000000e+00 0.000000e+00 0.000000e+00
    outer loop
      vertex   -4.500000e+01 -2.114644e+01 -5.200000e+00
      vertex   -4.500000e+01 -2.508587e+01 -5.989948e+00
      vertex   -4.500000e+01 -2.413523e+01 -5.646896e+00
    endloop
  endfacet
  facet normal -1.000000e+00 0.000000e+00 0.000000e+00
    outer loop
      vertex   -4.500000e+01 -2.114644e+01 -5.200000e+00
      vertex   -4.500000e+01 -2.413523e+01 -5.646896e+00
      vertex   -4.500000e+01 -2.315536e+01 -5.399433e+00
    endloop
  endfacet
  facet normal -1.000000e+00 0.000000e+00 0.000000e+00
    outer loop
      vertex   -4.500000e+01 -2.315536e+01 -5.399433e+00
      vertex   -4.500000e+01 -2.215584e+01 -5.249981e+00
      vertex   -4.500000e+01 -2.114644e+01 -5.200000e+00
    endloop
  endfacet
  facet normal -1.000000e+00 0.000000e+00 -0.000000e+00
    outer loop
      vertex   -4.500000e+01 1.912200e+01 -2.042073e+01
      vertex   -4.500000e+01 1.949548e+01 -2.085802e+01
      vertex   -4.500000e+01 -3.691572e+01 -2.073660e+01
    endloop
  endfacet
  facet normal -1.000000e+00 0.000000e+00 -0.000000e+00
    outer loop
      vertex   -4.500000e+01 -3.691572e+01 -2.073660e+01
      vertex   -4.500000e+01 1.949548e+01 -2.085802e+01
      vertex   -4.500000e+01 -3.727995e+01 -2.107060e+01
    endloop
  endfacet
  facet normal -1.000000e+00 0.000000e+00 0.000000e+00
    outer loop
      vertex   -4.500000e+01 -3.727995e+01 -2.107060e+01
      vertex   -4.500000e+01 1.949548e+01 -2.085802e+01
      vertex   -4.500000e+01 1.994554e+01 -2.121601e+01
    endloop
  endfacet
  facet normal -1.000000e+00 0.000000e+00 -0.000000e+00
    outer loop
      vertex   -4.500000e+01 -3.727995e+01 -2.107060e+01
      vertex   -4.500000e+01 1.994554e+01 -2.121601e+01
      vertex   -4.500000e+01 -3.769408e+01 -2.134027e+01
    endloop
  endfacet
  facet normal -1.000000e+00 0.000000e+00 0.000000e+00
    outer loop
      vertex   -4.500000e+01 -3.769408e+01 -2.134027e+01
      vertex   -4.500000e+01 1.994554e+01 -2.121601e+01
      vertex   -4.500000e+01 2.045563e+01 -2.148155e+01
    endloop
  endfacet
  facet normal -1.000000e+00 0.000000e+00 -0.000000e+00
    outer loop
      vertex   -4.500000e+01 -3.769408e+01 -2.134027e+01
      vertex   -4.500000e+01 2.045563e+01 -2.148155e+01
      vertex   -4.500000e+01 -3.814685e+01 -2.153829e+01
    endloop
  endfacet
  facet normal -1.000000e+00 0.000000e+00 0.000000e+00
    outer loop
      vertex   -4.500000e+01 -3.814685e+01 -2.153829e+01
      vertex   -4.500000e+01 2.045563e+01 -2.148155e+01
      vertex   -4.500000e+01 2.100703e+01 -2.164488e+01
    endloop
  endfacet
  facet normal -1.000000e+00 0.000000e+00 0.000000e+00
    outer loop
      vertex   -4.500000e+01 -3.814685e+01 -2.153829e+01
      vertex   -4.500000e+01 2.100703e+01 -2.164488e+01
      vertex   -4.500000e+01 3.001775e+01 -2.670000e+01
    endloop
  endfacet
  facet normal -1.000000e+00 0.000000e+00 0.000000e+00
    outer loop
      vertex   -4.500000e+01 3.001775e+01 -2.670000e+01
      vertex   -4.500000e+01 2.100703e+01 -2.164488e+01
      vertex   -4.500000e+01 2.157945e+01 -2.170000e+01
    endloop
  endfacet
  facet normal -1.000000e+00 0.000000e+00 0.000000e+00
    outer loop
      vertex   -4.500000e+01 3.001775e+01 -2.670000e+01
      vertex   -4.500000e+01 2.157945e+01 -2.170000e+01
      vertex   -4.500000e+01 3.001775e+01 -2.170000e+01
    endloop
  endfacet
  facet normal -1.000000e+00 0.000000e+00 -0.000000e+00
    outer loop
      vertex   -4.500000e+01 -3.814685e+01 -2.153829e+01
      vertex   -4.500000e+01 3.001775e+01 -2.670000e+01
      vertex   -4.500000e+01 -3.862600e+01 -2.165930e+01
    endloop
  endfacet
  facet normal -1.000000e+00 0.000000e+00 -0.000000e+00
    outer loop
      vertex   -4.500000e+01 -3.862600e+01 -2.165930e+01
      vertex   -4.500000e+01 3.001775e+01 -2.670000e+01
      vertex   -4.500000e+01 -5.550000e+01 -2.670000e+01
    endloop
  endfacet
  facet normal -1.000000e+00 0.000000e+00 0.000000e+00
    outer loop
      vertex   -4.500000e+01 -3.862600e+01 -2.165930e+01
      vertex   -4.500000e+01 -5.550000e+01 -2.670000e+01
      vertex   -4.500000e+01 -3.911850e+01 -2.170000e+01
    endloop
  endfacet
  facet normal -1.000000e+00 -0.000000e+00 0.000000e+00
    outer loop
      vertex   -4.500000e+01 -3.911850e+01 -2.170000e+01
      vertex   -4.500000e+01 -5.550000e+01 -2.670000e+01
      vertex   -4.500000e+01 -5.550000e+01 -2.170000e+01
    endloop
  endfacet
  facet normal 1.000000e+00 0.000000e+00 0.000000e+00
    outer loop
      vertex   -3.000000e+01 -2.900000e+00 -7.700000e+00
      vertex   -3.000000e+01 -2.200244e+01 -1.131775e+01
      vertex   -3.000000e+01 -2.900000e+00 -1.050000e+01
    endloop
  endfacet
  facet normal 1.000000e+00 0.000000e+00 0.000000e+00
    outer loop
      vertex   -3.000000e+01 -2.900000e+00 -1.050000e+01
      vertex   -3.000000e+01 -2.200244e+01 -1.131775e+01
      vertex   -3.000000e+01 -2.147500e+01 -1.155862e+01
    endloop
  endfacet
  facet normal 1.000000e+00 0.000000e+00 0.000000e+00
    outer loop
      vertex   -3.000000e+01 -2.900000e+00 -1.050000e+01
      vertex   -3.000000e+01 -2.147500e+01 -1.155862e+01
      vertex   -3.000000e+01 -2.100267e+01 -1.189496e+01
    endloop
  endfacet
  facet normal 1.000000e+00 0.000000e+00 -0.000000e+00
    outer loop
      vertex   -3.000000e+01 2.900000e+00 -7.700000e+00
      vertex   -3.000000e+01 3.079018e+00 -5.200000e+00
      vertex   -3.000000e+01 -2.900000e+00 -7.700000e+00
    endloop
  endfacet
  facet normal 1.000000e+00 0.000000e+00 -0.000000e+00
    outer loop
      vertex   -3.000000e+01 -2.900000e+00 -7.700000e+00
      vertex   -3.000000e+01 3.079018e+00 -5.200000e+00
      vertex   -3.000000e+01 -2.114644e+01 -5.200000e+00
    endloop
  endfacet
  facet normal 1.000000e+00 0.000000e+00 0.000000e+00
    outer loop
      vertex   -3.000000e+01 -2.900000e+00 -7.700000e+00
      vertex   -3.000000e+01 -2.114644e+01 -5.200000e+00
      vertex   -3.000000e+01 -2.599796e+01 -6.425234e+00
    endloop
  endfacet
  facet normal 1.000000e+00 0.000000e+00 0.000000e+00
    outer loop
      vertex   -3.000000e+01 -2.599796e+01 -6.425234e+00
      vertex   -3.000000e+01 -2.114644e+01 -5.200000e+00
      vertex   -3.000000e+01 -2.508587e+01 -5.989948e+00
    endloop
  endfacet
  facet normal 1.000000e+00 0.000000e+00 0.000000e+00
    outer loop
      vertex   -3.000000e+01 -2.508587e+01 -5.989948e+00
      vertex   -3.000000e+01 -2.114644e+01 -5.200000e+00
      vertex   -3.000000e+01 -2.413523e+01 -5.646896e+00
    endloop
  endfacet
  facet normal 1.000000e+00 0.000000e+00 0.000000e+00
    outer loop
      vertex   -3.000000e+01 -2.413523e+01 -5.646896e+00
      vertex   -3.000000e+01 -2.114644e+01 -5.200000e+00
      vertex   -3.000000e+01 -2.315536e+01 -5.399433e+00
    endloop
  endfacet
  facet normal 1.000000e+00 0.000000e+00 0.000000e+00
    outer loop
      vertex   -3.000000e+01 -2.315536e+01 -5.399433e+00
      vertex   -3.000000e+01 -2.114644e+01 -5.200000e+00
      vertex   -3.000000e+01 -2.215584e+01 -5.249981e+00
    endloop
  endfacet
  facet normal 1.000000e+00 0.000000e+00 0.000000e+00
    outer loop
      vertex   -3.000000e+01 2.900000e+00 -1.050000e+01
      vertex   -3.000000e+01 1.094548e+01 -8.826490e+00
      vertex   -3.000000e+01 2.900000e+00 -7.700000e+00
    endloop
  endfacet
  facet normal 1.000000e+00 0.000000e+00 0.000000e+00
    outer loop
      vertex   -3.000000e+01 2.900000e+00 -7.700000e+00
      vertex   -3.000000e+01 1.094548e+01 -8.826490e+00
      vertex   -3.000000e+01 1.026532e+01 -8.103454e+00
    endloop
  endfacet
  facet normal 1.000000e+00 -0.000000e+00 0.000000e+00
    outer loop
      vertex   -3.000000e+01 2.900000e+00 -7.700000e+00
      vertex   -3.000000e+01 1.026532e+01 -8.103454e+00
      vertex   -3.000000e+01 9.518985e+00 -7.448937e+00
    endloop
  endfacet
  facet normal 1.000000e+00 -0.000000e+00 0.000000e+00
    outer loop
      vertex   -3.000000e+01 -2.900000e+00 -1.050000e+01
      vertex   -3.000000e+01 3.732984e+00 -1.142562e+01
      vertex   -3.000000e+01 2.900000e+00 -1.050000e+01
    endloop
  endfacet
  facet normal 1.000000e+00 0.000000e+00 0.000000e+00
    outer loop
      vertex   -3.000000e+01 2.900000e+00 -1.050000e+01
      vertex   -3.000000e+01 3.732984e+00 -1.142562e+01
      vertex   -3.000000e+01 4.280935e+00 -1.123597e+01
    endloop
  endfacet
  facet normal 1.000000e+00 0.000000e+00 0.000000e+00
    outer loop
      vertex   -3.000000e+01 2.900000e+00 -1.050000e+01
      vertex   -3.000000e+01 4.280935e+00 -1.123597e+01
      vertex   -3.000000e+01 4.854875e+00 -1.115345e+01
    endloop
  endfacet
  facet normal 1.000000e+00 0.000000e+00 0.000000e+00
    outer loop
      vertex   -3.000000e+01 -2.599488e+01 -1.362278e+01
      vertex   -3.000000e+01 -2.968598e+01 -9.807096e+00
      vertex   -3.000000e+01 -2.605000e+01 -1.420000e+01
    endloop
  endfacet
  facet normal 1.000000e+00 0.000000e+00 0.000000e+00
    outer loop
      vertex   -3.000000e+01 -2.605000e+01 -1.420000e+01
      vertex   -3.000000e+01 -2.968598e+01 -9.807096e+00
      vertex   -3.000000e+01 -3.661126e+01 -2.034734e+01
    endloop
  endfacet
  facet normal 1.000000e+00 0.000000e+00 0.000000e+00
    outer loop
      vertex   -3.000000e+01 -2.605000e+01 -1.420000e+01
      vertex   -3.000000e+01 -3.661126e+01 -2.034734e+01
      vertex   -3.000000e+01 -2.599488e+01 -1.477722e+01
    endloop
  endfacet
  facet normal 1.000000e+00 0.000000e+00 0.000000e+00
    outer loop
      vertex   -3.000000e+01 -2.599488e+01 -1.477722e+01
      vertex   -3.000000e+01 -3.661126e+01 -2.034734e+01
      vertex   -3.000000e+01 -2.583152e+01 -1.533357e+01
    endloop
  endfacet
  facet normal 1.000000e+00 0.000000e+00 0.000000e+00
    outer loop
      vertex   -3.000000e+01 -2.583152e+01 -1.533357e+01
      vertex   -3.000000e+01 -3.661126e+01 -2.034734e+01
      vertex   -3.000000e+01 -2.556582e+01 -1.584895e+01
    endloop
  endfacet
  facet normal 1.000000e+00 0.000000e+00 0.000000e+00
    outer loop
      vertex   -3.000000e+01 -2.556582e+01 -1.584895e+01
      vertex   -3.000000e+01 -3.661126e+01 -2.034734e+01
      vertex   -3.000000e+01 -2.520739e+01 -1.630474e+01
    endloop
  endfacet
  facet normal 1.000000e+00 0.000000e+00 0.000000e+00
    outer loop
      vertex   -3.000000e+01 -2.520739e+01 -1.630474e+01
      vertex   -3.000000e+01 -3.661126e+01 -2.034734e+01
      vertex   -3.000000e+01 -2.476917e+01 -1.668446e+01
    endloop
  endfacet
  facet normal 1.000000e+00 0.000000e+00 0.000000e+00
    outer loop
      vertex   -3.000000e+01 -2.476917e+01 -1.668446e+01
      vertex   -3.000000e+01 -3.661126e+01 -2.034734e+01
      vertex   -3.000000e+01 -2.426702e+01 -1.697438e+01
    endloop
  endfacet
  facet normal 1.000000e+00 0.000000e+00 0.000000e+00
    outer loop
      vertex   -3.000000e+01 -2.426702e+01 -1.697438e+01
      vertex   -3.000000e+01 -3.661126e+01 -2.034734e+01
      vertex   -3.000000e+01 -2.371906e+01 -1.716403e+01
    endloop
  endfacet
  facet normal 1.000000e+00 0.000000e+00 0.000000e+00
    outer loop
      vertex   -3.000000e+01 -2.371906e+01 -1.716403e+01
      vertex   -3.000000e+01 -3.661126e+01 -2.034734e+01
      vertex   -3.000000e+01 -2.314512e+01 -1.724655e+01
    endloop
  endfacet
  facet normal 1.000000e+00 0.000000e+00 0.000000e+00
    outer loop
      vertex   -3.000000e+01 -2.314512e+01 -1.724655e+01
      vertex   -3.000000e+01 -3.661126e+01 -2.034734e+01
      vertex   -3.000000e+01 -3.691572e+01 -2.073660e+01
    endloop
  endfacet
  facet normal 1.000000e+00 -0.000000e+00 0.000000e+00
    outer loop
      vertex   -3.000000e+01 -2.314512e+01 -1.724655e+01
      vertex   -3.000000e+01 -3.691572e+01 -2.073660e+01
      vertex   -3.000000e+01 -2.256594e+01 -1.721896e+01
    endloop
  endfacet
  facet normal 1.000000e+00 0.000000e+00 0.000000e+00
    outer loop
      vertex   -3.000000e+01 -2.256594e+01 -1.721896e+01
      vertex   -3.000000e+01 -3.691572e+01 -2.073660e+01
      vertex   -3.000000e+01 -3.727995e+01 -2.107060e+01
    endloop
  endfacet
  facet normal 1.000000e+00 0.000000e+00 0.000000e+00
    outer loop
      vertex   -3.000000e+01 -2.256594e+01 -1.721896e+01
      vertex   -3.000000e+01 -3.727995e+01 -2.107060e+01
      vertex   -3.000000e+01 -3.769408e+01 -2.134027e+01
    endloop
  endfacet
  facet normal 1.000000e+00 0.000000e+00 -0.000000e+00
    outer loop
      vertex   -3.000000e+01 -2.599488e+01 -1.362278e+01
      vertex   -3.000000e+01 -2.583152e+01 -1.306643e+01
      vertex   -3.000000e+01 -2.968598e+01 -9.807096e+00
    endloop
  endfacet
  facet normal 1.000000e+00 0.000000e+00 0.000000e+00
    outer loop
      vertex   -3.000000e+01 -2.968598e+01 -9.807096e+00
      vertex   -3.000000e+01 -2.583152e+01 -1.306643e+01
      vertex   -3.000000e+01 -2.556582e+01 -1.255105e+01
    endloop
  endfacet
  facet normal 1.000000e+00 0.000000e+00 0.000000e+00
    outer loop
      vertex   -3.000000e+01 -2.968598e+01 -9.807096e+00
      vertex   -3.000000e+01 -2.556582e+01 -1.255105e+01
      vertex   -3.000000e+01 -2.520739e+01 -1.209526e+01
    endloop
  endfacet
  facet normal 1.000000e+00 0.000000e+00 -0.000000e+00
    outer loop
      vertex   -3.000000e+01 -2.520739e+01 -1.209526e+01
      vertex   -3.000000e+01 -2.476917e+01 -1.171554e+01
      vertex   -3.000000e+01 -2.968598e+01 -9.807096e+00
    endloop
  endfacet
  facet normal 1.000000e+00 0.000000e+00 0.000000e+00
    outer loop
      vertex   -3.000000e+01 -2.968598e+01 -9.807096e+00
      vertex   -3.000000e+01 -2.476917e+01 -1.171554e+01
      vertex   -3.000000e+01 -2.426702e+01 -1.142562e+01
    endloop
  endfacet
  facet normal 1.000000e+00 0.000000e+00 0.000000e+00
    outer loop
      vertex   -3.000000e+01 -2.968598e+01 -9.807096e+00
      vertex   -3.000000e+01 -2.426702e+01 -1.142562e+01
      vertex   -3.000000e+01 -2.371906e+01 -1.123597e+01
    endloop
  endfacet
  facet normal 1.000000e+00 0.000000e+00 -0.000000e+00
    outer loop
      vertex   -3.000000e+01 -2.371906e+01 -1.123597e+01
      vertex   -3.000000e+01 -2.314512e+01 -1.115345e+01
      vertex   -3.000000e+01 -2.968598e+01 -9.807096e+00
    endloop
  endfacet
  facet normal 1.000000e+00 -0.000000e+00 0.000000e+00
    outer loop
      vertex   -3.000000e+01 -2.968598e+01 -9.807096e+00
      vertex   -3.000000e+01 -2.314512e+01 -1.115345e+01
      vertex   -3.000000e+01 -2.908994e+01 -8.990936e+00
    endloop
  endfacet
  facet normal 1.000000e+00 0.000000e+00 0.000000e+00
    outer loop
      vertex   -3.000000e+01 -2.908994e+01 -8.990936e+00
      vertex   -3.000000e+01 -2.314512e+01 -1.115345e+01
      vertex   -3.000000e+01 -2.256594e+01 -1.118104e+01
    endloop
  endfacet
  facet normal 1.000000e+00 -0.000000e+00 0.000000e+00
    outer loop
      vertex   -3.000000e+01 -2.908994e+01 -8.990936e+00
      vertex   -3.000000e+01 -2.256594e+01 -1.118104e+01
      vertex   -3.000000e+01 -2.841618e+01 -8.237651e+00
    endloop
  endfacet
  facet normal 1.000000e+00 -0.000000e+00 0.000000e+00
    outer loop
      vertex   -3.000000e+01 -2.841618e+01 -8.237651e+00
      vertex   -3.000000e+01 -2.256594e+01 -1.118104e+01
      vertex   -3.000000e+01 -2.767130e+01 -7.554609e+00
    endloop
  endfacet
  facet normal 1.000000e+00 0.000000e+00 0.000000e+00
    outer loop
      vertex   -3.000000e+01 -2.767130e+01 -7.554609e+00
      vertex   -3.000000e+01 -2.256594e+01 -1.118104e+01
      vertex   -3.000000e+01 -2.900000e+00 -7.700000e+00
    endloop
  endfacet
  facet normal 1.000000e+00 -0.000000e+00 0.000000e+00
    outer loop
      vertex   -3.000000e+01 -2.767130e+01 -7.554609e+00
      vertex   -3.000000e+01 -2.900000e+00 -7.700000e+00
      vertex   -3.000000e+01 -2.686259e+01 -6.948493e+00
    endloop
  endfacet
  facet normal 1.000000e+00 -0.000000e+00 0.000000e+00
    outer loop
      vertex   -3.000000e+01 -2.686259e+01 -6.948493e+00
      vertex   -3.000000e+01 -2.900000e+00 -7.700000e+00
      vertex   -3.000000e+01 -2.599796e+01 -6.425234e+00
    endloop
  endfacet
  facet normal 1.000000e+00 -0.000000e+00 0.000000e+00
    outer loop
      vertex   -3.000000e+01 -2.256594e+01 -1.118104e+01
      vertex   -3.000000e+01 -2.200244e+01 -1.131775e+01
      vertex   -3.000000e+01 -2.900000e+00 -7.700000e+00
    endloop
  endfacet
  facet normal 1.000000e+00 -0.000000e+00 0.000000e+00
    outer loop
      vertex   -3.000000e+01 -2.100267e+01 -1.189496e+01
      vertex   -3.000000e+01 -2.060254e+01 -1.231462e+01
      vertex   -3.000000e+01 -2.900000e+00 -1.050000e+01
    endloop
  endfacet
  facet normal 1.000000e+00 0.000000e+00 0.000000e+00
    outer loop
      vertex   -3.000000e+01 -2.900000e+00 -1.050000e+01
      vertex   -3.000000e+01 -2.060254e+01 -1.231462e+01
      vertex   -3.000000e+01 -2.028905e+01 -1.280241e+01
    endloop
  endfacet
  facet normal 1.000000e+00 0.000000e+00 0.000000e+00
    outer loop
      vertex   -3.000000e+01 -2.900000e+00 -1.050000e+01
      vertex   -3.000000e+01 -2.028905e+01 -1.280241e+01
      vertex   -3.000000e+01 -2.007355e+01 -1.334072e+01
    endloop
  endfacet
  facet normal 1.000000e+00 0.000000e+00 -0.000000e+00
    outer loop
      vertex   -3.000000e+01 -1.996381e+01 -1.391008e+01
      vertex   -3.000000e+01 2.005117e+00 -1.362278e+01
      vertex   -3.000000e+01 -2.007355e+01 -1.334072e+01
    endloop
  endfacet
  facet normal 1.000000e+00 -0.000000e+00 0.000000e+00
    outer loop
      vertex   -3.000000e+01 -2.007355e+01 -1.334072e+01
      vertex   -3.000000e+01 2.005117e+00 -1.362278e+01
      vertex   -3.000000e+01 2.168478e+00 -1.306643e+01
    endloop
  endfacet
  facet normal 1.000000e+00 0.000000e+00 0.000000e+00
    outer loop
      vertex   -3.000000e+01 -2.007355e+01 -1.334072e+01
      vertex   -3.000000e+01 2.168478e+00 -1.306643e+01
      vertex   -3.000000e+01 -2.900000e+00 -1.050000e+01
    endloop
  endfacet
  facet normal 1.000000e+00 0.000000e+00 0.000000e+00
    outer loop
      vertex   -3.000000e+01 -2.900000e+00 -1.050000e+01
      vertex   -3.000000e+01 2.168478e+00 -1.306643e+01
      vertex   -3.000000e+01 2.434177e+00 -1.255105e+01
    endloop
  endfacet
  facet normal 1.000000e+00 0.000000e+00 0.000000e+00
    outer loop
      vertex   -3.000000e+01 -2.900000e+00 -1.050000e+01
      vertex   -3.000000e+01 2.434177e+00 -1.255105e+01
      vertex   -3.000000e+01 2.792611e+00 -1.209526e+01
    endloop
  endfacet
  facet normal 1.000000e+00 0.000000e+00 0.000000e+00
    outer loop
      vertex   -3.000000e+01 2.005117e+00 -1.362278e+01
      vertex   -3.000000e+01 -1.996381e+01 -1.391008e+01
      vertex   -3.000000e+01 1.950000e+00 -1.420000e+01
    endloop
  endfacet
  facet normal 1.000000e+00 0.000000e+00 0.000000e+00
    outer loop
      vertex   -3.000000e+01 1.950000e+00 -1.420000e+01
      vertex   -3.000000e+01 -1.996381e+01 -1.391008e+01
      vertex   -3.000000e+01 -1.996381e+01 -1.448992e+01
    endloop
  endfacet
  facet normal 1.000000e+00 0.000000e+00 0.000000e+00
    outer loop
      vertex   -3.000000e+01 1.950000e+00 -1.420000e+01
      vertex   -3.000000e+01 -1.996381e+01 -1.448992e+01
      vertex   -3.000000e+01 2.005117e+00 -1.477722e+01
    endloop
  endfacet
  facet normal 1.000000e+00 0.000000e+00 0.000000e+00
    outer loop
      vertex   -3.000000e+01 2.005117e+00 -1.477722e+01
      vertex   -3.000000e+01 -1.996381e+01 -1.448992e+01
      vertex   -3.000000e+01 -2.007355e+01 -1.505928e+01
    endloop
  endfacet
  facet normal 1.000000e+00 0.000000e+00 0.000000e+00
    outer loop
      vertex   -3.000000e+01 2.005117e+00 -1.477722e+01
      vertex   -3.000000e+01 -2.007355e+01 -1.505928e+01
      vertex   -3.000000e+01 2.168478e+00 -1.533357e+01
    endloop
  endfacet
  facet normal 1.000000e+00 0.000000e+00 0.000000e+00
    outer loop
      vertex   -3.000000e+01 2.168478e+00 -1.533357e+01
      vertex   -3.000000e+01 -2.007355e+01 -1.505928e+01
      vertex   -3.000000e+01 -2.028905e+01 -1.559759e+01
    endloop
  endfacet
  facet normal 1.000000e+00 0.000000e+00 0.000000e+00
    outer loop
      vertex   -3.000000e+01 2.168478e+00 -1.533357e+01
      vertex   -3.000000e+01 -2.028905e+01 -1.559759e+01
      vertex   -3.000000e+01 2.434177e+00 -1.584895e+01
    endloop
  endfacet
  facet normal 1.000000e+00 0.000000e+00 0.000000e+00
    outer loop
      vertex   -3.000000e+01 2.434177e+00 -1.584895e+01
      vertex   -3.000000e+01 -2.028905e+01 -1.559759e+01
      vertex   -3.000000e+01 -2.060254e+01 -1.608538e+01
    endloop
  endfacet
  facet normal 1.000000e+00 0.000000e+00 0.000000e+00
    outer loop
      vertex   -3.000000e+01 2.434177e+00 -1.584895e+01
      vertex   -3.000000e+01 -2.060254e+01 -1.608538e+01
      vertex   -3.000000e+01 2.792611e+00 -1.630474e+01
    endloop
  endfacet
  facet normal 1.000000e+00 0.000000e+00 0.000000e+00
    outer loop
      vertex   -3.000000e+01 2.792611e+00 -1.630474e+01
      vertex   -3.000000e+01 -2.060254e+01 -1.608538e+01
      vertex   -3.000000e+01 -2.100267e+01 -1.650504e+01
    endloop
  endfacet
  facet normal 1.000000e+00 0.000000e+00 0.000000e+00
    outer loop
      vertex   -3.000000e+01 2.792611e+00 -1.630474e+01
      vertex   -3.000000e+01 -2.100267e+01 -1.650504e+01
      vertex   -3.000000e+01 3.230826e+00 -1.668446e+01
    endloop
  endfacet
  facet normal 1.000000e+00 0.000000e+00 0.000000e+00
    outer loop
      vertex   -3.000000e+01 3.230826e+00 -1.668446e+01
      vertex   -3.000000e+01 -2.100267e+01 -1.650504e+01
      vertex   -3.000000e+01 -2.147500e+01 -1.684138e+01
    endloop
  endfacet
  facet normal 1.000000e+00 0.000000e+00 0.000000e+00
    outer loop
      vertex   -3.000000e+01 3.230826e+00 -1.668446e+01
      vertex   -3.000000e+01 -2.147500e+01 -1.684138e+01
      vertex   -3.000000e+01 3.732984e+00 -1.697438e+01
    endloop
  endfacet
  facet normal 1.000000e+00 0.000000e+00 0.000000e+00
    outer loop
      vertex   -3.000000e+01 3.732984e+00 -1.697438e+01
      vertex   -3.000000e+01 -2.147500e+01 -1.684138e+01
      vertex   -3.000000e+01 -2.200244e+01 -1.708225e+01
    endloop
  endfacet
  facet normal 1.000000e+00 0.000000e+00 0.000000e+00
    outer loop
      vertex   -3.000000e+01 3.732984e+00 -1.697438e+01
      vertex   -3.000000e+01 -2.200244e+01 -1.708225e+01
      vertex   -3.000000e+01 4.280935e+00 -1.716403e+01
    endloop
  endfacet
  facet normal 1.000000e+00 0.000000e+00 0.000000e+00
    outer loop
      vertex   -3.000000e+01 4.280935e+00 -1.716403e+01
      vertex   -3.000000e+01 -2.200244e+01 -1.708225e+01
      vertex   -3.000000e+01 -2.256594e+01 -1.721896e+01
    endloop
  endfacet
  facet normal 1.000000e+00 0.000000e+00 0.000000e+00
    outer loop
      vertex   -3.000000e+01 4.280935e+00 -1.716403e+01
      vertex   -3.000000e+01 -2.256594e+01 -1.721896e+01
      vertex   -3.000000e+01 4.854875e+00 -1.724655e+01
    endloop
  endfacet
  facet normal 1.000000e+00 0.000000e+00 0.000000e+00
    outer loop
      vertex   -3.000000e+01 4.854875e+00 -1.724655e+01
      vertex   -3.000000e+01 -2.256594e+01 -1.721896e+01
      vertex   -3.000000e+01 -3.769408e+01 -2.134027e+01
    endloop
  endfacet
  facet normal 1.000000e+00 0.000000e+00 0.000000e+00
    outer loop
      vertex   -3.000000e+01 4.854875e+00 -1.724655e+01
      vertex   -3.000000e+01 -3.769408e+01 -2.134027e+01
      vertex   -3.000000e+01 1.994554e+01 -2.121601e+01
    endloop
  endfacet
  facet normal 1.000000e+00 0.000000e+00 0.000000e+00
    outer loop
      vertex   -3.000000e+01 1.994554e+01 -2.121601e+01
      vertex   -3.000000e+01 -3.769408e+01 -2.134027e+01
      vertex   -3.000000e+01 2.045563e+01 -2.148155e+01
    endloop
  endfacet
  facet normal 1.000000e+00 0.000000e+00 0.000000e+00
    outer loop
      vertex   -3.000000e+01 2.045563e+01 -2.148155e+01
      vertex   -3.000000e+01 -3.769408e+01 -2.134027e+01
      vertex   -3.000000e+01 -3.814685e+01 -2.153829e+01
    endloop
  endfacet
  facet normal 1.000000e+00 0.000000e+00 0.000000e+00
    outer loop
      vertex   -3.000000e+01 2.045563e+01 -2.148155e+01
      vertex   -3.000000e+01 -3.814685e+01 -2.153829e+01
      vertex   -3.000000e+01 2.100703e+01 -2.164488e+01
    endloop
  endfacet
  facet normal 1.000000e+00 0.000000e+00 0.000000e+00
    outer loop
      vertex   -3.000000e+01 2.100703e+01 -2.164488e+01
      vertex   -3.000000e+01 -3.814685e+01 -2.153829e+01
      vertex   -3.000000e+01 3.001775e+01 -2.670000e+01
    endloop
  endfacet
  facet normal 1.000000e+00 0.000000e+00 0.000000e+00
    outer loop
      vertex   -3.000000e+01 2.100703e+01 -2.164488e+01
      vertex   -3.000000e+01 3.001775e+01 -2.670000e+01
      vertex   -3.000000e+01 2.157945e+01 -2.170000e+01
    endloop
  endfacet
  facet normal 1.000000e+00 -0.000000e+00 0.000000e+00
    outer loop
      vertex   -3.000000e+01 2.157945e+01 -2.170000e+01
      vertex   -3.000000e+01 3.001775e+01 -2.670000e+01
      vertex   -3.000000e+01 3.001775e+01 -2.170000e+01
    endloop
  endfacet
  facet normal 1.000000e+00 0.000000e+00 -0.000000e+00
    outer loop
      vertex   -3.000000e+01 2.792611e+00 -1.209526e+01
      vertex   -3.000000e+01 3.230826e+00 -1.171554e+01
      vertex   -3.000000e+01 -2.900000e+00 -1.050000e+01
    endloop
  endfacet
  facet normal 1.000000e+00 0.000000e+00 0.000000e+00
    outer loop
      vertex   -3.000000e+01 -2.900000e+00 -1.050000e+01
      vertex   -3.000000e+01 3.230826e+00 -1.171554e+01
      vertex   -3.000000e+01 3.732984e+00 -1.142562e+01
    endloop
  endfacet
  facet normal 1.000000e+00 -0.000000e+00 -0.000000e+00
    outer loop
      vertex   -3.000000e+01 4.854875e+00 -1.115345e+01
      vertex   -3.000000e+01 5.434060e+00 -1.118104e+01
      vertex   -3.000000e+01 2.900000e+00 -1.050000e+01
    endloop
  endfacet
  facet normal 1.000000e+00 -0.000000e+00 0.000000e+00
    outer loop
      vertex   -3.000000e+01 2.900000e+00 -1.050000e+01
      vertex   -3.000000e+01 5.434060e+00 -1.118104e+01
      vertex   -3.000000e+01 1.155322e+01 -9.611389e+00
    endloop
  endfacet
  facet normal 1.000000e+00 0.000000e+00 0.000000e+00
    outer loop
      vertex   -3.000000e+01 2.900000e+00 -1.050000e+01
      vertex   -3.000000e+01 1.155322e+01 -9.611389e+00
      vertex   -3.000000e+01 1.094548e+01 -8.826490e+00
    endloop
  endfacet
  facet normal 1.000000e+00 -0.000000e+00 0.000000e+00
    outer loop
      vertex   -3.000000e+01 5.434060e+00 -1.118104e+01
      vertex   -3.000000e+01 5.997557e+00 -1.131775e+01
      vertex   -3.000000e+01 1.155322e+01 -9.611389e+00
    endloop
  endfacet
  facet normal 1.000000e+00 0.000000e+00 0.000000e+00
    outer loop
      vertex   -3.000000e+01 1.155322e+01 -9.611389e+00
      vertex   -3.000000e+01 5.997557e+00 -1.131775e+01
      vertex   -3.000000e+01 6.525000e+00 -1.155862e+01
    endloop
  endfacet
  facet normal 1.000000e+00 0.000000e+00 0.000000e+00
    outer loop
      vertex   -3.000000e+01 1.155322e+01 -9.611389e+00
      vertex   -3.000000e+01 6.525000e+00 -1.155862e+01
      vertex   -3.000000e+01 6.997325e+00 -1.189496e+01
    endloop
  endfacet
  facet normal 1.000000e+00 -0.000000e+00 0.000000e+00
    outer loop
      vertex   -3.000000e+01 6.997325e+00 -1.189496e+01
      vertex   -3.000000e+01 7.397462e+00 -1.231462e+01
      vertex   -3.000000e+01 1.155322e+01 -9.611389e+00
    endloop
  endfacet
  facet normal 1.000000e+00 0.000000e+00 0.000000e+00
    outer loop
      vertex   -3.000000e+01 1.155322e+01 -9.611389e+00
      vertex   -3.000000e+01 7.397462e+00 -1.231462e+01
      vertex   -3.000000e+01 7.710948e+00 -1.280241e+01
    endloop
  endfacet
  facet normal 1.000000e+00 0.000000e+00 0.000000e+00
    outer loop
      vertex   -3.000000e+01 1.155322e+01 -9.611389e+00
      vertex   -3.000000e+01 7.710948e+00 -1.280241e+01
      vertex   -3.000000e+01 7.926454e+00 -1.334072e+01
    endloop
  endfacet
  facet normal 1.000000e+00 -0.000000e+00 0.000000e+00
    outer loop
      vertex   -3.000000e+01 7.926454e+00 -1.334072e+01
      vertex   -3.000000e+01 8.036189e+00 -1.391008e+01
      vertex   -3.000000e+01 1.155322e+01 -9.611389e+00
    endloop
  endfacet
  facet normal 1.000000e+00 0.000000e+00 0.000000e+00
    outer loop
      vertex   -3.000000e+01 1.155322e+01 -9.611389e+00
      vertex   -3.000000e+01 8.036189e+00 -1.391008e+01
      vertex   -3.000000e+01 1.912200e+01 -2.042073e+01
    endloop
  endfacet
  facet normal 1.000000e+00 0.000000e+00 0.000000e+00
    outer loop
      vertex   -3.000000e+01 1.912200e+01 -2.042073e+01
      vertex   -3.000000e+01 8.036189e+00 -1.391008e+01
      vertex   -3.000000e+01 8.036189e+00 -1.448992e+01
    endloop
  endfacet
  facet normal 1.000000e+00 0.000000e+00 0.000000e+00
    outer loop
      vertex   -3.000000e+01 1.912200e+01 -2.042073e+01
      vertex   -3.000000e+01 8.036189e+00 -1.448992e+01
      vertex   -3.000000e+01 7.926454e+00 -1.505928e+01
    endloop
  endfacet
  facet normal 1.000000e+00 0.000000e+00 0.000000e+00
    outer loop
      vertex   -3.000000e+01 7.926454e+00 -1.505928e+01
      vertex   -3.000000e+01 7.710948e+00 -1.559759e+01
      vertex   -3.000000e+01 1.912200e+01 -2.042073e+01
    endloop
  endfacet
  facet normal 1.000000e+00 0.000000e+00 0.000000e+00
    outer loop
      vertex   -3.000000e+01 1.912200e+01 -2.042073e+01
      vertex   -3.000000e+01 7.710948e+00 -1.559759e+01
      vertex   -3.000000e+01 7.397462e+00 -1.608538e+01
    endloop
  endfacet
  facet normal 1.000000e+00 0.000000e+00 0.000000e+00
    outer loop
      vertex   -3.000000e+01 1.912200e+01 -2.042073e+01
      vertex   -3.000000e+01 7.397462e+00 -1.608538e+01
      vertex   -3.000000e+01 6.997325e+00 -1.650504e+01
    endloop
  endfacet
  facet normal 1.000000e+00 0.000000e+00 0.000000e+00
    outer loop
      vertex   -3.000000e+01 6.997325e+00 -1.650504e+01
      vertex   -3.000000e+01 6.525000e+00 -1.684138e+01
      vertex   -3.000000e+01 1.912200e+01 -2.042073e+01
    endloop
  endfacet
  facet normal 1.000000e+00 0.000000e+00 0.000000e+00
    outer loop
      vertex   -3.000000e+01 1.912200e+01 -2.042073e+01
      vertex   -3.000000e+01 6.525000e+00 -1.684138e+01
      vertex   -3.000000e+01 5.997557e+00 -1.708225e+01
    endloop
  endfacet
  facet normal 1.000000e+00 0.000000e+00 0.000000e+00
    outer loop
      vertex   -3.000000e+01 1.912200e+01 -2.042073e+01
      vertex   -3.000000e+01 5.997557e+00 -1.708225e+01
      vertex   -3.000000e+01 5.434060e+00 -1.721896e+01
    endloop
  endfacet
  facet normal 1.000000e+00 0.000000e+00 0.000000e+00
    outer loop
      vertex   -3.000000e+01 5.434060e+00 -1.721896e+01
      vertex   -3.000000e+01 4.854875e+00 -1.724655e+01
      vertex   -3.000000e+01 1.912200e+01 -2.042073e+01
    endloop
  endfacet
  facet normal 1.000000e+00 0.000000e+00 0.000000e+00
    outer loop
      vertex   -3.000000e+01 1.912200e+01 -2.042073e+01
      vertex   -3.000000e+01 4.854875e+00 -1.724655e+01
      vertex   -3.000000e+01 1.949548e+01 -2.085802e+01
    endloop
  endfacet
  facet normal 1.000000e+00 0.000000e+00 0.000000e+00
    outer loop
      vertex   -3.000000e+01 1.949548e+01 -2.085802e+01
      vertex   -3.000000e+01 4.854875e+00 -1.724655e+01
      vertex   -3.000000e+01 1.994554e+01 -2.121601e+01
    endloop
  endfacet
  facet normal 1.000000e+00 0.000000e+00 0.000000e+00
    outer loop
      vertex   -3.000000e+01 -5.550000e+01 -2.170000e+01
      vertex   -3.000000e+01 -5.550000e+01 -2.670000e+01
      vertex   -3.000000e+01 -3.911850e+01 -2.170000e+01
    endloop
  endfacet
  facet normal 1.000000e+00 -0.000000e+00 0.000000e+00
    outer loop
      vertex   -3.000000e+01 -3.911850e+01 -2.170000e+01
      vertex   -3.000000e+01 -5.550000e+01 -2.670000e+01
      vertex   -3.000000e+01 -3.862600e+01 -2.165930e+01
    endloop
  endfacet
  facet normal 1.000000e+00 0.000000e+00 0.000000e+00
    outer loop
      vertex   -3.000000e+01 -3.862600e+01 -2.165930e+01
      vertex   -3.000000e+01 -5.550000e+01 -2.670000e+01
      vertex   -3.000000e+01 3.001775e+01 -2.670000e+01
    endloop
  endfacet
  facet normal 1.000000e+00 -0.000000e+00 0.000000e+00
    outer loop
      vertex   -3.000000e+01 -3.862600e+01 -2.165930e+01
      vertex   -3.000000e+01 3.001775e+01 -2.670000e+01
      vertex   -3.000000e+01 -3.814685e+01 -2.153829e+01
    endloop
  endfacet
  facet normal 1.000000e+00 0.000000e+00 0.000000e+00
    outer loop
      vertex   -3.000000e+01 9.518985e+00 -7.448937e+00
      vertex   -3.000000e+01 8.713356e+00 -6.868967e+00
      vertex   -3.000000e+01 2.900000e+00 -7.700000e+00
    endloop
  endfacet
  facet normal 1.000000e+00 0.000000e+00 0.000000e+00
    outer loop
      vertex   -3.000000e+01 2.900000e+00 -7.700000e+00
      vertex   -3.000000e+01 8.713356e+00 -6.868967e+00
      vertex   -3.000000e+01 7.855847e+00 -6.368883e+00
    endloop
  endfacet
  facet normal 1.000000e+00 0.000000e+00 0.000000e+00
    outer loop
      vertex   -3.000000e+01 2.900000e+00 -7.700000e+00
      vertex   -3.000000e+01 7.855847e+00 -6.368883e+00
      vertex   -3.000000e+01 6.954355e+00 -5.953289e+00
    endloop
  endfacet
  facet normal 1.000000e+00 0.000000e+00 0.000000e+00
    outer loop
      vertex   -3.000000e+01 6.954355e+00 -5.953289e+00
      vertex   -3.000000e+01 6.017181e+00 -5.626013e+00
      vertex   -3.000000e+01 2.900000e+00 -7.700000e+00
    endloop
  endfacet
  facet normal 1.000000e+00 0.000000e+00 0.000000e+00
    outer loop
      vertex   -3.000000e+01 2.900000e+00 -7.700000e+00
      vertex   -3.000000e+01 6.017181e+00 -5.626013e+00
      vertex   -3.000000e+01 5.052953e+00 -5.390068e+00
    endloop
  endfacet
  facet normal 1.000000e+00 0.000000e+00 0.000000e+00
    outer loop
      vertex   -3.000000e+01 2.900000e+00 -7.700000e+00
      vertex   -3.000000e+01 5.052953e+00 -5.390068e+00
      vertex   -3.000000e+01 3.079018e+00 -5.200000e+00
    endloop
  endfacet
  facet normal 1.000000e+00 0.000000e+00 0.000000e+00
    outer loop
      vertex   -3.000000e+01 3.079018e+00 -5.200000e+00
      vertex   -3.000000e+01 5.052953e+00 -5.390068e+00
      vertex   -3.000000e+01 4.070550e+00 -5.247627e+00
    endloop
  endfacet
endsolid
