solid ASCII
  facet normal -0.000000e+00 -1.000000e+00 -0.000000e+00
    outer loop
      vertex   2.950000e+01 6.500000e+00 9.500000e+00
      vertex   1.700000e+01 6.500000e+00 9.500000e+00
      vertex   2.950000e+01 6.500000e+00 4.000000e+00
    endloop
  endfacet
  facet normal 0.000000e+00 -1.000000e+00 0.000000e+00
    outer loop
      vertex   2.950000e+01 6.500000e+00 4.000000e+00
      vertex   1.700000e+01 6.500000e+00 9.500000e+00
      vertex   1.700000e+01 6.500000e+00 4.000000e+00
    endloop
  endfacet
  facet normal 1.000000e+00 0.000000e+00 0.000000e+00
    outer loop
      vertex   2.950000e+01 1.450000e+01 9.500000e+00
      vertex   2.950000e+01 6.500000e+00 9.500000e+00
      vertex   2.950000e+01 1.450000e+01 4.000000e+00
    endloop
  endfacet
  facet normal 1.000000e+00 0.000000e+00 0.000000e+00
    outer loop
      vertex   2.950000e+01 1.450000e+01 4.000000e+00
      vertex   2.950000e+01 6.500000e+00 9.500000e+00
      vertex   2.950000e+01 6.500000e+00 4.000000e+00
    endloop
  endfacet
  facet normal 0.000000e+00 0.000000e+00 -1.000000e+00
    outer loop
      vertex   2.690059e+01 1.087529e+01 4.000000e+00
      vertex   2.950000e+01 1.450000e+01 4.000000e+00
      vertex   2.695000e+01 1.050000e+01 4.000000e+00
    endloop
  endfacet
  facet normal 0.000000e+00 0.000000e+00 -1.000000e+00
    outer loop
      vertex   2.695000e+01 1.050000e+01 4.000000e+00
      vertex   2.950000e+01 1.450000e+01 4.000000e+00
      vertex   2.950000e+01 6.500000e+00 4.000000e+00
    endloop
  endfacet
  facet normal 0.000000e+00 -0.000000e+00 -1.000000e+00
    outer loop
      vertex   2.695000e+01 1.050000e+01 4.000000e+00
      vertex   2.950000e+01 6.500000e+00 4.000000e+00
      vertex   2.690059e+01 1.012471e+01 4.000000e+00
    endloop
  endfacet
  facet normal 0.000000e+00 -0.000000e+00 -1.000000e+00
    outer loop
      vertex   2.690059e+01 1.012471e+01 4.000000e+00
      vertex   2.950000e+01 6.500000e+00 4.000000e+00
      vertex   2.675574e+01 9.775000e+00 4.000000e+00
    endloop
  endfacet
  facet normal 0.000000e+00 -0.000000e+00 -1.000000e+00
    outer loop
      vertex   2.675574e+01 9.775000e+00 4.000000e+00
      vertex   2.950000e+01 6.500000e+00 4.000000e+00
      vertex   2.652530e+01 9.474695e+00 4.000000e+00
    endloop
  endfacet
  facet normal 0.000000e+00 -0.000000e+00 -1.000000e+00
    outer loop
      vertex   2.652530e+01 9.474695e+00 4.000000e+00
      vertex   2.950000e+01 6.500000e+00 4.000000e+00
      vertex   2.622500e+01 9.244263e+00 4.000000e+00
    endloop
  endfacet
  facet normal 0.000000e+00 -0.000000e+00 -1.000000e+00
    outer loop
      vertex   2.622500e+01 9.244263e+00 4.000000e+00
      vertex   2.950000e+01 6.500000e+00 4.000000e+00
      vertex   2.587529e+01 9.099408e+00 4.000000e+00
    endloop
  endfacet
  facet normal 0.000000e+00 -0.000000e+00 -1.000000e+00
    outer loop
      vertex   2.587529e+01 9.099408e+00 4.000000e+00
      vertex   2.950000e+01 6.500000e+00 4.000000e+00
      vertex   2.550000e+01 9.050000e+00 4.000000e+00
    endloop
  endfacet
  facet normal -0.000000e+00 -0.000000e+00 -1.000000e+00
    outer loop
      vertex   2.550000e+01 9.050000e+00 4.000000e+00
      vertex   2.950000e+01 6.500000e+00 4.000000e+00
      vertex   2.512471e+01 9.099408e+00 4.000000e+00
    endloop
  endfacet
  facet normal 0.000000e+00 -0.000000e+00 -1.000000e+00
    outer loop
      vertex   2.512471e+01 9.099408e+00 4.000000e+00
      vertex   2.950000e+01 6.500000e+00 4.000000e+00
      vertex   1.700000e+01 6.500000e+00 4.000000e+00
    endloop
  endfacet
  facet normal -0.000000e+00 0.000000e+00 -1.000000e+00
    outer loop
      vertex   2.512471e+01 9.099408e+00 4.000000e+00
      vertex   1.700000e+01 6.500000e+00 4.000000e+00
      vertex   2.477500e+01 9.244263e+00 4.000000e+00
    endloop
  endfacet
  facet normal -0.000000e+00 0.000000e+00 -1.000000e+00
    outer loop
      vertex   2.477500e+01 9.244263e+00 4.000000e+00
      vertex   1.700000e+01 6.500000e+00 4.000000e+00
      vertex   2.447470e+01 9.474695e+00 4.000000e+00
    endloop
  endfacet
  facet normal -0.000000e+00 0.000000e+00 -1.000000e+00
    outer loop
      vertex   2.447470e+01 9.474695e+00 4.000000e+00
      vertex   1.700000e+01 6.500000e+00 4.000000e+00
      vertex   2.424426e+01 9.775000e+00 4.000000e+00
    endloop
  endfacet
  facet normal -0.000000e+00 0.000000e+00 -1.000000e+00
    outer loop
      vertex   2.424426e+01 9.775000e+00 4.000000e+00
      vertex   1.700000e+01 6.500000e+00 4.000000e+00
      vertex   2.409941e+01 1.012471e+01 4.000000e+00
    endloop
  endfacet
  facet normal -0.000000e+00 0.000000e+00 -1.000000e+00
    outer loop
      vertex   2.409941e+01 1.012471e+01 4.000000e+00
      vertex   1.700000e+01 6.500000e+00 4.000000e+00
      vertex   2.405000e+01 1.050000e+01 4.000000e+00
    endloop
  endfacet
  facet normal -0.000000e+00 0.000000e+00 -1.000000e+00
    outer loop
      vertex   2.405000e+01 1.050000e+01 4.000000e+00
      vertex   1.700000e+01 6.500000e+00 4.000000e+00
      vertex   1.700000e+01 1.450000e+01 4.000000e+00
    endloop
  endfacet
  facet normal 0.000000e+00 0.000000e+00 -1.000000e+00
    outer loop
      vertex   2.405000e+01 1.050000e+01 4.000000e+00
      vertex   1.700000e+01 1.450000e+01 4.000000e+00
      vertex   2.409941e+01 1.087529e+01 4.000000e+00
    endloop
  endfacet
  facet normal 0.000000e+00 0.000000e+00 -1.000000e+00
    outer loop
      vertex   2.409941e+01 1.087529e+01 4.000000e+00
      vertex   1.700000e+01 1.450000e+01 4.000000e+00
      vertex   2.424426e+01 1.122500e+01 4.000000e+00
    endloop
  endfacet
  facet normal 0.000000e+00 0.000000e+00 -1.000000e+00
    outer loop
      vertex   2.424426e+01 1.122500e+01 4.000000e+00
      vertex   1.700000e+01 1.450000e+01 4.000000e+00
      vertex   2.447470e+01 1.152530e+01 4.000000e+00
    endloop
  endfacet
  facet normal 0.000000e+00 0.000000e+00 -1.000000e+00
    outer loop
      vertex   2.447470e+01 1.152530e+01 4.000000e+00
      vertex   1.700000e+01 1.450000e+01 4.000000e+00
      vertex   2.477500e+01 1.175574e+01 4.000000e+00
    endloop
  endfacet
  facet normal 0.000000e+00 0.000000e+00 -1.000000e+00
    outer loop
      vertex   2.477500e+01 1.175574e+01 4.000000e+00
      vertex   1.700000e+01 1.450000e+01 4.000000e+00
      vertex   2.512471e+01 1.190059e+01 4.000000e+00
    endloop
  endfacet
  facet normal 0.000000e+00 0.000000e+00 -1.000000e+00
    outer loop
      vertex   2.512471e+01 1.190059e+01 4.000000e+00
      vertex   1.700000e+01 1.450000e+01 4.000000e+00
      vertex   2.950000e+01 1.450000e+01 4.000000e+00
    endloop
  endfacet
  facet normal 0.000000e+00 0.000000e+00 -1.000000e+00
    outer loop
      vertex   2.512471e+01 1.190059e+01 4.000000e+00
      vertex   2.950000e+01 1.450000e+01 4.000000e+00
      vertex   2.550000e+01 1.195000e+01 4.000000e+00
    endloop
  endfacet
  facet normal 0.000000e+00 0.000000e+00 -1.000000e+00
    outer loop
      vertex   2.550000e+01 1.195000e+01 4.000000e+00
      vertex   2.950000e+01 1.450000e+01 4.000000e+00
      vertex   2.587529e+01 1.190059e+01 4.000000e+00
    endloop
  endfacet
  facet normal 0.000000e+00 0.000000e+00 -1.000000e+00
    outer loop
      vertex   2.587529e+01 1.190059e+01 4.000000e+00
      vertex   2.950000e+01 1.450000e+01 4.000000e+00
      vertex   2.622500e+01 1.175574e+01 4.000000e+00
    endloop
  endfacet
  facet normal 0.000000e+00 0.000000e+00 -1.000000e+00
    outer loop
      vertex   2.622500e+01 1.175574e+01 4.000000e+00
      vertex   2.950000e+01 1.450000e+01 4.000000e+00
      vertex   2.652530e+01 1.152530e+01 4.000000e+00
    endloop
  endfacet
  facet normal 0.000000e+00 0.000000e+00 -1.000000e+00
    outer loop
      vertex   2.652530e+01 1.152530e+01 4.000000e+00
      vertex   2.950000e+01 1.450000e+01 4.000000e+00
      vertex   2.675574e+01 1.122500e+01 4.000000e+00
    endloop
  endfacet
  facet normal 0.000000e+00 0.000000e+00 -1.000000e+00
    outer loop
      vertex   2.675574e+01 1.122500e+01 4.000000e+00
      vertex   2.950000e+01 1.450000e+01 4.000000e+00
      vertex   2.690059e+01 1.087529e+01 4.000000e+00
    endloop
  endfacet
  facet normal 1.000000e+00 -0.000000e+00 0.000000e+00
    outer loop
      vertex   1.700000e+01 5.000000e+00 -2.124367e+01
      vertex   1.700000e+01 8.838837e+00 -2.400969e+01
      vertex   1.700000e+01 8.050000e+00 -1.948275e+01
    endloop
  endfacet
  facet normal 1.000000e+00 0.000000e+00 0.000000e+00
    outer loop
      vertex   1.700000e+01 8.050000e+00 -1.948275e+01
      vertex   1.700000e+01 8.838837e+00 -2.400969e+01
      vertex   1.700000e+01 9.820321e+00 -2.346724e+01
    endloop
  endfacet
  facet normal 1.000000e+00 0.000000e+00 0.000000e+00
    outer loop
      vertex   1.700000e+01 8.050000e+00 -1.948275e+01
      vertex   1.700000e+01 9.820321e+00 -2.346724e+01
      vertex   1.700000e+01 1.073490e+01 -2.281831e+01
    endloop
  endfacet
  facet normal 1.000000e+00 0.000000e+00 0.000000e+00
    outer loop
      vertex   1.700000e+01 1.950000e+00 -1.948275e+01
      vertex   1.700000e+01 4.500000e+00 -2.500000e+01
      vertex   1.700000e+01 5.000000e+00 -2.124367e+01
    endloop
  endfacet
  facet normal 1.000000e+00 0.000000e+00 0.000000e+00
    outer loop
      vertex   1.700000e+01 5.000000e+00 -2.124367e+01
      vertex   1.700000e+01 4.500000e+00 -2.500000e+01
      vertex   1.700000e+01 5.619645e+00 -2.493712e+01
    endloop
  endfacet
  facet normal 1.000000e+00 0.000000e+00 0.000000e+00
    outer loop
      vertex   1.700000e+01 5.000000e+00 -2.124367e+01
      vertex   1.700000e+01 5.619645e+00 -2.493712e+01
      vertex   1.700000e+01 6.725209e+00 -2.474928e+01
    endloop
  endfacet
  facet normal 1.000000e+00 0.000000e+00 0.000000e+00
    outer loop
      vertex   1.700000e+01 1.950000e+00 -1.948275e+01
      vertex   1.700000e+01 1.196712e+00 -1.896917e+01
      vertex   1.700000e+01 4.500000e+00 -2.500000e+01
    endloop
  endfacet
  facet normal 1.000000e+00 0.000000e+00 0.000000e+00
    outer loop
      vertex   1.700000e+01 4.500000e+00 -2.500000e+01
      vertex   1.700000e+01 1.196712e+00 -1.896917e+01
      vertex   1.700000e+01 5.283836e-01 -1.834905e+01
    endloop
  endfacet
  facet normal 1.000000e+00 0.000000e+00 0.000000e+00
    outer loop
      vertex   1.700000e+01 4.500000e+00 -2.500000e+01
      vertex   1.700000e+01 5.283836e-01 -1.834905e+01
      vertex   1.700000e+01 -2.187609e+01 -2.500000e+01
    endloop
  endfacet
  facet normal 1.000000e+00 0.000000e+00 0.000000e+00
    outer loop
      vertex   1.700000e+01 -2.187609e+01 -2.500000e+01
      vertex   1.700000e+01 5.283836e-01 -1.834905e+01
      vertex   1.700000e+01 -1.858270e+01 -1.840684e+01
    endloop
  endfacet
  facet normal 1.000000e+00 0.000000e+00 0.000000e+00
    outer loop
      vertex   1.700000e+01 -2.187609e+01 -2.500000e+01
      vertex   1.700000e+01 -1.858270e+01 -1.840684e+01
      vertex   1.700000e+01 -1.922779e+01 -1.899379e+01
    endloop
  endfacet
  facet normal 1.000000e+00 0.000000e+00 0.000000e+00
    outer loop
      vertex   1.700000e+01 -1.858270e+01 -1.840684e+01
      vertex   1.700000e+01 5.283836e-01 -1.834905e+01
      vertex   1.700000e+01 -1.802791e+01 -1.773388e+01
    endloop
  endfacet
  facet normal 1.000000e+00 -0.000000e+00 0.000000e+00
    outer loop
      vertex   1.700000e+01 -1.802791e+01 -1.773388e+01
      vertex   1.700000e+01 5.283836e-01 -1.834905e+01
      vertex   1.700000e+01 -4.005652e-02 -1.763625e+01
    endloop
  endfacet
  facet normal 1.000000e+00 0.000000e+00 0.000000e+00
    outer loop
      vertex   1.700000e+01 -1.802791e+01 -1.773388e+01
      vertex   1.700000e+01 -4.005652e-02 -1.763625e+01
      vertex   1.700000e+01 -1.757476e+01 -1.698868e+01
    endloop
  endfacet
  facet normal 1.000000e+00 -0.000000e+00 0.000000e+00
    outer loop
      vertex   1.700000e+01 -1.757476e+01 -1.698868e+01
      vertex   1.700000e+01 -4.005652e-02 -1.763625e+01
      vertex   1.700000e+01 -4.959101e-01 -1.684669e+01
    endloop
  endfacet
  facet normal 1.000000e+00 0.000000e+00 0.000000e+00
    outer loop
      vertex   1.700000e+01 -1.757476e+01 -1.698868e+01
      vertex   1.700000e+01 -4.959101e-01 -1.684669e+01
      vertex   1.700000e+01 -1.723251e+01 -1.618648e+01
    endloop
  endfacet
  facet normal 1.000000e+00 -0.000000e+00 0.000000e+00
    outer loop
      vertex   1.700000e+01 -1.723251e+01 -1.618648e+01
      vertex   1.700000e+01 -4.959101e-01 -1.684669e+01
      vertex   1.700000e+01 -8.289941e-01 -1.599801e+01
    endloop
  endfacet
  facet normal 1.000000e+00 0.000000e+00 0.000000e+00
    outer loop
      vertex   1.700000e+01 -1.723251e+01 -1.618648e+01
      vertex   1.700000e+01 -8.289941e-01 -1.599801e+01
      vertex   1.700000e+01 -1.700817e+01 -1.534366e+01
    endloop
  endfacet
  facet normal 1.000000e+00 -0.000000e+00 0.000000e+00
    outer loop
      vertex   1.700000e+01 -1.700817e+01 -1.534366e+01
      vertex   1.700000e+01 -8.289941e-01 -1.599801e+01
      vertex   1.700000e+01 -1.031868e+00 -1.510916e+01
    endloop
  endfacet
  facet normal 1.000000e+00 0.000000e+00 0.000000e+00
    outer loop
      vertex   1.700000e+01 -1.700817e+01 -1.534366e+01
      vertex   1.700000e+01 -1.031868e+00 -1.510916e+01
      vertex   1.700000e+01 -1.690631e+01 -1.447747e+01
    endloop
  endfacet
  facet normal 1.000000e+00 -0.000000e+00 0.000000e+00
    outer loop
      vertex   1.700000e+01 -1.690631e+01 -1.447747e+01
      vertex   1.700000e+01 -1.031868e+00 -1.510916e+01
      vertex   1.700000e+01 -1.100000e+00 -1.420000e+01
    endloop
  endfacet
  facet normal 1.000000e+00 0.000000e+00 -0.000000e+00
    outer loop
      vertex   1.700000e+01 -1.690631e+01 -1.447747e+01
      vertex   1.700000e+01 -1.100000e+00 -1.420000e+01
      vertex   1.700000e+01 -1.692903e+01 -1.360560e+01
    endloop
  endfacet
  facet normal 1.000000e+00 -0.000000e+00 0.000000e+00
    outer loop
      vertex   1.700000e+01 -1.692903e+01 -1.360560e+01
      vertex   1.700000e+01 -1.100000e+00 -1.420000e+01
      vertex   1.700000e+01 -1.031868e+00 -1.329084e+01
    endloop
  endfacet
  facet normal 1.000000e+00 0.000000e+00 -0.000000e+00
    outer loop
      vertex   1.700000e+01 -1.692903e+01 -1.360560e+01
      vertex   1.700000e+01 -1.031868e+00 -1.329084e+01
      vertex   1.700000e+01 -1.707585e+01 -1.274589e+01
    endloop
  endfacet
  facet normal 1.000000e+00 -0.000000e+00 0.000000e+00
    outer loop
      vertex   1.700000e+01 -1.707585e+01 -1.274589e+01
      vertex   1.700000e+01 -1.031868e+00 -1.329084e+01
      vertex   1.700000e+01 -8.289941e-01 -1.240199e+01
    endloop
  endfacet
  facet normal 1.000000e+00 0.000000e+00 -0.000000e+00
    outer loop
      vertex   1.700000e+01 -1.707585e+01 -1.274589e+01
      vertex   1.700000e+01 -8.289941e-01 -1.240199e+01
      vertex   1.700000e+01 -1.734377e+01 -1.191590e+01
    endloop
  endfacet
  facet normal 1.000000e+00 -0.000000e+00 0.000000e+00
    outer loop
      vertex   1.700000e+01 -1.734377e+01 -1.191590e+01
      vertex   1.700000e+01 -8.289941e-01 -1.240199e+01
      vertex   1.700000e+01 -4.959101e-01 -1.155331e+01
    endloop
  endfacet
  facet normal 1.000000e+00 0.000000e+00 -0.000000e+00
    outer loop
      vertex   1.700000e+01 -1.734377e+01 -1.191590e+01
      vertex   1.700000e+01 -4.959101e-01 -1.155331e+01
      vertex   1.700000e+01 -1.772733e+01 -1.113260e+01
    endloop
  endfacet
  facet normal 1.000000e+00 -0.000000e+00 0.000000e+00
    outer loop
      vertex   1.700000e+01 -1.772733e+01 -1.113260e+01
      vertex   1.700000e+01 -4.959101e-01 -1.155331e+01
      vertex   1.700000e+01 -4.005652e-02 -1.076375e+01
    endloop
  endfacet
  facet normal 1.000000e+00 0.000000e+00 -0.000000e+00
    outer loop
      vertex   1.700000e+01 -1.772733e+01 -1.113260e+01
      vertex   1.700000e+01 -4.005652e-02 -1.076375e+01
      vertex   1.700000e+01 -1.821867e+01 -1.041201e+01
    endloop
  endfacet
  facet normal 1.000000e+00 -0.000000e+00 0.000000e+00
    outer loop
      vertex   1.700000e+01 -1.821867e+01 -1.041201e+01
      vertex   1.700000e+01 -4.005652e-02 -1.076375e+01
      vertex   1.700000e+01 5.283836e-01 -1.005095e+01
    endloop
  endfacet
  facet normal 1.000000e+00 0.000000e+00 -0.000000e+00
    outer loop
      vertex   1.700000e+01 -1.821867e+01 -1.041201e+01
      vertex   1.700000e+01 5.283836e-01 -1.005095e+01
      vertex   1.700000e+01 -1.880775e+01 -9.768859e+00
    endloop
  endfacet
  facet normal 1.000000e+00 -0.000000e+00 0.000000e+00
    outer loop
      vertex   1.700000e+01 -1.880775e+01 -9.768859e+00
      vertex   1.700000e+01 5.283836e-01 -1.005095e+01
      vertex   1.700000e+01 -2.754033e+00 9.500000e+00
    endloop
  endfacet
  facet normal 1.000000e+00 0.000000e+00 0.000000e+00
    outer loop
      vertex   1.700000e+01 -1.880775e+01 -9.768859e+00
      vertex   1.700000e+01 -2.754033e+00 9.500000e+00
      vertex   1.700000e+01 -1.824597e+01 9.500000e+00
    endloop
  endfacet
  facet normal 1.000000e+00 0.000000e+00 -0.000000e+00
    outer loop
      vertex   1.700000e+01 5.283836e-01 -1.005095e+01
      vertex   1.700000e+01 1.196712e+00 -9.430828e+00
      vertex   1.700000e+01 -2.754033e+00 9.500000e+00
    endloop
  endfacet
  facet normal 1.000000e+00 0.000000e+00 0.000000e+00
    outer loop
      vertex   1.700000e+01 -2.754033e+00 9.500000e+00
      vertex   1.700000e+01 1.196712e+00 -9.430828e+00
      vertex   1.700000e+01 1.950000e+00 -8.917245e+00
    endloop
  endfacet
  facet normal 1.000000e+00 0.000000e+00 0.000000e+00
    outer loop
      vertex   1.700000e+01 -2.754033e+00 9.500000e+00
      vertex   1.700000e+01 1.950000e+00 -8.917245e+00
      vertex   1.700000e+01 6.500000e+00 4.000000e+00
    endloop
  endfacet
  facet normal 1.000000e+00 0.000000e+00 0.000000e+00
    outer loop
      vertex   1.700000e+01 6.500000e+00 4.000000e+00
      vertex   1.700000e+01 1.950000e+00 -8.917245e+00
      vertex   1.700000e+01 2.771420e+00 -8.521670e+00
    endloop
  endfacet
  facet normal 1.000000e+00 0.000000e+00 0.000000e+00
    outer loop
      vertex   1.700000e+01 6.500000e+00 4.000000e+00
      vertex   1.700000e+01 2.771420e+00 -8.521670e+00
      vertex   1.700000e+01 3.642622e+00 -8.252940e+00
    endloop
  endfacet
  facet normal 1.000000e+00 0.000000e+00 0.000000e+00
    outer loop
      vertex   1.700000e+01 3.642622e+00 -8.252940e+00
      vertex   1.700000e+01 4.544146e+00 -8.117057e+00
      vertex   1.700000e+01 6.500000e+00 4.000000e+00
    endloop
  endfacet
  facet normal 1.000000e+00 0.000000e+00 0.000000e+00
    outer loop
      vertex   1.700000e+01 6.500000e+00 4.000000e+00
      vertex   1.700000e+01 4.544146e+00 -8.117057e+00
      vertex   1.700000e+01 5.455854e+00 -8.117057e+00
    endloop
  endfacet
  facet normal 1.000000e+00 0.000000e+00 0.000000e+00
    outer loop
      vertex   1.700000e+01 6.500000e+00 4.000000e+00
      vertex   1.700000e+01 5.455854e+00 -8.117057e+00
      vertex   1.700000e+01 6.357378e+00 -8.252940e+00
    endloop
  endfacet
  facet normal 1.000000e+00 -0.000000e+00 0.000000e+00
    outer loop
      vertex   1.700000e+01 6.357378e+00 -8.252940e+00
      vertex   1.700000e+01 7.228580e+00 -8.521670e+00
      vertex   1.700000e+01 6.500000e+00 4.000000e+00
    endloop
  endfacet
  facet normal 1.000000e+00 -0.000000e+00 0.000000e+00
    outer loop
      vertex   1.700000e+01 6.500000e+00 4.000000e+00
      vertex   1.700000e+01 7.228580e+00 -8.521670e+00
      vertex   1.700000e+01 1.450000e+01 4.000000e+00
    endloop
  endfacet
  facet normal 1.000000e+00 0.000000e+00 0.000000e+00
    outer loop
      vertex   1.700000e+01 1.450000e+01 4.000000e+00
      vertex   1.700000e+01 7.228580e+00 -8.521670e+00
      vertex   1.700000e+01 8.050000e+00 -8.917245e+00
    endloop
  endfacet
  facet normal 1.000000e+00 0.000000e+00 0.000000e+00
    outer loop
      vertex   1.700000e+01 1.450000e+01 4.000000e+00
      vertex   1.700000e+01 8.050000e+00 -8.917245e+00
      vertex   1.700000e+01 8.803288e+00 -9.430828e+00
    endloop
  endfacet
  facet normal 1.000000e+00 -0.000000e+00 0.000000e+00
    outer loop
      vertex   1.700000e+01 8.803288e+00 -9.430828e+00
      vertex   1.700000e+01 9.471616e+00 -1.005095e+01
      vertex   1.700000e+01 1.450000e+01 4.000000e+00
    endloop
  endfacet
  facet normal 1.000000e+00 0.000000e+00 0.000000e+00
    outer loop
      vertex   1.700000e+01 1.450000e+01 4.000000e+00
      vertex   1.700000e+01 9.471616e+00 -1.005095e+01
      vertex   1.700000e+01 1.004006e+01 -1.076375e+01
    endloop
  endfacet
  facet normal 1.000000e+00 0.000000e+00 0.000000e+00
    outer loop
      vertex   1.700000e+01 1.450000e+01 4.000000e+00
      vertex   1.700000e+01 1.004006e+01 -1.076375e+01
      vertex   1.700000e+01 1.450000e+01 -1.500000e+01
    endloop
  endfacet
  facet normal 1.000000e+00 0.000000e+00 0.000000e+00
    outer loop
      vertex   1.700000e+01 1.450000e+01 -1.500000e+01
      vertex   1.700000e+01 1.004006e+01 -1.076375e+01
      vertex   1.700000e+01 1.049591e+01 -1.155331e+01
    endloop
  endfacet
  facet normal 1.000000e+00 0.000000e+00 0.000000e+00
    outer loop
      vertex   1.700000e+01 1.450000e+01 -1.500000e+01
      vertex   1.700000e+01 1.049591e+01 -1.155331e+01
      vertex   1.700000e+01 1.082899e+01 -1.240199e+01
    endloop
  endfacet
  facet normal 1.000000e+00 0.000000e+00 0.000000e+00
    outer loop
      vertex   1.700000e+01 1.082899e+01 -1.240199e+01
      vertex   1.700000e+01 1.103187e+01 -1.329084e+01
      vertex   1.700000e+01 1.450000e+01 -1.500000e+01
    endloop
  endfacet
  facet normal 1.000000e+00 0.000000e+00 0.000000e+00
    outer loop
      vertex   1.700000e+01 1.450000e+01 -1.500000e+01
      vertex   1.700000e+01 1.103187e+01 -1.329084e+01
      vertex   1.700000e+01 1.110000e+01 -1.420000e+01
    endloop
  endfacet
  facet normal 1.000000e+00 0.000000e+00 0.000000e+00
    outer loop
      vertex   1.700000e+01 1.450000e+01 -1.500000e+01
      vertex   1.700000e+01 1.110000e+01 -1.420000e+01
      vertex   1.700000e+01 1.103187e+01 -1.510916e+01
    endloop
  endfacet
  facet normal 1.000000e+00 0.000000e+00 0.000000e+00
    outer loop
      vertex   1.700000e+01 1.450000e+01 -1.500000e+01
      vertex   1.700000e+01 1.103187e+01 -1.510916e+01
      vertex   1.700000e+01 1.443712e+01 -1.611964e+01
    endloop
  endfacet
  facet normal 1.000000e+00 0.000000e+00 0.000000e+00
    outer loop
      vertex   1.700000e+01 1.443712e+01 -1.611964e+01
      vertex   1.700000e+01 1.103187e+01 -1.510916e+01
      vertex   1.700000e+01 1.082899e+01 -1.599801e+01
    endloop
  endfacet
  facet normal 1.000000e+00 0.000000e+00 0.000000e+00
    outer loop
      vertex   1.700000e+01 1.443712e+01 -1.611964e+01
      vertex   1.700000e+01 1.082899e+01 -1.599801e+01
      vertex   1.700000e+01 1.424928e+01 -1.722521e+01
    endloop
  endfacet
  facet normal 1.000000e+00 0.000000e+00 0.000000e+00
    outer loop
      vertex   1.700000e+01 1.424928e+01 -1.722521e+01
      vertex   1.700000e+01 1.082899e+01 -1.599801e+01
      vertex   1.700000e+01 1.049591e+01 -1.684669e+01
    endloop
  endfacet
  facet normal 1.000000e+00 0.000000e+00 0.000000e+00
    outer loop
      vertex   1.700000e+01 1.424928e+01 -1.722521e+01
      vertex   1.700000e+01 1.049591e+01 -1.684669e+01
      vertex   1.700000e+01 1.393883e+01 -1.830279e+01
    endloop
  endfacet
  facet normal 1.000000e+00 0.000000e+00 0.000000e+00
    outer loop
      vertex   1.700000e+01 1.393883e+01 -1.830279e+01
      vertex   1.700000e+01 1.049591e+01 -1.684669e+01
      vertex   1.700000e+01 1.004006e+01 -1.763625e+01
    endloop
  endfacet
  facet normal 1.000000e+00 0.000000e+00 0.000000e+00
    outer loop
      vertex   1.700000e+01 1.393883e+01 -1.830279e+01
      vertex   1.700000e+01 1.004006e+01 -1.763625e+01
      vertex   1.700000e+01 1.350969e+01 -1.933884e+01
    endloop
  endfacet
  facet normal 1.000000e+00 0.000000e+00 0.000000e+00
    outer loop
      vertex   1.700000e+01 1.350969e+01 -1.933884e+01
      vertex   1.700000e+01 1.004006e+01 -1.763625e+01
      vertex   1.700000e+01 1.296724e+01 -2.032032e+01
    endloop
  endfacet
  facet normal 1.000000e+00 0.000000e+00 0.000000e+00
    outer loop
      vertex   1.700000e+01 1.296724e+01 -2.032032e+01
      vertex   1.700000e+01 1.004006e+01 -1.763625e+01
      vertex   1.700000e+01 9.471616e+00 -1.834905e+01
    endloop
  endfacet
  facet normal 1.000000e+00 0.000000e+00 0.000000e+00
    outer loop
      vertex   1.700000e+01 1.296724e+01 -2.032032e+01
      vertex   1.700000e+01 9.471616e+00 -1.834905e+01
      vertex   1.700000e+01 1.231831e+01 -2.123490e+01
    endloop
  endfacet
  facet normal 1.000000e+00 0.000000e+00 0.000000e+00
    outer loop
      vertex   1.700000e+01 1.231831e+01 -2.123490e+01
      vertex   1.700000e+01 9.471616e+00 -1.834905e+01
      vertex   1.700000e+01 8.803288e+00 -1.896917e+01
    endloop
  endfacet
  facet normal 1.000000e+00 0.000000e+00 0.000000e+00
    outer loop
      vertex   1.700000e+01 1.231831e+01 -2.123490e+01
      vertex   1.700000e+01 8.803288e+00 -1.896917e+01
      vertex   1.700000e+01 1.157107e+01 -2.207107e+01
    endloop
  endfacet
  facet normal 1.000000e+00 0.000000e+00 0.000000e+00
    outer loop
      vertex   1.700000e+01 1.157107e+01 -2.207107e+01
      vertex   1.700000e+01 8.803288e+00 -1.896917e+01
      vertex   1.700000e+01 8.050000e+00 -1.948275e+01
    endloop
  endfacet
  facet normal 1.000000e+00 0.000000e+00 0.000000e+00
    outer loop
      vertex   1.700000e+01 1.157107e+01 -2.207107e+01
      vertex   1.700000e+01 8.050000e+00 -1.948275e+01
      vertex   1.700000e+01 1.073490e+01 -2.281831e+01
    endloop
  endfacet
  facet normal 1.000000e+00 0.000000e+00 -0.000000e+00
    outer loop
      vertex   1.700000e+01 6.500000e+00 4.000000e+00
      vertex   1.700000e+01 6.500000e+00 9.500000e+00
      vertex   1.700000e+01 -2.754033e+00 9.500000e+00
    endloop
  endfacet
  facet normal 1.000000e+00 -0.000000e+00 0.000000e+00
    outer loop
      vertex   1.700000e+01 -2.187609e+01 9.500000e+00
      vertex   1.700000e+01 -2.187609e+01 -8.204432e+00
      vertex   1.700000e+01 -1.824597e+01 9.500000e+00
    endloop
  endfacet
  facet normal 1.000000e+00 0.000000e+00 0.000000e+00
    outer loop
      vertex   1.700000e+01 -1.824597e+01 9.500000e+00
      vertex   1.700000e+01 -2.187609e+01 -8.204432e+00
      vertex   1.700000e+01 -2.103254e+01 -8.425996e+00
    endloop
  endfacet
  facet normal 1.000000e+00 0.000000e+00 0.000000e+00
    outer loop
      vertex   1.700000e+01 -1.824597e+01 9.500000e+00
      vertex   1.700000e+01 -2.103254e+01 -8.425996e+00
      vertex   1.700000e+01 -2.022922e+01 -8.765596e+00
    endloop
  endfacet
  facet normal 1.000000e+00 -0.000000e+00 0.000000e+00
    outer loop
      vertex   1.700000e+01 -2.022922e+01 -8.765596e+00
      vertex   1.700000e+01 -1.948253e+01 -9.216288e+00
      vertex   1.700000e+01 -1.824597e+01 9.500000e+00
    endloop
  endfacet
  facet normal 1.000000e+00 0.000000e+00 0.000000e+00
    outer loop
      vertex   1.700000e+01 -1.824597e+01 9.500000e+00
      vertex   1.700000e+01 -1.948253e+01 -9.216288e+00
      vertex   1.700000e+01 -1.880775e+01 -9.768859e+00
    endloop
  endfacet
  facet normal 1.000000e+00 0.000000e+00 0.000000e+00
    outer loop
      vertex   1.700000e+01 -1.922779e+01 -1.899379e+01
      vertex   1.700000e+01 -1.995000e+01 -1.948275e+01
      vertex   1.700000e+01 -2.187609e+01 -2.500000e+01
    endloop
  endfacet
  facet normal 1.000000e+00 0.000000e+00 0.000000e+00
    outer loop
      vertex   1.700000e+01 -2.187609e+01 -2.500000e+01
      vertex   1.700000e+01 -1.995000e+01 -1.948275e+01
      vertex   1.700000e+01 -2.187609e+01 -2.059479e+01
    endloop
  endfacet
  facet normal 1.000000e+00 0.000000e+00 -0.000000e+00
    outer loop
      vertex   1.700000e+01 6.725209e+00 -2.474928e+01
      vertex   1.700000e+01 7.802791e+00 -2.443883e+01
      vertex   1.700000e+01 5.000000e+00 -2.124367e+01
    endloop
  endfacet
  facet normal 1.000000e+00 0.000000e+00 0.000000e+00
    outer loop
      vertex   1.700000e+01 5.000000e+00 -2.124367e+01
      vertex   1.700000e+01 7.802791e+00 -2.443883e+01
      vertex   1.700000e+01 8.838837e+00 -2.400969e+01
    endloop
  endfacet
  facet normal -1.000000e+00 0.000000e+00 0.000000e+00
    outer loop
      vertex   -2.950000e+01 6.500000e+00 9.500000e+00
      vertex   -2.950000e+01 1.450000e+01 9.500000e+00
      vertex   -2.950000e+01 6.500000e+00 4.000000e+00
    endloop
  endfacet
  facet normal -1.000000e+00 0.000000e+00 0.000000e+00
    outer loop
      vertex   -2.950000e+01 6.500000e+00 4.000000e+00
      vertex   -2.950000e+01 1.450000e+01 9.500000e+00
      vertex   -2.950000e+01 1.450000e+01 4.000000e+00
    endloop
  endfacet
  facet normal -0.000000e+00 -1.000000e+00 -0.000000e+00
    outer loop
      vertex   -1.700000e+01 6.500000e+00 9.500000e+00
      vertex   -2.950000e+01 6.500000e+00 9.500000e+00
      vertex   -1.700000e+01 6.500000e+00 4.000000e+00
    endloop
  endfacet
  facet normal 0.000000e+00 -1.000000e+00 0.000000e+00
    outer loop
      vertex   -1.700000e+01 6.500000e+00 4.000000e+00
      vertex   -2.950000e+01 6.500000e+00 9.500000e+00
      vertex   -2.950000e+01 6.500000e+00 4.000000e+00
    endloop
  endfacet
  facet normal -0.000000e+00 0.000000e+00 -1.000000e+00
    outer loop
      vertex   -2.690059e+01 1.012471e+01 4.000000e+00
      vertex   -2.950000e+01 6.500000e+00 4.000000e+00
      vertex   -2.695000e+01 1.050000e+01 4.000000e+00
    endloop
  endfacet
  facet normal -0.000000e+00 0.000000e+00 -1.000000e+00
    outer loop
      vertex   -2.695000e+01 1.050000e+01 4.000000e+00
      vertex   -2.950000e+01 6.500000e+00 4.000000e+00
      vertex   -2.950000e+01 1.450000e+01 4.000000e+00
    endloop
  endfacet
  facet normal 0.000000e+00 0.000000e+00 -1.000000e+00
    outer loop
      vertex   -2.695000e+01 1.050000e+01 4.000000e+00
      vertex   -2.950000e+01 1.450000e+01 4.000000e+00
      vertex   -2.690059e+01 1.087529e+01 4.000000e+00
    endloop
  endfacet
  facet normal 0.000000e+00 0.000000e+00 -1.000000e+00
    outer loop
      vertex   -2.690059e+01 1.087529e+01 4.000000e+00
      vertex   -2.950000e+01 1.450000e+01 4.000000e+00
      vertex   -2.675574e+01 1.122500e+01 4.000000e+00
    endloop
  endfacet
  facet normal 0.000000e+00 0.000000e+00 -1.000000e+00
    outer loop
      vertex   -2.675574e+01 1.122500e+01 4.000000e+00
      vertex   -2.950000e+01 1.450000e+01 4.000000e+00
      vertex   -2.652530e+01 1.152530e+01 4.000000e+00
    endloop
  endfacet
  facet normal 0.000000e+00 0.000000e+00 -1.000000e+00
    outer loop
      vertex   -2.652530e+01 1.152530e+01 4.000000e+00
      vertex   -2.950000e+01 1.450000e+01 4.000000e+00
      vertex   -2.622500e+01 1.175574e+01 4.000000e+00
    endloop
  endfacet
  facet normal 0.000000e+00 0.000000e+00 -1.000000e+00
    outer loop
      vertex   -2.622500e+01 1.175574e+01 4.000000e+00
      vertex   -2.950000e+01 1.450000e+01 4.000000e+00
      vertex   -2.587529e+01 1.190059e+01 4.000000e+00
    endloop
  endfacet
  facet normal 0.000000e+00 0.000000e+00 -1.000000e+00
    outer loop
      vertex   -2.587529e+01 1.190059e+01 4.000000e+00
      vertex   -2.950000e+01 1.450000e+01 4.000000e+00
      vertex   -2.550000e+01 1.195000e+01 4.000000e+00
    endloop
  endfacet
  facet normal 0.000000e+00 0.000000e+00 -1.000000e+00
    outer loop
      vertex   -2.550000e+01 1.195000e+01 4.000000e+00
      vertex   -2.950000e+01 1.450000e+01 4.000000e+00
      vertex   -2.512471e+01 1.190059e+01 4.000000e+00
    endloop
  endfacet
  facet normal 0.000000e+00 0.000000e+00 -1.000000e+00
    outer loop
      vertex   -2.512471e+01 1.190059e+01 4.000000e+00
      vertex   -2.950000e+01 1.450000e+01 4.000000e+00
      vertex   -1.700000e+01 1.450000e+01 4.000000e+00
    endloop
  endfacet
  facet normal 0.000000e+00 0.000000e+00 -1.000000e+00
    outer loop
      vertex   -2.512471e+01 1.190059e+01 4.000000e+00
      vertex   -1.700000e+01 1.450000e+01 4.000000e+00
      vertex   -2.477500e+01 1.175574e+01 4.000000e+00
    endloop
  endfacet
  facet normal 0.000000e+00 0.000000e+00 -1.000000e+00
    outer loop
      vertex   -2.477500e+01 1.175574e+01 4.000000e+00
      vertex   -1.700000e+01 1.450000e+01 4.000000e+00
      vertex   -2.447470e+01 1.152530e+01 4.000000e+00
    endloop
  endfacet
  facet normal 0.000000e+00 0.000000e+00 -1.000000e+00
    outer loop
      vertex   -2.447470e+01 1.152530e+01 4.000000e+00
      vertex   -1.700000e+01 1.450000e+01 4.000000e+00
      vertex   -2.424426e+01 1.122500e+01 4.000000e+00
    endloop
  endfacet
  facet normal 0.000000e+00 0.000000e+00 -1.000000e+00
    outer loop
      vertex   -2.424426e+01 1.122500e+01 4.000000e+00
      vertex   -1.700000e+01 1.450000e+01 4.000000e+00
      vertex   -2.409941e+01 1.087529e+01 4.000000e+00
    endloop
  endfacet
  facet normal 0.000000e+00 0.000000e+00 -1.000000e+00
    outer loop
      vertex   -2.409941e+01 1.087529e+01 4.000000e+00
      vertex   -1.700000e+01 1.450000e+01 4.000000e+00
      vertex   -2.405000e+01 1.050000e+01 4.000000e+00
    endloop
  endfacet
  facet normal 0.000000e+00 0.000000e+00 -1.000000e+00
    outer loop
      vertex   -2.405000e+01 1.050000e+01 4.000000e+00
      vertex   -1.700000e+01 1.450000e+01 4.000000e+00
      vertex   -1.700000e+01 6.500000e+00 4.000000e+00
    endloop
  endfacet
  facet normal 0.000000e+00 -0.000000e+00 -1.000000e+00
    outer loop
      vertex   -2.405000e+01 1.050000e+01 4.000000e+00
      vertex   -1.700000e+01 6.500000e+00 4.000000e+00
      vertex   -2.409941e+01 1.012471e+01 4.000000e+00
    endloop
  endfacet
  facet normal 0.000000e+00 -0.000000e+00 -1.000000e+00
    outer loop
      vertex   -2.409941e+01 1.012471e+01 4.000000e+00
      vertex   -1.700000e+01 6.500000e+00 4.000000e+00
      vertex   -2.424426e+01 9.775000e+00 4.000000e+00
    endloop
  endfacet
  facet normal 0.000000e+00 -0.000000e+00 -1.000000e+00
    outer loop
      vertex   -2.424426e+01 9.775000e+00 4.000000e+00
      vertex   -1.700000e+01 6.500000e+00 4.000000e+00
      vertex   -2.447470e+01 9.474695e+00 4.000000e+00
    endloop
  endfacet
  facet normal 0.000000e+00 -0.000000e+00 -1.000000e+00
    outer loop
      vertex   -2.447470e+01 9.474695e+00 4.000000e+00
      vertex   -1.700000e+01 6.500000e+00 4.000000e+00
      vertex   -2.477500e+01 9.244263e+00 4.000000e+00
    endloop
  endfacet
  facet normal 0.000000e+00 -0.000000e+00 -1.000000e+00
    outer loop
      vertex   -2.477500e+01 9.244263e+00 4.000000e+00
      vertex   -1.700000e+01 6.500000e+00 4.000000e+00
      vertex   -2.512471e+01 9.099408e+00 4.000000e+00
    endloop
  endfacet
  facet normal 0.000000e+00 -0.000000e+00 -1.000000e+00
    outer loop
      vertex   -2.512471e+01 9.099408e+00 4.000000e+00
      vertex   -1.700000e+01 6.500000e+00 4.000000e+00
      vertex   -2.950000e+01 6.500000e+00 4.000000e+00
    endloop
  endfacet
  facet normal 0.000000e+00 0.000000e+00 -1.000000e+00
    outer loop
      vertex   -2.512471e+01 9.099408e+00 4.000000e+00
      vertex   -2.950000e+01 6.500000e+00 4.000000e+00
      vertex   -2.550000e+01 9.050000e+00 4.000000e+00
    endloop
  endfacet
  facet normal -0.000000e+00 0.000000e+00 -1.000000e+00
    outer loop
      vertex   -2.550000e+01 9.050000e+00 4.000000e+00
      vertex   -2.950000e+01 6.500000e+00 4.000000e+00
      vertex   -2.587529e+01 9.099408e+00 4.000000e+00
    endloop
  endfacet
  facet normal -0.000000e+00 0.000000e+00 -1.000000e+00
    outer loop
      vertex   -2.587529e+01 9.099408e+00 4.000000e+00
      vertex   -2.950000e+01 6.500000e+00 4.000000e+00
      vertex   -2.622500e+01 9.244263e+00 4.000000e+00
    endloop
  endfacet
  facet normal -0.000000e+00 0.000000e+00 -1.000000e+00
    outer loop
      vertex   -2.622500e+01 9.244263e+00 4.000000e+00
      vertex   -2.950000e+01 6.500000e+00 4.000000e+00
      vertex   -2.652530e+01 9.474695e+00 4.000000e+00
    endloop
  endfacet
  facet normal -0.000000e+00 0.000000e+00 -1.000000e+00
    outer loop
      vertex   -2.652530e+01 9.474695e+00 4.000000e+00
      vertex   -2.950000e+01 6.500000e+00 4.000000e+00
      vertex   -2.675574e+01 9.775000e+00 4.000000e+00
    endloop
  endfacet
  facet normal -0.000000e+00 0.000000e+00 -1.000000e+00
    outer loop
      vertex   -2.675574e+01 9.775000e+00 4.000000e+00
      vertex   -2.950000e+01 6.500000e+00 4.000000e+00
      vertex   -2.690059e+01 1.012471e+01 4.000000e+00
    endloop
  endfacet
  facet normal -0.000000e+00 0.000000e+00 -1.000000e+00
    outer loop
      vertex   -4.104548e+01 1.091411e+01 9.500000e+00
      vertex   -4.110000e+01 1.050000e+01 9.500000e+00
      vertex   -4.450000e+01 1.450000e+01 9.500000e+00
    endloop
  endfacet
  facet normal 0.000000e+00 0.000000e+00 -1.000000e+00
    outer loop
      vertex   -4.450000e+01 1.450000e+01 9.500000e+00
      vertex   -4.110000e+01 1.050000e+01 9.500000e+00
      vertex   -4.104548e+01 1.008589e+01 9.500000e+00
    endloop
  endfacet
  facet normal 0.000000e+00 0.000000e+00 -1.000000e+00
    outer loop
      vertex   -4.450000e+01 1.450000e+01 9.500000e+00
      vertex   -4.104548e+01 1.008589e+01 9.500000e+00
      vertex   -4.088564e+01 9.700000e+00 9.500000e+00
    endloop
  endfacet
  facet normal 0.000000e+00 0.000000e+00 -1.000000e+00
    outer loop
      vertex   -4.450000e+01 1.450000e+01 9.500000e+00
      vertex   -4.088564e+01 9.700000e+00 9.500000e+00
      vertex   -4.004548e+01 2.914110e+00 9.500000e+00
    endloop
  endfacet
  facet normal 0.000000e+00 0.000000e+00 -1.000000e+00
    outer loop
      vertex   -4.004548e+01 2.914110e+00 9.500000e+00
      vertex   -4.088564e+01 9.700000e+00 9.500000e+00
      vertex   -4.063137e+01 9.368629e+00 9.500000e+00
    endloop
  endfacet
  facet normal 0.000000e+00 0.000000e+00 -1.000000e+00
    outer loop
      vertex   -4.004548e+01 2.914110e+00 9.500000e+00
      vertex   -4.063137e+01 9.368629e+00 9.500000e+00
      vertex   -3.988564e+01 3.300000e+00 9.500000e+00
    endloop
  endfacet
  facet normal 0.000000e+00 0.000000e+00 -1.000000e+00
    outer loop
      vertex   -3.988564e+01 3.300000e+00 9.500000e+00
      vertex   -4.063137e+01 9.368629e+00 9.500000e+00
      vertex   -4.030000e+01 9.114359e+00 9.500000e+00
    endloop
  endfacet
  facet normal 0.000000e+00 0.000000e+00 -1.000000e+00
    outer loop
      vertex   -3.988564e+01 3.300000e+00 9.500000e+00
      vertex   -4.030000e+01 9.114359e+00 9.500000e+00
      vertex   -3.963137e+01 3.631371e+00 9.500000e+00
    endloop
  endfacet
  facet normal 0.000000e+00 0.000000e+00 -1.000000e+00
    outer loop
      vertex   -3.963137e+01 3.631371e+00 9.500000e+00
      vertex   -4.030000e+01 9.114359e+00 9.500000e+00
      vertex   -3.991411e+01 8.954519e+00 9.500000e+00
    endloop
  endfacet
  facet normal 0.000000e+00 0.000000e+00 -1.000000e+00
    outer loop
      vertex   -3.963137e+01 3.631371e+00 9.500000e+00
      vertex   -3.991411e+01 8.954519e+00 9.500000e+00
      vertex   -3.930000e+01 3.885641e+00 9.500000e+00
    endloop
  endfacet
  facet normal 0.000000e+00 0.000000e+00 -1.000000e+00
    outer loop
      vertex   -3.930000e+01 3.885641e+00 9.500000e+00
      vertex   -3.991411e+01 8.954519e+00 9.500000e+00
      vertex   -3.950000e+01 8.900000e+00 9.500000e+00
    endloop
  endfacet
  facet normal 0.000000e+00 0.000000e+00 -1.000000e+00
    outer loop
      vertex   -3.930000e+01 3.885641e+00 9.500000e+00
      vertex   -3.950000e+01 8.900000e+00 9.500000e+00
      vertex   -3.891411e+01 4.045481e+00 9.500000e+00
    endloop
  endfacet
  facet normal 0.000000e+00 0.000000e+00 -1.000000e+00
    outer loop
      vertex   -3.891411e+01 4.045481e+00 9.500000e+00
      vertex   -3.950000e+01 8.900000e+00 9.500000e+00
      vertex   -3.908589e+01 8.954519e+00 9.500000e+00
    endloop
  endfacet
  facet normal 0.000000e+00 0.000000e+00 -1.000000e+00
    outer loop
      vertex   -3.891411e+01 4.045481e+00 9.500000e+00
      vertex   -3.908589e+01 8.954519e+00 9.500000e+00
      vertex   -3.850000e+01 4.100000e+00 9.500000e+00
    endloop
  endfacet
  facet normal 0.000000e+00 0.000000e+00 -1.000000e+00
    outer loop
      vertex   -3.850000e+01 4.100000e+00 9.500000e+00
      vertex   -3.908589e+01 8.954519e+00 9.500000e+00
      vertex   -3.870000e+01 9.114359e+00 9.500000e+00
    endloop
  endfacet
  facet normal 0.000000e+00 0.000000e+00 -1.000000e+00
    outer loop
      vertex   -3.850000e+01 4.100000e+00 9.500000e+00
      vertex   -3.870000e+01 9.114359e+00 9.500000e+00
      vertex   -3.808589e+01 4.045481e+00 9.500000e+00
    endloop
  endfacet
  facet normal 0.000000e+00 0.000000e+00 -1.000000e+00
    outer loop
      vertex   -3.808589e+01 4.045481e+00 9.500000e+00
      vertex   -3.870000e+01 9.114359e+00 9.500000e+00
      vertex   -3.836863e+01 9.368629e+00 9.500000e+00
    endloop
  endfacet
  facet normal 0.000000e+00 0.000000e+00 -1.000000e+00
    outer loop
      vertex   -3.808589e+01 4.045481e+00 9.500000e+00
      vertex   -3.836863e+01 9.368629e+00 9.500000e+00
      vertex   -3.770000e+01 3.885641e+00 9.500000e+00
    endloop
  endfacet
  facet normal 0.000000e+00 0.000000e+00 -1.000000e+00
    outer loop
      vertex   -3.770000e+01 3.885641e+00 9.500000e+00
      vertex   -3.836863e+01 9.368629e+00 9.500000e+00
      vertex   -3.811436e+01 9.700000e+00 9.500000e+00
    endloop
  endfacet
  facet normal 0.000000e+00 0.000000e+00 -1.000000e+00
    outer loop
      vertex   -3.770000e+01 3.885641e+00 9.500000e+00
      vertex   -3.811436e+01 9.700000e+00 9.500000e+00
      vertex   -3.736863e+01 3.631371e+00 9.500000e+00
    endloop
  endfacet
  facet normal 0.000000e+00 0.000000e+00 -1.000000e+00
    outer loop
      vertex   -3.736863e+01 3.631371e+00 9.500000e+00
      vertex   -3.811436e+01 9.700000e+00 9.500000e+00
      vertex   -2.950000e+01 6.500000e+00 9.500000e+00
    endloop
  endfacet
  facet normal 0.000000e+00 0.000000e+00 -1.000000e+00
    outer loop
      vertex   -3.736863e+01 3.631371e+00 9.500000e+00
      vertex   -2.950000e+01 6.500000e+00 9.500000e+00
      vertex   -3.711436e+01 3.300000e+00 9.500000e+00
    endloop
  endfacet
  facet normal 0.000000e+00 0.000000e+00 -1.000000e+00
    outer loop
      vertex   -3.711436e+01 3.300000e+00 9.500000e+00
      vertex   -2.950000e+01 6.500000e+00 9.500000e+00
      vertex   -3.695452e+01 2.914110e+00 9.500000e+00
    endloop
  endfacet
  facet normal 0.000000e+00 0.000000e+00 -1.000000e+00
    outer loop
      vertex   -3.695452e+01 2.914110e+00 9.500000e+00
      vertex   -2.950000e+01 6.500000e+00 9.500000e+00
      vertex   -3.157329e+01 -7.344917e-01 9.500000e+00
    endloop
  endfacet
  facet normal 0.000000e+00 0.000000e+00 -1.000000e+00
    outer loop
      vertex   -3.695452e+01 2.914110e+00 9.500000e+00
      vertex   -3.157329e+01 -7.344917e-01 9.500000e+00
      vertex   -3.690000e+01 2.500000e+00 9.500000e+00
    endloop
  endfacet
  facet normal 0.000000e+00 0.000000e+00 -1.000000e+00
    outer loop
      vertex   -3.690000e+01 2.500000e+00 9.500000e+00
      vertex   -3.157329e+01 -7.344917e-01 9.500000e+00
      vertex   -3.257949e+01 -1.437394e+00 9.500000e+00
    endloop
  endfacet
  facet normal 0.000000e+00 -0.000000e+00 -1.000000e+00
    outer loop
      vertex   -3.690000e+01 2.500000e+00 9.500000e+00
      vertex   -3.257949e+01 -1.437394e+00 9.500000e+00
      vertex   -3.695452e+01 2.085890e+00 9.500000e+00
    endloop
  endfacet
  facet normal 0.000000e+00 0.000000e+00 -1.000000e+00
    outer loop
      vertex   -3.695452e+01 2.085890e+00 9.500000e+00
      vertex   -3.257949e+01 -1.437394e+00 9.500000e+00
      vertex   -3.350504e+01 -2.243532e+00 9.500000e+00
    endloop
  endfacet
  facet normal 0.000000e+00 -0.000000e+00 -1.000000e+00
    outer loop
      vertex   -3.695452e+01 2.085890e+00 9.500000e+00
      vertex   -3.350504e+01 -2.243532e+00 9.500000e+00
      vertex   -3.711436e+01 1.700000e+00 9.500000e+00
    endloop
  endfacet
  facet normal 0.000000e+00 -0.000000e+00 -1.000000e+00
    outer loop
      vertex   -3.711436e+01 1.700000e+00 9.500000e+00
      vertex   -3.350504e+01 -2.243532e+00 9.500000e+00
      vertex   -3.736863e+01 1.368629e+00 9.500000e+00
    endloop
  endfacet
  facet normal 0.000000e+00 0.000000e+00 -1.000000e+00
    outer loop
      vertex   -3.736863e+01 1.368629e+00 9.500000e+00
      vertex   -3.350504e+01 -2.243532e+00 9.500000e+00
      vertex   -3.433941e+01 -3.143722e+00 9.500000e+00
    endloop
  endfacet
  facet normal 0.000000e+00 -0.000000e+00 -1.000000e+00
    outer loop
      vertex   -3.736863e+01 1.368629e+00 9.500000e+00
      vertex   -3.433941e+01 -3.143722e+00 9.500000e+00
      vertex   -3.770000e+01 1.114359e+00 9.500000e+00
    endloop
  endfacet
  facet normal 0.000000e+00 0.000000e+00 -1.000000e+00
    outer loop
      vertex   -3.770000e+01 1.114359e+00 9.500000e+00
      vertex   -3.433941e+01 -3.143722e+00 9.500000e+00
      vertex   -3.507308e+01 -4.127710e+00 9.500000e+00
    endloop
  endfacet
  facet normal 0.000000e+00 -0.000000e+00 -1.000000e+00
    outer loop
      vertex   -3.770000e+01 1.114359e+00 9.500000e+00
      vertex   -3.507308e+01 -4.127710e+00 9.500000e+00
      vertex   -3.808589e+01 9.545187e-01 9.500000e+00
    endloop
  endfacet
  facet normal 0.000000e+00 0.000000e+00 -1.000000e+00
    outer loop
      vertex   -3.808589e+01 9.545187e-01 9.500000e+00
      vertex   -3.507308e+01 -4.127710e+00 9.500000e+00
      vertex   -3.569771e+01 -5.184287e+00 9.500000e+00
    endloop
  endfacet
  facet normal 0.000000e+00 -0.000000e+00 -1.000000e+00
    outer loop
      vertex   -3.808589e+01 9.545187e-01 9.500000e+00
      vertex   -3.569771e+01 -5.184287e+00 9.500000e+00
      vertex   -3.850000e+01 9.000000e-01 9.500000e+00
    endloop
  endfacet
  facet normal -0.000000e+00 -0.000000e+00 -1.000000e+00
    outer loop
      vertex   -3.850000e+01 9.000000e-01 9.500000e+00
      vertex   -3.569771e+01 -5.184287e+00 9.500000e+00
      vertex   -3.891411e+01 9.545187e-01 9.500000e+00
    endloop
  endfacet
  facet normal 0.000000e+00 0.000000e+00 -1.000000e+00
    outer loop
      vertex   -3.891411e+01 9.545187e-01 9.500000e+00
      vertex   -3.569771e+01 -5.184287e+00 9.500000e+00
      vertex   -3.620616e+01 -6.301418e+00 9.500000e+00
    endloop
  endfacet
  facet normal -0.000000e+00 -0.000000e+00 -1.000000e+00
    outer loop
      vertex   -3.891411e+01 9.545187e-01 9.500000e+00
      vertex   -3.620616e+01 -6.301418e+00 9.500000e+00
      vertex   -3.930000e+01 1.114359e+00 9.500000e+00
    endloop
  endfacet
  facet normal 0.000000e+00 0.000000e+00 -1.000000e+00
    outer loop
      vertex   -3.930000e+01 1.114359e+00 9.500000e+00
      vertex   -3.620616e+01 -6.301418e+00 9.500000e+00
      vertex   -3.659266e+01 -7.466376e+00 9.500000e+00
    endloop
  endfacet
  facet normal -0.000000e+00 -0.000000e+00 -1.000000e+00
    outer loop
      vertex   -3.930000e+01 1.114359e+00 9.500000e+00
      vertex   -3.659266e+01 -7.466376e+00 9.500000e+00
      vertex   -3.963137e+01 1.368629e+00 9.500000e+00
    endloop
  endfacet
  facet normal 0.000000e+00 0.000000e+00 -1.000000e+00
    outer loop
      vertex   -3.963137e+01 1.368629e+00 9.500000e+00
      vertex   -3.659266e+01 -7.466376e+00 9.500000e+00
      vertex   -3.685280e+01 -8.665892e+00 9.500000e+00
    endloop
  endfacet
  facet normal -0.000000e+00 -0.000000e+00 -1.000000e+00
    outer loop
      vertex   -3.963137e+01 1.368629e+00 9.500000e+00
      vertex   -3.685280e+01 -8.665892e+00 9.500000e+00
      vertex   -3.988564e+01 1.700000e+00 9.500000e+00
    endloop
  endfacet
  facet normal 0.000000e+00 0.000000e+00 -1.000000e+00
    outer loop
      vertex   -3.988564e+01 1.700000e+00 9.500000e+00
      vertex   -3.685280e+01 -8.665892e+00 9.500000e+00
      vertex   -3.698361e+01 -9.886300e+00 9.500000e+00
    endloop
  endfacet
  facet normal 0.000000e+00 -0.000000e+00 -1.000000e+00
    outer loop
      vertex   -3.988564e+01 1.700000e+00 9.500000e+00
      vertex   -3.698361e+01 -9.886300e+00 9.500000e+00
      vertex   -4.450000e+01 -2.850000e+01 9.500000e+00
    endloop
  endfacet
  facet normal 0.000000e+00 0.000000e+00 -1.000000e+00
    outer loop
      vertex   -4.450000e+01 -2.850000e+01 9.500000e+00
      vertex   -3.698361e+01 -9.886300e+00 9.500000e+00
      vertex   -3.698361e+01 -1.111370e+01 9.500000e+00
    endloop
  endfacet
  facet normal 0.000000e+00 0.000000e+00 -1.000000e+00
    outer loop
      vertex   -4.450000e+01 -2.850000e+01 9.500000e+00
      vertex   -3.698361e+01 -1.111370e+01 9.500000e+00
      vertex   -3.988564e+01 -2.270000e+01 9.500000e+00
    endloop
  endfacet
  facet normal 0.000000e+00 0.000000e+00 -1.000000e+00
    outer loop
      vertex   -3.988564e+01 -2.270000e+01 9.500000e+00
      vertex   -3.698361e+01 -1.111370e+01 9.500000e+00
      vertex   -3.685280e+01 -1.233411e+01 9.500000e+00
    endloop
  endfacet
  facet normal 0.000000e+00 0.000000e+00 -1.000000e+00
    outer loop
      vertex   -3.988564e+01 -2.270000e+01 9.500000e+00
      vertex   -3.685280e+01 -1.233411e+01 9.500000e+00
      vertex   -3.963137e+01 -2.236863e+01 9.500000e+00
    endloop
  endfacet
  facet normal 0.000000e+00 0.000000e+00 -1.000000e+00
    outer loop
      vertex   -3.963137e+01 -2.236863e+01 9.500000e+00
      vertex   -3.685280e+01 -1.233411e+01 9.500000e+00
      vertex   -3.659266e+01 -1.353362e+01 9.500000e+00
    endloop
  endfacet
  facet normal 0.000000e+00 0.000000e+00 -1.000000e+00
    outer loop
      vertex   -3.963137e+01 -2.236863e+01 9.500000e+00
      vertex   -3.659266e+01 -1.353362e+01 9.500000e+00
      vertex   -3.930000e+01 -2.211436e+01 9.500000e+00
    endloop
  endfacet
  facet normal 0.000000e+00 0.000000e+00 -1.000000e+00
    outer loop
      vertex   -3.930000e+01 -2.211436e+01 9.500000e+00
      vertex   -3.659266e+01 -1.353362e+01 9.500000e+00
      vertex   -3.620616e+01 -1.469858e+01 9.500000e+00
    endloop
  endfacet
  facet normal 0.000000e+00 0.000000e+00 -1.000000e+00
    outer loop
      vertex   -3.930000e+01 -2.211436e+01 9.500000e+00
      vertex   -3.620616e+01 -1.469858e+01 9.500000e+00
      vertex   -3.891411e+01 -2.195452e+01 9.500000e+00
    endloop
  endfacet
  facet normal 0.000000e+00 0.000000e+00 -1.000000e+00
    outer loop
      vertex   -3.891411e+01 -2.195452e+01 9.500000e+00
      vertex   -3.620616e+01 -1.469858e+01 9.500000e+00
      vertex   -3.569771e+01 -1.581571e+01 9.500000e+00
    endloop
  endfacet
  facet normal 0.000000e+00 0.000000e+00 -1.000000e+00
    outer loop
      vertex   -3.891411e+01 -2.195452e+01 9.500000e+00
      vertex   -3.569771e+01 -1.581571e+01 9.500000e+00
      vertex   -3.850000e+01 -2.190000e+01 9.500000e+00
    endloop
  endfacet
  facet normal 0.000000e+00 0.000000e+00 -1.000000e+00
    outer loop
      vertex   -3.850000e+01 -2.190000e+01 9.500000e+00
      vertex   -3.569771e+01 -1.581571e+01 9.500000e+00
      vertex   -3.808589e+01 -2.195452e+01 9.500000e+00
    endloop
  endfacet
  facet normal 0.000000e+00 0.000000e+00 -1.000000e+00
    outer loop
      vertex   -3.808589e+01 -2.195452e+01 9.500000e+00
      vertex   -3.569771e+01 -1.581571e+01 9.500000e+00
      vertex   -3.507308e+01 -1.687229e+01 9.500000e+00
    endloop
  endfacet
  facet normal 0.000000e+00 0.000000e+00 -1.000000e+00
    outer loop
      vertex   -3.808589e+01 -2.195452e+01 9.500000e+00
      vertex   -3.507308e+01 -1.687229e+01 9.500000e+00
      vertex   -3.770000e+01 -2.211436e+01 9.500000e+00
    endloop
  endfacet
  facet normal 0.000000e+00 0.000000e+00 -1.000000e+00
    outer loop
      vertex   -3.770000e+01 -2.211436e+01 9.500000e+00
      vertex   -3.507308e+01 -1.687229e+01 9.500000e+00
      vertex   -3.433941e+01 -1.785628e+01 9.500000e+00
    endloop
  endfacet
  facet normal 0.000000e+00 0.000000e+00 -1.000000e+00
    outer loop
      vertex   -3.770000e+01 -2.211436e+01 9.500000e+00
      vertex   -3.433941e+01 -1.785628e+01 9.500000e+00
      vertex   -3.736863e+01 -2.236863e+01 9.500000e+00
    endloop
  endfacet
  facet normal 0.000000e+00 0.000000e+00 -1.000000e+00
    outer loop
      vertex   -3.736863e+01 -2.236863e+01 9.500000e+00
      vertex   -3.433941e+01 -1.785628e+01 9.500000e+00
      vertex   -3.350504e+01 -1.875647e+01 9.500000e+00
    endloop
  endfacet
  facet normal 0.000000e+00 0.000000e+00 -1.000000e+00
    outer loop
      vertex   -3.736863e+01 -2.236863e+01 9.500000e+00
      vertex   -3.350504e+01 -1.875647e+01 9.500000e+00
      vertex   -3.711436e+01 -2.270000e+01 9.500000e+00
    endloop
  endfacet
  facet normal 0.000000e+00 0.000000e+00 -1.000000e+00
    outer loop
      vertex   -3.711436e+01 -2.270000e+01 9.500000e+00
      vertex   -3.350504e+01 -1.875647e+01 9.500000e+00
      vertex   -3.695452e+01 -2.308589e+01 9.500000e+00
    endloop
  endfacet
  facet normal 0.000000e+00 0.000000e+00 -1.000000e+00
    outer loop
      vertex   -3.695452e+01 -2.308589e+01 9.500000e+00
      vertex   -3.350504e+01 -1.875647e+01 9.500000e+00
      vertex   -3.257949e+01 -1.956261e+01 9.500000e+00
    endloop
  endfacet
  facet normal 0.000000e+00 0.000000e+00 -1.000000e+00
    outer loop
      vertex   -3.695452e+01 -2.308589e+01 9.500000e+00
      vertex   -3.257949e+01 -1.956261e+01 9.500000e+00
      vertex   -3.690000e+01 -2.350000e+01 9.500000e+00
    endloop
  endfacet
  facet normal 0.000000e+00 0.000000e+00 -1.000000e+00
    outer loop
      vertex   -3.690000e+01 -2.350000e+01 9.500000e+00
      vertex   -3.257949e+01 -1.956261e+01 9.500000e+00
      vertex   -3.157329e+01 -2.026551e+01 9.500000e+00
    endloop
  endfacet
  facet normal 0.000000e+00 -0.000000e+00 -1.000000e+00
    outer loop
      vertex   -3.690000e+01 -2.350000e+01 9.500000e+00
      vertex   -3.157329e+01 -2.026551e+01 9.500000e+00
      vertex   -3.695452e+01 -2.391411e+01 9.500000e+00
    endloop
  endfacet
  facet normal 0.000000e+00 0.000000e+00 -1.000000e+00
    outer loop
      vertex   -3.695452e+01 -2.391411e+01 9.500000e+00
      vertex   -3.157329e+01 -2.026551e+01 9.500000e+00
      vertex   -3.049791e+01 -2.085717e+01 9.500000e+00
    endloop
  endfacet
  facet normal 0.000000e+00 -0.000000e+00 -1.000000e+00
    outer loop
      vertex   -3.695452e+01 -2.391411e+01 9.500000e+00
      vertex   -3.049791e+01 -2.085717e+01 9.500000e+00
      vertex   -3.711436e+01 -2.430000e+01 9.500000e+00
    endloop
  endfacet
  facet normal 0.000000e+00 0.000000e+00 -1.000000e+00
    outer loop
      vertex   -3.711436e+01 -2.430000e+01 9.500000e+00
      vertex   -3.049791e+01 -2.085717e+01 9.500000e+00
      vertex   -2.936559e+01 -2.133085e+01 9.500000e+00
    endloop
  endfacet
  facet normal 0.000000e+00 -0.000000e+00 -1.000000e+00
    outer loop
      vertex   -3.711436e+01 -2.430000e+01 9.500000e+00
      vertex   -2.936559e+01 -2.133085e+01 9.500000e+00
      vertex   -3.736863e+01 -2.463137e+01 9.500000e+00
    endloop
  endfacet
  facet normal 0.000000e+00 0.000000e+00 -1.000000e+00
    outer loop
      vertex   -3.736863e+01 -2.463137e+01 9.500000e+00
      vertex   -2.936559e+01 -2.133085e+01 9.500000e+00
      vertex   -2.818924e+01 -2.168114e+01 9.500000e+00
    endloop
  endfacet
  facet normal 0.000000e+00 0.000000e+00 -1.000000e+00
    outer loop
      vertex   -3.736863e+01 -2.463137e+01 9.500000e+00
      vertex   -2.818924e+01 -2.168114e+01 9.500000e+00
      vertex   -2.698226e+01 -2.190407e+01 9.500000e+00
    endloop
  endfacet
  facet normal 0.000000e+00 0.000000e+00 -1.000000e+00
    outer loop
      vertex   -3.811436e+01 9.700000e+00 9.500000e+00
      vertex   -3.795452e+01 1.008589e+01 9.500000e+00
      vertex   -2.950000e+01 6.500000e+00 9.500000e+00
    endloop
  endfacet
  facet normal 0.000000e+00 0.000000e+00 -1.000000e+00
    outer loop
      vertex   -2.950000e+01 6.500000e+00 9.500000e+00
      vertex   -3.795452e+01 1.008589e+01 9.500000e+00
      vertex   -3.790000e+01 1.050000e+01 9.500000e+00
    endloop
  endfacet
  facet normal 0.000000e+00 0.000000e+00 -1.000000e+00
    outer loop
      vertex   -2.950000e+01 6.500000e+00 9.500000e+00
      vertex   -3.790000e+01 1.050000e+01 9.500000e+00
      vertex   -2.950000e+01 1.450000e+01 9.500000e+00
    endloop
  endfacet
  facet normal 0.000000e+00 0.000000e+00 -1.000000e+00
    outer loop
      vertex   -2.950000e+01 1.450000e+01 9.500000e+00
      vertex   -3.790000e+01 1.050000e+01 9.500000e+00
      vertex   -3.795452e+01 1.091411e+01 9.500000e+00
    endloop
  endfacet
  facet normal 0.000000e+00 0.000000e+00 -1.000000e+00
    outer loop
      vertex   -2.950000e+01 1.450000e+01 9.500000e+00
      vertex   -3.795452e+01 1.091411e+01 9.500000e+00
      vertex   -3.811436e+01 1.130000e+01 9.500000e+00
    endloop
  endfacet
  facet normal 0.000000e+00 0.000000e+00 -1.000000e+00
    outer loop
      vertex   -3.811436e+01 1.130000e+01 9.500000e+00
      vertex   -3.836863e+01 1.163137e+01 9.500000e+00
      vertex   -2.950000e+01 1.450000e+01 9.500000e+00
    endloop
  endfacet
  facet normal 0.000000e+00 0.000000e+00 -1.000000e+00
    outer loop
      vertex   -2.950000e+01 1.450000e+01 9.500000e+00
      vertex   -3.836863e+01 1.163137e+01 9.500000e+00
      vertex   -3.870000e+01 1.188564e+01 9.500000e+00
    endloop
  endfacet
  facet normal 0.000000e+00 0.000000e+00 -1.000000e+00
    outer loop
      vertex   -2.950000e+01 1.450000e+01 9.500000e+00
      vertex   -3.870000e+01 1.188564e+01 9.500000e+00
      vertex   -3.908589e+01 1.204548e+01 9.500000e+00
    endloop
  endfacet
  facet normal -0.000000e+00 0.000000e+00 -1.000000e+00
    outer loop
      vertex   -2.950000e+01 1.450000e+01 9.500000e+00
      vertex   -3.908589e+01 1.204548e+01 9.500000e+00
      vertex   -4.450000e+01 1.450000e+01 9.500000e+00
    endloop
  endfacet
  facet normal 0.000000e+00 0.000000e+00 -1.000000e+00
    outer loop
      vertex   -4.450000e+01 1.450000e+01 9.500000e+00
      vertex   -3.908589e+01 1.204548e+01 9.500000e+00
      vertex   -3.950000e+01 1.210000e+01 9.500000e+00
    endloop
  endfacet
  facet normal 0.000000e+00 0.000000e+00 -1.000000e+00
    outer loop
      vertex   -4.450000e+01 1.450000e+01 9.500000e+00
      vertex   -3.950000e+01 1.210000e+01 9.500000e+00
      vertex   -3.991411e+01 1.204548e+01 9.500000e+00
    endloop
  endfacet
  facet normal -0.000000e+00 0.000000e+00 -1.000000e+00
    outer loop
      vertex   -3.991411e+01 1.204548e+01 9.500000e+00
      vertex   -4.030000e+01 1.188564e+01 9.500000e+00
      vertex   -4.450000e+01 1.450000e+01 9.500000e+00
    endloop
  endfacet
  facet normal 0.000000e+00 0.000000e+00 -1.000000e+00
    outer loop
      vertex   -4.450000e+01 1.450000e+01 9.500000e+00
      vertex   -4.030000e+01 1.188564e+01 9.500000e+00
      vertex   -4.063137e+01 1.163137e+01 9.500000e+00
    endloop
  endfacet
  facet normal 0.000000e+00 0.000000e+00 -1.000000e+00
    outer loop
      vertex   -4.450000e+01 1.450000e+01 9.500000e+00
      vertex   -4.063137e+01 1.163137e+01 9.500000e+00
      vertex   -4.088564e+01 1.130000e+01 9.500000e+00
    endloop
  endfacet
  facet normal -0.000000e+00 0.000000e+00 -1.000000e+00
    outer loop
      vertex   -4.088564e+01 1.130000e+01 9.500000e+00
      vertex   -4.104548e+01 1.091411e+01 9.500000e+00
      vertex   -4.450000e+01 1.450000e+01 9.500000e+00
    endloop
  endfacet
  facet normal -0.000000e+00 0.000000e+00 -1.000000e+00
    outer loop
      vertex   -1.700000e+01 6.500000e+00 9.500000e+00
      vertex   -2.453157e+01 9.591515e-01 9.500000e+00
      vertex   -2.950000e+01 6.500000e+00 9.500000e+00
    endloop
  endfacet
  facet normal 0.000000e+00 0.000000e+00 -1.000000e+00
    outer loop
      vertex   -2.950000e+01 6.500000e+00 9.500000e+00
      vertex   -2.453157e+01 9.591515e-01 9.500000e+00
      vertex   -2.575839e+01 9.970968e-01 9.500000e+00
    endloop
  endfacet
  facet normal 0.000000e+00 0.000000e+00 -1.000000e+00
    outer loop
      vertex   -2.950000e+01 6.500000e+00 9.500000e+00
      vertex   -2.575839e+01 9.970968e-01 9.500000e+00
      vertex   -2.698226e+01 9.040745e-01 9.500000e+00
    endloop
  endfacet
  facet normal 0.000000e+00 0.000000e+00 -1.000000e+00
    outer loop
      vertex   -1.700000e+01 -2.754033e+00 9.500000e+00
      vertex   -1.787397e+01 -1.892236e+00 9.500000e+00
      vertex   -1.700000e+01 6.500000e+00 9.500000e+00
    endloop
  endfacet
  facet normal 0.000000e+00 0.000000e+00 -1.000000e+00
    outer loop
      vertex   -1.700000e+01 6.500000e+00 9.500000e+00
      vertex   -1.787397e+01 -1.892236e+00 9.500000e+00
      vertex   -1.883480e+01 -1.128494e+00 9.500000e+00
    endloop
  endfacet
  facet normal 0.000000e+00 0.000000e+00 -1.000000e+00
    outer loop
      vertex   -1.700000e+01 6.500000e+00 9.500000e+00
      vertex   -1.883480e+01 -1.128494e+00 9.500000e+00
      vertex   -1.987156e+01 -4.715055e-01 9.500000e+00
    endloop
  endfacet
  facet normal 0.000000e+00 0.000000e+00 -1.000000e+00
    outer loop
      vertex   -1.987156e+01 -4.715055e-01 9.500000e+00
      vertex   -2.097244e+01 7.124454e-02 9.500000e+00
      vertex   -1.700000e+01 6.500000e+00 9.500000e+00
    endloop
  endfacet
  facet normal 0.000000e+00 0.000000e+00 -1.000000e+00
    outer loop
      vertex   -1.700000e+01 6.500000e+00 9.500000e+00
      vertex   -2.097244e+01 7.124454e-02 9.500000e+00
      vertex   -2.212489e+01 4.935735e-01 9.500000e+00
    endloop
  endfacet
  facet normal 0.000000e+00 0.000000e+00 -1.000000e+00
    outer loop
      vertex   -1.700000e+01 6.500000e+00 9.500000e+00
      vertex   -2.212489e+01 4.935735e-01 9.500000e+00
      vertex   -2.331579e+01 7.906706e-01 9.500000e+00
    endloop
  endfacet
  facet normal 0.000000e+00 0.000000e+00 -1.000000e+00
    outer loop
      vertex   -2.331579e+01 7.906706e-01 9.500000e+00
      vertex   -2.453157e+01 9.591515e-01 9.500000e+00
      vertex   -1.700000e+01 6.500000e+00 9.500000e+00
    endloop
  endfacet
  facet normal -0.000000e+00 0.000000e+00 -1.000000e+00
    outer loop
      vertex   -2.698226e+01 9.040745e-01 9.500000e+00
      vertex   -2.818924e+01 6.811441e-01 9.500000e+00
      vertex   -2.950000e+01 6.500000e+00 9.500000e+00
    endloop
  endfacet
  facet normal 0.000000e+00 0.000000e+00 -1.000000e+00
    outer loop
      vertex   -2.950000e+01 6.500000e+00 9.500000e+00
      vertex   -2.818924e+01 6.811441e-01 9.500000e+00
      vertex   -2.936559e+01 3.308451e-01 9.500000e+00
    endloop
  endfacet
  facet normal 0.000000e+00 -0.000000e+00 -1.000000e+00
    outer loop
      vertex   -2.950000e+01 6.500000e+00 9.500000e+00
      vertex   -2.936559e+01 3.308451e-01 9.500000e+00
      vertex   -3.049791e+01 -1.428321e-01 9.500000e+00
    endloop
  endfacet
  facet normal -0.000000e+00 0.000000e+00 -1.000000e+00
    outer loop
      vertex   -3.049791e+01 -1.428321e-01 9.500000e+00
      vertex   -3.157329e+01 -7.344917e-01 9.500000e+00
      vertex   -2.950000e+01 6.500000e+00 9.500000e+00
    endloop
  endfacet
  facet normal 0.000000e+00 0.000000e+00 -1.000000e+00
    outer loop
      vertex   -3.736863e+01 -2.463137e+01 9.500000e+00
      vertex   -2.698226e+01 -2.190407e+01 9.500000e+00
      vertex   -1.700000e+01 -2.850000e+01 9.500000e+00
    endloop
  endfacet
  facet normal 0.000000e+00 0.000000e+00 -1.000000e+00
    outer loop
      vertex   -1.700000e+01 -2.850000e+01 9.500000e+00
      vertex   -2.698226e+01 -2.190407e+01 9.500000e+00
      vertex   -2.575839e+01 -2.199710e+01 9.500000e+00
    endloop
  endfacet
  facet normal 0.000000e+00 0.000000e+00 -1.000000e+00
    outer loop
      vertex   -1.700000e+01 -2.850000e+01 9.500000e+00
      vertex   -2.575839e+01 -2.199710e+01 9.500000e+00
      vertex   -2.453157e+01 -2.195915e+01 9.500000e+00
    endloop
  endfacet
  facet normal 0.000000e+00 0.000000e+00 -1.000000e+00
    outer loop
      vertex   -2.453157e+01 -2.195915e+01 9.500000e+00
      vertex   -2.331579e+01 -2.179067e+01 9.500000e+00
      vertex   -1.700000e+01 -2.850000e+01 9.500000e+00
    endloop
  endfacet
  facet normal 0.000000e+00 0.000000e+00 -1.000000e+00
    outer loop
      vertex   -1.700000e+01 -2.850000e+01 9.500000e+00
      vertex   -2.331579e+01 -2.179067e+01 9.500000e+00
      vertex   -2.212489e+01 -2.149357e+01 9.500000e+00
    endloop
  endfacet
  facet normal 0.000000e+00 0.000000e+00 -1.000000e+00
    outer loop
      vertex   -1.700000e+01 -2.850000e+01 9.500000e+00
      vertex   -2.212489e+01 -2.149357e+01 9.500000e+00
      vertex   -1.700000e+01 -2.512391e+01 9.500000e+00
    endloop
  endfacet
  facet normal 0.000000e+00 0.000000e+00 -1.000000e+00
    outer loop
      vertex   -1.700000e+01 -2.512391e+01 9.500000e+00
      vertex   -2.212489e+01 -2.149357e+01 9.500000e+00
      vertex   -2.097244e+01 -2.107124e+01 9.500000e+00
    endloop
  endfacet
  facet normal 0.000000e+00 0.000000e+00 -1.000000e+00
    outer loop
      vertex   -1.700000e+01 -2.512391e+01 9.500000e+00
      vertex   -2.097244e+01 -2.107124e+01 9.500000e+00
      vertex   -1.987156e+01 -2.052849e+01 9.500000e+00
    endloop
  endfacet
  facet normal 0.000000e+00 0.000000e+00 -1.000000e+00
    outer loop
      vertex   -1.700000e+01 -2.512391e+01 9.500000e+00
      vertex   -1.987156e+01 -2.052849e+01 9.500000e+00
      vertex   -1.700000e+01 -2.187609e+01 9.500000e+00
    endloop
  endfacet
  facet normal 0.000000e+00 0.000000e+00 -1.000000e+00
    outer loop
      vertex   -1.700000e+01 -2.187609e+01 9.500000e+00
      vertex   -1.987156e+01 -2.052849e+01 9.500000e+00
      vertex   -1.883480e+01 -1.987151e+01 9.500000e+00
    endloop
  endfacet
  facet normal 0.000000e+00 0.000000e+00 -1.000000e+00
    outer loop
      vertex   -1.700000e+01 -2.187609e+01 9.500000e+00
      vertex   -1.883480e+01 -1.987151e+01 9.500000e+00
      vertex   -1.787397e+01 -1.910776e+01 9.500000e+00
    endloop
  endfacet
  facet normal 0.000000e+00 0.000000e+00 -1.000000e+00
    outer loop
      vertex   -1.787397e+01 -1.910776e+01 9.500000e+00
      vertex   -1.700000e+01 -1.824597e+01 9.500000e+00
      vertex   -1.700000e+01 -2.187609e+01 9.500000e+00
    endloop
  endfacet
  facet normal 0.000000e+00 0.000000e+00 -1.000000e+00
    outer loop
      vertex   -1.700000e+01 -2.187609e+01 9.500000e+00
      vertex   -1.631716e+01 -2.163845e+01 9.500000e+00
      vertex   -1.700000e+01 -2.512391e+01 9.500000e+00
    endloop
  endfacet
  facet normal 0.000000e+00 0.000000e+00 -1.000000e+00
    outer loop
      vertex   -1.700000e+01 -2.512391e+01 9.500000e+00
      vertex   -1.631716e+01 -2.163845e+01 9.500000e+00
      vertex   -1.631716e+01 -2.536155e+01 9.500000e+00
    endloop
  endfacet
  facet normal 0.000000e+00 0.000000e+00 -1.000000e+00
    outer loop
      vertex   -1.631716e+01 -2.536155e+01 9.500000e+00
      vertex   -1.631716e+01 -2.163845e+01 9.500000e+00
      vertex   -1.410000e+01 -2.350000e+01 9.500000e+00
    endloop
  endfacet
  facet normal 0.000000e+00 0.000000e+00 -1.000000e+00
    outer loop
      vertex   -1.631716e+01 -2.536155e+01 9.500000e+00
      vertex   -1.410000e+01 -2.350000e+01 9.500000e+00
      vertex   -1.404548e+01 -2.391411e+01 9.500000e+00
    endloop
  endfacet
  facet normal 0.000000e+00 0.000000e+00 -1.000000e+00
    outer loop
      vertex   -1.410000e+01 -2.350000e+01 9.500000e+00
      vertex   -1.631716e+01 -2.163845e+01 9.500000e+00
      vertex   -1.404548e+01 -2.308589e+01 9.500000e+00
    endloop
  endfacet
  facet normal 0.000000e+00 0.000000e+00 -1.000000e+00
    outer loop
      vertex   -1.404548e+01 -2.308589e+01 9.500000e+00
      vertex   -1.631716e+01 -2.163845e+01 9.500000e+00
      vertex   -1.568672e+01 -2.128449e+01 9.500000e+00
    endloop
  endfacet
  facet normal 0.000000e+00 0.000000e+00 -1.000000e+00
    outer loop
      vertex   -1.404548e+01 -2.308589e+01 9.500000e+00
      vertex   -1.568672e+01 -2.128449e+01 9.500000e+00
      vertex   -1.388564e+01 -2.270000e+01 9.500000e+00
    endloop
  endfacet
  facet normal 0.000000e+00 0.000000e+00 -1.000000e+00
    outer loop
      vertex   -1.388564e+01 -2.270000e+01 9.500000e+00
      vertex   -1.568672e+01 -2.128449e+01 9.500000e+00
      vertex   -1.512832e+01 -2.082522e+01 9.500000e+00
    endloop
  endfacet
  facet normal 0.000000e+00 0.000000e+00 -1.000000e+00
    outer loop
      vertex   -1.388564e+01 -2.270000e+01 9.500000e+00
      vertex   -1.512832e+01 -2.082522e+01 9.500000e+00
      vertex   -1.363137e+01 -2.236863e+01 9.500000e+00
    endloop
  endfacet
  facet normal 0.000000e+00 0.000000e+00 -1.000000e+00
    outer loop
      vertex   -1.363137e+01 -2.236863e+01 9.500000e+00
      vertex   -1.512832e+01 -2.082522e+01 9.500000e+00
      vertex   -1.458275e+01 -2.038156e+01 9.500000e+00
    endloop
  endfacet
  facet normal 0.000000e+00 0.000000e+00 -1.000000e+00
    outer loop
      vertex   -1.363137e+01 -2.236863e+01 9.500000e+00
      vertex   -1.458275e+01 -2.038156e+01 9.500000e+00
      vertex   -1.330000e+01 -2.211436e+01 9.500000e+00
    endloop
  endfacet
  facet normal 0.000000e+00 0.000000e+00 -1.000000e+00
    outer loop
      vertex   -1.330000e+01 -2.211436e+01 9.500000e+00
      vertex   -1.458275e+01 -2.038156e+01 9.500000e+00
      vertex   -1.396394e+01 -2.004755e+01 9.500000e+00
    endloop
  endfacet
  facet normal 0.000000e+00 0.000000e+00 -1.000000e+00
    outer loop
      vertex   -1.330000e+01 -2.211436e+01 9.500000e+00
      vertex   -1.396394e+01 -2.004755e+01 9.500000e+00
      vertex   -1.291411e+01 -2.195452e+01 9.500000e+00
    endloop
  endfacet
  facet normal 0.000000e+00 0.000000e+00 -1.000000e+00
    outer loop
      vertex   -1.291411e+01 -2.195452e+01 9.500000e+00
      vertex   -1.396394e+01 -2.004755e+01 9.500000e+00
      vertex   -1.329365e+01 -1.983495e+01 9.500000e+00
    endloop
  endfacet
  facet normal 0.000000e+00 0.000000e+00 -1.000000e+00
    outer loop
      vertex   -1.291411e+01 -2.195452e+01 9.500000e+00
      vertex   -1.329365e+01 -1.983495e+01 9.500000e+00
      vertex   -1.259546e+01 -1.975122e+01 9.500000e+00
    endloop
  endfacet
  facet normal 0.000000e+00 0.000000e+00 -1.000000e+00
    outer loop
      vertex   -1.291411e+01 -2.195452e+01 9.500000e+00
      vertex   -1.259546e+01 -1.975122e+01 9.500000e+00
      vertex   -1.250000e+01 -2.190000e+01 9.500000e+00
    endloop
  endfacet
  facet normal 0.000000e+00 0.000000e+00 -1.000000e+00
    outer loop
      vertex   -1.250000e+01 -2.190000e+01 9.500000e+00
      vertex   -1.259546e+01 -1.975122e+01 9.500000e+00
      vertex   -1.189391e+01 -1.979930e+01 9.500000e+00
    endloop
  endfacet
  facet normal 0.000000e+00 0.000000e+00 -1.000000e+00
    outer loop
      vertex   -1.250000e+01 -2.190000e+01 9.500000e+00
      vertex   -1.189391e+01 -1.979930e+01 9.500000e+00
      vertex   -1.208589e+01 -2.195452e+01 9.500000e+00
    endloop
  endfacet
  facet normal 0.000000e+00 0.000000e+00 -1.000000e+00
    outer loop
      vertex   -1.208589e+01 -2.195452e+01 9.500000e+00
      vertex   -1.189391e+01 -1.979930e+01 9.500000e+00
      vertex   -1.121367e+01 -1.997752e+01 9.500000e+00
    endloop
  endfacet
  facet normal 0.000000e+00 0.000000e+00 -1.000000e+00
    outer loop
      vertex   -1.208589e+01 -2.195452e+01 9.500000e+00
      vertex   -1.121367e+01 -1.997752e+01 9.500000e+00
      vertex   -1.170000e+01 -2.211436e+01 9.500000e+00
    endloop
  endfacet
  facet normal 0.000000e+00 0.000000e+00 -1.000000e+00
    outer loop
      vertex   -1.170000e+01 -2.211436e+01 9.500000e+00
      vertex   -1.121367e+01 -1.997752e+01 9.500000e+00
      vertex   -1.057867e+01 -2.027960e+01 9.500000e+00
    endloop
  endfacet
  facet normal 0.000000e+00 0.000000e+00 -1.000000e+00
    outer loop
      vertex   -1.170000e+01 -2.211436e+01 9.500000e+00
      vertex   -1.057867e+01 -2.027960e+01 9.500000e+00
      vertex   -1.136863e+01 -2.236863e+01 9.500000e+00
    endloop
  endfacet
  facet normal 0.000000e+00 0.000000e+00 -1.000000e+00
    outer loop
      vertex   -1.136863e+01 -2.236863e+01 9.500000e+00
      vertex   -1.057867e+01 -2.027960e+01 9.500000e+00
      vertex   -1.001122e+01 -2.069492e+01 9.500000e+00
    endloop
  endfacet
  facet normal 0.000000e+00 0.000000e+00 -1.000000e+00
    outer loop
      vertex   -1.136863e+01 -2.236863e+01 9.500000e+00
      vertex   -1.001122e+01 -2.069492e+01 9.500000e+00
      vertex   -1.111436e+01 -2.270000e+01 9.500000e+00
    endloop
  endfacet
  facet normal 0.000000e+00 0.000000e+00 -1.000000e+00
    outer loop
      vertex   -1.111436e+01 -2.270000e+01 9.500000e+00
      vertex   -1.001122e+01 -2.069492e+01 9.500000e+00
      vertex   -9.531290e+00 -2.120887e+01 9.500000e+00
    endloop
  endfacet
  facet normal 0.000000e+00 0.000000e+00 -1.000000e+00
    outer loop
      vertex   -1.111436e+01 -2.270000e+01 9.500000e+00
      vertex   -9.531290e+00 -2.120887e+01 9.500000e+00
      vertex   -9.155748e+00 -2.180339e+01 9.500000e+00
    endloop
  endfacet
  facet normal 0.000000e+00 0.000000e+00 -1.000000e+00
    outer loop
      vertex   -1.111436e+01 -2.270000e+01 9.500000e+00
      vertex   -9.155748e+00 -2.180339e+01 9.500000e+00
      vertex   -1.095452e+01 -2.308589e+01 9.500000e+00
    endloop
  endfacet
  facet normal 0.000000e+00 0.000000e+00 -1.000000e+00
    outer loop
      vertex   -1.095452e+01 -2.308589e+01 9.500000e+00
      vertex   -9.155748e+00 -2.180339e+01 9.500000e+00
      vertex   -8.897801e+00 -2.245757e+01 9.500000e+00
    endloop
  endfacet
  facet normal 0.000000e+00 0.000000e+00 -1.000000e+00
    outer loop
      vertex   -1.095452e+01 -2.308589e+01 9.500000e+00
      vertex   -8.897801e+00 -2.245757e+01 9.500000e+00
      vertex   -8.766519e+00 -2.314840e+01 9.500000e+00
    endloop
  endfacet
  facet normal 0.000000e+00 0.000000e+00 -1.000000e+00
    outer loop
      vertex   -1.095452e+01 -2.308589e+01 9.500000e+00
      vertex   -8.766519e+00 -2.314840e+01 9.500000e+00
      vertex   -1.090000e+01 -2.350000e+01 9.500000e+00
    endloop
  endfacet
  facet normal 0.000000e+00 0.000000e+00 -1.000000e+00
    outer loop
      vertex   -1.090000e+01 -2.350000e+01 9.500000e+00
      vertex   -8.766519e+00 -2.314840e+01 9.500000e+00
      vertex   -8.766519e+00 -2.385160e+01 9.500000e+00
    endloop
  endfacet
  facet normal 0.000000e+00 -0.000000e+00 -1.000000e+00
    outer loop
      vertex   -1.090000e+01 -2.350000e+01 9.500000e+00
      vertex   -8.766519e+00 -2.385160e+01 9.500000e+00
      vertex   -1.095452e+01 -2.391411e+01 9.500000e+00
    endloop
  endfacet
  facet normal 0.000000e+00 0.000000e+00 -1.000000e+00
    outer loop
      vertex   -1.095452e+01 -2.391411e+01 9.500000e+00
      vertex   -8.766519e+00 -2.385160e+01 9.500000e+00
      vertex   -8.897801e+00 -2.454243e+01 9.500000e+00
    endloop
  endfacet
  facet normal 0.000000e+00 0.000000e+00 -1.000000e+00
    outer loop
      vertex   -1.095452e+01 -2.391411e+01 9.500000e+00
      vertex   -8.897801e+00 -2.454243e+01 9.500000e+00
      vertex   -9.155748e+00 -2.519661e+01 9.500000e+00
    endloop
  endfacet
  facet normal 0.000000e+00 -0.000000e+00 -1.000000e+00
    outer loop
      vertex   -1.095452e+01 -2.391411e+01 9.500000e+00
      vertex   -9.155748e+00 -2.519661e+01 9.500000e+00
      vertex   -1.111436e+01 -2.430000e+01 9.500000e+00
    endloop
  endfacet
  facet normal 0.000000e+00 0.000000e+00 -1.000000e+00
    outer loop
      vertex   -1.111436e+01 -2.430000e+01 9.500000e+00
      vertex   -9.155748e+00 -2.519661e+01 9.500000e+00
      vertex   -9.531290e+00 -2.579113e+01 9.500000e+00
    endloop
  endfacet
  facet normal 0.000000e+00 0.000000e+00 -1.000000e+00
    outer loop
      vertex   -1.111436e+01 -2.430000e+01 9.500000e+00
      vertex   -9.531290e+00 -2.579113e+01 9.500000e+00
      vertex   -1.001122e+01 -2.630508e+01 9.500000e+00
    endloop
  endfacet
  facet normal 0.000000e+00 -0.000000e+00 -1.000000e+00
    outer loop
      vertex   -1.111436e+01 -2.430000e+01 9.500000e+00
      vertex   -1.001122e+01 -2.630508e+01 9.500000e+00
      vertex   -1.136863e+01 -2.463137e+01 9.500000e+00
    endloop
  endfacet
  facet normal 0.000000e+00 0.000000e+00 -1.000000e+00
    outer loop
      vertex   -1.136863e+01 -2.463137e+01 9.500000e+00
      vertex   -1.001122e+01 -2.630508e+01 9.500000e+00
      vertex   -1.057867e+01 -2.672040e+01 9.500000e+00
    endloop
  endfacet
  facet normal 0.000000e+00 -0.000000e+00 -1.000000e+00
    outer loop
      vertex   -1.136863e+01 -2.463137e+01 9.500000e+00
      vertex   -1.057867e+01 -2.672040e+01 9.500000e+00
      vertex   -1.170000e+01 -2.488564e+01 9.500000e+00
    endloop
  endfacet
  facet normal 0.000000e+00 0.000000e+00 -1.000000e+00
    outer loop
      vertex   -1.170000e+01 -2.488564e+01 9.500000e+00
      vertex   -1.057867e+01 -2.672040e+01 9.500000e+00
      vertex   -1.121367e+01 -2.702248e+01 9.500000e+00
    endloop
  endfacet
  facet normal 0.000000e+00 -0.000000e+00 -1.000000e+00
    outer loop
      vertex   -1.170000e+01 -2.488564e+01 9.500000e+00
      vertex   -1.121367e+01 -2.702248e+01 9.500000e+00
      vertex   -1.208589e+01 -2.504548e+01 9.500000e+00
    endloop
  endfacet
  facet normal 0.000000e+00 0.000000e+00 -1.000000e+00
    outer loop
      vertex   -1.208589e+01 -2.504548e+01 9.500000e+00
      vertex   -1.121367e+01 -2.702248e+01 9.500000e+00
      vertex   -1.189391e+01 -2.720070e+01 9.500000e+00
    endloop
  endfacet
  facet normal 0.000000e+00 -0.000000e+00 -1.000000e+00
    outer loop
      vertex   -1.208589e+01 -2.504548e+01 9.500000e+00
      vertex   -1.189391e+01 -2.720070e+01 9.500000e+00
      vertex   -1.250000e+01 -2.510000e+01 9.500000e+00
    endloop
  endfacet
  facet normal 0.000000e+00 -0.000000e+00 -1.000000e+00
    outer loop
      vertex   -1.250000e+01 -2.510000e+01 9.500000e+00
      vertex   -1.189391e+01 -2.720070e+01 9.500000e+00
      vertex   -1.259546e+01 -2.724878e+01 9.500000e+00
    endloop
  endfacet
  facet normal -0.000000e+00 0.000000e+00 -1.000000e+00
    outer loop
      vertex   -1.250000e+01 -2.510000e+01 9.500000e+00
      vertex   -1.259546e+01 -2.724878e+01 9.500000e+00
      vertex   -1.291411e+01 -2.504548e+01 9.500000e+00
    endloop
  endfacet
  facet normal 0.000000e+00 -0.000000e+00 -1.000000e+00
    outer loop
      vertex   -1.291411e+01 -2.504548e+01 9.500000e+00
      vertex   -1.259546e+01 -2.724878e+01 9.500000e+00
      vertex   -1.329365e+01 -2.716505e+01 9.500000e+00
    endloop
  endfacet
  facet normal 0.000000e+00 0.000000e+00 -1.000000e+00
    outer loop
      vertex   -1.291411e+01 -2.504548e+01 9.500000e+00
      vertex   -1.329365e+01 -2.716505e+01 9.500000e+00
      vertex   -1.396394e+01 -2.695245e+01 9.500000e+00
    endloop
  endfacet
  facet normal -0.000000e+00 0.000000e+00 -1.000000e+00
    outer loop
      vertex   -1.291411e+01 -2.504548e+01 9.500000e+00
      vertex   -1.396394e+01 -2.695245e+01 9.500000e+00
      vertex   -1.330000e+01 -2.488564e+01 9.500000e+00
    endloop
  endfacet
  facet normal 0.000000e+00 0.000000e+00 -1.000000e+00
    outer loop
      vertex   -1.330000e+01 -2.488564e+01 9.500000e+00
      vertex   -1.396394e+01 -2.695245e+01 9.500000e+00
      vertex   -1.458275e+01 -2.661844e+01 9.500000e+00
    endloop
  endfacet
  facet normal -0.000000e+00 0.000000e+00 -1.000000e+00
    outer loop
      vertex   -1.330000e+01 -2.488564e+01 9.500000e+00
      vertex   -1.458275e+01 -2.661844e+01 9.500000e+00
      vertex   -1.363137e+01 -2.463137e+01 9.500000e+00
    endloop
  endfacet
  facet normal 0.000000e+00 0.000000e+00 -1.000000e+00
    outer loop
      vertex   -1.363137e+01 -2.463137e+01 9.500000e+00
      vertex   -1.458275e+01 -2.661844e+01 9.500000e+00
      vertex   -1.512832e+01 -2.617478e+01 9.500000e+00
    endloop
  endfacet
  facet normal -0.000000e+00 0.000000e+00 -1.000000e+00
    outer loop
      vertex   -1.363137e+01 -2.463137e+01 9.500000e+00
      vertex   -1.512832e+01 -2.617478e+01 9.500000e+00
      vertex   -1.388564e+01 -2.430000e+01 9.500000e+00
    endloop
  endfacet
  facet normal 0.000000e+00 0.000000e+00 -1.000000e+00
    outer loop
      vertex   -1.388564e+01 -2.430000e+01 9.500000e+00
      vertex   -1.512832e+01 -2.617478e+01 9.500000e+00
      vertex   -1.568672e+01 -2.571551e+01 9.500000e+00
    endloop
  endfacet
  facet normal -0.000000e+00 0.000000e+00 -1.000000e+00
    outer loop
      vertex   -1.388564e+01 -2.430000e+01 9.500000e+00
      vertex   -1.568672e+01 -2.571551e+01 9.500000e+00
      vertex   -1.404548e+01 -2.391411e+01 9.500000e+00
    endloop
  endfacet
  facet normal 0.000000e+00 0.000000e+00 -1.000000e+00
    outer loop
      vertex   -1.404548e+01 -2.391411e+01 9.500000e+00
      vertex   -1.568672e+01 -2.571551e+01 9.500000e+00
      vertex   -1.631716e+01 -2.536155e+01 9.500000e+00
    endloop
  endfacet
  facet normal 0.000000e+00 0.000000e+00 -1.000000e+00
    outer loop
      vertex   -4.450000e+01 -2.850000e+01 9.500000e+00
      vertex   -3.808589e+01 -2.504548e+01 9.500000e+00
      vertex   -1.700000e+01 -2.850000e+01 9.500000e+00
    endloop
  endfacet
  facet normal 0.000000e+00 0.000000e+00 -1.000000e+00
    outer loop
      vertex   -1.700000e+01 -2.850000e+01 9.500000e+00
      vertex   -3.808589e+01 -2.504548e+01 9.500000e+00
      vertex   -3.770000e+01 -2.488564e+01 9.500000e+00
    endloop
  endfacet
  facet normal 0.000000e+00 0.000000e+00 -1.000000e+00
    outer loop
      vertex   -1.700000e+01 -2.850000e+01 9.500000e+00
      vertex   -3.770000e+01 -2.488564e+01 9.500000e+00
      vertex   -3.736863e+01 -2.463137e+01 9.500000e+00
    endloop
  endfacet
  facet normal -0.000000e+00 0.000000e+00 -1.000000e+00
    outer loop
      vertex   -3.988564e+01 1.700000e+00 9.500000e+00
      vertex   -4.450000e+01 -2.850000e+01 9.500000e+00
      vertex   -4.004548e+01 2.085890e+00 9.500000e+00
    endloop
  endfacet
  facet normal -0.000000e+00 0.000000e+00 -1.000000e+00
    outer loop
      vertex   -4.004548e+01 2.085890e+00 9.500000e+00
      vertex   -4.450000e+01 -2.850000e+01 9.500000e+00
      vertex   -4.450000e+01 1.450000e+01 9.500000e+00
    endloop
  endfacet
  facet normal 0.000000e+00 0.000000e+00 -1.000000e+00
    outer loop
      vertex   -4.004548e+01 2.085890e+00 9.500000e+00
      vertex   -4.450000e+01 1.450000e+01 9.500000e+00
      vertex   -4.010000e+01 2.500000e+00 9.500000e+00
    endloop
  endfacet
  facet normal 0.000000e+00 0.000000e+00 -1.000000e+00
    outer loop
      vertex   -4.010000e+01 2.500000e+00 9.500000e+00
      vertex   -4.450000e+01 1.450000e+01 9.500000e+00
      vertex   -4.004548e+01 2.914110e+00 9.500000e+00
    endloop
  endfacet
  facet normal 0.000000e+00 0.000000e+00 -1.000000e+00
    outer loop
      vertex   -4.004548e+01 -2.308589e+01 9.500000e+00
      vertex   -4.010000e+01 -2.350000e+01 9.500000e+00
      vertex   -4.450000e+01 -2.850000e+01 9.500000e+00
    endloop
  endfacet
  facet normal 0.000000e+00 0.000000e+00 -1.000000e+00
    outer loop
      vertex   -4.450000e+01 -2.850000e+01 9.500000e+00
      vertex   -4.010000e+01 -2.350000e+01 9.500000e+00
      vertex   -4.004548e+01 -2.391411e+01 9.500000e+00
    endloop
  endfacet
  facet normal 0.000000e+00 0.000000e+00 -1.000000e+00
    outer loop
      vertex   -4.450000e+01 -2.850000e+01 9.500000e+00
      vertex   -4.004548e+01 -2.391411e+01 9.500000e+00
      vertex   -3.988564e+01 -2.430000e+01 9.500000e+00
    endloop
  endfacet
  facet normal 0.000000e+00 -0.000000e+00 -1.000000e+00
    outer loop
      vertex   -3.988564e+01 -2.430000e+01 9.500000e+00
      vertex   -3.963137e+01 -2.463137e+01 9.500000e+00
      vertex   -4.450000e+01 -2.850000e+01 9.500000e+00
    endloop
  endfacet
  facet normal 0.000000e+00 0.000000e+00 -1.000000e+00
    outer loop
      vertex   -4.450000e+01 -2.850000e+01 9.500000e+00
      vertex   -3.963137e+01 -2.463137e+01 9.500000e+00
      vertex   -3.930000e+01 -2.488564e+01 9.500000e+00
    endloop
  endfacet
  facet normal 0.000000e+00 0.000000e+00 -1.000000e+00
    outer loop
      vertex   -4.450000e+01 -2.850000e+01 9.500000e+00
      vertex   -3.930000e+01 -2.488564e+01 9.500000e+00
      vertex   -3.891411e+01 -2.504548e+01 9.500000e+00
    endloop
  endfacet
  facet normal 0.000000e+00 -0.000000e+00 -1.000000e+00
    outer loop
      vertex   -3.891411e+01 -2.504548e+01 9.500000e+00
      vertex   -3.850000e+01 -2.510000e+01 9.500000e+00
      vertex   -4.450000e+01 -2.850000e+01 9.500000e+00
    endloop
  endfacet
  facet normal 0.000000e+00 0.000000e+00 -1.000000e+00
    outer loop
      vertex   -4.450000e+01 -2.850000e+01 9.500000e+00
      vertex   -3.850000e+01 -2.510000e+01 9.500000e+00
      vertex   -3.808589e+01 -2.504548e+01 9.500000e+00
    endloop
  endfacet
  facet normal 0.000000e+00 0.000000e+00 -1.000000e+00
    outer loop
      vertex   -3.988564e+01 -2.270000e+01 9.500000e+00
      vertex   -4.004548e+01 -2.308589e+01 9.500000e+00
      vertex   -4.450000e+01 -2.850000e+01 9.500000e+00
    endloop
  endfacet
  facet normal -3.024474e-01 9.531661e-01 -9.139800e-16
    outer loop
      vertex   1.700000e+01 -2.512391e+01 -2.001743e+01
      vertex   1.700000e+01 -2.512391e+01 -2.489811e+01
      vertex   1.652618e+01 -2.527426e+01 -1.993063e+01
    endloop
  endfacet
  facet normal -3.088067e-01 9.511246e-01 -6.683720e-04
    outer loop
      vertex   1.652618e+01 -2.527426e+01 -1.993063e+01
      vertex   1.700000e+01 -2.512391e+01 -2.489811e+01
      vertex   1.647550e+01 -2.529418e+01 -2.487211e+01
    endloop
  endfacet
  facet normal -4.155236e-01 9.095822e-01 5.936315e-04
    outer loop
      vertex   1.652618e+01 -2.527426e+01 -1.993063e+01
      vertex   1.647550e+01 -2.529418e+01 -2.487211e+01
      vertex   1.607405e+01 -2.548088e+01 -1.981134e+01
    endloop
  endfacet
  facet normal -4.350806e-01 9.003906e-01 -1.296817e-03
    outer loop
      vertex   1.607405e+01 -2.548088e+01 -1.981134e+01
      vertex   1.647550e+01 -2.529418e+01 -2.487211e+01
      vertex   1.597970e+01 -2.553370e+01 -2.483034e+01
    endloop
  endfacet
  facet normal -5.225219e-01 8.526255e-01 8.495319e-04
    outer loop
      vertex   1.607405e+01 -2.548088e+01 -1.981134e+01
      vertex   1.597970e+01 -2.553370e+01 -2.483034e+01
      vertex   1.565027e+01 -2.574073e+01 -1.966131e+01
    endloop
  endfacet
  facet normal -5.499774e-01 8.351780e-01 -1.599092e-03
    outer loop
      vertex   1.565027e+01 -2.574073e+01 -1.966131e+01
      vertex   1.597970e+01 -2.553370e+01 -2.483034e+01
      vertex   1.552652e+01 -2.583201e+01 -2.476995e+01
    endloop
  endfacet
  facet normal -6.218315e-01 7.831503e-01 1.071138e-03
    outer loop
      vertex   1.565027e+01 -2.574073e+01 -1.966131e+01
      vertex   1.552652e+01 -2.583201e+01 -2.476995e+01
      vertex   1.526108e+01 -2.605000e+01 -1.948275e+01
    endloop
  endfacet
  facet normal -6.525637e-01 7.577324e-01 -1.519678e-03
    outer loop
      vertex   1.526108e+01 -2.605000e+01 -1.948275e+01
      vertex   1.552652e+01 -2.583201e+01 -2.476995e+01
      vertex   1.512832e+01 -2.617478e+01 -2.468894e+01
    endloop
  endfacet
  facet normal -6.848526e-01 7.286816e-01 0.000000e+00
    outer loop
      vertex   1.526108e+01 -2.605000e+01 -1.948275e+01
      vertex   1.512832e+01 -2.617478e+01 -2.468894e+01
      vertex   1.512832e+01 -2.617478e+01 -1.940872e+01
    endloop
  endfacet
  facet normal -6.521201e-01 -7.581157e-01 -0.000000e+00
    outer loop
      vertex   1.512832e+01 -2.082522e+01 -1.998806e+01
      vertex   1.512832e+01 -2.082522e+01 -2.500000e+01
      vertex   1.553965e+01 -2.117904e+01 -2.019234e+01
    endloop
  endfacet
  facet normal -6.352162e-01 -7.723303e-01 -2.492364e-03
    outer loop
      vertex   1.553965e+01 -2.117904e+01 -2.019234e+01
      vertex   1.512832e+01 -2.082522e+01 -2.500000e+01
      vertex   1.568672e+01 -2.128449e+01 -2.500000e+01
    endloop
  endfacet
  facet normal -5.457856e-01 -8.379232e-01 1.682205e-03
    outer loop
      vertex   1.553965e+01 -2.117904e+01 -2.019234e+01
      vertex   1.568672e+01 -2.128449e+01 -2.500000e+01
      vertex   1.599412e+01 -2.147541e+01 -2.036345e+01
    endloop
  endfacet
  facet normal -4.895683e-01 -8.719581e-01 -3.446341e-03
    outer loop
      vertex   1.599412e+01 -2.147541e+01 -2.036345e+01
      vertex   1.568672e+01 -2.128449e+01 -2.500000e+01
      vertex   1.631716e+01 -2.163845e+01 -2.500000e+01
    endloop
  endfacet
  facet normal -4.303678e-01 -9.026519e-01 1.757707e-03
    outer loop
      vertex   1.599412e+01 -2.147541e+01 -2.036345e+01
      vertex   1.631716e+01 -2.163845e+01 -2.500000e+01
      vertex   1.648376e+01 -2.170912e+01 -2.049839e+01
    endloop
  endfacet
  facet normal -3.286782e-01 -9.444382e-01 -2.661807e-03
    outer loop
      vertex   1.648376e+01 -2.170912e+01 -2.049839e+01
      vertex   1.631716e+01 -2.163845e+01 -2.500000e+01
      vertex   1.700000e+01 -2.187609e+01 -2.500000e+01
    endloop
  endfacet
  facet normal -3.077414e-01 -9.514701e-01 0.000000e+00
    outer loop
      vertex   1.648376e+01 -2.170912e+01 -2.049839e+01
      vertex   1.700000e+01 -2.187609e+01 -2.500000e+01
      vertex   1.700000e+01 -2.187609e+01 -2.059479e+01
    endloop
  endfacet
  facet normal -3.086095e-01 -9.511888e-01 -1.908732e-16
    outer loop
      vertex   1.700000e+01 -2.187609e+01 -8.204432e+00
      vertex   1.700000e+01 -2.187609e+01 9.500000e+00
      vertex   1.647772e+01 -2.170664e+01 -8.238659e+00
    endloop
  endfacet
  facet normal -3.411827e-01 -9.399964e-01 1.065965e-03
    outer loop
      vertex   1.647772e+01 -2.170664e+01 -8.238659e+00
      vertex   1.700000e+01 -2.187609e+01 9.500000e+00
      vertex   1.631716e+01 -2.163845e+01 4.995762e-01
    endloop
  endfacet
  facet normal -4.328340e-01 -9.014732e-01 -9.187231e-04
    outer loop
      vertex   1.647772e+01 -2.170664e+01 -8.238659e+00
      vertex   1.631716e+01 -2.163845e+01 4.995762e-01
      vertex   1.598368e+01 -2.146937e+01 -8.295165e+00
    endloop
  endfacet
  facet normal -4.895704e-01 -8.719619e-01 1.799998e-03
    outer loop
      vertex   1.598368e+01 -2.146937e+01 -8.295165e+00
      vertex   1.631716e+01 -2.163845e+01 4.995762e-01
      vertex   1.568672e+01 -2.128449e+01 4.995762e-01
    endloop
  endfacet
  facet normal -5.489861e-01 -8.358309e-01 -9.657173e-04
    outer loop
      vertex   1.598368e+01 -2.146937e+01 -8.295165e+00
      vertex   1.568672e+01 -2.128449e+01 4.995762e-01
      vertex   1.553025e+01 -2.117145e+01 -8.380554e+00
    endloop
  endfacet
  facet normal -6.529817e-01 -7.573714e-01 1.865519e-03
    outer loop
      vertex   1.553025e+01 -2.117145e+01 -8.380554e+00
      vertex   1.568672e+01 -2.128449e+01 4.995762e-01
      vertex   1.512832e+01 -2.082522e+01 -8.500848e+00
    endloop
  endfacet
  facet normal -6.352182e-01 -7.723327e-01 0.000000e+00
    outer loop
      vertex   1.512832e+01 -2.082522e+01 -8.500848e+00
      vertex   1.568672e+01 -2.128449e+01 4.995762e-01
      vertex   1.512832e+01 -2.082522e+01 9.500000e+00
    endloop
  endfacet
  facet normal -6.352182e-01 -7.723327e-01 -6.056640e-16
    outer loop
      vertex   1.512832e+01 -2.082522e+01 9.500000e+00
      vertex   1.568672e+01 -2.128449e+01 4.995762e-01
      vertex   1.568672e+01 -2.128449e+01 9.500000e+00
    endloop
  endfacet
  facet normal -4.895712e-01 -8.719633e-01 -6.883756e-16
    outer loop
      vertex   1.568672e+01 -2.128449e+01 9.500000e+00
      vertex   1.568672e+01 -2.128449e+01 4.995762e-01
      vertex   1.631716e+01 -2.163845e+01 9.500000e+00
    endloop
  endfacet
  facet normal -4.895712e-01 -8.719633e-01 3.441878e-16
    outer loop
      vertex   1.631716e+01 -2.163845e+01 9.500000e+00
      vertex   1.568672e+01 -2.128449e+01 4.995762e-01
      vertex   1.631716e+01 -2.163845e+01 4.995762e-01
    endloop
  endfacet
  facet normal -3.286794e-01 -9.444416e-01 3.727969e-16
    outer loop
      vertex   1.631716e+01 -2.163845e+01 9.500000e+00
      vertex   1.631716e+01 -2.163845e+01 4.995762e-01
      vertex   1.700000e+01 -2.187609e+01 9.500000e+00
    endloop
  endfacet
  facet normal -6.653546e-01 7.465275e-01 0.000000e+00
    outer loop
      vertex   1.512832e+01 -2.617478e+01 -1.940872e+01
      vertex   1.512832e+01 -2.617478e+01 -2.468894e+01
      vertex   1.486255e+01 -2.641165e+01 -1.925629e+01
    endloop
  endfacet
  facet normal -6.480259e-01 7.616168e-01 1.505638e-03
    outer loop
      vertex   1.486255e+01 -2.641165e+01 -1.925629e+01
      vertex   1.512832e+01 -2.617478e+01 -2.468894e+01
      vertex   1.472931e+01 -2.651446e+01 -2.459562e+01
    endloop
  endfacet
  facet normal -5.910996e-01 8.065982e-01 -7.810335e-04
    outer loop
      vertex   1.486255e+01 -2.641165e+01 -1.925629e+01
      vertex   1.472931e+01 -2.651446e+01 -2.459562e+01
      vertex   1.456746e+01 -2.662775e+01 -1.910327e+01
    endloop
  endfacet
  facet normal -5.354699e-01 8.445527e-01 1.641209e-03
    outer loop
      vertex   1.456746e+01 -2.662775e+01 -1.910327e+01
      vertex   1.472931e+01 -2.651446e+01 -2.459562e+01
      vertex   1.427417e+01 -2.680321e+01 -2.450624e+01
    endloop
  endfacet
  facet normal -5.101857e-01 8.600643e-01 -2.350151e-04
    outer loop
      vertex   1.456746e+01 -2.662775e+01 -1.910327e+01
      vertex   1.427417e+01 -2.680321e+01 -2.450624e+01
      vertex   1.424667e+01 -2.681800e+01 -1.895705e+01
    endloop
  endfacet
  facet normal -4.212772e-01 9.069319e-01 3.305548e-04
    outer loop
      vertex   1.424667e+01 -2.681800e+01 -1.895705e+01
      vertex   1.427417e+01 -2.680321e+01 -2.450624e+01
      vertex   1.390380e+01 -2.697732e+01 -1.882505e+01
    endloop
  endfacet
  facet normal -4.082030e-01 9.128902e-01 1.365504e-03
    outer loop
      vertex   1.390380e+01 -2.697732e+01 -1.882505e+01
      vertex   1.427417e+01 -2.680321e+01 -2.450624e+01
      vertex   1.377635e+01 -2.702592e+01 -2.443076e+01
    endloop
  endfacet
  facet normal -3.254778e-01 9.455494e-01 -7.985126e-04
    outer loop
      vertex   1.390380e+01 -2.697732e+01 -1.882505e+01
      vertex   1.377635e+01 -2.702592e+01 -2.443076e+01
      vertex   1.354250e+01 -2.710159e+01 -1.871568e+01
    endloop
  endfacet
  facet normal -2.695071e-01 9.629969e-01 1.722640e-03
    outer loop
      vertex   1.354250e+01 -2.710159e+01 -1.871568e+01
      vertex   1.377635e+01 -2.702592e+01 -2.443076e+01
      vertex   1.325162e+01 -2.717287e+01 -2.437789e+01
    endloop
  endfacet
  facet normal -2.279461e-01 9.736736e-01 -5.468681e-04
    outer loop
      vertex   1.354250e+01 -2.710159e+01 -1.871568e+01
      vertex   1.325162e+01 -2.717287e+01 -2.437789e+01
      vertex   1.316836e+01 -2.718914e+01 -1.863486e+01
    endloop
  endfacet
  facet normal -1.312565e-01 9.913480e-01 9.049390e-04
    outer loop
      vertex   1.316836e+01 -2.718914e+01 -1.863486e+01
      vertex   1.325162e+01 -2.717287e+01 -2.437789e+01
      vertex   1.272020e+01 -2.724325e+01 -2.435130e+01
    endloop
  endfacet
  facet normal -1.288211e-01 9.916676e-01 7.109865e-04
    outer loop
      vertex   1.316836e+01 -2.718914e+01 -1.863486e+01
      vertex   1.272020e+01 -2.724325e+01 -2.435130e+01
      vertex   1.278758e+01 -2.723864e+01 -1.858713e+01
    endloop
  endfacet
  facet normal -2.659184e-02 9.996463e-01 -4.903056e-04
    outer loop
      vertex   1.278758e+01 -2.723864e+01 -1.858713e+01
      vertex   1.272020e+01 -2.724325e+01 -2.435130e+01
      vertex   1.240610e+01 -2.724878e+01 -1.857702e+01
    endloop
  endfacet
  facet normal 1.164999e-02 9.999309e-01 1.590201e-03
    outer loop
      vertex   1.240610e+01 -2.724878e+01 -1.857702e+01
      vertex   1.272020e+01 -2.724325e+01 -2.435130e+01
      vertex   1.219515e+01 -2.723713e+01 -2.435367e+01
    endloop
  endfacet
  facet normal 7.762365e-02 9.969824e-01 -8.248989e-04
    outer loop
      vertex   1.240610e+01 -2.724878e+01 -1.857702e+01
      vertex   1.219515e+01 -2.723713e+01 -2.435367e+01
      vertex   1.202432e+01 -2.721908e+01 -1.860623e+01
    endloop
  endfacet
  facet normal 1.534775e-01 9.881511e-01 1.457497e-03
    outer loop
      vertex   1.202432e+01 -2.721908e+01 -1.860623e+01
      vertex   1.219515e+01 -2.723713e+01 -2.435367e+01
      vertex   1.166342e+01 -2.715450e+01 -2.438466e+01
    endloop
  endfacet
  facet normal 1.779863e-01 9.840330e-01 -1.192654e-04
    outer loop
      vertex   1.202432e+01 -2.721908e+01 -1.860623e+01
      vertex   1.166342e+01 -2.715450e+01 -2.438466e+01
      vertex   1.164603e+01 -2.715066e+01 -1.867084e+01
    endloop
  endfacet
  facet normal 2.758805e-01 9.611919e-01 1.939102e-04
    outer loop
      vertex   1.164603e+01 -2.715066e+01 -1.867084e+01
      vertex   1.166342e+01 -2.715450e+01 -2.438466e+01
      vertex   1.127744e+01 -2.704485e+01 -1.876630e+01
    endloop
  endfacet
  facet normal 2.917219e-01 9.565022e-01 1.373707e-03
    outer loop
      vertex   1.127744e+01 -2.704485e+01 -1.876630e+01
      vertex   1.166342e+01 -2.715450e+01 -2.438466e+01
      vertex   1.114168e+01 -2.699529e+01 -2.444147e+01
    endloop
  endfacet
  facet normal 3.733696e-01 9.276823e-01 -8.311847e-04
    outer loop
      vertex   1.127744e+01 -2.704485e+01 -1.876630e+01
      vertex   1.114168e+01 -2.699529e+01 -2.444147e+01
      vertex   1.092469e+01 -2.690298e+01 -1.888785e+01
    endloop
  endfacet
  facet normal 4.297907e-01 9.029268e-01 1.784808e-03
    outer loop
      vertex   1.092469e+01 -2.690298e+01 -1.888785e+01
      vertex   1.114168e+01 -2.699529e+01 -2.444147e+01
      vertex   1.064980e+01 -2.676101e+01 -2.451987e+01
    endloop
  endfacet
  facet normal 4.664027e-01 8.845724e-01 -4.648156e-04
    outer loop
      vertex   1.092469e+01 -2.690298e+01 -1.888785e+01
      vertex   1.064980e+01 -2.676101e+01 -2.451987e+01
      vertex   1.059225e+01 -2.672778e+01 -1.902779e+01
    endloop
  endfacet
  facet normal 5.505591e-01 8.347959e-01 7.181907e-04
    outer loop
      vertex   1.059225e+01 -2.672778e+01 -1.902779e+01
      vertex   1.064980e+01 -2.676101e+01 -2.451987e+01
      vertex   1.028368e+01 -2.652414e+01 -1.917828e+01
    endloop
  endfacet
  facet normal 5.544800e-01 8.321963e-01 1.102217e-03
    outer loop
      vertex   1.028368e+01 -2.652414e+01 -1.917828e+01
      vertex   1.064980e+01 -2.676101e+01 -2.451987e+01
      vertex   1.020278e+01 -2.646305e+01 -2.461054e+01
    endloop
  endfacet
  facet normal 6.284190e-01 7.778748e-01 -6.098492e-04
    outer loop
      vertex   1.028368e+01 -2.652414e+01 -1.917828e+01
      vertex   1.020278e+01 -2.646305e+01 -2.461054e+01
      vertex   1.000259e+01 -2.629717e+01 -1.933194e+01
    endloop
  endfacet
  facet normal 6.648449e-01 7.469794e-01 1.742482e-03
    outer loop
      vertex   1.000259e+01 -2.629717e+01 -1.933194e+01
      vertex   1.020278e+01 -2.646305e+01 -2.461054e+01
      vertex   9.813757e+00 -2.611658e+01 -2.470361e+01
    endloop
  endfacet
  facet normal 7.002389e-01 7.139083e-01 -6.135687e-04
    outer loop
      vertex   1.000259e+01 -2.629717e+01 -1.933194e+01
      vertex   9.813757e+00 -2.611658e+01 -2.470361e+01
      vertex   9.750455e+00 -2.605000e+01 -1.948275e+01
    endloop
  endfacet
  facet normal 7.643821e-01 6.447627e-01 1.045930e-03
    outer loop
      vertex   9.750455e+00 -2.605000e+01 -1.948275e+01
      vertex   9.813757e+00 -2.611658e+01 -2.470361e+01
      vertex   9.475404e+00 -2.571530e+01 -2.479457e+01
    endloop
  endfacet
  facet normal 7.694293e-01 6.387318e-01 4.045771e-04
    outer loop
      vertex   9.750455e+00 -2.605000e+01 -1.948275e+01
      vertex   9.475404e+00 -2.571530e+01 -2.479457e+01
      vertex   9.486721e+00 -2.573218e+01 -1.966625e+01
    endloop
  endfacet
  facet normal 8.351081e-01 5.500858e-01 -3.215145e-05
    outer loop
      vertex   9.486721e+00 -2.573218e+01 -1.966625e+01
      vertex   9.475404e+00 -2.571530e+01 -2.479457e+01
      vertex   9.259535e+00 -2.538730e+01 -1.986537e+01
    endloop
  endfacet
  facet normal 8.466894e-01 5.320848e-01 1.672895e-03
    outer loop
      vertex   9.259535e+00 -2.538730e+01 -1.986537e+01
      vertex   9.475404e+00 -2.571530e+01 -2.479457e+01
      vertex   9.188125e+00 -2.525790e+01 -2.487775e+01
    endloop
  endfacet
  facet normal 8.907498e-01 4.544931e-01 -9.577914e-04
    outer loop
      vertex   9.259535e+00 -2.538730e+01 -1.986537e+01
      vertex   9.188125e+00 -2.525790e+01 -2.487775e+01
      vertex   9.071652e+00 -2.501952e+01 -2.007771e+01
    endloop
  endfacet
  facet normal 9.147347e-01 4.040493e-01 2.129433e-03
    outer loop
      vertex   9.071652e+00 -2.501952e+01 -2.007771e+01
      vertex   9.188125e+00 -2.525790e+01 -2.487775e+01
      vertex   8.967443e+00 -2.475795e+01 -2.494379e+01
    endloop
  endfacet
  facet normal 9.353456e-01 3.537337e-01 -1.016550e-03
    outer loop
      vertex   9.071652e+00 -2.501952e+01 -2.007771e+01
      vertex   8.967443e+00 -2.475795e+01 -2.494379e+01
      vertex   8.925351e+00 -2.463331e+01 -2.030068e+01
    endloop
  endfacet
  facet normal 9.641249e-01 2.654440e-01 1.614500e-03
    outer loop
      vertex   8.925351e+00 -2.463331e+01 -2.030068e+01
      vertex   8.967443e+00 -2.475795e+01 -2.494379e+01
      vertex   8.822645e+00 -2.423177e+01 -2.498553e+01
    endloop
  endfacet
  facet normal 9.684155e-01 2.493419e-01 1.403417e-04
    outer loop
      vertex   8.925351e+00 -2.463331e+01 -2.030068e+01
      vertex   8.822645e+00 -2.423177e+01 -2.498553e+01
      vertex   8.822406e+00 -2.423335e+01 -2.053160e+01
    endloop
  endfacet
  facet normal 9.899640e-01 1.413197e-01 1.032162e-04
    outer loop
      vertex   8.822406e+00 -2.423335e+01 -2.053160e+01
      vertex   8.822645e+00 -2.423177e+01 -2.498553e+01
      vertex   8.764067e+00 -2.382450e+01 -2.076765e+01
    endloop
  endfacet
  facet normal 9.920777e-01 1.256152e-01 1.648967e-03
    outer loop
      vertex   8.764067e+00 -2.382450e+01 -2.076765e+01
      vertex   8.822645e+00 -2.423177e+01 -2.498553e+01
      vertex   8.755337e+00 -2.370000e+01 -2.500000e+01
    endloop
  endfacet
  facet normal 9.995225e-01 3.087817e-02 -1.153222e-03
    outer loop
      vertex   8.764067e+00 -2.382450e+01 -2.076765e+01
      vertex   8.755337e+00 -2.370000e+01 -2.500000e+01
      vertex   8.751039e+00 -2.341172e+01 -2.100597e+01
    endloop
  endfacet
  facet normal 9.992328e-01 -3.896936e-02 3.887987e-03
    outer loop
      vertex   8.751039e+00 -2.341172e+01 -2.100597e+01
      vertex   8.755337e+00 -2.370000e+01 -2.500000e+01
      vertex   8.782287e+00 -2.300897e+01 -2.500000e+01
    endloop
  endfacet
  facet normal 9.969037e-01 -7.863155e-02 -1.296147e-04
    outer loop
      vertex   8.751039e+00 -2.341172e+01 -2.100597e+01
      vertex   8.782287e+00 -2.300897e+01 -2.500000e+01
      vertex   8.783483e+00 -2.300000e+01 -2.124367e+01
    endloop
  endfacet
  facet normal 9.794379e-01 -2.017458e-01 1.700296e-04
    outer loop
      vertex   8.783483e+00 -2.300000e+01 -2.124367e+01
      vertex   8.782287e+00 -2.300897e+01 -2.500000e+01
      vertex   8.888226e+00 -2.249124e+01 -2.094994e+01
    endloop
  endfacet
  facet normal 9.750892e-01 -2.217950e-01 2.846721e-03
    outer loop
      vertex   8.888226e+00 -2.249124e+01 -2.094994e+01
      vertex   8.782287e+00 -2.300897e+01 -2.500000e+01
      vertex   8.935670e+00 -2.233464e+01 -2.500000e+01
    endloop
  endfacet
  facet normal 9.425369e-01 -3.340969e-01 -1.876882e-03
    outer loop
      vertex   8.888226e+00 -2.249124e+01 -2.094994e+01
      vertex   8.935670e+00 -2.233464e+01 -2.500000e+01
      vertex   9.062265e+00 -2.200184e+01 -2.066739e+01
    endloop
  endfacet
  facet normal 9.177781e-01 -3.970765e-01 3.684212e-03
    outer loop
      vertex   9.062265e+00 -2.200184e+01 -2.066739e+01
      vertex   8.935670e+00 -2.233464e+01 -2.500000e+01
      vertex   9.210271e+00 -2.169995e+01 -2.500000e+01
    endloop
  endfacet
  facet normal 8.872897e-01 -4.612090e-01 -1.826021e-03
    outer loop
      vertex   9.062265e+00 -2.200184e+01 -2.066739e+01
      vertex   9.210271e+00 -2.169995e+01 -2.500000e+01
      vertex   9.302260e+00 -2.154118e+01 -2.040143e+01
    endloop
  endfacet
  facet normal 8.292600e-01 -5.588564e-01 2.706023e-03
    outer loop
      vertex   9.302260e+00 -2.154118e+01 -2.040143e+01
      vertex   9.210271e+00 -2.169995e+01 -2.500000e+01
      vertex   9.596751e+00 -2.112647e+01 -2.500000e+01
    endloop
  endfacet
  facet normal 8.145482e-01 -5.800959e-01 -1.515734e-04
    outer loop
      vertex   9.302260e+00 -2.154118e+01 -2.040143e+01
      vertex   9.596751e+00 -2.112647e+01 -2.500000e+01
      vertex   9.603607e+00 -2.111811e+01 -2.015716e+01
    endloop
  endfacet
  facet normal 7.264814e-01 -6.871861e-01 1.579841e-04
    outer loop
      vertex   9.603607e+00 -2.111811e+01 -2.015716e+01
      vertex   9.596751e+00 -2.112647e+01 -2.500000e+01
      vertex   9.960524e+00 -2.074073e+01 -1.993928e+01
    endloop
  endfacet
  facet normal 7.125380e-01 -7.016299e-01 2.261201e-03
    outer loop
      vertex   9.960524e+00 -2.074073e+01 -1.993928e+01
      vertex   9.596751e+00 -2.112647e+01 -2.500000e+01
      vertex   1.008197e+01 -2.063371e+01 -2.500000e+01
    endloop
  endfacet
  facet normal 6.250320e-01 -7.805977e-01 -1.508639e-03
    outer loop
      vertex   9.960524e+00 -2.074073e+01 -1.993928e+01
      vertex   1.008197e+01 -2.063371e+01 -2.500000e+01
      vertex   1.036616e+01 -2.041629e+01 -1.975197e+01
    endloop
  endfacet
  facet normal 5.715814e-01 -8.205397e-01 3.040612e-03
    outer loop
      vertex   1.036616e+01 -2.041629e+01 -1.975197e+01
      vertex   1.008197e+01 -2.063371e+01 -2.500000e+01
      vertex   1.064942e+01 -2.023843e+01 -2.500000e+01
    endloop
  endfacet
  facet normal 5.110962e-01 -8.595221e-01 -1.545120e-03
    outer loop
      vertex   1.036616e+01 -2.041629e+01 -1.975197e+01
      vertex   1.064942e+01 -2.023843e+01 -2.500000e+01
      vertex   1.081274e+01 -2.015102e+01 -1.959881e+01
    endloop
  endfacet
  facet normal 4.111885e-01 -9.115474e-01 2.317977e-03
    outer loop
      vertex   1.081274e+01 -2.015102e+01 -1.959881e+01
      vertex   1.064942e+01 -2.023843e+01 -2.500000e+01
      vertex   1.127980e+01 -1.995407e+01 -2.500000e+01
    endloop
  endfacet
  facet normal 3.870357e-01 -9.220647e-01 -1.540878e-04
    outer loop
      vertex   1.081274e+01 -2.015102e+01 -1.959881e+01
      vertex   1.127980e+01 -1.995407e+01 -2.500000e+01
      vertex   1.129170e+01 -1.995000e+01 -1.948275e+01
    endloop
  endfacet
  facet normal 2.421358e-01 -9.702423e-01 1.938659e-04
    outer loop
      vertex   1.129170e+01 -1.995000e+01 -1.948275e+01
      vertex   1.127980e+01 -1.995407e+01 -2.500000e+01
      vertex   1.189282e+01 -1.979996e+01 -1.939355e+01
    endloop
  endfacet
  facet normal 2.368111e-01 -9.715554e-01 8.121702e-04
    outer loop
      vertex   1.189282e+01 -1.979996e+01 -1.939355e+01
      vertex   1.127980e+01 -1.995407e+01 -2.500000e+01
      vertex   1.195168e+01 -1.979030e+01 -2.500000e+01
    endloop
  endfacet
  facet normal 8.205512e-02 -9.966274e-01 -8.557527e-04
    outer loop
      vertex   1.189282e+01 -1.979996e+01 -1.939355e+01
      vertex   1.195168e+01 -1.979030e+01 -2.500000e+01
      vertex   1.250000e+01 -1.975000e+01 -1.936212e+01
    endloop
  endfacet
  facet normal 5.437912e-02 -9.985186e-01 1.849427e-03
    outer loop
      vertex   1.250000e+01 -1.975000e+01 -1.936212e+01
      vertex   1.195168e+01 -1.979030e+01 -2.500000e+01
      vertex   1.264221e+01 -1.975270e+01 -2.500000e+01
    endloop
  endfacet
  facet normal -8.209300e-02 -9.966234e-01 -1.593889e-03
    outer loop
      vertex   1.250000e+01 -1.975000e+01 -1.936212e+01
      vertex   1.264221e+01 -1.975270e+01 -2.500000e+01
      vertex   1.310718e+01 -1.979996e+01 -1.939355e+01
    endloop
  endfacet
  facet normal -1.299018e-01 -9.915239e-01 2.414087e-03
    outer loop
      vertex   1.310718e+01 -1.979996e+01 -1.939355e+01
      vertex   1.264221e+01 -1.975270e+01 -2.500000e+01
      vertex   1.332790e+01 -1.984253e+01 -2.500000e+01
    endloop
  endfacet
  facet normal -2.424668e-01 -9.701572e-01 -2.179839e-03
    outer loop
      vertex   1.310718e+01 -1.979996e+01 -1.939355e+01
      vertex   1.332790e+01 -1.984253e+01 -2.500000e+01
      vertex   1.370830e+01 -1.995000e+01 -1.948275e+01
    endloop
  endfacet
  facet normal -3.097645e-01 -9.508091e-01 2.837042e-03
    outer loop
      vertex   1.370830e+01 -1.995000e+01 -1.948275e+01
      vertex   1.332790e+01 -1.984253e+01 -2.500000e+01
      vertex   1.398544e+01 -2.005675e+01 -2.500000e+01
    endloop
  endfacet
  facet normal -3.749408e-01 -9.270483e-01 -8.965671e-04
    outer loop
      vertex   1.370830e+01 -1.995000e+01 -1.948275e+01
      vertex   1.398544e+01 -2.005675e+01 -2.500000e+01
      vertex   1.409799e+01 -2.010752e+01 -1.957370e+01
    endloop
  endfacet
  facet normal -4.757621e-01 -8.795725e-01 1.638696e-03
    outer loop
      vertex   1.409799e+01 -2.010752e+01 -1.957370e+01
      vertex   1.398544e+01 -2.005675e+01 -2.500000e+01
      vertex   1.446759e+01 -2.030765e+01 -1.968925e+01
    endloop
  endfacet
  facet normal -4.790937e-01 -8.777614e-01 2.026722e-03
    outer loop
      vertex   1.446759e+01 -2.030765e+01 -1.968925e+01
      vertex   1.398544e+01 -2.005675e+01 -2.500000e+01
      vertex   1.459246e+01 -2.038807e+01 -2.500000e+01
    endloop
  endfacet
  facet normal -5.718517e-01 -8.203564e-01 -1.023469e-03
    outer loop
      vertex   1.446759e+01 -2.030765e+01 -1.968925e+01
      vertex   1.459246e+01 -2.038807e+01 -2.500000e+01
      vertex   1.481248e+01 -2.054789e+01 -1.982795e+01
    endloop
  endfacet
  facet normal -6.321275e-01 -7.748588e-01 2.946625e-03
    outer loop
      vertex   1.481248e+01 -2.054789e+01 -1.982795e+01
      vertex   1.459246e+01 -2.038807e+01 -2.500000e+01
      vertex   1.512832e+01 -2.082522e+01 -2.500000e+01
    endloop
  endfacet
  facet normal -6.598103e-01 -7.514322e-01 0.000000e+00
    outer loop
      vertex   1.481248e+01 -2.054789e+01 -1.982795e+01
      vertex   1.512832e+01 -2.082522e+01 -2.500000e+01
      vertex   1.512832e+01 -2.082522e+01 -1.998806e+01
    endloop
  endfacet
  facet normal 3.264387e-01 9.452182e-01 -6.332548e-04
    outer loop
      vertex   1.150795e+01 -2.711629e+01 -4.990204e+00
      vertex   1.109340e+01 -2.697619e+01 -9.573981e+00
      vertex   1.105000e+01 -2.695832e+01 -5.282755e+00
    endloop
  endfacet
  facet normal 4.423204e-01 8.968568e-01 7.399266e-04
    outer loop
      vertex   1.105000e+01 -2.695832e+01 -5.282755e+00
      vertex   1.109340e+01 -2.697619e+01 -9.573981e+00
      vertex   1.060689e+01 -2.673640e+01 -9.378861e+00
    endloop
  endfacet
  facet normal 4.535807e-01 8.912149e-01 -7.838689e-04
    outer loop
      vertex   1.105000e+01 -2.695832e+01 -5.282755e+00
      vertex   1.060689e+01 -2.673640e+01 -9.378861e+00
      vertex   1.055998e+01 -2.670918e+01 -5.565666e+00
    endloop
  endfacet
  facet normal 5.648926e-01 8.251637e-01 1.056878e-03
    outer loop
      vertex   1.055998e+01 -2.670918e+01 -5.565666e+00
      vertex   1.060689e+01 -2.673640e+01 -9.378861e+00
      vertex   1.016948e+01 -2.643724e+01 -9.161161e+00
    endloop
  endfacet
  facet normal 5.791482e-01 8.152213e-01 -1.243377e-03
    outer loop
      vertex   1.055998e+01 -2.670918e+01 -5.565666e+00
      vertex   1.016948e+01 -2.643724e+01 -9.161161e+00
      vertex   1.011166e+01 -2.639107e+01 -5.824508e+00
    endloop
  endfacet
  facet normal 6.733634e-01 7.393102e-01 1.439707e-03
    outer loop
      vertex   1.011166e+01 -2.639107e+01 -5.824508e+00
      vertex   1.016948e+01 -2.643724e+01 -9.161161e+00
      vertex   9.791104e+00 -2.609304e+01 -8.942380e+00
    endloop
  endfacet
  facet normal 6.923494e-01 7.215590e-01 -2.209059e-03
    outer loop
      vertex   1.011166e+01 -2.639107e+01 -5.824508e+00
      vertex   9.791104e+00 -2.609304e+01 -8.942380e+00
      vertex   9.714651e+00 -2.601084e+01 -6.053719e+00
    endloop
  endfacet
  facet normal 7.702179e-01 6.377769e-01 2.236009e-03
    outer loop
      vertex   9.714651e+00 -2.601084e+01 -6.053719e+00
      vertex   9.791104e+00 -2.609304e+01 -8.942380e+00
      vertex   9.458138e+00 -2.569169e+01 -8.726575e+00
    endloop
  endfacet
  facet normal 7.904238e-01 6.125544e-01 -2.714839e-03
    outer loop
      vertex   9.714651e+00 -2.601084e+01 -6.053719e+00
      vertex   9.458138e+00 -2.569169e+01 -8.726575e+00
      vertex   9.377501e+00 -2.557666e+01 -6.248373e+00
    endloop
  endfacet
  facet normal 8.515034e-01 5.243383e-01 3.367451e-03
    outer loop
      vertex   9.377501e+00 -2.557666e+01 -6.248373e+00
      vertex   9.458138e+00 -2.569169e+01 -8.726575e+00
      vertex   9.174410e+00 -2.523223e+01 -8.523333e+00
    endloop
  endfacet
  facet normal 8.715062e-01 4.903716e-01 -3.560710e-03
    outer loop
      vertex   9.377501e+00 -2.557666e+01 -6.248373e+00
      vertex   9.174410e+00 -2.523223e+01 -8.523333e+00
      vertex   9.107450e+00 -2.509784e+01 -6.404287e+00
    endloop
  endfacet
  facet normal 9.189802e-01 3.942830e-01 4.033353e-03
    outer loop
      vertex   9.107450e+00 -2.509784e+01 -6.404287e+00
      vertex   9.174410e+00 -2.523223e+01 -8.523333e+00
      vertex   8.956350e+00 -2.472577e+01 -8.349538e+00
    endloop
  endfacet
  facet normal 9.337725e-01 3.578437e-01 -4.085571e-03
    outer loop
      vertex   9.107450e+00 -2.509784e+01 -6.404287e+00
      vertex   8.956350e+00 -2.472577e+01 -8.349538e+00
      vertex   8.910301e+00 -2.458470e+01 -6.518110e+00
    endloop
  endfacet
  facet normal 9.673034e-01 2.535769e-01 4.788921e-03
    outer loop
      vertex   8.910301e+00 -2.458470e+01 -6.518110e+00
      vertex   8.956350e+00 -2.472577e+01 -8.349538e+00
      vertex   8.814560e+00 -2.418738e+01 -8.217627e+00
    endloop
  endfacet
  facet normal 9.759827e-01 2.178103e-01 -4.061562e-03
    outer loop
      vertex   8.910301e+00 -2.458470e+01 -6.518110e+00
      vertex   8.814560e+00 -2.418738e+01 -8.217627e+00
      vertex   8.790292e+00 -2.404824e+01 -6.587398e+00
    endloop
  endfacet
  facet normal 9.937962e-01 1.110896e-01 5.312413e-03
    outer loop
      vertex   8.790292e+00 -2.404824e+01 -6.587398e+00
      vertex   8.814560e+00 -2.418738e+01 -8.217627e+00
      vertex   8.752631e+00 -2.363739e+01 -8.133497e+00
    endloop
  endfacet
  facet normal 9.973135e-01 7.308914e-02 -4.871144e-03
    outer loop
      vertex   8.790292e+00 -2.404824e+01 -6.587398e+00
      vertex   8.752631e+00 -2.363739e+01 -8.133497e+00
      vertex   8.750000e+00 -2.350000e+01 -6.610661e+00
    endloop
  endfacet
  facet normal 9.992464e-01 -3.846640e-02 5.196891e-03
    outer loop
      vertex   8.750000e+00 -2.350000e+01 -6.610661e+00
      vertex   8.752631e+00 -2.363739e+01 -8.133497e+00
      vertex   8.773707e+00 -2.308554e+01 -8.101233e+00
    endloop
  endfacet
  facet normal 9.973141e-01 -7.310638e-02 -4.465735e-03
    outer loop
      vertex   8.750000e+00 -2.350000e+01 -6.610661e+00
      vertex   8.773707e+00 -2.308554e+01 -8.101233e+00
      vertex   8.790292e+00 -2.295176e+01 -6.587398e+00
    endloop
  endfacet
  facet normal 9.826339e-01 -1.854696e-01 5.624360e-03
    outer loop
      vertex   8.790292e+00 -2.295176e+01 -6.587398e+00
      vertex   8.773707e+00 -2.308554e+01 -8.101233e+00
      vertex   8.879066e+00 -2.252787e+01 -8.119036e+00
    endloop
  endfacet
  facet normal 9.759747e-01 -2.178522e-01 -3.723634e-03
    outer loop
      vertex   8.790292e+00 -2.295176e+01 -6.587398e+00
      vertex   8.879066e+00 -2.252787e+01 -8.119036e+00
      vertex   8.910301e+00 -2.241530e+01 -6.518110e+00
    endloop
  endfacet
  facet normal 9.438392e-01 -3.303700e-01 4.815051e-03
    outer loop
      vertex   8.910301e+00 -2.241530e+01 -6.518110e+00
      vertex   8.879066e+00 -2.252787e+01 -8.119036e+00
      vertex   9.068362e+00 -2.198803e+01 -8.184548e+00
    endloop
  endfacet
  facet normal 9.337122e-01 -3.580098e-01 -3.232406e-03
    outer loop
      vertex   8.910301e+00 -2.241530e+01 -6.518110e+00
      vertex   9.068362e+00 -2.198803e+01 -8.184548e+00
      vertex   9.107450e+00 -2.190216e+01 -6.404287e+00
    endloop
  endfacet
  facet normal 8.815461e-01 -4.720855e-01 3.415369e-03
    outer loop
      vertex   9.107450e+00 -2.190216e+01 -6.404287e+00
      vertex   9.068362e+00 -2.198803e+01 -8.184548e+00
      vertex   9.336451e+00 -2.148818e+01 -8.290789e+00
    endloop
  endfacet
  facet normal 8.712834e-01 -4.907764e-01 -1.931943e-03
    outer loop
      vertex   9.107450e+00 -2.190216e+01 -6.404287e+00
      vertex   9.336451e+00 -2.148818e+01 -8.290789e+00
      vertex   9.377501e+00 -2.142334e+01 -6.248373e+00
    endloop
  endfacet
  facet normal 8.029848e-01 -5.959930e-01 2.780882e-03
    outer loop
      vertex   9.377501e+00 -2.142334e+01 -6.248373e+00
      vertex   9.336451e+00 -2.148818e+01 -8.290789e+00
      vertex   9.666371e+00 -2.104429e+01 -8.422173e+00
    endloop
  endfacet
  facet normal 7.902364e-01 -6.127993e-01 -1.843786e-03
    outer loop
      vertex   9.377501e+00 -2.142334e+01 -6.248373e+00
      vertex   9.666371e+00 -2.104429e+01 -8.422173e+00
      vertex   9.714651e+00 -2.098916e+01 -6.053719e+00
    endloop
  endfacet
  facet normal 7.073643e-01 -7.068463e-01 2.034801e-03
    outer loop
      vertex   9.714651e+00 -2.098916e+01 -6.053719e+00
      vertex   9.666371e+00 -2.104429e+01 -8.422173e+00
      vertex   1.004512e+01 -2.066568e+01 -8.564517e+00
    endloop
  endfacet
  facet normal 6.922459e-01 -7.216593e-01 -1.863471e-03
    outer loop
      vertex   9.714651e+00 -2.098916e+01 -6.053719e+00
      vertex   1.004512e+01 -2.066568e+01 -8.564517e+00
      vertex   1.011166e+01 -2.060893e+01 -5.824508e+00
    endloop
  endfacet
  facet normal 5.972924e-01 -8.020208e-01 2.106964e-03
    outer loop
      vertex   1.011166e+01 -2.060893e+01 -5.824508e+00
      vertex   1.004512e+01 -2.066568e+01 -8.564517e+00
      vertex   1.048634e+01 -2.033747e+01 -8.712178e+00
    endloop
  endfacet
  facet normal 5.792354e-01 -8.151590e-01 -1.471017e-03
    outer loop
      vertex   1.011166e+01 -2.060893e+01 -5.824508e+00
      vertex   1.048634e+01 -2.033747e+01 -8.712178e+00
      vertex   1.055998e+01 -2.029082e+01 -5.565666e+00
    endloop
  endfacet
  facet normal 4.740791e-01 -8.804801e-01 1.958714e-03
    outer loop
      vertex   1.055998e+01 -2.029082e+01 -5.565666e+00
      vertex   1.048634e+01 -2.033747e+01 -8.712178e+00
      vertex   1.098082e+01 -2.007153e+01 -8.848933e+00
    endloop
  endfacet
  facet normal 4.538373e-01 -8.910835e-01 -1.344031e-03
    outer loop
      vertex   1.055998e+01 -2.029082e+01 -5.565666e+00
      vertex   1.098082e+01 -2.007153e+01 -8.848933e+00
      vertex   1.105000e+01 -2.004168e+01 -5.282755e+00
    endloop
  endfacet
  facet normal 3.339633e-01 -9.425850e-01 1.412365e-03
    outer loop
      vertex   1.105000e+01 -2.004168e+01 -5.282755e+00
      vertex   1.098082e+01 -2.007153e+01 -8.848933e+00
      vertex   1.151459e+01 -1.988257e+01 -8.956293e+00
    endloop
  endfacet
  facet normal 3.259211e-01 -9.453969e-01 2.734908e-04
    outer loop
      vertex   1.105000e+01 -2.004168e+01 -5.282755e+00
      vertex   1.151459e+01 -1.988257e+01 -8.956293e+00
      vertex   1.150795e+01 -1.988371e+01 -4.990204e+00
    endloop
  endfacet
  facet normal 2.065952e-01 -9.784265e-01 6.438498e-05
    outer loop
      vertex   1.150795e+01 -1.988371e+01 -4.990204e+00
      vertex   1.151459e+01 -1.988257e+01 -8.956293e+00
      vertex   1.194397e+01 -1.979163e+01 -4.653138e+00
    endloop
  endfacet
  facet normal 1.898810e-01 -9.818055e-01 1.803582e-03
    outer loop
      vertex   1.194397e+01 -1.979163e+01 -4.653138e+00
      vertex   1.151459e+01 -1.988257e+01 -8.956293e+00
      vertex   1.206825e+01 -1.977562e+01 -9.021414e+00
    endloop
  endfacet
  facet normal 9.754344e-02 -9.952309e-01 -8.728024e-04
    outer loop
      vertex   1.194397e+01 -1.979163e+01 -4.653138e+00
      vertex   1.206825e+01 -1.977562e+01 -9.021414e+00
      vertex   1.233351e+01 -1.975376e+01 -4.292834e+00
    endloop
  endfacet
  facet normal 4.271189e-02 -9.990850e-01 2.220812e-03
    outer loop
      vertex   1.233351e+01 -1.975376e+01 -4.292834e+00
      vertex   1.206825e+01 -1.977562e+01 -9.021414e+00
      vertex   1.262068e+01 -1.975203e+01 -9.036541e+00
    endloop
  endfacet
  facet normal -3.571961e-03 -9.999935e-01 -5.814378e-04
    outer loop
      vertex   1.233351e+01 -1.975376e+01 -4.292834e+00
      vertex   1.262068e+01 -1.975203e+01 -9.036541e+00
      vertex   1.269093e+01 -1.975527e+01 -3.897748e+00
    endloop
  endfacet
  facet normal -9.582330e-02 -9.953981e-01 6.826220e-04
    outer loop
      vertex   1.269093e+01 -1.975527e+01 -3.897748e+00
      vertex   1.262068e+01 -1.975203e+01 -9.036541e+00
      vertex   1.301676e+01 -1.978634e+01 -3.467785e+00
    endloop
  endfacet
  facet normal -1.081805e-01 -9.941300e-01 1.569339e-03
    outer loop
      vertex   1.301676e+01 -1.978634e+01 -3.467785e+00
      vertex   1.262068e+01 -1.975203e+01 -9.036541e+00
      vertex   1.317584e+01 -1.981238e+01 -8.998528e+00
    endloop
  endfacet
  facet normal -1.751364e-01 -9.845441e-01 -4.017333e-04
    outer loop
      vertex   1.301676e+01 -1.978634e+01 -3.467785e+00
      vertex   1.317584e+01 -1.981238e+01 -8.998528e+00
      vertex   1.330624e+01 -1.983802e+01 -3.007404e+00
    endloop
  endfacet
  facet normal -2.530572e-01 -9.674504e-01 1.367325e-03
    outer loop
      vertex   1.330624e+01 -1.983802e+01 -3.007404e+00
      vertex   1.317584e+01 -1.981238e+01 -8.998528e+00
      vertex   1.372349e+01 -1.995551e+01 -8.913893e+00
    endloop
  endfacet
  facet normal -2.500270e-01 -9.682375e-01 1.597045e-03
    outer loop
      vertex   1.330624e+01 -1.983802e+01 -3.007404e+00
      vertex   1.372349e+01 -1.995551e+01 -8.913893e+00
      vertex   1.355463e+01 -1.990137e+01 -2.521063e+00
    endloop
  endfacet
  facet normal -3.052797e-01 -9.522627e-01 2.336038e-06
    outer loop
      vertex   1.355463e+01 -1.990137e+01 -2.521063e+00
      vertex   1.372349e+01 -1.995551e+01 -8.913893e+00
      vertex   1.375761e+01 -1.996644e+01 -2.013276e+00
    endloop
  endfacet
  facet normal -3.503904e-01 -9.366037e-01 2.502109e-04
    outer loop
      vertex   1.375761e+01 -1.996644e+01 -2.013276e+00
      vertex   1.372349e+01 -1.995551e+01 -8.913893e+00
      vertex   1.391375e+01 -2.002471e+01 -1.489998e+00
    endloop
  endfacet
  facet normal -3.969577e-01 -9.178355e-01 1.618578e-03
    outer loop
      vertex   1.391375e+01 -2.002471e+01 -1.489998e+00
      vertex   1.372349e+01 -1.995551e+01 -8.913893e+00
      vertex   1.424198e+01 -2.017954e+01 -8.791379e+00
    endloop
  endfacet
  facet normal -3.977211e-01 -9.175050e-01 1.577253e-03
    outer loop
      vertex   1.391375e+01 -2.002471e+01 -1.489998e+00
      vertex   1.424198e+01 -2.017954e+01 -8.791379e+00
      vertex   1.402284e+01 -2.007108e+01 -9.581657e-01
    endloop
  endfacet
  facet normal -4.324359e-01 -9.016646e-01 3.867406e-04
    outer loop
      vertex   1.402284e+01 -2.007108e+01 -9.581657e-01
      vertex   1.424198e+01 -2.017954e+01 -8.791379e+00
      vertex   1.408468e+01 -2.010051e+01 -4.247270e-01
    endloop
  endfacet
  facet normal -4.633308e-01 -8.861853e-01 -3.403238e-04
    outer loop
      vertex   1.408468e+01 -2.010051e+01 -4.247270e-01
      vertex   1.424198e+01 -2.017954e+01 -8.791379e+00
      vertex   1.437500e+01 -2.025240e+01 -1.589903e-01
    endloop
  endfacet
  facet normal -4.636706e-01 -8.860077e-01 1.324970e-04
    outer loop
      vertex   1.408468e+01 -2.010051e+01 -4.247270e-01
      vertex   1.437500e+01 -2.025240e+01 -1.589903e-01
      vertex   1.409907e+01 -2.010797e+01 1.037957e-01
    endloop
  endfacet
  facet normal -4.645069e-01 -8.855689e-01 -9.867925e-04
    outer loop
      vertex   1.409907e+01 -2.010797e+01 1.037957e-01
      vertex   1.437500e+01 -2.025240e+01 -1.589903e-01
      vertex   1.396394e+01 -2.004755e+01 9.500000e+00
    endloop
  endfacet
  facet normal -4.625900e-01 -8.865718e-01 -9.527745e-04
    outer loop
      vertex   1.409907e+01 -2.010797e+01 1.037957e-01
      vertex   1.396394e+01 -2.004755e+01 9.500000e+00
      vertex   1.406594e+01 -2.009125e+01 6.348295e-01
    endloop
  endfacet
  facet normal -4.166927e-01 -9.090473e-01 -3.138765e-04
    outer loop
      vertex   1.406594e+01 -2.009125e+01 6.348295e-01
      vertex   1.396394e+01 -2.004755e+01 9.500000e+00
      vertex   1.398545e+01 -2.005454e+01 1.168464e+00
    endloop
  endfacet
  facet normal -3.758453e-01 -9.266824e-01 -1.936319e-04
    outer loop
      vertex   1.398545e+01 -2.005454e+01 1.168464e+00
      vertex   1.396394e+01 -2.004755e+01 9.500000e+00
      vertex   1.385779e+01 -2.000287e+01 1.697753e+00
    endloop
  endfacet
  facet normal -3.347594e-01 -9.423033e-01 -8.420817e-04
    outer loop
      vertex   1.385779e+01 -2.000287e+01 1.697753e+00
      vertex   1.396394e+01 -2.004755e+01 9.500000e+00
      vertex   1.368315e+01 -1.994129e+01 2.215749e+00
    endloop
  endfacet
  facet normal -3.023432e-01 -9.531965e-01 -2.250534e-03
    outer loop
      vertex   1.368315e+01 -1.994129e+01 2.215749e+00
      vertex   1.396394e+01 -2.004755e+01 9.500000e+00
      vertex   1.329365e+01 -1.983495e+01 9.500000e+00
    endloop
  endfacet
  facet normal -2.876543e-01 -9.577333e-01 -1.398861e-03
    outer loop
      vertex   1.368315e+01 -1.994129e+01 2.215749e+00
      vertex   1.329365e+01 -1.983495e+01 9.500000e+00
      vertex   1.346189e+01 -1.987557e+01 2.715660e+00
    endloop
  endfacet
  facet normal -2.193524e-01 -9.756456e-01 4.021369e-04
    outer loop
      vertex   1.346189e+01 -1.987557e+01 2.715660e+00
      vertex   1.329365e+01 -1.983495e+01 9.500000e+00
      vertex   1.319673e+01 -1.981576e+01 3.192296e+00
    endloop
  endfacet
  facet normal -1.461584e-01 -9.892609e-01 -7.639984e-04
    outer loop
      vertex   1.319673e+01 -1.981576e+01 3.192296e+00
      vertex   1.329365e+01 -1.983495e+01 9.500000e+00
      vertex   1.289235e+01 -1.977113e+01 3.641215e+00
    endloop
  endfacet
  facet normal -1.190724e-01 -9.928820e-01 -2.658723e-03
    outer loop
      vertex   1.289235e+01 -1.977113e+01 3.641215e+00
      vertex   1.329365e+01 -1.983495e+01 9.500000e+00
      vertex   1.259546e+01 -1.975122e+01 9.500000e+00
    endloop
  endfacet
  facet normal -5.989575e-02 -9.982046e-01 3.580955e-04
    outer loop
      vertex   1.289235e+01 -1.977113e+01 3.641215e+00
      vertex   1.259546e+01 -1.975122e+01 9.500000e+00
      vertex   1.255350e+01 -1.975065e+01 4.057957e+00
    endloop
  endfacet
  facet normal 3.382570e-02 -9.994277e-01 -3.647175e-04
    outer loop
      vertex   1.255350e+01 -1.975065e+01 4.057957e+00
      vertex   1.259546e+01 -1.975122e+01 9.500000e+00
      vertex   1.218491e+01 -1.976326e+01 4.438065e+00
    endloop
  endfacet
  facet normal 6.838492e-02 -9.976540e-01 -3.171851e-03
    outer loop
      vertex   1.218491e+01 -1.976326e+01 4.438065e+00
      vertex   1.259546e+01 -1.975122e+01 9.500000e+00
      vertex   1.189391e+01 -1.979930e+01 9.500000e+00
    endloop
  endfacet
  facet normal 1.401887e-01 -9.901243e-01 1.009653e-03
    outer loop
      vertex   1.218491e+01 -1.976326e+01 4.438065e+00
      vertex   1.189391e+01 -1.979930e+01 9.500000e+00
      vertex   1.177658e+01 -1.982072e+01 4.789791e+00
    endloop
  endfacet
  facet normal 2.513611e-01 -9.678916e-01 -1.860696e-03
    outer loop
      vertex   1.177658e+01 -1.982072e+01 4.789791e+00
      vertex   1.189391e+01 -1.979930e+01 9.500000e+00
      vertex   1.132824e+01 -1.993777e+01 5.112027e+00
    endloop
  endfacet
  facet normal 2.534381e-01 -9.673492e-01 -2.145577e-03
    outer loop
      vertex   1.132824e+01 -1.993777e+01 5.112027e+00
      vertex   1.189391e+01 -1.979930e+01 9.500000e+00
      vertex   1.121367e+01 -1.997752e+01 9.500000e+00
    endloop
  endfacet
  facet normal 3.760699e-01 -9.265902e-01 1.425424e-03
    outer loop
      vertex   1.132824e+01 -1.993777e+01 5.112027e+00
      vertex   1.121367e+01 -1.997752e+01 9.500000e+00
      vertex   1.087071e+01 -2.012305e+01 5.381949e+00
    endloop
  endfacet
  facet normal 4.295772e-01 -9.030219e-01 -3.863729e-03
    outer loop
      vertex   1.087071e+01 -2.012305e+01 5.381949e+00
      vertex   1.121367e+01 -1.997752e+01 9.500000e+00
      vertex   1.057867e+01 -2.027960e+01 9.500000e+00
    endloop
  endfacet
  facet normal 4.929833e-01 -8.700367e-01 1.886799e-03
    outer loop
      vertex   1.087071e+01 -2.012305e+01 5.381949e+00
      vertex   1.057867e+01 -2.027960e+01 9.500000e+00
      vertex   1.043837e+01 -2.036757e+01 5.591446e+00
    endloop
  endfacet
  facet normal 5.906139e-01 -8.069486e-01 -3.037509e-03
    outer loop
      vertex   1.043837e+01 -2.036757e+01 5.591446e+00
      vertex   1.057867e+01 -2.027960e+01 9.500000e+00
      vertex   1.001122e+01 -2.069492e+01 9.500000e+00
    endloop
  endfacet
  facet normal 6.048128e-01 -7.963674e-01 -5.995776e-04
    outer loop
      vertex   1.043837e+01 -2.036757e+01 5.591446e+00
      vertex   1.001122e+01 -2.069492e+01 9.500000e+00
      vertex   1.003602e+01 -2.067326e+01 5.750112e+00
    endloop
  endfacet
  facet normal 7.079828e-01 -7.062294e-01 6.031550e-04
    outer loop
      vertex   1.003602e+01 -2.067326e+01 5.750112e+00
      vertex   1.001122e+01 -2.069492e+01 9.500000e+00
      vertex   9.667182e+00 -2.104291e+01 5.867749e+00
    endloop
  endfacet
  facet normal 7.308794e-01 -6.824958e-01 -3.839421e-03
    outer loop
      vertex   9.667182e+00 -2.104291e+01 5.867749e+00
      vertex   1.001122e+01 -2.069492e+01 9.500000e+00
      vertex   9.531290e+00 -2.120887e+01 9.500000e+00
    endloop
  endfacet
  facet normal 8.003106e-01 -5.995802e-01 2.546621e-03
    outer loop
      vertex   9.667182e+00 -2.104291e+01 5.867749e+00
      vertex   9.531290e+00 -2.120887e+01 9.500000e+00
      vertex   9.347625e+00 -2.146911e+01 5.949277e+00
    endloop
  endfacet
  facet normal 8.454438e-01 -5.340447e-01 -4.591055e-03
    outer loop
      vertex   9.347625e+00 -2.146911e+01 5.949277e+00
      vertex   9.531290e+00 -2.120887e+01 9.500000e+00
      vertex   9.155748e+00 -2.180339e+01 9.500000e+00
    endloop
  endfacet
  facet normal 8.777885e-01 -4.790427e-01 2.335025e-03
    outer loop
      vertex   9.347625e+00 -2.146911e+01 5.949277e+00
      vertex   9.155748e+00 -2.180339e+01 9.500000e+00
      vertex   9.089971e+00 -2.194097e+01 6.002146e+00
    endloop
  endfacet
  facet normal 9.302872e-01 -3.668192e-01 -3.066186e-03
    outer loop
      vertex   9.089971e+00 -2.194097e+01 6.002146e+00
      vertex   9.155748e+00 -2.180339e+01 9.500000e+00
      vertex   8.897801e+00 -2.245757e+01 9.500000e+00
    endloop
  endfacet
  facet normal 9.377830e-01 -3.472219e-01 2.399528e-04
    outer loop
      vertex   9.089971e+00 -2.194097e+01 6.002146e+00
      vertex   8.897801e+00 -2.245757e+01 9.500000e+00
      vertex   8.902705e+00 -2.244672e+01 6.033922e+00
    endloop
  endfacet
  facet normal 9.771593e-01 -2.125067e-01 7.173868e-04
    outer loop
      vertex   8.902705e+00 -2.244672e+01 6.033922e+00
      vertex   8.897801e+00 -2.245757e+01 9.500000e+00
      vertex   8.788578e+00 -2.297145e+01 6.049550e+00
    endloop
  endfacet
  facet normal 9.824130e-01 -1.866918e-01 -3.293574e-03
    outer loop
      vertex   8.788578e+00 -2.297145e+01 6.049550e+00
      vertex   8.897801e+00 -2.245757e+01 9.500000e+00
      vertex   8.766519e+00 -2.314840e+01 9.500000e+00
    endloop
  endfacet
  facet normal 9.973450e-01 -7.277398e-02 2.643963e-03
    outer loop
      vertex   8.788578e+00 -2.297145e+01 6.049550e+00
      vertex   8.766519e+00 -2.314840e+01 9.500000e+00
      vertex   8.750000e+00 -2.350000e+01 6.053718e+00
    endloop
  endfacet
  facet normal 9.999885e-01 2.525380e-15 -4.793283e-03
    outer loop
      vertex   8.750000e+00 -2.350000e+01 6.053718e+00
      vertex   8.766519e+00 -2.314840e+01 9.500000e+00
      vertex   8.766519e+00 -2.385160e+01 9.500000e+00
    endloop
  endfacet
  facet normal 9.973450e-01 7.277398e-02 2.643963e-03
    outer loop
      vertex   8.750000e+00 -2.350000e+01 6.053718e+00
      vertex   8.766519e+00 -2.385160e+01 9.500000e+00
      vertex   8.788578e+00 -2.402855e+01 6.049550e+00
    endloop
  endfacet
  facet normal 9.824130e-01 1.866918e-01 -3.293574e-03
    outer loop
      vertex   8.788578e+00 -2.402855e+01 6.049550e+00
      vertex   8.766519e+00 -2.385160e+01 9.500000e+00
      vertex   8.897801e+00 -2.454243e+01 9.500000e+00
    endloop
  endfacet
  facet normal 9.771593e-01 2.125067e-01 7.173868e-04
    outer loop
      vertex   8.788578e+00 -2.402855e+01 6.049550e+00
      vertex   8.897801e+00 -2.454243e+01 9.500000e+00
      vertex   8.902705e+00 -2.455328e+01 6.033922e+00
    endloop
  endfacet
  facet normal 9.377830e-01 3.472219e-01 2.399528e-04
    outer loop
      vertex   8.902705e+00 -2.455328e+01 6.033922e+00
      vertex   8.897801e+00 -2.454243e+01 9.500000e+00
      vertex   9.089971e+00 -2.505903e+01 6.002146e+00
    endloop
  endfacet
  facet normal 9.302872e-01 3.668192e-01 -3.066186e-03
    outer loop
      vertex   9.089971e+00 -2.505903e+01 6.002146e+00
      vertex   8.897801e+00 -2.454243e+01 9.500000e+00
      vertex   9.155748e+00 -2.519661e+01 9.500000e+00
    endloop
  endfacet
  facet normal 8.777885e-01 4.790427e-01 2.335025e-03
    outer loop
      vertex   9.089971e+00 -2.505903e+01 6.002146e+00
      vertex   9.155748e+00 -2.519661e+01 9.500000e+00
      vertex   9.347625e+00 -2.553089e+01 5.949277e+00
    endloop
  endfacet
  facet normal 8.454438e-01 5.340447e-01 -4.591055e-03
    outer loop
      vertex   9.347625e+00 -2.553089e+01 5.949277e+00
      vertex   9.155748e+00 -2.519661e+01 9.500000e+00
      vertex   9.531290e+00 -2.579113e+01 9.500000e+00
    endloop
  endfacet
  facet normal 8.003106e-01 5.995802e-01 2.546621e-03
    outer loop
      vertex   9.347625e+00 -2.553089e+01 5.949277e+00
      vertex   9.531290e+00 -2.579113e+01 9.500000e+00
      vertex   9.667182e+00 -2.595709e+01 5.867749e+00
    endloop
  endfacet
  facet normal 7.308794e-01 6.824958e-01 -3.839421e-03
    outer loop
      vertex   9.667182e+00 -2.595709e+01 5.867749e+00
      vertex   9.531290e+00 -2.579113e+01 9.500000e+00
      vertex   1.001122e+01 -2.630508e+01 9.500000e+00
    endloop
  endfacet
  facet normal 7.079828e-01 7.062294e-01 6.031550e-04
    outer loop
      vertex   9.667182e+00 -2.595709e+01 5.867749e+00
      vertex   1.001122e+01 -2.630508e+01 9.500000e+00
      vertex   1.003602e+01 -2.632674e+01 5.750112e+00
    endloop
  endfacet
  facet normal 6.048128e-01 7.963674e-01 -5.995776e-04
    outer loop
      vertex   1.003602e+01 -2.632674e+01 5.750112e+00
      vertex   1.001122e+01 -2.630508e+01 9.500000e+00
      vertex   1.043837e+01 -2.663243e+01 5.591446e+00
    endloop
  endfacet
  facet normal 5.906139e-01 8.069486e-01 -3.037509e-03
    outer loop
      vertex   1.043837e+01 -2.663243e+01 5.591446e+00
      vertex   1.001122e+01 -2.630508e+01 9.500000e+00
      vertex   1.057867e+01 -2.672040e+01 9.500000e+00
    endloop
  endfacet
  facet normal 4.929833e-01 8.700367e-01 1.886799e-03
    outer loop
      vertex   1.043837e+01 -2.663243e+01 5.591446e+00
      vertex   1.057867e+01 -2.672040e+01 9.500000e+00
      vertex   1.087071e+01 -2.687695e+01 5.381949e+00
    endloop
  endfacet
  facet normal 4.295772e-01 9.030219e-01 -3.863729e-03
    outer loop
      vertex   1.087071e+01 -2.687695e+01 5.381949e+00
      vertex   1.057867e+01 -2.672040e+01 9.500000e+00
      vertex   1.121367e+01 -2.702248e+01 9.500000e+00
    endloop
  endfacet
  facet normal 3.760699e-01 9.265902e-01 1.425424e-03
    outer loop
      vertex   1.087071e+01 -2.687695e+01 5.381949e+00
      vertex   1.121367e+01 -2.702248e+01 9.500000e+00
      vertex   1.132824e+01 -2.706223e+01 5.112027e+00
    endloop
  endfacet
  facet normal 2.534381e-01 9.673492e-01 -2.145577e-03
    outer loop
      vertex   1.132824e+01 -2.706223e+01 5.112027e+00
      vertex   1.121367e+01 -2.702248e+01 9.500000e+00
      vertex   1.189391e+01 -2.720070e+01 9.500000e+00
    endloop
  endfacet
  facet normal 2.513611e-01 9.678916e-01 -1.860696e-03
    outer loop
      vertex   1.132824e+01 -2.706223e+01 5.112027e+00
      vertex   1.189391e+01 -2.720070e+01 9.500000e+00
      vertex   1.177658e+01 -2.717928e+01 4.789791e+00
    endloop
  endfacet
  facet normal 1.401887e-01 9.901243e-01 1.009653e-03
    outer loop
      vertex   1.177658e+01 -2.717928e+01 4.789791e+00
      vertex   1.189391e+01 -2.720070e+01 9.500000e+00
      vertex   1.218491e+01 -2.723674e+01 4.438065e+00
    endloop
  endfacet
  facet normal 6.838492e-02 9.976540e-01 -3.171851e-03
    outer loop
      vertex   1.218491e+01 -2.723674e+01 4.438065e+00
      vertex   1.189391e+01 -2.720070e+01 9.500000e+00
      vertex   1.259546e+01 -2.724878e+01 9.500000e+00
    endloop
  endfacet
  facet normal 3.382570e-02 9.994277e-01 -3.647175e-04
    outer loop
      vertex   1.218491e+01 -2.723674e+01 4.438065e+00
      vertex   1.259546e+01 -2.724878e+01 9.500000e+00
      vertex   1.255350e+01 -2.724935e+01 4.057957e+00
    endloop
  endfacet
  facet normal -5.989575e-02 9.982046e-01 3.580955e-04
    outer loop
      vertex   1.255350e+01 -2.724935e+01 4.057957e+00
      vertex   1.259546e+01 -2.724878e+01 9.500000e+00
      vertex   1.289235e+01 -2.722887e+01 3.641215e+00
    endloop
  endfacet
  facet normal -1.190724e-01 9.928820e-01 -2.658723e-03
    outer loop
      vertex   1.289235e+01 -2.722887e+01 3.641215e+00
      vertex   1.259546e+01 -2.724878e+01 9.500000e+00
      vertex   1.329365e+01 -2.716505e+01 9.500000e+00
    endloop
  endfacet
  facet normal -1.461584e-01 9.892609e-01 -7.639984e-04
    outer loop
      vertex   1.289235e+01 -2.722887e+01 3.641215e+00
      vertex   1.329365e+01 -2.716505e+01 9.500000e+00
      vertex   1.319673e+01 -2.718424e+01 3.192296e+00
    endloop
  endfacet
  facet normal -2.193524e-01 9.756456e-01 4.021369e-04
    outer loop
      vertex   1.319673e+01 -2.718424e+01 3.192296e+00
      vertex   1.329365e+01 -2.716505e+01 9.500000e+00
      vertex   1.346189e+01 -2.712443e+01 2.715660e+00
    endloop
  endfacet
  facet normal -2.876543e-01 9.577333e-01 -1.398861e-03
    outer loop
      vertex   1.346189e+01 -2.712443e+01 2.715660e+00
      vertex   1.329365e+01 -2.716505e+01 9.500000e+00
      vertex   1.368315e+01 -2.705871e+01 2.215749e+00
    endloop
  endfacet
  facet normal -3.023432e-01 9.531965e-01 -2.250534e-03
    outer loop
      vertex   1.368315e+01 -2.705871e+01 2.215749e+00
      vertex   1.329365e+01 -2.716505e+01 9.500000e+00
      vertex   1.396394e+01 -2.695245e+01 9.500000e+00
    endloop
  endfacet
  facet normal -3.347594e-01 9.423033e-01 -8.420817e-04
    outer loop
      vertex   1.368315e+01 -2.705871e+01 2.215749e+00
      vertex   1.396394e+01 -2.695245e+01 9.500000e+00
      vertex   1.385779e+01 -2.699713e+01 1.697753e+00
    endloop
  endfacet
  facet normal -3.758453e-01 9.266824e-01 -1.936319e-04
    outer loop
      vertex   1.385779e+01 -2.699713e+01 1.697753e+00
      vertex   1.396394e+01 -2.695245e+01 9.500000e+00
      vertex   1.398545e+01 -2.694546e+01 1.168464e+00
    endloop
  endfacet
  facet normal -4.166927e-01 9.090473e-01 -3.138765e-04
    outer loop
      vertex   1.398545e+01 -2.694546e+01 1.168464e+00
      vertex   1.396394e+01 -2.695245e+01 9.500000e+00
      vertex   1.406594e+01 -2.690875e+01 6.348295e-01
    endloop
  endfacet
  facet normal -4.625900e-01 8.865718e-01 -9.527745e-04
    outer loop
      vertex   1.406594e+01 -2.690875e+01 6.348295e-01
      vertex   1.396394e+01 -2.695245e+01 9.500000e+00
      vertex   1.409907e+01 -2.689203e+01 1.037957e-01
    endloop
  endfacet
  facet normal -4.645069e-01 8.855689e-01 -9.867925e-04
    outer loop
      vertex   1.409907e+01 -2.689203e+01 1.037957e-01
      vertex   1.396394e+01 -2.695245e+01 9.500000e+00
      vertex   1.437500e+01 -2.674760e+01 -1.589903e-01
    endloop
  endfacet
  facet normal -4.639625e-01 8.858548e-01 -2.580721e-04
    outer loop
      vertex   1.409907e+01 -2.689203e+01 1.037957e-01
      vertex   1.437500e+01 -2.674760e+01 -1.589903e-01
      vertex   1.428680e+01 -2.679649e+01 -9.425836e+00
    endloop
  endfacet
  facet normal -5.384281e-01 8.426712e-01 6.784711e-04
    outer loop
      vertex   1.428680e+01 -2.679649e+01 -9.425836e+00
      vertex   1.437500e+01 -2.674760e+01 -1.589903e-01
      vertex   1.473629e+01 -2.650946e+01 -9.211309e+00
    endloop
  endfacet
  facet normal -5.800560e-01 8.145747e-01 -1.722071e-03
    outer loop
      vertex   1.473629e+01 -2.650946e+01 -9.211309e+00
      vertex   1.437500e+01 -2.674760e+01 -1.589903e-01
      vertex   1.495573e+01 -2.633406e+01 -1.589903e-01
    endloop
  endfacet
  facet normal -6.496162e-01 7.602616e-01 1.016532e-03
    outer loop
      vertex   1.473629e+01 -2.650946e+01 -9.211309e+00
      vertex   1.495573e+01 -2.633406e+01 -1.589903e-01
      vertex   1.512832e+01 -2.617478e+01 -8.991278e+00
    endloop
  endfacet
  facet normal -6.782055e-01 7.348723e-01 0.000000e+00
    outer loop
      vertex   1.512832e+01 -2.617478e+01 -8.991278e+00
      vertex   1.495573e+01 -2.633406e+01 -1.589903e-01
      vertex   1.512832e+01 -2.617478e+01 9.500000e+00
    endloop
  endfacet
  facet normal -6.309206e-01 7.758459e-01 -1.520585e-03
    outer loop
      vertex   1.512832e+01 -2.617478e+01 9.500000e+00
      vertex   1.495573e+01 -2.633406e+01 -1.589903e-01
      vertex   1.458275e+01 -2.661844e+01 9.500000e+00
    endloop
  endfacet
  facet normal -5.800562e-01 8.145749e-01 1.583796e-03
    outer loop
      vertex   1.458275e+01 -2.661844e+01 9.500000e+00
      vertex   1.495573e+01 -2.633406e+01 -1.589903e-01
      vertex   1.437500e+01 -2.674760e+01 -1.589903e-01
    endloop
  endfacet
  facet normal -4.749831e-01 8.799936e-01 -1.550874e-03
    outer loop
      vertex   1.458275e+01 -2.661844e+01 9.500000e+00
      vertex   1.437500e+01 -2.674760e+01 -1.589903e-01
      vertex   1.396394e+01 -2.695245e+01 9.500000e+00
    endloop
  endfacet
  facet normal 3.051300e-01 9.523095e-01 1.510657e-03
    outer loop
      vertex   1.109340e+01 -2.697619e+01 -9.573981e+00
      vertex   1.150795e+01 -2.711629e+01 -4.990204e+00
      vertex   1.161770e+01 -2.714394e+01 -9.722954e+00
    endloop
  endfacet
  facet normal 2.073156e-01 9.782737e-01 -9.092705e-04
    outer loop
      vertex   1.161770e+01 -2.714394e+01 -9.722954e+00
      vertex   1.150795e+01 -2.711629e+01 -4.990204e+00
      vertex   1.194397e+01 -2.720837e+01 -4.653138e+00
    endloop
  endfacet
  facet normal 1.639781e-01 9.864620e-01 1.983769e-03
    outer loop
      vertex   1.161770e+01 -2.714394e+01 -9.722954e+00
      vertex   1.194397e+01 -2.720837e+01 -4.653138e+00
      vertex   1.216308e+01 -2.723443e+01 -9.808729e+00
    endloop
  endfacet
  facet normal 9.755330e-02 9.952299e-01 -8.835703e-04
    outer loop
      vertex   1.216308e+01 -2.723443e+01 -9.808729e+00
      vertex   1.194397e+01 -2.720837e+01 -4.653138e+00
      vertex   1.233351e+01 -2.724624e+01 -4.292834e+00
    endloop
  endfacet
  facet normal 1.706388e-02 9.998531e-01 1.613241e-03
    outer loop
      vertex   1.216308e+01 -2.723443e+01 -9.808729e+00
      vertex   1.233351e+01 -2.724624e+01 -4.292834e+00
      vertex   1.271233e+01 -2.724379e+01 -9.817981e+00
    endloop
  endfacet
  facet normal -4.373251e-03 9.999904e-01 1.434819e-04
    outer loop
      vertex   1.271233e+01 -2.724379e+01 -9.817981e+00
      vertex   1.233351e+01 -2.724624e+01 -4.292834e+00
      vertex   1.269093e+01 -2.724473e+01 -3.897748e+00
    endloop
  endfacet
  facet normal -9.469040e-02 9.955068e-01 -1.837345e-04
    outer loop
      vertex   1.271233e+01 -2.724379e+01 -9.817981e+00
      vertex   1.269093e+01 -2.724473e+01 -3.897748e+00
      vertex   1.301676e+01 -2.721366e+01 -3.467785e+00
    endloop
  endfacet
  facet normal -1.313313e-01 9.913373e-01 1.592580e-03
    outer loop
      vertex   1.271233e+01 -2.724379e+01 -9.817981e+00
      vertex   1.301676e+01 -2.721366e+01 -3.467785e+00
      vertex   1.325991e+01 -2.717135e+01 -9.748413e+00
    endloop
  endfacet
  facet normal -1.755033e-01 9.844788e-01 -1.637517e-04
    outer loop
      vertex   1.325991e+01 -2.717135e+01 -9.748413e+00
      vertex   1.301676e+01 -2.721366e+01 -3.467785e+00
      vertex   1.330624e+01 -2.716198e+01 -3.007404e+00
    endloop
  endfacet
  facet normal -2.477440e-01 9.688255e-01 3.544618e-04
    outer loop
      vertex   1.325991e+01 -2.717135e+01 -9.748413e+00
      vertex   1.330624e+01 -2.716198e+01 -3.007404e+00
      vertex   1.355463e+01 -2.709863e+01 -2.521063e+00
    endloop
  endfacet
  facet normal -2.733322e-01 9.619186e-01 1.467400e-03
    outer loop
      vertex   1.325991e+01 -2.717135e+01 -9.748413e+00
      vertex   1.355463e+01 -2.709863e+01 -2.521063e+00
      vertex   1.379062e+01 -2.702076e+01 -9.612568e+00
    endloop
  endfacet
  facet normal -3.058992e-01 9.520639e-01 2.754537e-04
    outer loop
      vertex   1.379062e+01 -2.702076e+01 -9.612568e+00
      vertex   1.355463e+01 -2.709863e+01 -2.521063e+00
      vertex   1.375761e+01 -2.703356e+01 -2.013276e+00
    endloop
  endfacet
  facet normal -3.498279e-01 9.368140e-01 5.898614e-05
    outer loop
      vertex   1.379062e+01 -2.702076e+01 -9.612568e+00
      vertex   1.375761e+01 -2.703356e+01 -2.013276e+00
      vertex   1.391375e+01 -2.697529e+01 -1.489998e+00
    endloop
  endfacet
  facet normal -3.946830e-01 9.188170e-01 8.397014e-04
    outer loop
      vertex   1.391375e+01 -2.697529e+01 -1.489998e+00
      vertex   1.402284e+01 -2.692892e+01 -9.581657e-01
      vertex   1.379062e+01 -2.702076e+01 -9.612568e+00
    endloop
  endfacet
  facet normal -4.123109e-01 9.110421e-01 1.395210e-03
    outer loop
      vertex   1.379062e+01 -2.702076e+01 -9.612568e+00
      vertex   1.402284e+01 -2.692892e+01 -9.581657e-01
      vertex   1.428680e+01 -2.679649e+01 -9.425836e+00
    endloop
  endfacet
  facet normal -4.337302e-01 9.010426e-01 5.710966e-04
    outer loop
      vertex   1.428680e+01 -2.679649e+01 -9.425836e+00
      vertex   1.402284e+01 -2.692892e+01 -9.581657e-01
      vertex   1.408468e+01 -2.689949e+01 -4.247270e-01
    endloop
  endfacet
  facet normal -4.572246e-01 8.893512e-01 -9.028104e-05
    outer loop
      vertex   1.428680e+01 -2.679649e+01 -9.425836e+00
      vertex   1.408468e+01 -2.689949e+01 -4.247270e-01
      vertex   1.409907e+01 -2.689203e+01 1.037957e-01
    endloop
  endfacet
  facet normal -5.298291e-01 -8.481038e-01 1.005839e-03
    outer loop
      vertex   1.424198e+01 -2.017954e+01 -8.791379e+00
      vertex   1.471480e+01 -2.047475e+01 -8.647600e+00
      vertex   1.437500e+01 -2.025240e+01 -1.589903e-01
    endloop
  endfacet
  facet normal -5.800559e-01 -8.145745e-01 -1.882996e-03
    outer loop
      vertex   1.437500e+01 -2.025240e+01 -1.589903e-01
      vertex   1.471480e+01 -2.047475e+01 -8.647600e+00
      vertex   1.495573e+01 -2.066594e+01 -1.589903e-01
    endloop
  endfacet
  facet normal -5.800562e-01 -8.145749e-01 1.583796e-03
    outer loop
      vertex   1.437500e+01 -2.025240e+01 -1.589903e-01
      vertex   1.495573e+01 -2.066594e+01 -1.589903e-01
      vertex   1.458275e+01 -2.038156e+01 9.500000e+00
    endloop
  endfacet
  facet normal -6.309206e-01 -7.758459e-01 -1.520585e-03
    outer loop
      vertex   1.458275e+01 -2.038156e+01 9.500000e+00
      vertex   1.495573e+01 -2.066594e+01 -1.589903e-01
      vertex   1.512832e+01 -2.082522e+01 9.500000e+00
    endloop
  endfacet
  facet normal -6.782055e-01 -7.348723e-01 -0.000000e+00
    outer loop
      vertex   1.512832e+01 -2.082522e+01 9.500000e+00
      vertex   1.495573e+01 -2.066594e+01 -1.589903e-01
      vertex   1.512832e+01 -2.082522e+01 -8.500848e+00
    endloop
  endfacet
  facet normal -6.467962e-01 -7.626620e-01 1.180475e-03
    outer loop
      vertex   1.512832e+01 -2.082522e+01 -8.500848e+00
      vertex   1.495573e+01 -2.066594e+01 -1.589903e-01
      vertex   1.471480e+01 -2.047475e+01 -8.647600e+00
    endloop
  endfacet
  facet normal -4.749831e-01 -8.799936e-01 -1.550874e-03
    outer loop
      vertex   1.458275e+01 -2.038156e+01 9.500000e+00
      vertex   1.396394e+01 -2.004755e+01 9.500000e+00
      vertex   1.437500e+01 -2.025240e+01 -1.589903e-01
    endloop
  endfacet
  facet normal -3.286794e-01 9.444416e-01 0.000000e+00
    outer loop
      vertex   1.631716e+01 -2.536155e+01 9.500000e+00
      vertex   1.700000e+01 -2.512391e+01 9.500000e+00
      vertex   1.631716e+01 -2.536155e+01 2.543608e-01
    endloop
  endfacet
  facet normal -3.286794e-01 9.444416e-01 1.857355e-16
    outer loop
      vertex   1.631716e+01 -2.536155e+01 2.543608e-01
      vertex   1.700000e+01 -2.512391e+01 9.500000e+00
      vertex   1.700000e+01 -2.512391e+01 -8.481694e+00
    endloop
  endfacet
  facet normal -3.100794e-01 9.507093e-01 1.624332e-03
    outer loop
      vertex   1.631716e+01 -2.536155e+01 2.543608e-01
      vertex   1.700000e+01 -2.512391e+01 -8.481694e+00
      vertex   1.646661e+01 -2.529776e+01 -8.549308e+00
    endloop
  endfacet
  facet normal -4.374920e-01 8.992218e-01 -9.116851e-04
    outer loop
      vertex   1.646661e+01 -2.529776e+01 -8.549308e+00
      vertex   1.596743e+01 -2.554073e+01 -8.654507e+00
      vertex   1.631716e+01 -2.536155e+01 2.543608e-01
    endloop
  endfacet
  facet normal -4.895705e-01 8.719621e-01 1.681010e-03
    outer loop
      vertex   1.631716e+01 -2.536155e+01 2.543608e-01
      vertex   1.596743e+01 -2.554073e+01 -8.654507e+00
      vertex   1.568672e+01 -2.571551e+01 2.543608e-01
    endloop
  endfacet
  facet normal -4.895712e-01 8.719633e-01 9.549866e-17
    outer loop
      vertex   1.631716e+01 -2.536155e+01 2.543608e-01
      vertex   1.568672e+01 -2.571551e+01 2.543608e-01
      vertex   1.568672e+01 -2.571551e+01 9.500000e+00
    endloop
  endfacet
  facet normal -6.352182e-01 7.723327e-01 1.220439e-16
    outer loop
      vertex   1.568672e+01 -2.571551e+01 9.500000e+00
      vertex   1.568672e+01 -2.571551e+01 2.543608e-01
      vertex   1.512832e+01 -2.617478e+01 9.500000e+00
    endloop
  endfacet
  facet normal -6.249507e-01 7.806636e-01 1.033947e-03
    outer loop
      vertex   1.512832e+01 -2.617478e+01 9.500000e+00
      vertex   1.568672e+01 -2.571551e+01 2.543608e-01
      vertex   1.551717e+01 -2.583925e+01 -8.801324e+00
    endloop
  endfacet
  facet normal -6.532884e-01 7.571091e-01 0.000000e+00
    outer loop
      vertex   1.512832e+01 -2.617478e+01 9.500000e+00
      vertex   1.551717e+01 -2.583925e+01 -8.801324e+00
      vertex   1.512832e+01 -2.617478e+01 -8.991278e+00
    endloop
  endfacet
  facet normal -5.523409e-01 8.336177e-01 -1.049070e-03
    outer loop
      vertex   1.596743e+01 -2.554073e+01 -8.654507e+00
      vertex   1.551717e+01 -2.583925e+01 -8.801324e+00
      vertex   1.568672e+01 -2.571551e+01 2.543608e-01
    endloop
  endfacet
  facet normal -4.895712e-01 8.719633e-01 0.000000e+00
    outer loop
      vertex   1.568672e+01 -2.571551e+01 9.500000e+00
      vertex   1.631716e+01 -2.536155e+01 9.500000e+00
      vertex   1.631716e+01 -2.536155e+01 2.543608e-01
    endloop
  endfacet
  facet normal -5.000000e-01 0.000000e+00 8.660254e-01
    outer loop
      vertex   1.105000e+01 -2.695832e+01 -5.282755e+00
      vertex   1.055998e+01 -2.670918e+01 -5.565666e+00
      vertex   1.105000e+01 -3.304787e+01 -5.282755e+00
    endloop
  endfacet
  facet normal -5.000000e-01 -1.968831e-16 8.660254e-01
    outer loop
      vertex   1.105000e+01 -3.304787e+01 -5.282755e+00
      vertex   1.055998e+01 -2.670918e+01 -5.565666e+00
      vertex   1.011166e+01 -2.639107e+01 -5.824508e+00
    endloop
  endfacet
  facet normal -5.000000e-01 7.570754e-16 8.660254e-01
    outer loop
      vertex   1.105000e+01 -3.304787e+01 -5.282755e+00
      vertex   1.011166e+01 -2.639107e+01 -5.824508e+00
      vertex   9.714651e+00 -2.601084e+01 -6.053719e+00
    endloop
  endfacet
  facet normal -5.000000e-01 1.215168e-16 8.660254e-01
    outer loop
      vertex   1.105000e+01 -3.304787e+01 -5.282755e+00
      vertex   9.714651e+00 -2.601084e+01 -6.053719e+00
      vertex   8.000000e+00 -3.356579e+01 -7.043673e+00
    endloop
  endfacet
  facet normal -5.000000e-01 5.841976e-17 8.660254e-01
    outer loop
      vertex   8.000000e+00 -3.356579e+01 -7.043673e+00
      vertex   9.714651e+00 -2.601084e+01 -6.053719e+00
      vertex   9.377501e+00 -2.557666e+01 -6.248373e+00
    endloop
  endfacet
  facet normal -5.000000e-01 3.754404e-16 8.660254e-01
    outer loop
      vertex   8.000000e+00 -3.356579e+01 -7.043673e+00
      vertex   9.377501e+00 -2.557666e+01 -6.248373e+00
      vertex   9.107450e+00 -2.509784e+01 -6.404287e+00
    endloop
  endfacet
  facet normal -5.000000e-01 -1.826091e-16 8.660254e-01
    outer loop
      vertex   9.107450e+00 -2.509784e+01 -6.404287e+00
      vertex   8.910301e+00 -2.458470e+01 -6.518110e+00
      vertex   8.000000e+00 -3.356579e+01 -7.043673e+00
    endloop
  endfacet
  facet normal -5.000000e-01 2.148692e-16 8.660254e-01
    outer loop
      vertex   8.000000e+00 -3.356579e+01 -7.043673e+00
      vertex   8.910301e+00 -2.458470e+01 -6.518110e+00
      vertex   8.790292e+00 -2.404824e+01 -6.587398e+00
    endloop
  endfacet
  facet normal -5.000000e-01 -7.651848e-16 8.660254e-01
    outer loop
      vertex   8.000000e+00 -3.356579e+01 -7.043673e+00
      vertex   8.790292e+00 -2.404824e+01 -6.587398e+00
      vertex   8.750000e+00 -2.350000e+01 -6.610661e+00
    endloop
  endfacet
  facet normal -5.000000e-01 0.000000e+00 8.660254e-01
    outer loop
      vertex   8.000000e+00 -3.356579e+01 -7.043673e+00
      vertex   8.750000e+00 -2.350000e+01 -6.610661e+00
      vertex   8.000000e+00 1.450000e+01 -7.043673e+00
    endloop
  endfacet
  facet normal -5.000000e-01 3.217696e-16 8.660254e-01
    outer loop
      vertex   8.000000e+00 1.450000e+01 -7.043673e+00
      vertex   8.750000e+00 -2.350000e+01 -6.610661e+00
      vertex   8.790292e+00 -2.295176e+01 -6.587398e+00
    endloop
  endfacet
  facet normal -5.000000e-01 -2.150296e-16 8.660254e-01
    outer loop
      vertex   8.000000e+00 1.450000e+01 -7.043673e+00
      vertex   8.790292e+00 -2.295176e+01 -6.587398e+00
      vertex   8.910301e+00 -2.241530e+01 -6.518110e+00
    endloop
  endfacet
  facet normal -5.000000e-01 1.784563e-16 8.660254e-01
    outer loop
      vertex   8.910301e+00 -2.241530e+01 -6.518110e+00
      vertex   9.107450e+00 -2.190216e+01 -6.404287e+00
      vertex   8.000000e+00 1.450000e+01 -7.043673e+00
    endloop
  endfacet
  facet normal -5.000000e-01 -1.856016e-17 8.660254e-01
    outer loop
      vertex   8.000000e+00 1.450000e+01 -7.043673e+00
      vertex   9.107450e+00 -2.190216e+01 -6.404287e+00
      vertex   9.377501e+00 -2.142334e+01 -6.248373e+00
    endloop
  endfacet
  facet normal -5.000000e-01 -1.210395e-16 8.660254e-01
    outer loop
      vertex   8.000000e+00 1.450000e+01 -7.043673e+00
      vertex   9.377501e+00 -2.142334e+01 -6.248373e+00
      vertex   9.714651e+00 -2.098916e+01 -6.053719e+00
    endloop
  endfacet
  facet normal -5.000000e-01 -2.131850e-17 8.660254e-01
    outer loop
      vertex   8.000000e+00 1.450000e+01 -7.043673e+00
      vertex   9.714651e+00 -2.098916e+01 -6.053719e+00
      vertex   1.105000e+01 1.450000e+01 -5.282755e+00
    endloop
  endfacet
  facet normal -5.000000e-01 -1.274271e-16 8.660254e-01
    outer loop
      vertex   1.105000e+01 1.450000e+01 -5.282755e+00
      vertex   9.714651e+00 -2.098916e+01 -6.053719e+00
      vertex   1.011166e+01 -2.060893e+01 -5.824508e+00
    endloop
  endfacet
  facet normal -5.000000e-01 -1.245296e-17 8.660254e-01
    outer loop
      vertex   1.105000e+01 1.450000e+01 -5.282755e+00
      vertex   1.011166e+01 -2.060893e+01 -5.824508e+00
      vertex   1.055998e+01 -2.029082e+01 -5.565666e+00
    endloop
  endfacet
  facet normal -5.000000e-01 0.000000e+00 8.660254e-01
    outer loop
      vertex   1.055998e+01 -2.029082e+01 -5.565666e+00
      vertex   1.105000e+01 -2.004168e+01 -5.282755e+00
      vertex   1.105000e+01 1.450000e+01 -5.282755e+00
    endloop
  endfacet
  facet normal -0.000000e+00 5.000000e-01 8.660254e-01
    outer loop
      vertex   -9.750455e+00 -2.605000e+01 -1.948275e+01
      vertex   9.750455e+00 -2.605000e+01 -1.948275e+01
      vertex   -9.486721e+00 -2.573218e+01 -1.966625e+01
    endloop
  endfacet
  facet normal -0.000000e+00 5.000000e-01 8.660254e-01
    outer loop
      vertex   -9.486721e+00 -2.573218e+01 -1.966625e+01
      vertex   9.750455e+00 -2.605000e+01 -1.948275e+01
      vertex   9.486721e+00 -2.573218e+01 -1.966625e+01
    endloop
  endfacet
  facet normal -0.000000e+00 5.000000e-01 8.660254e-01
    outer loop
      vertex   -9.486721e+00 -2.573218e+01 -1.966625e+01
      vertex   9.486721e+00 -2.573218e+01 -1.966625e+01
      vertex   -9.259535e+00 -2.538730e+01 -1.986537e+01
    endloop
  endfacet
  facet normal -0.000000e+00 5.000000e-01 8.660254e-01
    outer loop
      vertex   -9.259535e+00 -2.538730e+01 -1.986537e+01
      vertex   9.486721e+00 -2.573218e+01 -1.966625e+01
      vertex   9.259535e+00 -2.538730e+01 -1.986537e+01
    endloop
  endfacet
  facet normal -0.000000e+00 5.000000e-01 8.660254e-01
    outer loop
      vertex   -9.259535e+00 -2.538730e+01 -1.986537e+01
      vertex   9.259535e+00 -2.538730e+01 -1.986537e+01
      vertex   -9.071652e+00 -2.501952e+01 -2.007771e+01
    endloop
  endfacet
  facet normal -0.000000e+00 5.000000e-01 8.660254e-01
    outer loop
      vertex   -9.071652e+00 -2.501952e+01 -2.007771e+01
      vertex   9.259535e+00 -2.538730e+01 -1.986537e+01
      vertex   9.071652e+00 -2.501952e+01 -2.007771e+01
    endloop
  endfacet
  facet normal -0.000000e+00 5.000000e-01 8.660254e-01
    outer loop
      vertex   -9.071652e+00 -2.501952e+01 -2.007771e+01
      vertex   9.071652e+00 -2.501952e+01 -2.007771e+01
      vertex   -8.925351e+00 -2.463331e+01 -2.030068e+01
    endloop
  endfacet
  facet normal -0.000000e+00 5.000000e-01 8.660254e-01
    outer loop
      vertex   -8.925351e+00 -2.463331e+01 -2.030068e+01
      vertex   9.071652e+00 -2.501952e+01 -2.007771e+01
      vertex   8.925351e+00 -2.463331e+01 -2.030068e+01
    endloop
  endfacet
  facet normal -0.000000e+00 5.000000e-01 8.660254e-01
    outer loop
      vertex   -8.925351e+00 -2.463331e+01 -2.030068e+01
      vertex   8.925351e+00 -2.463331e+01 -2.030068e+01
      vertex   -8.822406e+00 -2.423335e+01 -2.053160e+01
    endloop
  endfacet
  facet normal -0.000000e+00 5.000000e-01 8.660254e-01
    outer loop
      vertex   -8.822406e+00 -2.423335e+01 -2.053160e+01
      vertex   8.925351e+00 -2.463331e+01 -2.030068e+01
      vertex   8.822406e+00 -2.423335e+01 -2.053160e+01
    endloop
  endfacet
  facet normal -0.000000e+00 5.000000e-01 8.660254e-01
    outer loop
      vertex   -8.822406e+00 -2.423335e+01 -2.053160e+01
      vertex   8.822406e+00 -2.423335e+01 -2.053160e+01
      vertex   -8.764067e+00 -2.382450e+01 -2.076765e+01
    endloop
  endfacet
  facet normal -0.000000e+00 5.000000e-01 8.660254e-01
    outer loop
      vertex   -8.764067e+00 -2.382450e+01 -2.076765e+01
      vertex   8.822406e+00 -2.423335e+01 -2.053160e+01
      vertex   8.764067e+00 -2.382450e+01 -2.076765e+01
    endloop
  endfacet
  facet normal -0.000000e+00 5.000000e-01 8.660254e-01
    outer loop
      vertex   -8.764067e+00 -2.382450e+01 -2.076765e+01
      vertex   8.764067e+00 -2.382450e+01 -2.076765e+01
      vertex   -8.751039e+00 -2.341172e+01 -2.100597e+01
    endloop
  endfacet
  facet normal -0.000000e+00 5.000000e-01 8.660254e-01
    outer loop
      vertex   -8.751039e+00 -2.341172e+01 -2.100597e+01
      vertex   8.764067e+00 -2.382450e+01 -2.076765e+01
      vertex   8.751039e+00 -2.341172e+01 -2.100597e+01
    endloop
  endfacet
  facet normal -0.000000e+00 5.000000e-01 8.660254e-01
    outer loop
      vertex   -8.751039e+00 -2.341172e+01 -2.100597e+01
      vertex   8.751039e+00 -2.341172e+01 -2.100597e+01
      vertex   8.783483e+00 -2.300000e+01 -2.124367e+01
    endloop
  endfacet
  facet normal 0.000000e+00 5.000000e-01 8.660254e-01
    outer loop
      vertex   8.783483e+00 -2.300000e+01 -2.124367e+01
      vertex   -8.783483e+00 -2.300000e+01 -2.124367e+01
      vertex   -8.751039e+00 -2.341172e+01 -2.100597e+01
    endloop
  endfacet
  facet normal -1.678961e-14 5.000000e-01 8.660254e-01
    outer loop
      vertex   1.700000e+01 -2.512391e+01 -2.001743e+01
      vertex   1.652618e+01 -2.527426e+01 -1.993063e+01
      vertex   1.700000e+01 -2.605000e+01 -1.948275e+01
    endloop
  endfacet
  facet normal -1.285865e-15 5.000000e-01 8.660254e-01
    outer loop
      vertex   1.700000e+01 -2.605000e+01 -1.948275e+01
      vertex   1.652618e+01 -2.527426e+01 -1.993063e+01
      vertex   1.607405e+01 -2.548088e+01 -1.981134e+01
    endloop
  endfacet
  facet normal -3.691899e-15 5.000000e-01 8.660254e-01
    outer loop
      vertex   1.700000e+01 -2.605000e+01 -1.948275e+01
      vertex   1.607405e+01 -2.548088e+01 -1.981134e+01
      vertex   1.565027e+01 -2.574073e+01 -1.966131e+01
    endloop
  endfacet
  facet normal 0.000000e+00 5.000000e-01 8.660254e-01
    outer loop
      vertex   1.565027e+01 -2.574073e+01 -1.966131e+01
      vertex   1.526108e+01 -2.605000e+01 -1.948275e+01
      vertex   1.700000e+01 -2.605000e+01 -1.948275e+01
    endloop
  endfacet
  facet normal 1.000000e+00 0.000000e+00 0.000000e+00
    outer loop
      vertex   1.700000e+01 -2.512391e+01 -8.481694e+00
      vertex   1.700000e+01 -2.512391e+01 9.500000e+00
      vertex   1.700000e+01 -2.590857e+01 -8.838079e+00
    endloop
  endfacet
  facet normal 1.000000e+00 0.000000e+00 -0.000000e+00
    outer loop
      vertex   1.700000e+01 -2.590857e+01 -8.838079e+00
      vertex   1.700000e+01 -2.512391e+01 9.500000e+00
      vertex   1.700000e+01 -2.663519e+01 -9.301488e+00
    endloop
  endfacet
  facet normal 1.000000e+00 0.000000e+00 -0.000000e+00
    outer loop
      vertex   1.700000e+01 -2.663519e+01 -9.301488e+00
      vertex   1.700000e+01 -2.512391e+01 9.500000e+00
      vertex   1.700000e+01 -2.850000e+01 9.500000e+00
    endloop
  endfacet
  facet normal 1.000000e+00 0.000000e+00 0.000000e+00
    outer loop
      vertex   1.700000e+01 -2.663519e+01 -9.301488e+00
      vertex   1.700000e+01 -2.850000e+01 9.500000e+00
      vertex   1.700000e+01 -2.728924e+01 -9.862671e+00
    endloop
  endfacet
  facet normal 1.000000e+00 0.000000e+00 0.000000e+00
    outer loop
      vertex   1.700000e+01 -2.728924e+01 -9.862671e+00
      vertex   1.700000e+01 -2.850000e+01 9.500000e+00
      vertex   1.700000e+01 -2.785768e+01 -1.051043e+01
    endloop
  endfacet
  facet normal 1.000000e+00 0.000000e+00 0.000000e+00
    outer loop
      vertex   1.700000e+01 -2.785768e+01 -1.051043e+01
      vertex   1.700000e+01 -2.850000e+01 9.500000e+00
      vertex   1.700000e+01 -2.870000e+01 9.500000e+00
    endloop
  endfacet
  facet normal 1.000000e+00 0.000000e+00 0.000000e+00
    outer loop
      vertex   1.700000e+01 -2.785768e+01 -1.051043e+01
      vertex   1.700000e+01 -2.870000e+01 9.500000e+00
      vertex   1.700000e+01 -2.832916e+01 -1.123183e+01
    endloop
  endfacet
  facet normal 1.000000e+00 0.000000e+00 0.000000e+00
    outer loop
      vertex   1.700000e+01 -2.832916e+01 -1.123183e+01
      vertex   1.700000e+01 -2.870000e+01 9.500000e+00
      vertex   1.700000e+01 -2.869427e+01 -1.201247e+01
    endloop
  endfacet
  facet normal 1.000000e+00 0.000000e+00 0.000000e+00
    outer loop
      vertex   1.700000e+01 -2.869427e+01 -1.201247e+01
      vertex   1.700000e+01 -2.870000e+01 9.500000e+00
      vertex   1.700000e+01 -3.370000e+01 -7.500000e+00
    endloop
  endfacet
  facet normal 1.000000e+00 0.000000e+00 0.000000e+00
    outer loop
      vertex   1.700000e+01 -2.869427e+01 -1.201247e+01
      vertex   1.700000e+01 -3.370000e+01 -7.500000e+00
      vertex   1.700000e+01 -2.894572e+01 -1.283678e+01
    endloop
  endfacet
  facet normal 1.000000e+00 0.000000e+00 0.000000e+00
    outer loop
      vertex   1.700000e+01 -2.894572e+01 -1.283678e+01
      vertex   1.700000e+01 -3.370000e+01 -7.500000e+00
      vertex   1.700000e+01 -2.907850e+01 -1.368830e+01
    endloop
  endfacet
  facet normal 1.000000e+00 0.000000e+00 0.000000e+00
    outer loop
      vertex   1.700000e+01 -2.907850e+01 -1.368830e+01
      vertex   1.700000e+01 -3.370000e+01 -7.500000e+00
      vertex   1.700000e+01 -3.370000e+01 -1.500000e+01
    endloop
  endfacet
  facet normal 1.000000e+00 0.000000e+00 0.000000e+00
    outer loop
      vertex   1.700000e+01 -2.907850e+01 -1.368830e+01
      vertex   1.700000e+01 -3.370000e+01 -1.500000e+01
      vertex   1.700000e+01 -3.275024e+01 -1.925360e+01
    endloop
  endfacet
  facet normal 1.000000e+00 0.000000e+00 0.000000e+00
    outer loop
      vertex   1.700000e+01 -3.275024e+01 -1.925360e+01
      vertex   1.700000e+01 -3.370000e+01 -1.500000e+01
      vertex   1.700000e+01 -3.316198e+01 -1.823589e+01
    endloop
  endfacet
  facet normal 1.000000e+00 0.000000e+00 0.000000e+00
    outer loop
      vertex   1.700000e+01 -3.316198e+01 -1.823589e+01
      vertex   1.700000e+01 -3.370000e+01 -1.500000e+01
      vertex   1.700000e+01 -3.345967e+01 -1.717917e+01
    endloop
  endfacet
  facet normal 1.000000e+00 0.000000e+00 0.000000e+00
    outer loop
      vertex   1.700000e+01 -3.345967e+01 -1.717917e+01
      vertex   1.700000e+01 -3.370000e+01 -1.500000e+01
      vertex   1.700000e+01 -3.363974e+01 -1.609619e+01
    endloop
  endfacet
  facet normal 1.000000e+00 -0.000000e+00 0.000000e+00
    outer loop
      vertex   1.700000e+01 -3.275024e+01 -1.925360e+01
      vertex   1.700000e+01 -3.222942e+01 -2.022005e+01
      vertex   1.700000e+01 -2.907850e+01 -1.368830e+01
    endloop
  endfacet
  facet normal 1.000000e+00 0.000000e+00 0.000000e+00
    outer loop
      vertex   1.700000e+01 -2.907850e+01 -1.368830e+01
      vertex   1.700000e+01 -3.222942e+01 -2.022005e+01
      vertex   1.700000e+01 -3.160580e+01 -2.112358e+01
    endloop
  endfacet
  facet normal 1.000000e+00 0.000000e+00 0.000000e+00
    outer loop
      vertex   1.700000e+01 -2.907850e+01 -1.368830e+01
      vertex   1.700000e+01 -3.160580e+01 -2.112358e+01
      vertex   1.700000e+01 -2.908995e+01 -1.455003e+01
    endloop
  endfacet
  facet normal 1.000000e+00 0.000000e+00 0.000000e+00
    outer loop
      vertex   1.700000e+01 -2.908995e+01 -1.455003e+01
      vertex   1.700000e+01 -3.160580e+01 -2.112358e+01
      vertex   1.700000e+01 -3.088690e+01 -2.195331e+01
    endloop
  endfacet
  facet normal 1.000000e+00 0.000000e+00 0.000000e+00
    outer loop
      vertex   1.700000e+01 -2.908995e+01 -1.455003e+01
      vertex   1.700000e+01 -3.088690e+01 -2.195331e+01
      vertex   1.700000e+01 -2.897984e+01 -1.540478e+01
    endloop
  endfacet
  facet normal 1.000000e+00 0.000000e+00 0.000000e+00
    outer loop
      vertex   1.700000e+01 -2.897984e+01 -1.540478e+01
      vertex   1.700000e+01 -3.088690e+01 -2.195331e+01
      vertex   1.700000e+01 -3.008137e+01 -2.269923e+01
    endloop
  endfacet
  facet normal 1.000000e+00 0.000000e+00 0.000000e+00
    outer loop
      vertex   1.700000e+01 -2.897984e+01 -1.540478e+01
      vertex   1.700000e+01 -3.008137e+01 -2.269923e+01
      vertex   1.700000e+01 -2.875038e+01 -1.623547e+01
    endloop
  endfacet
  facet normal 1.000000e+00 0.000000e+00 0.000000e+00
    outer loop
      vertex   1.700000e+01 -2.875038e+01 -1.623547e+01
      vertex   1.700000e+01 -3.008137e+01 -2.269923e+01
      vertex   1.700000e+01 -2.919893e+01 -2.335235e+01
    endloop
  endfacet
  facet normal 1.000000e+00 0.000000e+00 0.000000e+00
    outer loop
      vertex   1.700000e+01 -2.875038e+01 -1.623547e+01
      vertex   1.700000e+01 -2.919893e+01 -2.335235e+01
      vertex   1.700000e+01 -2.840614e+01 -1.702554e+01
    endloop
  endfacet
  facet normal 1.000000e+00 0.000000e+00 0.000000e+00
    outer loop
      vertex   1.700000e+01 -2.840614e+01 -1.702554e+01
      vertex   1.700000e+01 -2.919893e+01 -2.335235e+01
      vertex   1.700000e+01 -2.825021e+01 -2.390480e+01
    endloop
  endfacet
  facet normal 1.000000e+00 0.000000e+00 0.000000e+00
    outer loop
      vertex   1.700000e+01 -2.840614e+01 -1.702554e+01
      vertex   1.700000e+01 -2.825021e+01 -2.390480e+01
      vertex   1.700000e+01 -2.795399e+01 -1.775921e+01
    endloop
  endfacet
  facet normal 1.000000e+00 0.000000e+00 0.000000e+00
    outer loop
      vertex   1.700000e+01 -2.795399e+01 -1.775921e+01
      vertex   1.700000e+01 -2.825021e+01 -2.390480e+01
      vertex   1.700000e+01 -2.740296e+01 -1.842184e+01
    endloop
  endfacet
  facet normal 1.000000e+00 0.000000e+00 0.000000e+00
    outer loop
      vertex   1.700000e+01 -2.740296e+01 -1.842184e+01
      vertex   1.700000e+01 -2.825021e+01 -2.390480e+01
      vertex   1.700000e+01 -2.724666e+01 -2.434993e+01
    endloop
  endfacet
  facet normal 1.000000e+00 0.000000e+00 0.000000e+00
    outer loop
      vertex   1.700000e+01 -2.740296e+01 -1.842184e+01
      vertex   1.700000e+01 -2.724666e+01 -2.434993e+01
      vertex   1.700000e+01 -2.676404e+01 -1.900021e+01
    endloop
  endfacet
  facet normal 1.000000e+00 0.000000e+00 0.000000e+00
    outer loop
      vertex   1.700000e+01 -2.676404e+01 -1.900021e+01
      vertex   1.700000e+01 -2.724666e+01 -2.434993e+01
      vertex   1.700000e+01 -2.620035e+01 -2.468237e+01
    endloop
  endfacet
  facet normal 1.000000e+00 0.000000e+00 0.000000e+00
    outer loop
      vertex   1.700000e+01 -2.676404e+01 -1.900021e+01
      vertex   1.700000e+01 -2.620035e+01 -2.468237e+01
      vertex   1.700000e+01 -2.605000e+01 -1.948275e+01
    endloop
  endfacet
  facet normal 1.000000e+00 0.000000e+00 0.000000e+00
    outer loop
      vertex   1.700000e+01 -2.605000e+01 -1.948275e+01
      vertex   1.700000e+01 -2.620035e+01 -2.468237e+01
      vertex   1.700000e+01 -2.512391e+01 -2.001743e+01
    endloop
  endfacet
  facet normal 1.000000e+00 -3.154536e-15 7.279151e-16
    outer loop
      vertex   1.700000e+01 -2.512391e+01 -2.001743e+01
      vertex   1.700000e+01 -2.620035e+01 -2.468237e+01
      vertex   1.700000e+01 -2.512391e+01 -2.489811e+01
    endloop
  endfacet
  facet normal -9.669253e-16 -5.000000e-01 8.660254e-01
    outer loop
      vertex   1.481248e+01 -2.054789e+01 -1.982795e+01
      vertex   1.512832e+01 -2.082522e+01 -1.998806e+01
      vertex   1.700000e+01 -1.995000e+01 -1.948275e+01
    endloop
  endfacet
  facet normal -8.465091e-16 -5.000000e-01 8.660254e-01
    outer loop
      vertex   1.700000e+01 -1.995000e+01 -1.948275e+01
      vertex   1.512832e+01 -2.082522e+01 -1.998806e+01
      vertex   1.553965e+01 -2.117904e+01 -2.019234e+01
    endloop
  endfacet
  facet normal 1.551772e-15 -5.000000e-01 8.660254e-01
    outer loop
      vertex   1.700000e+01 -1.995000e+01 -1.948275e+01
      vertex   1.553965e+01 -2.117904e+01 -2.019234e+01
      vertex   1.599412e+01 -2.147541e+01 -2.036345e+01
    endloop
  endfacet
  facet normal -9.693125e-15 -5.000000e-01 8.660254e-01
    outer loop
      vertex   1.599412e+01 -2.147541e+01 -2.036345e+01
      vertex   1.648376e+01 -2.170912e+01 -2.049839e+01
      vertex   1.700000e+01 -1.995000e+01 -1.948275e+01
    endloop
  endfacet
  facet normal 1.411786e-14 -5.000000e-01 8.660254e-01
    outer loop
      vertex   1.700000e+01 -1.995000e+01 -1.948275e+01
      vertex   1.648376e+01 -2.170912e+01 -2.049839e+01
      vertex   1.700000e+01 -2.187609e+01 -2.059479e+01
    endloop
  endfacet
  facet normal -5.396480e-16 -5.000000e-01 8.660254e-01
    outer loop
      vertex   1.370830e+01 -1.995000e+01 -1.948275e+01
      vertex   1.409799e+01 -2.010752e+01 -1.957370e+01
      vertex   1.700000e+01 -1.995000e+01 -1.948275e+01
    endloop
  endfacet
  facet normal 1.015622e-15 -5.000000e-01 8.660254e-01
    outer loop
      vertex   1.700000e+01 -1.995000e+01 -1.948275e+01
      vertex   1.409799e+01 -2.010752e+01 -1.957370e+01
      vertex   1.446759e+01 -2.030765e+01 -1.968925e+01
    endloop
  endfacet
  facet normal 5.420125e-16 -5.000000e-01 8.660254e-01
    outer loop
      vertex   1.700000e+01 -1.995000e+01 -1.948275e+01
      vertex   1.446759e+01 -2.030765e+01 -1.968925e+01
      vertex   1.481248e+01 -2.054789e+01 -1.982795e+01
    endloop
  endfacet
  facet normal 0.000000e+00 -5.000000e-01 8.660254e-01
    outer loop
      vertex   8.783483e+00 -2.300000e+01 -2.124367e+01
      vertex   8.888226e+00 -2.249124e+01 -2.094994e+01
      vertex   -8.783483e+00 -2.300000e+01 -2.124367e+01
    endloop
  endfacet
  facet normal 0.000000e+00 -5.000000e-01 8.660254e-01
    outer loop
      vertex   -8.783483e+00 -2.300000e+01 -2.124367e+01
      vertex   8.888226e+00 -2.249124e+01 -2.094994e+01
      vertex   -8.888226e+00 -2.249124e+01 -2.094994e+01
    endloop
  endfacet
  facet normal 0.000000e+00 -5.000000e-01 8.660254e-01
    outer loop
      vertex   -8.888226e+00 -2.249124e+01 -2.094994e+01
      vertex   8.888226e+00 -2.249124e+01 -2.094994e+01
      vertex   9.062265e+00 -2.200184e+01 -2.066739e+01
    endloop
  endfacet
  facet normal 0.000000e+00 -5.000000e-01 8.660254e-01
    outer loop
      vertex   -8.888226e+00 -2.249124e+01 -2.094994e+01
      vertex   9.062265e+00 -2.200184e+01 -2.066739e+01
      vertex   -9.062265e+00 -2.200184e+01 -2.066739e+01
    endloop
  endfacet
  facet normal 0.000000e+00 -5.000000e-01 8.660254e-01
    outer loop
      vertex   -9.062265e+00 -2.200184e+01 -2.066739e+01
      vertex   9.062265e+00 -2.200184e+01 -2.066739e+01
      vertex   9.302260e+00 -2.154118e+01 -2.040143e+01
    endloop
  endfacet
  facet normal 0.000000e+00 -5.000000e-01 8.660254e-01
    outer loop
      vertex   -9.062265e+00 -2.200184e+01 -2.066739e+01
      vertex   9.302260e+00 -2.154118e+01 -2.040143e+01
      vertex   -9.302260e+00 -2.154118e+01 -2.040143e+01
    endloop
  endfacet
  facet normal 0.000000e+00 -5.000000e-01 8.660254e-01
    outer loop
      vertex   -9.302260e+00 -2.154118e+01 -2.040143e+01
      vertex   9.302260e+00 -2.154118e+01 -2.040143e+01
      vertex   9.603607e+00 -2.111811e+01 -2.015716e+01
    endloop
  endfacet
  facet normal 0.000000e+00 -5.000000e-01 8.660254e-01
    outer loop
      vertex   -9.302260e+00 -2.154118e+01 -2.040143e+01
      vertex   9.603607e+00 -2.111811e+01 -2.015716e+01
      vertex   -9.603607e+00 -2.111811e+01 -2.015716e+01
    endloop
  endfacet
  facet normal 0.000000e+00 -5.000000e-01 8.660254e-01
    outer loop
      vertex   -9.603607e+00 -2.111811e+01 -2.015716e+01
      vertex   9.603607e+00 -2.111811e+01 -2.015716e+01
      vertex   9.960524e+00 -2.074073e+01 -1.993928e+01
    endloop
  endfacet
  facet normal -6.554612e-17 -5.000000e-01 8.660254e-01
    outer loop
      vertex   -9.603607e+00 -2.111811e+01 -2.015716e+01
      vertex   9.960524e+00 -2.074073e+01 -1.993928e+01
      vertex   -9.960524e+00 -2.074073e+01 -1.993928e+01
    endloop
  endfacet
  facet normal -6.527686e-17 -5.000000e-01 8.660254e-01
    outer loop
      vertex   -9.960524e+00 -2.074073e+01 -1.993928e+01
      vertex   9.960524e+00 -2.074073e+01 -1.993928e+01
      vertex   1.036616e+01 -2.041629e+01 -1.975197e+01
    endloop
  endfacet
  facet normal 0.000000e+00 -5.000000e-01 8.660254e-01
    outer loop
      vertex   -9.960524e+00 -2.074073e+01 -1.993928e+01
      vertex   1.036616e+01 -2.041629e+01 -1.975197e+01
      vertex   -1.036616e+01 -2.041629e+01 -1.975197e+01
    endloop
  endfacet
  facet normal 0.000000e+00 -5.000000e-01 8.660254e-01
    outer loop
      vertex   -1.036616e+01 -2.041629e+01 -1.975197e+01
      vertex   1.036616e+01 -2.041629e+01 -1.975197e+01
      vertex   1.081274e+01 -2.015102e+01 -1.959881e+01
    endloop
  endfacet
  facet normal 0.000000e+00 -5.000000e-01 8.660254e-01
    outer loop
      vertex   -1.036616e+01 -2.041629e+01 -1.975197e+01
      vertex   1.081274e+01 -2.015102e+01 -1.959881e+01
      vertex   -1.081274e+01 -2.015102e+01 -1.959881e+01
    endloop
  endfacet
  facet normal 0.000000e+00 -5.000000e-01 8.660254e-01
    outer loop
      vertex   -1.081274e+01 -2.015102e+01 -1.959881e+01
      vertex   1.081274e+01 -2.015102e+01 -1.959881e+01
      vertex   1.129170e+01 -1.995000e+01 -1.948275e+01
    endloop
  endfacet
  facet normal 0.000000e+00 -5.000000e-01 8.660254e-01
    outer loop
      vertex   -1.081274e+01 -2.015102e+01 -1.959881e+01
      vertex   1.129170e+01 -1.995000e+01 -1.948275e+01
      vertex   -1.129170e+01 -1.995000e+01 -1.948275e+01
    endloop
  endfacet
  facet normal -3.449302e-02 -2.989356e-01 -9.536497e-01
    outer loop
      vertex   1.647772e+01 -2.170664e+01 -8.238659e+00
      vertex   1.598368e+01 -2.146937e+01 -8.295165e+00
      vertex   1.700000e+01 -2.187609e+01 -8.204432e+00
    endloop
  endfacet
  facet normal -1.531559e-02 -2.540106e-01 -9.670802e-01
    outer loop
      vertex   1.700000e+01 -2.187609e+01 -8.204432e+00
      vertex   1.598368e+01 -2.146937e+01 -8.295165e+00
      vertex   1.700000e+01 -2.103254e+01 -8.425996e+00
    endloop
  endfacet
  facet normal -3.213806e-03 -2.800408e-01 -9.599827e-01
    outer loop
      vertex   1.700000e+01 -2.103254e+01 -8.425996e+00
      vertex   1.598368e+01 -2.146937e+01 -8.295165e+00
      vertex   1.553025e+01 -2.117145e+01 -8.380554e+00
    endloop
  endfacet
  facet normal 1.634134e-03 -3.264982e-01 -9.451964e-01
    outer loop
      vertex   1.700000e+01 -2.103254e+01 -8.425996e+00
      vertex   1.553025e+01 -2.117145e+01 -8.380554e+00
      vertex   1.512832e+01 -2.082522e+01 -8.500848e+00
    endloop
  endfacet
  facet normal -6.759784e-03 -3.930043e-01 -9.195118e-01
    outer loop
      vertex   1.512832e+01 -2.082522e+01 -8.500848e+00
      vertex   1.471480e+01 -2.047475e+01 -8.647600e+00
      vertex   1.700000e+01 -2.103254e+01 -8.425996e+00
    endloop
  endfacet
  facet normal -5.722291e-03 -3.893703e-01 -9.210635e-01
    outer loop
      vertex   1.700000e+01 -2.103254e+01 -8.425996e+00
      vertex   1.471480e+01 -2.047475e+01 -8.647600e+00
      vertex   1.700000e+01 -2.022922e+01 -8.765596e+00
    endloop
  endfacet
  facet normal 5.337638e-04 -4.371733e-01 -8.993771e-01
    outer loop
      vertex   1.700000e+01 -2.022922e+01 -8.765596e+00
      vertex   1.471480e+01 -2.047475e+01 -8.647600e+00
      vertex   1.424198e+01 -2.017954e+01 -8.791379e+00
    endloop
  endfacet
  facet normal -4.587777e-04 -4.806272e-01 -8.769249e-01
    outer loop
      vertex   1.700000e+01 -2.022922e+01 -8.765596e+00
      vertex   1.424198e+01 -2.017954e+01 -8.791379e+00
      vertex   1.372349e+01 -1.995551e+01 -8.913893e+00
    endloop
  endfacet
  facet normal -5.177995e-03 -5.235915e-01 -8.519537e-01
    outer loop
      vertex   1.372349e+01 -1.995551e+01 -8.913893e+00
      vertex   1.317584e+01 -1.981238e+01 -8.998528e+00
      vertex   1.700000e+01 -2.022922e+01 -8.765596e+00
    endloop
  endfacet
  facet normal -4.177919e-03 -5.167485e-01 -8.561270e-01
    outer loop
      vertex   1.700000e+01 -2.022922e+01 -8.765596e+00
      vertex   1.317584e+01 -1.981238e+01 -8.998528e+00
      vertex   1.700000e+01 -1.948253e+01 -9.216288e+00
    endloop
  endfacet
  facet normal -1.225869e-03 -5.410005e-01 -8.410213e-01
    outer loop
      vertex   1.700000e+01 -1.948253e+01 -9.216288e+00
      vertex   1.317584e+01 -1.981238e+01 -8.998528e+00
      vertex   1.262068e+01 -1.975203e+01 -9.036541e+00
    endloop
  endfacet
  facet normal 1.115510e-03 -5.673466e-01 -8.234784e-01
    outer loop
      vertex   1.700000e+01 -1.948253e+01 -9.216288e+00
      vertex   1.262068e+01 -1.975203e+01 -9.036541e+00
      vertex   0.000000e+00 -1.995000e+01 -8.917245e+00
    endloop
  endfacet
  facet normal 8.020702e-04 -5.531508e-01 -8.330807e-01
    outer loop
      vertex   0.000000e+00 -1.995000e+01 -8.917245e+00
      vertex   1.262068e+01 -1.975203e+01 -9.036541e+00
      vertex   1.206825e+01 -1.977562e+01 -9.021414e+00
    endloop
  endfacet
  facet normal 1.532793e-04 -5.206209e-01 -8.537879e-01
    outer loop
      vertex   0.000000e+00 -1.995000e+01 -8.917245e+00
      vertex   1.206825e+01 -1.977562e+01 -9.021414e+00
      vertex   1.151459e+01 -1.988257e+01 -8.956293e+00
    endloop
  endfacet
  facet normal -5.665011e-05 -4.938852e-01 -8.695271e-01
    outer loop
      vertex   1.151459e+01 -1.988257e+01 -8.956293e+00
      vertex   1.098082e+01 -2.007153e+01 -8.848933e+00
      vertex   0.000000e+00 -1.995000e+01 -8.917245e+00
    endloop
  endfacet
  facet normal 4.615774e-04 -4.579841e-01 -8.889603e-01
    outer loop
      vertex   0.000000e+00 -1.995000e+01 -8.917245e+00
      vertex   1.098082e+01 -2.007153e+01 -8.848933e+00
      vertex   1.048634e+01 -2.033747e+01 -8.712178e+00
    endloop
  endfacet
  facet normal 1.586927e-03 -4.338832e-01 -9.009677e-01
    outer loop
      vertex   0.000000e+00 -1.995000e+01 -8.917245e+00
      vertex   1.048634e+01 -2.033747e+01 -8.712178e+00
      vertex   0.000000e+00 -2.077142e+01 -8.521670e+00
    endloop
  endfacet
  facet normal 4.351587e-04 -4.107778e-01 -9.117354e-01
    outer loop
      vertex   0.000000e+00 -2.077142e+01 -8.521670e+00
      vertex   1.048634e+01 -2.033747e+01 -8.712178e+00
      vertex   1.004512e+01 -2.066568e+01 -8.564517e+00
    endloop
  endfacet
  facet normal -2.912208e-04 -3.516580e-01 -9.361285e-01
    outer loop
      vertex   0.000000e+00 -2.077142e+01 -8.521670e+00
      vertex   1.004512e+01 -2.066568e+01 -8.564517e+00
      vertex   9.666371e+00 -2.104429e+01 -8.422173e+00
    endloop
  endfacet
  facet normal 1.515224e-03 -2.947548e-01 -9.555717e-01
    outer loop
      vertex   0.000000e+00 -2.077142e+01 -8.521670e+00
      vertex   9.666371e+00 -2.104429e+01 -8.422173e+00
      vertex   0.000000e+00 -2.164262e+01 -8.252940e+00
    endloop
  endfacet
  facet normal 8.173875e-04 -2.843698e-01 -9.587143e-01
    outer loop
      vertex   0.000000e+00 -2.164262e+01 -8.252940e+00
      vertex   9.666371e+00 -2.104429e+01 -8.422173e+00
      vertex   9.336451e+00 -2.148818e+01 -8.290789e+00
    endloop
  endfacet
  facet normal -5.310362e-04 -2.076308e-01 -9.782071e-01
    outer loop
      vertex   0.000000e+00 -2.164262e+01 -8.252940e+00
      vertex   9.336451e+00 -2.148818e+01 -8.290789e+00
      vertex   9.068362e+00 -2.198803e+01 -8.184548e+00
    endloop
  endfacet
  facet normal 1.780656e-03 -1.490420e-01 -9.888293e-01
    outer loop
      vertex   0.000000e+00 -2.164262e+01 -8.252940e+00
      vertex   9.068362e+00 -2.198803e+01 -8.184548e+00
      vertex   0.000000e+00 -2.254415e+01 -8.117057e+00
    endloop
  endfacet
  facet normal -5.409571e-07 -1.204688e-01 -9.927171e-01
    outer loop
      vertex   0.000000e+00 -2.254415e+01 -8.117057e+00
      vertex   9.068362e+00 -2.198803e+01 -8.184548e+00
      vertex   8.879066e+00 -2.252787e+01 -8.119036e+00
    endloop
  endfacet
  facet normal -1.644131e-04 -3.187734e-02 -9.994918e-01
    outer loop
      vertex   0.000000e+00 -2.254415e+01 -8.117057e+00
      vertex   8.879066e+00 -2.252787e+01 -8.119036e+00
      vertex   8.773707e+00 -2.308554e+01 -8.101233e+00
    endloop
  endfacet
  facet normal 1.803519e-03 0.000000e+00 -9.999984e-01
    outer loop
      vertex   0.000000e+00 -2.254415e+01 -8.117057e+00
      vertex   8.773707e+00 -2.308554e+01 -8.101233e+00
      vertex   0.000000e+00 -2.345585e+01 -8.117057e+00
    endloop
  endfacet
  facet normal -6.640813e-04 5.839045e-02 -9.982936e-01
    outer loop
      vertex   0.000000e+00 -2.345585e+01 -8.117057e+00
      vertex   8.773707e+00 -2.308554e+01 -8.101233e+00
      vertex   8.752631e+00 -2.363739e+01 -8.133497e+00
    endloop
  endfacet
  facet normal 1.233908e-03 1.490422e-01 -9.888301e-01
    outer loop
      vertex   0.000000e+00 -2.345585e+01 -8.117057e+00
      vertex   8.752631e+00 -2.363739e+01 -8.133497e+00
      vertex   0.000000e+00 -2.435738e+01 -8.252940e+00
    endloop
  endfacet
  facet normal 1.041661e-03 1.513218e-01 -9.884840e-01
    outer loop
      vertex   0.000000e+00 -2.435738e+01 -8.252940e+00
      vertex   8.752631e+00 -2.363739e+01 -8.133497e+00
      vertex   8.814560e+00 -2.418738e+01 -8.217627e+00
    endloop
  endfacet
  facet normal -6.949643e-04 2.378015e-01 -9.713135e-01
    outer loop
      vertex   0.000000e+00 -2.435738e+01 -8.252940e+00
      vertex   8.814560e+00 -2.418738e+01 -8.217627e+00
      vertex   8.956350e+00 -2.472577e+01 -8.349538e+00
    endloop
  endfacet
  facet normal 1.832158e-03 2.950868e-01 -9.554687e-01
    outer loop
      vertex   0.000000e+00 -2.435738e+01 -8.252940e+00
      vertex   8.956350e+00 -2.472577e+01 -8.349538e+00
      vertex   0.000000e+00 -2.523253e+01 -8.523221e+00
    endloop
  endfacet
  facet normal -2.198155e-05 3.245644e-01 -9.458636e-01
    outer loop
      vertex   0.000000e+00 -2.523253e+01 -8.523221e+00
      vertex   8.956350e+00 -2.472577e+01 -8.349538e+00
      vertex   9.174410e+00 -2.523223e+01 -8.523333e+00
    endloop
  endfacet
  facet normal -2.415335e-05 4.045276e-01 -9.145258e-01
    outer loop
      vertex   0.000000e+00 -2.523253e+01 -8.523221e+00
      vertex   9.174410e+00 -2.523223e+01 -8.523333e+00
      vertex   9.458138e+00 -2.569169e+01 -8.726575e+00
    endloop
  endfacet
  facet normal 1.710917e-03 4.341962e-01 -9.008167e-01
    outer loop
      vertex   0.000000e+00 -2.523253e+01 -8.523221e+00
      vertex   9.458138e+00 -2.569169e+01 -8.726575e+00
      vertex   0.000000e+00 -2.605000e+01 -8.917245e+00
    endloop
  endfacet
  facet normal -1.796748e-04 4.734583e-01 -8.808162e-01
    outer loop
      vertex   0.000000e+00 -2.605000e+01 -8.917245e+00
      vertex   9.458138e+00 -2.569169e+01 -8.726575e+00
      vertex   9.791104e+00 -2.609304e+01 -8.942380e+00
    endloop
  endfacet
  facet normal 1.927477e-04 5.365840e-01 -8.438469e-01
    outer loop
      vertex   0.000000e+00 -2.605000e+01 -8.917245e+00
      vertex   9.791104e+00 -2.609304e+01 -8.942380e+00
      vertex   1.016948e+01 -2.643724e+01 -9.161161e+00
    endloop
  endfacet
  facet normal 1.633158e-03 5.633193e-01 -8.262377e-01
    outer loop
      vertex   0.000000e+00 -2.605000e+01 -8.917245e+00
      vertex   1.016948e+01 -2.643724e+01 -9.161161e+00
      vertex   0.000000e+00 -2.680329e+01 -9.430828e+00
    endloop
  endfacet
  facet normal 2.489948e-04 5.886332e-01 -8.084002e-01
    outer loop
      vertex   0.000000e+00 -2.680329e+01 -9.430828e+00
      vertex   1.016948e+01 -2.643724e+01 -9.161161e+00
      vertex   1.060689e+01 -2.673640e+01 -9.378861e+00
    endloop
  endfacet
  facet normal -1.775358e-04 6.309589e-01 -7.758163e-01
    outer loop
      vertex   0.000000e+00 -2.680329e+01 -9.430828e+00
      vertex   1.060689e+01 -2.673640e+01 -9.378861e+00
      vertex   1.109340e+01 -2.697619e+01 -9.573981e+00
    endloop
  endfacet
  facet normal 7.346700e-04 6.652870e-01 -7.465874e-01
    outer loop
      vertex   1.109340e+01 -2.697619e+01 -9.573981e+00
      vertex   1.161770e+01 -2.714394e+01 -9.722954e+00
      vertex   0.000000e+00 -2.680329e+01 -9.430828e+00
    endloop
  endfacet
  facet normal 1.511498e-03 6.801720e-01 -7.330510e-01
    outer loop
      vertex   0.000000e+00 -2.680329e+01 -9.430828e+00
      vertex   1.161770e+01 -2.714394e+01 -9.722954e+00
      vertex   0.000000e+00 -2.747162e+01 -1.005095e+01
    endloop
  endfacet
  facet normal -1.511477e-03 6.801720e-01 -7.330510e-01
    outer loop
      vertex   0.000000e+00 -2.680329e+01 -9.430828e+00
      vertex   0.000000e+00 -2.747162e+01 -1.005095e+01
      vertex   -1.161824e+01 -2.714407e+01 -9.723074e+00
    endloop
  endfacet
  facet normal -9.230982e-04 6.909157e-01 -7.229347e-01
    outer loop
      vertex   -1.161824e+01 -2.714407e+01 -9.723074e+00
      vertex   0.000000e+00 -2.747162e+01 -1.005095e+01
      vertex   -1.216364e+01 -2.723448e+01 -9.808780e+00
    endloop
  endfacet
  facet normal -2.101874e-04 7.091881e-01 -7.050193e-01
    outer loop
      vertex   -1.216364e+01 -2.723448e+01 -9.808780e+00
      vertex   0.000000e+00 -2.747162e+01 -1.005095e+01
      vertex   -1.271286e+01 -2.724376e+01 -9.817951e+00
    endloop
  endfacet
  facet normal -1.843771e-04 7.098976e-01 -7.043049e-01
    outer loop
      vertex   -1.271286e+01 -2.724376e+01 -9.817951e+00
      vertex   0.000000e+00 -2.747162e+01 -1.005095e+01
      vertex   -1.700000e+01 -2.728924e+01 -9.862671e+00
    endloop
  endfacet
  facet normal 1.598013e-04 6.934158e-01 -7.205376e-01
    outer loop
      vertex   -1.271286e+01 -2.724376e+01 -9.817951e+00
      vertex   -1.700000e+01 -2.728924e+01 -9.862671e+00
      vertex   -1.326004e+01 -2.717133e+01 -9.748368e+00
    endloop
  endfacet
  facet normal 1.414083e-03 6.725487e-01 -7.400515e-01
    outer loop
      vertex   -1.326004e+01 -2.717133e+01 -9.748368e+00
      vertex   -1.700000e+01 -2.728924e+01 -9.862671e+00
      vertex   -1.379024e+01 -2.702088e+01 -9.612658e+00
    endloop
  endfacet
  facet normal 4.672088e-03 6.511627e-01 -7.589238e-01
    outer loop
      vertex   -1.379024e+01 -2.702088e+01 -9.612658e+00
      vertex   -1.700000e+01 -2.728924e+01 -9.862671e+00
      vertex   -1.700000e+01 -2.663519e+01 -9.301488e+00
    endloop
  endfacet
  facet normal 3.257910e-03 6.441852e-01 -7.648626e-01
    outer loop
      vertex   -1.379024e+01 -2.702088e+01 -9.612658e+00
      vertex   -1.700000e+01 -2.663519e+01 -9.301488e+00
      vertex   -1.428613e+01 -2.679690e+01 -9.426123e+00
    endloop
  endfacet
  facet normal -1.222780e-03 5.975063e-01 -8.018633e-01
    outer loop
      vertex   -1.428613e+01 -2.679690e+01 -9.426123e+00
      vertex   -1.700000e+01 -2.663519e+01 -9.301488e+00
      vertex   -1.473569e+01 -2.650995e+01 -9.211621e+00
    endloop
  endfacet
  facet normal 2.607335e-03 5.514591e-01 -8.341978e-01
    outer loop
      vertex   -1.473569e+01 -2.650995e+01 -9.211621e+00
      vertex   -1.700000e+01 -2.663519e+01 -9.301488e+00
      vertex   -1.512832e+01 -2.617478e+01 -8.991278e+00
    endloop
  endfacet
  facet normal 7.467098e-03 5.377021e-01 -8.431018e-01
    outer loop
      vertex   -1.512832e+01 -2.617478e+01 -8.991278e+00
      vertex   -1.700000e+01 -2.663519e+01 -9.301488e+00
      vertex   -1.700000e+01 -2.590857e+01 -8.838079e+00
    endloop
  endfacet
  facet normal -1.389571e-03 4.914359e-01 -8.709126e-01
    outer loop
      vertex   -1.512832e+01 -2.617478e+01 -8.991278e+00
      vertex   -1.700000e+01 -2.590857e+01 -8.838079e+00
      vertex   -1.551717e+01 -2.583925e+01 -8.801324e+00
    endloop
  endfacet
  facet normal 1.500605e-03 4.431552e-01 -8.964437e-01
    outer loop
      vertex   -1.551717e+01 -2.583925e+01 -8.801324e+00
      vertex   -1.700000e+01 -2.590857e+01 -8.838079e+00
      vertex   -1.596743e+01 -2.554073e+01 -8.654507e+00
    endloop
  endfacet
  facet normal 1.234229e-02 4.185448e-01 -9.081123e-01
    outer loop
      vertex   -1.596743e+01 -2.554073e+01 -8.654507e+00
      vertex   -1.700000e+01 -2.590857e+01 -8.838079e+00
      vertex   -1.646661e+01 -2.529776e+01 -8.549308e+00
    endloop
  endfacet
  facet normal 1.936686e-02 4.134540e-01 -9.103190e-01
    outer loop
      vertex   -1.646661e+01 -2.529776e+01 -8.549308e+00
      vertex   -1.700000e+01 -2.590857e+01 -8.838079e+00
      vertex   -1.700000e+01 -2.512391e+01 -8.481694e+00
    endloop
  endfacet
  facet normal 9.240403e-04 6.908945e-01 -7.229550e-01
    outer loop
      vertex   1.161770e+01 -2.714394e+01 -9.722954e+00
      vertex   1.216308e+01 -2.723443e+01 -9.808729e+00
      vertex   0.000000e+00 -2.747162e+01 -1.005095e+01
    endloop
  endfacet
  facet normal 2.095168e-04 7.092035e-01 -7.050038e-01
    outer loop
      vertex   0.000000e+00 -2.747162e+01 -1.005095e+01
      vertex   1.216308e+01 -2.723443e+01 -9.808729e+00
      vertex   1.271233e+01 -2.724379e+01 -9.817981e+00
    endloop
  endfacet
  facet normal 1.845390e-04 7.098902e-01 -7.043123e-01
    outer loop
      vertex   0.000000e+00 -2.747162e+01 -1.005095e+01
      vertex   1.271233e+01 -2.724379e+01 -9.817981e+00
      vertex   1.700000e+01 -2.728924e+01 -9.862671e+00
    endloop
  endfacet
  facet normal -1.607592e-04 6.933414e-01 -7.206093e-01
    outer loop
      vertex   1.700000e+01 -2.728924e+01 -9.862671e+00
      vertex   1.271233e+01 -2.724379e+01 -9.817981e+00
      vertex   1.325991e+01 -2.717135e+01 -9.748413e+00
    endloop
  endfacet
  facet normal -1.410306e-03 6.725449e-01 -7.400549e-01
    outer loop
      vertex   1.700000e+01 -2.728924e+01 -9.862671e+00
      vertex   1.325991e+01 -2.717135e+01 -9.748413e+00
      vertex   1.379062e+01 -2.702076e+01 -9.612568e+00
    endloop
  endfacet
  facet normal -4.669443e-03 6.511627e-01 -7.589238e-01
    outer loop
      vertex   1.700000e+01 -2.728924e+01 -9.862671e+00
      vertex   1.379062e+01 -2.702076e+01 -9.612568e+00
      vertex   1.700000e+01 -2.663519e+01 -9.301488e+00
    endloop
  endfacet
  facet normal -3.230870e-03 6.440631e-01 -7.649656e-01
    outer loop
      vertex   1.700000e+01 -2.663519e+01 -9.301488e+00
      vertex   1.379062e+01 -2.702076e+01 -9.612568e+00
      vertex   1.428680e+01 -2.679649e+01 -9.425836e+00
    endloop
  endfacet
  facet normal 1.235250e-03 5.974288e-01 -8.019210e-01
    outer loop
      vertex   1.700000e+01 -2.663519e+01 -9.301488e+00
      vertex   1.428680e+01 -2.679649e+01 -9.425836e+00
      vertex   1.473629e+01 -2.650946e+01 -9.211309e+00
    endloop
  endfacet
  facet normal -2.602610e-03 5.514724e-01 -8.341891e-01
    outer loop
      vertex   1.473629e+01 -2.650946e+01 -9.211309e+00
      vertex   1.512832e+01 -2.617478e+01 -8.991278e+00
      vertex   1.700000e+01 -2.663519e+01 -9.301488e+00
    endloop
  endfacet
  facet normal -7.467098e-03 5.377021e-01 -8.431018e-01
    outer loop
      vertex   1.700000e+01 -2.663519e+01 -9.301488e+00
      vertex   1.512832e+01 -2.617478e+01 -8.991278e+00
      vertex   1.700000e+01 -2.590857e+01 -8.838079e+00
    endloop
  endfacet
  facet normal 1.389571e-03 4.914359e-01 -8.709126e-01
    outer loop
      vertex   1.700000e+01 -2.590857e+01 -8.838079e+00
      vertex   1.512832e+01 -2.617478e+01 -8.991278e+00
      vertex   1.551717e+01 -2.583925e+01 -8.801324e+00
    endloop
  endfacet
  facet normal -1.500605e-03 4.431552e-01 -8.964437e-01
    outer loop
      vertex   1.700000e+01 -2.590857e+01 -8.838079e+00
      vertex   1.551717e+01 -2.583925e+01 -8.801324e+00
      vertex   1.596743e+01 -2.554073e+01 -8.654507e+00
    endloop
  endfacet
  facet normal -1.234229e-02 4.185448e-01 -9.081123e-01
    outer loop
      vertex   1.596743e+01 -2.554073e+01 -8.654507e+00
      vertex   1.646661e+01 -2.529776e+01 -8.549308e+00
      vertex   1.700000e+01 -2.590857e+01 -8.838079e+00
    endloop
  endfacet
  facet normal -1.936686e-02 4.134540e-01 -9.103190e-01
    outer loop
      vertex   1.700000e+01 -2.590857e+01 -8.838079e+00
      vertex   1.646661e+01 -2.529776e+01 -8.549308e+00
      vertex   1.700000e+01 -2.512391e+01 -8.481694e+00
    endloop
  endfacet
  facet normal -7.584901e-04 7.516249e-01 -6.595903e-01
    outer loop
      vertex   1.700000e+01 -2.728924e+01 -9.862671e+00
      vertex   1.700000e+01 -2.785768e+01 -1.051043e+01
      vertex   0.000000e+00 -2.747162e+01 -1.005095e+01
    endloop
  endfacet
  facet normal 9.032236e-04 7.818312e-01 -6.234895e-01
    outer loop
      vertex   0.000000e+00 -2.747162e+01 -1.005095e+01
      vertex   1.700000e+01 -2.785768e+01 -1.051043e+01
      vertex   0.000000e+00 -2.804006e+01 -1.076375e+01
    endloop
  endfacet
  facet normal -9.032236e-04 7.818312e-01 -6.234895e-01
    outer loop
      vertex   0.000000e+00 -2.747162e+01 -1.005095e+01
      vertex   0.000000e+00 -2.804006e+01 -1.076375e+01
      vertex   -1.700000e+01 -2.785768e+01 -1.051043e+01
    endloop
  endfacet
  facet normal 8.280084e-04 8.370778e-01 -5.470833e-01
    outer loop
      vertex   -1.700000e+01 -2.785768e+01 -1.051043e+01
      vertex   0.000000e+00 -2.804006e+01 -1.076375e+01
      vertex   -1.700000e+01 -2.832916e+01 -1.123183e+01
    endloop
  endfacet
  facet normal -9.606754e-04 8.660250e-01 -4.999998e-01
    outer loop
      vertex   -1.700000e+01 -2.832916e+01 -1.123183e+01
      vertex   0.000000e+00 -2.804006e+01 -1.076375e+01
      vertex   0.000000e+00 -2.849591e+01 -1.155331e+01
    endloop
  endfacet
  facet normal 8.733928e-04 9.058225e-01 -4.236565e-01
    outer loop
      vertex   -1.700000e+01 -2.832916e+01 -1.123183e+01
      vertex   0.000000e+00 -2.849591e+01 -1.155331e+01
      vertex   -1.700000e+01 -2.869427e+01 -1.201247e+01
    endloop
  endfacet
  facet normal -9.939915e-04 9.308733e-01 -3.653408e-01
    outer loop
      vertex   -1.700000e+01 -2.869427e+01 -1.201247e+01
      vertex   0.000000e+00 -2.849591e+01 -1.155331e+01
      vertex   0.000000e+00 -2.882899e+01 -1.240199e+01
    endloop
  endfacet
  facet normal 8.946401e-04 9.564870e-01 -2.917736e-01
    outer loop
      vertex   -1.700000e+01 -2.869427e+01 -1.201247e+01
      vertex   0.000000e+00 -2.882899e+01 -1.240199e+01
      vertex   -1.700000e+01 -2.894572e+01 -1.283678e+01
    endloop
  endfacet
  facet normal -1.003170e-03 9.749274e-01 -2.225208e-01
    outer loop
      vertex   -1.700000e+01 -2.894572e+01 -1.283678e+01
      vertex   0.000000e+00 -2.882899e+01 -1.240199e+01
      vertex   0.000000e+00 -2.903187e+01 -1.329084e+01
    endloop
  endfacet
  facet normal 8.917490e-04 9.880600e-01 -1.540668e-01
    outer loop
      vertex   -1.700000e+01 -2.894572e+01 -1.283678e+01
      vertex   0.000000e+00 -2.903187e+01 -1.329084e+01
      vertex   -1.700000e+01 -2.907850e+01 -1.368830e+01
    endloop
  endfacet
  facet normal -9.882094e-04 9.972033e-01 -7.473006e-02
    outer loop
      vertex   -1.700000e+01 -2.907850e+01 -1.368830e+01
      vertex   0.000000e+00 -2.903187e+01 -1.329084e+01
      vertex   0.000000e+00 -2.910000e+01 -1.420000e+01
    endloop
  endfacet
  facet normal 8.647197e-04 9.999114e-01 -1.328487e-02
    outer loop
      vertex   -1.700000e+01 -2.907850e+01 -1.368830e+01
      vertex   0.000000e+00 -2.910000e+01 -1.420000e+01
      vertex   -1.700000e+01 -2.908995e+01 -1.455003e+01
    endloop
  endfacet
  facet normal -9.491115e-04 9.972033e-01 7.473006e-02
    outer loop
      vertex   -1.700000e+01 -2.908995e+01 -1.455003e+01
      vertex   0.000000e+00 -2.910000e+01 -1.420000e+01
      vertex   0.000000e+00 -2.903187e+01 -1.510916e+01
    endloop
  endfacet
  facet normal 8.135539e-04 9.918045e-01 1.277622e-01
    outer loop
      vertex   -1.700000e+01 -2.908995e+01 -1.455003e+01
      vertex   0.000000e+00 -2.903187e+01 -1.510916e+01
      vertex   -1.700000e+01 -2.897984e+01 -1.540478e+01
    endloop
  endfacet
  facet normal -8.858787e-04 9.749275e-01 2.225208e-01
    outer loop
      vertex   -1.700000e+01 -2.897984e+01 -1.540478e+01
      vertex   0.000000e+00 -2.903187e+01 -1.510916e+01
      vertex   0.000000e+00 -2.882899e+01 -1.599801e+01
    endloop
  endfacet
  facet normal 7.382551e-04 9.639012e-01 2.662592e-01
    outer loop
      vertex   -1.700000e+01 -2.897984e+01 -1.540478e+01
      vertex   0.000000e+00 -2.882899e+01 -1.599801e+01
      vertex   -1.700000e+01 -2.875038e+01 -1.623547e+01
    endloop
  endfacet
  facet normal -7.985152e-04 9.308735e-01 3.653409e-01
    outer loop
      vertex   -1.700000e+01 -2.875038e+01 -1.623547e+01
      vertex   0.000000e+00 -2.882899e+01 -1.599801e+01
      vertex   0.000000e+00 -2.849591e+01 -1.684669e+01
    endloop
  endfacet
  facet normal 6.388284e-04 9.167584e-01 3.994417e-01
    outer loop
      vertex   -1.700000e+01 -2.875038e+01 -1.623547e+01
      vertex   0.000000e+00 -2.849591e+01 -1.684669e+01
      vertex   -1.700000e+01 -2.840614e+01 -1.702554e+01
    endloop
  endfacet
  facet normal -6.870270e-04 8.660252e-01 4.999999e-01
    outer loop
      vertex   -1.700000e+01 -2.840614e+01 -1.702554e+01
      vertex   0.000000e+00 -2.849591e+01 -1.684669e+01
      vertex   0.000000e+00 -2.804006e+01 -1.763625e+01
    endloop
  endfacet
  facet normal 5.152804e-04 8.513171e-01 5.246513e-01
    outer loop
      vertex   -1.700000e+01 -2.840614e+01 -1.702554e+01
      vertex   0.000000e+00 -2.804006e+01 -1.763625e+01
      vertex   -1.700000e+01 -2.795399e+01 -1.775921e+01
    endloop
  endfacet
  facet normal -5.514214e-04 7.818314e-01 6.234897e-01
    outer loop
      vertex   -1.700000e+01 -2.795399e+01 -1.775921e+01
      vertex   0.000000e+00 -2.804006e+01 -1.763625e+01
      vertex   0.000000e+00 -2.747162e+01 -1.834905e+01
    endloop
  endfacet
  facet normal 3.676194e-04 7.688834e-01 6.393889e-01
    outer loop
      vertex   -1.700000e+01 -2.795399e+01 -1.775921e+01
      vertex   0.000000e+00 -2.747162e+01 -1.834905e+01
      vertex   -1.700000e+01 -2.740296e+01 -1.842184e+01
    endloop
  endfacet
  facet normal -1.360381e-04 7.113956e-01 7.027918e-01
    outer loop
      vertex   -1.700000e+01 -2.740296e+01 -1.842184e+01
      vertex   0.000000e+00 -2.747162e+01 -1.834905e+01
      vertex   -1.240641e+01 -2.724879e+01 -1.857701e+01
    endloop
  endfacet
  facet normal 1.034440e-04 7.078521e-01 7.063606e-01
    outer loop
      vertex   -1.700000e+01 -2.740296e+01 -1.842184e+01
      vertex   -1.240641e+01 -2.724879e+01 -1.857701e+01
      vertex   -1.278785e+01 -2.723862e+01 -1.858715e+01
    endloop
  endfacet
  facet normal -8.280084e-04 8.370778e-01 -5.470833e-01
    outer loop
      vertex   1.700000e+01 -2.785768e+01 -1.051043e+01
      vertex   1.700000e+01 -2.832916e+01 -1.123183e+01
      vertex   0.000000e+00 -2.804006e+01 -1.076375e+01
    endloop
  endfacet
  facet normal 9.606754e-04 8.660250e-01 -4.999998e-01
    outer loop
      vertex   0.000000e+00 -2.804006e+01 -1.076375e+01
      vertex   1.700000e+01 -2.832916e+01 -1.123183e+01
      vertex   0.000000e+00 -2.849591e+01 -1.155331e+01
    endloop
  endfacet
  facet normal -8.733928e-04 9.058225e-01 -4.236565e-01
    outer loop
      vertex   1.700000e+01 -2.832916e+01 -1.123183e+01
      vertex   1.700000e+01 -2.869427e+01 -1.201247e+01
      vertex   0.000000e+00 -2.849591e+01 -1.155331e+01
    endloop
  endfacet
  facet normal 9.939915e-04 9.308733e-01 -3.653408e-01
    outer loop
      vertex   0.000000e+00 -2.849591e+01 -1.155331e+01
      vertex   1.700000e+01 -2.869427e+01 -1.201247e+01
      vertex   0.000000e+00 -2.882899e+01 -1.240199e+01
    endloop
  endfacet
  facet normal -8.946401e-04 9.564870e-01 -2.917736e-01
    outer loop
      vertex   1.700000e+01 -2.869427e+01 -1.201247e+01
      vertex   1.700000e+01 -2.894572e+01 -1.283678e+01
      vertex   0.000000e+00 -2.882899e+01 -1.240199e+01
    endloop
  endfacet
  facet normal 1.003170e-03 9.749274e-01 -2.225208e-01
    outer loop
      vertex   0.000000e+00 -2.882899e+01 -1.240199e+01
      vertex   1.700000e+01 -2.894572e+01 -1.283678e+01
      vertex   0.000000e+00 -2.903187e+01 -1.329084e+01
    endloop
  endfacet
  facet normal -8.917490e-04 9.880600e-01 -1.540668e-01
    outer loop
      vertex   1.700000e+01 -2.894572e+01 -1.283678e+01
      vertex   1.700000e+01 -2.907850e+01 -1.368830e+01
      vertex   0.000000e+00 -2.903187e+01 -1.329084e+01
    endloop
  endfacet
  facet normal 9.882094e-04 9.972033e-01 -7.473006e-02
    outer loop
      vertex   0.000000e+00 -2.903187e+01 -1.329084e+01
      vertex   1.700000e+01 -2.907850e+01 -1.368830e+01
      vertex   0.000000e+00 -2.910000e+01 -1.420000e+01
    endloop
  endfacet
  facet normal -8.647197e-04 9.999114e-01 -1.328487e-02
    outer loop
      vertex   1.700000e+01 -2.907850e+01 -1.368830e+01
      vertex   1.700000e+01 -2.908995e+01 -1.455003e+01
      vertex   0.000000e+00 -2.910000e+01 -1.420000e+01
    endloop
  endfacet
  facet normal 9.491115e-04 9.972033e-01 7.473006e-02
    outer loop
      vertex   0.000000e+00 -2.910000e+01 -1.420000e+01
      vertex   1.700000e+01 -2.908995e+01 -1.455003e+01
      vertex   0.000000e+00 -2.903187e+01 -1.510916e+01
    endloop
  endfacet
  facet normal -8.135539e-04 9.918045e-01 1.277622e-01
    outer loop
      vertex   1.700000e+01 -2.908995e+01 -1.455003e+01
      vertex   1.700000e+01 -2.897984e+01 -1.540478e+01
      vertex   0.000000e+00 -2.903187e+01 -1.510916e+01
    endloop
  endfacet
  facet normal 8.858787e-04 9.749275e-01 2.225208e-01
    outer loop
      vertex   0.000000e+00 -2.903187e+01 -1.510916e+01
      vertex   1.700000e+01 -2.897984e+01 -1.540478e+01
      vertex   0.000000e+00 -2.882899e+01 -1.599801e+01
    endloop
  endfacet
  facet normal -7.382551e-04 9.639012e-01 2.662592e-01
    outer loop
      vertex   1.700000e+01 -2.897984e+01 -1.540478e+01
      vertex   1.700000e+01 -2.875038e+01 -1.623547e+01
      vertex   0.000000e+00 -2.882899e+01 -1.599801e+01
    endloop
  endfacet
  facet normal 7.985152e-04 9.308735e-01 3.653409e-01
    outer loop
      vertex   0.000000e+00 -2.882899e+01 -1.599801e+01
      vertex   1.700000e+01 -2.875038e+01 -1.623547e+01
      vertex   0.000000e+00 -2.849591e+01 -1.684669e+01
    endloop
  endfacet
  facet normal -6.388284e-04 9.167584e-01 3.994417e-01
    outer loop
      vertex   1.700000e+01 -2.875038e+01 -1.623547e+01
      vertex   1.700000e+01 -2.840614e+01 -1.702554e+01
      vertex   0.000000e+00 -2.849591e+01 -1.684669e+01
    endloop
  endfacet
  facet normal 6.870270e-04 8.660252e-01 4.999999e-01
    outer loop
      vertex   0.000000e+00 -2.849591e+01 -1.684669e+01
      vertex   1.700000e+01 -2.840614e+01 -1.702554e+01
      vertex   0.000000e+00 -2.804006e+01 -1.763625e+01
    endloop
  endfacet
  facet normal -5.152804e-04 8.513171e-01 5.246513e-01
    outer loop
      vertex   1.700000e+01 -2.840614e+01 -1.702554e+01
      vertex   1.700000e+01 -2.795399e+01 -1.775921e+01
      vertex   0.000000e+00 -2.804006e+01 -1.763625e+01
    endloop
  endfacet
  facet normal 5.514214e-04 7.818314e-01 6.234897e-01
    outer loop
      vertex   0.000000e+00 -2.804006e+01 -1.763625e+01
      vertex   1.700000e+01 -2.795399e+01 -1.775921e+01
      vertex   0.000000e+00 -2.747162e+01 -1.834905e+01
    endloop
  endfacet
  facet normal -3.676194e-04 7.688834e-01 6.393889e-01
    outer loop
      vertex   1.700000e+01 -2.795399e+01 -1.775921e+01
      vertex   1.700000e+01 -2.740296e+01 -1.842184e+01
      vertex   0.000000e+00 -2.747162e+01 -1.834905e+01
    endloop
  endfacet
  facet normal 1.360377e-04 7.113957e-01 7.027917e-01
    outer loop
      vertex   0.000000e+00 -2.747162e+01 -1.834905e+01
      vertex   1.700000e+01 -2.740296e+01 -1.842184e+01
      vertex   1.240610e+01 -2.724878e+01 -1.857702e+01
    endloop
  endfacet
  facet normal 4.110924e-04 7.038318e-01 7.103666e-01
    outer loop
      vertex   0.000000e+00 -2.747162e+01 -1.834905e+01
      vertex   1.240610e+01 -2.724878e+01 -1.857702e+01
      vertex   1.202432e+01 -2.721908e+01 -1.860623e+01
    endloop
  endfacet
  facet normal -4.510142e-03 6.710960e-01 7.413567e-01
    outer loop
      vertex   1.700000e+01 -2.676404e+01 -1.900021e+01
      vertex   1.354250e+01 -2.710159e+01 -1.871568e+01
      vertex   1.700000e+01 -2.740296e+01 -1.842184e+01
    endloop
  endfacet
  facet normal -2.399081e-03 6.838608e-01 7.296085e-01
    outer loop
      vertex   1.700000e+01 -2.740296e+01 -1.842184e+01
      vertex   1.354250e+01 -2.710159e+01 -1.871568e+01
      vertex   1.316836e+01 -2.718914e+01 -1.863486e+01
    endloop
  endfacet
  facet normal -8.932149e-04 6.976881e-01 7.164011e-01
    outer loop
      vertex   1.700000e+01 -2.740296e+01 -1.842184e+01
      vertex   1.316836e+01 -2.718914e+01 -1.863486e+01
      vertex   1.278758e+01 -2.723864e+01 -1.858713e+01
    endloop
  endfacet
  facet normal -6.952915e-03 5.599134e-01 8.285220e-01
    outer loop
      vertex   1.700000e+01 -2.605000e+01 -1.948275e+01
      vertex   1.486255e+01 -2.641165e+01 -1.925629e+01
      vertex   1.700000e+01 -2.676404e+01 -1.900021e+01
    endloop
  endfacet
  facet normal -2.039686e-03 5.797414e-01 8.147980e-01
    outer loop
      vertex   1.700000e+01 -2.676404e+01 -1.900021e+01
      vertex   1.486255e+01 -2.641165e+01 -1.925629e+01
      vertex   1.456746e+01 -2.662775e+01 -1.910327e+01
    endloop
  endfacet
  facet normal 5.025021e-04 6.088477e-01 7.932870e-01
    outer loop
      vertex   1.700000e+01 -2.676404e+01 -1.900021e+01
      vertex   1.456746e+01 -2.662775e+01 -1.910327e+01
      vertex   1.424667e+01 -2.681800e+01 -1.895705e+01
    endloop
  endfacet
  facet normal -0.000000e+00 5.102638e-01 8.600179e-01
    outer loop
      vertex   1.526108e+01 -2.605000e+01 -1.948275e+01
      vertex   1.512832e+01 -2.617478e+01 -1.940872e+01
      vertex   1.700000e+01 -2.605000e+01 -1.948275e+01
    endloop
  endfacet
  facet normal -3.036342e-03 5.435565e-01 8.393671e-01
    outer loop
      vertex   1.700000e+01 -2.605000e+01 -1.948275e+01
      vertex   1.512832e+01 -2.617478e+01 -1.940872e+01
      vertex   1.486255e+01 -2.641165e+01 -1.925629e+01
    endloop
  endfacet
  facet normal -4.524477e-04 6.385887e-01 7.695481e-01
    outer loop
      vertex   1.424667e+01 -2.681800e+01 -1.895705e+01
      vertex   1.390380e+01 -2.697732e+01 -1.882505e+01
      vertex   1.700000e+01 -2.676404e+01 -1.900021e+01
    endloop
  endfacet
  facet normal -3.770153e-03 6.667879e-01 7.452380e-01
    outer loop
      vertex   1.700000e+01 -2.676404e+01 -1.900021e+01
      vertex   1.390380e+01 -2.697732e+01 -1.882505e+01
      vertex   1.354250e+01 -2.710159e+01 -1.871568e+01
    endloop
  endfacet
  facet normal -1.075906e-04 7.077906e-01 7.064223e-01
    outer loop
      vertex   1.278758e+01 -2.723864e+01 -1.858713e+01
      vertex   1.240610e+01 -2.724878e+01 -1.857702e+01
      vertex   1.700000e+01 -2.740296e+01 -1.842184e+01
    endloop
  endfacet
  facet normal 1.007780e-03 6.895483e-01 7.242390e-01
    outer loop
      vertex   1.202432e+01 -2.721908e+01 -1.860623e+01
      vertex   1.164603e+01 -2.715066e+01 -1.867084e+01
      vertex   0.000000e+00 -2.747162e+01 -1.834905e+01
    endloop
  endfacet
  facet normal 1.509665e-03 6.801720e-01 7.330510e-01
    outer loop
      vertex   0.000000e+00 -2.747162e+01 -1.834905e+01
      vertex   1.164603e+01 -2.715066e+01 -1.867084e+01
      vertex   0.000000e+00 -2.680329e+01 -1.896917e+01
    endloop
  endfacet
  facet normal -1.509645e-03 6.801720e-01 7.330510e-01
    outer loop
      vertex   0.000000e+00 -2.747162e+01 -1.834905e+01
      vertex   0.000000e+00 -2.680329e+01 -1.896917e+01
      vertex   -1.164626e+01 -2.715072e+01 -1.867079e+01
    endloop
  endfacet
  facet normal -1.069254e-03 6.719158e-01 7.406268e-01
    outer loop
      vertex   -1.164626e+01 -2.715072e+01 -1.867079e+01
      vertex   0.000000e+00 -2.680329e+01 -1.896917e+01
      vertex   -1.127763e+01 -2.704491e+01 -1.876624e+01
    endloop
  endfacet
  facet normal -2.916756e-04 6.510693e-01 7.590183e-01
    outer loop
      vertex   -1.127763e+01 -2.704491e+01 -1.876624e+01
      vertex   0.000000e+00 -2.680329e+01 -1.896917e+01
      vertex   -1.092483e+01 -2.690305e+01 -1.888780e+01
    endloop
  endfacet
  facet normal 1.231466e-04 6.239507e-01 7.814637e-01
    outer loop
      vertex   -1.092483e+01 -2.690305e+01 -1.888780e+01
      vertex   0.000000e+00 -2.680329e+01 -1.896917e+01
      vertex   -1.059235e+01 -2.672784e+01 -1.902775e+01
    endloop
  endfacet
  facet normal -2.112577e-04 5.945474e-01 8.040606e-01
    outer loop
      vertex   -1.059235e+01 -2.672784e+01 -1.902775e+01
      vertex   0.000000e+00 -2.680329e+01 -1.896917e+01
      vertex   -1.028374e+01 -2.652419e+01 -1.917825e+01
    endloop
  endfacet
  facet normal 1.225664e-04 6.024338e-01 7.981688e-01
    outer loop
      vertex   -1.028374e+01 -2.652419e+01 -1.917825e+01
      vertex   0.000000e+00 -2.680329e+01 -1.896917e+01
      vertex   1.059225e+01 -2.672778e+01 -1.902779e+01
    endloop
  endfacet
  facet normal -5.099111e-08 5.943324e-01 8.042195e-01
    outer loop
      vertex   -1.028374e+01 -2.652419e+01 -1.917825e+01
      vertex   1.059225e+01 -2.672778e+01 -1.902779e+01
      vertex   1.028368e+01 -2.652414e+01 -1.917828e+01
    endloop
  endfacet
  facet normal 1.068746e-03 6.719046e-01 7.406369e-01
    outer loop
      vertex   1.164603e+01 -2.715066e+01 -1.867084e+01
      vertex   1.127744e+01 -2.704485e+01 -1.876630e+01
      vertex   0.000000e+00 -2.680329e+01 -1.896917e+01
    endloop
  endfacet
  facet normal 2.913901e-04 6.510587e-01 7.590274e-01
    outer loop
      vertex   0.000000e+00 -2.680329e+01 -1.896917e+01
      vertex   1.127744e+01 -2.704485e+01 -1.876630e+01
      vertex   1.092469e+01 -2.690298e+01 -1.888785e+01
    endloop
  endfacet
  facet normal -1.231543e-04 6.239406e-01 7.814717e-01
    outer loop
      vertex   0.000000e+00 -2.680329e+01 -1.896917e+01
      vertex   1.092469e+01 -2.690298e+01 -1.888785e+01
      vertex   1.059225e+01 -2.672778e+01 -1.902779e+01
    endloop
  endfacet
  facet normal 5.688690e-08 5.606135e-01 8.280776e-01
    outer loop
      vertex   1.028368e+01 -2.652414e+01 -1.917828e+01
      vertex   1.000259e+01 -2.629717e+01 -1.933194e+01
      vertex   -1.028374e+01 -2.652419e+01 -1.917825e+01
    endloop
  endfacet
  facet normal -3.199268e-08 5.606190e-01 8.280739e-01
    outer loop
      vertex   -1.028374e+01 -2.652419e+01 -1.917825e+01
      vertex   1.000259e+01 -2.629717e+01 -1.933194e+01
      vertex   -1.000261e+01 -2.629720e+01 -1.933192e+01
    endloop
  endfacet
  facet normal 3.553064e-08 5.208559e-01 8.536446e-01
    outer loop
      vertex   -1.000261e+01 -2.629720e+01 -1.933192e+01
      vertex   1.000259e+01 -2.629717e+01 -1.933194e+01
      vertex   9.750455e+00 -2.605000e+01 -1.948275e+01
    endloop
  endfacet
  facet normal 0.000000e+00 5.208579e-01 8.536434e-01
    outer loop
      vertex   -1.000261e+01 -2.629720e+01 -1.933192e+01
      vertex   9.750455e+00 -2.605000e+01 -1.948275e+01
      vertex   -9.750455e+00 -2.605000e+01 -1.948275e+01
    endloop
  endfacet
  facet normal -1.007314e-03 6.895583e-01 7.242295e-01
    outer loop
      vertex   -1.164626e+01 -2.715072e+01 -1.867079e+01
      vertex   -1.202459e+01 -2.721911e+01 -1.860619e+01
      vertex   0.000000e+00 -2.747162e+01 -1.834905e+01
    endloop
  endfacet
  facet normal -4.107295e-04 7.038413e-01 7.103571e-01
    outer loop
      vertex   0.000000e+00 -2.747162e+01 -1.834905e+01
      vertex   -1.202459e+01 -2.721911e+01 -1.860619e+01
      vertex   -1.240641e+01 -2.724879e+01 -1.857701e+01
    endloop
  endfacet
  facet normal 8.886581e-04 6.977576e-01 7.163334e-01
    outer loop
      vertex   -1.278785e+01 -2.723862e+01 -1.858715e+01
      vertex   -1.316839e+01 -2.718913e+01 -1.863488e+01
      vertex   -1.700000e+01 -2.740296e+01 -1.842184e+01
    endloop
  endfacet
  facet normal 2.398504e-03 6.838955e-01 7.295761e-01
    outer loop
      vertex   -1.700000e+01 -2.740296e+01 -1.842184e+01
      vertex   -1.316839e+01 -2.718913e+01 -1.863488e+01
      vertex   -1.354220e+01 -2.710166e+01 -1.871564e+01
    endloop
  endfacet
  facet normal 4.919911e-03 6.686210e-01 7.435871e-01
    outer loop
      vertex   -1.700000e+01 -2.740296e+01 -1.842184e+01
      vertex   -1.354220e+01 -2.710166e+01 -1.871564e+01
      vertex   -1.390322e+01 -2.697754e+01 -1.882486e+01
    endloop
  endfacet
  facet normal 4.289653e-03 6.710966e-01 7.413575e-01
    outer loop
      vertex   -1.700000e+01 -2.740296e+01 -1.842184e+01
      vertex   -1.390322e+01 -2.697754e+01 -1.882486e+01
      vertex   -1.700000e+01 -2.676404e+01 -1.900021e+01
    endloop
  endfacet
  facet normal 4.702244e-04 6.387438e-01 7.694194e-01
    outer loop
      vertex   -1.700000e+01 -2.676404e+01 -1.900021e+01
      vertex   -1.390322e+01 -2.697754e+01 -1.882486e+01
      vertex   -1.424593e+01 -2.681843e+01 -1.895674e+01
    endloop
  endfacet
  facet normal -4.933479e-04 6.089592e-01 7.932014e-01
    outer loop
      vertex   -1.700000e+01 -2.676404e+01 -1.900021e+01
      vertex   -1.424593e+01 -2.681843e+01 -1.895674e+01
      vertex   -1.456673e+01 -2.662829e+01 -1.910291e+01
    endloop
  endfacet
  facet normal 2.045819e-03 5.797700e-01 8.147776e-01
    outer loop
      vertex   -1.456673e+01 -2.662829e+01 -1.910291e+01
      vertex   -1.486205e+01 -2.641208e+01 -1.925602e+01
      vertex   -1.700000e+01 -2.676404e+01 -1.900021e+01
    endloop
  endfacet
  facet normal 6.959247e-03 5.599134e-01 8.285219e-01
    outer loop
      vertex   -1.700000e+01 -2.676404e+01 -1.900021e+01
      vertex   -1.486205e+01 -2.641208e+01 -1.925602e+01
      vertex   -1.700000e+01 -2.605000e+01 -1.948275e+01
    endloop
  endfacet
  facet normal 3.034744e-03 5.435392e-01 8.393783e-01
    outer loop
      vertex   -1.700000e+01 -2.605000e+01 -1.948275e+01
      vertex   -1.486205e+01 -2.641208e+01 -1.925602e+01
      vertex   -1.512832e+01 -2.617478e+01 -1.940872e+01
    endloop
  endfacet
  facet normal -0.000000e+00 5.102638e-01 8.600179e-01
    outer loop
      vertex   -1.700000e+01 -2.605000e+01 -1.948275e+01
      vertex   -1.512832e+01 -2.617478e+01 -1.940872e+01
      vertex   -1.526108e+01 -2.605000e+01 -1.948275e+01
    endloop
  endfacet
  facet normal 7.584901e-04 7.516249e-01 -6.595903e-01
    outer loop
      vertex   -1.700000e+01 -2.785768e+01 -1.051043e+01
      vertex   -1.700000e+01 -2.728924e+01 -9.862671e+00
      vertex   0.000000e+00 -2.747162e+01 -1.005095e+01
    endloop
  endfacet
  facet normal -7.358495e-04 6.653154e-01 -7.465621e-01
    outer loop
      vertex   -1.161824e+01 -2.714407e+01 -9.723074e+00
      vertex   -1.109389e+01 -2.697639e+01 -9.574154e+00
      vertex   0.000000e+00 -2.680329e+01 -9.430828e+00
    endloop
  endfacet
  facet normal 1.771454e-04 6.309978e-01 -7.757846e-01
    outer loop
      vertex   0.000000e+00 -2.680329e+01 -9.430828e+00
      vertex   -1.109389e+01 -2.697639e+01 -9.574154e+00
      vertex   -1.060733e+01 -2.673667e+01 -9.379063e+00
    endloop
  endfacet
  facet normal -2.476806e-04 5.886760e-01 -8.083690e-01
    outer loop
      vertex   0.000000e+00 -2.680329e+01 -9.430828e+00
      vertex   -1.060733e+01 -2.673667e+01 -9.379063e+00
      vertex   -1.016987e+01 -2.643755e+01 -9.161371e+00
    endloop
  endfacet
  facet normal -1.633027e-03 5.633193e-01 -8.262377e-01
    outer loop
      vertex   0.000000e+00 -2.680329e+01 -9.430828e+00
      vertex   -1.016987e+01 -2.643755e+01 -9.161371e+00
      vertex   0.000000e+00 -2.605000e+01 -8.917245e+00
    endloop
  endfacet
  facet normal -1.945158e-04 5.366404e-01 -8.438110e-01
    outer loop
      vertex   0.000000e+00 -2.605000e+01 -8.917245e+00
      vertex   -1.016987e+01 -2.643755e+01 -9.161371e+00
      vertex   -9.791430e+00 -2.609339e+01 -8.942580e+00
    endloop
  endfacet
  facet normal 1.808503e-04 4.735173e-01 -8.807845e-01
    outer loop
      vertex   0.000000e+00 -2.605000e+01 -8.917245e+00
      vertex   -9.791430e+00 -2.609339e+01 -8.942580e+00
      vertex   -9.458420e+00 -2.569208e+01 -8.726768e+00
    endloop
  endfacet
  facet normal -1.710519e-03 4.341962e-01 -9.008167e-01
    outer loop
      vertex   0.000000e+00 -2.605000e+01 -8.917245e+00
      vertex   -9.458420e+00 -2.569208e+01 -8.726768e+00
      vertex   0.000000e+00 -2.523253e+01 -8.523221e+00
    endloop
  endfacet
  facet normal 2.210114e-05 4.045949e-01 -9.144960e-01
    outer loop
      vertex   0.000000e+00 -2.523253e+01 -8.523221e+00
      vertex   -9.458420e+00 -2.569208e+01 -8.726768e+00
      vertex   -9.174635e+00 -2.523266e+01 -8.523503e+00
    endloop
  endfacet
  facet normal 2.426823e-05 3.246390e-01 -9.458380e-01
    outer loop
      vertex   0.000000e+00 -2.523253e+01 -8.523221e+00
      vertex   -9.174635e+00 -2.523266e+01 -8.523503e+00
      vertex   -8.956507e+00 -2.472622e+01 -8.349673e+00
    endloop
  endfacet
  facet normal -1.832901e-03 2.950868e-01 -9.554687e-01
    outer loop
      vertex   0.000000e+00 -2.523253e+01 -8.523221e+00
      vertex   -8.956507e+00 -2.472622e+01 -8.349673e+00
      vertex   0.000000e+00 -2.435738e+01 -8.252940e+00
    endloop
  endfacet
  facet normal 6.940945e-04 2.378756e-01 -9.712954e-01
    outer loop
      vertex   0.000000e+00 -2.435738e+01 -8.252940e+00
      vertex   -8.956507e+00 -2.472622e+01 -8.349673e+00
      vertex   -8.814647e+00 -2.418785e+01 -8.217720e+00
    endloop
  endfacet
  facet normal -1.037765e-03 1.513966e-01 -9.884726e-01
    outer loop
      vertex   0.000000e+00 -2.435738e+01 -8.252940e+00
      vertex   -8.814647e+00 -2.418785e+01 -8.217720e+00
      vertex   -8.752649e+00 -2.363785e+01 -8.133546e+00
    endloop
  endfacet
  facet normal -1.236195e-03 1.490422e-01 -9.888301e-01
    outer loop
      vertex   0.000000e+00 -2.435738e+01 -8.252940e+00
      vertex   -8.752649e+00 -2.363785e+01 -8.133546e+00
      vertex   0.000000e+00 -2.345585e+01 -8.117057e+00
    endloop
  endfacet
  facet normal 6.649659e-04 5.846802e-02 -9.982891e-01
    outer loop
      vertex   0.000000e+00 -2.345585e+01 -8.117057e+00
      vertex   -8.752649e+00 -2.363785e+01 -8.133546e+00
      vertex   -8.773656e+00 -2.308599e+01 -8.101239e+00
    endloop
  endfacet
  facet normal -1.802894e-03 0.000000e+00 -9.999984e-01
    outer loop
      vertex   0.000000e+00 -2.345585e+01 -8.117057e+00
      vertex   -8.773656e+00 -2.308599e+01 -8.101239e+00
      vertex   0.000000e+00 -2.254415e+01 -8.117057e+00
    endloop
  endfacet
  facet normal 1.623501e-04 -3.180688e-02 -9.994940e-01
    outer loop
      vertex   0.000000e+00 -2.254415e+01 -8.117057e+00
      vertex   -8.773656e+00 -2.308599e+01 -8.101239e+00
      vertex   -8.878949e+00 -2.252831e+01 -8.119003e+00
    endloop
  endfacet
  facet normal 2.907936e-06 -1.203967e-01 -9.927259e-01
    outer loop
      vertex   0.000000e+00 -2.254415e+01 -8.117057e+00
      vertex   -8.878949e+00 -2.252831e+01 -8.119003e+00
      vertex   -9.068182e+00 -2.198843e+01 -8.184480e+00
    endloop
  endfacet
  facet normal -1.781491e-03 -1.490420e-01 -9.888293e-01
    outer loop
      vertex   0.000000e+00 -2.254415e+01 -8.117057e+00
      vertex   -9.068182e+00 -2.198843e+01 -8.184480e+00
      vertex   0.000000e+00 -2.164262e+01 -8.252940e+00
    endloop
  endfacet
  facet normal 5.304741e-04 -2.075682e-01 -9.782204e-01
    outer loop
      vertex   0.000000e+00 -2.164262e+01 -8.252940e+00
      vertex   -9.068182e+00 -2.198843e+01 -8.184480e+00
      vertex   -9.336221e+00 -2.148854e+01 -8.290697e+00
    endloop
  endfacet
  facet normal -8.149282e-04 -2.843145e-01 -9.587307e-01
    outer loop
      vertex   0.000000e+00 -2.164262e+01 -8.252940e+00
      vertex   -9.336221e+00 -2.148854e+01 -8.290697e+00
      vertex   -9.666107e+00 -2.104460e+01 -8.422070e+00
    endloop
  endfacet
  facet normal -1.516129e-03 -2.947548e-01 -9.555717e-01
    outer loop
      vertex   0.000000e+00 -2.164262e+01 -8.252940e+00
      vertex   -9.666107e+00 -2.104460e+01 -8.422070e+00
      vertex   0.000000e+00 -2.077142e+01 -8.521670e+00
    endloop
  endfacet
  facet normal 2.908448e-04 -3.516105e-01 -9.361463e-01
    outer loop
      vertex   0.000000e+00 -2.077142e+01 -8.521670e+00
      vertex   -9.666107e+00 -2.104460e+01 -8.422070e+00
      vertex   -1.004482e+01 -2.066594e+01 -8.564410e+00
    endloop
  endfacet
  facet normal -4.338818e-04 -4.107392e-01 -9.117528e-01
    outer loop
      vertex   0.000000e+00 -2.077142e+01 -8.521670e+00
      vertex   -1.004482e+01 -2.066594e+01 -8.564410e+00
      vertex   -1.048601e+01 -2.033768e+01 -8.712075e+00
    endloop
  endfacet
  facet normal -1.587026e-03 -4.338832e-01 -9.009677e-01
    outer loop
      vertex   0.000000e+00 -2.077142e+01 -8.521670e+00
      vertex   -1.048601e+01 -2.033768e+01 -8.712075e+00
      vertex   0.000000e+00 -1.995000e+01 -8.917245e+00
    endloop
  endfacet
  facet normal -4.624073e-04 -4.579550e-01 -8.889753e-01
    outer loop
      vertex   0.000000e+00 -1.995000e+01 -8.917245e+00
      vertex   -1.048601e+01 -2.033768e+01 -8.712075e+00
      vertex   -1.098047e+01 -2.007169e+01 -8.848846e+00
    endloop
  endfacet
  facet normal 5.663409e-05 -4.938655e-01 -8.695383e-01
    outer loop
      vertex   0.000000e+00 -1.995000e+01 -8.917245e+00
      vertex   -1.098047e+01 -2.007169e+01 -8.848846e+00
      vertex   -1.151422e+01 -1.988267e+01 -8.956234e+00
    endloop
  endfacet
  facet normal -1.530054e-04 -5.206034e-01 -8.537986e-01
    outer loop
      vertex   -1.151422e+01 -1.988267e+01 -8.956234e+00
      vertex   -1.206789e+01 -1.977566e+01 -9.021387e+00
      vertex   0.000000e+00 -1.995000e+01 -8.917245e+00
    endloop
  endfacet
  facet normal -8.012792e-04 -5.531151e-01 -8.331045e-01
    outer loop
      vertex   0.000000e+00 -1.995000e+01 -8.917245e+00
      vertex   -1.206789e+01 -1.977566e+01 -9.021387e+00
      vertex   -1.262034e+01 -1.975202e+01 -9.036549e+00
    endloop
  endfacet
  facet normal -1.115557e-03 -5.673478e-01 -8.234776e-01
    outer loop
      vertex   0.000000e+00 -1.995000e+01 -8.917245e+00
      vertex   -1.262034e+01 -1.975202e+01 -9.036549e+00
      vertex   -1.700000e+01 -1.948253e+01 -9.216288e+00
    endloop
  endfacet
  facet normal 1.230452e-03 -5.409459e-01 -8.410565e-01
    outer loop
      vertex   -1.700000e+01 -1.948253e+01 -9.216288e+00
      vertex   -1.262034e+01 -1.975202e+01 -9.036549e+00
      vertex   -1.317572e+01 -1.981236e+01 -8.998555e+00
    endloop
  endfacet
  facet normal 3.812718e-03 -5.197531e-01 -8.543080e-01
    outer loop
      vertex   -1.700000e+01 -1.948253e+01 -9.216288e+00
      vertex   -1.317572e+01 -1.981236e+01 -8.998555e+00
      vertex   -1.372369e+01 -1.995557e+01 -8.913873e+00
    endloop
  endfacet
  facet normal 4.414424e-03 -5.167480e-01 -8.561262e-01
    outer loop
      vertex   -1.700000e+01 -1.948253e+01 -9.216288e+00
      vertex   -1.372369e+01 -1.995557e+01 -8.913873e+00
      vertex   -1.700000e+01 -2.022922e+01 -8.765596e+00
    endloop
  endfacet
  facet normal 4.516137e-04 -4.805850e-01 -8.769480e-01
    outer loop
      vertex   -1.700000e+01 -2.022922e+01 -8.765596e+00
      vertex   -1.372369e+01 -1.995557e+01 -8.913873e+00
      vertex   -1.424239e+01 -2.017979e+01 -8.791264e+00
    endloop
  endfacet
  facet normal -5.364552e-04 -4.371217e-01 -8.994022e-01
    outer loop
      vertex   -1.700000e+01 -2.022922e+01 -8.765596e+00
      vertex   -1.424239e+01 -2.017979e+01 -8.791264e+00
      vertex   -1.471518e+01 -2.047506e+01 -8.647472e+00
    endloop
  endfacet
  facet normal 5.422992e-03 -3.916757e-01 -9.200874e-01
    outer loop
      vertex   -1.471518e+01 -2.047506e+01 -8.647472e+00
      vertex   -1.512832e+01 -2.082522e+01 -8.500848e+00
      vertex   -1.700000e+01 -2.022922e+01 -8.765596e+00
    endloop
  endfacet
  facet normal 6.295176e-03 -3.893689e-01 -9.210604e-01
    outer loop
      vertex   -1.700000e+01 -2.022922e+01 -8.765596e+00
      vertex   -1.512832e+01 -2.082522e+01 -8.500848e+00
      vertex   -1.700000e+01 -2.103254e+01 -8.425996e+00
    endloop
  endfacet
  facet normal -1.634134e-03 -3.264982e-01 -9.451964e-01
    outer loop
      vertex   -1.700000e+01 -2.103254e+01 -8.425996e+00
      vertex   -1.512832e+01 -2.082522e+01 -8.500848e+00
      vertex   -1.553025e+01 -2.117145e+01 -8.380554e+00
    endloop
  endfacet
  facet normal 3.213806e-03 -2.800408e-01 -9.599827e-01
    outer loop
      vertex   -1.700000e+01 -2.103254e+01 -8.425996e+00
      vertex   -1.553025e+01 -2.117145e+01 -8.380554e+00
      vertex   -1.598368e+01 -2.146937e+01 -8.295165e+00
    endloop
  endfacet
  facet normal 1.344300e-02 -2.580549e-01 -9.660367e-01
    outer loop
      vertex   -1.598368e+01 -2.146937e+01 -8.295165e+00
      vertex   -1.647772e+01 -2.170664e+01 -8.238659e+00
      vertex   -1.700000e+01 -2.103254e+01 -8.425996e+00
    endloop
  endfacet
  facet normal 1.903593e-02 -2.539944e-01 -9.670184e-01
    outer loop
      vertex   -1.700000e+01 -2.103254e+01 -8.425996e+00
      vertex   -1.647772e+01 -2.170664e+01 -8.238659e+00
      vertex   -1.700000e+01 -2.187609e+01 -8.204432e+00
    endloop
  endfacet
  facet normal -9.562296e-04 -5.633198e-01 -8.262384e-01
    outer loop
      vertex   0.000000e+00 -1.995000e+01 -8.917245e+00
      vertex   -1.700000e+01 -1.948253e+01 -9.216288e+00
      vertex   0.000000e+00 -1.919671e+01 -9.430828e+00
    endloop
  endfacet
  facet normal 8.879698e-04 -6.335655e-01 -7.736885e-01
    outer loop
      vertex   0.000000e+00 -1.919671e+01 -9.430828e+00
      vertex   -1.700000e+01 -1.948253e+01 -9.216288e+00
      vertex   -1.700000e+01 -1.880775e+01 -9.768859e+00
    endloop
  endfacet
  facet normal -9.864457e-04 -6.801724e-01 -7.330515e-01
    outer loop
      vertex   0.000000e+00 -1.919671e+01 -9.430828e+00
      vertex   -1.700000e+01 -1.880775e+01 -9.768859e+00
      vertex   0.000000e+00 -1.852838e+01 -1.005095e+01
    endloop
  endfacet
  facet normal 9.106054e-04 -7.374265e-01 -6.754268e-01
    outer loop
      vertex   0.000000e+00 -1.852838e+01 -1.005095e+01
      vertex   -1.700000e+01 -1.880775e+01 -9.768859e+00
      vertex   -1.700000e+01 -1.821867e+01 -1.041201e+01
    endloop
  endfacet
  facet normal -1.001501e-03 -7.818311e-01 -6.234895e-01
    outer loop
      vertex   0.000000e+00 -1.852838e+01 -1.005095e+01
      vertex   -1.700000e+01 -1.821867e+01 -1.041201e+01
      vertex   0.000000e+00 -1.795994e+01 -1.076375e+01
    endloop
  endfacet
  facet normal 9.180795e-04 -8.262126e-01 -5.633577e-01
    outer loop
      vertex   0.000000e+00 -1.795994e+01 -1.076375e+01
      vertex   -1.700000e+01 -1.821867e+01 -1.041201e+01
      vertex   -1.700000e+01 -1.772733e+01 -1.113260e+01
    endloop
  endfacet
  facet normal -1.001394e-03 -8.660250e-01 -4.999997e-01
    outer loop
      vertex   0.000000e+00 -1.795994e+01 -1.076375e+01
      vertex   -1.700000e+01 -1.772733e+01 -1.113260e+01
      vertex   0.000000e+00 -1.750409e+01 -1.155331e+01
    endloop
  endfacet
  facet normal 9.103918e-04 -8.981089e-01 -4.397721e-01
    outer loop
      vertex   0.000000e+00 -1.750409e+01 -1.155331e+01
      vertex   -1.700000e+01 -1.772733e+01 -1.113260e+01
      vertex   -1.700000e+01 -1.734377e+01 -1.191590e+01
    endloop
  endfacet
  facet normal -9.861252e-04 -9.308733e-01 -3.653408e-01
    outer loop
      vertex   0.000000e+00 -1.750409e+01 -1.155331e+01
      vertex   -1.700000e+01 -1.734377e+01 -1.191590e+01
      vertex   0.000000e+00 -1.717101e+01 -1.240199e+01
    endloop
  endfacet
  facet normal 8.875425e-04 -9.516457e-01 -3.071965e-01
    outer loop
      vertex   0.000000e+00 -1.717101e+01 -1.240199e+01
      vertex   -1.700000e+01 -1.734377e+01 -1.191590e+01
      vertex   -1.700000e+01 -1.707585e+01 -1.274589e+01
    endloop
  endfacet
  facet normal -9.556955e-04 -9.749275e-01 -2.225208e-01
    outer loop
      vertex   0.000000e+00 -1.717101e+01 -1.240199e+01
      vertex   -1.700000e+01 -1.707585e+01 -1.274589e+01
      vertex   0.000000e+00 -1.696813e+01 -1.329084e+01
    endloop
  endfacet
  facet normal 8.495327e-04 -9.857284e-01 -1.683410e-01
    outer loop
      vertex   0.000000e+00 -1.696813e+01 -1.329084e+01
      vertex   -1.700000e+01 -1.707585e+01 -1.274589e+01
      vertex   -1.700000e+01 -1.692903e+01 -1.360560e+01
    endloop
  endfacet
  facet normal -9.101060e-04 -9.972034e-01 -7.473006e-02
    outer loop
      vertex   0.000000e+00 -1.696813e+01 -1.329084e+01
      vertex   -1.700000e+01 -1.692903e+01 -1.360560e+01
      vertex   0.000000e+00 -1.690000e+01 -1.420000e+01
    endloop
  endfacet
  facet normal 7.963638e-04 -9.996605e-01 -2.604424e-02
    outer loop
      vertex   0.000000e+00 -1.690000e+01 -1.420000e+01
      vertex   -1.700000e+01 -1.692903e+01 -1.360560e+01
      vertex   -1.700000e+01 -1.690631e+01 -1.447747e+01
    endloop
  endfacet
  facet normal -8.493585e-04 -9.972034e-01 7.473007e-02
    outer loop
      vertex   0.000000e+00 -1.690000e+01 -1.420000e+01
      vertex   -1.700000e+01 -1.690631e+01 -1.447747e+01
      vertex   0.000000e+00 -1.696813e+01 -1.510916e+01
    endloop
  endfacet
  facet normal 7.280383e-04 -9.931570e-01 1.167850e-01
    outer loop
      vertex   0.000000e+00 -1.696813e+01 -1.510916e+01
      vertex   -1.700000e+01 -1.690631e+01 -1.447747e+01
      vertex   -1.700000e+01 -1.700817e+01 -1.534366e+01
    endloop
  endfacet
  facet normal -7.734556e-04 -9.749276e-01 2.225209e-01
    outer loop
      vertex   0.000000e+00 -1.696813e+01 -1.510916e+01
      vertex   -1.700000e+01 -1.700817e+01 -1.534366e+01
      vertex   0.000000e+00 -1.717101e+01 -1.599801e+01
    endloop
  endfacet
  facet normal 6.445589e-04 -9.663508e-01 2.572268e-01
    outer loop
      vertex   0.000000e+00 -1.717101e+01 -1.599801e+01
      vertex   -1.700000e+01 -1.700817e+01 -1.534366e+01
      vertex   -1.700000e+01 -1.723251e+01 -1.618648e+01
    endloop
  endfacet
  facet normal -6.824006e-04 -9.308735e-01 3.653409e-01
    outer loop
      vertex   0.000000e+00 -1.717101e+01 -1.599801e+01
      vertex   -1.700000e+01 -1.723251e+01 -1.618648e+01
      vertex   0.000000e+00 -1.750409e+01 -1.684669e+01
    endloop
  endfacet
  facet normal 5.459292e-04 -9.197901e-01 3.924103e-01
    outer loop
      vertex   0.000000e+00 -1.750409e+01 -1.684669e+01
      vertex   -1.700000e+01 -1.723251e+01 -1.618648e+01
      vertex   -1.700000e+01 -1.757476e+01 -1.698868e+01
    endloop
  endfacet
  facet normal -5.761973e-04 -8.660253e-01 4.999999e-01
    outer loop
      vertex   0.000000e+00 -1.750409e+01 -1.684669e+01
      vertex   -1.700000e+01 -1.757476e+01 -1.698868e+01
      vertex   0.000000e+00 -1.795994e+01 -1.763625e+01
    endloop
  endfacet
  facet normal 4.321533e-04 -8.544266e-01 5.195720e-01
    outer loop
      vertex   0.000000e+00 -1.795994e+01 -1.763625e+01
      vertex   -1.700000e+01 -1.757476e+01 -1.698868e+01
      vertex   -1.700000e+01 -1.802791e+01 -1.773388e+01
    endloop
  endfacet
  facet normal -4.548501e-04 -7.818314e-01 6.234897e-01
    outer loop
      vertex   0.000000e+00 -1.795994e+01 -1.763625e+01
      vertex   -1.700000e+01 -1.802791e+01 -1.773388e+01
      vertex   0.000000e+00 -1.852838e+01 -1.834905e+01
    endloop
  endfacet
  facet normal 3.032361e-04 -7.715964e-01 6.361123e-01
    outer loop
      vertex   0.000000e+00 -1.852838e+01 -1.834905e+01
      vertex   -1.700000e+01 -1.802791e+01 -1.773388e+01
      vertex   -1.700000e+01 -1.858270e+01 -1.840684e+01
    endloop
  endfacet
  facet normal -3.183642e-04 -6.801727e-01 7.330518e-01
    outer loop
      vertex   0.000000e+00 -1.852838e+01 -1.834905e+01
      vertex   -1.700000e+01 -1.858270e+01 -1.840684e+01
      vertex   0.000000e+00 -1.919671e+01 -1.896917e+01
    endloop
  endfacet
  facet normal 1.591830e-04 -6.729929e-01 7.396490e-01
    outer loop
      vertex   0.000000e+00 -1.919671e+01 -1.896917e+01
      vertex   -1.700000e+01 -1.858270e+01 -1.840684e+01
      vertex   -1.700000e+01 -1.922779e+01 -1.899379e+01
    endloop
  endfacet
  facet normal -1.276510e-04 -5.771163e-01 8.166620e-01
    outer loop
      vertex   0.000000e+00 -1.919671e+01 -1.896917e+01
      vertex   -1.700000e+01 -1.922779e+01 -1.899379e+01
      vertex   -1.249974e+01 -1.975000e+01 -1.936212e+01
    endloop
  endfacet
  facet normal 3.045389e-03 -5.587210e-01 8.293501e-01
    outer loop
      vertex   -1.249974e+01 -1.975000e+01 -1.936212e+01
      vertex   -1.700000e+01 -1.922779e+01 -1.899379e+01
      vertex   -1.310696e+01 -1.979994e+01 -1.939353e+01
    endloop
  endfacet
  facet normal 2.632663e-03 -5.606297e-01 8.280624e-01
    outer loop
      vertex   -1.310696e+01 -1.979994e+01 -1.939353e+01
      vertex   -1.700000e+01 -1.922779e+01 -1.899379e+01
      vertex   -1.700000e+01 -1.995000e+01 -1.948275e+01
    endloop
  endfacet
  facet normal 5.493814e-16 -5.110529e-01 8.595492e-01
    outer loop
      vertex   -1.310696e+01 -1.979994e+01 -1.939353e+01
      vertex   -1.700000e+01 -1.995000e+01 -1.948275e+01
      vertex   -1.370830e+01 -1.995000e+01 -1.948275e+01
    endloop
  endfacet
  facet normal -1.953162e-03 -5.493280e-01 8.356045e-01
    outer loop
      vertex   -1.249974e+01 -1.975000e+01 -1.936212e+01
      vertex   -1.189269e+01 -1.979999e+01 -1.939356e+01
      vertex   0.000000e+00 -1.919671e+01 -1.896917e+01
    endloop
  endfacet
  facet normal 6.474621e-08 -5.753724e-01 8.178916e-01
    outer loop
      vertex   0.000000e+00 -1.919671e+01 -1.896917e+01
      vertex   -1.189269e+01 -1.979999e+01 -1.939356e+01
      vertex   1.189282e+01 -1.979996e+01 -1.939355e+01
    endloop
  endfacet
  facet normal 1.952551e-03 -5.493368e-01 8.355988e-01
    outer loop
      vertex   0.000000e+00 -1.919671e+01 -1.896917e+01
      vertex   1.189282e+01 -1.979996e+01 -1.939355e+01
      vertex   1.250000e+01 -1.975000e+01 -1.936212e+01
    endloop
  endfacet
  facet normal -1.676754e-08 -5.110496e-01 8.595512e-01
    outer loop
      vertex   -1.189269e+01 -1.979999e+01 -1.939356e+01
      vertex   -1.129170e+01 -1.995000e+01 -1.948275e+01
      vertex   1.189282e+01 -1.979996e+01 -1.939355e+01
    endloop
  endfacet
  facet normal 0.000000e+00 -5.110515e-01 8.595501e-01
    outer loop
      vertex   1.189282e+01 -1.979996e+01 -1.939355e+01
      vertex   -1.129170e+01 -1.995000e+01 -1.948275e+01
      vertex   1.129170e+01 -1.995000e+01 -1.948275e+01
    endloop
  endfacet
  facet normal 1.276511e-04 -5.771163e-01 8.166620e-01
    outer loop
      vertex   0.000000e+00 -1.919671e+01 -1.896917e+01
      vertex   1.250000e+01 -1.975000e+01 -1.936212e+01
      vertex   1.700000e+01 -1.922779e+01 -1.899379e+01
    endloop
  endfacet
  facet normal -3.047132e-03 -5.587119e-01 8.293562e-01
    outer loop
      vertex   1.700000e+01 -1.922779e+01 -1.899379e+01
      vertex   1.250000e+01 -1.975000e+01 -1.936212e+01
      vertex   1.310718e+01 -1.979996e+01 -1.939355e+01
    endloop
  endfacet
  facet normal -2.632383e-03 -5.606297e-01 8.280624e-01
    outer loop
      vertex   1.700000e+01 -1.922779e+01 -1.899379e+01
      vertex   1.310718e+01 -1.979996e+01 -1.939355e+01
      vertex   1.700000e+01 -1.995000e+01 -1.948275e+01
    endloop
  endfacet
  facet normal -5.515758e-16 -5.110515e-01 8.595501e-01
    outer loop
      vertex   1.700000e+01 -1.995000e+01 -1.948275e+01
      vertex   1.310718e+01 -1.979996e+01 -1.939355e+01
      vertex   1.370830e+01 -1.995000e+01 -1.948275e+01
    endloop
  endfacet
  facet normal -1.591830e-04 -6.729929e-01 7.396490e-01
    outer loop
      vertex   1.700000e+01 -1.922779e+01 -1.899379e+01
      vertex   1.700000e+01 -1.858270e+01 -1.840684e+01
      vertex   0.000000e+00 -1.919671e+01 -1.896917e+01
    endloop
  endfacet
  facet normal 3.183642e-04 -6.801727e-01 7.330518e-01
    outer loop
      vertex   0.000000e+00 -1.919671e+01 -1.896917e+01
      vertex   1.700000e+01 -1.858270e+01 -1.840684e+01
      vertex   0.000000e+00 -1.852838e+01 -1.834905e+01
    endloop
  endfacet
  facet normal -3.032361e-04 -7.715964e-01 6.361123e-01
    outer loop
      vertex   1.700000e+01 -1.858270e+01 -1.840684e+01
      vertex   1.700000e+01 -1.802791e+01 -1.773388e+01
      vertex   0.000000e+00 -1.852838e+01 -1.834905e+01
    endloop
  endfacet
  facet normal 4.548501e-04 -7.818314e-01 6.234897e-01
    outer loop
      vertex   0.000000e+00 -1.852838e+01 -1.834905e+01
      vertex   1.700000e+01 -1.802791e+01 -1.773388e+01
      vertex   0.000000e+00 -1.795994e+01 -1.763625e+01
    endloop
  endfacet
  facet normal -4.321533e-04 -8.544266e-01 5.195720e-01
    outer loop
      vertex   1.700000e+01 -1.802791e+01 -1.773388e+01
      vertex   1.700000e+01 -1.757476e+01 -1.698868e+01
      vertex   0.000000e+00 -1.795994e+01 -1.763625e+01
    endloop
  endfacet
  facet normal 5.761973e-04 -8.660253e-01 4.999999e-01
    outer loop
      vertex   0.000000e+00 -1.795994e+01 -1.763625e+01
      vertex   1.700000e+01 -1.757476e+01 -1.698868e+01
      vertex   0.000000e+00 -1.750409e+01 -1.684669e+01
    endloop
  endfacet
  facet normal -5.459292e-04 -9.197901e-01 3.924103e-01
    outer loop
      vertex   1.700000e+01 -1.757476e+01 -1.698868e+01
      vertex   1.700000e+01 -1.723251e+01 -1.618648e+01
      vertex   0.000000e+00 -1.750409e+01 -1.684669e+01
    endloop
  endfacet
  facet normal 6.824006e-04 -9.308735e-01 3.653409e-01
    outer loop
      vertex   0.000000e+00 -1.750409e+01 -1.684669e+01
      vertex   1.700000e+01 -1.723251e+01 -1.618648e+01
      vertex   0.000000e+00 -1.717101e+01 -1.599801e+01
    endloop
  endfacet
  facet normal -6.445589e-04 -9.663508e-01 2.572268e-01
    outer loop
      vertex   1.700000e+01 -1.723251e+01 -1.618648e+01
      vertex   1.700000e+01 -1.700817e+01 -1.534366e+01
      vertex   0.000000e+00 -1.717101e+01 -1.599801e+01
    endloop
  endfacet
  facet normal 7.734556e-04 -9.749276e-01 2.225209e-01
    outer loop
      vertex   0.000000e+00 -1.717101e+01 -1.599801e+01
      vertex   1.700000e+01 -1.700817e+01 -1.534366e+01
      vertex   0.000000e+00 -1.696813e+01 -1.510916e+01
    endloop
  endfacet
  facet normal -7.280383e-04 -9.931570e-01 1.167850e-01
    outer loop
      vertex   1.700000e+01 -1.700817e+01 -1.534366e+01
      vertex   1.700000e+01 -1.690631e+01 -1.447747e+01
      vertex   0.000000e+00 -1.696813e+01 -1.510916e+01
    endloop
  endfacet
  facet normal 8.493585e-04 -9.972034e-01 7.473007e-02
    outer loop
      vertex   0.000000e+00 -1.696813e+01 -1.510916e+01
      vertex   1.700000e+01 -1.690631e+01 -1.447747e+01
      vertex   0.000000e+00 -1.690000e+01 -1.420000e+01
    endloop
  endfacet
  facet normal -7.963638e-04 -9.996605e-01 -2.604424e-02
    outer loop
      vertex   1.700000e+01 -1.690631e+01 -1.447747e+01
      vertex   1.700000e+01 -1.692903e+01 -1.360560e+01
      vertex   0.000000e+00 -1.690000e+01 -1.420000e+01
    endloop
  endfacet
  facet normal 9.101060e-04 -9.972034e-01 -7.473006e-02
    outer loop
      vertex   0.000000e+00 -1.690000e+01 -1.420000e+01
      vertex   1.700000e+01 -1.692903e+01 -1.360560e+01
      vertex   0.000000e+00 -1.696813e+01 -1.329084e+01
    endloop
  endfacet
  facet normal -8.495327e-04 -9.857284e-01 -1.683410e-01
    outer loop
      vertex   1.700000e+01 -1.692903e+01 -1.360560e+01
      vertex   1.700000e+01 -1.707585e+01 -1.274589e+01
      vertex   0.000000e+00 -1.696813e+01 -1.329084e+01
    endloop
  endfacet
  facet normal 9.556955e-04 -9.749275e-01 -2.225208e-01
    outer loop
      vertex   0.000000e+00 -1.696813e+01 -1.329084e+01
      vertex   1.700000e+01 -1.707585e+01 -1.274589e+01
      vertex   0.000000e+00 -1.717101e+01 -1.240199e+01
    endloop
  endfacet
  facet normal -8.875425e-04 -9.516457e-01 -3.071965e-01
    outer loop
      vertex   1.700000e+01 -1.707585e+01 -1.274589e+01
      vertex   1.700000e+01 -1.734377e+01 -1.191590e+01
      vertex   0.000000e+00 -1.717101e+01 -1.240199e+01
    endloop
  endfacet
  facet normal 9.861252e-04 -9.308733e-01 -3.653408e-01
    outer loop
      vertex   0.000000e+00 -1.717101e+01 -1.240199e+01
      vertex   1.700000e+01 -1.734377e+01 -1.191590e+01
      vertex   0.000000e+00 -1.750409e+01 -1.155331e+01
    endloop
  endfacet
  facet normal -9.103918e-04 -8.981089e-01 -4.397721e-01
    outer loop
      vertex   1.700000e+01 -1.734377e+01 -1.191590e+01
      vertex   1.700000e+01 -1.772733e+01 -1.113260e+01
      vertex   0.000000e+00 -1.750409e+01 -1.155331e+01
    endloop
  endfacet
  facet normal 1.001394e-03 -8.660250e-01 -4.999997e-01
    outer loop
      vertex   0.000000e+00 -1.750409e+01 -1.155331e+01
      vertex   1.700000e+01 -1.772733e+01 -1.113260e+01
      vertex   0.000000e+00 -1.795994e+01 -1.076375e+01
    endloop
  endfacet
  facet normal -9.180795e-04 -8.262126e-01 -5.633577e-01
    outer loop
      vertex   1.700000e+01 -1.772733e+01 -1.113260e+01
      vertex   1.700000e+01 -1.821867e+01 -1.041201e+01
      vertex   0.000000e+00 -1.795994e+01 -1.076375e+01
    endloop
  endfacet
  facet normal 1.001501e-03 -7.818311e-01 -6.234895e-01
    outer loop
      vertex   0.000000e+00 -1.795994e+01 -1.076375e+01
      vertex   1.700000e+01 -1.821867e+01 -1.041201e+01
      vertex   0.000000e+00 -1.852838e+01 -1.005095e+01
    endloop
  endfacet
  facet normal -9.106054e-04 -7.374265e-01 -6.754268e-01
    outer loop
      vertex   1.700000e+01 -1.821867e+01 -1.041201e+01
      vertex   1.700000e+01 -1.880775e+01 -9.768859e+00
      vertex   0.000000e+00 -1.852838e+01 -1.005095e+01
    endloop
  endfacet
  facet normal 9.864457e-04 -6.801724e-01 -7.330515e-01
    outer loop
      vertex   0.000000e+00 -1.852838e+01 -1.005095e+01
      vertex   1.700000e+01 -1.880775e+01 -9.768859e+00
      vertex   0.000000e+00 -1.919671e+01 -9.430828e+00
    endloop
  endfacet
  facet normal -8.879698e-04 -6.335655e-01 -7.736885e-01
    outer loop
      vertex   1.700000e+01 -1.880775e+01 -9.768859e+00
      vertex   1.700000e+01 -1.948253e+01 -9.216288e+00
      vertex   0.000000e+00 -1.919671e+01 -9.430828e+00
    endloop
  endfacet
  facet normal 9.562296e-04 -5.633198e-01 -8.262384e-01
    outer loop
      vertex   0.000000e+00 -1.919671e+01 -9.430828e+00
      vertex   1.700000e+01 -1.948253e+01 -9.216288e+00
      vertex   0.000000e+00 -1.995000e+01 -8.917245e+00
    endloop
  endfacet
  facet normal 0.000000e+00 9.984268e-01 -5.607045e-02
    outer loop
      vertex   -1.700000e+01 1.450000e+01 -1.500000e+01
      vertex   1.700000e+01 1.450000e+01 -1.500000e+01
      vertex   -4.440892e-15 1.443712e+01 -1.611964e+01
    endloop
  endfacet
  facet normal 0.000000e+00 9.984268e-01 -5.607045e-02
    outer loop
      vertex   -4.440892e-15 1.443712e+01 -1.611964e+01
      vertex   1.700000e+01 1.450000e+01 -1.500000e+01
      vertex   1.700000e+01 1.443712e+01 -1.611964e+01
    endloop
  endfacet
  facet normal 0.000000e+00 9.858710e-01 -1.675062e-01
    outer loop
      vertex   -4.440892e-15 1.443712e+01 -1.611964e+01
      vertex   1.700000e+01 1.443712e+01 -1.611964e+01
      vertex   -4.440892e-15 1.424928e+01 -1.722521e+01
    endloop
  endfacet
  facet normal -1.030152e-16 9.858710e-01 -1.675062e-01
    outer loop
      vertex   -4.440892e-15 1.424928e+01 -1.722521e+01
      vertex   1.700000e+01 1.443712e+01 -1.611964e+01
      vertex   1.700000e+01 1.424928e+01 -1.722521e+01
    endloop
  endfacet
  facet normal -1.004078e-16 9.609173e-01 -2.768355e-01
    outer loop
      vertex   -4.440892e-15 1.424928e+01 -1.722521e+01
      vertex   1.700000e+01 1.424928e+01 -1.722521e+01
      vertex   -4.440892e-15 1.393883e+01 -1.830279e+01
    endloop
  endfacet
  facet normal 0.000000e+00 9.609173e-01 -2.768355e-01
    outer loop
      vertex   -4.440892e-15 1.393883e+01 -1.830279e+01
      vertex   1.700000e+01 1.424928e+01 -1.722521e+01
      vertex   1.700000e+01 1.393883e+01 -1.830279e+01
    endloop
  endfacet
  facet normal 0.000000e+00 9.238795e-01 -3.826834e-01
    outer loop
      vertex   -4.440892e-15 1.393883e+01 -1.830279e+01
      vertex   1.700000e+01 1.393883e+01 -1.830279e+01
      vertex   -4.440892e-15 1.350969e+01 -1.933884e+01
    endloop
  endfacet
  facet normal 0.000000e+00 9.238795e-01 -3.826834e-01
    outer loop
      vertex   -4.440892e-15 1.350969e+01 -1.933884e+01
      vertex   1.700000e+01 1.393883e+01 -1.830279e+01
      vertex   1.700000e+01 1.350969e+01 -1.933884e+01
    endloop
  endfacet
  facet normal 0.000000e+00 8.752234e-01 -4.837189e-01
    outer loop
      vertex   -4.440892e-15 1.350969e+01 -1.933884e+01
      vertex   1.700000e+01 1.350969e+01 -1.933884e+01
      vertex   -4.440892e-15 1.296724e+01 -2.032032e+01
    endloop
  endfacet
  facet normal 0.000000e+00 8.752234e-01 -4.837189e-01
    outer loop
      vertex   -4.440892e-15 1.296724e+01 -2.032032e+01
      vertex   1.700000e+01 1.350969e+01 -1.933884e+01
      vertex   1.700000e+01 1.296724e+01 -2.032032e+01
    endloop
  endfacet
  facet normal 0.000000e+00 8.155609e-01 -5.786713e-01
    outer loop
      vertex   -4.440892e-15 1.296724e+01 -2.032032e+01
      vertex   1.700000e+01 1.296724e+01 -2.032032e+01
      vertex   -4.440892e-15 1.231831e+01 -2.123490e+01
    endloop
  endfacet
  facet normal 0.000000e+00 8.155609e-01 -5.786713e-01
    outer loop
      vertex   -4.440892e-15 1.231831e+01 -2.123490e+01
      vertex   1.700000e+01 1.296724e+01 -2.032032e+01
      vertex   1.700000e+01 1.231831e+01 -2.123490e+01
    endloop
  endfacet
  facet normal 0.000000e+00 7.456422e-01 -6.663466e-01
    outer loop
      vertex   -4.440892e-15 1.231831e+01 -2.123490e+01
      vertex   1.700000e+01 1.231831e+01 -2.123490e+01
      vertex   -4.440892e-15 1.157107e+01 -2.207107e+01
    endloop
  endfacet
  facet normal 0.000000e+00 7.456422e-01 -6.663466e-01
    outer loop
      vertex   -4.440892e-15 1.157107e+01 -2.207107e+01
      vertex   1.700000e+01 1.231831e+01 -2.123490e+01
      vertex   1.700000e+01 1.157107e+01 -2.207107e+01
    endloop
  endfacet
  facet normal 0.000000e+00 6.663466e-01 -7.456422e-01
    outer loop
      vertex   -4.440892e-15 1.157107e+01 -2.207107e+01
      vertex   1.700000e+01 1.157107e+01 -2.207107e+01
      vertex   -4.440892e-15 1.073490e+01 -2.281831e+01
    endloop
  endfacet
  facet normal 6.962761e-17 6.663466e-01 -7.456422e-01
    outer loop
      vertex   -4.440892e-15 1.073490e+01 -2.281831e+01
      vertex   1.700000e+01 1.157107e+01 -2.207107e+01
      vertex   1.700000e+01 1.073490e+01 -2.281831e+01
    endloop
  endfacet
  facet normal 6.046628e-17 5.786713e-01 -8.155609e-01
    outer loop
      vertex   -4.440892e-15 1.073490e+01 -2.281831e+01
      vertex   1.700000e+01 1.073490e+01 -2.281831e+01
      vertex   -4.440892e-15 9.820321e+00 -2.346724e+01
    endloop
  endfacet
  facet normal -2.309048e-16 5.786713e-01 -8.155609e-01
    outer loop
      vertex   -4.440892e-15 9.820321e+00 -2.346724e+01
      vertex   1.700000e+01 1.073490e+01 -2.281831e+01
      vertex   1.700000e+01 9.820321e+00 -2.346724e+01
    endloop
  endfacet
  facet normal -2.334515e-16 4.837189e-01 -8.752234e-01
    outer loop
      vertex   -4.440892e-15 9.820321e+00 -2.346724e+01
      vertex   1.700000e+01 9.820321e+00 -2.346724e+01
      vertex   -4.440892e-15 8.838837e+00 -2.400969e+01
    endloop
  endfacet
  facet normal 1.010891e-16 4.837189e-01 -8.752234e-01
    outer loop
      vertex   -4.440892e-15 8.838837e+00 -2.400969e+01
      vertex   1.700000e+01 9.820321e+00 -2.346724e+01
      vertex   1.700000e+01 8.838837e+00 -2.400969e+01
    endloop
  endfacet
  facet normal 7.997439e-17 3.826834e-01 -9.238795e-01
    outer loop
      vertex   -4.440892e-15 8.838837e+00 -2.400969e+01
      vertex   1.700000e+01 8.838837e+00 -2.400969e+01
      vertex   -4.440892e-15 7.802791e+00 -2.443883e+01
    endloop
  endfacet
  facet normal 1.930753e-16 3.826834e-01 -9.238795e-01
    outer loop
      vertex   -4.440892e-15 7.802791e+00 -2.443883e+01
      vertex   1.700000e+01 8.838837e+00 -2.400969e+01
      vertex   1.700000e+01 7.802791e+00 -2.443883e+01
    endloop
  endfacet
  facet normal 2.008155e-16 2.768355e-01 -9.609173e-01
    outer loop
      vertex   -4.440892e-15 7.802791e+00 -2.443883e+01
      vertex   1.700000e+01 7.802791e+00 -2.443883e+01
      vertex   -4.440892e-15 6.725209e+00 -2.474928e+01
    endloop
  endfacet
  facet normal 4.339047e-17 2.768355e-01 -9.609173e-01
    outer loop
      vertex   -4.440892e-15 6.725209e+00 -2.474928e+01
      vertex   1.700000e+01 7.802791e+00 -2.443883e+01
      vertex   1.700000e+01 6.725209e+00 -2.474928e+01
    endloop
  endfacet
  facet normal 2.625448e-17 1.675062e-01 -9.858710e-01
    outer loop
      vertex   -4.440892e-15 6.725209e+00 -2.474928e+01
      vertex   1.700000e+01 6.725209e+00 -2.474928e+01
      vertex   -4.440892e-15 5.619645e+00 -2.493712e+01
    endloop
  endfacet
  facet normal 1.750299e-17 1.675062e-01 -9.858710e-01
    outer loop
      vertex   -4.440892e-15 5.619645e+00 -2.493712e+01
      vertex   1.700000e+01 6.725209e+00 -2.474928e+01
      vertex   1.700000e+01 5.619645e+00 -2.493712e+01
    endloop
  endfacet
  facet normal 5.858890e-18 5.607045e-02 -9.984268e-01
    outer loop
      vertex   -4.440892e-15 5.619645e+00 -2.493712e+01
      vertex   1.700000e+01 5.619645e+00 -2.493712e+01
      vertex   1.700000e+01 4.500000e+00 -2.500000e+01
    endloop
  endfacet
  facet normal 4.394167e-18 5.607045e-02 -9.984268e-01
    outer loop
      vertex   1.700000e+01 4.500000e+00 -2.500000e+01
      vertex   -1.700000e+01 4.500000e+00 -2.500000e+01
      vertex   -4.440892e-15 5.619645e+00 -2.493712e+01
    endloop
  endfacet
  facet normal -1.998661e-16 5.607045e-02 -9.984268e-01
    outer loop
      vertex   -4.440892e-15 5.619645e+00 -2.493712e+01
      vertex   -1.700000e+01 4.500000e+00 -2.500000e+01
      vertex   -1.700000e+01 5.619645e+00 -2.493712e+01
    endloop
  endfacet
  facet normal -1.797760e-16 1.675062e-01 -9.858710e-01
    outer loop
      vertex   -4.440892e-15 5.619645e+00 -2.493712e+01
      vertex   -1.700000e+01 5.619645e+00 -2.493712e+01
      vertex   -4.440892e-15 6.725209e+00 -2.474928e+01
    endloop
  endfacet
  facet normal 1.750299e-17 1.675062e-01 -9.858710e-01
    outer loop
      vertex   -4.440892e-15 6.725209e+00 -2.474928e+01
      vertex   -1.700000e+01 5.619645e+00 -2.493712e+01
      vertex   -1.700000e+01 6.725209e+00 -2.474928e+01
    endloop
  endfacet
  facet normal 2.892698e-17 2.768355e-01 -9.609173e-01
    outer loop
      vertex   -4.440892e-15 6.725209e+00 -2.474928e+01
      vertex   -1.700000e+01 6.725209e+00 -2.474928e+01
      vertex   -4.440892e-15 7.802791e+00 -2.443883e+01
    endloop
  endfacet
  facet normal -2.008155e-16 2.768355e-01 -9.609173e-01
    outer loop
      vertex   -4.440892e-15 7.802791e+00 -2.443883e+01
      vertex   -1.700000e+01 6.725209e+00 -2.474928e+01
      vertex   -1.700000e+01 7.802791e+00 -2.443883e+01
    endloop
  endfacet
  facet normal -1.930753e-16 3.826834e-01 -9.238795e-01
    outer loop
      vertex   -4.440892e-15 7.802791e+00 -2.443883e+01
      vertex   -1.700000e+01 7.802791e+00 -2.443883e+01
      vertex   -4.440892e-15 8.838837e+00 -2.400969e+01
    endloop
  endfacet
  facet normal 0.000000e+00 3.826834e-01 -9.238795e-01
    outer loop
      vertex   -4.440892e-15 8.838837e+00 -2.400969e+01
      vertex   -1.700000e+01 7.802791e+00 -2.443883e+01
      vertex   -1.700000e+01 8.838837e+00 -2.400969e+01
    endloop
  endfacet
  facet normal 0.000000e+00 4.837189e-01 -8.752234e-01
    outer loop
      vertex   -4.440892e-15 8.838837e+00 -2.400969e+01
      vertex   -1.700000e+01 8.838837e+00 -2.400969e+01
      vertex   -4.440892e-15 9.820321e+00 -2.346724e+01
    endloop
  endfacet
  facet normal 5.054455e-17 4.837189e-01 -8.752234e-01
    outer loop
      vertex   -4.440892e-15 9.820321e+00 -2.346724e+01
      vertex   -1.700000e+01 8.838837e+00 -2.400969e+01
      vertex   -1.700000e+01 9.820321e+00 -2.346724e+01
    endloop
  endfacet
  facet normal 6.046628e-17 5.786713e-01 -8.155609e-01
    outer loop
      vertex   -4.440892e-15 9.820321e+00 -2.346724e+01
      vertex   -1.700000e+01 9.820321e+00 -2.346724e+01
      vertex   -4.440892e-15 1.073490e+01 -2.281831e+01
    endloop
  endfacet
  facet normal 0.000000e+00 5.786713e-01 -8.155609e-01
    outer loop
      vertex   -4.440892e-15 1.073490e+01 -2.281831e+01
      vertex   -1.700000e+01 9.820321e+00 -2.346724e+01
      vertex   -1.700000e+01 1.073490e+01 -2.281831e+01
    endloop
  endfacet
  facet normal 0.000000e+00 6.663466e-01 -7.456422e-01
    outer loop
      vertex   -4.440892e-15 1.073490e+01 -2.281831e+01
      vertex   -1.700000e+01 1.073490e+01 -2.281831e+01
      vertex   -4.440892e-15 1.157107e+01 -2.207107e+01
    endloop
  endfacet
  facet normal 0.000000e+00 6.663466e-01 -7.456422e-01
    outer loop
      vertex   -4.440892e-15 1.157107e+01 -2.207107e+01
      vertex   -1.700000e+01 1.073490e+01 -2.281831e+01
      vertex   -1.700000e+01 1.157107e+01 -2.207107e+01
    endloop
  endfacet
  facet normal 0.000000e+00 7.456422e-01 -6.663466e-01
    outer loop
      vertex   -4.440892e-15 1.157107e+01 -2.207107e+01
      vertex   -1.700000e+01 1.157107e+01 -2.207107e+01
      vertex   -4.440892e-15 1.231831e+01 -2.123490e+01
    endloop
  endfacet
  facet normal 0.000000e+00 7.456422e-01 -6.663466e-01
    outer loop
      vertex   -4.440892e-15 1.231831e+01 -2.123490e+01
      vertex   -1.700000e+01 1.157107e+01 -2.207107e+01
      vertex   -1.700000e+01 1.231831e+01 -2.123490e+01
    endloop
  endfacet
  facet normal 0.000000e+00 8.155609e-01 -5.786713e-01
    outer loop
      vertex   -4.440892e-15 1.231831e+01 -2.123490e+01
      vertex   -1.700000e+01 1.231831e+01 -2.123490e+01
      vertex   -4.440892e-15 1.296724e+01 -2.032032e+01
    endloop
  endfacet
  facet normal 0.000000e+00 8.155609e-01 -5.786713e-01
    outer loop
      vertex   -4.440892e-15 1.296724e+01 -2.032032e+01
      vertex   -1.700000e+01 1.231831e+01 -2.123490e+01
      vertex   -1.700000e+01 1.296724e+01 -2.032032e+01
    endloop
  endfacet
  facet normal 0.000000e+00 8.752234e-01 -4.837189e-01
    outer loop
      vertex   -4.440892e-15 1.296724e+01 -2.032032e+01
      vertex   -1.700000e+01 1.296724e+01 -2.032032e+01
      vertex   -4.440892e-15 1.350969e+01 -1.933884e+01
    endloop
  endfacet
  facet normal 0.000000e+00 8.752234e-01 -4.837189e-01
    outer loop
      vertex   -4.440892e-15 1.350969e+01 -1.933884e+01
      vertex   -1.700000e+01 1.296724e+01 -2.032032e+01
      vertex   -1.700000e+01 1.350969e+01 -1.933884e+01
    endloop
  endfacet
  facet normal 0.000000e+00 9.238795e-01 -3.826834e-01
    outer loop
      vertex   -4.440892e-15 1.350969e+01 -1.933884e+01
      vertex   -1.700000e+01 1.350969e+01 -1.933884e+01
      vertex   -4.440892e-15 1.393883e+01 -1.830279e+01
    endloop
  endfacet
  facet normal 0.000000e+00 9.238795e-01 -3.826834e-01
    outer loop
      vertex   -4.440892e-15 1.393883e+01 -1.830279e+01
      vertex   -1.700000e+01 1.350969e+01 -1.933884e+01
      vertex   -1.700000e+01 1.393883e+01 -1.830279e+01
    endloop
  endfacet
  facet normal 0.000000e+00 9.609173e-01 -2.768355e-01
    outer loop
      vertex   -4.440892e-15 1.393883e+01 -1.830279e+01
      vertex   -1.700000e+01 1.393883e+01 -1.830279e+01
      vertex   -4.440892e-15 1.424928e+01 -1.722521e+01
    endloop
  endfacet
  facet normal 1.004078e-16 9.609173e-01 -2.768355e-01
    outer loop
      vertex   -4.440892e-15 1.424928e+01 -1.722521e+01
      vertex   -1.700000e+01 1.393883e+01 -1.830279e+01
      vertex   -1.700000e+01 1.424928e+01 -1.722521e+01
    endloop
  endfacet
  facet normal 1.030152e-16 9.858710e-01 -1.675062e-01
    outer loop
      vertex   -4.440892e-15 1.424928e+01 -1.722521e+01
      vertex   -1.700000e+01 1.424928e+01 -1.722521e+01
      vertex   -4.440892e-15 1.443712e+01 -1.611964e+01
    endloop
  endfacet
  facet normal 0.000000e+00 9.858710e-01 -1.675062e-01
    outer loop
      vertex   -4.440892e-15 1.443712e+01 -1.611964e+01
      vertex   -1.700000e+01 1.424928e+01 -1.722521e+01
      vertex   -1.700000e+01 1.443712e+01 -1.611964e+01
    endloop
  endfacet
  facet normal 0.000000e+00 9.984268e-01 -5.607045e-02
    outer loop
      vertex   -4.440892e-15 1.443712e+01 -1.611964e+01
      vertex   -1.700000e+01 1.443712e+01 -1.611964e+01
      vertex   -1.700000e+01 1.450000e+01 -1.500000e+01
    endloop
  endfacet
  facet normal -1.000000e+00 -0.000000e+00 0.000000e+00
    outer loop
      vertex   -1.700000e+01 1.450000e+01 4.000000e+00
      vertex   -1.700000e+01 7.228580e+00 -8.521670e+00
      vertex   -1.700000e+01 6.500000e+00 4.000000e+00
    endloop
  endfacet
  facet normal -1.000000e+00 0.000000e+00 -0.000000e+00
    outer loop
      vertex   -1.700000e+01 6.500000e+00 4.000000e+00
      vertex   -1.700000e+01 7.228580e+00 -8.521670e+00
      vertex   -1.700000e+01 6.357378e+00 -8.252940e+00
    endloop
  endfacet
  facet normal -1.000000e+00 0.000000e+00 0.000000e+00
    outer loop
      vertex   -1.700000e+01 6.500000e+00 4.000000e+00
      vertex   -1.700000e+01 6.357378e+00 -8.252940e+00
      vertex   -1.700000e+01 5.455854e+00 -8.117057e+00
    endloop
  endfacet
  facet normal -1.000000e+00 0.000000e+00 0.000000e+00
    outer loop
      vertex   -1.700000e+01 1.450000e+01 -1.500000e+01
      vertex   -1.700000e+01 1.004006e+01 -1.076375e+01
      vertex   -1.700000e+01 1.450000e+01 4.000000e+00
    endloop
  endfacet
  facet normal -1.000000e+00 0.000000e+00 0.000000e+00
    outer loop
      vertex   -1.700000e+01 1.450000e+01 4.000000e+00
      vertex   -1.700000e+01 1.004006e+01 -1.076375e+01
      vertex   -1.700000e+01 9.471616e+00 -1.005095e+01
    endloop
  endfacet
  facet normal -1.000000e+00 0.000000e+00 0.000000e+00
    outer loop
      vertex   -1.700000e+01 1.450000e+01 4.000000e+00
      vertex   -1.700000e+01 9.471616e+00 -1.005095e+01
      vertex   -1.700000e+01 8.803288e+00 -9.430828e+00
    endloop
  endfacet
  facet normal -1.000000e+00 0.000000e+00 0.000000e+00
    outer loop
      vertex   -1.700000e+01 1.443712e+01 -1.611964e+01
      vertex   -1.700000e+01 1.103187e+01 -1.510916e+01
      vertex   -1.700000e+01 1.450000e+01 -1.500000e+01
    endloop
  endfacet
  facet normal -1.000000e+00 -0.000000e+00 0.000000e+00
    outer loop
      vertex   -1.700000e+01 1.450000e+01 -1.500000e+01
      vertex   -1.700000e+01 1.103187e+01 -1.510916e+01
      vertex   -1.700000e+01 1.110000e+01 -1.420000e+01
    endloop
  endfacet
  facet normal -1.000000e+00 0.000000e+00 0.000000e+00
    outer loop
      vertex   -1.700000e+01 1.450000e+01 -1.500000e+01
      vertex   -1.700000e+01 1.110000e+01 -1.420000e+01
      vertex   -1.700000e+01 1.103187e+01 -1.329084e+01
    endloop
  endfacet
  facet normal -1.000000e+00 0.000000e+00 -0.000000e+00
    outer loop
      vertex   -1.700000e+01 1.103187e+01 -1.510916e+01
      vertex   -1.700000e+01 1.443712e+01 -1.611964e+01
      vertex   -1.700000e+01 1.082899e+01 -1.599801e+01
    endloop
  endfacet
  facet normal -1.000000e+00 0.000000e+00 0.000000e+00
    outer loop
      vertex   -1.700000e+01 1.082899e+01 -1.599801e+01
      vertex   -1.700000e+01 1.443712e+01 -1.611964e+01
      vertex   -1.700000e+01 1.424928e+01 -1.722521e+01
    endloop
  endfacet
  facet normal -1.000000e+00 0.000000e+00 -0.000000e+00
    outer loop
      vertex   -1.700000e+01 1.082899e+01 -1.599801e+01
      vertex   -1.700000e+01 1.424928e+01 -1.722521e+01
      vertex   -1.700000e+01 1.049591e+01 -1.684669e+01
    endloop
  endfacet
  facet normal -1.000000e+00 0.000000e+00 0.000000e+00
    outer loop
      vertex   -1.700000e+01 1.049591e+01 -1.684669e+01
      vertex   -1.700000e+01 1.424928e+01 -1.722521e+01
      vertex   -1.700000e+01 1.393883e+01 -1.830279e+01
    endloop
  endfacet
  facet normal -1.000000e+00 0.000000e+00 -0.000000e+00
    outer loop
      vertex   -1.700000e+01 1.049591e+01 -1.684669e+01
      vertex   -1.700000e+01 1.393883e+01 -1.830279e+01
      vertex   -1.700000e+01 1.004006e+01 -1.763625e+01
    endloop
  endfacet
  facet normal -1.000000e+00 0.000000e+00 0.000000e+00
    outer loop
      vertex   -1.700000e+01 1.004006e+01 -1.763625e+01
      vertex   -1.700000e+01 1.393883e+01 -1.830279e+01
      vertex   -1.700000e+01 1.350969e+01 -1.933884e+01
    endloop
  endfacet
  facet normal -1.000000e+00 0.000000e+00 0.000000e+00
    outer loop
      vertex   -1.700000e+01 1.004006e+01 -1.763625e+01
      vertex   -1.700000e+01 1.350969e+01 -1.933884e+01
      vertex   -1.700000e+01 1.296724e+01 -2.032032e+01
    endloop
  endfacet
  facet normal -1.000000e+00 0.000000e+00 -0.000000e+00
    outer loop
      vertex   -1.700000e+01 1.004006e+01 -1.763625e+01
      vertex   -1.700000e+01 1.296724e+01 -2.032032e+01
      vertex   -1.700000e+01 9.471616e+00 -1.834905e+01
    endloop
  endfacet
  facet normal -1.000000e+00 0.000000e+00 0.000000e+00
    outer loop
      vertex   -1.700000e+01 9.471616e+00 -1.834905e+01
      vertex   -1.700000e+01 1.296724e+01 -2.032032e+01
      vertex   -1.700000e+01 1.231831e+01 -2.123490e+01
    endloop
  endfacet
  facet normal -1.000000e+00 0.000000e+00 -0.000000e+00
    outer loop
      vertex   -1.700000e+01 9.471616e+00 -1.834905e+01
      vertex   -1.700000e+01 1.231831e+01 -2.123490e+01
      vertex   -1.700000e+01 8.803288e+00 -1.896917e+01
    endloop
  endfacet
  facet normal -1.000000e+00 0.000000e+00 0.000000e+00
    outer loop
      vertex   -1.700000e+01 8.803288e+00 -1.896917e+01
      vertex   -1.700000e+01 1.231831e+01 -2.123490e+01
      vertex   -1.700000e+01 1.157107e+01 -2.207107e+01
    endloop
  endfacet
  facet normal -1.000000e+00 0.000000e+00 -0.000000e+00
    outer loop
      vertex   -1.700000e+01 8.803288e+00 -1.896917e+01
      vertex   -1.700000e+01 1.157107e+01 -2.207107e+01
      vertex   -1.700000e+01 8.050000e+00 -1.948275e+01
    endloop
  endfacet
  facet normal -1.000000e+00 0.000000e+00 0.000000e+00
    outer loop
      vertex   -1.700000e+01 8.050000e+00 -1.948275e+01
      vertex   -1.700000e+01 1.157107e+01 -2.207107e+01
      vertex   -1.700000e+01 1.073490e+01 -2.281831e+01
    endloop
  endfacet
  facet normal -1.000000e+00 0.000000e+00 0.000000e+00
    outer loop
      vertex   -1.700000e+01 8.050000e+00 -1.948275e+01
      vertex   -1.700000e+01 1.073490e+01 -2.281831e+01
      vertex   -1.700000e+01 9.820321e+00 -2.346724e+01
    endloop
  endfacet
  facet normal -1.000000e+00 -0.000000e+00 0.000000e+00
    outer loop
      vertex   -1.700000e+01 9.820321e+00 -2.346724e+01
      vertex   -1.700000e+01 8.838837e+00 -2.400969e+01
      vertex   -1.700000e+01 8.050000e+00 -1.948275e+01
    endloop
  endfacet
  facet normal -1.000000e+00 0.000000e+00 -0.000000e+00
    outer loop
      vertex   -1.700000e+01 8.050000e+00 -1.948275e+01
      vertex   -1.700000e+01 8.838837e+00 -2.400969e+01
      vertex   -1.700000e+01 5.000000e+00 -2.124367e+01
    endloop
  endfacet
  facet normal -1.000000e+00 0.000000e+00 0.000000e+00
    outer loop
      vertex   -1.700000e+01 5.000000e+00 -2.124367e+01
      vertex   -1.700000e+01 8.838837e+00 -2.400969e+01
      vertex   -1.700000e+01 7.802791e+00 -2.443883e+01
    endloop
  endfacet
  facet normal -1.000000e+00 0.000000e+00 0.000000e+00
    outer loop
      vertex   -1.700000e+01 5.000000e+00 -2.124367e+01
      vertex   -1.700000e+01 7.802791e+00 -2.443883e+01
      vertex   -1.700000e+01 6.725209e+00 -2.474928e+01
    endloop
  endfacet
  facet normal -1.000000e+00 -0.000000e+00 0.000000e+00
    outer loop
      vertex   -1.700000e+01 6.725209e+00 -2.474928e+01
      vertex   -1.700000e+01 5.619645e+00 -2.493712e+01
      vertex   -1.700000e+01 5.000000e+00 -2.124367e+01
    endloop
  endfacet
  facet normal -1.000000e+00 0.000000e+00 -0.000000e+00
    outer loop
      vertex   -1.700000e+01 5.000000e+00 -2.124367e+01
      vertex   -1.700000e+01 5.619645e+00 -2.493712e+01
      vertex   -1.700000e+01 4.500000e+00 -2.500000e+01
    endloop
  endfacet
  facet normal -1.000000e+00 -0.000000e+00 0.000000e+00
    outer loop
      vertex   -1.700000e+01 5.000000e+00 -2.124367e+01
      vertex   -1.700000e+01 4.500000e+00 -2.500000e+01
      vertex   -1.700000e+01 1.950000e+00 -1.948275e+01
    endloop
  endfacet
  facet normal -1.000000e+00 -0.000000e+00 -0.000000e+00
    outer loop
      vertex   -1.700000e+01 1.950000e+00 -1.948275e+01
      vertex   -1.700000e+01 4.500000e+00 -2.500000e+01
      vertex   -1.700000e+01 1.196712e+00 -1.896917e+01
    endloop
  endfacet
  facet normal -1.000000e+00 -0.000000e+00 -0.000000e+00
    outer loop
      vertex   -1.700000e+01 1.196712e+00 -1.896917e+01
      vertex   -1.700000e+01 4.500000e+00 -2.500000e+01
      vertex   -1.700000e+01 5.283836e-01 -1.834905e+01
    endloop
  endfacet
  facet normal -1.000000e+00 0.000000e+00 -0.000000e+00
    outer loop
      vertex   -1.700000e+01 5.283836e-01 -1.834905e+01
      vertex   -1.700000e+01 4.500000e+00 -2.500000e+01
      vertex   -1.700000e+01 -2.187609e+01 -2.500000e+01
    endloop
  endfacet
  facet normal -1.000000e+00 0.000000e+00 0.000000e+00
    outer loop
      vertex   -1.700000e+01 5.283836e-01 -1.834905e+01
      vertex   -1.700000e+01 -2.187609e+01 -2.500000e+01
      vertex   -1.700000e+01 -1.858270e+01 -1.840684e+01
    endloop
  endfacet
  facet normal -1.000000e+00 0.000000e+00 0.000000e+00
    outer loop
      vertex   -1.700000e+01 -1.858270e+01 -1.840684e+01
      vertex   -1.700000e+01 -2.187609e+01 -2.500000e+01
      vertex   -1.700000e+01 -1.922779e+01 -1.899379e+01
    endloop
  endfacet
  facet normal -1.000000e+00 0.000000e+00 0.000000e+00
    outer loop
      vertex   -1.700000e+01 -1.922779e+01 -1.899379e+01
      vertex   -1.700000e+01 -2.187609e+01 -2.500000e+01
      vertex   -1.700000e+01 -1.995000e+01 -1.948275e+01
    endloop
  endfacet
  facet normal -1.000000e+00 0.000000e+00 0.000000e+00
    outer loop
      vertex   -1.700000e+01 -1.995000e+01 -1.948275e+01
      vertex   -1.700000e+01 -2.187609e+01 -2.500000e+01
      vertex   -1.700000e+01 -2.187609e+01 -2.059479e+01
    endloop
  endfacet
  facet normal -1.000000e+00 0.000000e+00 0.000000e+00
    outer loop
      vertex   -1.700000e+01 -1.858270e+01 -1.840684e+01
      vertex   -1.700000e+01 -1.802791e+01 -1.773388e+01
      vertex   -1.700000e+01 5.283836e-01 -1.834905e+01
    endloop
  endfacet
  facet normal -1.000000e+00 0.000000e+00 0.000000e+00
    outer loop
      vertex   -1.700000e+01 5.283836e-01 -1.834905e+01
      vertex   -1.700000e+01 -1.802791e+01 -1.773388e+01
      vertex   -1.700000e+01 -4.005652e-02 -1.763625e+01
    endloop
  endfacet
  facet normal -1.000000e+00 -0.000000e+00 0.000000e+00
    outer loop
      vertex   -1.700000e+01 -4.005652e-02 -1.763625e+01
      vertex   -1.700000e+01 -1.802791e+01 -1.773388e+01
      vertex   -1.700000e+01 -1.757476e+01 -1.698868e+01
    endloop
  endfacet
  facet normal -1.000000e+00 0.000000e+00 0.000000e+00
    outer loop
      vertex   -1.700000e+01 -4.005652e-02 -1.763625e+01
      vertex   -1.700000e+01 -1.757476e+01 -1.698868e+01
      vertex   -1.700000e+01 -4.959101e-01 -1.684669e+01
    endloop
  endfacet
  facet normal -1.000000e+00 -0.000000e+00 0.000000e+00
    outer loop
      vertex   -1.700000e+01 -4.959101e-01 -1.684669e+01
      vertex   -1.700000e+01 -1.757476e+01 -1.698868e+01
      vertex   -1.700000e+01 -1.723251e+01 -1.618648e+01
    endloop
  endfacet
  facet normal -1.000000e+00 0.000000e+00 0.000000e+00
    outer loop
      vertex   -1.700000e+01 -4.959101e-01 -1.684669e+01
      vertex   -1.700000e+01 -1.723251e+01 -1.618648e+01
      vertex   -1.700000e+01 -8.289941e-01 -1.599801e+01
    endloop
  endfacet
  facet normal -1.000000e+00 -0.000000e+00 0.000000e+00
    outer loop
      vertex   -1.700000e+01 -8.289941e-01 -1.599801e+01
      vertex   -1.700000e+01 -1.723251e+01 -1.618648e+01
      vertex   -1.700000e+01 -1.700817e+01 -1.534366e+01
    endloop
  endfacet
  facet normal -1.000000e+00 0.000000e+00 0.000000e+00
    outer loop
      vertex   -1.700000e+01 -8.289941e-01 -1.599801e+01
      vertex   -1.700000e+01 -1.700817e+01 -1.534366e+01
      vertex   -1.700000e+01 -1.031868e+00 -1.510916e+01
    endloop
  endfacet
  facet normal -1.000000e+00 -0.000000e+00 0.000000e+00
    outer loop
      vertex   -1.700000e+01 -1.031868e+00 -1.510916e+01
      vertex   -1.700000e+01 -1.700817e+01 -1.534366e+01
      vertex   -1.700000e+01 -1.690631e+01 -1.447747e+01
    endloop
  endfacet
  facet normal -1.000000e+00 0.000000e+00 0.000000e+00
    outer loop
      vertex   -1.700000e+01 -1.031868e+00 -1.510916e+01
      vertex   -1.700000e+01 -1.690631e+01 -1.447747e+01
      vertex   -1.700000e+01 -1.100000e+00 -1.420000e+01
    endloop
  endfacet
  facet normal -1.000000e+00 -0.000000e+00 0.000000e+00
    outer loop
      vertex   -1.700000e+01 -1.100000e+00 -1.420000e+01
      vertex   -1.700000e+01 -1.690631e+01 -1.447747e+01
      vertex   -1.700000e+01 -1.692903e+01 -1.360560e+01
    endloop
  endfacet
  facet normal -1.000000e+00 0.000000e+00 0.000000e+00
    outer loop
      vertex   -1.700000e+01 -1.100000e+00 -1.420000e+01
      vertex   -1.700000e+01 -1.692903e+01 -1.360560e+01
      vertex   -1.700000e+01 -1.031868e+00 -1.329084e+01
    endloop
  endfacet
  facet normal -1.000000e+00 -0.000000e+00 0.000000e+00
    outer loop
      vertex   -1.700000e+01 -1.031868e+00 -1.329084e+01
      vertex   -1.700000e+01 -1.692903e+01 -1.360560e+01
      vertex   -1.700000e+01 -1.707585e+01 -1.274589e+01
    endloop
  endfacet
  facet normal -1.000000e+00 0.000000e+00 0.000000e+00
    outer loop
      vertex   -1.700000e+01 -1.031868e+00 -1.329084e+01
      vertex   -1.700000e+01 -1.707585e+01 -1.274589e+01
      vertex   -1.700000e+01 -8.289941e-01 -1.240199e+01
    endloop
  endfacet
  facet normal -1.000000e+00 -0.000000e+00 0.000000e+00
    outer loop
      vertex   -1.700000e+01 -8.289941e-01 -1.240199e+01
      vertex   -1.700000e+01 -1.707585e+01 -1.274589e+01
      vertex   -1.700000e+01 -1.734377e+01 -1.191590e+01
    endloop
  endfacet
  facet normal -1.000000e+00 0.000000e+00 0.000000e+00
    outer loop
      vertex   -1.700000e+01 -8.289941e-01 -1.240199e+01
      vertex   -1.700000e+01 -1.734377e+01 -1.191590e+01
      vertex   -1.700000e+01 -4.959101e-01 -1.155331e+01
    endloop
  endfacet
  facet normal -1.000000e+00 -0.000000e+00 0.000000e+00
    outer loop
      vertex   -1.700000e+01 -4.959101e-01 -1.155331e+01
      vertex   -1.700000e+01 -1.734377e+01 -1.191590e+01
      vertex   -1.700000e+01 -1.772733e+01 -1.113260e+01
    endloop
  endfacet
  facet normal -1.000000e+00 0.000000e+00 0.000000e+00
    outer loop
      vertex   -1.700000e+01 -4.959101e-01 -1.155331e+01
      vertex   -1.700000e+01 -1.772733e+01 -1.113260e+01
      vertex   -1.700000e+01 -4.005652e-02 -1.076375e+01
    endloop
  endfacet
  facet normal -1.000000e+00 -0.000000e+00 0.000000e+00
    outer loop
      vertex   -1.700000e+01 -4.005652e-02 -1.076375e+01
      vertex   -1.700000e+01 -1.772733e+01 -1.113260e+01
      vertex   -1.700000e+01 -1.821867e+01 -1.041201e+01
    endloop
  endfacet
  facet normal -1.000000e+00 0.000000e+00 0.000000e+00
    outer loop
      vertex   -1.700000e+01 -4.005652e-02 -1.076375e+01
      vertex   -1.700000e+01 -1.821867e+01 -1.041201e+01
      vertex   -1.700000e+01 5.283836e-01 -1.005095e+01
    endloop
  endfacet
  facet normal -1.000000e+00 -0.000000e+00 0.000000e+00
    outer loop
      vertex   -1.700000e+01 5.283836e-01 -1.005095e+01
      vertex   -1.700000e+01 -1.821867e+01 -1.041201e+01
      vertex   -1.700000e+01 -1.880775e+01 -9.768859e+00
    endloop
  endfacet
  facet normal -1.000000e+00 0.000000e+00 0.000000e+00
    outer loop
      vertex   -1.700000e+01 5.283836e-01 -1.005095e+01
      vertex   -1.700000e+01 -1.880775e+01 -9.768859e+00
      vertex   -1.700000e+01 -2.754033e+00 9.500000e+00
    endloop
  endfacet
  facet normal -1.000000e+00 -0.000000e+00 0.000000e+00
    outer loop
      vertex   -1.700000e+01 -2.754033e+00 9.500000e+00
      vertex   -1.700000e+01 -1.880775e+01 -9.768859e+00
      vertex   -1.700000e+01 -1.824597e+01 9.500000e+00
    endloop
  endfacet
  facet normal -1.000000e+00 0.000000e+00 0.000000e+00
    outer loop
      vertex   -1.700000e+01 -1.824597e+01 9.500000e+00
      vertex   -1.700000e+01 -1.880775e+01 -9.768859e+00
      vertex   -1.700000e+01 -1.948253e+01 -9.216288e+00
    endloop
  endfacet
  facet normal -1.000000e+00 0.000000e+00 0.000000e+00
    outer loop
      vertex   -1.700000e+01 -1.824597e+01 9.500000e+00
      vertex   -1.700000e+01 -1.948253e+01 -9.216288e+00
      vertex   -1.700000e+01 -2.022922e+01 -8.765596e+00
    endloop
  endfacet
  facet normal -1.000000e+00 0.000000e+00 0.000000e+00
    outer loop
      vertex   -1.700000e+01 -2.022922e+01 -8.765596e+00
      vertex   -1.700000e+01 -2.103254e+01 -8.425996e+00
      vertex   -1.700000e+01 -1.824597e+01 9.500000e+00
    endloop
  endfacet
  facet normal -1.000000e+00 0.000000e+00 0.000000e+00
    outer loop
      vertex   -1.700000e+01 -1.824597e+01 9.500000e+00
      vertex   -1.700000e+01 -2.103254e+01 -8.425996e+00
      vertex   -1.700000e+01 -2.187609e+01 -8.204432e+00
    endloop
  endfacet
  facet normal -1.000000e+00 -0.000000e+00 0.000000e+00
    outer loop
      vertex   -1.700000e+01 -1.824597e+01 9.500000e+00
      vertex   -1.700000e+01 -2.187609e+01 -8.204432e+00
      vertex   -1.700000e+01 -2.187609e+01 9.500000e+00
    endloop
  endfacet
  facet normal -1.000000e+00 -0.000000e+00 -0.000000e+00
    outer loop
      vertex   -1.700000e+01 6.500000e+00 9.500000e+00
      vertex   -1.700000e+01 6.500000e+00 4.000000e+00
      vertex   -1.700000e+01 -2.754033e+00 9.500000e+00
    endloop
  endfacet
  facet normal -1.000000e+00 0.000000e+00 0.000000e+00
    outer loop
      vertex   -1.700000e+01 -2.754033e+00 9.500000e+00
      vertex   -1.700000e+01 6.500000e+00 4.000000e+00
      vertex   -1.700000e+01 1.950000e+00 -8.917245e+00
    endloop
  endfacet
  facet normal -1.000000e+00 0.000000e+00 0.000000e+00
    outer loop
      vertex   -1.700000e+01 -2.754033e+00 9.500000e+00
      vertex   -1.700000e+01 1.950000e+00 -8.917245e+00
      vertex   -1.700000e+01 1.196712e+00 -9.430828e+00
    endloop
  endfacet
  facet normal -1.000000e+00 0.000000e+00 0.000000e+00
    outer loop
      vertex   -1.700000e+01 1.103187e+01 -1.329084e+01
      vertex   -1.700000e+01 1.082899e+01 -1.240199e+01
      vertex   -1.700000e+01 1.450000e+01 -1.500000e+01
    endloop
  endfacet
  facet normal -1.000000e+00 0.000000e+00 0.000000e+00
    outer loop
      vertex   -1.700000e+01 1.450000e+01 -1.500000e+01
      vertex   -1.700000e+01 1.082899e+01 -1.240199e+01
      vertex   -1.700000e+01 1.049591e+01 -1.155331e+01
    endloop
  endfacet
  facet normal -1.000000e+00 0.000000e+00 0.000000e+00
    outer loop
      vertex   -1.700000e+01 1.450000e+01 -1.500000e+01
      vertex   -1.700000e+01 1.049591e+01 -1.155331e+01
      vertex   -1.700000e+01 1.004006e+01 -1.076375e+01
    endloop
  endfacet
  facet normal -1.000000e+00 0.000000e+00 0.000000e+00
    outer loop
      vertex   -1.700000e+01 8.803288e+00 -9.430828e+00
      vertex   -1.700000e+01 8.050000e+00 -8.917245e+00
      vertex   -1.700000e+01 1.450000e+01 4.000000e+00
    endloop
  endfacet
  facet normal -1.000000e+00 0.000000e+00 0.000000e+00
    outer loop
      vertex   -1.700000e+01 1.450000e+01 4.000000e+00
      vertex   -1.700000e+01 8.050000e+00 -8.917245e+00
      vertex   -1.700000e+01 7.228580e+00 -8.521670e+00
    endloop
  endfacet
  facet normal -1.000000e+00 0.000000e+00 0.000000e+00
    outer loop
      vertex   -1.700000e+01 5.455854e+00 -8.117057e+00
      vertex   -1.700000e+01 4.544146e+00 -8.117057e+00
      vertex   -1.700000e+01 6.500000e+00 4.000000e+00
    endloop
  endfacet
  facet normal -1.000000e+00 0.000000e+00 0.000000e+00
    outer loop
      vertex   -1.700000e+01 6.500000e+00 4.000000e+00
      vertex   -1.700000e+01 4.544146e+00 -8.117057e+00
      vertex   -1.700000e+01 3.642622e+00 -8.252940e+00
    endloop
  endfacet
  facet normal -1.000000e+00 0.000000e+00 0.000000e+00
    outer loop
      vertex   -1.700000e+01 6.500000e+00 4.000000e+00
      vertex   -1.700000e+01 3.642622e+00 -8.252940e+00
      vertex   -1.700000e+01 2.771420e+00 -8.521670e+00
    endloop
  endfacet
  facet normal -1.000000e+00 -0.000000e+00 0.000000e+00
    outer loop
      vertex   -1.700000e+01 2.771420e+00 -8.521670e+00
      vertex   -1.700000e+01 1.950000e+00 -8.917245e+00
      vertex   -1.700000e+01 6.500000e+00 4.000000e+00
    endloop
  endfacet
  facet normal -1.000000e+00 -0.000000e+00 0.000000e+00
    outer loop
      vertex   -1.700000e+01 1.196712e+00 -9.430828e+00
      vertex   -1.700000e+01 5.283836e-01 -1.005095e+01
      vertex   -1.700000e+01 -2.754033e+00 9.500000e+00
    endloop
  endfacet
  facet normal 0.000000e+00 0.000000e+00 -1.000000e+00
    outer loop
      vertex   1.568672e+01 -2.128449e+01 -2.500000e+01
      vertex   1.512832e+01 -2.082522e+01 -2.500000e+01
      vertex   1.700000e+01 -2.187609e+01 -2.500000e+01
    endloop
  endfacet
  facet normal 0.000000e+00 0.000000e+00 -1.000000e+00
    outer loop
      vertex   1.700000e+01 -2.187609e+01 -2.500000e+01
      vertex   1.512832e+01 -2.082522e+01 -2.500000e+01
      vertex   1.459246e+01 -2.038807e+01 -2.500000e+01
    endloop
  endfacet
  facet normal 0.000000e+00 0.000000e+00 -1.000000e+00
    outer loop
      vertex   1.700000e+01 -2.187609e+01 -2.500000e+01
      vertex   1.459246e+01 -2.038807e+01 -2.500000e+01
      vertex   1.700000e+01 4.500000e+00 -2.500000e+01
    endloop
  endfacet
  facet normal 0.000000e+00 0.000000e+00 -1.000000e+00
    outer loop
      vertex   1.700000e+01 4.500000e+00 -2.500000e+01
      vertex   1.459246e+01 -2.038807e+01 -2.500000e+01
      vertex   1.398544e+01 -2.005675e+01 -2.500000e+01
    endloop
  endfacet
  facet normal 0.000000e+00 0.000000e+00 -1.000000e+00
    outer loop
      vertex   1.700000e+01 4.500000e+00 -2.500000e+01
      vertex   1.398544e+01 -2.005675e+01 -2.500000e+01
      vertex   1.332790e+01 -1.984253e+01 -2.500000e+01
    endloop
  endfacet
  facet normal 0.000000e+00 0.000000e+00 -1.000000e+00
    outer loop
      vertex   1.332790e+01 -1.984253e+01 -2.500000e+01
      vertex   1.264221e+01 -1.975270e+01 -2.500000e+01
      vertex   1.700000e+01 4.500000e+00 -2.500000e+01
    endloop
  endfacet
  facet normal 0.000000e+00 0.000000e+00 -1.000000e+00
    outer loop
      vertex   1.700000e+01 4.500000e+00 -2.500000e+01
      vertex   1.264221e+01 -1.975270e+01 -2.500000e+01
      vertex   1.195168e+01 -1.979030e+01 -2.500000e+01
    endloop
  endfacet
  facet normal 0.000000e+00 0.000000e+00 -1.000000e+00
    outer loop
      vertex   1.700000e+01 4.500000e+00 -2.500000e+01
      vertex   1.195168e+01 -1.979030e+01 -2.500000e+01
      vertex   1.127980e+01 -1.995407e+01 -2.500000e+01
    endloop
  endfacet
  facet normal -0.000000e+00 0.000000e+00 -1.000000e+00
    outer loop
      vertex   1.127980e+01 -1.995407e+01 -2.500000e+01
      vertex   1.064942e+01 -2.023843e+01 -2.500000e+01
      vertex   1.700000e+01 4.500000e+00 -2.500000e+01
    endloop
  endfacet
  facet normal 0.000000e+00 0.000000e+00 -1.000000e+00
    outer loop
      vertex   1.700000e+01 4.500000e+00 -2.500000e+01
      vertex   1.064942e+01 -2.023843e+01 -2.500000e+01
      vertex   -1.064942e+01 -2.023843e+01 -2.500000e+01
    endloop
  endfacet
  facet normal -0.000000e+00 0.000000e+00 -1.000000e+00
    outer loop
      vertex   1.700000e+01 4.500000e+00 -2.500000e+01
      vertex   -1.064942e+01 -2.023843e+01 -2.500000e+01
      vertex   -1.700000e+01 4.500000e+00 -2.500000e+01
    endloop
  endfacet
  facet normal 0.000000e+00 0.000000e+00 -1.000000e+00
    outer loop
      vertex   -1.700000e+01 4.500000e+00 -2.500000e+01
      vertex   -1.064942e+01 -2.023843e+01 -2.500000e+01
      vertex   -1.127980e+01 -1.995407e+01 -2.500000e+01
    endloop
  endfacet
  facet normal 0.000000e+00 0.000000e+00 -1.000000e+00
    outer loop
      vertex   -1.700000e+01 4.500000e+00 -2.500000e+01
      vertex   -1.127980e+01 -1.995407e+01 -2.500000e+01
      vertex   -1.195168e+01 -1.979030e+01 -2.500000e+01
    endloop
  endfacet
  facet normal 0.000000e+00 0.000000e+00 -1.000000e+00
    outer loop
      vertex   -1.064942e+01 -2.023843e+01 -2.500000e+01
      vertex   1.064942e+01 -2.023843e+01 -2.500000e+01
      vertex   -1.008197e+01 -2.063371e+01 -2.500000e+01
    endloop
  endfacet
  facet normal 0.000000e+00 0.000000e+00 -1.000000e+00
    outer loop
      vertex   -1.008197e+01 -2.063371e+01 -2.500000e+01
      vertex   1.064942e+01 -2.023843e+01 -2.500000e+01
      vertex   1.008197e+01 -2.063371e+01 -2.500000e+01
    endloop
  endfacet
  facet normal 0.000000e+00 0.000000e+00 -1.000000e+00
    outer loop
      vertex   -1.008197e+01 -2.063371e+01 -2.500000e+01
      vertex   1.008197e+01 -2.063371e+01 -2.500000e+01
      vertex   -9.596751e+00 -2.112647e+01 -2.500000e+01
    endloop
  endfacet
  facet normal 0.000000e+00 0.000000e+00 -1.000000e+00
    outer loop
      vertex   -9.596751e+00 -2.112647e+01 -2.500000e+01
      vertex   1.008197e+01 -2.063371e+01 -2.500000e+01
      vertex   9.596751e+00 -2.112647e+01 -2.500000e+01
    endloop
  endfacet
  facet normal 0.000000e+00 0.000000e+00 -1.000000e+00
    outer loop
      vertex   -9.596751e+00 -2.112647e+01 -2.500000e+01
      vertex   9.596751e+00 -2.112647e+01 -2.500000e+01
      vertex   -9.210271e+00 -2.169995e+01 -2.500000e+01
    endloop
  endfacet
  facet normal 0.000000e+00 0.000000e+00 -1.000000e+00
    outer loop
      vertex   -9.210271e+00 -2.169995e+01 -2.500000e+01
      vertex   9.596751e+00 -2.112647e+01 -2.500000e+01
      vertex   9.210271e+00 -2.169995e+01 -2.500000e+01
    endloop
  endfacet
  facet normal 0.000000e+00 0.000000e+00 -1.000000e+00
    outer loop
      vertex   -9.210271e+00 -2.169995e+01 -2.500000e+01
      vertex   9.210271e+00 -2.169995e+01 -2.500000e+01
      vertex   -8.935670e+00 -2.233464e+01 -2.500000e+01
    endloop
  endfacet
  facet normal 0.000000e+00 0.000000e+00 -1.000000e+00
    outer loop
      vertex   -8.935670e+00 -2.233464e+01 -2.500000e+01
      vertex   9.210271e+00 -2.169995e+01 -2.500000e+01
      vertex   8.935670e+00 -2.233464e+01 -2.500000e+01
    endloop
  endfacet
  facet normal 0.000000e+00 0.000000e+00 -1.000000e+00
    outer loop
      vertex   -8.935670e+00 -2.233464e+01 -2.500000e+01
      vertex   8.935670e+00 -2.233464e+01 -2.500000e+01
      vertex   -8.782287e+00 -2.300897e+01 -2.500000e+01
    endloop
  endfacet
  facet normal 0.000000e+00 0.000000e+00 -1.000000e+00
    outer loop
      vertex   -8.782287e+00 -2.300897e+01 -2.500000e+01
      vertex   8.935670e+00 -2.233464e+01 -2.500000e+01
      vertex   8.782287e+00 -2.300897e+01 -2.500000e+01
    endloop
  endfacet
  facet normal 0.000000e+00 0.000000e+00 -1.000000e+00
    outer loop
      vertex   -8.782287e+00 -2.300897e+01 -2.500000e+01
      vertex   8.782287e+00 -2.300897e+01 -2.500000e+01
      vertex   -8.755337e+00 -2.370000e+01 -2.500000e+01
    endloop
  endfacet
  facet normal 0.000000e+00 0.000000e+00 -1.000000e+00
    outer loop
      vertex   -8.755337e+00 -2.370000e+01 -2.500000e+01
      vertex   8.782287e+00 -2.300897e+01 -2.500000e+01
      vertex   8.755337e+00 -2.370000e+01 -2.500000e+01
    endloop
  endfacet
  facet normal 0.000000e+00 0.000000e+00 -1.000000e+00
    outer loop
      vertex   -1.195168e+01 -1.979030e+01 -2.500000e+01
      vertex   -1.264221e+01 -1.975270e+01 -2.500000e+01
      vertex   -1.700000e+01 4.500000e+00 -2.500000e+01
    endloop
  endfacet
  facet normal 0.000000e+00 0.000000e+00 -1.000000e+00
    outer loop
      vertex   -1.700000e+01 4.500000e+00 -2.500000e+01
      vertex   -1.264221e+01 -1.975270e+01 -2.500000e+01
      vertex   -1.332790e+01 -1.984253e+01 -2.500000e+01
    endloop
  endfacet
  facet normal 0.000000e+00 0.000000e+00 -1.000000e+00
    outer loop
      vertex   -1.700000e+01 4.500000e+00 -2.500000e+01
      vertex   -1.332790e+01 -1.984253e+01 -2.500000e+01
      vertex   -1.398544e+01 -2.005675e+01 -2.500000e+01
    endloop
  endfacet
  facet normal -0.000000e+00 0.000000e+00 -1.000000e+00
    outer loop
      vertex   -1.398544e+01 -2.005675e+01 -2.500000e+01
      vertex   -1.459246e+01 -2.038807e+01 -2.500000e+01
      vertex   -1.700000e+01 4.500000e+00 -2.500000e+01
    endloop
  endfacet
  facet normal 0.000000e+00 0.000000e+00 -1.000000e+00
    outer loop
      vertex   -1.700000e+01 4.500000e+00 -2.500000e+01
      vertex   -1.459246e+01 -2.038807e+01 -2.500000e+01
      vertex   -1.700000e+01 -2.187609e+01 -2.500000e+01
    endloop
  endfacet
  facet normal 0.000000e+00 0.000000e+00 -1.000000e+00
    outer loop
      vertex   -1.700000e+01 -2.187609e+01 -2.500000e+01
      vertex   -1.459246e+01 -2.038807e+01 -2.500000e+01
      vertex   -1.512832e+01 -2.082522e+01 -2.500000e+01
    endloop
  endfacet
  facet normal 0.000000e+00 0.000000e+00 -1.000000e+00
    outer loop
      vertex   -1.700000e+01 -2.187609e+01 -2.500000e+01
      vertex   -1.512832e+01 -2.082522e+01 -2.500000e+01
      vertex   -1.568672e+01 -2.128449e+01 -2.500000e+01
    endloop
  endfacet
  facet normal 0.000000e+00 0.000000e+00 -1.000000e+00
    outer loop
      vertex   -1.568672e+01 -2.128449e+01 -2.500000e+01
      vertex   -1.631716e+01 -2.163845e+01 -2.500000e+01
      vertex   -1.700000e+01 -2.187609e+01 -2.500000e+01
    endloop
  endfacet
  facet normal 0.000000e+00 0.000000e+00 -1.000000e+00
    outer loop
      vertex   1.700000e+01 -2.187609e+01 -2.500000e+01
      vertex   1.631716e+01 -2.163845e+01 -2.500000e+01
      vertex   1.568672e+01 -2.128449e+01 -2.500000e+01
    endloop
  endfacet
  facet normal -2.319106e-04 -2.646476e-01 -9.643452e-01
    outer loop
      vertex   1.472931e+01 -2.651446e+01 -2.459562e+01
      vertex   1.512832e+01 -2.617478e+01 -2.468894e+01
      vertex   1.700000e+01 -2.620035e+01 -2.468237e+01
    endloop
  endfacet
  facet normal 2.677937e-04 -2.303232e-01 -9.731141e-01
    outer loop
      vertex   1.700000e+01 -2.620035e+01 -2.468237e+01
      vertex   1.512832e+01 -2.617478e+01 -2.468894e+01
      vertex   1.552652e+01 -2.583201e+01 -2.476995e+01
    endloop
  endfacet
  facet normal 6.266733e-03 -2.075364e-01 -9.782072e-01
    outer loop
      vertex   1.700000e+01 -2.620035e+01 -2.468237e+01
      vertex   1.552652e+01 -2.583201e+01 -2.476995e+01
      vertex   1.597970e+01 -2.553370e+01 -2.483034e+01
    endloop
  endfacet
  facet normal 2.101312e-02 -2.138193e-01 -9.766472e-01
    outer loop
      vertex   1.647550e+01 -2.529418e+01 -2.487211e+01
      vertex   1.700000e+01 -2.512391e+01 -2.489811e+01
      vertex   1.597970e+01 -2.553370e+01 -2.483034e+01
    endloop
  endfacet
  facet normal 1.380336e-02 -1.964904e-01 -9.804086e-01
    outer loop
      vertex   1.597970e+01 -2.553370e+01 -2.483034e+01
      vertex   1.700000e+01 -2.512391e+01 -2.489811e+01
      vertex   1.700000e+01 -2.620035e+01 -2.468237e+01
    endloop
  endfacet
  facet normal 5.627493e-03 -3.037947e-01 -9.527209e-01
    outer loop
      vertex   1.472931e+01 -2.651446e+01 -2.459562e+01
      vertex   1.700000e+01 -2.620035e+01 -2.468237e+01
      vertex   1.427417e+01 -2.680321e+01 -2.450624e+01
    endloop
  endfacet
  facet normal 5.387539e-03 -3.028024e-01 -9.530381e-01
    outer loop
      vertex   1.427417e+01 -2.680321e+01 -2.450624e+01
      vertex   1.700000e+01 -2.620035e+01 -2.468237e+01
      vertex   1.700000e+01 -2.724666e+01 -2.434993e+01
    endloop
  endfacet
  facet normal 1.532932e-03 -3.240313e-01 -9.460451e-01
    outer loop
      vertex   1.427417e+01 -2.680321e+01 -2.450624e+01
      vertex   1.700000e+01 -2.724666e+01 -2.434993e+01
      vertex   1.377635e+01 -2.702592e+01 -2.443076e+01
    endloop
  endfacet
  facet normal 3.313554e-04 -3.395777e-01 -9.405780e-01
    outer loop
      vertex   1.377635e+01 -2.702592e+01 -2.443076e+01
      vertex   1.700000e+01 -2.724666e+01 -2.434993e+01
      vertex   1.325162e+01 -2.717287e+01 -2.437789e+01
    endloop
  endfacet
  facet normal 1.891672e-05 -3.535008e-01 -9.354342e-01
    outer loop
      vertex   1.325162e+01 -2.717287e+01 -2.437789e+01
      vertex   1.700000e+01 -2.724666e+01 -2.434993e+01
      vertex   1.272020e+01 -2.724325e+01 -2.435130e+01
    endloop
  endfacet
  facet normal -1.877708e-05 -3.943013e-01 -9.189812e-01
    outer loop
      vertex   1.272020e+01 -2.724325e+01 -2.435130e+01
      vertex   1.700000e+01 -2.724666e+01 -2.434993e+01
      vertex   2.220446e-15 -2.803884e+01 -2.400969e+01
    endloop
  endfacet
  facet normal -3.809131e-04 -3.894064e-01 -9.210660e-01
    outer loop
      vertex   1.272020e+01 -2.724325e+01 -2.435130e+01
      vertex   2.220446e-15 -2.803884e+01 -2.400969e+01
      vertex   1.219515e+01 -2.723713e+01 -2.435367e+01
    endloop
  endfacet
  facet normal -9.307125e-04 -3.823155e-01 -9.240314e-01
    outer loop
      vertex   1.219515e+01 -2.723713e+01 -2.435367e+01
      vertex   2.220446e-15 -2.803884e+01 -2.400969e+01
      vertex   1.110223e-15 -2.699528e+01 -2.444146e+01
    endloop
  endfacet
  facet normal -2.557268e-04 -3.525499e-01 -9.357930e-01
    outer loop
      vertex   1.219515e+01 -2.723713e+01 -2.435367e+01
      vertex   1.110223e-15 -2.699528e+01 -2.444146e+01
      vertex   1.166342e+01 -2.715450e+01 -2.438466e+01
    endloop
  endfacet
  facet normal -1.298741e-06 -3.360688e-01 -9.418374e-01
    outer loop
      vertex   1.166342e+01 -2.715450e+01 -2.438466e+01
      vertex   1.110223e-15 -2.699528e+01 -2.444146e+01
      vertex   1.114168e+01 -2.699529e+01 -2.444147e+01
    endloop
  endfacet
  facet normal -1.270586e-06 -3.173306e-01 -9.483150e-01
    outer loop
      vertex   1.114168e+01 -2.699529e+01 -2.444147e+01
      vertex   1.110223e-15 -2.699528e+01 -2.444146e+01
      vertex   1.064980e+01 -2.676101e+01 -2.451987e+01
    endloop
  endfacet
  facet normal -6.183669e-04 -2.919904e-01 -9.564211e-01
    outer loop
      vertex   1.064980e+01 -2.676101e+01 -2.451987e+01
      vertex   1.110223e-15 -2.699528e+01 -2.444146e+01
      vertex   1.020278e+01 -2.646305e+01 -2.461054e+01
    endloop
  endfacet
  facet normal -1.505213e-03 -2.764527e-01 -9.610264e-01
    outer loop
      vertex   1.020278e+01 -2.646305e+01 -2.461054e+01
      vertex   1.110223e-15 -2.699528e+01 -2.444146e+01
      vertex   0.000000e+00 -2.592521e+01 -2.474928e+01
    endloop
  endfacet
  facet normal -5.771596e-04 -2.600275e-01 -9.656010e-01
    outer loop
      vertex   1.020278e+01 -2.646305e+01 -2.461054e+01
      vertex   0.000000e+00 -2.592521e+01 -2.474928e+01
      vertex   9.813757e+00 -2.611658e+01 -2.470361e+01
    endloop
  endfacet
  facet normal 2.311455e-04 -2.208902e-01 -9.752987e-01
    outer loop
      vertex   9.813757e+00 -2.611658e+01 -2.470361e+01
      vertex   0.000000e+00 -2.592521e+01 -2.474928e+01
      vertex   9.475404e+00 -2.571530e+01 -2.479457e+01
    endloop
  endfacet
  facet normal -7.293969e-04 -1.793609e-01 -9.837831e-01
    outer loop
      vertex   9.475404e+00 -2.571530e+01 -2.479457e+01
      vertex   0.000000e+00 -2.592521e+01 -2.474928e+01
      vertex   9.188125e+00 -2.525790e+01 -2.487775e+01
    endloop
  endfacet
  facet normal -1.619555e-03 -1.675060e-01 -9.858697e-01
    outer loop
      vertex   9.188125e+00 -2.525790e+01 -2.487775e+01
      vertex   0.000000e+00 -2.592521e+01 -2.474928e+01
      vertex   1.110223e-15 -2.481964e+01 -2.493712e+01
    endloop
  endfacet
  facet normal 1.631047e-04 -1.308814e-01 -9.913980e-01
    outer loop
      vertex   9.188125e+00 -2.525790e+01 -2.487775e+01
      vertex   1.110223e-15 -2.481964e+01 -2.493712e+01
      vertex   8.967443e+00 -2.475795e+01 -2.494379e+01
    endloop
  endfacet
  facet normal -1.970244e-04 -7.912587e-02 -9.968646e-01
    outer loop
      vertex   8.967443e+00 -2.475795e+01 -2.494379e+01
      vertex   1.110223e-15 -2.481964e+01 -2.493712e+01
      vertex   8.822645e+00 -2.423177e+01 -2.498553e+01
    endloop
  endfacet
  facet normal 1.601211e-04 -8.444985e-02 -9.964277e-01
    outer loop
      vertex   8.822645e+00 -2.423177e+01 -2.498553e+01
      vertex   1.110223e-15 -2.481964e+01 -2.493712e+01
      vertex   -8.967419e+00 -2.475788e+01 -2.494380e+01
    endloop
  endfacet
  facet normal -8.829237e-08 -7.906744e-02 -9.968693e-01
    outer loop
      vertex   8.822645e+00 -2.423177e+01 -2.498553e+01
      vertex   -8.967419e+00 -2.475788e+01 -2.494380e+01
      vertex   -8.822640e+00 -2.423174e+01 -2.498553e+01
    endloop
  endfacet
  facet normal 5.983593e-04 -4.054548e-01 -9.141149e-01
    outer loop
      vertex   1.700000e+01 -2.724666e+01 -2.434993e+01
      vertex   1.700000e+01 -2.825021e+01 -2.390480e+01
      vertex   2.220446e-15 -2.803884e+01 -2.400969e+01
    endloop
  endfacet
  facet normal -6.147208e-04 -4.837188e-01 -8.752233e-01
    outer loop
      vertex   2.220446e-15 -2.803884e+01 -2.400969e+01
      vertex   1.700000e+01 -2.825021e+01 -2.390480e+01
      vertex   2.220446e-15 -2.902032e+01 -2.346724e+01
    endloop
  endfacet
  facet normal 6.147208e-04 -4.837188e-01 -8.752233e-01
    outer loop
      vertex   2.220446e-15 -2.803884e+01 -2.400969e+01
      vertex   2.220446e-15 -2.902032e+01 -2.346724e+01
      vertex   -1.700000e+01 -2.825021e+01 -2.390480e+01
    endloop
  endfacet
  facet normal -5.532512e-04 -5.032160e-01 -8.641605e-01
    outer loop
      vertex   -1.700000e+01 -2.825021e+01 -2.390480e+01
      vertex   2.220446e-15 -2.902032e+01 -2.346724e+01
      vertex   -1.700000e+01 -2.919893e+01 -2.335235e+01
    endloop
  endfacet
  facet normal 5.679759e-04 -5.786712e-01 -8.155607e-01
    outer loop
      vertex   -1.700000e+01 -2.919893e+01 -2.335235e+01
      vertex   2.220446e-15 -2.902032e+01 -2.346724e+01
      vertex   2.220446e-15 -2.993490e+01 -2.281831e+01
    endloop
  endfacet
  facet normal -5.048694e-04 -5.949121e-01 -8.037906e-01
    outer loop
      vertex   -1.700000e+01 -2.919893e+01 -2.335235e+01
      vertex   2.220446e-15 -2.993490e+01 -2.281831e+01
      vertex   -1.700000e+01 -3.008137e+01 -2.269923e+01
    endloop
  endfacet
  facet normal 5.179574e-04 -6.663465e-01 -7.456421e-01
    outer loop
      vertex   -1.700000e+01 -3.008137e+01 -2.269923e+01
      vertex   2.220446e-15 -2.993490e+01 -2.281831e+01
      vertex   2.220446e-15 -3.077107e+01 -2.207107e+01
    endloop
  endfacet
  facet normal -4.532143e-04 -6.794379e-01 -7.337329e-01
    outer loop
      vertex   -1.700000e+01 -3.008137e+01 -2.269923e+01
      vertex   2.220446e-15 -3.077107e+01 -2.207107e+01
      vertex   -1.700000e+01 -3.088690e+01 -2.195331e+01
    endloop
  endfacet
  facet normal 4.646656e-04 -7.456421e-01 -6.663465e-01
    outer loop
      vertex   -1.700000e+01 -3.088690e+01 -2.195331e+01
      vertex   2.220446e-15 -3.077107e+01 -2.207107e+01
      vertex   2.220446e-15 -3.151831e+01 -2.123490e+01
    endloop
  endfacet
  facet normal -3.982860e-04 -7.557746e-01 -6.548317e-01
    outer loop
      vertex   -1.700000e+01 -3.088690e+01 -2.195331e+01
      vertex   2.220446e-15 -3.151831e+01 -2.123490e+01
      vertex   -1.700000e+01 -3.160580e+01 -2.112358e+01
    endloop
  endfacet
  facet normal 4.081010e-04 -8.155608e-01 -5.786712e-01
    outer loop
      vertex   -1.700000e+01 -3.160580e+01 -2.112358e+01
      vertex   2.220446e-15 -3.151831e+01 -2.123490e+01
      vertex   2.220446e-15 -3.216724e+01 -2.032032e+01
    endloop
  endfacet
  facet normal -3.400850e-04 -8.230022e-01 -5.680380e-01
    outer loop
      vertex   -1.700000e+01 -3.160580e+01 -2.112358e+01
      vertex   2.220446e-15 -3.216724e+01 -2.032032e+01
      vertex   -1.700000e+01 -3.222942e+01 -2.022005e+01
    endloop
  endfacet
  facet normal 3.482637e-04 -8.752234e-01 -4.837189e-01
    outer loop
      vertex   -1.700000e+01 -3.222942e+01 -2.022005e+01
      vertex   2.220446e-15 -3.216724e+01 -2.032032e+01
      vertex   2.220446e-15 -3.270969e+01 -1.933884e+01
    endloop
  endfacet
  facet normal -2.786115e-04 -8.803105e-01 -4.743979e-01
    outer loop
      vertex   -1.700000e+01 -3.222942e+01 -2.022005e+01
      vertex   2.220446e-15 -3.270969e+01 -1.933884e+01
      vertex   -1.700000e+01 -3.275024e+01 -1.925360e+01
    endloop
  endfacet
  facet normal 2.851541e-04 -9.238795e-01 -3.826834e-01
    outer loop
      vertex   -1.700000e+01 -3.275024e+01 -1.925360e+01
      vertex   2.220446e-15 -3.270969e+01 -1.933884e+01
      vertex   2.220446e-15 -3.313883e+01 -1.830279e+01
    endloop
  endfacet
  facet normal -2.138659e-04 -9.270086e-01 -3.750401e-01
    outer loop
      vertex   -1.700000e+01 -3.275024e+01 -1.925360e+01
      vertex   2.220446e-15 -3.313883e+01 -1.830279e+01
      vertex   -1.700000e+01 -3.316198e+01 -1.823589e+01
    endloop
  endfacet
  facet normal 2.187725e-04 -9.609173e-01 -2.768355e-01
    outer loop
      vertex   -1.700000e+01 -3.316198e+01 -1.823589e+01
      vertex   2.220446e-15 -3.313883e+01 -1.830279e+01
      vertex   2.220446e-15 -3.344928e+01 -1.722521e+01
    endloop
  endfacet
  facet normal -1.458485e-04 -9.625337e-01 -2.711619e-01
    outer loop
      vertex   -1.700000e+01 -3.316198e+01 -1.823589e+01
      vertex   2.220446e-15 -3.344928e+01 -1.722521e+01
      vertex   -1.700000e+01 -3.345967e+01 -1.717917e+01
    endloop
  endfacet
  facet normal 1.491194e-04 -9.858710e-01 -1.675062e-01
    outer loop
      vertex   -1.700000e+01 -3.345967e+01 -1.717917e+01
      vertex   2.220446e-15 -3.344928e+01 -1.722521e+01
      vertex   2.220446e-15 -3.363712e+01 -1.611964e+01
    endloop
  endfacet
  facet normal -7.455975e-05 -9.864577e-01 -1.640156e-01
    outer loop
      vertex   -1.700000e+01 -3.345967e+01 -1.717917e+01
      vertex   2.220446e-15 -3.363712e+01 -1.611964e+01
      vertex   -1.700000e+01 -3.363974e+01 -1.609619e+01
    endloop
  endfacet
  facet normal 7.783032e-05 -9.984923e-01 -5.489240e-02
    outer loop
      vertex   -1.700000e+01 -3.363974e+01 -1.609619e+01
      vertex   2.220446e-15 -3.363712e+01 -1.611964e+01
      vertex   -1.700000e+01 -3.370000e+01 -1.500000e+01
    endloop
  endfacet
  facet normal -7.462706e-05 -9.983627e-01 -5.719994e-02
    outer loop
      vertex   -1.700000e+01 -3.370000e+01 -1.500000e+01
      vertex   2.220446e-15 -3.363712e+01 -1.611964e+01
      vertex   1.700000e+01 -3.363974e+01 -1.609619e+01
    endloop
  endfacet
  facet normal 0.000000e+00 -9.984923e-01 -5.489240e-02
    outer loop
      vertex   -1.700000e+01 -3.370000e+01 -1.500000e+01
      vertex   1.700000e+01 -3.363974e+01 -1.609619e+01
      vertex   1.700000e+01 -3.370000e+01 -1.500000e+01
    endloop
  endfacet
  facet normal 5.532512e-04 -5.032160e-01 -8.641605e-01
    outer loop
      vertex   1.700000e+01 -2.825021e+01 -2.390480e+01
      vertex   1.700000e+01 -2.919893e+01 -2.335235e+01
      vertex   2.220446e-15 -2.902032e+01 -2.346724e+01
    endloop
  endfacet
  facet normal -5.679759e-04 -5.786712e-01 -8.155607e-01
    outer loop
      vertex   2.220446e-15 -2.902032e+01 -2.346724e+01
      vertex   1.700000e+01 -2.919893e+01 -2.335235e+01
      vertex   2.220446e-15 -2.993490e+01 -2.281831e+01
    endloop
  endfacet
  facet normal 5.048694e-04 -5.949121e-01 -8.037906e-01
    outer loop
      vertex   1.700000e+01 -2.919893e+01 -2.335235e+01
      vertex   1.700000e+01 -3.008137e+01 -2.269923e+01
      vertex   2.220446e-15 -2.993490e+01 -2.281831e+01
    endloop
  endfacet
  facet normal -5.179574e-04 -6.663465e-01 -7.456421e-01
    outer loop
      vertex   2.220446e-15 -2.993490e+01 -2.281831e+01
      vertex   1.700000e+01 -3.008137e+01 -2.269923e+01
      vertex   2.220446e-15 -3.077107e+01 -2.207107e+01
    endloop
  endfacet
  facet normal 4.532143e-04 -6.794379e-01 -7.337329e-01
    outer loop
      vertex   1.700000e+01 -3.008137e+01 -2.269923e+01
      vertex   1.700000e+01 -3.088690e+01 -2.195331e+01
      vertex   2.220446e-15 -3.077107e+01 -2.207107e+01
    endloop
  endfacet
  facet normal -4.646656e-04 -7.456421e-01 -6.663465e-01
    outer loop
      vertex   2.220446e-15 -3.077107e+01 -2.207107e+01
      vertex   1.700000e+01 -3.088690e+01 -2.195331e+01
      vertex   2.220446e-15 -3.151831e+01 -2.123490e+01
    endloop
  endfacet
  facet normal 3.982860e-04 -7.557746e-01 -6.548317e-01
    outer loop
      vertex   1.700000e+01 -3.088690e+01 -2.195331e+01
      vertex   1.700000e+01 -3.160580e+01 -2.112358e+01
      vertex   2.220446e-15 -3.151831e+01 -2.123490e+01
    endloop
  endfacet
  facet normal -4.081010e-04 -8.155608e-01 -5.786712e-01
    outer loop
      vertex   2.220446e-15 -3.151831e+01 -2.123490e+01
      vertex   1.700000e+01 -3.160580e+01 -2.112358e+01
      vertex   2.220446e-15 -3.216724e+01 -2.032032e+01
    endloop
  endfacet
  facet normal 3.400850e-04 -8.230022e-01 -5.680380e-01
    outer loop
      vertex   1.700000e+01 -3.160580e+01 -2.112358e+01
      vertex   1.700000e+01 -3.222942e+01 -2.022005e+01
      vertex   2.220446e-15 -3.216724e+01 -2.032032e+01
    endloop
  endfacet
  facet normal -3.482637e-04 -8.752234e-01 -4.837189e-01
    outer loop
      vertex   2.220446e-15 -3.216724e+01 -2.032032e+01
      vertex   1.700000e+01 -3.222942e+01 -2.022005e+01
      vertex   2.220446e-15 -3.270969e+01 -1.933884e+01
    endloop
  endfacet
  facet normal 2.786115e-04 -8.803105e-01 -4.743979e-01
    outer loop
      vertex   1.700000e+01 -3.222942e+01 -2.022005e+01
      vertex   1.700000e+01 -3.275024e+01 -1.925360e+01
      vertex   2.220446e-15 -3.270969e+01 -1.933884e+01
    endloop
  endfacet
  facet normal -2.851541e-04 -9.238795e-01 -3.826834e-01
    outer loop
      vertex   2.220446e-15 -3.270969e+01 -1.933884e+01
      vertex   1.700000e+01 -3.275024e+01 -1.925360e+01
      vertex   2.220446e-15 -3.313883e+01 -1.830279e+01
    endloop
  endfacet
  facet normal 2.138659e-04 -9.270086e-01 -3.750401e-01
    outer loop
      vertex   1.700000e+01 -3.275024e+01 -1.925360e+01
      vertex   1.700000e+01 -3.316198e+01 -1.823589e+01
      vertex   2.220446e-15 -3.313883e+01 -1.830279e+01
    endloop
  endfacet
  facet normal -2.187725e-04 -9.609173e-01 -2.768355e-01
    outer loop
      vertex   2.220446e-15 -3.313883e+01 -1.830279e+01
      vertex   1.700000e+01 -3.316198e+01 -1.823589e+01
      vertex   2.220446e-15 -3.344928e+01 -1.722521e+01
    endloop
  endfacet
  facet normal 1.458485e-04 -9.625337e-01 -2.711619e-01
    outer loop
      vertex   1.700000e+01 -3.316198e+01 -1.823589e+01
      vertex   1.700000e+01 -3.345967e+01 -1.717917e+01
      vertex   2.220446e-15 -3.344928e+01 -1.722521e+01
    endloop
  endfacet
  facet normal -1.491194e-04 -9.858710e-01 -1.675062e-01
    outer loop
      vertex   2.220446e-15 -3.344928e+01 -1.722521e+01
      vertex   1.700000e+01 -3.345967e+01 -1.717917e+01
      vertex   2.220446e-15 -3.363712e+01 -1.611964e+01
    endloop
  endfacet
  facet normal 7.455975e-05 -9.864577e-01 -1.640156e-01
    outer loop
      vertex   1.700000e+01 -3.345967e+01 -1.717917e+01
      vertex   1.700000e+01 -3.363974e+01 -1.609619e+01
      vertex   2.220446e-15 -3.363712e+01 -1.611964e+01
    endloop
  endfacet
  facet normal 2.920040e-05 -4.054548e-01 -9.141151e-01
    outer loop
      vertex   -1.700000e+01 -2.724666e+01 -2.434993e+01
      vertex   -1.272020e+01 -2.724325e+01 -2.435130e+01
      vertex   -1.700000e+01 -2.825021e+01 -2.390480e+01
    endloop
  endfacet
  facet normal 6.289710e-04 -4.075838e-01 -9.131676e-01
    outer loop
      vertex   -1.700000e+01 -2.825021e+01 -2.390480e+01
      vertex   -1.272020e+01 -2.724325e+01 -2.435130e+01
      vertex   -1.219515e+01 -2.723713e+01 -2.435367e+01
    endloop
  endfacet
  facet normal -6.424975e-04 -4.025430e-01 -9.154008e-01
    outer loop
      vertex   -1.700000e+01 -2.825021e+01 -2.390480e+01
      vertex   -1.219515e+01 -2.723713e+01 -2.435367e+01
      vertex   2.220446e-15 -2.803884e+01 -2.400969e+01
    endloop
  endfacet
  facet normal 9.306924e-04 -3.823155e-01 -9.240314e-01
    outer loop
      vertex   2.220446e-15 -2.803884e+01 -2.400969e+01
      vertex   -1.219515e+01 -2.723713e+01 -2.435367e+01
      vertex   1.110223e-15 -2.699528e+01 -2.444146e+01
    endloop
  endfacet
  facet normal -5.387541e-03 -3.028024e-01 -9.530381e-01
    outer loop
      vertex   -1.700000e+01 -2.620035e+01 -2.468237e+01
      vertex   -1.427417e+01 -2.680321e+01 -2.450624e+01
      vertex   -1.700000e+01 -2.724666e+01 -2.434993e+01
    endloop
  endfacet
  facet normal -1.532935e-03 -3.240313e-01 -9.460451e-01
    outer loop
      vertex   -1.700000e+01 -2.724666e+01 -2.434993e+01
      vertex   -1.427417e+01 -2.680321e+01 -2.450624e+01
      vertex   -1.377635e+01 -2.702592e+01 -2.443076e+01
    endloop
  endfacet
  facet normal -3.313566e-04 -3.395777e-01 -9.405780e-01
    outer loop
      vertex   -1.700000e+01 -2.724666e+01 -2.434993e+01
      vertex   -1.377635e+01 -2.702592e+01 -2.443076e+01
      vertex   -1.325162e+01 -2.717287e+01 -2.437789e+01
    endloop
  endfacet
  facet normal -1.377411e-02 -1.964905e-01 -9.804090e-01
    outer loop
      vertex   -1.700000e+01 -2.512391e+01 -2.489811e+01
      vertex   -1.597363e+01 -2.553724e+01 -2.482969e+01
      vertex   -1.700000e+01 -2.620035e+01 -2.468237e+01
    endloop
  endfacet
  facet normal -6.302734e-03 -2.075642e-01 -9.782011e-01
    outer loop
      vertex   -1.700000e+01 -2.620035e+01 -2.468237e+01
      vertex   -1.597363e+01 -2.553724e+01 -2.482969e+01
      vertex   -1.552328e+01 -2.583365e+01 -2.476969e+01
    endloop
  endfacet
  facet normal -2.629608e-04 -2.306567e-01 -9.730352e-01
    outer loop
      vertex   -1.700000e+01 -2.620035e+01 -2.468237e+01
      vertex   -1.552328e+01 -2.583365e+01 -2.476969e+01
      vertex   -1.512832e+01 -2.617478e+01 -2.468894e+01
    endloop
  endfacet
  facet normal -2.110042e-02 -2.140516e-01 -9.765944e-01
    outer loop
      vertex   -1.700000e+01 -2.512391e+01 -2.489811e+01
      vertex   -1.647119e+01 -2.529600e+01 -2.487181e+01
      vertex   -1.597363e+01 -2.553724e+01 -2.482969e+01
    endloop
  endfacet
  facet normal 2.319105e-04 -2.646476e-01 -9.643452e-01
    outer loop
      vertex   -1.512832e+01 -2.617478e+01 -2.468894e+01
      vertex   -1.472931e+01 -2.651446e+01 -2.459562e+01
      vertex   -1.700000e+01 -2.620035e+01 -2.468237e+01
    endloop
  endfacet
  facet normal -5.627488e-03 -3.037946e-01 -9.527209e-01
    outer loop
      vertex   -1.700000e+01 -2.620035e+01 -2.468237e+01
      vertex   -1.472931e+01 -2.651446e+01 -2.459562e+01
      vertex   -1.427417e+01 -2.680321e+01 -2.450624e+01
    endloop
  endfacet
  facet normal -1.891694e-05 -3.535007e-01 -9.354343e-01
    outer loop
      vertex   -1.325162e+01 -2.717287e+01 -2.437789e+01
      vertex   -1.272020e+01 -2.724325e+01 -2.435130e+01
      vertex   -1.700000e+01 -2.724666e+01 -2.434993e+01
    endloop
  endfacet
  facet normal 2.554687e-04 -3.525393e-01 -9.357970e-01
    outer loop
      vertex   -1.219515e+01 -2.723713e+01 -2.435367e+01
      vertex   -1.166337e+01 -2.715449e+01 -2.438466e+01
      vertex   1.110223e-15 -2.699528e+01 -2.444146e+01
    endloop
  endfacet
  facet normal 1.239197e-06 -3.360704e-01 -9.418369e-01
    outer loop
      vertex   1.110223e-15 -2.699528e+01 -2.444146e+01
      vertex   -1.166337e+01 -2.715449e+01 -2.438466e+01
      vertex   -1.114160e+01 -2.699526e+01 -2.444148e+01
    endloop
  endfacet
  facet normal 1.267210e-06 -3.173272e-01 -9.483161e-01
    outer loop
      vertex   1.110223e-15 -2.699528e+01 -2.444146e+01
      vertex   -1.114160e+01 -2.699526e+01 -2.444148e+01
      vertex   -1.064970e+01 -2.676095e+01 -2.451988e+01
    endloop
  endfacet
  facet normal 6.184747e-04 -2.919889e-01 -9.564215e-01
    outer loop
      vertex   -1.064970e+01 -2.676095e+01 -2.451988e+01
      vertex   -1.020270e+01 -2.646299e+01 -2.461056e+01
      vertex   1.110223e-15 -2.699528e+01 -2.444146e+01
    endloop
  endfacet
  facet normal 1.505340e-03 -2.764527e-01 -9.610264e-01
    outer loop
      vertex   1.110223e-15 -2.699528e+01 -2.444146e+01
      vertex   -1.020270e+01 -2.646299e+01 -2.461056e+01
      vertex   0.000000e+00 -2.592521e+01 -2.474928e+01
    endloop
  endfacet
  facet normal 5.768952e-04 -2.600189e-01 -9.656033e-01
    outer loop
      vertex   -1.020270e+01 -2.646299e+01 -2.461056e+01
      vertex   -9.813740e+00 -2.611656e+01 -2.470362e+01
      vertex   0.000000e+00 -2.592521e+01 -2.474928e+01
    endloop
  endfacet
  facet normal -2.312786e-04 -2.208838e-01 -9.753001e-01
    outer loop
      vertex   0.000000e+00 -2.592521e+01 -2.474928e+01
      vertex   -9.813740e+00 -2.611656e+01 -2.470362e+01
      vertex   -9.475344e+00 -2.571522e+01 -2.479459e+01
    endloop
  endfacet
  facet normal 7.296457e-04 -1.793555e-01 -9.837841e-01
    outer loop
      vertex   0.000000e+00 -2.592521e+01 -2.474928e+01
      vertex   -9.475344e+00 -2.571522e+01 -2.479459e+01
      vertex   -9.188070e+00 -2.525781e+01 -2.487777e+01
    endloop
  endfacet
  facet normal 1.619531e-03 -1.675060e-01 -9.858697e-01
    outer loop
      vertex   0.000000e+00 -2.592521e+01 -2.474928e+01
      vertex   -9.188070e+00 -2.525781e+01 -2.487777e+01
      vertex   1.110223e-15 -2.481964e+01 -2.493712e+01
    endloop
  endfacet
  facet normal -1.633545e-04 -1.308688e-01 -9.913997e-01
    outer loop
      vertex   1.110223e-15 -2.481964e+01 -2.493712e+01
      vertex   -9.188070e+00 -2.525781e+01 -2.487777e+01
      vertex   -8.967419e+00 -2.475788e+01 -2.494380e+01
    endloop
  endfacet
  facet normal 7.527360e-09 -2.720425e-02 -9.996299e-01
    outer loop
      vertex   -8.822640e+00 -2.423174e+01 -2.498553e+01
      vertex   -8.755337e+00 -2.370000e+01 -2.500000e+01
      vertex   8.822645e+00 -2.423177e+01 -2.498553e+01
    endloop
  endfacet
  facet normal 0.000000e+00 -2.720450e-02 -9.996299e-01
    outer loop
      vertex   8.822645e+00 -2.423177e+01 -2.498553e+01
      vertex   -8.755337e+00 -2.370000e+01 -2.500000e+01
      vertex   8.755337e+00 -2.370000e+01 -2.500000e+01
    endloop
  endfacet
  facet normal 6.848526e-01 7.286816e-01 0.000000e+00
    outer loop
      vertex   -1.512832e+01 -2.617478e+01 -1.940872e+01
      vertex   -1.512832e+01 -2.617478e+01 -2.468894e+01
      vertex   -1.526108e+01 -2.605000e+01 -1.948275e+01
    endloop
  endfacet
  facet normal 6.538169e-01 7.566513e-01 -1.461809e-03
    outer loop
      vertex   -1.526108e+01 -2.605000e+01 -1.948275e+01
      vertex   -1.512832e+01 -2.617478e+01 -2.468894e+01
      vertex   -1.552328e+01 -2.583365e+01 -2.476969e+01
    endloop
  endfacet
  facet normal 6.217918e-01 7.831817e-01 1.212074e-03
    outer loop
      vertex   -1.526108e+01 -2.605000e+01 -1.948275e+01
      vertex   -1.552328e+01 -2.583365e+01 -2.476969e+01
      vertex   -1.565027e+01 -2.574073e+01 -1.966131e+01
    endloop
  endfacet
  facet normal 5.499279e-01 8.352107e-01 -1.520803e-03
    outer loop
      vertex   -1.565027e+01 -2.574073e+01 -1.966131e+01
      vertex   -1.552328e+01 -2.583365e+01 -2.476969e+01
      vertex   -1.597363e+01 -2.553724e+01 -2.482969e+01
    endloop
  endfacet
  facet normal 5.225140e-01 8.526303e-01 8.802218e-04
    outer loop
      vertex   -1.565027e+01 -2.574073e+01 -1.966131e+01
      vertex   -1.597363e+01 -2.553724e+01 -2.482969e+01
      vertex   -1.607405e+01 -2.548088e+01 -1.981134e+01
    endloop
  endfacet
  facet normal 4.363547e-01 8.997737e-01 -1.373279e-03
    outer loop
      vertex   -1.607405e+01 -2.548088e+01 -1.981134e+01
      vertex   -1.597363e+01 -2.553724e+01 -2.482969e+01
      vertex   -1.647119e+01 -2.529600e+01 -2.487181e+01
    endloop
  endfacet
  facet normal 4.155178e-01 9.095848e-01 6.204073e-04
    outer loop
      vertex   -1.607405e+01 -2.548088e+01 -1.981134e+01
      vertex   -1.647119e+01 -2.529600e+01 -2.487181e+01
      vertex   -1.652618e+01 -2.527426e+01 -1.993063e+01
    endloop
  endfacet
  facet normal 3.094993e-01 9.508994e-01 -7.412564e-04
    outer loop
      vertex   -1.652618e+01 -2.527426e+01 -1.993063e+01
      vertex   -1.647119e+01 -2.529600e+01 -2.487181e+01
      vertex   -1.700000e+01 -2.512391e+01 -2.489811e+01
    endloop
  endfacet
  facet normal 3.024474e-01 9.531661e-01 -6.978354e-16
    outer loop
      vertex   -1.652618e+01 -2.527426e+01 -1.993063e+01
      vertex   -1.700000e+01 -2.512391e+01 -2.489811e+01
      vertex   -1.700000e+01 -2.512391e+01 -2.001743e+01
    endloop
  endfacet
  facet normal -1.000000e+00 0.000000e+00 0.000000e+00
    outer loop
      vertex   -1.700000e+01 -2.512391e+01 -2.489811e+01
      vertex   -1.700000e+01 -2.620035e+01 -2.468237e+01
      vertex   -1.700000e+01 -2.512391e+01 -2.001743e+01
    endloop
  endfacet
  facet normal -1.000000e+00 -0.000000e+00 0.000000e+00
    outer loop
      vertex   -1.700000e+01 -2.512391e+01 -2.001743e+01
      vertex   -1.700000e+01 -2.620035e+01 -2.468237e+01
      vertex   -1.700000e+01 -2.605000e+01 -1.948275e+01
    endloop
  endfacet
  facet normal -1.000000e+00 -0.000000e+00 0.000000e+00
    outer loop
      vertex   -1.700000e+01 -2.605000e+01 -1.948275e+01
      vertex   -1.700000e+01 -2.620035e+01 -2.468237e+01
      vertex   -1.700000e+01 -2.676404e+01 -1.900021e+01
    endloop
  endfacet
  facet normal -1.000000e+00 0.000000e+00 -0.000000e+00
    outer loop
      vertex   -1.700000e+01 -2.676404e+01 -1.900021e+01
      vertex   -1.700000e+01 -2.620035e+01 -2.468237e+01
      vertex   -1.700000e+01 -2.724666e+01 -2.434993e+01
    endloop
  endfacet
  facet normal -1.000000e+00 -0.000000e+00 0.000000e+00
    outer loop
      vertex   -1.700000e+01 -2.676404e+01 -1.900021e+01
      vertex   -1.700000e+01 -2.724666e+01 -2.434993e+01
      vertex   -1.700000e+01 -2.740296e+01 -1.842184e+01
    endloop
  endfacet
  facet normal -1.000000e+00 0.000000e+00 -0.000000e+00
    outer loop
      vertex   -1.700000e+01 -2.740296e+01 -1.842184e+01
      vertex   -1.700000e+01 -2.724666e+01 -2.434993e+01
      vertex   -1.700000e+01 -2.825021e+01 -2.390480e+01
    endloop
  endfacet
  facet normal -1.000000e+00 -0.000000e+00 0.000000e+00
    outer loop
      vertex   -1.700000e+01 -2.740296e+01 -1.842184e+01
      vertex   -1.700000e+01 -2.825021e+01 -2.390480e+01
      vertex   -1.700000e+01 -2.795399e+01 -1.775921e+01
    endloop
  endfacet
  facet normal -1.000000e+00 -0.000000e+00 0.000000e+00
    outer loop
      vertex   -1.700000e+01 -2.795399e+01 -1.775921e+01
      vertex   -1.700000e+01 -2.825021e+01 -2.390480e+01
      vertex   -1.700000e+01 -2.840614e+01 -1.702554e+01
    endloop
  endfacet
  facet normal -1.000000e+00 0.000000e+00 -0.000000e+00
    outer loop
      vertex   -1.700000e+01 -2.840614e+01 -1.702554e+01
      vertex   -1.700000e+01 -2.825021e+01 -2.390480e+01
      vertex   -1.700000e+01 -2.919893e+01 -2.335235e+01
    endloop
  endfacet
  facet normal -1.000000e+00 -0.000000e+00 0.000000e+00
    outer loop
      vertex   -1.700000e+01 -2.840614e+01 -1.702554e+01
      vertex   -1.700000e+01 -2.919893e+01 -2.335235e+01
      vertex   -1.700000e+01 -2.875038e+01 -1.623547e+01
    endloop
  endfacet
  facet normal -1.000000e+00 0.000000e+00 0.000000e+00
    outer loop
      vertex   -1.700000e+01 -2.875038e+01 -1.623547e+01
      vertex   -1.700000e+01 -2.919893e+01 -2.335235e+01
      vertex   -1.700000e+01 -3.008137e+01 -2.269923e+01
    endloop
  endfacet
  facet normal -1.000000e+00 -0.000000e+00 0.000000e+00
    outer loop
      vertex   -1.700000e+01 -2.875038e+01 -1.623547e+01
      vertex   -1.700000e+01 -3.008137e+01 -2.269923e+01
      vertex   -1.700000e+01 -2.897984e+01 -1.540478e+01
    endloop
  endfacet
  facet normal -1.000000e+00 0.000000e+00 0.000000e+00
    outer loop
      vertex   -1.700000e+01 -2.897984e+01 -1.540478e+01
      vertex   -1.700000e+01 -3.008137e+01 -2.269923e+01
      vertex   -1.700000e+01 -3.088690e+01 -2.195331e+01
    endloop
  endfacet
  facet normal -1.000000e+00 -0.000000e+00 0.000000e+00
    outer loop
      vertex   -1.700000e+01 -2.897984e+01 -1.540478e+01
      vertex   -1.700000e+01 -3.088690e+01 -2.195331e+01
      vertex   -1.700000e+01 -2.908995e+01 -1.455003e+01
    endloop
  endfacet
  facet normal -1.000000e+00 0.000000e+00 0.000000e+00
    outer loop
      vertex   -1.700000e+01 -2.908995e+01 -1.455003e+01
      vertex   -1.700000e+01 -3.088690e+01 -2.195331e+01
      vertex   -1.700000e+01 -3.160580e+01 -2.112358e+01
    endloop
  endfacet
  facet normal -1.000000e+00 -0.000000e+00 0.000000e+00
    outer loop
      vertex   -1.700000e+01 -2.908995e+01 -1.455003e+01
      vertex   -1.700000e+01 -3.160580e+01 -2.112358e+01
      vertex   -1.700000e+01 -2.907850e+01 -1.368830e+01
    endloop
  endfacet
  facet normal -1.000000e+00 0.000000e+00 0.000000e+00
    outer loop
      vertex   -1.700000e+01 -2.907850e+01 -1.368830e+01
      vertex   -1.700000e+01 -3.160580e+01 -2.112358e+01
      vertex   -1.700000e+01 -3.222942e+01 -2.022005e+01
    endloop
  endfacet
  facet normal -1.000000e+00 0.000000e+00 0.000000e+00
    outer loop
      vertex   -1.700000e+01 -2.907850e+01 -1.368830e+01
      vertex   -1.700000e+01 -3.222942e+01 -2.022005e+01
      vertex   -1.700000e+01 -3.275024e+01 -1.925360e+01
    endloop
  endfacet
  facet normal -1.000000e+00 0.000000e+00 0.000000e+00
    outer loop
      vertex   -1.700000e+01 -2.907850e+01 -1.368830e+01
      vertex   -1.700000e+01 -3.275024e+01 -1.925360e+01
      vertex   -1.700000e+01 -3.370000e+01 -1.500000e+01
    endloop
  endfacet
  facet normal -1.000000e+00 0.000000e+00 0.000000e+00
    outer loop
      vertex   -1.700000e+01 -3.370000e+01 -1.500000e+01
      vertex   -1.700000e+01 -3.275024e+01 -1.925360e+01
      vertex   -1.700000e+01 -3.316198e+01 -1.823589e+01
    endloop
  endfacet
  facet normal -1.000000e+00 0.000000e+00 0.000000e+00
    outer loop
      vertex   -1.700000e+01 -3.370000e+01 -1.500000e+01
      vertex   -1.700000e+01 -3.316198e+01 -1.823589e+01
      vertex   -1.700000e+01 -3.345967e+01 -1.717917e+01
    endloop
  endfacet
  facet normal -1.000000e+00 0.000000e+00 0.000000e+00
    outer loop
      vertex   -1.700000e+01 -3.345967e+01 -1.717917e+01
      vertex   -1.700000e+01 -3.363974e+01 -1.609619e+01
      vertex   -1.700000e+01 -3.370000e+01 -1.500000e+01
    endloop
  endfacet
  facet normal -1.000000e+00 0.000000e+00 0.000000e+00
    outer loop
      vertex   -1.700000e+01 -3.370000e+01 -1.500000e+01
      vertex   -1.700000e+01 -3.370000e+01 -7.500000e+00
      vertex   -1.700000e+01 -2.907850e+01 -1.368830e+01
    endloop
  endfacet
  facet normal -1.000000e+00 0.000000e+00 0.000000e+00
    outer loop
      vertex   -1.700000e+01 -2.907850e+01 -1.368830e+01
      vertex   -1.700000e+01 -3.370000e+01 -7.500000e+00
      vertex   -1.700000e+01 -2.894572e+01 -1.283678e+01
    endloop
  endfacet
  facet normal -1.000000e+00 0.000000e+00 0.000000e+00
    outer loop
      vertex   -1.700000e+01 -2.894572e+01 -1.283678e+01
      vertex   -1.700000e+01 -3.370000e+01 -7.500000e+00
      vertex   -1.700000e+01 -2.869427e+01 -1.201247e+01
    endloop
  endfacet
  facet normal -1.000000e+00 0.000000e+00 0.000000e+00
    outer loop
      vertex   -1.700000e+01 -2.869427e+01 -1.201247e+01
      vertex   -1.700000e+01 -3.370000e+01 -7.500000e+00
      vertex   -1.700000e+01 -2.870000e+01 9.500000e+00
    endloop
  endfacet
  facet normal -1.000000e+00 0.000000e+00 0.000000e+00
    outer loop
      vertex   -1.700000e+01 -2.869427e+01 -1.201247e+01
      vertex   -1.700000e+01 -2.870000e+01 9.500000e+00
      vertex   -1.700000e+01 -2.832916e+01 -1.123183e+01
    endloop
  endfacet
  facet normal -1.000000e+00 0.000000e+00 0.000000e+00
    outer loop
      vertex   -1.700000e+01 -2.832916e+01 -1.123183e+01
      vertex   -1.700000e+01 -2.870000e+01 9.500000e+00
      vertex   -1.700000e+01 -2.785768e+01 -1.051043e+01
    endloop
  endfacet
  facet normal -1.000000e+00 0.000000e+00 0.000000e+00
    outer loop
      vertex   -1.700000e+01 -2.785768e+01 -1.051043e+01
      vertex   -1.700000e+01 -2.870000e+01 9.500000e+00
      vertex   -1.700000e+01 -2.850000e+01 9.500000e+00
    endloop
  endfacet
  facet normal -1.000000e+00 0.000000e+00 0.000000e+00
    outer loop
      vertex   -1.700000e+01 -2.785768e+01 -1.051043e+01
      vertex   -1.700000e+01 -2.850000e+01 9.500000e+00
      vertex   -1.700000e+01 -2.728924e+01 -9.862671e+00
    endloop
  endfacet
  facet normal -1.000000e+00 0.000000e+00 0.000000e+00
    outer loop
      vertex   -1.700000e+01 -2.728924e+01 -9.862671e+00
      vertex   -1.700000e+01 -2.850000e+01 9.500000e+00
      vertex   -1.700000e+01 -2.663519e+01 -9.301488e+00
    endloop
  endfacet
  facet normal -1.000000e+00 0.000000e+00 0.000000e+00
    outer loop
      vertex   -1.700000e+01 -2.663519e+01 -9.301488e+00
      vertex   -1.700000e+01 -2.850000e+01 9.500000e+00
      vertex   -1.700000e+01 -2.512391e+01 9.500000e+00
    endloop
  endfacet
  facet normal -1.000000e+00 0.000000e+00 0.000000e+00
    outer loop
      vertex   -1.700000e+01 -2.663519e+01 -9.301488e+00
      vertex   -1.700000e+01 -2.512391e+01 9.500000e+00
      vertex   -1.700000e+01 -2.590857e+01 -8.838079e+00
    endloop
  endfacet
  facet normal -1.000000e+00 0.000000e+00 0.000000e+00
    outer loop
      vertex   -1.700000e+01 -2.590857e+01 -8.838079e+00
      vertex   -1.700000e+01 -2.512391e+01 9.500000e+00
      vertex   -1.700000e+01 -2.512391e+01 -8.481694e+00
    endloop
  endfacet
  facet normal 0.000000e+00 -1.000000e+00 0.000000e+00
    outer loop
      vertex   -1.700000e+01 -3.370000e+01 -1.500000e+01
      vertex   1.700000e+01 -3.370000e+01 -1.500000e+01
      vertex   -1.700000e+01 -3.370000e+01 -7.500000e+00
    endloop
  endfacet
  facet normal 0.000000e+00 -1.000000e+00 0.000000e+00
    outer loop
      vertex   -1.700000e+01 -3.370000e+01 -7.500000e+00
      vertex   1.700000e+01 -3.370000e+01 -1.500000e+01
      vertex   1.700000e+01 -3.370000e+01 -7.500000e+00
    endloop
  endfacet
  facet normal 1.246433e-15 -9.593655e-01 2.821663e-01
    outer loop
      vertex   -8.000000e+00 -3.356579e+01 -7.043673e+00
      vertex   -1.105000e+01 -3.304787e+01 -5.282755e+00
      vertex   -1.700000e+01 -3.370000e+01 -7.500000e+00
    endloop
  endfacet
  facet normal 6.035623e-16 -9.593655e-01 2.821663e-01
    outer loop
      vertex   -1.700000e+01 -3.370000e+01 -7.500000e+00
      vertex   -1.105000e+01 -3.304787e+01 -5.282755e+00
      vertex   -1.178344e+01 -3.290145e+01 -4.784936e+00
    endloop
  endfacet
  facet normal -2.348351e-15 -9.593655e-01 2.821663e-01
    outer loop
      vertex   -1.700000e+01 -3.370000e+01 -7.500000e+00
      vertex   -1.178344e+01 -3.290145e+01 -4.784936e+00
      vertex   -1.243698e+01 -3.272532e+01 -4.186074e+00
    endloop
  endfacet
  facet normal 4.865398e-15 -9.593655e-01 2.821663e-01
    outer loop
      vertex   -1.243698e+01 -3.272532e+01 -4.186074e+00
      vertex   -1.299683e+01 -3.252318e+01 -3.498816e+00
      vertex   -1.700000e+01 -3.370000e+01 -7.500000e+00
    endloop
  endfacet
  facet normal -1.751521e-16 -9.593655e-01 2.821663e-01
    outer loop
      vertex   -1.700000e+01 -3.370000e+01 -7.500000e+00
      vertex   -1.299683e+01 -3.252318e+01 -3.498816e+00
      vertex   -1.345116e+01 -3.229932e+01 -2.737675e+00
    endloop
  endfacet
  facet normal -1.884395e-15 -9.593655e-01 2.821663e-01
    outer loop
      vertex   -1.700000e+01 -3.370000e+01 -7.500000e+00
      vertex   -1.345116e+01 -3.229932e+01 -2.737675e+00
      vertex   -1.379038e+01 -3.205845e+01 -1.918723e+00
    endloop
  endfacet
  facet normal 2.039303e-15 -9.593655e-01 2.821663e-01
    outer loop
      vertex   -1.379038e+01 -3.205845e+01 -1.918723e+00
      vertex   -1.400733e+01 -3.180566e+01 -1.059254e+00
      vertex   -1.700000e+01 -3.370000e+01 -7.500000e+00
    endloop
  endfacet
  facet normal 5.293604e-16 -9.593655e-01 2.821663e-01
    outer loop
      vertex   -1.700000e+01 -3.370000e+01 -7.500000e+00
      vertex   -1.400733e+01 -3.180566e+01 -1.059254e+00
      vertex   -1.409742e+01 -3.154630e+01 -1.774168e-01
    endloop
  endfacet
  facet normal 8.940535e-15 -9.593655e-01 2.821663e-01
    outer loop
      vertex   -1.700000e+01 -3.370000e+01 -7.500000e+00
      vertex   -1.409742e+01 -3.154630e+01 -1.774168e-01
      vertex   -1.405875e+01 -3.128583e+01 7.081668e-01
    endloop
  endfacet
  facet normal 2.862947e-15 -9.593655e-01 2.821663e-01
    outer loop
      vertex   -1.700000e+01 -3.370000e+01 -7.500000e+00
      vertex   -1.405875e+01 -3.128583e+01 7.081668e-01
      vertex   -1.700000e+01 -2.870000e+01 9.500000e+00
    endloop
  endfacet
  facet normal 2.540063e-15 -9.593655e-01 2.821663e-01
    outer loop
      vertex   -1.700000e+01 -2.870000e+01 9.500000e+00
      vertex   -1.405875e+01 -3.128583e+01 7.081668e-01
      vertex   -1.389215e+01 -3.102977e+01 1.578796e+00
    endloop
  endfacet
  facet normal -3.472610e-15 -9.593655e-01 2.821663e-01
    outer loop
      vertex   -1.700000e+01 -2.870000e+01 9.500000e+00
      vertex   -1.389215e+01 -3.102977e+01 1.578796e+00
      vertex   -1.360112e+01 -3.078350e+01 2.416087e+00
    endloop
  endfacet
  facet normal 2.332106e-15 -9.593655e-01 2.821663e-01
    outer loop
      vertex   -1.360112e+01 -3.078350e+01 2.416087e+00
      vertex   -1.319181e+01 -3.055225e+01 3.202357e+00
      vertex   -1.700000e+01 -2.870000e+01 9.500000e+00
    endloop
  endfacet
  facet normal -8.514000e-16 -9.593655e-01 2.821663e-01
    outer loop
      vertex   -1.700000e+01 -2.870000e+01 9.500000e+00
      vertex   -1.319181e+01 -3.055225e+01 3.202357e+00
      vertex   -1.267287e+01 -3.034088e+01 3.921004e+00
    endloop
  endfacet
  facet normal 1.649980e-15 -9.593655e-01 2.821663e-01
    outer loop
      vertex   -1.700000e+01 -2.870000e+01 9.500000e+00
      vertex   -1.267287e+01 -3.034088e+01 3.921004e+00
      vertex   -1.205525e+01 -3.015387e+01 4.556853e+00
    endloop
  endfacet
  facet normal 3.466835e-17 -9.593655e-01 2.821663e-01
    outer loop
      vertex   -1.205525e+01 -3.015387e+01 4.556853e+00
      vertex   -1.135200e+01 -2.999515e+01 5.096476e+00
      vertex   -1.700000e+01 -2.870000e+01 9.500000e+00
    endloop
  endfacet
  facet normal -5.827816e-16 -9.593655e-01 2.821663e-01
    outer loop
      vertex   -1.700000e+01 -2.870000e+01 9.500000e+00
      vertex   -1.135200e+01 -2.999515e+01 5.096476e+00
      vertex   -1.057797e+01 -2.986809e+01 5.528478e+00
    endloop
  endfacet
  facet normal 0.000000e+00 -9.593655e-01 2.821663e-01
    outer loop
      vertex   -1.700000e+01 -2.870000e+01 9.500000e+00
      vertex   -1.057797e+01 -2.986809e+01 5.528478e+00
      vertex   -9.749500e+00 -2.977537e+01 5.843736e+00
    endloop
  endfacet
  facet normal 1.408766e-15 -9.593655e-01 2.821663e-01
    outer loop
      vertex   -9.749500e+00 -2.977537e+01 5.843736e+00
      vertex   -8.884084e+00 -2.971894e+01 6.035594e+00
      vertex   -1.700000e+01 -2.870000e+01 9.500000e+00
    endloop
  endfacet
  facet normal -8.317593e-16 -9.593655e-01 2.821663e-01
    outer loop
      vertex   -1.700000e+01 -2.870000e+01 9.500000e+00
      vertex   -8.884084e+00 -2.971894e+01 6.035594e+00
      vertex   -8.000000e+00 -2.970000e+01 6.100000e+00
    endloop
  endfacet
  facet normal 8.779946e-16 -9.593655e-01 2.821663e-01
    outer loop
      vertex   -1.700000e+01 -2.870000e+01 9.500000e+00
      vertex   -8.000000e+00 -2.970000e+01 6.100000e+00
      vertex   -7.115916e+00 -2.971894e+01 6.035594e+00
    endloop
  endfacet
  facet normal -1.728203e-17 -9.593655e-01 2.821663e-01
    outer loop
      vertex   -1.700000e+01 -2.870000e+01 9.500000e+00
      vertex   -7.115916e+00 -2.971894e+01 6.035594e+00
      vertex   7.115916e+00 -2.971894e+01 6.035594e+00
    endloop
  endfacet
  facet normal -1.760940e-17 -9.593655e-01 2.821663e-01
    outer loop
      vertex   7.115916e+00 -2.971894e+01 6.035594e+00
      vertex   -7.115916e+00 -2.971894e+01 6.035594e+00
      vertex   -6.250500e+00 -2.977537e+01 5.843736e+00
    endloop
  endfacet
  facet normal -4.024554e-17 -9.593655e-01 2.821663e-01
    outer loop
      vertex   7.115916e+00 -2.971894e+01 6.035594e+00
      vertex   -6.250500e+00 -2.977537e+01 5.843736e+00
      vertex   6.250500e+00 -2.977537e+01 5.843736e+00
    endloop
  endfacet
  facet normal -4.009504e-17 -9.593655e-01 2.821663e-01
    outer loop
      vertex   6.250500e+00 -2.977537e+01 5.843736e+00
      vertex   -6.250500e+00 -2.977537e+01 5.843736e+00
      vertex   5.422029e+00 -2.986809e+01 5.528478e+00
    endloop
  endfacet
  facet normal 0.000000e+00 -9.593655e-01 2.821663e-01
    outer loop
      vertex   5.422029e+00 -2.986809e+01 5.528478e+00
      vertex   -6.250500e+00 -2.977537e+01 5.843736e+00
      vertex   -5.422029e+00 -2.986809e+01 5.528478e+00
    endloop
  endfacet
  facet normal 0.000000e+00 -9.593655e-01 2.821663e-01
    outer loop
      vertex   5.422029e+00 -2.986809e+01 5.528478e+00
      vertex   -5.422029e+00 -2.986809e+01 5.528478e+00
      vertex   4.647995e+00 -2.999515e+01 5.096476e+00
    endloop
  endfacet
  facet normal 0.000000e+00 -9.593655e-01 2.821663e-01
    outer loop
      vertex   4.647995e+00 -2.999515e+01 5.096476e+00
      vertex   -5.422029e+00 -2.986809e+01 5.528478e+00
      vertex   -4.647995e+00 -2.999515e+01 5.096476e+00
    endloop
  endfacet
  facet normal 0.000000e+00 -9.593655e-01 2.821663e-01
    outer loop
      vertex   4.647995e+00 -2.999515e+01 5.096476e+00
      vertex   -4.647995e+00 -2.999515e+01 5.096476e+00
      vertex   3.944745e+00 -3.015387e+01 4.556853e+00
    endloop
  endfacet
  facet normal -6.353111e-17 -9.593655e-01 2.821663e-01
    outer loop
      vertex   3.944745e+00 -3.015387e+01 4.556853e+00
      vertex   -4.647995e+00 -2.999515e+01 5.096476e+00
      vertex   -3.944745e+00 -3.015387e+01 4.556853e+00
    endloop
  endfacet
  facet normal -6.353111e-17 -9.593655e-01 2.821663e-01
    outer loop
      vertex   3.944745e+00 -3.015387e+01 4.556853e+00
      vertex   -3.944745e+00 -3.015387e+01 4.556853e+00
      vertex   3.327129e+00 -3.034088e+01 3.921004e+00
    endloop
  endfacet
  facet normal 0.000000e+00 -9.593655e-01 2.821663e-01
    outer loop
      vertex   3.327129e+00 -3.034088e+01 3.921004e+00
      vertex   -3.944745e+00 -3.015387e+01 4.556853e+00
      vertex   -3.327129e+00 -3.034088e+01 3.921004e+00
    endloop
  endfacet
  facet normal 0.000000e+00 -9.593655e-01 2.821663e-01
    outer loop
      vertex   3.327129e+00 -3.034088e+01 3.921004e+00
      vertex   -3.327129e+00 -3.034088e+01 3.921004e+00
      vertex   2.808188e+00 -3.055225e+01 3.202357e+00
    endloop
  endfacet
  facet normal 0.000000e+00 -9.593655e-01 2.821663e-01
    outer loop
      vertex   2.808188e+00 -3.055225e+01 3.202357e+00
      vertex   -3.327129e+00 -3.034088e+01 3.921004e+00
      vertex   -2.808188e+00 -3.055225e+01 3.202357e+00
    endloop
  endfacet
  facet normal 0.000000e+00 -9.593655e-01 2.821663e-01
    outer loop
      vertex   2.808188e+00 -3.055225e+01 3.202357e+00
      vertex   -2.808188e+00 -3.055225e+01 3.202357e+00
      vertex   2.398882e+00 -3.078350e+01 2.416087e+00
    endloop
  endfacet
  facet normal -2.611780e-17 -9.593655e-01 2.821663e-01
    outer loop
      vertex   2.398882e+00 -3.078350e+01 2.416087e+00
      vertex   -2.808188e+00 -3.055225e+01 3.202357e+00
      vertex   -2.398882e+00 -3.078350e+01 2.416087e+00
    endloop
  endfacet
  facet normal -2.611780e-17 -9.593655e-01 2.821663e-01
    outer loop
      vertex   2.398882e+00 -3.078350e+01 2.416087e+00
      vertex   -2.398882e+00 -3.078350e+01 2.416087e+00
      vertex   2.107852e+00 -3.102977e+01 1.578796e+00
    endloop
  endfacet
  facet normal -1.188954e-16 -9.593655e-01 2.821663e-01
    outer loop
      vertex   2.107852e+00 -3.102977e+01 1.578796e+00
      vertex   -2.398882e+00 -3.078350e+01 2.416087e+00
      vertex   -2.107852e+00 -3.102977e+01 1.578796e+00
    endloop
  endfacet
  facet normal -1.188954e-16 -9.593655e-01 2.821663e-01
    outer loop
      vertex   2.107852e+00 -3.102977e+01 1.578796e+00
      vertex   -2.107852e+00 -3.102977e+01 1.578796e+00
      vertex   1.941246e+00 -3.128583e+01 7.081668e-01
    endloop
  endfacet
  facet normal -2.097868e-16 -9.593655e-01 2.821663e-01
    outer loop
      vertex   1.941246e+00 -3.128583e+01 7.081668e-01
      vertex   -2.107852e+00 -3.102977e+01 1.578796e+00
      vertex   -1.941246e+00 -3.128583e+01 7.081668e-01
    endloop
  endfacet
  facet normal -2.097868e-16 -9.593655e-01 2.821663e-01
    outer loop
      vertex   1.941246e+00 -3.128583e+01 7.081668e-01
      vertex   -1.941246e+00 -3.128583e+01 7.081668e-01
      vertex   1.902581e+00 -3.154630e+01 -1.774168e-01
    endloop
  endfacet
  facet normal 1.008506e-16 -9.593655e-01 2.821663e-01
    outer loop
      vertex   1.902581e+00 -3.154630e+01 -1.774168e-01
      vertex   -1.941246e+00 -3.128583e+01 7.081668e-01
      vertex   -1.902581e+00 -3.154630e+01 -1.774168e-01
    endloop
  endfacet
  facet normal 1.008506e-16 -9.593655e-01 2.821663e-01
    outer loop
      vertex   1.902581e+00 -3.154630e+01 -1.774168e-01
      vertex   -1.902581e+00 -3.154630e+01 -1.774168e-01
      vertex   -1.992673e+00 -3.180566e+01 -1.059254e+00
    endloop
  endfacet
  facet normal 1.515340e-17 -9.593655e-01 2.821663e-01
    outer loop
      vertex   1.902581e+00 -3.154630e+01 -1.774168e-01
      vertex   -1.992673e+00 -3.180566e+01 -1.059254e+00
      vertex   1.992673e+00 -3.180566e+01 -1.059254e+00
    endloop
  endfacet
  facet normal 1.572097e-17 -9.593655e-01 2.821663e-01
    outer loop
      vertex   1.992673e+00 -3.180566e+01 -1.059254e+00
      vertex   -1.992673e+00 -3.180566e+01 -1.059254e+00
      vertex   -2.209620e+00 -3.205845e+01 -1.918723e+00
    endloop
  endfacet
  facet normal -5.608497e-17 -9.593655e-01 2.821663e-01
    outer loop
      vertex   1.992673e+00 -3.180566e+01 -1.059254e+00
      vertex   -2.209620e+00 -3.205845e+01 -1.918723e+00
      vertex   2.209620e+00 -3.205845e+01 -1.918723e+00
    endloop
  endfacet
  facet normal -5.670976e-17 -9.593655e-01 2.821663e-01
    outer loop
      vertex   2.209620e+00 -3.205845e+01 -1.918723e+00
      vertex   -2.209620e+00 -3.205845e+01 -1.918723e+00
      vertex   -2.548841e+00 -3.229932e+01 -2.737675e+00
    endloop
  endfacet
  facet normal -7.653929e-17 -9.593655e-01 2.821663e-01
    outer loop
      vertex   2.209620e+00 -3.205845e+01 -1.918723e+00
      vertex   -2.548841e+00 -3.229932e+01 -2.737675e+00
      vertex   2.548841e+00 -3.229932e+01 -2.737675e+00
    endloop
  endfacet
  facet normal -7.374353e-17 -9.593655e-01 2.821663e-01
    outer loop
      vertex   2.548841e+00 -3.229932e+01 -2.737675e+00
      vertex   -2.548841e+00 -3.229932e+01 -2.737675e+00
      vertex   -3.003173e+00 -3.252318e+01 -3.498816e+00
    endloop
  endfacet
  facet normal -1.514370e-16 -9.593655e-01 2.821663e-01
    outer loop
      vertex   2.548841e+00 -3.229932e+01 -2.737675e+00
      vertex   -3.003173e+00 -3.252318e+01 -3.498816e+00
      vertex   3.003173e+00 -3.252318e+01 -3.498816e+00
    endloop
  endfacet
  facet normal -1.460371e-16 -9.593655e-01 2.821663e-01
    outer loop
      vertex   3.003173e+00 -3.252318e+01 -3.498816e+00
      vertex   -3.003173e+00 -3.252318e+01 -3.498816e+00
      vertex   -3.563021e+00 -3.272532e+01 -4.186074e+00
    endloop
  endfacet
  facet normal -1.413643e-16 -9.593655e-01 2.821663e-01
    outer loop
      vertex   3.003173e+00 -3.252318e+01 -3.498816e+00
      vertex   -3.563021e+00 -3.272532e+01 -4.186074e+00
      vertex   3.563021e+00 -3.272532e+01 -4.186074e+00
    endloop
  endfacet
  facet normal -1.406750e-16 -9.593655e-01 2.821663e-01
    outer loop
      vertex   3.563021e+00 -3.272532e+01 -4.186074e+00
      vertex   -3.563021e+00 -3.272532e+01 -4.186074e+00
      vertex   -4.216564e+00 -3.290145e+01 -4.784936e+00
    endloop
  endfacet
  facet normal -1.502672e-16 -9.593655e-01 2.821663e-01
    outer loop
      vertex   3.563021e+00 -3.272532e+01 -4.186074e+00
      vertex   -4.216564e+00 -3.290145e+01 -4.784936e+00
      vertex   4.216564e+00 -3.290145e+01 -4.784936e+00
    endloop
  endfacet
  facet normal -1.485890e-16 -9.593655e-01 2.821663e-01
    outer loop
      vertex   4.216564e+00 -3.290145e+01 -4.784936e+00
      vertex   -4.216564e+00 -3.290145e+01 -4.784936e+00
      vertex   -4.950000e+00 -3.304787e+01 -5.282755e+00
    endloop
  endfacet
  facet normal 0.000000e+00 -9.593655e-01 2.821663e-01
    outer loop
      vertex   4.216564e+00 -3.290145e+01 -4.784936e+00
      vertex   -4.950000e+00 -3.304787e+01 -5.282755e+00
      vertex   4.950000e+00 -3.304787e+01 -5.282755e+00
    endloop
  endfacet
  facet normal 0.000000e+00 -9.593655e-01 2.821663e-01
    outer loop
      vertex   4.950000e+00 -3.304787e+01 -5.282755e+00
      vertex   -4.950000e+00 -3.304787e+01 -5.282755e+00
      vertex   -8.000000e+00 -3.356579e+01 -7.043673e+00
    endloop
  endfacet
  facet normal -1.587758e-16 -9.593655e-01 2.821663e-01
    outer loop
      vertex   4.950000e+00 -3.304787e+01 -5.282755e+00
      vertex   -8.000000e+00 -3.356579e+01 -7.043673e+00
      vertex   8.000000e+00 -3.356579e+01 -7.043673e+00
    endloop
  endfacet
  facet normal -1.566338e-16 -9.593655e-01 2.821663e-01
    outer loop
      vertex   8.000000e+00 -3.356579e+01 -7.043673e+00
      vertex   -8.000000e+00 -3.356579e+01 -7.043673e+00
      vertex   -1.700000e+01 -3.370000e+01 -7.500000e+00
    endloop
  endfacet
  facet normal 0.000000e+00 -9.593655e-01 2.821663e-01
    outer loop
      vertex   8.000000e+00 -3.356579e+01 -7.043673e+00
      vertex   -1.700000e+01 -3.370000e+01 -7.500000e+00
      vertex   1.700000e+01 -3.370000e+01 -7.500000e+00
    endloop
  endfacet
  facet normal 0.000000e+00 -9.593655e-01 2.821663e-01
    outer loop
      vertex   -1.700000e+01 -2.870000e+01 9.500000e+00
      vertex   7.115916e+00 -2.971894e+01 6.035594e+00
      vertex   1.700000e+01 -2.870000e+01 9.500000e+00
    endloop
  endfacet
  facet normal -1.755989e-15 -9.593655e-01 2.821663e-01
    outer loop
      vertex   1.700000e+01 -2.870000e+01 9.500000e+00
      vertex   7.115916e+00 -2.971894e+01 6.035594e+00
      vertex   8.000000e+00 -2.970000e+01 6.100000e+00
    endloop
  endfacet
  facet normal 7.129366e-16 -9.593655e-01 2.821663e-01
    outer loop
      vertex   1.700000e+01 -2.870000e+01 9.500000e+00
      vertex   8.000000e+00 -2.970000e+01 6.100000e+00
      vertex   8.884084e+00 -2.971894e+01 6.035594e+00
    endloop
  endfacet
  facet normal 1.420457e-15 -9.593655e-01 2.821663e-01
    outer loop
      vertex   8.884084e+00 -2.971894e+01 6.035594e+00
      vertex   9.749500e+00 -2.977537e+01 5.843736e+00
      vertex   1.700000e+01 -2.870000e+01 9.500000e+00
    endloop
  endfacet
  facet normal -3.206415e-16 -9.593655e-01 2.821663e-01
    outer loop
      vertex   1.700000e+01 -2.870000e+01 9.500000e+00
      vertex   9.749500e+00 -2.977537e+01 5.843736e+00
      vertex   1.057797e+01 -2.986809e+01 5.528478e+00
    endloop
  endfacet
  facet normal -2.039736e-15 -9.593655e-01 2.821663e-01
    outer loop
      vertex   1.700000e+01 -2.870000e+01 9.500000e+00
      vertex   1.057797e+01 -2.986809e+01 5.528478e+00
      vertex   1.135200e+01 -2.999515e+01 5.096476e+00
    endloop
  endfacet
  facet normal -4.680227e-16 -9.593655e-01 2.821663e-01
    outer loop
      vertex   1.135200e+01 -2.999515e+01 5.096476e+00
      vertex   1.205525e+01 -3.015387e+01 4.556853e+00
      vertex   1.700000e+01 -2.870000e+01 9.500000e+00
    endloop
  endfacet
  facet normal -1.099987e-15 -9.593655e-01 2.821663e-01
    outer loop
      vertex   1.700000e+01 -2.870000e+01 9.500000e+00
      vertex   1.205525e+01 -3.015387e+01 4.556853e+00
      vertex   1.267287e+01 -3.034088e+01 3.921004e+00
    endloop
  endfacet
  facet normal 3.405600e-15 -9.593655e-01 2.821663e-01
    outer loop
      vertex   1.700000e+01 -2.870000e+01 9.500000e+00
      vertex   1.267287e+01 -3.034088e+01 3.921004e+00
      vertex   1.319181e+01 -3.055225e+01 3.202357e+00
    endloop
  endfacet
  facet normal -5.772918e-15 -9.593655e-01 2.821663e-01
    outer loop
      vertex   1.319181e+01 -3.055225e+01 3.202357e+00
      vertex   1.360112e+01 -3.078350e+01 2.416087e+00
      vertex   1.700000e+01 -2.870000e+01 9.500000e+00
    endloop
  endfacet
  facet normal 2.778088e-15 -9.593655e-01 2.821663e-01
    outer loop
      vertex   1.700000e+01 -2.870000e+01 9.500000e+00
      vertex   1.360112e+01 -3.078350e+01 2.416087e+00
      vertex   1.389215e+01 -3.102977e+01 1.578796e+00
    endloop
  endfacet
  facet normal -2.540063e-15 -9.593655e-01 2.821663e-01
    outer loop
      vertex   1.700000e+01 -2.870000e+01 9.500000e+00
      vertex   1.389215e+01 -3.102977e+01 1.578796e+00
      vertex   1.405875e+01 -3.128583e+01 7.081668e-01
    endloop
  endfacet
  facet normal -2.044962e-15 -9.593655e-01 2.821663e-01
    outer loop
      vertex   1.700000e+01 -2.870000e+01 9.500000e+00
      vertex   1.405875e+01 -3.128583e+01 7.081668e-01
      vertex   1.700000e+01 -3.370000e+01 -7.500000e+00
    endloop
  endfacet
  facet normal -1.043062e-14 -9.593655e-01 2.821663e-01
    outer loop
      vertex   1.700000e+01 -3.370000e+01 -7.500000e+00
      vertex   1.405875e+01 -3.128583e+01 7.081668e-01
      vertex   1.409742e+01 -3.154630e+01 -1.774168e-01
    endloop
  endfacet
  facet normal 3.176163e-15 -9.593655e-01 2.821663e-01
    outer loop
      vertex   1.700000e+01 -3.370000e+01 -7.500000e+00
      vertex   1.409742e+01 -3.154630e+01 -1.774168e-01
      vertex   1.400733e+01 -3.180566e+01 -1.059254e+00
    endloop
  endfacet
  facet normal -2.039303e-15 -9.593655e-01 2.821663e-01
    outer loop
      vertex   1.400733e+01 -3.180566e+01 -1.059254e+00
      vertex   1.379038e+01 -3.205845e+01 -1.918723e+00
      vertex   1.700000e+01 -3.370000e+01 -7.500000e+00
    endloop
  endfacet
  facet normal 1.695955e-15 -9.593655e-01 2.821663e-01
    outer loop
      vertex   1.700000e+01 -3.370000e+01 -7.500000e+00
      vertex   1.379038e+01 -3.205845e+01 -1.918723e+00
      vertex   1.345116e+01 -3.229932e+01 -2.737675e+00
    endloop
  endfacet
  facet normal -6.480628e-15 -9.593655e-01 2.821663e-01
    outer loop
      vertex   1.700000e+01 -3.370000e+01 -7.500000e+00
      vertex   1.345116e+01 -3.229932e+01 -2.737675e+00
      vertex   1.299683e+01 -3.252318e+01 -3.498816e+00
    endloop
  endfacet
  facet normal -3.200920e-16 -9.593655e-01 2.821663e-01
    outer loop
      vertex   1.299683e+01 -3.252318e+01 -3.498816e+00
      vertex   1.243698e+01 -3.272532e+01 -4.186074e+00
      vertex   1.700000e+01 -3.370000e+01 -7.500000e+00
    endloop
  endfacet
  facet normal -1.739519e-15 -9.593655e-01 2.821663e-01
    outer loop
      vertex   1.700000e+01 -3.370000e+01 -7.500000e+00
      vertex   1.243698e+01 -3.272532e+01 -4.186074e+00
      vertex   1.178344e+01 -3.290145e+01 -4.784936e+00
    endloop
  endfacet
  facet normal -1.439264e-15 -9.593655e-01 2.821663e-01
    outer loop
      vertex   1.700000e+01 -3.370000e+01 -7.500000e+00
      vertex   1.178344e+01 -3.290145e+01 -4.784936e+00
      vertex   1.105000e+01 -3.304787e+01 -5.282755e+00
    endloop
  endfacet
  facet normal -7.907979e-16 -9.593655e-01 2.821663e-01
    outer loop
      vertex   1.105000e+01 -3.304787e+01 -5.282755e+00
      vertex   8.000000e+00 -3.356579e+01 -7.043673e+00
      vertex   1.700000e+01 -3.370000e+01 -7.500000e+00
    endloop
  endfacet
  facet normal -5.000000e-01 0.000000e+00 8.660254e-01
    outer loop
      vertex   -8.000000e+00 -3.356579e+01 -7.043673e+00
      vertex   -4.950000e+00 -3.304787e+01 -5.282755e+00
      vertex   -8.000000e+00 1.450000e+01 -7.043673e+00
    endloop
  endfacet
  facet normal -5.000000e-01 0.000000e+00 8.660254e-01
    outer loop
      vertex   -8.000000e+00 1.450000e+01 -7.043673e+00
      vertex   -4.950000e+00 -3.304787e+01 -5.282755e+00
      vertex   -4.950000e+00 1.450000e+01 -5.282755e+00
    endloop
  endfacet
  facet normal -5.615856e-01 -1.206673e-04 8.274186e-01
    outer loop
      vertex   -4.216564e+00 -3.290145e+01 -4.784936e+00
      vertex   -4.196712e+00 -1.719858e+01 -4.769172e+00
      vertex   -4.950000e+00 -3.304787e+01 -5.282755e+00
    endloop
  endfacet
  facet normal -5.633201e-01 1.536650e-17 8.262388e-01
    outer loop
      vertex   -4.950000e+00 -3.304787e+01 -5.282755e+00
      vertex   -4.196712e+00 -1.719858e+01 -4.769172e+00
      vertex   -4.196712e+00 -1.349290e+00 -4.769172e+00
    endloop
  endfacet
  facet normal -5.633201e-01 0.000000e+00 8.262388e-01
    outer loop
      vertex   -4.950000e+00 -3.304787e+01 -5.282755e+00
      vertex   -4.196712e+00 -1.349290e+00 -4.769172e+00
      vertex   -4.950000e+00 1.450000e+01 -5.282755e+00
    endloop
  endfacet
  facet normal -5.633201e-01 0.000000e+00 8.262388e-01
    outer loop
      vertex   -4.950000e+00 1.450000e+01 -5.282755e+00
      vertex   -4.196712e+00 -1.349290e+00 -4.769172e+00
      vertex   -4.196712e+00 1.450000e+01 -4.769172e+00
    endloop
  endfacet
  facet normal -6.801727e-01 0.000000e+00 7.330519e-01
    outer loop
      vertex   -4.196712e+00 1.450000e+01 -4.769172e+00
      vertex   -4.196712e+00 -1.349290e+00 -4.769172e+00
      vertex   -3.528384e+00 1.450000e+01 -4.149054e+00
    endloop
  endfacet
  facet normal -6.801727e-01 0.000000e+00 7.330519e-01
    outer loop
      vertex   -3.528384e+00 1.450000e+01 -4.149054e+00
      vertex   -4.196712e+00 -1.349290e+00 -4.769172e+00
      vertex   -3.528384e+00 -1.349290e+00 -4.149054e+00
    endloop
  endfacet
  facet normal -7.818315e-01 0.000000e+00 6.234898e-01
    outer loop
      vertex   -3.528384e+00 1.450000e+01 -4.149054e+00
      vertex   -3.528384e+00 -1.349290e+00 -4.149054e+00
      vertex   -2.959943e+00 1.450000e+01 -3.436252e+00
    endloop
  endfacet
  facet normal -7.818315e-01 0.000000e+00 6.234898e-01
    outer loop
      vertex   -2.959943e+00 1.450000e+01 -3.436252e+00
      vertex   -3.528384e+00 -1.349290e+00 -4.149054e+00
      vertex   -2.959943e+00 -1.349290e+00 -3.436252e+00
    endloop
  endfacet
  facet normal -8.660254e-01 0.000000e+00 5.000000e-01
    outer loop
      vertex   -2.959943e+00 1.450000e+01 -3.436252e+00
      vertex   -2.959943e+00 -1.349290e+00 -3.436252e+00
      vertex   -2.504090e+00 1.450000e+01 -2.646691e+00
    endloop
  endfacet
  facet normal -8.660254e-01 0.000000e+00 5.000000e-01
    outer loop
      vertex   -2.504090e+00 1.450000e+01 -2.646691e+00
      vertex   -2.959943e+00 -1.349290e+00 -3.436252e+00
      vertex   -2.504090e+00 -1.349290e+00 -2.646691e+00
    endloop
  endfacet
  facet normal -9.308737e-01 0.000000e+00 3.653410e-01
    outer loop
      vertex   -2.504090e+00 1.450000e+01 -2.646691e+00
      vertex   -2.504090e+00 -1.349290e+00 -2.646691e+00
      vertex   -2.171006e+00 1.450000e+01 -1.798007e+00
    endloop
  endfacet
  facet normal -9.308737e-01 2.047335e-17 3.653410e-01
    outer loop
      vertex   -2.171006e+00 1.450000e+01 -1.798007e+00
      vertex   -2.504090e+00 -1.349290e+00 -2.646691e+00
      vertex   -2.171006e+00 -1.349290e+00 -1.798007e+00
    endloop
  endfacet
  facet normal -9.749279e-01 1.246985e-17 2.225209e-01
    outer loop
      vertex   -2.171006e+00 1.450000e+01 -1.798007e+00
      vertex   -2.171006e+00 -1.349290e+00 -1.798007e+00
      vertex   -1.968132e+00 1.450000e+01 -9.091578e-01
    endloop
  endfacet
  facet normal -9.749279e-01 6.234926e-18 2.225209e-01
    outer loop
      vertex   -1.968132e+00 1.450000e+01 -9.091578e-01
      vertex   -2.171006e+00 -1.349290e+00 -1.798007e+00
      vertex   -1.968132e+00 -1.349290e+00 -9.091578e-01
    endloop
  endfacet
  facet normal -9.972038e-01 2.093900e-18 7.473009e-02
    outer loop
      vertex   -1.968132e+00 1.450000e+01 -9.091578e-01
      vertex   -1.968132e+00 -1.349290e+00 -9.091578e-01
      vertex   -1.900000e+00 1.450000e+01 3.996803e-15
    endloop
  endfacet
  facet normal -9.972038e-01 2.200708e-18 7.473009e-02
    outer loop
      vertex   -1.900000e+00 1.450000e+01 3.996803e-15
      vertex   -1.968132e+00 -1.349290e+00 -9.091578e-01
      vertex   -1.900000e+00 -1.349290e+00 4.463545e-15
    endloop
  endfacet
  facet normal -9.972038e-01 -2.200708e-18 -7.473009e-02
    outer loop
      vertex   -1.900000e+00 1.450000e+01 3.996803e-15
      vertex   -1.900000e+00 -1.349290e+00 4.463545e-15
      vertex   -1.968132e+00 1.450000e+01 9.091578e-01
    endloop
  endfacet
  facet normal -9.972038e-01 -2.617375e-18 -7.473009e-02
    outer loop
      vertex   -1.968132e+00 1.450000e+01 9.091578e-01
      vertex   -1.900000e+00 -1.349290e+00 4.463545e-15
      vertex   -1.968132e+00 -1.349290e+00 9.091578e-01
    endloop
  endfacet
  facet normal -9.749279e-01 -7.793657e-18 -2.225209e-01
    outer loop
      vertex   -1.968132e+00 1.450000e+01 9.091578e-01
      vertex   -1.968132e+00 -1.349290e+00 9.091578e-01
      vertex   -2.171006e+00 1.450000e+01 1.798007e+00
    endloop
  endfacet
  facet normal -9.749279e-01 -6.234926e-18 -2.225209e-01
    outer loop
      vertex   -2.171006e+00 1.450000e+01 1.798007e+00
      vertex   -1.968132e+00 -1.349290e+00 9.091578e-01
      vertex   -2.171006e+00 -1.349290e+00 1.798007e+00
    endloop
  endfacet
  facet normal -9.308737e-01 -1.023667e-17 -3.653410e-01
    outer loop
      vertex   -2.171006e+00 1.450000e+01 1.798007e+00
      vertex   -2.171006e+00 -1.349290e+00 1.798007e+00
      vertex   -2.504090e+00 1.450000e+01 2.646691e+00
    endloop
  endfacet
  facet normal -9.308737e-01 -1.023667e-17 -3.653410e-01
    outer loop
      vertex   -2.504090e+00 1.450000e+01 2.646691e+00
      vertex   -2.171006e+00 -1.349290e+00 1.798007e+00
      vertex   -2.504090e+00 -1.349290e+00 2.646691e+00
    endloop
  endfacet
  facet normal -8.660254e-01 -1.400975e-17 -5.000000e-01
    outer loop
      vertex   -2.504090e+00 1.450000e+01 2.646691e+00
      vertex   -2.504090e+00 -1.349290e+00 2.646691e+00
      vertex   -2.959943e+00 1.450000e+01 3.436252e+00
    endloop
  endfacet
  facet normal -8.660254e-01 -0.000000e+00 -5.000000e-01
    outer loop
      vertex   -2.959943e+00 1.450000e+01 3.436252e+00
      vertex   -2.504090e+00 -1.349290e+00 2.646691e+00
      vertex   -2.959943e+00 -1.349290e+00 3.436252e+00
    endloop
  endfacet
  facet normal -7.818315e-01 -0.000000e+00 -6.234898e-01
    outer loop
      vertex   -2.959943e+00 1.450000e+01 3.436252e+00
      vertex   -2.959943e+00 -1.349290e+00 3.436252e+00
      vertex   -3.528384e+00 1.450000e+01 4.149054e+00
    endloop
  endfacet
  facet normal -7.818315e-01 -0.000000e+00 -6.234898e-01
    outer loop
      vertex   -3.528384e+00 1.450000e+01 4.149054e+00
      vertex   -2.959943e+00 -1.349290e+00 3.436252e+00
      vertex   -3.528384e+00 -1.349290e+00 4.149054e+00
    endloop
  endfacet
  facet normal -6.801727e-01 -0.000000e+00 -7.330519e-01
    outer loop
      vertex   -3.528384e+00 1.450000e+01 4.149054e+00
      vertex   -3.528384e+00 -1.349290e+00 4.149054e+00
      vertex   -4.196712e+00 1.450000e+01 4.769172e+00
    endloop
  endfacet
  facet normal -6.801727e-01 -0.000000e+00 -7.330519e-01
    outer loop
      vertex   -4.196712e+00 1.450000e+01 4.769172e+00
      vertex   -3.528384e+00 -1.349290e+00 4.149054e+00
      vertex   -4.196712e+00 -1.349290e+00 4.769172e+00
    endloop
  endfacet
  facet normal -5.633201e-01 -0.000000e+00 -8.262388e-01
    outer loop
      vertex   -4.196712e+00 1.450000e+01 4.769172e+00
      vertex   -4.196712e+00 -1.349290e+00 4.769172e+00
      vertex   -4.950000e+00 1.450000e+01 5.282755e+00
    endloop
  endfacet
  facet normal -5.633201e-01 1.683419e-17 -8.262388e-01
    outer loop
      vertex   -4.950000e+00 1.450000e+01 5.282755e+00
      vertex   -4.196712e+00 -1.349290e+00 4.769172e+00
      vertex   -4.950000e+00 -1.349290e+00 5.282755e+00
    endloop
  endfacet
  facet normal -4.338837e-01 -1.860573e-18 -9.009689e-01
    outer loop
      vertex   -4.950000e+00 1.450000e+01 5.282755e+00
      vertex   -4.950000e+00 -1.349290e+00 5.282755e+00
      vertex   -5.771420e+00 1.450000e+01 5.678330e+00
    endloop
  endfacet
  facet normal -4.338837e-01 4.862883e-17 -9.009689e-01
    outer loop
      vertex   -5.771420e+00 1.450000e+01 5.678330e+00
      vertex   -4.950000e+00 -1.349290e+00 5.282755e+00
      vertex   -5.771420e+00 -1.349290e+00 5.678330e+00
    endloop
  endfacet
  facet normal -2.947552e-01 3.303557e-17 -9.555728e-01
    outer loop
      vertex   -5.771420e+00 1.450000e+01 5.678330e+00
      vertex   -5.771420e+00 -1.349290e+00 5.678330e+00
      vertex   -6.642622e+00 1.450000e+01 5.947060e+00
    endloop
  endfacet
  facet normal -2.947552e-01 -9.058091e-17 -9.555728e-01
    outer loop
      vertex   -6.642622e+00 1.450000e+01 5.947060e+00
      vertex   -5.771420e+00 -1.349290e+00 5.678330e+00
      vertex   -6.642622e+00 -1.349290e+00 5.947060e+00
    endloop
  endfacet
  facet normal -1.490423e-01 -1.024740e-16 -9.888308e-01
    outer loop
      vertex   -6.642622e+00 1.450000e+01 5.947060e+00
      vertex   -6.642622e+00 -1.349290e+00 5.947060e+00
      vertex   -7.544146e+00 1.450000e+01 6.082943e+00
    endloop
  endfacet
  facet normal -1.490423e-01 1.670436e-17 -9.888308e-01
    outer loop
      vertex   -7.544146e+00 1.450000e+01 6.082943e+00
      vertex   -6.642622e+00 -1.349290e+00 5.947060e+00
      vertex   -7.544146e+00 -1.349290e+00 6.082943e+00
    endloop
  endfacet
  facet normal -0.000000e+00 0.000000e+00 -1.000000e+00
    outer loop
      vertex   -7.544146e+00 1.450000e+01 6.082943e+00
      vertex   -7.544146e+00 -1.349290e+00 6.082943e+00
      vertex   -8.455854e+00 1.450000e+01 6.082943e+00
    endloop
  endfacet
  facet normal 0.000000e+00 -0.000000e+00 -1.000000e+00
    outer loop
      vertex   -8.455854e+00 1.450000e+01 6.082943e+00
      vertex   -7.544146e+00 -1.349290e+00 6.082943e+00
      vertex   -8.455854e+00 -1.349290e+00 6.082943e+00
    endloop
  endfacet
  facet normal 1.490423e-01 -1.670436e-17 -9.888308e-01
    outer loop
      vertex   -8.455854e+00 1.450000e+01 6.082943e+00
      vertex   -8.455854e+00 -1.349290e+00 6.082943e+00
      vertex   -9.357378e+00 1.450000e+01 5.947060e+00
    endloop
  endfacet
  facet normal 1.490423e-01 -1.670436e-17 -9.888308e-01
    outer loop
      vertex   -9.357378e+00 1.450000e+01 5.947060e+00
      vertex   -8.455854e+00 -1.349290e+00 6.082943e+00
      vertex   -9.357378e+00 -1.349290e+00 5.947060e+00
    endloop
  endfacet
  facet normal 2.947552e-01 -3.303557e-17 -9.555728e-01
    outer loop
      vertex   -9.357378e+00 1.450000e+01 5.947060e+00
      vertex   -9.357378e+00 -1.349290e+00 5.947060e+00
      vertex   -1.022858e+01 1.450000e+01 5.678330e+00
    endloop
  endfacet
  facet normal 2.947552e-01 0.000000e+00 -9.555728e-01
    outer loop
      vertex   -1.022858e+01 1.450000e+01 5.678330e+00
      vertex   -9.357378e+00 -1.349290e+00 5.947060e+00
      vertex   -1.022858e+01 -1.349290e+00 5.678330e+00
    endloop
  endfacet
  facet normal 4.338837e-01 0.000000e+00 -9.009689e-01
    outer loop
      vertex   -1.022858e+01 1.450000e+01 5.678330e+00
      vertex   -1.022858e+01 -1.349290e+00 5.678330e+00
      vertex   -1.105000e+01 1.450000e+01 5.282755e+00
    endloop
  endfacet
  facet normal 4.338837e-01 0.000000e+00 -9.009689e-01
    outer loop
      vertex   -1.105000e+01 1.450000e+01 5.282755e+00
      vertex   -1.022858e+01 -1.349290e+00 5.678330e+00
      vertex   -1.105000e+01 -1.349290e+00 5.282755e+00
    endloop
  endfacet
  facet normal 5.633201e-01 0.000000e+00 -8.262388e-01
    outer loop
      vertex   -1.105000e+01 1.450000e+01 5.282755e+00
      vertex   -1.105000e+01 -1.349290e+00 5.282755e+00
      vertex   -1.180329e+01 1.450000e+01 4.769172e+00
    endloop
  endfacet
  facet normal 5.633201e-01 0.000000e+00 -8.262388e-01
    outer loop
      vertex   -1.180329e+01 1.450000e+01 4.769172e+00
      vertex   -1.105000e+01 -1.349290e+00 5.282755e+00
      vertex   -1.180329e+01 -1.349290e+00 4.769172e+00
    endloop
  endfacet
  facet normal 6.801727e-01 0.000000e+00 -7.330519e-01
    outer loop
      vertex   -1.180329e+01 1.450000e+01 4.769172e+00
      vertex   -1.180329e+01 -1.349290e+00 4.769172e+00
      vertex   -1.247162e+01 1.450000e+01 4.149054e+00
    endloop
  endfacet
  facet normal 6.801727e-01 0.000000e+00 -7.330519e-01
    outer loop
      vertex   -1.247162e+01 1.450000e+01 4.149054e+00
      vertex   -1.180329e+01 -1.349290e+00 4.769172e+00
      vertex   -1.247162e+01 -1.349290e+00 4.149054e+00
    endloop
  endfacet
  facet normal 7.818315e-01 0.000000e+00 -6.234898e-01
    outer loop
      vertex   -1.247162e+01 1.450000e+01 4.149054e+00
      vertex   -1.247162e+01 -1.349290e+00 4.149054e+00
      vertex   -1.304006e+01 1.450000e+01 3.436252e+00
    endloop
  endfacet
  facet normal 7.818315e-01 0.000000e+00 -6.234898e-01
    outer loop
      vertex   -1.304006e+01 1.450000e+01 3.436252e+00
      vertex   -1.247162e+01 -1.349290e+00 4.149054e+00
      vertex   -1.304006e+01 -1.349290e+00 3.436252e+00
    endloop
  endfacet
  facet normal 8.660254e-01 0.000000e+00 -5.000000e-01
    outer loop
      vertex   -1.304006e+01 1.450000e+01 3.436252e+00
      vertex   -1.304006e+01 -1.349290e+00 3.436252e+00
      vertex   -1.349591e+01 1.450000e+01 2.646691e+00
    endloop
  endfacet
  facet normal 8.660254e-01 0.000000e+00 -5.000000e-01
    outer loop
      vertex   -1.349591e+01 1.450000e+01 2.646691e+00
      vertex   -1.304006e+01 -1.349290e+00 3.436252e+00
      vertex   -1.349591e+01 -1.349290e+00 2.646691e+00
    endloop
  endfacet
  facet normal 9.308737e-01 0.000000e+00 -3.653410e-01
    outer loop
      vertex   -1.349591e+01 1.450000e+01 2.646691e+00
      vertex   -1.349591e+01 -1.349290e+00 2.646691e+00
      vertex   -1.382899e+01 1.450000e+01 1.798007e+00
    endloop
  endfacet
  facet normal 9.308737e-01 0.000000e+00 -3.653410e-01
    outer loop
      vertex   -1.382899e+01 1.450000e+01 1.798007e+00
      vertex   -1.349591e+01 -1.349290e+00 2.646691e+00
      vertex   -1.382899e+01 -1.349290e+00 1.798007e+00
    endloop
  endfacet
  facet normal 9.749279e-01 0.000000e+00 -2.225209e-01
    outer loop
      vertex   -1.382899e+01 1.450000e+01 1.798007e+00
      vertex   -1.382899e+01 -1.349290e+00 1.798007e+00
      vertex   -1.403187e+01 1.450000e+01 9.091578e-01
    endloop
  endfacet
  facet normal 9.749279e-01 0.000000e+00 -2.225209e-01
    outer loop
      vertex   -1.403187e+01 1.450000e+01 9.091578e-01
      vertex   -1.382899e+01 -1.349290e+00 1.798007e+00
      vertex   -1.403187e+01 -1.349290e+00 9.091578e-01
    endloop
  endfacet
  facet normal 9.972038e-01 0.000000e+00 -7.473009e-02
    outer loop
      vertex   -1.403187e+01 1.450000e+01 9.091578e-01
      vertex   -1.403187e+01 -1.349290e+00 9.091578e-01
      vertex   -1.410000e+01 1.450000e+01 -6.091939e-15
    endloop
  endfacet
  facet normal 9.972038e-01 0.000000e+00 -7.473009e-02
    outer loop
      vertex   -1.410000e+01 1.450000e+01 -6.091939e-15
      vertex   -1.403187e+01 -1.349290e+00 9.091578e-01
      vertex   -1.410000e+01 -1.349290e+00 -6.091939e-15
    endloop
  endfacet
  facet normal 9.972038e-01 0.000000e+00 7.473009e-02
    outer loop
      vertex   -1.410000e+01 1.450000e+01 -6.091939e-15
      vertex   -1.410000e+01 -1.349290e+00 -6.091939e-15
      vertex   -1.403187e+01 1.450000e+01 -9.091578e-01
    endloop
  endfacet
  facet normal 9.972038e-01 0.000000e+00 7.473009e-02
    outer loop
      vertex   -1.403187e+01 1.450000e+01 -9.091578e-01
      vertex   -1.410000e+01 -1.349290e+00 -6.091939e-15
      vertex   -1.403187e+01 -1.349290e+00 -9.091578e-01
    endloop
  endfacet
  facet normal 9.749279e-01 0.000000e+00 2.225209e-01
    outer loop
      vertex   -1.403187e+01 1.450000e+01 -9.091578e-01
      vertex   -1.403187e+01 -1.349290e+00 -9.091578e-01
      vertex   -1.382899e+01 1.450000e+01 -1.798007e+00
    endloop
  endfacet
  facet normal 9.749279e-01 0.000000e+00 2.225209e-01
    outer loop
      vertex   -1.382899e+01 1.450000e+01 -1.798007e+00
      vertex   -1.403187e+01 -1.349290e+00 -9.091578e-01
      vertex   -1.382899e+01 -1.349290e+00 -1.798007e+00
    endloop
  endfacet
  facet normal 9.308737e-01 0.000000e+00 3.653410e-01
    outer loop
      vertex   -1.382899e+01 1.450000e+01 -1.798007e+00
      vertex   -1.382899e+01 -1.349290e+00 -1.798007e+00
      vertex   -1.349591e+01 1.450000e+01 -2.646691e+00
    endloop
  endfacet
  facet normal 9.308737e-01 0.000000e+00 3.653410e-01
    outer loop
      vertex   -1.349591e+01 1.450000e+01 -2.646691e+00
      vertex   -1.382899e+01 -1.349290e+00 -1.798007e+00
      vertex   -1.349591e+01 -1.349290e+00 -2.646691e+00
    endloop
  endfacet
  facet normal 8.660254e-01 0.000000e+00 5.000000e-01
    outer loop
      vertex   -1.349591e+01 1.450000e+01 -2.646691e+00
      vertex   -1.349591e+01 -1.349290e+00 -2.646691e+00
      vertex   -1.304006e+01 1.450000e+01 -3.436252e+00
    endloop
  endfacet
  facet normal 8.660254e-01 0.000000e+00 5.000000e-01
    outer loop
      vertex   -1.304006e+01 1.450000e+01 -3.436252e+00
      vertex   -1.349591e+01 -1.349290e+00 -2.646691e+00
      vertex   -1.304006e+01 -1.349290e+00 -3.436252e+00
    endloop
  endfacet
  facet normal 7.818315e-01 0.000000e+00 6.234898e-01
    outer loop
      vertex   -1.304006e+01 1.450000e+01 -3.436252e+00
      vertex   -1.304006e+01 -1.349290e+00 -3.436252e+00
      vertex   -1.247162e+01 1.450000e+01 -4.149054e+00
    endloop
  endfacet
  facet normal 7.818315e-01 0.000000e+00 6.234898e-01
    outer loop
      vertex   -1.247162e+01 1.450000e+01 -4.149054e+00
      vertex   -1.304006e+01 -1.349290e+00 -3.436252e+00
      vertex   -1.247162e+01 -1.349290e+00 -4.149054e+00
    endloop
  endfacet
  facet normal 6.801727e-01 0.000000e+00 7.330519e-01
    outer loop
      vertex   -1.247162e+01 1.450000e+01 -4.149054e+00
      vertex   -1.247162e+01 -1.349290e+00 -4.149054e+00
      vertex   -1.180329e+01 1.450000e+01 -4.769172e+00
    endloop
  endfacet
  facet normal 6.801727e-01 0.000000e+00 7.330519e-01
    outer loop
      vertex   -1.180329e+01 1.450000e+01 -4.769172e+00
      vertex   -1.247162e+01 -1.349290e+00 -4.149054e+00
      vertex   -1.180329e+01 -1.349290e+00 -4.769172e+00
    endloop
  endfacet
  facet normal 5.633201e-01 0.000000e+00 8.262388e-01
    outer loop
      vertex   -1.180329e+01 1.450000e+01 -4.769172e+00
      vertex   -1.180329e+01 -1.349290e+00 -4.769172e+00
      vertex   -1.105000e+01 1.450000e+01 -5.282755e+00
    endloop
  endfacet
  facet normal 5.726462e-01 -6.518182e-04 8.198024e-01
    outer loop
      vertex   -1.105000e+01 1.450000e+01 -5.282755e+00
      vertex   -1.180329e+01 -1.349290e+00 -4.769172e+00
      vertex   -1.150795e+01 -1.988371e+01 -4.990204e+00
    endloop
  endfacet
  facet normal 5.383487e-01 -2.166912e-17 8.427222e-01
    outer loop
      vertex   -1.105000e+01 1.450000e+01 -5.282755e+00
      vertex   -1.150795e+01 -1.988371e+01 -4.990204e+00
      vertex   -1.105000e+01 -2.004168e+01 -5.282755e+00
    endloop
  endfacet
  facet normal -6.756069e-01 1.139812e-04 7.372620e-01
    outer loop
      vertex   -4.216564e+00 -3.290145e+01 -4.784936e+00
      vertex   -3.563021e+00 -3.272532e+01 -4.186074e+00
      vertex   -4.196712e+00 -1.719858e+01 -4.769172e+00
    endloop
  endfacet
  facet normal -6.801727e-01 -2.304741e-04 7.330519e-01
    outer loop
      vertex   -4.196712e+00 -1.719858e+01 -4.769172e+00
      vertex   -3.563021e+00 -3.272532e+01 -4.186074e+00
      vertex   -3.528384e+00 -1.719858e+01 -4.149054e+00
    endloop
  endfacet
  facet normal -6.801727e-01 0.000000e+00 7.330519e-01
    outer loop
      vertex   -4.196712e+00 -1.719858e+01 -4.769172e+00
      vertex   -3.528384e+00 -1.719858e+01 -4.149054e+00
      vertex   -3.528384e+00 -1.349290e+00 -4.149054e+00
    endloop
  endfacet
  facet normal -7.818315e-01 0.000000e+00 6.234898e-01
    outer loop
      vertex   -3.528384e+00 -1.349290e+00 -4.149054e+00
      vertex   -3.528384e+00 -1.719858e+01 -4.149054e+00
      vertex   -2.959943e+00 -1.349290e+00 -3.436252e+00
    endloop
  endfacet
  facet normal -7.753443e-01 2.238726e-04 6.315388e-01
    outer loop
      vertex   -3.563021e+00 -3.272532e+01 -4.186074e+00
      vertex   -3.003173e+00 -3.252318e+01 -3.498816e+00
      vertex   -3.528384e+00 -1.719858e+01 -4.149054e+00
    endloop
  endfacet
  facet normal -7.818314e-01 -3.399843e-04 6.234898e-01
    outer loop
      vertex   -3.528384e+00 -1.719858e+01 -4.149054e+00
      vertex   -3.003173e+00 -3.252318e+01 -3.498816e+00
      vertex   -2.959943e+00 -1.719858e+01 -3.436252e+00
    endloop
  endfacet
  facet normal -7.818315e-01 3.457463e-17 6.234898e-01
    outer loop
      vertex   -3.528384e+00 -1.719858e+01 -4.149054e+00
      vertex   -2.959943e+00 -1.719858e+01 -3.436252e+00
      vertex   -2.959943e+00 -1.349290e+00 -3.436252e+00
    endloop
  endfacet
  facet normal -8.660254e-01 2.801950e-17 5.000000e-01
    outer loop
      vertex   -2.959943e+00 -1.349290e+00 -3.436252e+00
      vertex   -2.959943e+00 -1.719858e+01 -3.436252e+00
      vertex   -2.504090e+00 -1.349290e+00 -2.646691e+00
    endloop
  endfacet
  facet normal -8.587045e-01 3.301099e-04 5.124709e-01
    outer loop
      vertex   -3.003173e+00 -3.252318e+01 -3.498816e+00
      vertex   -2.548841e+00 -3.229932e+01 -2.737675e+00
      vertex   -2.959943e+00 -1.719858e+01 -3.436252e+00
    endloop
  endfacet
  facet normal -8.660253e-01 -4.461108e-04 5.000000e-01
    outer loop
      vertex   -2.959943e+00 -1.719858e+01 -3.436252e+00
      vertex   -2.548841e+00 -3.229932e+01 -2.737675e+00
      vertex   -2.504090e+00 -1.719858e+01 -2.646691e+00
    endloop
  endfacet
  facet normal -8.660254e-01 1.152488e-17 5.000000e-01
    outer loop
      vertex   -2.959943e+00 -1.719858e+01 -3.436252e+00
      vertex   -2.504090e+00 -1.719858e+01 -2.646691e+00
      vertex   -2.504090e+00 -1.349290e+00 -2.646691e+00
    endloop
  endfacet
  facet normal -9.308737e-01 1.023667e-17 3.653410e-01
    outer loop
      vertex   -2.504090e+00 -1.349290e+00 -2.646691e+00
      vertex   -2.504090e+00 -1.719858e+01 -2.646691e+00
      vertex   -2.171006e+00 -1.349290e+00 -1.798007e+00
    endloop
  endfacet
  facet normal -9.239245e-01 4.329778e-04 3.825747e-01
    outer loop
      vertex   -2.548841e+00 -3.229932e+01 -2.737675e+00
      vertex   -2.209620e+00 -3.205845e+01 -1.918723e+00
      vertex   -2.504090e+00 -1.719858e+01 -2.646691e+00
    endloop
  endfacet
  facet normal -9.308736e-01 -5.489901e-04 3.653410e-01
    outer loop
      vertex   -2.504090e+00 -1.719858e+01 -2.646691e+00
      vertex   -2.209620e+00 -3.205845e+01 -1.918723e+00
      vertex   -2.171006e+00 -1.719858e+01 -1.798007e+00
    endloop
  endfacet
  facet normal -9.308737e-01 3.841626e-18 3.653410e-01
    outer loop
      vertex   -2.504090e+00 -1.719858e+01 -2.646691e+00
      vertex   -2.171006e+00 -1.719858e+01 -1.798007e+00
      vertex   -2.171006e+00 -1.349290e+00 -1.798007e+00
    endloop
  endfacet
  facet normal -9.749279e-01 3.117463e-18 2.225209e-01
    outer loop
      vertex   -2.171006e+00 -1.349290e+00 -1.798007e+00
      vertex   -2.171006e+00 -1.719858e+01 -1.798007e+00
      vertex   -1.968132e+00 -1.349290e+00 -9.091578e-01
    endloop
  endfacet
  facet normal -9.696249e-01 5.325970e-04 2.445960e-01
    outer loop
      vertex   -2.209620e+00 -3.205845e+01 -1.918723e+00
      vertex   -1.992673e+00 -3.180566e+01 -1.059254e+00
      vertex   -2.171006e+00 -1.719858e+01 -1.798007e+00
    endloop
  endfacet
  facet normal -9.749277e-01 -6.485932e-04 2.225209e-01
    outer loop
      vertex   -2.171006e+00 -1.719858e+01 -1.798007e+00
      vertex   -1.992673e+00 -3.180566e+01 -1.059254e+00
      vertex   -1.968132e+00 -1.719858e+01 -9.091578e-01
    endloop
  endfacet
  facet normal -9.749279e-01 5.762439e-18 2.225209e-01
    outer loop
      vertex   -2.171006e+00 -1.719858e+01 -1.798007e+00
      vertex   -1.968132e+00 -1.719858e+01 -9.091578e-01
      vertex   -1.968132e+00 -1.349290e+00 -9.091578e-01
    endloop
  endfacet
  facet normal -9.972038e-01 2.093900e-18 7.473009e-02
    outer loop
      vertex   -1.968132e+00 -1.349290e+00 -9.091578e-01
      vertex   -1.968132e+00 -1.719858e+01 -9.091578e-01
      vertex   -1.900000e+00 -1.349290e+00 4.463545e-15
    endloop
  endfacet
  facet normal -9.948402e-01 6.289125e-04 1.014520e-01
    outer loop
      vertex   -1.992673e+00 -3.180566e+01 -1.059254e+00
      vertex   -1.902581e+00 -3.154630e+01 -1.774168e-01
      vertex   -1.968132e+00 -1.719858e+01 -9.091578e-01
    endloop
  endfacet
  facet normal -9.972035e-01 -7.447163e-04 7.473007e-02
    outer loop
      vertex   -1.968132e+00 -1.719858e+01 -9.091578e-01
      vertex   -1.902581e+00 -3.154630e+01 -1.774168e-01
      vertex   -1.900000e+00 -1.719858e+01 4.930287e-15
    endloop
  endfacet
  facet normal -9.972038e-01 1.920813e-18 7.473009e-02
    outer loop
      vertex   -1.968132e+00 -1.719858e+01 -9.091578e-01
      vertex   -1.900000e+00 -1.719858e+01 4.930287e-15
      vertex   -1.900000e+00 -1.349290e+00 4.463545e-15
    endloop
  endfacet
  facet normal -9.972038e-01 -2.200708e-18 -7.473009e-02
    outer loop
      vertex   -1.900000e+00 -1.349290e+00 4.463545e-15
      vertex   -1.900000e+00 -1.719858e+01 4.930287e-15
      vertex   -1.968132e+00 -1.349290e+00 9.091578e-01
    endloop
  endfacet
  facet normal -9.990387e-01 7.216840e-04 -4.383123e-02
    outer loop
      vertex   -1.902581e+00 -3.154630e+01 -1.774168e-01
      vertex   -1.941246e+00 -3.128583e+01 7.081668e-01
      vertex   -1.900000e+00 -1.719858e+01 4.930287e-15
    endloop
  endfacet
  facet normal -9.972034e-01 -8.369750e-04 -7.473007e-02
    outer loop
      vertex   -1.900000e+00 -1.719858e+01 4.930287e-15
      vertex   -1.941246e+00 -3.128583e+01 7.081668e-01
      vertex   -1.968132e+00 -1.719858e+01 9.091578e-01
    endloop
  endfacet
  facet normal -9.972038e-01 -2.401016e-18 -7.473009e-02
    outer loop
      vertex   -1.900000e+00 -1.719858e+01 4.930287e-15
      vertex   -1.968132e+00 -1.719858e+01 9.091578e-01
      vertex   -1.968132e+00 -1.349290e+00 9.091578e-01
    endloop
  endfacet
  facet normal -9.749279e-01 -6.234926e-18 -2.225209e-01
    outer loop
      vertex   -1.968132e+00 -1.349290e+00 9.091578e-01
      vertex   -1.968132e+00 -1.719858e+01 9.091578e-01
      vertex   -2.171006e+00 -1.349290e+00 1.798007e+00
    endloop
  endfacet
  facet normal -9.821337e-01 8.104799e-04 -1.881826e-01
    outer loop
      vertex   -1.941246e+00 -3.128583e+01 7.081668e-01
      vertex   -2.107852e+00 -3.102977e+01 1.578796e+00
      vertex   -1.968132e+00 -1.719858e+01 9.091578e-01
    endloop
  endfacet
  facet normal -9.749275e-01 -9.248036e-04 -2.225208e-01
    outer loop
      vertex   -1.968132e+00 -1.719858e+01 9.091578e-01
      vertex   -2.107852e+00 -3.102977e+01 1.578796e+00
      vertex   -2.171006e+00 -1.719858e+01 1.798007e+00
    endloop
  endfacet
  facet normal -9.749279e-01 -5.762439e-18 -2.225209e-01
    outer loop
      vertex   -1.968132e+00 -1.719858e+01 9.091578e-01
      vertex   -2.171006e+00 -1.719858e+01 1.798007e+00
      vertex   -2.171006e+00 -1.349290e+00 1.798007e+00
    endloop
  endfacet
  facet normal -9.308737e-01 -1.023667e-17 -3.653410e-01
    outer loop
      vertex   -2.171006e+00 -1.349290e+00 1.798007e+00
      vertex   -2.171006e+00 -1.719858e+01 1.798007e+00
      vertex   -2.504090e+00 -1.349290e+00 2.646691e+00
    endloop
  endfacet
  facet normal -9.444855e-01 8.946792e-04 -3.285518e-01
    outer loop
      vertex   -2.107852e+00 -3.102977e+01 1.578796e+00
      vertex   -2.398882e+00 -3.078350e+01 2.416087e+00
      vertex   -2.171006e+00 -1.719858e+01 1.798007e+00
    endloop
  endfacet
  facet normal -9.308733e-01 -1.007464e-03 -3.653408e-01
    outer loop
      vertex   -2.171006e+00 -1.719858e+01 1.798007e+00
      vertex   -2.398882e+00 -3.078350e+01 2.416087e+00
      vertex   -2.504090e+00 -1.719858e+01 2.646691e+00
    endloop
  endfacet
  facet normal -9.308737e-01 0.000000e+00 -3.653410e-01
    outer loop
      vertex   -2.171006e+00 -1.719858e+01 1.798007e+00
      vertex   -2.504090e+00 -1.719858e+01 2.646691e+00
      vertex   -2.504090e+00 -1.349290e+00 2.646691e+00
    endloop
  endfacet
  facet normal -8.660254e-01 -0.000000e+00 -5.000000e-01
    outer loop
      vertex   -2.504090e+00 -1.349290e+00 2.646691e+00
      vertex   -2.504090e+00 -1.719858e+01 2.646691e+00
      vertex   -2.959943e+00 -1.349290e+00 3.436252e+00
    endloop
  endfacet
  facet normal -8.868931e-01 9.734828e-04 -4.619737e-01
    outer loop
      vertex   -2.398882e+00 -3.078350e+01 2.416087e+00
      vertex   -2.808188e+00 -3.055225e+01 3.202357e+00
      vertex   -2.504090e+00 -1.719858e+01 2.646691e+00
    endloop
  endfacet
  facet normal -8.660249e-01 -1.084063e-03 -4.999997e-01
    outer loop
      vertex   -2.504090e+00 -1.719858e+01 2.646691e+00
      vertex   -2.808188e+00 -3.055225e+01 3.202357e+00
      vertex   -2.959943e+00 -1.719858e+01 3.436252e+00
    endloop
  endfacet
  facet normal -8.660254e-01 5.762439e-17 -5.000000e-01
    outer loop
      vertex   -2.504090e+00 -1.719858e+01 2.646691e+00
      vertex   -2.959943e+00 -1.719858e+01 3.436252e+00
      vertex   -2.959943e+00 -1.349290e+00 3.436252e+00
    endloop
  endfacet
  facet normal -7.818315e-01 4.824971e-17 -6.234898e-01
    outer loop
      vertex   -2.959943e+00 -1.349290e+00 3.436252e+00
      vertex   -2.959943e+00 -1.719858e+01 3.436252e+00
      vertex   -3.528384e+00 -1.349290e+00 4.149054e+00
    endloop
  endfacet
  facet normal -8.105769e-01 1.045938e-03 -5.856313e-01
    outer loop
      vertex   -2.808188e+00 -3.055225e+01 3.202357e+00
      vertex   -3.327129e+00 -3.034088e+01 3.921004e+00
      vertex   -2.959943e+00 -1.719858e+01 3.436252e+00
    endloop
  endfacet
  facet normal -7.818310e-01 -1.153591e-03 -6.234894e-01
    outer loop
      vertex   -2.959943e+00 -1.719858e+01 3.436252e+00
      vertex   -3.327129e+00 -3.034088e+01 3.921004e+00
      vertex   -3.528384e+00 -1.719858e+01 4.149054e+00
    endloop
  endfacet
  facet normal -7.818315e-01 1.920813e-17 -6.234898e-01
    outer loop
      vertex   -2.959943e+00 -1.719858e+01 3.436252e+00
      vertex   -3.528384e+00 -1.719858e+01 4.149054e+00
      vertex   -3.528384e+00 -1.349290e+00 4.149054e+00
    endloop
  endfacet
  facet normal -6.801727e-01 1.905810e-17 -7.330519e-01
    outer loop
      vertex   -3.528384e+00 -1.349290e+00 4.149054e+00
      vertex   -3.528384e+00 -1.719858e+01 4.149054e+00
      vertex   -4.196712e+00 -1.349290e+00 4.769172e+00
    endloop
  endfacet
  facet normal -7.171523e-01 1.110980e-03 -6.969156e-01
    outer loop
      vertex   -3.327129e+00 -3.034088e+01 3.921004e+00
      vertex   -3.944745e+00 -3.015387e+01 4.556853e+00
      vertex   -3.528384e+00 -1.719858e+01 4.149054e+00
    endloop
  endfacet
  facet normal -6.801722e-01 -1.214959e-03 -7.330513e-01
    outer loop
      vertex   -3.528384e+00 -1.719858e+01 4.149054e+00
      vertex   -3.944745e+00 -3.015387e+01 4.556853e+00
      vertex   -4.196712e+00 -1.719858e+01 4.769172e+00
    endloop
  endfacet
  facet normal -6.801727e-01 0.000000e+00 -7.330519e-01
    outer loop
      vertex   -3.528384e+00 -1.719858e+01 4.149054e+00
      vertex   -4.196712e+00 -1.719858e+01 4.769172e+00
      vertex   -4.196712e+00 -1.349290e+00 4.769172e+00
    endloop
  endfacet
  facet normal -5.633201e-01 -0.000000e+00 -8.262388e-01
    outer loop
      vertex   -4.196712e+00 -1.349290e+00 4.769172e+00
      vertex   -4.196712e+00 -1.719858e+01 4.769172e+00
      vertex   -4.950000e+00 -1.349290e+00 5.282755e+00
    endloop
  endfacet
  facet normal -6.085952e-01 1.167483e-03 -7.934800e-01
    outer loop
      vertex   -3.944745e+00 -3.015387e+01 4.556853e+00
      vertex   -4.647995e+00 -2.999515e+01 5.096476e+00
      vertex   -4.196712e+00 -1.719858e+01 4.769172e+00
    endloop
  endfacet
  facet normal -5.633196e-01 -1.267069e-03 -8.262381e-01
    outer loop
      vertex   -4.196712e+00 -1.719858e+01 4.769172e+00
      vertex   -4.647995e+00 -2.999515e+01 5.096476e+00
      vertex   -4.950000e+00 -1.719858e+01 5.282755e+00
    endloop
  endfacet
  facet normal -5.633201e-01 0.000000e+00 -8.262388e-01
    outer loop
      vertex   -4.196712e+00 -1.719858e+01 4.769172e+00
      vertex   -4.950000e+00 -1.719858e+01 5.282755e+00
      vertex   -4.950000e+00 -1.349290e+00 5.282755e+00
    endloop
  endfacet
  facet normal -4.338837e-01 -0.000000e+00 -9.009689e-01
    outer loop
      vertex   -4.950000e+00 -1.349290e+00 5.282755e+00
      vertex   -4.950000e+00 -1.719858e+01 5.282755e+00
      vertex   -5.771420e+00 -1.349290e+00 5.678330e+00
    endloop
  endfacet
  facet normal -4.871994e-01 1.214334e-03 -8.732899e-01
    outer loop
      vertex   -4.647995e+00 -2.999515e+01 5.096476e+00
      vertex   -5.422029e+00 -2.986809e+01 5.528478e+00
      vertex   -4.950000e+00 -1.719858e+01 5.282755e+00
    endloop
  endfacet
  facet normal -4.338834e-01 -1.308875e-03 -9.009681e-01
    outer loop
      vertex   -4.950000e+00 -1.719858e+01 5.282755e+00
      vertex   -5.422029e+00 -2.986809e+01 5.528478e+00
      vertex   -5.771420e+00 -1.719858e+01 5.678330e+00
    endloop
  endfacet
  facet normal -4.338837e-01 0.000000e+00 -9.009689e-01
    outer loop
      vertex   -4.950000e+00 -1.719858e+01 5.282755e+00
      vertex   -5.771420e+00 -1.719858e+01 5.678330e+00
      vertex   -5.771420e+00 -1.349290e+00 5.678330e+00
    endloop
  endfacet
  facet normal -2.947552e-01 -0.000000e+00 -9.555728e-01
    outer loop
      vertex   -5.771420e+00 -1.349290e+00 5.678330e+00
      vertex   -5.771420e+00 -1.719858e+01 5.678330e+00
      vertex   -6.642622e+00 -1.349290e+00 5.947060e+00
    endloop
  endfacet
  facet normal -3.555282e-01 1.250506e-03 -9.346647e-01
    outer loop
      vertex   -5.422029e+00 -2.986809e+01 5.528478e+00
      vertex   -6.250500e+00 -2.977537e+01 5.843736e+00
      vertex   -5.771420e+00 -1.719858e+01 5.678330e+00
    endloop
  endfacet
  facet normal -2.947549e-01 -1.339463e-03 -9.555719e-01
    outer loop
      vertex   -5.771420e+00 -1.719858e+01 5.678330e+00
      vertex   -6.250500e+00 -2.977537e+01 5.843736e+00
      vertex   -6.642622e+00 -1.719858e+01 5.947060e+00
    endloop
  endfacet
  facet normal -2.947552e-01 0.000000e+00 -9.555728e-01
    outer loop
      vertex   -5.771420e+00 -1.719858e+01 5.678330e+00
      vertex   -6.642622e+00 -1.719858e+01 5.947060e+00
      vertex   -6.642622e+00 -1.349290e+00 5.947060e+00
    endloop
  endfacet
  facet normal -1.490423e-01 -0.000000e+00 -9.888308e-01
    outer loop
      vertex   -6.642622e+00 -1.349290e+00 5.947060e+00
      vertex   -6.642622e+00 -1.719858e+01 5.947060e+00
      vertex   -7.544146e+00 -1.349290e+00 6.082943e+00
    endloop
  endfacet
  facet normal -2.163602e-01 1.275141e-03 -9.763128e-01
    outer loop
      vertex   -6.250500e+00 -2.977537e+01 5.843736e+00
      vertex   -7.115916e+00 -2.971894e+01 6.035594e+00
      vertex   -6.642622e+00 -1.719858e+01 5.947060e+00
    endloop
  endfacet
  facet normal -1.490421e-01 -1.358120e-03 -9.888299e-01
    outer loop
      vertex   -6.642622e+00 -1.719858e+01 5.947060e+00
      vertex   -7.115916e+00 -2.971894e+01 6.035594e+00
      vertex   -7.544146e+00 -1.719858e+01 6.082943e+00
    endloop
  endfacet
  facet normal -1.490423e-01 0.000000e+00 -9.888308e-01
    outer loop
      vertex   -6.642622e+00 -1.719858e+01 5.947060e+00
      vertex   -7.544146e+00 -1.719858e+01 6.082943e+00
      vertex   -7.544146e+00 -1.349290e+00 6.082943e+00
    endloop
  endfacet
  facet normal -0.000000e+00 -0.000000e+00 -1.000000e+00
    outer loop
      vertex   -7.544146e+00 -1.349290e+00 6.082943e+00
      vertex   -7.544146e+00 -1.719858e+01 6.082943e+00
      vertex   -8.455854e+00 -1.349290e+00 6.082943e+00
    endloop
  endfacet
  facet normal -7.263047e-02 1.287620e-03 -9.973581e-01
    outer loop
      vertex   -7.115916e+00 -2.971894e+01 6.035594e+00
      vertex   -8.000000e+00 -2.970000e+01 6.100000e+00
      vertex   -7.544146e+00 -1.719858e+01 6.082943e+00
    endloop
  endfacet
  facet normal -0.000000e+00 -1.364391e-03 -9.999991e-01
    outer loop
      vertex   -7.544146e+00 -1.719858e+01 6.082943e+00
      vertex   -8.000000e+00 -2.970000e+01 6.100000e+00
      vertex   -8.455854e+00 -1.719858e+01 6.082943e+00
    endloop
  endfacet
  facet normal 0.000000e+00 0.000000e+00 -1.000000e+00
    outer loop
      vertex   -7.544146e+00 -1.719858e+01 6.082943e+00
      vertex   -8.455854e+00 -1.719858e+01 6.082943e+00
      vertex   -8.455854e+00 -1.349290e+00 6.082943e+00
    endloop
  endfacet
  facet normal 1.490423e-01 0.000000e+00 -9.888308e-01
    outer loop
      vertex   -8.455854e+00 -1.349290e+00 6.082943e+00
      vertex   -8.455854e+00 -1.719858e+01 6.082943e+00
      vertex   -9.357378e+00 -1.349290e+00 5.947060e+00
    endloop
  endfacet
  facet normal 7.263047e-02 1.287620e-03 -9.973581e-01
    outer loop
      vertex   -8.000000e+00 -2.970000e+01 6.100000e+00
      vertex   -8.884084e+00 -2.971894e+01 6.035594e+00
      vertex   -8.455854e+00 -1.719858e+01 6.082943e+00
    endloop
  endfacet
  facet normal 6.845660e-02 1.431494e-03 -9.976531e-01
    outer loop
      vertex   -8.455854e+00 -1.719858e+01 6.082943e+00
      vertex   -8.884084e+00 -2.971894e+01 6.035594e+00
      vertex   -8.750000e+00 -2.350000e+01 6.053718e+00
    endloop
  endfacet
  facet normal 1.040782e-01 -2.456028e-04 -9.945691e-01
    outer loop
      vertex   -8.455854e+00 -1.719858e+01 6.082943e+00
      vertex   -8.750000e+00 -2.350000e+01 6.053718e+00
      vertex   -8.788578e+00 -2.297145e+01 6.049550e+00
    endloop
  endfacet
  facet normal 2.162014e-01 3.806971e-03 -9.763414e-01
    outer loop
      vertex   -9.749500e+00 -2.977537e+01 5.843736e+00
      vertex   -9.347625e+00 -2.553089e+01 5.949277e+00
      vertex   -8.884084e+00 -2.971894e+01 6.035594e+00
    endloop
  endfacet
  facet normal 1.979933e-01 1.712091e-03 -9.802019e-01
    outer loop
      vertex   -8.884084e+00 -2.971894e+01 6.035594e+00
      vertex   -9.347625e+00 -2.553089e+01 5.949277e+00
      vertex   -9.089971e+00 -2.505903e+01 6.002146e+00
    endloop
  endfacet
  facet normal 1.665564e-01 2.812852e-04 -9.860319e-01
    outer loop
      vertex   -8.884084e+00 -2.971894e+01 6.035594e+00
      vertex   -9.089971e+00 -2.505903e+01 6.002146e+00
      vertex   -8.902705e+00 -2.455328e+01 6.033922e+00
    endloop
  endfacet
  facet normal 3.552432e-01 4.137119e-03 -9.347647e-01
    outer loop
      vertex   -1.057797e+01 -2.986809e+01 5.528478e+00
      vertex   -1.003602e+01 -2.632674e+01 5.750112e+00
      vertex   -9.749500e+00 -2.977537e+01 5.843736e+00
    endloop
  endfacet
  facet normal 3.043804e-01 -5.714780e-04 -9.525504e-01
    outer loop
      vertex   -9.749500e+00 -2.977537e+01 5.843736e+00
      vertex   -1.003602e+01 -2.632674e+01 5.750112e+00
      vertex   -9.667182e+00 -2.595709e+01 5.867749e+00
    endloop
  endfacet
  facet normal 2.462243e-01 7.870959e-04 -9.692126e-01
    outer loop
      vertex   -9.749500e+00 -2.977537e+01 5.843736e+00
      vertex   -9.667182e+00 -2.595709e+01 5.867749e+00
      vertex   -9.347625e+00 -2.553089e+01 5.949277e+00
    endloop
  endfacet
  facet normal 4.867396e-01 4.844054e-03 -8.735337e-01
    outer loop
      vertex   -1.135200e+01 -2.999515e+01 5.096476e+00
      vertex   -1.087071e+01 -2.687695e+01 5.381949e+00
      vertex   -1.057797e+01 -2.986809e+01 5.528478e+00
    endloop
  endfacet
  facet normal 4.366798e-01 -1.332897e-03 -8.996160e-01
    outer loop
      vertex   -1.057797e+01 -2.986809e+01 5.528478e+00
      vertex   -1.087071e+01 -2.687695e+01 5.381949e+00
      vertex   -1.043837e+01 -2.663243e+01 5.591446e+00
    endloop
  endfacet
  facet normal 3.653010e-01 2.355207e-03 -9.308865e-01
    outer loop
      vertex   -1.057797e+01 -2.986809e+01 5.528478e+00
      vertex   -1.043837e+01 -2.663243e+01 5.591446e+00
      vertex   -1.003602e+01 -2.632674e+01 5.750112e+00
    endloop
  endfacet
  facet normal 6.080130e-01 5.209013e-03 -7.939100e-01
    outer loop
      vertex   -1.205525e+01 -3.015387e+01 4.556853e+00
      vertex   -1.177658e+01 -2.717928e+01 4.789791e+00
      vertex   -1.135200e+01 -2.999515e+01 5.096476e+00
    endloop
  endfacet
  facet normal 5.836966e-01 -4.245470e-04 -8.119717e-01
    outer loop
      vertex   -1.135200e+01 -2.999515e+01 5.096476e+00
      vertex   -1.177658e+01 -2.717928e+01 4.789791e+00
      vertex   -1.132824e+01 -2.706223e+01 5.112027e+00
    endloop
  endfacet
  facet normal 5.079848e-01 4.508788e-04 -8.613659e-01
    outer loop
      vertex   -1.135200e+01 -2.999515e+01 5.096476e+00
      vertex   -1.132824e+01 -2.706223e+01 5.112027e+00
      vertex   -1.087071e+01 -2.687695e+01 5.381949e+00
    endloop
  endfacet
  facet normal 6.527837e-01 -1.833293e-03 -7.575421e-01
    outer loop
      vertex   -1.177658e+01 -2.717928e+01 4.789791e+00
      vertex   -1.205525e+01 -3.015387e+01 4.556853e+00
      vertex   -1.218491e+01 -2.723674e+01 4.438065e+00
    endloop
  endfacet
  facet normal 7.168020e-01 3.466560e-03 -6.972681e-01
    outer loop
      vertex   -1.218491e+01 -2.723674e+01 4.438065e+00
      vertex   -1.205525e+01 -3.015387e+01 4.556853e+00
      vertex   -1.267287e+01 -3.034088e+01 3.921004e+00
    endloop
  endfacet
  facet normal 7.178511e-01 3.121997e-03 -6.961896e-01
    outer loop
      vertex   -1.218491e+01 -2.723674e+01 4.438065e+00
      vertex   -1.267287e+01 -3.034088e+01 3.921004e+00
      vertex   -1.255350e+01 -2.724935e+01 4.057957e+00
    endloop
  endfacet
  facet normal 7.758371e-01 -2.008008e-03 -6.309301e-01
    outer loop
      vertex   -1.255350e+01 -2.724935e+01 4.057957e+00
      vertex   -1.267287e+01 -3.034088e+01 3.921004e+00
      vertex   -1.289235e+01 -2.722887e+01 3.641215e+00
    endloop
  endfacet
  facet normal 8.100976e-01 4.422710e-03 -5.862784e-01
    outer loop
      vertex   -1.289235e+01 -2.722887e+01 3.641215e+00
      vertex   -1.267287e+01 -3.034088e+01 3.921004e+00
      vertex   -1.319181e+01 -3.055225e+01 3.202357e+00
    endloop
  endfacet
  facet normal 8.276633e-01 -4.684570e-04 -5.612248e-01
    outer loop
      vertex   -1.289235e+01 -2.722887e+01 3.641215e+00
      vertex   -1.319181e+01 -3.055225e+01 3.202357e+00
      vertex   -1.319673e+01 -2.718424e+01 3.192296e+00
    endloop
  endfacet
  facet normal 8.738634e-01 -1.768272e-04 -4.861714e-01
    outer loop
      vertex   -1.319673e+01 -2.718424e+01 3.192296e+00
      vertex   -1.319181e+01 -3.055225e+01 3.202357e+00
      vertex   -1.346189e+01 -2.712443e+01 2.715660e+00
    endloop
  endfacet
  facet normal 8.865026e-01 4.150904e-03 -4.627049e-01
    outer loop
      vertex   -1.346189e+01 -2.712443e+01 2.715660e+00
      vertex   -1.319181e+01 -3.055225e+01 3.202357e+00
      vertex   -1.360112e+01 -3.078350e+01 2.416087e+00
    endloop
  endfacet
  facet normal 9.143548e-01 -1.640572e-03 -4.049107e-01
    outer loop
      vertex   -1.346189e+01 -2.712443e+01 2.715660e+00
      vertex   -1.360112e+01 -3.078350e+01 2.416087e+00
      vertex   -1.368315e+01 -2.705871e+01 2.215749e+00
    endloop
  endfacet
  facet normal 9.442804e-01 3.094494e-03 -3.291275e-01
    outer loop
      vertex   -1.368315e+01 -2.705871e+01 2.215749e+00
      vertex   -1.360112e+01 -3.078350e+01 2.416087e+00
      vertex   -1.389215e+01 -3.102977e+01 1.578796e+00
    endloop
  endfacet
  facet normal 9.476451e-01 1.344701e-03 -3.193225e-01
    outer loop
      vertex   -1.368315e+01 -2.705871e+01 2.215749e+00
      vertex   -1.389215e+01 -3.102977e+01 1.578796e+00
      vertex   -1.385779e+01 -2.699713e+01 1.697753e+00
    endloop
  endfacet
  facet normal 9.720912e-01 -1.362809e-03 -2.345994e-01
    outer loop
      vertex   -1.385779e+01 -2.699713e+01 1.697753e+00
      vertex   -1.389215e+01 -3.102977e+01 1.578796e+00
      vertex   -1.398545e+01 -2.694546e+01 1.168464e+00
    endloop
  endfacet
  facet normal 9.819843e-01 3.451318e-03 -1.889308e-01
    outer loop
      vertex   -1.398545e+01 -2.694546e+01 1.168464e+00
      vertex   -1.389215e+01 -3.102977e+01 1.578796e+00
      vertex   -1.405875e+01 -3.128583e+01 7.081668e-01
    endloop
  endfacet
  facet normal 9.888043e-01 -8.756740e-04 -1.492156e-01
    outer loop
      vertex   -1.398545e+01 -2.694546e+01 1.168464e+00
      vertex   -1.405875e+01 -3.128583e+01 7.081668e-01
      vertex   -1.406594e+01 -2.690875e+01 6.348295e-01
    endloop
  endfacet
  facet normal 9.980605e-01 5.966491e-04 -6.224857e-02
    outer loop
      vertex   -1.406594e+01 -2.690875e+01 6.348295e-01
      vertex   -1.405875e+01 -3.128583e+01 7.081668e-01
      vertex   -1.409907e+01 -2.689203e+01 1.037957e-01
    endloop
  endfacet
  facet normal 9.990042e-01 3.044851e-03 -4.451301e-02
    outer loop
      vertex   -1.409907e+01 -2.689203e+01 1.037957e-01
      vertex   -1.405875e+01 -3.128583e+01 7.081668e-01
      vertex   -1.409742e+01 -3.154630e+01 -1.774168e-01
    endloop
  endfacet
  facet normal 9.996278e-01 -1.290943e-03 2.725114e-02
    outer loop
      vertex   -1.409907e+01 -2.689203e+01 1.037957e-01
      vertex   -1.409742e+01 -3.154630e+01 -1.774168e-01
      vertex   -1.408468e+01 -2.689949e+01 -4.247270e-01
    endloop
  endfacet
  facet normal 9.948965e-01 2.639939e-03 1.008663e-01
    outer loop
      vertex   -1.408468e+01 -2.689949e+01 -4.247270e-01
      vertex   -1.409742e+01 -3.154630e+01 -1.774168e-01
      vertex   -1.400733e+01 -3.180566e+01 -1.059254e+00
    endloop
  endfacet
  facet normal 9.933517e-01 7.725945e-04 1.151163e-01
    outer loop
      vertex   -1.408468e+01 -2.689949e+01 -4.247270e-01
      vertex   -1.400733e+01 -3.180566e+01 -1.059254e+00
      vertex   -1.402284e+01 -2.692892e+01 -9.581657e-01
    endloop
  endfacet
  facet normal 9.795866e-01 -1.051844e-03 2.010201e-01
    outer loop
      vertex   -1.402284e+01 -2.692892e+01 -9.581657e-01
      vertex   -1.400733e+01 -3.180566e+01 -1.059254e+00
      vertex   -1.391375e+01 -2.697529e+01 -1.489998e+00
    endloop
  endfacet
  facet normal 9.697901e-01 2.963747e-03 2.439227e-01
    outer loop
      vertex   -1.391375e+01 -2.697529e+01 -1.489998e+00
      vertex   -1.400733e+01 -3.180566e+01 -1.059254e+00
      vertex   -1.379038e+01 -3.205845e+01 -1.918723e+00
    endloop
  endfacet
  facet normal 9.582261e-01 -8.666863e-04 2.860104e-01
    outer loop
      vertex   -1.391375e+01 -2.697529e+01 -1.489998e+00
      vertex   -1.379038e+01 -3.205845e+01 -1.918723e+00
      vertex   -1.375761e+01 -2.703356e+01 -2.013276e+00
    endloop
  endfacet
  facet normal 9.286016e-01 9.271940e-04 3.710770e-01
    outer loop
      vertex   -1.375761e+01 -2.703356e+01 -2.013276e+00
      vertex   -1.379038e+01 -3.205845e+01 -1.918723e+00
      vertex   -1.355463e+01 -2.709863e+01 -2.521063e+00
    endloop
  endfacet
  facet normal 9.241337e-01 2.473528e-03 3.820612e-01
    outer loop
      vertex   -1.355463e+01 -2.709863e+01 -2.521063e+00
      vertex   -1.379038e+01 -3.205845e+01 -1.918723e+00
      vertex   -1.345116e+01 -3.229932e+01 -2.737675e+00
    endloop
  endfacet
  facet normal 8.905019e-01 -1.232641e-03 4.549779e-01
    outer loop
      vertex   -1.355463e+01 -2.709863e+01 -2.521063e+00
      vertex   -1.345116e+01 -3.229932e+01 -2.737675e+00
      vertex   -1.330624e+01 -2.716198e+01 -3.007404e+00
    endloop
  endfacet
  facet normal 8.590014e-01 2.648064e-03 5.119663e-01
    outer loop
      vertex   -1.330624e+01 -2.716198e+01 -3.007404e+00
      vertex   -1.345116e+01 -3.229932e+01 -2.737675e+00
      vertex   -1.299683e+01 -3.252318e+01 -3.498816e+00
    endloop
  endfacet
  facet normal 8.465581e-01 6.646621e-05 5.322963e-01
    outer loop
      vertex   -1.330624e+01 -2.716198e+01 -3.007404e+00
      vertex   -1.299683e+01 -3.252318e+01 -3.498816e+00
      vertex   -1.301676e+01 -2.721366e+01 -3.467785e+00
    endloop
  endfacet
  facet normal 7.969886e-01 -5.386289e-04 6.039941e-01
    outer loop
      vertex   -1.301676e+01 -2.721366e+01 -3.467785e+00
      vertex   -1.299683e+01 -3.252318e+01 -3.498816e+00
      vertex   -1.269093e+01 -2.724473e+01 -3.897748e+00
    endloop
  endfacet
  facet normal 7.757040e-01 2.742754e-03 6.310909e-01
    outer loop
      vertex   -1.269093e+01 -2.724473e+01 -3.897748e+00
      vertex   -1.299683e+01 -3.252318e+01 -3.498816e+00
      vertex   -1.243698e+01 -3.272532e+01 -4.186074e+00
    endloop
  endfacet
  facet normal 7.415653e-01 -9.323701e-04 6.708800e-01
    outer loop
      vertex   -1.269093e+01 -2.724473e+01 -3.897748e+00
      vertex   -1.243698e+01 -3.272532e+01 -4.186074e+00
      vertex   -1.233351e+01 -2.724624e+01 -4.292834e+00
    endloop
  endfacet
  facet normal 6.789451e-01 1.483767e-03 7.341875e-01
    outer loop
      vertex   -1.233351e+01 -2.724624e+01 -4.292834e+00
      vertex   -1.243698e+01 -3.272532e+01 -4.186074e+00
      vertex   -1.194397e+01 -2.720837e+01 -4.653138e+00
    endloop
  endfacet
  facet normal 6.758813e-01 1.996324e-03 7.370078e-01
    outer loop
      vertex   -1.194397e+01 -2.720837e+01 -4.653138e+00
      vertex   -1.243698e+01 -3.272532e+01 -4.186074e+00
      vertex   -1.178344e+01 -3.290145e+01 -4.784936e+00
    endloop
  endfacet
  facet normal 6.117530e-01 -1.063008e-03 7.910481e-01
    outer loop
      vertex   -1.194397e+01 -2.720837e+01 -4.653138e+00
      vertex   -1.178344e+01 -3.290145e+01 -4.784936e+00
      vertex   -1.150795e+01 -2.711629e+01 -4.990204e+00
    endloop
  endfacet
  facet normal 5.619541e-01 2.589816e-03 8.271643e-01
    outer loop
      vertex   -1.150795e+01 -2.711629e+01 -4.990204e+00
      vertex   -1.178344e+01 -3.290145e+01 -4.784936e+00
      vertex   -1.105000e+01 -3.304787e+01 -5.282755e+00
    endloop
  endfacet
  facet normal 5.383487e-01 1.258109e-16 8.427222e-01
    outer loop
      vertex   -1.150795e+01 -2.711629e+01 -4.990204e+00
      vertex   -1.105000e+01 -3.304787e+01 -5.282755e+00
      vertex   -1.105000e+01 -2.695832e+01 -5.282755e+00
    endloop
  endfacet
  facet normal 1.349214e-01 1.656886e-04 -9.908563e-01
    outer loop
      vertex   -8.902705e+00 -2.455328e+01 6.033922e+00
      vertex   -8.788578e+00 -2.402855e+01 6.049550e+00
      vertex   -8.884084e+00 -2.971894e+01 6.035594e+00
    endloop
  endfacet
  facet normal 9.620421e-02 8.265585e-04 -9.953613e-01
    outer loop
      vertex   -8.884084e+00 -2.971894e+01 6.035594e+00
      vertex   -8.788578e+00 -2.402855e+01 6.049550e+00
      vertex   -8.750000e+00 -2.350000e+01 6.053718e+00
    endloop
  endfacet
  facet normal 1.282067e-01 -1.652603e-03 -9.917461e-01
    outer loop
      vertex   -8.788578e+00 -2.297145e+01 6.049550e+00
      vertex   -8.902705e+00 -2.244672e+01 6.033922e+00
      vertex   -8.455854e+00 -1.719858e+01 6.082943e+00
    endloop
  endfacet
  facet normal 1.490414e-01 -3.453848e-03 -9.888249e-01
    outer loop
      vertex   -8.455854e+00 -1.719858e+01 6.082943e+00
      vertex   -8.902705e+00 -2.244672e+01 6.033922e+00
      vertex   -9.357378e+00 -1.719858e+01 5.947060e+00
    endloop
  endfacet
  facet normal 1.490423e-01 0.000000e+00 -9.888308e-01
    outer loop
      vertex   -8.455854e+00 -1.719858e+01 6.082943e+00
      vertex   -9.357378e+00 -1.719858e+01 5.947060e+00
      vertex   -9.357378e+00 -1.349290e+00 5.947060e+00
    endloop
  endfacet
  facet normal 2.947552e-01 0.000000e+00 -9.555728e-01
    outer loop
      vertex   -9.357378e+00 -1.349290e+00 5.947060e+00
      vertex   -9.357378e+00 -1.719858e+01 5.947060e+00
      vertex   -1.022858e+01 -1.349290e+00 5.678330e+00
    endloop
  endfacet
  facet normal 1.610332e-01 -2.383844e-03 -9.869461e-01
    outer loop
      vertex   -8.902705e+00 -2.244672e+01 6.033922e+00
      vertex   -9.089971e+00 -2.194097e+01 6.002146e+00
      vertex   -9.357378e+00 -1.719858e+01 5.947060e+00
    endloop
  endfacet
  facet normal 2.009158e-01 -4.977012e-05 -9.796085e-01
    outer loop
      vertex   -9.357378e+00 -1.719858e+01 5.947060e+00
      vertex   -9.089971e+00 -2.194097e+01 6.002146e+00
      vertex   -9.347625e+00 -2.146911e+01 5.949277e+00
    endloop
  endfacet
  facet normal 2.472873e-01 6.166497e-05 -9.689422e-01
    outer loop
      vertex   -9.357378e+00 -1.719858e+01 5.947060e+00
      vertex   -9.347625e+00 -2.146911e+01 5.949277e+00
      vertex   -9.667182e+00 -2.104291e+01 5.867749e+00
    endloop
  endfacet
  facet normal 2.947528e-01 -4.039419e-03 -9.555650e-01
    outer loop
      vertex   -9.357378e+00 -1.719858e+01 5.947060e+00
      vertex   -9.667182e+00 -2.104291e+01 5.867749e+00
      vertex   -1.022858e+01 -1.719858e+01 5.678330e+00
    endloop
  endfacet
  facet normal 3.011179e-01 -3.012201e-03 -9.535822e-01
    outer loop
      vertex   -1.022858e+01 -1.719858e+01 5.678330e+00
      vertex   -9.667182e+00 -2.104291e+01 5.867749e+00
      vertex   -1.003602e+01 -2.067326e+01 5.750112e+00
    endloop
  endfacet
  facet normal 3.676138e-01 1.160560e-03 -9.299778e-01
    outer loop
      vertex   -1.022858e+01 -1.719858e+01 5.678330e+00
      vertex   -1.003602e+01 -2.067326e+01 5.750112e+00
      vertex   -1.043837e+01 -2.036757e+01 5.591446e+00
    endloop
  endfacet
  facet normal 4.342111e-01 -4.048203e-03 -9.008020e-01
    outer loop
      vertex   -1.043837e+01 -2.036757e+01 5.591446e+00
      vertex   -1.087071e+01 -2.012305e+01 5.381949e+00
      vertex   -1.022858e+01 -1.719858e+01 5.678330e+00
    endloop
  endfacet
  facet normal 4.338803e-01 -3.959375e-03 -9.009618e-01
    outer loop
      vertex   -1.022858e+01 -1.719858e+01 5.678330e+00
      vertex   -1.087071e+01 -2.012305e+01 5.381949e+00
      vertex   -1.105000e+01 -1.719858e+01 5.282755e+00
    endloop
  endfacet
  facet normal 4.338837e-01 1.037239e-16 -9.009689e-01
    outer loop
      vertex   -1.022858e+01 -1.719858e+01 5.678330e+00
      vertex   -1.105000e+01 -1.719858e+01 5.282755e+00
      vertex   -1.105000e+01 -1.349290e+00 5.282755e+00
    endloop
  endfacet
  facet normal 5.633201e-01 7.576900e-17 -8.262388e-01
    outer loop
      vertex   -1.105000e+01 -1.349290e+00 5.282755e+00
      vertex   -1.105000e+01 -1.719858e+01 5.282755e+00
      vertex   -1.180329e+01 -1.349290e+00 4.769172e+00
    endloop
  endfacet
  facet normal 5.087159e-01 1.986332e-03 -8.609322e-01
    outer loop
      vertex   -1.087071e+01 -2.012305e+01 5.381949e+00
      vertex   -1.132824e+01 -1.993777e+01 5.112027e+00
      vertex   -1.105000e+01 -1.719858e+01 5.282755e+00
    endloop
  endfacet
  facet normal 5.362582e-01 -1.863424e-03 -8.440520e-01
    outer loop
      vertex   -1.105000e+01 -1.719858e+01 5.282755e+00
      vertex   -1.132824e+01 -1.993777e+01 5.112027e+00
      vertex   -1.180329e+01 -1.349290e+00 4.769172e+00
    endloop
  endfacet
  facet normal 5.852254e-01 0.000000e+00 -8.108707e-01
    outer loop
      vertex   -1.180329e+01 -1.349290e+00 4.769172e+00
      vertex   -1.132824e+01 -1.993777e+01 5.112027e+00
      vertex   -1.180329e+01 -1.719858e+01 4.769172e+00
    endloop
  endfacet
  facet normal 5.835474e-01 -4.422479e-04 -8.120790e-01
    outer loop
      vertex   -1.180329e+01 -1.719858e+01 4.769172e+00
      vertex   -1.132824e+01 -1.993777e+01 5.112027e+00
      vertex   -1.177658e+01 -1.982072e+01 4.789791e+00
    endloop
  endfacet
  facet normal 6.526923e-01 6.902375e-04 -7.576227e-01
    outer loop
      vertex   -1.180329e+01 -1.719858e+01 4.769172e+00
      vertex   -1.177658e+01 -1.982072e+01 4.789791e+00
      vertex   -1.218491e+01 -1.976326e+01 4.438065e+00
    endloop
  endfacet
  facet normal 7.179353e-01 1.813634e-03 -6.961075e-01
    outer loop
      vertex   -1.255350e+01 -1.975065e+01 4.057957e+00
      vertex   -1.247162e+01 -1.719858e+01 4.149054e+00
      vertex   -1.218491e+01 -1.976326e+01 4.438065e+00
    endloop
  endfacet
  facet normal 7.099360e-01 0.000000e+00 -7.042662e-01
    outer loop
      vertex   -1.218491e+01 -1.976326e+01 4.438065e+00
      vertex   -1.247162e+01 -1.719858e+01 4.149054e+00
      vertex   -1.247162e+01 -1.349290e+00 4.149054e+00
    endloop
  endfacet
  facet normal 6.801725e-01 -9.152055e-04 -7.330516e-01
    outer loop
      vertex   -1.218491e+01 -1.976326e+01 4.438065e+00
      vertex   -1.247162e+01 -1.349290e+00 4.149054e+00
      vertex   -1.180329e+01 -1.349290e+00 4.769172e+00
    endloop
  endfacet
  facet normal 7.759420e-01 -2.378599e-03 -6.307998e-01
    outer loop
      vertex   -1.255350e+01 -1.975065e+01 4.057957e+00
      vertex   -1.289235e+01 -1.977113e+01 3.641215e+00
      vertex   -1.247162e+01 -1.719858e+01 4.149054e+00
    endloop
  endfacet
  facet normal 7.722354e-01 -8.769296e-04 -6.353359e-01
    outer loop
      vertex   -1.247162e+01 -1.719858e+01 4.149054e+00
      vertex   -1.289235e+01 -1.977113e+01 3.641215e+00
      vertex   -1.304006e+01 -1.349290e+00 3.436252e+00
    endloop
  endfacet
  facet normal 7.818315e-01 0.000000e+00 -6.234898e-01
    outer loop
      vertex   -1.247162e+01 -1.719858e+01 4.149054e+00
      vertex   -1.304006e+01 -1.349290e+00 3.436252e+00
      vertex   -1.247162e+01 -1.349290e+00 4.149054e+00
    endloop
  endfacet
  facet normal 8.112808e-01 -2.539958e-17 -5.846567e-01
    outer loop
      vertex   -1.304006e+01 -1.349290e+00 3.436252e+00
      vertex   -1.289235e+01 -1.977113e+01 3.641215e+00
      vertex   -1.304006e+01 -1.719858e+01 3.436252e+00
    endloop
  endfacet
  facet normal 8.275530e-01 2.788764e-03 -5.613807e-01
    outer loop
      vertex   -1.304006e+01 -1.719858e+01 3.436252e+00
      vertex   -1.289235e+01 -1.977113e+01 3.641215e+00
      vertex   -1.319673e+01 -1.981576e+01 3.192296e+00
    endloop
  endfacet
  facet normal 8.414261e-01 -3.374153e-17 -5.403721e-01
    outer loop
      vertex   -1.304006e+01 -1.719858e+01 3.436252e+00
      vertex   -1.319673e+01 -1.981576e+01 3.192296e+00
      vertex   -1.304006e+01 -1.349290e+00 3.436252e+00
    endloop
  endfacet
  facet normal 8.660252e-01 -7.420487e-04 -4.999999e-01
    outer loop
      vertex   -1.304006e+01 -1.349290e+00 3.436252e+00
      vertex   -1.319673e+01 -1.981576e+01 3.192296e+00
      vertex   -1.349591e+01 -1.349290e+00 2.646691e+00
    endloop
  endfacet
  facet normal 8.768262e-01 0.000000e+00 -4.808074e-01
    outer loop
      vertex   -1.349591e+01 -1.349290e+00 2.646691e+00
      vertex   -1.319673e+01 -1.981576e+01 3.192296e+00
      vertex   -1.349591e+01 -1.719858e+01 2.646691e+00
    endloop
  endfacet
  facet normal 8.739474e-01 -1.415430e-03 -4.860184e-01
    outer loop
      vertex   -1.349591e+01 -1.719858e+01 2.646691e+00
      vertex   -1.319673e+01 -1.981576e+01 3.192296e+00
      vertex   -1.346189e+01 -1.987557e+01 2.715660e+00
    endloop
  endfacet
  facet normal 9.143773e-01 1.189276e-03 -4.048613e-01
    outer loop
      vertex   -1.349591e+01 -1.719858e+01 2.646691e+00
      vertex   -1.346189e+01 -1.987557e+01 2.715660e+00
      vertex   -1.368315e+01 -1.994129e+01 2.215749e+00
    endloop
  endfacet
  facet normal 9.475351e-01 1.699115e-03 -3.196473e-01
    outer loop
      vertex   -1.385779e+01 -2.000287e+01 1.697753e+00
      vertex   -1.382899e+01 -1.719858e+01 1.798007e+00
      vertex   -1.368315e+01 -1.994129e+01 2.215749e+00
    endloop
  endfacet
  facet normal 9.441173e-01 0.000000e+00 -3.296097e-01
    outer loop
      vertex   -1.368315e+01 -1.994129e+01 2.215749e+00
      vertex   -1.382899e+01 -1.719858e+01 1.798007e+00
      vertex   -1.382899e+01 -1.349290e+00 1.798007e+00
    endloop
  endfacet
  facet normal 9.207226e-01 -1.545242e-03 -3.902146e-01
    outer loop
      vertex   -1.368315e+01 -1.994129e+01 2.215749e+00
      vertex   -1.382899e+01 -1.349290e+00 1.798007e+00
      vertex   -1.349591e+01 -1.719858e+01 2.646691e+00
    endloop
  endfacet
  facet normal 9.308737e-01 0.000000e+00 -3.653410e-01
    outer loop
      vertex   -1.349591e+01 -1.719858e+01 2.646691e+00
      vertex   -1.382899e+01 -1.349290e+00 1.798007e+00
      vertex   -1.349591e+01 -1.349290e+00 2.646691e+00
    endloop
  endfacet
  facet normal 9.721568e-01 -1.603928e-03 -2.343257e-01
    outer loop
      vertex   -1.385779e+01 -2.000287e+01 1.697753e+00
      vertex   -1.398545e+01 -2.005454e+01 1.168464e+00
      vertex   -1.382899e+01 -1.719858e+01 1.798007e+00
    endloop
  endfacet
  facet normal 9.714066e-01 -8.806544e-04 -2.374204e-01
    outer loop
      vertex   -1.382899e+01 -1.719858e+01 1.798007e+00
      vertex   -1.398545e+01 -2.005454e+01 1.168464e+00
      vertex   -1.403187e+01 -1.349290e+00 9.091578e-01
    endloop
  endfacet
  facet normal 9.749279e-01 0.000000e+00 -2.225209e-01
    outer loop
      vertex   -1.382899e+01 -1.719858e+01 1.798007e+00
      vertex   -1.403187e+01 -1.349290e+00 9.091578e-01
      vertex   -1.382899e+01 -1.349290e+00 1.798007e+00
    endloop
  endfacet
  facet normal 9.843524e-01 0.000000e+00 -1.762112e-01
    outer loop
      vertex   -1.403187e+01 -1.349290e+00 9.091578e-01
      vertex   -1.398545e+01 -2.005454e+01 1.168464e+00
      vertex   -1.403187e+01 -1.719858e+01 9.091578e-01
    endloop
  endfacet
  facet normal 9.887849e-01 2.513151e-03 -1.493253e-01
    outer loop
      vertex   -1.403187e+01 -1.719858e+01 9.091578e-01
      vertex   -1.398545e+01 -2.005454e+01 1.168464e+00
      vertex   -1.406594e+01 -2.009125e+01 6.348295e-01
    endloop
  endfacet
  facet normal 9.944643e-01 -1.751619e-03 -1.050607e-01
    outer loop
      vertex   -1.403187e+01 -1.719858e+01 9.091578e-01
      vertex   -1.406594e+01 -2.009125e+01 6.348295e-01
      vertex   -1.410000e+01 -1.349290e+00 -6.091939e-15
    endloop
  endfacet
  facet normal 9.985642e-01 0.000000e+00 -5.356785e-02
    outer loop
      vertex   -1.410000e+01 -1.349290e+00 -6.091939e-15
      vertex   -1.406594e+01 -2.009125e+01 6.348295e-01
      vertex   -1.410000e+01 -1.719858e+01 -6.091939e-15
    endloop
  endfacet
  facet normal 9.972038e-01 0.000000e+00 7.473009e-02
    outer loop
      vertex   -1.410000e+01 -1.349290e+00 -6.091939e-15
      vertex   -1.410000e+01 -1.719858e+01 -6.091939e-15
      vertex   -1.403187e+01 -1.349290e+00 -9.091578e-01
    endloop
  endfacet
  facet normal 9.988951e-01 -1.599726e-03 4.696891e-02
    outer loop
      vertex   -1.403187e+01 -1.349290e+00 -9.091578e-01
      vertex   -1.410000e+01 -1.719858e+01 -6.091939e-15
      vertex   -1.408468e+01 -2.010051e+01 -4.247270e-01
    endloop
  endfacet
  facet normal 9.941107e-01 0.000000e+00 1.083691e-01
    outer loop
      vertex   -1.403187e+01 -1.349290e+00 -9.091578e-01
      vertex   -1.408468e+01 -2.010051e+01 -4.247270e-01
      vertex   -1.403187e+01 -1.719858e+01 -9.091578e-01
    endloop
  endfacet
  facet normal 9.933392e-01 1.157905e-03 1.152213e-01
    outer loop
      vertex   -1.403187e+01 -1.719858e+01 -9.091578e-01
      vertex   -1.408468e+01 -2.010051e+01 -4.247270e-01
      vertex   -1.402284e+01 -2.007108e+01 -9.581657e-01
    endloop
  endfacet
  facet normal 9.796111e-01 -3.470865e-04 2.009031e-01
    outer loop
      vertex   -1.403187e+01 -1.719858e+01 -9.091578e-01
      vertex   -1.402284e+01 -2.007108e+01 -9.581657e-01
      vertex   -1.391375e+01 -2.002471e+01 -1.489998e+00
    endloop
  endfacet
  facet normal 9.980614e-01 -1.901997e-03 -6.220754e-02
    outer loop
      vertex   -1.406594e+01 -2.009125e+01 6.348295e-01
      vertex   -1.409907e+01 -2.010797e+01 1.037957e-01
      vertex   -1.410000e+01 -1.719858e+01 -6.091939e-15
    endloop
  endfacet
  facet normal 9.996278e-01 1.290040e-03 2.725113e-02
    outer loop
      vertex   -1.410000e+01 -1.719858e+01 -6.091939e-15
      vertex   -1.409907e+01 -2.010797e+01 1.037957e-01
      vertex   -1.408468e+01 -2.010051e+01 -4.247270e-01
    endloop
  endfacet
  facet normal 9.581751e-01 2.453654e-03 2.861719e-01
    outer loop
      vertex   -1.375761e+01 -1.996644e+01 -2.013276e+00
      vertex   -1.382899e+01 -1.719858e+01 -1.798007e+00
      vertex   -1.391375e+01 -2.002471e+01 -1.489998e+00
    endloop
  endfacet
  facet normal 9.641641e-01 0.000000e+00 2.653064e-01
    outer loop
      vertex   -1.391375e+01 -2.002471e+01 -1.489998e+00
      vertex   -1.382899e+01 -1.719858e+01 -1.798007e+00
      vertex   -1.382899e+01 -1.349290e+00 -1.798007e+00
    endloop
  endfacet
  facet normal 9.789091e-01 -1.073190e-03 2.042933e-01
    outer loop
      vertex   -1.391375e+01 -2.002471e+01 -1.489998e+00
      vertex   -1.382899e+01 -1.349290e+00 -1.798007e+00
      vertex   -1.403187e+01 -1.719858e+01 -9.091578e-01
    endloop
  endfacet
  facet normal 9.749279e-01 -0.000000e+00 2.225209e-01
    outer loop
      vertex   -1.403187e+01 -1.719858e+01 -9.091578e-01
      vertex   -1.382899e+01 -1.349290e+00 -1.798007e+00
      vertex   -1.403187e+01 -1.349290e+00 -9.091578e-01
    endloop
  endfacet
  facet normal 9.286869e-01 -2.939585e-03 3.708532e-01
    outer loop
      vertex   -1.355463e+01 -1.990137e+01 -2.521063e+00
      vertex   -1.349591e+01 -1.719858e+01 -2.646691e+00
      vertex   -1.375761e+01 -1.996644e+01 -2.013276e+00
    endloop
  endfacet
  facet normal 9.242227e-01 0.000000e+00 3.818540e-01
    outer loop
      vertex   -1.375761e+01 -1.996644e+01 -2.013276e+00
      vertex   -1.349591e+01 -1.719858e+01 -2.646691e+00
      vertex   -1.349591e+01 -1.349290e+00 -2.646691e+00
    endloop
  endfacet
  facet normal 9.419577e-01 -1.818700e-03 3.357267e-01
    outer loop
      vertex   -1.375761e+01 -1.996644e+01 -2.013276e+00
      vertex   -1.349591e+01 -1.349290e+00 -2.646691e+00
      vertex   -1.382899e+01 -1.719858e+01 -1.798007e+00
    endloop
  endfacet
  facet normal 9.308737e-01 -0.000000e+00 3.653410e-01
    outer loop
      vertex   -1.382899e+01 -1.719858e+01 -1.798007e+00
      vertex   -1.349591e+01 -1.349290e+00 -2.646691e+00
      vertex   -1.382899e+01 -1.349290e+00 -1.798007e+00
    endloop
  endfacet
  facet normal 8.904710e-01 1.803616e-03 4.550365e-01
    outer loop
      vertex   -1.355463e+01 -1.990137e+01 -2.521063e+00
      vertex   -1.330624e+01 -1.983802e+01 -3.007404e+00
      vertex   -1.349591e+01 -1.719858e+01 -2.646691e+00
    endloop
  endfacet
  facet normal 8.850963e-01 -0.000000e+00 4.654080e-01
    outer loop
      vertex   -1.349591e+01 -1.719858e+01 -2.646691e+00
      vertex   -1.330624e+01 -1.983802e+01 -3.007404e+00
      vertex   -1.349591e+01 -1.349290e+00 -2.646691e+00
    endloop
  endfacet
  facet normal 8.464968e-01 1.134571e-03 5.323926e-01
    outer loop
      vertex   -1.301676e+01 -1.978634e+01 -3.467785e+00
      vertex   -1.304006e+01 -1.719858e+01 -3.436252e+00
      vertex   -1.330624e+01 -1.983802e+01 -3.007404e+00
    endloop
  endfacet
  facet normal 8.496412e-01 0.000000e+00 5.273613e-01
    outer loop
      vertex   -1.330624e+01 -1.983802e+01 -3.007404e+00
      vertex   -1.304006e+01 -1.719858e+01 -3.436252e+00
      vertex   -1.304006e+01 -1.349290e+00 -3.436252e+00
    endloop
  endfacet
  facet normal 8.660251e-01 -8.705305e-04 4.999998e-01
    outer loop
      vertex   -1.330624e+01 -1.983802e+01 -3.007404e+00
      vertex   -1.304006e+01 -1.349290e+00 -3.436252e+00
      vertex   -1.349591e+01 -1.349290e+00 -2.646691e+00
    endloop
  endfacet
  facet normal 7.970138e-01 -1.830464e-04 6.039611e-01
    outer loop
      vertex   -1.301676e+01 -1.978634e+01 -3.467785e+00
      vertex   -1.269093e+01 -1.975527e+01 -3.897748e+00
      vertex   -1.304006e+01 -1.719858e+01 -3.436252e+00
    endloop
  endfacet
  facet normal 7.943677e-01 -1.171615e-03 6.074360e-01
    outer loop
      vertex   -1.304006e+01 -1.719858e+01 -3.436252e+00
      vertex   -1.269093e+01 -1.975527e+01 -3.897748e+00
      vertex   -1.247162e+01 -1.349290e+00 -4.149054e+00
    endloop
  endfacet
  facet normal 7.818315e-01 -0.000000e+00 6.234898e-01
    outer loop
      vertex   -1.304006e+01 -1.719858e+01 -3.436252e+00
      vertex   -1.247162e+01 -1.349290e+00 -4.149054e+00
      vertex   -1.304006e+01 -1.349290e+00 -3.436252e+00
    endloop
  endfacet
  facet normal 7.534339e-01 0.000000e+00 6.575236e-01
    outer loop
      vertex   -1.247162e+01 -1.349290e+00 -4.149054e+00
      vertex   -1.269093e+01 -1.975527e+01 -3.897748e+00
      vertex   -1.247162e+01 -1.719858e+01 -4.149054e+00
    endloop
  endfacet
  facet normal 7.415610e-01 2.331457e-03 6.708814e-01
    outer loop
      vertex   -1.247162e+01 -1.719858e+01 -4.149054e+00
      vertex   -1.269093e+01 -1.975527e+01 -3.897748e+00
      vertex   -1.233351e+01 -1.975376e+01 -4.292834e+00
    endloop
  endfacet
  facet normal 6.801659e-01 -4.484921e-03 7.330445e-01
    outer loop
      vertex   -1.247162e+01 -1.719858e+01 -4.149054e+00
      vertex   -1.233351e+01 -1.975376e+01 -4.292834e+00
      vertex   -1.180329e+01 -1.719858e+01 -4.769172e+00
    endloop
  endfacet
  facet normal 6.788103e-01 -3.969019e-03 7.343030e-01
    outer loop
      vertex   -1.180329e+01 -1.719858e+01 -4.769172e+00
      vertex   -1.233351e+01 -1.975376e+01 -4.292834e+00
      vertex   -1.194397e+01 -1.979163e+01 -4.653138e+00
    endloop
  endfacet
  facet normal 6.119015e-01 2.194983e-03 7.909309e-01
    outer loop
      vertex   -1.180329e+01 -1.719858e+01 -4.769172e+00
      vertex   -1.194397e+01 -1.979163e+01 -4.653138e+00
      vertex   -1.150795e+01 -1.988371e+01 -4.990204e+00
    endloop
  endfacet
  facet normal -6.801727e-01 3.841626e-18 7.330519e-01
    outer loop
      vertex   -3.528384e+00 -1.349290e+00 -4.149054e+00
      vertex   -4.196712e+00 -1.349290e+00 -4.769172e+00
      vertex   -4.196712e+00 -1.719858e+01 -4.769172e+00
    endloop
  endfacet
  facet normal 4.338837e-01 0.000000e+00 -9.009689e-01
    outer loop
      vertex   -1.105000e+01 -1.349290e+00 5.282755e+00
      vertex   -1.022858e+01 -1.349290e+00 5.678330e+00
      vertex   -1.022858e+01 -1.719858e+01 5.678330e+00
    endloop
  endfacet
  facet normal 2.947552e-01 2.051378e-17 -9.555728e-01
    outer loop
      vertex   -1.022858e+01 -1.719858e+01 5.678330e+00
      vertex   -1.022858e+01 -1.349290e+00 5.678330e+00
      vertex   -9.357378e+00 -1.719858e+01 5.947060e+00
    endloop
  endfacet
  facet normal 6.553430e-01 0.000000e+00 -7.553314e-01
    outer loop
      vertex   -1.218491e+01 -1.976326e+01 4.438065e+00
      vertex   -1.180329e+01 -1.349290e+00 4.769172e+00
      vertex   -1.180329e+01 -1.719858e+01 4.769172e+00
    endloop
  endfacet
  facet normal 9.972038e-01 0.000000e+00 -7.473009e-02
    outer loop
      vertex   -1.410000e+01 -1.349290e+00 -6.091939e-15
      vertex   -1.403187e+01 -1.349290e+00 9.091578e-01
      vertex   -1.403187e+01 -1.719858e+01 9.091578e-01
    endloop
  endfacet
  facet normal 6.801727e-01 0.000000e+00 7.330519e-01
    outer loop
      vertex   -1.180329e+01 -1.349290e+00 -4.769172e+00
      vertex   -1.247162e+01 -1.349290e+00 -4.149054e+00
      vertex   -1.247162e+01 -1.719858e+01 -4.149054e+00
    endloop
  endfacet
  facet normal 5.991878e-01 0.000000e+00 8.006085e-01
    outer loop
      vertex   -1.150795e+01 -1.988371e+01 -4.990204e+00
      vertex   -1.180329e+01 -1.349290e+00 -4.769172e+00
      vertex   -1.180329e+01 -1.719858e+01 -4.769172e+00
    endloop
  endfacet
  facet normal 6.801727e-01 -0.000000e+00 7.330519e-01
    outer loop
      vertex   -1.180329e+01 -1.719858e+01 -4.769172e+00
      vertex   -1.180329e+01 -1.349290e+00 -4.769172e+00
      vertex   -1.247162e+01 -1.719858e+01 -4.149054e+00
    endloop
  endfacet
  facet normal -5.633201e-01 0.000000e+00 8.262388e-01
    outer loop
      vertex   1.105000e+01 1.450000e+01 -5.282755e+00
      vertex   1.105000e+01 -2.004168e+01 -5.282755e+00
      vertex   1.180329e+01 -1.349290e+00 -4.769172e+00
    endloop
  endfacet
  facet normal -5.379854e-01 -1.480192e-03 8.429528e-01
    outer loop
      vertex   1.180329e+01 -1.349290e+00 -4.769172e+00
      vertex   1.105000e+01 -2.004168e+01 -5.282755e+00
      vertex   1.150795e+01 -1.988371e+01 -4.990204e+00
    endloop
  endfacet
  facet normal -5.991878e-01 0.000000e+00 8.006085e-01
    outer loop
      vertex   1.180329e+01 -1.349290e+00 -4.769172e+00
      vertex   1.150795e+01 -1.988371e+01 -4.990204e+00
      vertex   1.180329e+01 -1.719858e+01 -4.769172e+00
    endloop
  endfacet
  facet normal -6.119015e-01 2.194983e-03 7.909309e-01
    outer loop
      vertex   1.180329e+01 -1.719858e+01 -4.769172e+00
      vertex   1.150795e+01 -1.988371e+01 -4.990204e+00
      vertex   1.194397e+01 -1.979163e+01 -4.653138e+00
    endloop
  endfacet
  facet normal -6.788103e-01 -3.969019e-03 7.343030e-01
    outer loop
      vertex   1.180329e+01 -1.719858e+01 -4.769172e+00
      vertex   1.194397e+01 -1.979163e+01 -4.653138e+00
      vertex   1.233351e+01 -1.975376e+01 -4.292834e+00
    endloop
  endfacet
  facet normal -6.801659e-01 -4.484921e-03 7.330445e-01
    outer loop
      vertex   1.180329e+01 -1.719858e+01 -4.769172e+00
      vertex   1.233351e+01 -1.975376e+01 -4.292834e+00
      vertex   1.247162e+01 -1.719858e+01 -4.149054e+00
    endloop
  endfacet
  facet normal -7.415610e-01 2.331457e-03 6.708814e-01
    outer loop
      vertex   1.247162e+01 -1.719858e+01 -4.149054e+00
      vertex   1.233351e+01 -1.975376e+01 -4.292834e+00
      vertex   1.269093e+01 -1.975527e+01 -3.897748e+00
    endloop
  endfacet
  facet normal -7.534339e-01 0.000000e+00 6.575236e-01
    outer loop
      vertex   1.247162e+01 -1.719858e+01 -4.149054e+00
      vertex   1.269093e+01 -1.975527e+01 -3.897748e+00
      vertex   1.247162e+01 -1.349290e+00 -4.149054e+00
    endloop
  endfacet
  facet normal -7.818312e-01 -8.030493e-04 6.234896e-01
    outer loop
      vertex   1.247162e+01 -1.349290e+00 -4.149054e+00
      vertex   1.269093e+01 -1.975527e+01 -3.897748e+00
      vertex   1.304006e+01 -1.349290e+00 -3.436252e+00
    endloop
  endfacet
  facet normal -7.818315e-01 0.000000e+00 6.234898e-01
    outer loop
      vertex   1.247162e+01 -1.349290e+00 -4.149054e+00
      vertex   1.304006e+01 -1.349290e+00 -3.436252e+00
      vertex   1.304006e+01 1.450000e+01 -3.436252e+00
    endloop
  endfacet
  facet normal -8.660254e-01 0.000000e+00 5.000000e-01
    outer loop
      vertex   1.304006e+01 1.450000e+01 -3.436252e+00
      vertex   1.304006e+01 -1.349290e+00 -3.436252e+00
      vertex   1.349591e+01 1.450000e+01 -2.646691e+00
    endloop
  endfacet
  facet normal -8.660254e-01 0.000000e+00 5.000000e-01
    outer loop
      vertex   1.349591e+01 1.450000e+01 -2.646691e+00
      vertex   1.304006e+01 -1.349290e+00 -3.436252e+00
      vertex   1.349591e+01 -1.349290e+00 -2.646691e+00
    endloop
  endfacet
  facet normal -9.308737e-01 0.000000e+00 3.653410e-01
    outer loop
      vertex   1.349591e+01 1.450000e+01 -2.646691e+00
      vertex   1.349591e+01 -1.349290e+00 -2.646691e+00
      vertex   1.382899e+01 1.450000e+01 -1.798007e+00
    endloop
  endfacet
  facet normal -9.308737e-01 0.000000e+00 3.653410e-01
    outer loop
      vertex   1.382899e+01 1.450000e+01 -1.798007e+00
      vertex   1.349591e+01 -1.349290e+00 -2.646691e+00
      vertex   1.382899e+01 -1.349290e+00 -1.798007e+00
    endloop
  endfacet
  facet normal -9.749279e-01 0.000000e+00 2.225209e-01
    outer loop
      vertex   1.382899e+01 1.450000e+01 -1.798007e+00
      vertex   1.382899e+01 -1.349290e+00 -1.798007e+00
      vertex   1.403187e+01 1.450000e+01 -9.091578e-01
    endloop
  endfacet
  facet normal -9.749279e-01 0.000000e+00 2.225209e-01
    outer loop
      vertex   1.403187e+01 1.450000e+01 -9.091578e-01
      vertex   1.382899e+01 -1.349290e+00 -1.798007e+00
      vertex   1.403187e+01 -1.349290e+00 -9.091578e-01
    endloop
  endfacet
  facet normal -9.972038e-01 0.000000e+00 7.473009e-02
    outer loop
      vertex   1.403187e+01 1.450000e+01 -9.091578e-01
      vertex   1.403187e+01 -1.349290e+00 -9.091578e-01
      vertex   1.410000e+01 1.450000e+01 5.417888e-15
    endloop
  endfacet
  facet normal -9.972038e-01 0.000000e+00 7.473009e-02
    outer loop
      vertex   1.410000e+01 1.450000e+01 5.417888e-15
      vertex   1.403187e+01 -1.349290e+00 -9.091578e-01
      vertex   1.410000e+01 -1.349290e+00 5.417888e-15
    endloop
  endfacet
  facet normal -9.972038e-01 -0.000000e+00 -7.473009e-02
    outer loop
      vertex   1.410000e+01 1.450000e+01 5.417888e-15
      vertex   1.410000e+01 -1.349290e+00 5.417888e-15
      vertex   1.403187e+01 1.450000e+01 9.091578e-01
    endloop
  endfacet
  facet normal -9.972038e-01 -0.000000e+00 -7.473009e-02
    outer loop
      vertex   1.403187e+01 1.450000e+01 9.091578e-01
      vertex   1.410000e+01 -1.349290e+00 5.417888e-15
      vertex   1.403187e+01 -1.349290e+00 9.091578e-01
    endloop
  endfacet
  facet normal -9.749279e-01 -0.000000e+00 -2.225209e-01
    outer loop
      vertex   1.403187e+01 1.450000e+01 9.091578e-01
      vertex   1.403187e+01 -1.349290e+00 9.091578e-01
      vertex   1.382899e+01 1.450000e+01 1.798007e+00
    endloop
  endfacet
  facet normal -9.749279e-01 -0.000000e+00 -2.225209e-01
    outer loop
      vertex   1.382899e+01 1.450000e+01 1.798007e+00
      vertex   1.403187e+01 -1.349290e+00 9.091578e-01
      vertex   1.382899e+01 -1.349290e+00 1.798007e+00
    endloop
  endfacet
  facet normal -9.308737e-01 -0.000000e+00 -3.653410e-01
    outer loop
      vertex   1.382899e+01 1.450000e+01 1.798007e+00
      vertex   1.382899e+01 -1.349290e+00 1.798007e+00
      vertex   1.349591e+01 1.450000e+01 2.646691e+00
    endloop
  endfacet
  facet normal -9.308737e-01 -0.000000e+00 -3.653410e-01
    outer loop
      vertex   1.349591e+01 1.450000e+01 2.646691e+00
      vertex   1.382899e+01 -1.349290e+00 1.798007e+00
      vertex   1.349591e+01 -1.349290e+00 2.646691e+00
    endloop
  endfacet
  facet normal -8.660254e-01 -0.000000e+00 -5.000000e-01
    outer loop
      vertex   1.349591e+01 1.450000e+01 2.646691e+00
      vertex   1.349591e+01 -1.349290e+00 2.646691e+00
      vertex   1.304006e+01 1.450000e+01 3.436252e+00
    endloop
  endfacet
  facet normal -8.660254e-01 -0.000000e+00 -5.000000e-01
    outer loop
      vertex   1.304006e+01 1.450000e+01 3.436252e+00
      vertex   1.349591e+01 -1.349290e+00 2.646691e+00
      vertex   1.304006e+01 -1.349290e+00 3.436252e+00
    endloop
  endfacet
  facet normal -7.818315e-01 -0.000000e+00 -6.234898e-01
    outer loop
      vertex   1.304006e+01 1.450000e+01 3.436252e+00
      vertex   1.304006e+01 -1.349290e+00 3.436252e+00
      vertex   1.247162e+01 1.450000e+01 4.149054e+00
    endloop
  endfacet
  facet normal -7.818315e-01 -0.000000e+00 -6.234898e-01
    outer loop
      vertex   1.247162e+01 1.450000e+01 4.149054e+00
      vertex   1.304006e+01 -1.349290e+00 3.436252e+00
      vertex   1.247162e+01 -1.349290e+00 4.149054e+00
    endloop
  endfacet
  facet normal -6.801727e-01 -0.000000e+00 -7.330519e-01
    outer loop
      vertex   1.247162e+01 1.450000e+01 4.149054e+00
      vertex   1.247162e+01 -1.349290e+00 4.149054e+00
      vertex   1.180329e+01 1.450000e+01 4.769172e+00
    endloop
  endfacet
  facet normal -6.801727e-01 -0.000000e+00 -7.330519e-01
    outer loop
      vertex   1.180329e+01 1.450000e+01 4.769172e+00
      vertex   1.247162e+01 -1.349290e+00 4.149054e+00
      vertex   1.180329e+01 -1.349290e+00 4.769172e+00
    endloop
  endfacet
  facet normal -5.633201e-01 -0.000000e+00 -8.262388e-01
    outer loop
      vertex   1.180329e+01 1.450000e+01 4.769172e+00
      vertex   1.180329e+01 -1.349290e+00 4.769172e+00
      vertex   1.105000e+01 1.450000e+01 5.282755e+00
    endloop
  endfacet
  facet normal -5.633201e-01 -0.000000e+00 -8.262388e-01
    outer loop
      vertex   1.105000e+01 1.450000e+01 5.282755e+00
      vertex   1.180329e+01 -1.349290e+00 4.769172e+00
      vertex   1.105000e+01 -1.349290e+00 5.282755e+00
    endloop
  endfacet
  facet normal -4.338837e-01 -0.000000e+00 -9.009689e-01
    outer loop
      vertex   1.105000e+01 1.450000e+01 5.282755e+00
      vertex   1.105000e+01 -1.349290e+00 5.282755e+00
      vertex   1.022858e+01 1.450000e+01 5.678330e+00
    endloop
  endfacet
  facet normal -4.338837e-01 -0.000000e+00 -9.009689e-01
    outer loop
      vertex   1.022858e+01 1.450000e+01 5.678330e+00
      vertex   1.105000e+01 -1.349290e+00 5.282755e+00
      vertex   1.022858e+01 -1.349290e+00 5.678330e+00
    endloop
  endfacet
  facet normal -2.947552e-01 -0.000000e+00 -9.555728e-01
    outer loop
      vertex   1.022858e+01 1.450000e+01 5.678330e+00
      vertex   1.022858e+01 -1.349290e+00 5.678330e+00
      vertex   9.357378e+00 1.450000e+01 5.947060e+00
    endloop
  endfacet
  facet normal -2.947552e-01 -0.000000e+00 -9.555728e-01
    outer loop
      vertex   9.357378e+00 1.450000e+01 5.947060e+00
      vertex   1.022858e+01 -1.349290e+00 5.678330e+00
      vertex   9.357378e+00 -1.349290e+00 5.947060e+00
    endloop
  endfacet
  facet normal -1.490423e-01 -0.000000e+00 -9.888308e-01
    outer loop
      vertex   9.357378e+00 1.450000e+01 5.947060e+00
      vertex   9.357378e+00 -1.349290e+00 5.947060e+00
      vertex   8.455854e+00 1.450000e+01 6.082943e+00
    endloop
  endfacet
  facet normal -1.490423e-01 -0.000000e+00 -9.888308e-01
    outer loop
      vertex   8.455854e+00 1.450000e+01 6.082943e+00
      vertex   9.357378e+00 -1.349290e+00 5.947060e+00
      vertex   8.455854e+00 -1.349290e+00 6.082943e+00
    endloop
  endfacet
  facet normal -0.000000e+00 -0.000000e+00 -1.000000e+00
    outer loop
      vertex   8.455854e+00 1.450000e+01 6.082943e+00
      vertex   8.455854e+00 -1.349290e+00 6.082943e+00
      vertex   7.544146e+00 1.450000e+01 6.082943e+00
    endloop
  endfacet
  facet normal 0.000000e+00 0.000000e+00 -1.000000e+00
    outer loop
      vertex   7.544146e+00 1.450000e+01 6.082943e+00
      vertex   8.455854e+00 -1.349290e+00 6.082943e+00
      vertex   7.544146e+00 -1.349290e+00 6.082943e+00
    endloop
  endfacet
  facet normal 1.490423e-01 0.000000e+00 -9.888308e-01
    outer loop
      vertex   7.544146e+00 1.450000e+01 6.082943e+00
      vertex   7.544146e+00 -1.349290e+00 6.082943e+00
      vertex   6.642622e+00 1.450000e+01 5.947060e+00
    endloop
  endfacet
  facet normal 1.490423e-01 0.000000e+00 -9.888308e-01
    outer loop
      vertex   6.642622e+00 1.450000e+01 5.947060e+00
      vertex   7.544146e+00 -1.349290e+00 6.082943e+00
      vertex   6.642622e+00 -1.349290e+00 5.947060e+00
    endloop
  endfacet
  facet normal 2.947552e-01 0.000000e+00 -9.555728e-01
    outer loop
      vertex   6.642622e+00 1.450000e+01 5.947060e+00
      vertex   6.642622e+00 -1.349290e+00 5.947060e+00
      vertex   5.771420e+00 1.450000e+01 5.678330e+00
    endloop
  endfacet
  facet normal 2.947552e-01 0.000000e+00 -9.555728e-01
    outer loop
      vertex   5.771420e+00 1.450000e+01 5.678330e+00
      vertex   6.642622e+00 -1.349290e+00 5.947060e+00
      vertex   5.771420e+00 -1.349290e+00 5.678330e+00
    endloop
  endfacet
  facet normal 4.338837e-01 0.000000e+00 -9.009689e-01
    outer loop
      vertex   5.771420e+00 1.450000e+01 5.678330e+00
      vertex   5.771420e+00 -1.349290e+00 5.678330e+00
      vertex   4.950000e+00 1.450000e+01 5.282755e+00
    endloop
  endfacet
  facet normal 4.338837e-01 0.000000e+00 -9.009689e-01
    outer loop
      vertex   4.950000e+00 1.450000e+01 5.282755e+00
      vertex   5.771420e+00 -1.349290e+00 5.678330e+00
      vertex   4.950000e+00 -1.349290e+00 5.282755e+00
    endloop
  endfacet
  facet normal 5.633201e-01 0.000000e+00 -8.262388e-01
    outer loop
      vertex   4.950000e+00 1.450000e+01 5.282755e+00
      vertex   4.950000e+00 -1.349290e+00 5.282755e+00
      vertex   4.196712e+00 1.450000e+01 4.769172e+00
    endloop
  endfacet
  facet normal 5.633201e-01 0.000000e+00 -8.262388e-01
    outer loop
      vertex   4.196712e+00 1.450000e+01 4.769172e+00
      vertex   4.950000e+00 -1.349290e+00 5.282755e+00
      vertex   4.196712e+00 -1.349290e+00 4.769172e+00
    endloop
  endfacet
  facet normal 6.801727e-01 0.000000e+00 -7.330519e-01
    outer loop
      vertex   4.196712e+00 1.450000e+01 4.769172e+00
      vertex   4.196712e+00 -1.349290e+00 4.769172e+00
      vertex   3.528384e+00 1.450000e+01 4.149054e+00
    endloop
  endfacet
  facet normal 6.801727e-01 0.000000e+00 -7.330519e-01
    outer loop
      vertex   3.528384e+00 1.450000e+01 4.149054e+00
      vertex   4.196712e+00 -1.349290e+00 4.769172e+00
      vertex   3.528384e+00 -1.349290e+00 4.149054e+00
    endloop
  endfacet
  facet normal 7.818315e-01 0.000000e+00 -6.234898e-01
    outer loop
      vertex   3.528384e+00 1.450000e+01 4.149054e+00
      vertex   3.528384e+00 -1.349290e+00 4.149054e+00
      vertex   2.959943e+00 1.450000e+01 3.436252e+00
    endloop
  endfacet
  facet normal 7.818315e-01 0.000000e+00 -6.234898e-01
    outer loop
      vertex   2.959943e+00 1.450000e+01 3.436252e+00
      vertex   3.528384e+00 -1.349290e+00 4.149054e+00
      vertex   2.959943e+00 -1.349290e+00 3.436252e+00
    endloop
  endfacet
  facet normal 8.660254e-01 0.000000e+00 -5.000000e-01
    outer loop
      vertex   2.959943e+00 1.450000e+01 3.436252e+00
      vertex   2.959943e+00 -1.349290e+00 3.436252e+00
      vertex   2.504090e+00 1.450000e+01 2.646691e+00
    endloop
  endfacet
  facet normal 8.660254e-01 0.000000e+00 -5.000000e-01
    outer loop
      vertex   2.504090e+00 1.450000e+01 2.646691e+00
      vertex   2.959943e+00 -1.349290e+00 3.436252e+00
      vertex   2.504090e+00 -1.349290e+00 2.646691e+00
    endloop
  endfacet
  facet normal 9.308737e-01 0.000000e+00 -3.653410e-01
    outer loop
      vertex   2.504090e+00 1.450000e+01 2.646691e+00
      vertex   2.504090e+00 -1.349290e+00 2.646691e+00
      vertex   2.171006e+00 1.450000e+01 1.798007e+00
    endloop
  endfacet
  facet normal 9.308737e-01 0.000000e+00 -3.653410e-01
    outer loop
      vertex   2.171006e+00 1.450000e+01 1.798007e+00
      vertex   2.504090e+00 -1.349290e+00 2.646691e+00
      vertex   2.171006e+00 -1.349290e+00 1.798007e+00
    endloop
  endfacet
  facet normal 9.749279e-01 0.000000e+00 -2.225209e-01
    outer loop
      vertex   2.171006e+00 1.450000e+01 1.798007e+00
      vertex   2.171006e+00 -1.349290e+00 1.798007e+00
      vertex   1.968132e+00 1.450000e+01 9.091578e-01
    endloop
  endfacet
  facet normal 9.749279e-01 0.000000e+00 -2.225209e-01
    outer loop
      vertex   1.968132e+00 1.450000e+01 9.091578e-01
      vertex   2.171006e+00 -1.349290e+00 1.798007e+00
      vertex   1.968132e+00 -1.349290e+00 9.091578e-01
    endloop
  endfacet
  facet normal 9.972038e-01 0.000000e+00 -7.473009e-02
    outer loop
      vertex   1.968132e+00 1.450000e+01 9.091578e-01
      vertex   1.968132e+00 -1.349290e+00 9.091578e-01
      vertex   1.900000e+00 1.450000e+01 6.164923e-15
    endloop
  endfacet
  facet normal 9.972038e-01 2.554558e-17 -7.473009e-02
    outer loop
      vertex   1.900000e+00 1.450000e+01 6.164923e-15
      vertex   1.968132e+00 -1.349290e+00 9.091578e-01
      vertex   1.900000e+00 -1.349290e+00 7.470345e-16
    endloop
  endfacet
  facet normal 9.972038e-01 -2.554558e-17 7.473009e-02
    outer loop
      vertex   1.900000e+00 1.450000e+01 6.164923e-15
      vertex   1.900000e+00 -1.349290e+00 7.470345e-16
      vertex   1.968132e+00 1.450000e+01 -9.091578e-01
    endloop
  endfacet
  facet normal 9.972038e-01 0.000000e+00 7.473009e-02
    outer loop
      vertex   1.968132e+00 1.450000e+01 -9.091578e-01
      vertex   1.900000e+00 -1.349290e+00 7.470345e-16
      vertex   1.968132e+00 -1.349290e+00 -9.091578e-01
    endloop
  endfacet
  facet normal 9.749279e-01 0.000000e+00 2.225209e-01
    outer loop
      vertex   1.968132e+00 1.450000e+01 -9.091578e-01
      vertex   1.968132e+00 -1.349290e+00 -9.091578e-01
      vertex   2.171006e+00 1.450000e+01 -1.798007e+00
    endloop
  endfacet
  facet normal 9.749279e-01 0.000000e+00 2.225209e-01
    outer loop
      vertex   2.171006e+00 1.450000e+01 -1.798007e+00
      vertex   1.968132e+00 -1.349290e+00 -9.091578e-01
      vertex   2.171006e+00 -1.349290e+00 -1.798007e+00
    endloop
  endfacet
  facet normal 9.308737e-01 0.000000e+00 3.653410e-01
    outer loop
      vertex   2.171006e+00 1.450000e+01 -1.798007e+00
      vertex   2.171006e+00 -1.349290e+00 -1.798007e+00
      vertex   2.504090e+00 1.450000e+01 -2.646691e+00
    endloop
  endfacet
  facet normal 9.308737e-01 0.000000e+00 3.653410e-01
    outer loop
      vertex   2.504090e+00 1.450000e+01 -2.646691e+00
      vertex   2.171006e+00 -1.349290e+00 -1.798007e+00
      vertex   2.504090e+00 -1.349290e+00 -2.646691e+00
    endloop
  endfacet
  facet normal 8.660254e-01 0.000000e+00 5.000000e-01
    outer loop
      vertex   2.504090e+00 1.450000e+01 -2.646691e+00
      vertex   2.504090e+00 -1.349290e+00 -2.646691e+00
      vertex   2.959943e+00 1.450000e+01 -3.436252e+00
    endloop
  endfacet
  facet normal 8.660254e-01 0.000000e+00 5.000000e-01
    outer loop
      vertex   2.959943e+00 1.450000e+01 -3.436252e+00
      vertex   2.504090e+00 -1.349290e+00 -2.646691e+00
      vertex   2.959943e+00 -1.349290e+00 -3.436252e+00
    endloop
  endfacet
  facet normal 7.818315e-01 0.000000e+00 6.234898e-01
    outer loop
      vertex   2.959943e+00 1.450000e+01 -3.436252e+00
      vertex   2.959943e+00 -1.349290e+00 -3.436252e+00
      vertex   3.528384e+00 1.450000e+01 -4.149054e+00
    endloop
  endfacet
  facet normal 7.818315e-01 0.000000e+00 6.234898e-01
    outer loop
      vertex   3.528384e+00 1.450000e+01 -4.149054e+00
      vertex   2.959943e+00 -1.349290e+00 -3.436252e+00
      vertex   3.528384e+00 -1.349290e+00 -4.149054e+00
    endloop
  endfacet
  facet normal 6.801727e-01 0.000000e+00 7.330519e-01
    outer loop
      vertex   3.528384e+00 1.450000e+01 -4.149054e+00
      vertex   3.528384e+00 -1.349290e+00 -4.149054e+00
      vertex   4.196712e+00 1.450000e+01 -4.769172e+00
    endloop
  endfacet
  facet normal 6.801727e-01 0.000000e+00 7.330519e-01
    outer loop
      vertex   4.196712e+00 1.450000e+01 -4.769172e+00
      vertex   3.528384e+00 -1.349290e+00 -4.149054e+00
      vertex   4.196712e+00 -1.349290e+00 -4.769172e+00
    endloop
  endfacet
  facet normal 5.633201e-01 0.000000e+00 8.262388e-01
    outer loop
      vertex   4.196712e+00 1.450000e+01 -4.769172e+00
      vertex   4.196712e+00 -1.349290e+00 -4.769172e+00
      vertex   4.950000e+00 1.450000e+01 -5.282755e+00
    endloop
  endfacet
  facet normal 5.633201e-01 0.000000e+00 8.262388e-01
    outer loop
      vertex   4.950000e+00 1.450000e+01 -5.282755e+00
      vertex   4.196712e+00 -1.349290e+00 -4.769172e+00
      vertex   4.196712e+00 -1.719858e+01 -4.769172e+00
    endloop
  endfacet
  facet normal 5.665066e-01 -1.110718e-04 8.240572e-01
    outer loop
      vertex   4.950000e+00 1.450000e+01 -5.282755e+00
      vertex   4.196712e+00 -1.719858e+01 -4.769172e+00
      vertex   4.216564e+00 -3.290145e+01 -4.784936e+00
    endloop
  endfacet
  facet normal 6.756069e-01 1.139812e-04 7.372620e-01
    outer loop
      vertex   4.216564e+00 -3.290145e+01 -4.784936e+00
      vertex   4.196712e+00 -1.719858e+01 -4.769172e+00
      vertex   3.563021e+00 -3.272532e+01 -4.186074e+00
    endloop
  endfacet
  facet normal 6.801727e-01 -2.304741e-04 7.330519e-01
    outer loop
      vertex   3.563021e+00 -3.272532e+01 -4.186074e+00
      vertex   4.196712e+00 -1.719858e+01 -4.769172e+00
      vertex   3.528384e+00 -1.719858e+01 -4.149054e+00
    endloop
  endfacet
  facet normal 7.753443e-01 2.238726e-04 6.315388e-01
    outer loop
      vertex   3.563021e+00 -3.272532e+01 -4.186074e+00
      vertex   3.528384e+00 -1.719858e+01 -4.149054e+00
      vertex   3.003173e+00 -3.252318e+01 -3.498816e+00
    endloop
  endfacet
  facet normal 7.818314e-01 -3.399843e-04 6.234898e-01
    outer loop
      vertex   3.003173e+00 -3.252318e+01 -3.498816e+00
      vertex   3.528384e+00 -1.719858e+01 -4.149054e+00
      vertex   2.959943e+00 -1.719858e+01 -3.436252e+00
    endloop
  endfacet
  facet normal 8.587045e-01 3.301099e-04 5.124709e-01
    outer loop
      vertex   3.003173e+00 -3.252318e+01 -3.498816e+00
      vertex   2.959943e+00 -1.719858e+01 -3.436252e+00
      vertex   2.548841e+00 -3.229932e+01 -2.737675e+00
    endloop
  endfacet
  facet normal 8.660253e-01 -4.461108e-04 5.000000e-01
    outer loop
      vertex   2.548841e+00 -3.229932e+01 -2.737675e+00
      vertex   2.959943e+00 -1.719858e+01 -3.436252e+00
      vertex   2.504090e+00 -1.719858e+01 -2.646691e+00
    endloop
  endfacet
  facet normal 9.239245e-01 4.329778e-04 3.825747e-01
    outer loop
      vertex   2.548841e+00 -3.229932e+01 -2.737675e+00
      vertex   2.504090e+00 -1.719858e+01 -2.646691e+00
      vertex   2.209620e+00 -3.205845e+01 -1.918723e+00
    endloop
  endfacet
  facet normal 9.308736e-01 -5.489901e-04 3.653410e-01
    outer loop
      vertex   2.209620e+00 -3.205845e+01 -1.918723e+00
      vertex   2.504090e+00 -1.719858e+01 -2.646691e+00
      vertex   2.171006e+00 -1.719858e+01 -1.798007e+00
    endloop
  endfacet
  facet normal 9.696249e-01 5.325970e-04 2.445960e-01
    outer loop
      vertex   2.209620e+00 -3.205845e+01 -1.918723e+00
      vertex   2.171006e+00 -1.719858e+01 -1.798007e+00
      vertex   1.992673e+00 -3.180566e+01 -1.059254e+00
    endloop
  endfacet
  facet normal 9.749277e-01 -6.485932e-04 2.225209e-01
    outer loop
      vertex   1.992673e+00 -3.180566e+01 -1.059254e+00
      vertex   2.171006e+00 -1.719858e+01 -1.798007e+00
      vertex   1.968132e+00 -1.719858e+01 -9.091578e-01
    endloop
  endfacet
  facet normal 9.948402e-01 6.289125e-04 1.014520e-01
    outer loop
      vertex   1.992673e+00 -3.180566e+01 -1.059254e+00
      vertex   1.968132e+00 -1.719858e+01 -9.091578e-01
      vertex   1.902581e+00 -3.154630e+01 -1.774168e-01
    endloop
  endfacet
  facet normal 9.972035e-01 -7.447163e-04 7.473007e-02
    outer loop
      vertex   1.902581e+00 -3.154630e+01 -1.774168e-01
      vertex   1.968132e+00 -1.719858e+01 -9.091578e-01
      vertex   1.900000e+00 -1.719858e+01 3.455979e-15
    endloop
  endfacet
  facet normal 9.990387e-01 7.216840e-04 -4.383123e-02
    outer loop
      vertex   1.902581e+00 -3.154630e+01 -1.774168e-01
      vertex   1.900000e+00 -1.719858e+01 3.455979e-15
      vertex   1.941246e+00 -3.128583e+01 7.081668e-01
    endloop
  endfacet
  facet normal 9.972034e-01 -8.369750e-04 -7.473007e-02
    outer loop
      vertex   1.941246e+00 -3.128583e+01 7.081668e-01
      vertex   1.900000e+00 -1.719858e+01 3.455979e-15
      vertex   1.968132e+00 -1.719858e+01 9.091578e-01
    endloop
  endfacet
  facet normal 9.821337e-01 8.104799e-04 -1.881826e-01
    outer loop
      vertex   1.941246e+00 -3.128583e+01 7.081668e-01
      vertex   1.968132e+00 -1.719858e+01 9.091578e-01
      vertex   2.107852e+00 -3.102977e+01 1.578796e+00
    endloop
  endfacet
  facet normal 9.749275e-01 -9.248036e-04 -2.225208e-01
    outer loop
      vertex   2.107852e+00 -3.102977e+01 1.578796e+00
      vertex   1.968132e+00 -1.719858e+01 9.091578e-01
      vertex   2.171006e+00 -1.719858e+01 1.798007e+00
    endloop
  endfacet
  facet normal 9.444855e-01 8.946792e-04 -3.285518e-01
    outer loop
      vertex   2.107852e+00 -3.102977e+01 1.578796e+00
      vertex   2.171006e+00 -1.719858e+01 1.798007e+00
      vertex   2.398882e+00 -3.078350e+01 2.416087e+00
    endloop
  endfacet
  facet normal 9.308733e-01 -1.007464e-03 -3.653408e-01
    outer loop
      vertex   2.398882e+00 -3.078350e+01 2.416087e+00
      vertex   2.171006e+00 -1.719858e+01 1.798007e+00
      vertex   2.504090e+00 -1.719858e+01 2.646691e+00
    endloop
  endfacet
  facet normal 8.868931e-01 9.734828e-04 -4.619737e-01
    outer loop
      vertex   2.398882e+00 -3.078350e+01 2.416087e+00
      vertex   2.504090e+00 -1.719858e+01 2.646691e+00
      vertex   2.808188e+00 -3.055225e+01 3.202357e+00
    endloop
  endfacet
  facet normal 8.660249e-01 -1.084063e-03 -4.999997e-01
    outer loop
      vertex   2.808188e+00 -3.055225e+01 3.202357e+00
      vertex   2.504090e+00 -1.719858e+01 2.646691e+00
      vertex   2.959943e+00 -1.719858e+01 3.436252e+00
    endloop
  endfacet
  facet normal 8.105769e-01 1.045938e-03 -5.856313e-01
    outer loop
      vertex   2.808188e+00 -3.055225e+01 3.202357e+00
      vertex   2.959943e+00 -1.719858e+01 3.436252e+00
      vertex   3.327129e+00 -3.034088e+01 3.921004e+00
    endloop
  endfacet
  facet normal 7.818310e-01 -1.153591e-03 -6.234894e-01
    outer loop
      vertex   3.327129e+00 -3.034088e+01 3.921004e+00
      vertex   2.959943e+00 -1.719858e+01 3.436252e+00
      vertex   3.528384e+00 -1.719858e+01 4.149054e+00
    endloop
  endfacet
  facet normal 7.171523e-01 1.110980e-03 -6.969156e-01
    outer loop
      vertex   3.327129e+00 -3.034088e+01 3.921004e+00
      vertex   3.528384e+00 -1.719858e+01 4.149054e+00
      vertex   3.944745e+00 -3.015387e+01 4.556853e+00
    endloop
  endfacet
  facet normal 6.801722e-01 -1.214959e-03 -7.330513e-01
    outer loop
      vertex   3.944745e+00 -3.015387e+01 4.556853e+00
      vertex   3.528384e+00 -1.719858e+01 4.149054e+00
      vertex   4.196712e+00 -1.719858e+01 4.769172e+00
    endloop
  endfacet
  facet normal 6.085952e-01 1.167483e-03 -7.934800e-01
    outer loop
      vertex   3.944745e+00 -3.015387e+01 4.556853e+00
      vertex   4.196712e+00 -1.719858e+01 4.769172e+00
      vertex   4.647995e+00 -2.999515e+01 5.096476e+00
    endloop
  endfacet
  facet normal 5.633196e-01 -1.267069e-03 -8.262381e-01
    outer loop
      vertex   4.647995e+00 -2.999515e+01 5.096476e+00
      vertex   4.196712e+00 -1.719858e+01 4.769172e+00
      vertex   4.950000e+00 -1.719858e+01 5.282755e+00
    endloop
  endfacet
  facet normal 4.871994e-01 1.214334e-03 -8.732899e-01
    outer loop
      vertex   4.647995e+00 -2.999515e+01 5.096476e+00
      vertex   4.950000e+00 -1.719858e+01 5.282755e+00
      vertex   5.422029e+00 -2.986809e+01 5.528478e+00
    endloop
  endfacet
  facet normal 4.338834e-01 -1.308875e-03 -9.009681e-01
    outer loop
      vertex   5.422029e+00 -2.986809e+01 5.528478e+00
      vertex   4.950000e+00 -1.719858e+01 5.282755e+00
      vertex   5.771420e+00 -1.719858e+01 5.678330e+00
    endloop
  endfacet
  facet normal 3.555282e-01 1.250506e-03 -9.346647e-01
    outer loop
      vertex   5.422029e+00 -2.986809e+01 5.528478e+00
      vertex   5.771420e+00 -1.719858e+01 5.678330e+00
      vertex   6.250500e+00 -2.977537e+01 5.843736e+00
    endloop
  endfacet
  facet normal 2.947549e-01 -1.339463e-03 -9.555719e-01
    outer loop
      vertex   6.250500e+00 -2.977537e+01 5.843736e+00
      vertex   5.771420e+00 -1.719858e+01 5.678330e+00
      vertex   6.642622e+00 -1.719858e+01 5.947060e+00
    endloop
  endfacet
  facet normal 2.163602e-01 1.275141e-03 -9.763128e-01
    outer loop
      vertex   6.250500e+00 -2.977537e+01 5.843736e+00
      vertex   6.642622e+00 -1.719858e+01 5.947060e+00
      vertex   7.115916e+00 -2.971894e+01 6.035594e+00
    endloop
  endfacet
  facet normal 1.490421e-01 -1.358120e-03 -9.888299e-01
    outer loop
      vertex   7.115916e+00 -2.971894e+01 6.035594e+00
      vertex   6.642622e+00 -1.719858e+01 5.947060e+00
      vertex   7.544146e+00 -1.719858e+01 6.082943e+00
    endloop
  endfacet
  facet normal 7.263047e-02 1.287620e-03 -9.973581e-01
    outer loop
      vertex   7.115916e+00 -2.971894e+01 6.035594e+00
      vertex   7.544146e+00 -1.719858e+01 6.082943e+00
      vertex   8.000000e+00 -2.970000e+01 6.100000e+00
    endloop
  endfacet
  facet normal 0.000000e+00 -1.364391e-03 -9.999991e-01
    outer loop
      vertex   8.000000e+00 -2.970000e+01 6.100000e+00
      vertex   7.544146e+00 -1.719858e+01 6.082943e+00
      vertex   8.455854e+00 -1.719858e+01 6.082943e+00
    endloop
  endfacet
  facet normal -7.200437e-02 1.264728e-03 -9.974035e-01
    outer loop
      vertex   8.000000e+00 -2.970000e+01 6.100000e+00
      vertex   8.455854e+00 -1.719858e+01 6.082943e+00
      vertex   8.750000e+00 -2.350000e+01 6.053718e+00
    endloop
  endfacet
  facet normal -1.040782e-01 -2.456028e-04 -9.945691e-01
    outer loop
      vertex   8.750000e+00 -2.350000e+01 6.053718e+00
      vertex   8.455854e+00 -1.719858e+01 6.082943e+00
      vertex   8.788578e+00 -2.297145e+01 6.049550e+00
    endloop
  endfacet
  facet normal -1.282067e-01 -1.652603e-03 -9.917461e-01
    outer loop
      vertex   8.788578e+00 -2.297145e+01 6.049550e+00
      vertex   8.455854e+00 -1.719858e+01 6.082943e+00
      vertex   8.902705e+00 -2.244672e+01 6.033922e+00
    endloop
  endfacet
  facet normal -1.490414e-01 -3.453848e-03 -9.888249e-01
    outer loop
      vertex   8.902705e+00 -2.244672e+01 6.033922e+00
      vertex   8.455854e+00 -1.719858e+01 6.082943e+00
      vertex   9.357378e+00 -1.719858e+01 5.947060e+00
    endloop
  endfacet
  facet normal -1.610332e-01 -2.383844e-03 -9.869461e-01
    outer loop
      vertex   8.902705e+00 -2.244672e+01 6.033922e+00
      vertex   9.357378e+00 -1.719858e+01 5.947060e+00
      vertex   9.089971e+00 -2.194097e+01 6.002146e+00
    endloop
  endfacet
  facet normal -2.009158e-01 -4.977012e-05 -9.796085e-01
    outer loop
      vertex   9.089971e+00 -2.194097e+01 6.002146e+00
      vertex   9.357378e+00 -1.719858e+01 5.947060e+00
      vertex   9.347625e+00 -2.146911e+01 5.949277e+00
    endloop
  endfacet
  facet normal -2.472873e-01 6.166497e-05 -9.689422e-01
    outer loop
      vertex   9.347625e+00 -2.146911e+01 5.949277e+00
      vertex   9.357378e+00 -1.719858e+01 5.947060e+00
      vertex   9.667182e+00 -2.104291e+01 5.867749e+00
    endloop
  endfacet
  facet normal -2.947528e-01 -4.039419e-03 -9.555650e-01
    outer loop
      vertex   9.667182e+00 -2.104291e+01 5.867749e+00
      vertex   9.357378e+00 -1.719858e+01 5.947060e+00
      vertex   1.022858e+01 -1.719858e+01 5.678330e+00
    endloop
  endfacet
  facet normal -3.011179e-01 -3.012201e-03 -9.535822e-01
    outer loop
      vertex   9.667182e+00 -2.104291e+01 5.867749e+00
      vertex   1.022858e+01 -1.719858e+01 5.678330e+00
      vertex   1.003602e+01 -2.067326e+01 5.750112e+00
    endloop
  endfacet
  facet normal -3.676138e-01 1.160560e-03 -9.299778e-01
    outer loop
      vertex   1.003602e+01 -2.067326e+01 5.750112e+00
      vertex   1.022858e+01 -1.719858e+01 5.678330e+00
      vertex   1.043837e+01 -2.036757e+01 5.591446e+00
    endloop
  endfacet
  facet normal -4.338802e-01 -4.021922e-03 -9.009616e-01
    outer loop
      vertex   1.043837e+01 -2.036757e+01 5.591446e+00
      vertex   1.022858e+01 -1.719858e+01 5.678330e+00
      vertex   1.105000e+01 -1.719858e+01 5.282755e+00
    endloop
  endfacet
  facet normal -4.342658e-01 -3.929448e-03 -9.007762e-01
    outer loop
      vertex   1.043837e+01 -2.036757e+01 5.591446e+00
      vertex   1.105000e+01 -1.719858e+01 5.282755e+00
      vertex   1.087071e+01 -2.012305e+01 5.381949e+00
    endloop
  endfacet
  facet normal -5.087159e-01 1.986332e-03 -8.609322e-01
    outer loop
      vertex   1.087071e+01 -2.012305e+01 5.381949e+00
      vertex   1.105000e+01 -1.719858e+01 5.282755e+00
      vertex   1.132824e+01 -1.993777e+01 5.112027e+00
    endloop
  endfacet
  facet normal -5.229958e-01 0.000000e+00 -8.523352e-01
    outer loop
      vertex   1.132824e+01 -1.993777e+01 5.112027e+00
      vertex   1.105000e+01 -1.719858e+01 5.282755e+00
      vertex   1.105000e+01 -1.349290e+00 5.282755e+00
    endloop
  endfacet
  facet normal -5.806168e-01 -1.212966e-03 -8.141760e-01
    outer loop
      vertex   1.132824e+01 -1.993777e+01 5.112027e+00
      vertex   1.105000e+01 -1.349290e+00 5.282755e+00
      vertex   1.180329e+01 -1.719858e+01 4.769172e+00
    endloop
  endfacet
  facet normal -5.633201e-01 0.000000e+00 -8.262388e-01
    outer loop
      vertex   1.180329e+01 -1.719858e+01 4.769172e+00
      vertex   1.105000e+01 -1.349290e+00 5.282755e+00
      vertex   1.180329e+01 -1.349290e+00 4.769172e+00
    endloop
  endfacet
  facet normal -6.553430e-01 0.000000e+00 -7.553314e-01
    outer loop
      vertex   1.180329e+01 -1.719858e+01 4.769172e+00
      vertex   1.180329e+01 -1.349290e+00 4.769172e+00
      vertex   1.218491e+01 -1.976326e+01 4.438065e+00
    endloop
  endfacet
  facet normal -6.801725e-01 -9.152055e-04 -7.330516e-01
    outer loop
      vertex   1.218491e+01 -1.976326e+01 4.438065e+00
      vertex   1.180329e+01 -1.349290e+00 4.769172e+00
      vertex   1.247162e+01 -1.349290e+00 4.149054e+00
    endloop
  endfacet
  facet normal -7.099360e-01 0.000000e+00 -7.042662e-01
    outer loop
      vertex   1.218491e+01 -1.976326e+01 4.438065e+00
      vertex   1.247162e+01 -1.349290e+00 4.149054e+00
      vertex   1.247162e+01 -1.719858e+01 4.149054e+00
    endloop
  endfacet
  facet normal -7.700578e-01 0.000000e+00 -6.379741e-01
    outer loop
      vertex   1.247162e+01 -1.719858e+01 4.149054e+00
      vertex   1.247162e+01 -1.349290e+00 4.149054e+00
      vertex   1.289235e+01 -1.977113e+01 3.641215e+00
    endloop
  endfacet
  facet normal -7.759420e-01 -2.378599e-03 -6.307998e-01
    outer loop
      vertex   1.247162e+01 -1.719858e+01 4.149054e+00
      vertex   1.289235e+01 -1.977113e+01 3.641215e+00
      vertex   1.255350e+01 -1.975065e+01 4.057957e+00
    endloop
  endfacet
  facet normal -7.975020e-01 0.000000e+00 6.033163e-01
    outer loop
      vertex   1.304006e+01 -1.349290e+00 -3.436252e+00
      vertex   1.269093e+01 -1.975527e+01 -3.897748e+00
      vertex   1.304006e+01 -1.719858e+01 -3.436252e+00
    endloop
  endfacet
  facet normal -7.970138e-01 -1.830464e-04 6.039611e-01
    outer loop
      vertex   1.304006e+01 -1.719858e+01 -3.436252e+00
      vertex   1.269093e+01 -1.975527e+01 -3.897748e+00
      vertex   1.301676e+01 -1.978634e+01 -3.467785e+00
    endloop
  endfacet
  facet normal -8.464968e-01 1.134571e-03 5.323926e-01
    outer loop
      vertex   1.304006e+01 -1.719858e+01 -3.436252e+00
      vertex   1.301676e+01 -1.978634e+01 -3.467785e+00
      vertex   1.330624e+01 -1.983802e+01 -3.007404e+00
    endloop
  endfacet
  facet normal -8.904710e-01 1.803616e-03 4.550365e-01
    outer loop
      vertex   1.355463e+01 -1.990137e+01 -2.521063e+00
      vertex   1.349591e+01 -1.719858e+01 -2.646691e+00
      vertex   1.330624e+01 -1.983802e+01 -3.007404e+00
    endloop
  endfacet
  facet normal -8.850963e-01 0.000000e+00 4.654080e-01
    outer loop
      vertex   1.330624e+01 -1.983802e+01 -3.007404e+00
      vertex   1.349591e+01 -1.719858e+01 -2.646691e+00
      vertex   1.349591e+01 -1.349290e+00 -2.646691e+00
    endloop
  endfacet
  facet normal -8.535063e-01 -1.410243e-03 5.210806e-01
    outer loop
      vertex   1.330624e+01 -1.983802e+01 -3.007404e+00
      vertex   1.349591e+01 -1.349290e+00 -2.646691e+00
      vertex   1.304006e+01 -1.719858e+01 -3.436252e+00
    endloop
  endfacet
  facet normal -8.660254e-01 0.000000e+00 5.000000e-01
    outer loop
      vertex   1.304006e+01 -1.719858e+01 -3.436252e+00
      vertex   1.349591e+01 -1.349290e+00 -2.646691e+00
      vertex   1.304006e+01 -1.349290e+00 -3.436252e+00
    endloop
  endfacet
  facet normal -9.286869e-01 -2.939585e-03 3.708532e-01
    outer loop
      vertex   1.355463e+01 -1.990137e+01 -2.521063e+00
      vertex   1.375761e+01 -1.996644e+01 -2.013276e+00
      vertex   1.349591e+01 -1.719858e+01 -2.646691e+00
    endloop
  endfacet
  facet normal -9.308647e-01 -4.407756e-03 3.653375e-01
    outer loop
      vertex   1.349591e+01 -1.719858e+01 -2.646691e+00
      vertex   1.375761e+01 -1.996644e+01 -2.013276e+00
      vertex   1.382899e+01 -1.719858e+01 -1.798007e+00
    endloop
  endfacet
  facet normal -9.308737e-01 0.000000e+00 3.653410e-01
    outer loop
      vertex   1.349591e+01 -1.719858e+01 -2.646691e+00
      vertex   1.382899e+01 -1.719858e+01 -1.798007e+00
      vertex   1.382899e+01 -1.349290e+00 -1.798007e+00
    endloop
  endfacet
  facet normal -9.749279e-01 0.000000e+00 2.225209e-01
    outer loop
      vertex   1.382899e+01 -1.349290e+00 -1.798007e+00
      vertex   1.382899e+01 -1.719858e+01 -1.798007e+00
      vertex   1.403187e+01 -1.349290e+00 -9.091578e-01
    endloop
  endfacet
  facet normal -9.581751e-01 2.453654e-03 2.861719e-01
    outer loop
      vertex   1.375761e+01 -1.996644e+01 -2.013276e+00
      vertex   1.391375e+01 -2.002471e+01 -1.489998e+00
      vertex   1.382899e+01 -1.719858e+01 -1.798007e+00
    endloop
  endfacet
  facet normal -9.680036e-01 -1.681893e-03 2.509308e-01
    outer loop
      vertex   1.382899e+01 -1.719858e+01 -1.798007e+00
      vertex   1.391375e+01 -2.002471e+01 -1.489998e+00
      vertex   1.403187e+01 -1.349290e+00 -9.091578e-01
    endloop
  endfacet
  facet normal -9.799422e-01 0.000000e+00 1.992817e-01
    outer loop
      vertex   1.403187e+01 -1.349290e+00 -9.091578e-01
      vertex   1.391375e+01 -2.002471e+01 -1.489998e+00
      vertex   1.403187e+01 -1.719858e+01 -9.091578e-01
    endloop
  endfacet
  facet normal -9.796111e-01 -3.470865e-04 2.009031e-01
    outer loop
      vertex   1.403187e+01 -1.719858e+01 -9.091578e-01
      vertex   1.391375e+01 -2.002471e+01 -1.489998e+00
      vertex   1.402284e+01 -2.007108e+01 -9.581657e-01
    endloop
  endfacet
  facet normal -9.933392e-01 1.157905e-03 1.152213e-01
    outer loop
      vertex   1.403187e+01 -1.719858e+01 -9.091578e-01
      vertex   1.402284e+01 -2.007108e+01 -9.581657e-01
      vertex   1.408468e+01 -2.010051e+01 -4.247270e-01
    endloop
  endfacet
  facet normal -9.996278e-01 1.290040e-03 2.725113e-02
    outer loop
      vertex   1.409907e+01 -2.010797e+01 1.037957e-01
      vertex   1.410000e+01 -1.719858e+01 5.417888e-15
      vertex   1.408468e+01 -2.010051e+01 -4.247270e-01
    endloop
  endfacet
  facet normal -9.993498e-01 0.000000e+00 3.605525e-02
    outer loop
      vertex   1.408468e+01 -2.010051e+01 -4.247270e-01
      vertex   1.410000e+01 -1.719858e+01 5.417888e-15
      vertex   1.410000e+01 -1.349290e+00 5.417888e-15
    endloop
  endfacet
  facet normal -9.950068e-01 -1.447334e-03 9.979673e-02
    outer loop
      vertex   1.408468e+01 -2.010051e+01 -4.247270e-01
      vertex   1.410000e+01 -1.349290e+00 5.417888e-15
      vertex   1.403187e+01 -1.719858e+01 -9.091578e-01
    endloop
  endfacet
  facet normal -9.972038e-01 0.000000e+00 7.473009e-02
    outer loop
      vertex   1.403187e+01 -1.719858e+01 -9.091578e-01
      vertex   1.410000e+01 -1.349290e+00 5.417888e-15
      vertex   1.403187e+01 -1.349290e+00 -9.091578e-01
    endloop
  endfacet
  facet normal -9.980614e-01 -1.901997e-03 -6.220754e-02
    outer loop
      vertex   1.409907e+01 -2.010797e+01 1.037957e-01
      vertex   1.406594e+01 -2.009125e+01 6.348295e-01
      vertex   1.410000e+01 -1.719858e+01 5.417888e-15
    endloop
  endfacet
  facet normal -9.983184e-01 -9.667757e-04 -5.795989e-02
    outer loop
      vertex   1.410000e+01 -1.719858e+01 5.417888e-15
      vertex   1.406594e+01 -2.009125e+01 6.348295e-01
      vertex   1.403187e+01 -1.349290e+00 9.091578e-01
    endloop
  endfacet
  facet normal -9.972038e-01 0.000000e+00 -7.473009e-02
    outer loop
      vertex   1.410000e+01 -1.719858e+01 5.417888e-15
      vertex   1.403187e+01 -1.349290e+00 9.091578e-01
      vertex   1.410000e+01 -1.349290e+00 5.417888e-15
    endloop
  endfacet
  facet normal -9.923731e-01 -0.000000e+00 -1.232709e-01
    outer loop
      vertex   1.403187e+01 -1.349290e+00 9.091578e-01
      vertex   1.406594e+01 -2.009125e+01 6.348295e-01
      vertex   1.403187e+01 -1.719858e+01 9.091578e-01
    endloop
  endfacet
  facet normal -9.887849e-01 2.513151e-03 -1.493253e-01
    outer loop
      vertex   1.403187e+01 -1.719858e+01 9.091578e-01
      vertex   1.406594e+01 -2.009125e+01 6.348295e-01
      vertex   1.398545e+01 -2.005454e+01 1.168464e+00
    endloop
  endfacet
  facet normal -9.809903e-01 -1.674297e-03 -1.940498e-01
    outer loop
      vertex   1.403187e+01 -1.719858e+01 9.091578e-01
      vertex   1.398545e+01 -2.005454e+01 1.168464e+00
      vertex   1.382899e+01 -1.349290e+00 1.798007e+00
    endloop
  endfacet
  facet normal -9.704791e-01 -0.000000e+00 -2.411850e-01
    outer loop
      vertex   1.382899e+01 -1.349290e+00 1.798007e+00
      vertex   1.398545e+01 -2.005454e+01 1.168464e+00
      vertex   1.382899e+01 -1.719858e+01 1.798007e+00
    endloop
  endfacet
  facet normal -9.441173e-01 -0.000000e+00 -3.296097e-01
    outer loop
      vertex   1.382899e+01 -1.349290e+00 1.798007e+00
      vertex   1.382899e+01 -1.719858e+01 1.798007e+00
      vertex   1.368315e+01 -1.994129e+01 2.215749e+00
    endloop
  endfacet
  facet normal -9.475351e-01 1.699115e-03 -3.196473e-01
    outer loop
      vertex   1.368315e+01 -1.994129e+01 2.215749e+00
      vertex   1.382899e+01 -1.719858e+01 1.798007e+00
      vertex   1.385779e+01 -2.000287e+01 1.697753e+00
    endloop
  endfacet
  facet normal -9.721568e-01 -1.603928e-03 -2.343257e-01
    outer loop
      vertex   1.385779e+01 -2.000287e+01 1.697753e+00
      vertex   1.382899e+01 -1.719858e+01 1.798007e+00
      vertex   1.398545e+01 -2.005454e+01 1.168464e+00
    endloop
  endfacet
  facet normal -9.143773e-01 1.189276e-03 -4.048613e-01
    outer loop
      vertex   1.346189e+01 -1.987557e+01 2.715660e+00
      vertex   1.349591e+01 -1.719858e+01 2.646691e+00
      vertex   1.368315e+01 -1.994129e+01 2.215749e+00
    endloop
  endfacet
  facet normal -9.171665e-01 0.000000e+00 -3.985041e-01
    outer loop
      vertex   1.368315e+01 -1.994129e+01 2.215749e+00
      vertex   1.349591e+01 -1.719858e+01 2.646691e+00
      vertex   1.349591e+01 -1.349290e+00 2.646691e+00
    endloop
  endfacet
  facet normal -9.308734e-01 -9.067307e-04 -3.653409e-01
    outer loop
      vertex   1.368315e+01 -1.994129e+01 2.215749e+00
      vertex   1.349591e+01 -1.349290e+00 2.646691e+00
      vertex   1.382899e+01 -1.349290e+00 1.798007e+00
    endloop
  endfacet
  facet normal -8.739474e-01 -1.415430e-03 -4.860184e-01
    outer loop
      vertex   1.346189e+01 -1.987557e+01 2.715660e+00
      vertex   1.319673e+01 -1.981576e+01 3.192296e+00
      vertex   1.349591e+01 -1.719858e+01 2.646691e+00
    endloop
  endfacet
  facet normal -8.747550e-01 -1.020026e-03 -4.845645e-01
    outer loop
      vertex   1.349591e+01 -1.719858e+01 2.646691e+00
      vertex   1.319673e+01 -1.981576e+01 3.192296e+00
      vertex   1.304006e+01 -1.349290e+00 3.436252e+00
    endloop
  endfacet
  facet normal -8.660254e-01 0.000000e+00 -5.000000e-01
    outer loop
      vertex   1.349591e+01 -1.719858e+01 2.646691e+00
      vertex   1.304006e+01 -1.349290e+00 3.436252e+00
      vertex   1.349591e+01 -1.349290e+00 2.646691e+00
    endloop
  endfacet
  facet normal -8.414261e-01 -0.000000e+00 -5.403721e-01
    outer loop
      vertex   1.304006e+01 -1.349290e+00 3.436252e+00
      vertex   1.319673e+01 -1.981576e+01 3.192296e+00
      vertex   1.304006e+01 -1.719858e+01 3.436252e+00
    endloop
  endfacet
  facet normal -8.275530e-01 2.788764e-03 -5.613807e-01
    outer loop
      vertex   1.304006e+01 -1.719858e+01 3.436252e+00
      vertex   1.319673e+01 -1.981576e+01 3.192296e+00
      vertex   1.289235e+01 -1.977113e+01 3.641215e+00
    endloop
  endfacet
  facet normal -8.006231e-01 -1.767910e-03 -5.991657e-01
    outer loop
      vertex   1.304006e+01 -1.719858e+01 3.436252e+00
      vertex   1.289235e+01 -1.977113e+01 3.641215e+00
      vertex   1.247162e+01 -1.349290e+00 4.149054e+00
    endloop
  endfacet
  facet normal -7.179353e-01 1.813634e-03 -6.961075e-01
    outer loop
      vertex   1.255350e+01 -1.975065e+01 4.057957e+00
      vertex   1.218491e+01 -1.976326e+01 4.438065e+00
      vertex   1.247162e+01 -1.719858e+01 4.149054e+00
    endloop
  endfacet
  facet normal -6.526923e-01 6.902375e-04 -7.576227e-01
    outer loop
      vertex   1.218491e+01 -1.976326e+01 4.438065e+00
      vertex   1.177658e+01 -1.982072e+01 4.789791e+00
      vertex   1.180329e+01 -1.719858e+01 4.769172e+00
    endloop
  endfacet
  facet normal -5.835474e-01 -4.422479e-04 -8.120790e-01
    outer loop
      vertex   1.180329e+01 -1.719858e+01 4.769172e+00
      vertex   1.177658e+01 -1.982072e+01 4.789791e+00
      vertex   1.132824e+01 -1.993777e+01 5.112027e+00
    endloop
  endfacet
  facet normal -7.262933e-02 1.340667e-03 -9.973581e-01
    outer loop
      vertex   8.000000e+00 -2.970000e+01 6.100000e+00
      vertex   8.750000e+00 -2.350000e+01 6.053718e+00
      vertex   8.884084e+00 -2.971894e+01 6.035594e+00
    endloop
  endfacet
  facet normal -9.620421e-02 8.265585e-04 -9.953613e-01
    outer loop
      vertex   8.884084e+00 -2.971894e+01 6.035594e+00
      vertex   8.750000e+00 -2.350000e+01 6.053718e+00
      vertex   8.788578e+00 -2.402855e+01 6.049550e+00
    endloop
  endfacet
  facet normal -1.349214e-01 1.656886e-04 -9.908563e-01
    outer loop
      vertex   8.884084e+00 -2.971894e+01 6.035594e+00
      vertex   8.788578e+00 -2.402855e+01 6.049550e+00
      vertex   8.902705e+00 -2.455328e+01 6.033922e+00
    endloop
  endfacet
  facet normal -1.665564e-01 2.812852e-04 -9.860319e-01
    outer loop
      vertex   8.902705e+00 -2.455328e+01 6.033922e+00
      vertex   9.089971e+00 -2.505903e+01 6.002146e+00
      vertex   8.884084e+00 -2.971894e+01 6.035594e+00
    endloop
  endfacet
  facet normal -1.979933e-01 1.712091e-03 -9.802019e-01
    outer loop
      vertex   8.884084e+00 -2.971894e+01 6.035594e+00
      vertex   9.089971e+00 -2.505903e+01 6.002146e+00
      vertex   9.347625e+00 -2.553089e+01 5.949277e+00
    endloop
  endfacet
  facet normal -2.162014e-01 3.806971e-03 -9.763414e-01
    outer loop
      vertex   8.884084e+00 -2.971894e+01 6.035594e+00
      vertex   9.347625e+00 -2.553089e+01 5.949277e+00
      vertex   9.749500e+00 -2.977537e+01 5.843736e+00
    endloop
  endfacet
  facet normal -2.462243e-01 7.870959e-04 -9.692126e-01
    outer loop
      vertex   9.749500e+00 -2.977537e+01 5.843736e+00
      vertex   9.347625e+00 -2.553089e+01 5.949277e+00
      vertex   9.667182e+00 -2.595709e+01 5.867749e+00
    endloop
  endfacet
  facet normal -3.043804e-01 -5.714780e-04 -9.525504e-01
    outer loop
      vertex   9.749500e+00 -2.977537e+01 5.843736e+00
      vertex   9.667182e+00 -2.595709e+01 5.867749e+00
      vertex   1.003602e+01 -2.632674e+01 5.750112e+00
    endloop
  endfacet
  facet normal -3.552432e-01 4.137119e-03 -9.347647e-01
    outer loop
      vertex   9.749500e+00 -2.977537e+01 5.843736e+00
      vertex   1.003602e+01 -2.632674e+01 5.750112e+00
      vertex   1.057797e+01 -2.986809e+01 5.528478e+00
    endloop
  endfacet
  facet normal -3.653010e-01 2.355207e-03 -9.308865e-01
    outer loop
      vertex   1.057797e+01 -2.986809e+01 5.528478e+00
      vertex   1.003602e+01 -2.632674e+01 5.750112e+00
      vertex   1.043837e+01 -2.663243e+01 5.591446e+00
    endloop
  endfacet
  facet normal -4.366798e-01 -1.332897e-03 -8.996160e-01
    outer loop
      vertex   1.057797e+01 -2.986809e+01 5.528478e+00
      vertex   1.043837e+01 -2.663243e+01 5.591446e+00
      vertex   1.087071e+01 -2.687695e+01 5.381949e+00
    endloop
  endfacet
  facet normal -4.867396e-01 4.844054e-03 -8.735337e-01
    outer loop
      vertex   1.057797e+01 -2.986809e+01 5.528478e+00
      vertex   1.087071e+01 -2.687695e+01 5.381949e+00
      vertex   1.135200e+01 -2.999515e+01 5.096476e+00
    endloop
  endfacet
  facet normal -5.079848e-01 4.508788e-04 -8.613659e-01
    outer loop
      vertex   1.135200e+01 -2.999515e+01 5.096476e+00
      vertex   1.087071e+01 -2.687695e+01 5.381949e+00
      vertex   1.132824e+01 -2.706223e+01 5.112027e+00
    endloop
  endfacet
  facet normal -5.836966e-01 -4.245470e-04 -8.119717e-01
    outer loop
      vertex   1.135200e+01 -2.999515e+01 5.096476e+00
      vertex   1.132824e+01 -2.706223e+01 5.112027e+00
      vertex   1.177658e+01 -2.717928e+01 4.789791e+00
    endloop
  endfacet
  facet normal -6.080130e-01 5.209013e-03 -7.939100e-01
    outer loop
      vertex   1.135200e+01 -2.999515e+01 5.096476e+00
      vertex   1.177658e+01 -2.717928e+01 4.789791e+00
      vertex   1.205525e+01 -3.015387e+01 4.556853e+00
    endloop
  endfacet
  facet normal -6.527837e-01 -1.833293e-03 -7.575421e-01
    outer loop
      vertex   1.205525e+01 -3.015387e+01 4.556853e+00
      vertex   1.177658e+01 -2.717928e+01 4.789791e+00
      vertex   1.218491e+01 -2.723674e+01 4.438065e+00
    endloop
  endfacet
  facet normal -7.168020e-01 3.466560e-03 -6.972681e-01
    outer loop
      vertex   1.205525e+01 -3.015387e+01 4.556853e+00
      vertex   1.218491e+01 -2.723674e+01 4.438065e+00
      vertex   1.267287e+01 -3.034088e+01 3.921004e+00
    endloop
  endfacet
  facet normal -7.178511e-01 3.121997e-03 -6.961896e-01
    outer loop
      vertex   1.267287e+01 -3.034088e+01 3.921004e+00
      vertex   1.218491e+01 -2.723674e+01 4.438065e+00
      vertex   1.255350e+01 -2.724935e+01 4.057957e+00
    endloop
  endfacet
  facet normal -7.758371e-01 -2.008008e-03 -6.309301e-01
    outer loop
      vertex   1.267287e+01 -3.034088e+01 3.921004e+00
      vertex   1.255350e+01 -2.724935e+01 4.057957e+00
      vertex   1.289235e+01 -2.722887e+01 3.641215e+00
    endloop
  endfacet
  facet normal -8.100976e-01 4.422710e-03 -5.862784e-01
    outer loop
      vertex   1.267287e+01 -3.034088e+01 3.921004e+00
      vertex   1.289235e+01 -2.722887e+01 3.641215e+00
      vertex   1.319181e+01 -3.055225e+01 3.202357e+00
    endloop
  endfacet
  facet normal -8.276633e-01 -4.684570e-04 -5.612248e-01
    outer loop
      vertex   1.319181e+01 -3.055225e+01 3.202357e+00
      vertex   1.289235e+01 -2.722887e+01 3.641215e+00
      vertex   1.319673e+01 -2.718424e+01 3.192296e+00
    endloop
  endfacet
  facet normal -8.738634e-01 -1.768272e-04 -4.861714e-01
    outer loop
      vertex   1.319181e+01 -3.055225e+01 3.202357e+00
      vertex   1.319673e+01 -2.718424e+01 3.192296e+00
      vertex   1.346189e+01 -2.712443e+01 2.715660e+00
    endloop
  endfacet
  facet normal -8.865026e-01 4.150904e-03 -4.627049e-01
    outer loop
      vertex   1.319181e+01 -3.055225e+01 3.202357e+00
      vertex   1.346189e+01 -2.712443e+01 2.715660e+00
      vertex   1.360112e+01 -3.078350e+01 2.416087e+00
    endloop
  endfacet
  facet normal -9.143548e-01 -1.640572e-03 -4.049107e-01
    outer loop
      vertex   1.360112e+01 -3.078350e+01 2.416087e+00
      vertex   1.346189e+01 -2.712443e+01 2.715660e+00
      vertex   1.368315e+01 -2.705871e+01 2.215749e+00
    endloop
  endfacet
  facet normal -9.442804e-01 3.094494e-03 -3.291275e-01
    outer loop
      vertex   1.360112e+01 -3.078350e+01 2.416087e+00
      vertex   1.368315e+01 -2.705871e+01 2.215749e+00
      vertex   1.389215e+01 -3.102977e+01 1.578796e+00
    endloop
  endfacet
  facet normal -9.476451e-01 1.344701e-03 -3.193225e-01
    outer loop
      vertex   1.389215e+01 -3.102977e+01 1.578796e+00
      vertex   1.368315e+01 -2.705871e+01 2.215749e+00
      vertex   1.385779e+01 -2.699713e+01 1.697753e+00
    endloop
  endfacet
  facet normal -9.720912e-01 -1.362809e-03 -2.345994e-01
    outer loop
      vertex   1.389215e+01 -3.102977e+01 1.578796e+00
      vertex   1.385779e+01 -2.699713e+01 1.697753e+00
      vertex   1.398545e+01 -2.694546e+01 1.168464e+00
    endloop
  endfacet
  facet normal -9.819843e-01 3.451318e-03 -1.889308e-01
    outer loop
      vertex   1.389215e+01 -3.102977e+01 1.578796e+00
      vertex   1.398545e+01 -2.694546e+01 1.168464e+00
      vertex   1.405875e+01 -3.128583e+01 7.081668e-01
    endloop
  endfacet
  facet normal -9.888043e-01 -8.756740e-04 -1.492156e-01
    outer loop
      vertex   1.405875e+01 -3.128583e+01 7.081668e-01
      vertex   1.398545e+01 -2.694546e+01 1.168464e+00
      vertex   1.406594e+01 -2.690875e+01 6.348295e-01
    endloop
  endfacet
  facet normal -9.980605e-01 5.966491e-04 -6.224857e-02
    outer loop
      vertex   1.405875e+01 -3.128583e+01 7.081668e-01
      vertex   1.406594e+01 -2.690875e+01 6.348295e-01
      vertex   1.409907e+01 -2.689203e+01 1.037957e-01
    endloop
  endfacet
  facet normal -9.990042e-01 3.044851e-03 -4.451301e-02
    outer loop
      vertex   1.405875e+01 -3.128583e+01 7.081668e-01
      vertex   1.409907e+01 -2.689203e+01 1.037957e-01
      vertex   1.409742e+01 -3.154630e+01 -1.774168e-01
    endloop
  endfacet
  facet normal -9.996278e-01 -1.290943e-03 2.725114e-02
    outer loop
      vertex   1.409742e+01 -3.154630e+01 -1.774168e-01
      vertex   1.409907e+01 -2.689203e+01 1.037957e-01
      vertex   1.408468e+01 -2.689949e+01 -4.247270e-01
    endloop
  endfacet
  facet normal -9.948965e-01 2.639939e-03 1.008663e-01
    outer loop
      vertex   1.409742e+01 -3.154630e+01 -1.774168e-01
      vertex   1.408468e+01 -2.689949e+01 -4.247270e-01
      vertex   1.400733e+01 -3.180566e+01 -1.059254e+00
    endloop
  endfacet
  facet normal -9.933517e-01 7.725945e-04 1.151163e-01
    outer loop
      vertex   1.400733e+01 -3.180566e+01 -1.059254e+00
      vertex   1.408468e+01 -2.689949e+01 -4.247270e-01
      vertex   1.402284e+01 -2.692892e+01 -9.581657e-01
    endloop
  endfacet
  facet normal -9.795866e-01 -1.051844e-03 2.010201e-01
    outer loop
      vertex   1.400733e+01 -3.180566e+01 -1.059254e+00
      vertex   1.402284e+01 -2.692892e+01 -9.581657e-01
      vertex   1.391375e+01 -2.697529e+01 -1.489998e+00
    endloop
  endfacet
  facet normal -9.697901e-01 2.963747e-03 2.439227e-01
    outer loop
      vertex   1.400733e+01 -3.180566e+01 -1.059254e+00
      vertex   1.391375e+01 -2.697529e+01 -1.489998e+00
      vertex   1.379038e+01 -3.205845e+01 -1.918723e+00
    endloop
  endfacet
  facet normal -9.582261e-01 -8.666863e-04 2.860104e-01
    outer loop
      vertex   1.379038e+01 -3.205845e+01 -1.918723e+00
      vertex   1.391375e+01 -2.697529e+01 -1.489998e+00
      vertex   1.375761e+01 -2.703356e+01 -2.013276e+00
    endloop
  endfacet
  facet normal -9.286016e-01 9.271940e-04 3.710770e-01
    outer loop
      vertex   1.379038e+01 -3.205845e+01 -1.918723e+00
      vertex   1.375761e+01 -2.703356e+01 -2.013276e+00
      vertex   1.355463e+01 -2.709863e+01 -2.521063e+00
    endloop
  endfacet
  facet normal -9.241337e-01 2.473528e-03 3.820612e-01
    outer loop
      vertex   1.379038e+01 -3.205845e+01 -1.918723e+00
      vertex   1.355463e+01 -2.709863e+01 -2.521063e+00
      vertex   1.345116e+01 -3.229932e+01 -2.737675e+00
    endloop
  endfacet
  facet normal -8.905019e-01 -1.232641e-03 4.549779e-01
    outer loop
      vertex   1.345116e+01 -3.229932e+01 -2.737675e+00
      vertex   1.355463e+01 -2.709863e+01 -2.521063e+00
      vertex   1.330624e+01 -2.716198e+01 -3.007404e+00
    endloop
  endfacet
  facet normal -8.590014e-01 2.648064e-03 5.119663e-01
    outer loop
      vertex   1.345116e+01 -3.229932e+01 -2.737675e+00
      vertex   1.330624e+01 -2.716198e+01 -3.007404e+00
      vertex   1.299683e+01 -3.252318e+01 -3.498816e+00
    endloop
  endfacet
  facet normal -8.465581e-01 6.646621e-05 5.322963e-01
    outer loop
      vertex   1.299683e+01 -3.252318e+01 -3.498816e+00
      vertex   1.330624e+01 -2.716198e+01 -3.007404e+00
      vertex   1.301676e+01 -2.721366e+01 -3.467785e+00
    endloop
  endfacet
  facet normal -7.969886e-01 -5.386289e-04 6.039941e-01
    outer loop
      vertex   1.299683e+01 -3.252318e+01 -3.498816e+00
      vertex   1.301676e+01 -2.721366e+01 -3.467785e+00
      vertex   1.269093e+01 -2.724473e+01 -3.897748e+00
    endloop
  endfacet
  facet normal -7.757040e-01 2.742754e-03 6.310909e-01
    outer loop
      vertex   1.299683e+01 -3.252318e+01 -3.498816e+00
      vertex   1.269093e+01 -2.724473e+01 -3.897748e+00
      vertex   1.243698e+01 -3.272532e+01 -4.186074e+00
    endloop
  endfacet
  facet normal -7.415653e-01 -9.323701e-04 6.708800e-01
    outer loop
      vertex   1.243698e+01 -3.272532e+01 -4.186074e+00
      vertex   1.269093e+01 -2.724473e+01 -3.897748e+00
      vertex   1.233351e+01 -2.724624e+01 -4.292834e+00
    endloop
  endfacet
  facet normal -6.789451e-01 1.483767e-03 7.341875e-01
    outer loop
      vertex   1.243698e+01 -3.272532e+01 -4.186074e+00
      vertex   1.233351e+01 -2.724624e+01 -4.292834e+00
      vertex   1.194397e+01 -2.720837e+01 -4.653138e+00
    endloop
  endfacet
  facet normal -6.758813e-01 1.996324e-03 7.370078e-01
    outer loop
      vertex   1.243698e+01 -3.272532e+01 -4.186074e+00
      vertex   1.194397e+01 -2.720837e+01 -4.653138e+00
      vertex   1.178344e+01 -3.290145e+01 -4.784936e+00
    endloop
  endfacet
  facet normal -6.117530e-01 -1.063008e-03 7.910481e-01
    outer loop
      vertex   1.178344e+01 -3.290145e+01 -4.784936e+00
      vertex   1.194397e+01 -2.720837e+01 -4.653138e+00
      vertex   1.150795e+01 -2.711629e+01 -4.990204e+00
    endloop
  endfacet
  facet normal -5.619541e-01 2.589816e-03 8.271643e-01
    outer loop
      vertex   1.178344e+01 -3.290145e+01 -4.784936e+00
      vertex   1.150795e+01 -2.711629e+01 -4.990204e+00
      vertex   1.105000e+01 -3.304787e+01 -5.282755e+00
    endloop
  endfacet
  facet normal -5.383487e-01 0.000000e+00 8.427222e-01
    outer loop
      vertex   1.105000e+01 -3.304787e+01 -5.282755e+00
      vertex   1.150795e+01 -2.711629e+01 -4.990204e+00
      vertex   1.105000e+01 -2.695832e+01 -5.282755e+00
    endloop
  endfacet
  facet normal 5.616021e-01 0.000000e+00 8.274074e-01
    outer loop
      vertex   4.216564e+00 -3.290145e+01 -4.784936e+00
      vertex   4.950000e+00 -3.304787e+01 -5.282755e+00
      vertex   4.950000e+00 1.450000e+01 -5.282755e+00
    endloop
  endfacet
  facet normal -7.818315e-01 0.000000e+00 6.234898e-01
    outer loop
      vertex   1.304006e+01 1.450000e+01 -3.436252e+00
      vertex   1.247162e+01 1.450000e+01 -4.149054e+00
      vertex   1.247162e+01 -1.349290e+00 -4.149054e+00
    endloop
  endfacet
  facet normal -6.801727e-01 0.000000e+00 7.330519e-01
    outer loop
      vertex   1.247162e+01 -1.349290e+00 -4.149054e+00
      vertex   1.247162e+01 1.450000e+01 -4.149054e+00
      vertex   1.180329e+01 -1.349290e+00 -4.769172e+00
    endloop
  endfacet
  facet normal -6.801727e-01 0.000000e+00 7.330519e-01
    outer loop
      vertex   1.247162e+01 -1.349290e+00 -4.149054e+00
      vertex   1.180329e+01 -1.349290e+00 -4.769172e+00
      vertex   1.180329e+01 -1.719858e+01 -4.769172e+00
    endloop
  endfacet
  facet normal -6.801727e-01 0.000000e+00 7.330519e-01
    outer loop
      vertex   1.247162e+01 1.450000e+01 -4.149054e+00
      vertex   1.180329e+01 1.450000e+01 -4.769172e+00
      vertex   1.180329e+01 -1.349290e+00 -4.769172e+00
    endloop
  endfacet
  facet normal -5.633201e-01 0.000000e+00 8.262388e-01
    outer loop
      vertex   1.180329e+01 -1.349290e+00 -4.769172e+00
      vertex   1.180329e+01 1.450000e+01 -4.769172e+00
      vertex   1.105000e+01 1.450000e+01 -5.282755e+00
    endloop
  endfacet
  facet normal -6.801727e-01 0.000000e+00 7.330519e-01
    outer loop
      vertex   1.247162e+01 -1.719858e+01 -4.149054e+00
      vertex   1.247162e+01 -1.349290e+00 -4.149054e+00
      vertex   1.180329e+01 -1.719858e+01 -4.769172e+00
    endloop
  endfacet
  facet normal -9.308737e-01 0.000000e+00 3.653410e-01
    outer loop
      vertex   1.382899e+01 -1.349290e+00 -1.798007e+00
      vertex   1.349591e+01 -1.349290e+00 -2.646691e+00
      vertex   1.349591e+01 -1.719858e+01 -2.646691e+00
    endloop
  endfacet
  facet normal -9.749279e-01 0.000000e+00 -2.225209e-01
    outer loop
      vertex   1.382899e+01 -1.349290e+00 1.798007e+00
      vertex   1.403187e+01 -1.349290e+00 9.091578e-01
      vertex   1.403187e+01 -1.719858e+01 9.091578e-01
    endloop
  endfacet
  facet normal -7.818315e-01 0.000000e+00 -6.234898e-01
    outer loop
      vertex   1.247162e+01 -1.349290e+00 4.149054e+00
      vertex   1.304006e+01 -1.349290e+00 3.436252e+00
      vertex   1.304006e+01 -1.719858e+01 3.436252e+00
    endloop
  endfacet
  facet normal -4.338837e-01 0.000000e+00 -9.009689e-01
    outer loop
      vertex   1.022858e+01 -1.349290e+00 5.678330e+00
      vertex   1.105000e+01 -1.349290e+00 5.282755e+00
      vertex   1.105000e+01 -1.719858e+01 5.282755e+00
    endloop
  endfacet
  facet normal -2.947552e-01 0.000000e+00 -9.555728e-01
    outer loop
      vertex   9.357378e+00 -1.349290e+00 5.947060e+00
      vertex   1.022858e+01 -1.349290e+00 5.678330e+00
      vertex   1.022858e+01 -1.719858e+01 5.678330e+00
    endloop
  endfacet
  facet normal -4.338837e-01 0.000000e+00 -9.009689e-01
    outer loop
      vertex   1.022858e+01 -1.719858e+01 5.678330e+00
      vertex   1.022858e+01 -1.349290e+00 5.678330e+00
      vertex   1.105000e+01 -1.719858e+01 5.282755e+00
    endloop
  endfacet
  facet normal -1.490423e-01 0.000000e+00 -9.888308e-01
    outer loop
      vertex   8.455854e+00 -1.349290e+00 6.082943e+00
      vertex   9.357378e+00 -1.349290e+00 5.947060e+00
      vertex   9.357378e+00 -1.719858e+01 5.947060e+00
    endloop
  endfacet
  facet normal -2.947552e-01 0.000000e+00 -9.555728e-01
    outer loop
      vertex   9.357378e+00 -1.719858e+01 5.947060e+00
      vertex   9.357378e+00 -1.349290e+00 5.947060e+00
      vertex   1.022858e+01 -1.719858e+01 5.678330e+00
    endloop
  endfacet
  facet normal 0.000000e+00 0.000000e+00 -1.000000e+00
    outer loop
      vertex   7.544146e+00 -1.349290e+00 6.082943e+00
      vertex   8.455854e+00 -1.349290e+00 6.082943e+00
      vertex   8.455854e+00 -1.719858e+01 6.082943e+00
    endloop
  endfacet
  facet normal -1.490423e-01 0.000000e+00 -9.888308e-01
    outer loop
      vertex   8.455854e+00 -1.719858e+01 6.082943e+00
      vertex   8.455854e+00 -1.349290e+00 6.082943e+00
      vertex   9.357378e+00 -1.719858e+01 5.947060e+00
    endloop
  endfacet
  facet normal 1.490423e-01 0.000000e+00 -9.888308e-01
    outer loop
      vertex   6.642622e+00 -1.349290e+00 5.947060e+00
      vertex   7.544146e+00 -1.349290e+00 6.082943e+00
      vertex   7.544146e+00 -1.719858e+01 6.082943e+00
    endloop
  endfacet
  facet normal 0.000000e+00 0.000000e+00 -1.000000e+00
    outer loop
      vertex   7.544146e+00 -1.719858e+01 6.082943e+00
      vertex   7.544146e+00 -1.349290e+00 6.082943e+00
      vertex   8.455854e+00 -1.719858e+01 6.082943e+00
    endloop
  endfacet
  facet normal 2.947552e-01 0.000000e+00 -9.555728e-01
    outer loop
      vertex   5.771420e+00 -1.349290e+00 5.678330e+00
      vertex   6.642622e+00 -1.349290e+00 5.947060e+00
      vertex   6.642622e+00 -1.719858e+01 5.947060e+00
    endloop
  endfacet
  facet normal 1.490423e-01 0.000000e+00 -9.888308e-01
    outer loop
      vertex   6.642622e+00 -1.719858e+01 5.947060e+00
      vertex   6.642622e+00 -1.349290e+00 5.947060e+00
      vertex   7.544146e+00 -1.719858e+01 6.082943e+00
    endloop
  endfacet
  facet normal 4.338837e-01 0.000000e+00 -9.009689e-01
    outer loop
      vertex   4.950000e+00 -1.349290e+00 5.282755e+00
      vertex   5.771420e+00 -1.349290e+00 5.678330e+00
      vertex   5.771420e+00 -1.719858e+01 5.678330e+00
    endloop
  endfacet
  facet normal 2.947552e-01 0.000000e+00 -9.555728e-01
    outer loop
      vertex   5.771420e+00 -1.719858e+01 5.678330e+00
      vertex   5.771420e+00 -1.349290e+00 5.678330e+00
      vertex   6.642622e+00 -1.719858e+01 5.947060e+00
    endloop
  endfacet
  facet normal 5.633201e-01 0.000000e+00 -8.262388e-01
    outer loop
      vertex   4.196712e+00 -1.349290e+00 4.769172e+00
      vertex   4.950000e+00 -1.349290e+00 5.282755e+00
      vertex   4.950000e+00 -1.719858e+01 5.282755e+00
    endloop
  endfacet
  facet normal 4.338837e-01 0.000000e+00 -9.009689e-01
    outer loop
      vertex   4.950000e+00 -1.719858e+01 5.282755e+00
      vertex   4.950000e+00 -1.349290e+00 5.282755e+00
      vertex   5.771420e+00 -1.719858e+01 5.678330e+00
    endloop
  endfacet
  facet normal 6.801727e-01 0.000000e+00 -7.330519e-01
    outer loop
      vertex   3.528384e+00 -1.349290e+00 4.149054e+00
      vertex   4.196712e+00 -1.349290e+00 4.769172e+00
      vertex   4.196712e+00 -1.719858e+01 4.769172e+00
    endloop
  endfacet
  facet normal 5.633201e-01 0.000000e+00 -8.262388e-01
    outer loop
      vertex   4.196712e+00 -1.719858e+01 4.769172e+00
      vertex   4.196712e+00 -1.349290e+00 4.769172e+00
      vertex   4.950000e+00 -1.719858e+01 5.282755e+00
    endloop
  endfacet
  facet normal 7.818315e-01 0.000000e+00 -6.234898e-01
    outer loop
      vertex   2.959943e+00 -1.349290e+00 3.436252e+00
      vertex   3.528384e+00 -1.349290e+00 4.149054e+00
      vertex   3.528384e+00 -1.719858e+01 4.149054e+00
    endloop
  endfacet
  facet normal 6.801727e-01 0.000000e+00 -7.330519e-01
    outer loop
      vertex   3.528384e+00 -1.719858e+01 4.149054e+00
      vertex   3.528384e+00 -1.349290e+00 4.149054e+00
      vertex   4.196712e+00 -1.719858e+01 4.769172e+00
    endloop
  endfacet
  facet normal 8.660254e-01 0.000000e+00 -5.000000e-01
    outer loop
      vertex   2.504090e+00 -1.349290e+00 2.646691e+00
      vertex   2.959943e+00 -1.349290e+00 3.436252e+00
      vertex   2.959943e+00 -1.719858e+01 3.436252e+00
    endloop
  endfacet
  facet normal 7.818315e-01 0.000000e+00 -6.234898e-01
    outer loop
      vertex   2.959943e+00 -1.719858e+01 3.436252e+00
      vertex   2.959943e+00 -1.349290e+00 3.436252e+00
      vertex   3.528384e+00 -1.719858e+01 4.149054e+00
    endloop
  endfacet
  facet normal 9.308737e-01 0.000000e+00 -3.653410e-01
    outer loop
      vertex   2.171006e+00 -1.349290e+00 1.798007e+00
      vertex   2.504090e+00 -1.349290e+00 2.646691e+00
      vertex   2.504090e+00 -1.719858e+01 2.646691e+00
    endloop
  endfacet
  facet normal 8.660254e-01 0.000000e+00 -5.000000e-01
    outer loop
      vertex   2.504090e+00 -1.719858e+01 2.646691e+00
      vertex   2.504090e+00 -1.349290e+00 2.646691e+00
      vertex   2.959943e+00 -1.719858e+01 3.436252e+00
    endloop
  endfacet
  facet normal 9.749279e-01 0.000000e+00 -2.225209e-01
    outer loop
      vertex   1.968132e+00 -1.349290e+00 9.091578e-01
      vertex   2.171006e+00 -1.349290e+00 1.798007e+00
      vertex   2.171006e+00 -1.719858e+01 1.798007e+00
    endloop
  endfacet
  facet normal 9.308737e-01 0.000000e+00 -3.653410e-01
    outer loop
      vertex   2.171006e+00 -1.719858e+01 1.798007e+00
      vertex   2.171006e+00 -1.349290e+00 1.798007e+00
      vertex   2.504090e+00 -1.719858e+01 2.646691e+00
    endloop
  endfacet
  facet normal 9.972038e-01 0.000000e+00 -7.473009e-02
    outer loop
      vertex   1.900000e+00 -1.349290e+00 7.470345e-16
      vertex   1.968132e+00 -1.349290e+00 9.091578e-01
      vertex   1.968132e+00 -1.719858e+01 9.091578e-01
    endloop
  endfacet
  facet normal 9.749279e-01 0.000000e+00 -2.225209e-01
    outer loop
      vertex   1.968132e+00 -1.719858e+01 9.091578e-01
      vertex   1.968132e+00 -1.349290e+00 9.091578e-01
      vertex   2.171006e+00 -1.719858e+01 1.798007e+00
    endloop
  endfacet
  facet normal 9.972038e-01 1.296549e-17 7.473009e-02
    outer loop
      vertex   1.968132e+00 -1.349290e+00 -9.091578e-01
      vertex   1.900000e+00 -1.349290e+00 7.470345e-16
      vertex   1.900000e+00 -1.719858e+01 3.455979e-15
    endloop
  endfacet
  facet normal 9.972038e-01 -1.277279e-17 -7.473009e-02
    outer loop
      vertex   1.900000e+00 -1.719858e+01 3.455979e-15
      vertex   1.900000e+00 -1.349290e+00 7.470345e-16
      vertex   1.968132e+00 -1.719858e+01 9.091578e-01
    endloop
  endfacet
  facet normal 9.749279e-01 0.000000e+00 2.225209e-01
    outer loop
      vertex   2.171006e+00 -1.349290e+00 -1.798007e+00
      vertex   1.968132e+00 -1.349290e+00 -9.091578e-01
      vertex   1.968132e+00 -1.719858e+01 -9.091578e-01
    endloop
  endfacet
  facet normal 9.972038e-01 -0.000000e+00 7.473009e-02
    outer loop
      vertex   1.968132e+00 -1.719858e+01 -9.091578e-01
      vertex   1.968132e+00 -1.349290e+00 -9.091578e-01
      vertex   1.900000e+00 -1.719858e+01 3.455979e-15
    endloop
  endfacet
  facet normal 9.308737e-01 0.000000e+00 3.653410e-01
    outer loop
      vertex   2.504090e+00 -1.349290e+00 -2.646691e+00
      vertex   2.171006e+00 -1.349290e+00 -1.798007e+00
      vertex   2.171006e+00 -1.719858e+01 -1.798007e+00
    endloop
  endfacet
  facet normal 9.749279e-01 -0.000000e+00 2.225209e-01
    outer loop
      vertex   2.171006e+00 -1.719858e+01 -1.798007e+00
      vertex   2.171006e+00 -1.349290e+00 -1.798007e+00
      vertex   1.968132e+00 -1.719858e+01 -9.091578e-01
    endloop
  endfacet
  facet normal 8.660254e-01 0.000000e+00 5.000000e-01
    outer loop
      vertex   2.959943e+00 -1.349290e+00 -3.436252e+00
      vertex   2.504090e+00 -1.349290e+00 -2.646691e+00
      vertex   2.504090e+00 -1.719858e+01 -2.646691e+00
    endloop
  endfacet
  facet normal 9.308737e-01 -0.000000e+00 3.653410e-01
    outer loop
      vertex   2.504090e+00 -1.719858e+01 -2.646691e+00
      vertex   2.504090e+00 -1.349290e+00 -2.646691e+00
      vertex   2.171006e+00 -1.719858e+01 -1.798007e+00
    endloop
  endfacet
  facet normal 7.818315e-01 0.000000e+00 6.234898e-01
    outer loop
      vertex   3.528384e+00 -1.349290e+00 -4.149054e+00
      vertex   2.959943e+00 -1.349290e+00 -3.436252e+00
      vertex   2.959943e+00 -1.719858e+01 -3.436252e+00
    endloop
  endfacet
  facet normal 8.660254e-01 -0.000000e+00 5.000000e-01
    outer loop
      vertex   2.959943e+00 -1.719858e+01 -3.436252e+00
      vertex   2.959943e+00 -1.349290e+00 -3.436252e+00
      vertex   2.504090e+00 -1.719858e+01 -2.646691e+00
    endloop
  endfacet
  facet normal 6.801727e-01 0.000000e+00 7.330519e-01
    outer loop
      vertex   4.196712e+00 -1.349290e+00 -4.769172e+00
      vertex   3.528384e+00 -1.349290e+00 -4.149054e+00
      vertex   3.528384e+00 -1.719858e+01 -4.149054e+00
    endloop
  endfacet
  facet normal 7.818315e-01 -0.000000e+00 6.234898e-01
    outer loop
      vertex   3.528384e+00 -1.719858e+01 -4.149054e+00
      vertex   3.528384e+00 -1.349290e+00 -4.149054e+00
      vertex   2.959943e+00 -1.719858e+01 -3.436252e+00
    endloop
  endfacet
  facet normal 6.801727e-01 -0.000000e+00 7.330519e-01
    outer loop
      vertex   4.196712e+00 -1.719858e+01 -4.769172e+00
      vertex   4.196712e+00 -1.349290e+00 -4.769172e+00
      vertex   3.528384e+00 -1.719858e+01 -4.149054e+00
    endloop
  endfacet
  facet normal 5.000000e-01 -0.000000e+00 8.660254e-01
    outer loop
      vertex   8.000000e+00 -3.356579e+01 -7.043673e+00
      vertex   8.000000e+00 1.450000e+01 -7.043673e+00
      vertex   4.950000e+00 -3.304787e+01 -5.282755e+00
    endloop
  endfacet
  facet normal 5.000000e-01 -0.000000e+00 8.660254e-01
    outer loop
      vertex   4.950000e+00 -3.304787e+01 -5.282755e+00
      vertex   8.000000e+00 1.450000e+01 -7.043673e+00
      vertex   4.950000e+00 1.450000e+01 -5.282755e+00
    endloop
  endfacet
  facet normal 3.098937e-01 9.507712e-01 1.878476e-16
    outer loop
      vertex   -1.700000e+01 -2.512391e+01 -8.481694e+00
      vertex   -1.700000e+01 -2.512391e+01 9.500000e+00
      vertex   -1.646661e+01 -2.529776e+01 -8.549308e+00
    endloop
  endfacet
  facet normal 3.409979e-01 9.400635e-01 1.022322e-03
    outer loop
      vertex   -1.646661e+01 -2.529776e+01 -8.549308e+00
      vertex   -1.700000e+01 -2.512391e+01 9.500000e+00
      vertex   -1.631716e+01 -2.536155e+01 2.543608e-01
    endloop
  endfacet
  facet normal 4.374920e-01 8.992218e-01 -9.116851e-04
    outer loop
      vertex   -1.646661e+01 -2.529776e+01 -8.549308e+00
      vertex   -1.631716e+01 -2.536155e+01 2.543608e-01
      vertex   -1.596743e+01 -2.554073e+01 -8.654507e+00
    endloop
  endfacet
  facet normal 4.895705e-01 8.719621e-01 1.681010e-03
    outer loop
      vertex   -1.596743e+01 -2.554073e+01 -8.654507e+00
      vertex   -1.631716e+01 -2.536155e+01 2.543608e-01
      vertex   -1.568672e+01 -2.571551e+01 2.543608e-01
    endloop
  endfacet
  facet normal 5.523409e-01 8.336177e-01 -1.049070e-03
    outer loop
      vertex   -1.596743e+01 -2.554073e+01 -8.654507e+00
      vertex   -1.568672e+01 -2.571551e+01 2.543608e-01
      vertex   -1.551717e+01 -2.583925e+01 -8.801324e+00
    endloop
  endfacet
  facet normal 6.538198e-01 7.566479e-01 1.902605e-03
    outer loop
      vertex   -1.551717e+01 -2.583925e+01 -8.801324e+00
      vertex   -1.568672e+01 -2.571551e+01 2.543608e-01
      vertex   -1.512832e+01 -2.617478e+01 -8.991278e+00
    endloop
  endfacet
  facet normal 6.352182e-01 7.723327e-01 -0.000000e+00
    outer loop
      vertex   -1.512832e+01 -2.617478e+01 -8.991278e+00
      vertex   -1.568672e+01 -2.571551e+01 2.543608e-01
      vertex   -1.512832e+01 -2.617478e+01 9.500000e+00
    endloop
  endfacet
  facet normal 6.352182e-01 7.723327e-01 1.245635e-16
    outer loop
      vertex   -1.512832e+01 -2.617478e+01 9.500000e+00
      vertex   -1.568672e+01 -2.571551e+01 2.543608e-01
      vertex   -1.568672e+01 -2.571551e+01 9.500000e+00
    endloop
  endfacet
  facet normal 4.895712e-01 8.719633e-01 9.406090e-17
    outer loop
      vertex   -1.568672e+01 -2.571551e+01 9.500000e+00
      vertex   -1.568672e+01 -2.571551e+01 2.543608e-01
      vertex   -1.631716e+01 -2.536155e+01 9.500000e+00
    endloop
  endfacet
  facet normal 4.895712e-01 8.719633e-01 0.000000e+00
    outer loop
      vertex   -1.631716e+01 -2.536155e+01 9.500000e+00
      vertex   -1.568672e+01 -2.571551e+01 2.543608e-01
      vertex   -1.631716e+01 -2.536155e+01 2.543608e-01
    endloop
  endfacet
  facet normal 3.286794e-01 9.444416e-01 0.000000e+00
    outer loop
      vertex   -1.631716e+01 -2.536155e+01 9.500000e+00
      vertex   -1.631716e+01 -2.536155e+01 2.543608e-01
      vertex   -1.700000e+01 -2.512391e+01 9.500000e+00
    endloop
  endfacet
  facet normal 3.077414e-01 -9.514701e-01 0.000000e+00
    outer loop
      vertex   -1.700000e+01 -2.187609e+01 -2.059479e+01
      vertex   -1.700000e+01 -2.187609e+01 -2.500000e+01
      vertex   -1.648376e+01 -2.170912e+01 -2.049839e+01
    endloop
  endfacet
  facet normal 3.286782e-01 -9.444382e-01 -2.661807e-03
    outer loop
      vertex   -1.648376e+01 -2.170912e+01 -2.049839e+01
      vertex   -1.700000e+01 -2.187609e+01 -2.500000e+01
      vertex   -1.631716e+01 -2.163845e+01 -2.500000e+01
    endloop
  endfacet
  facet normal 4.303678e-01 -9.026519e-01 1.757707e-03
    outer loop
      vertex   -1.648376e+01 -2.170912e+01 -2.049839e+01
      vertex   -1.631716e+01 -2.163845e+01 -2.500000e+01
      vertex   -1.599412e+01 -2.147541e+01 -2.036345e+01
    endloop
  endfacet
  facet normal 4.895683e-01 -8.719581e-01 -3.446341e-03
    outer loop
      vertex   -1.599412e+01 -2.147541e+01 -2.036345e+01
      vertex   -1.631716e+01 -2.163845e+01 -2.500000e+01
      vertex   -1.568672e+01 -2.128449e+01 -2.500000e+01
    endloop
  endfacet
  facet normal 5.457856e-01 -8.379232e-01 1.682205e-03
    outer loop
      vertex   -1.599412e+01 -2.147541e+01 -2.036345e+01
      vertex   -1.568672e+01 -2.128449e+01 -2.500000e+01
      vertex   -1.553965e+01 -2.117904e+01 -2.019234e+01
    endloop
  endfacet
  facet normal 6.352162e-01 -7.723303e-01 -2.492364e-03
    outer loop
      vertex   -1.553965e+01 -2.117904e+01 -2.019234e+01
      vertex   -1.568672e+01 -2.128449e+01 -2.500000e+01
      vertex   -1.512832e+01 -2.082522e+01 -2.500000e+01
    endloop
  endfacet
  facet normal 6.521201e-01 -7.581157e-01 0.000000e+00
    outer loop
      vertex   -1.553965e+01 -2.117904e+01 -2.019234e+01
      vertex   -1.512832e+01 -2.082522e+01 -2.500000e+01
      vertex   -1.512832e+01 -2.082522e+01 -1.998806e+01
    endloop
  endfacet
  facet normal -9.920780e-01 1.256125e-01 1.648885e-03
    outer loop
      vertex   -8.822640e+00 -2.423174e+01 -2.498553e+01
      vertex   -8.764067e+00 -2.382450e+01 -2.076765e+01
      vertex   -8.755337e+00 -2.370000e+01 -2.500000e+01
    endloop
  endfacet
  facet normal -9.995225e-01 3.087817e-02 -1.153222e-03
    outer loop
      vertex   -8.755337e+00 -2.370000e+01 -2.500000e+01
      vertex   -8.764067e+00 -2.382450e+01 -2.076765e+01
      vertex   -8.751039e+00 -2.341172e+01 -2.100597e+01
    endloop
  endfacet
  facet normal -9.992328e-01 -3.896936e-02 3.887987e-03
    outer loop
      vertex   -8.755337e+00 -2.370000e+01 -2.500000e+01
      vertex   -8.751039e+00 -2.341172e+01 -2.100597e+01
      vertex   -8.782287e+00 -2.300897e+01 -2.500000e+01
    endloop
  endfacet
  facet normal -9.969037e-01 -7.863155e-02 -1.296147e-04
    outer loop
      vertex   -8.782287e+00 -2.300897e+01 -2.500000e+01
      vertex   -8.751039e+00 -2.341172e+01 -2.100597e+01
      vertex   -8.783483e+00 -2.300000e+01 -2.124367e+01
    endloop
  endfacet
  facet normal -9.794379e-01 -2.017458e-01 1.700296e-04
    outer loop
      vertex   -8.782287e+00 -2.300897e+01 -2.500000e+01
      vertex   -8.783483e+00 -2.300000e+01 -2.124367e+01
      vertex   -8.888226e+00 -2.249124e+01 -2.094994e+01
    endloop
  endfacet
  facet normal -9.641284e-01 2.654314e-01 1.614033e-03
    outer loop
      vertex   -8.967419e+00 -2.475788e+01 -2.494380e+01
      vertex   -8.925351e+00 -2.463331e+01 -2.030068e+01
      vertex   -8.822640e+00 -2.423174e+01 -2.498553e+01
    endloop
  endfacet
  facet normal -9.684154e-01 2.493422e-01 1.409410e-04
    outer loop
      vertex   -8.822640e+00 -2.423174e+01 -2.498553e+01
      vertex   -8.925351e+00 -2.463331e+01 -2.030068e+01
      vertex   -8.822406e+00 -2.423335e+01 -2.053160e+01
    endloop
  endfacet
  facet normal -9.899640e-01 1.413196e-01 1.029988e-04
    outer loop
      vertex   -8.822640e+00 -2.423174e+01 -2.498553e+01
      vertex   -8.822406e+00 -2.423335e+01 -2.053160e+01
      vertex   -8.764067e+00 -2.382450e+01 -2.076765e+01
    endloop
  endfacet
  facet normal -9.353455e-01 3.537340e-01 -1.015838e-03
    outer loop
      vertex   -8.925351e+00 -2.463331e+01 -2.030068e+01
      vertex   -8.967419e+00 -2.475788e+01 -2.494380e+01
      vertex   -9.071652e+00 -2.501952e+01 -2.007771e+01
    endloop
  endfacet
  facet normal -9.147484e-01 4.040184e-01 2.129034e-03
    outer loop
      vertex   -9.071652e+00 -2.501952e+01 -2.007771e+01
      vertex   -8.967419e+00 -2.475788e+01 -2.494380e+01
      vertex   -9.188070e+00 -2.525781e+01 -2.487777e+01
    endloop
  endfacet
  facet normal -8.907500e-01 4.544926e-01 -9.587222e-04
    outer loop
      vertex   -9.071652e+00 -2.501952e+01 -2.007771e+01
      vertex   -9.188070e+00 -2.525781e+01 -2.487777e+01
      vertex   -9.259535e+00 -2.538730e+01 -1.986537e+01
    endloop
  endfacet
  facet normal -8.466985e-01 5.320703e-01 1.673450e-03
    outer loop
      vertex   -9.259535e+00 -2.538730e+01 -1.986537e+01
      vertex   -9.188070e+00 -2.525781e+01 -2.487777e+01
      vertex   -9.475344e+00 -2.571522e+01 -2.479459e+01
    endloop
  endfacet
  facet normal -8.351082e-01 5.500857e-01 -3.247819e-05
    outer loop
      vertex   -9.259535e+00 -2.538730e+01 -1.986537e+01
      vertex   -9.475344e+00 -2.571522e+01 -2.479459e+01
      vertex   -9.486721e+00 -2.573218e+01 -1.966625e+01
    endloop
  endfacet
  facet normal -7.694288e-01 6.387325e-01 4.065372e-04
    outer loop
      vertex   -9.486721e+00 -2.573218e+01 -1.966625e+01
      vertex   -9.475344e+00 -2.571522e+01 -2.479459e+01
      vertex   -9.750455e+00 -2.605000e+01 -1.948275e+01
    endloop
  endfacet
  facet normal -7.643955e-01 6.447468e-01 1.046277e-03
    outer loop
      vertex   -9.750455e+00 -2.605000e+01 -1.948275e+01
      vertex   -9.475344e+00 -2.571522e+01 -2.479459e+01
      vertex   -9.813740e+00 -2.611656e+01 -2.470362e+01
    endloop
  endfacet
  facet normal -7.002353e-01 7.139119e-01 -6.131853e-04
    outer loop
      vertex   -9.750455e+00 -2.605000e+01 -1.948275e+01
      vertex   -9.813740e+00 -2.611656e+01 -2.470362e+01
      vertex   -1.000261e+01 -2.629720e+01 -1.933192e+01
    endloop
  endfacet
  facet normal -6.648667e-01 7.469600e-01 1.741757e-03
    outer loop
      vertex   -1.000261e+01 -2.629720e+01 -1.933192e+01
      vertex   -9.813740e+00 -2.611656e+01 -2.470362e+01
      vertex   -1.020270e+01 -2.646299e+01 -2.461056e+01
    endloop
  endfacet
  facet normal -6.284082e-01 7.778835e-01 -6.114705e-04
    outer loop
      vertex   -1.000261e+01 -2.629720e+01 -1.933192e+01
      vertex   -1.020270e+01 -2.646299e+01 -2.461056e+01
      vertex   -1.028374e+01 -2.652419e+01 -1.917825e+01
    endloop
  endfacet
  facet normal -5.544928e-01 8.321878e-01 1.102943e-03
    outer loop
      vertex   -1.028374e+01 -2.652419e+01 -1.917825e+01
      vertex   -1.020270e+01 -2.646299e+01 -2.461056e+01
      vertex   -1.064970e+01 -2.676095e+01 -2.451988e+01
    endloop
  endfacet
  facet normal -5.505394e-01 8.348089e-01 7.159085e-04
    outer loop
      vertex   -1.028374e+01 -2.652419e+01 -1.917825e+01
      vertex   -1.064970e+01 -2.676095e+01 -2.451988e+01
      vertex   -1.059235e+01 -2.672784e+01 -1.902775e+01
    endloop
  endfacet
  facet normal -4.663706e-01 8.845893e-01 -4.631677e-04
    outer loop
      vertex   -1.059235e+01 -2.672784e+01 -1.902775e+01
      vertex   -1.064970e+01 -2.676095e+01 -2.451988e+01
      vertex   -1.092483e+01 -2.690305e+01 -1.888780e+01
    endloop
  endfacet
  facet normal -4.298211e-01 9.029123e-01 1.784533e-03
    outer loop
      vertex   -1.092483e+01 -2.690305e+01 -1.888780e+01
      vertex   -1.064970e+01 -2.676095e+01 -2.451988e+01
      vertex   -1.114160e+01 -2.699526e+01 -2.444148e+01
    endloop
  endfacet
  facet normal -3.733259e-01 9.276999e-01 -8.321974e-04
    outer loop
      vertex   -1.092483e+01 -2.690305e+01 -1.888780e+01
      vertex   -1.114160e+01 -2.699526e+01 -2.444148e+01
      vertex   -1.127763e+01 -2.704491e+01 -1.876624e+01
    endloop
  endfacet
  facet normal -2.917394e-01 9.564968e-01 1.375275e-03
    outer loop
      vertex   -1.127763e+01 -2.704491e+01 -1.876624e+01
      vertex   -1.114160e+01 -2.699526e+01 -2.444148e+01
      vertex   -1.166337e+01 -2.715449e+01 -2.438466e+01
    endloop
  endfacet
  facet normal -2.758270e-01 9.612073e-01 1.909041e-04
    outer loop
      vertex   -1.127763e+01 -2.704491e+01 -1.876624e+01
      vertex   -1.166337e+01 -2.715449e+01 -2.438466e+01
      vertex   -1.164626e+01 -2.715072e+01 -1.867079e+01
    endloop
  endfacet
  facet normal -1.779208e-01 9.840448e-01 -1.174316e-04
    outer loop
      vertex   -1.164626e+01 -2.715072e+01 -1.867079e+01
      vertex   -1.166337e+01 -2.715449e+01 -2.438466e+01
      vertex   -1.202459e+01 -2.721911e+01 -1.860619e+01
    endloop
  endfacet
  facet normal -1.534803e-01 9.881506e-01 1.456278e-03
    outer loop
      vertex   -1.202459e+01 -2.721911e+01 -1.860619e+01
      vertex   -1.166337e+01 -2.715449e+01 -2.438466e+01
      vertex   -1.219515e+01 -2.723713e+01 -2.435367e+01
    endloop
  endfacet
  facet normal -7.754582e-02 9.969884e-01 -8.248124e-04
    outer loop
      vertex   -1.202459e+01 -2.721911e+01 -1.860619e+01
      vertex   -1.219515e+01 -2.723713e+01 -2.435367e+01
      vertex   -1.240641e+01 -2.724879e+01 -1.857701e+01
    endloop
  endfacet
  facet normal -1.165057e-02 9.999309e-01 1.591011e-03
    outer loop
      vertex   -1.240641e+01 -2.724879e+01 -1.857701e+01
      vertex   -1.219515e+01 -2.723713e+01 -2.435367e+01
      vertex   -1.272020e+01 -2.724325e+01 -2.435130e+01
    endloop
  endfacet
  facet normal 2.665895e-02 9.996445e-01 -4.911337e-04
    outer loop
      vertex   -1.240641e+01 -2.724879e+01 -1.857701e+01
      vertex   -1.272020e+01 -2.724325e+01 -2.435130e+01
      vertex   -1.278785e+01 -2.723862e+01 -1.858715e+01
    endloop
  endfacet
  facet normal 1.288627e-01 9.916622e-01 7.146554e-04
    outer loop
      vertex   -1.278785e+01 -2.723862e+01 -1.858715e+01
      vertex   -1.272020e+01 -2.724325e+01 -2.435130e+01
      vertex   -1.316839e+01 -2.718913e+01 -1.863488e+01
    endloop
  endfacet
  facet normal 1.312568e-01 9.913480e-01 9.053323e-04
    outer loop
      vertex   -1.316839e+01 -2.718913e+01 -1.863488e+01
      vertex   -1.272020e+01 -2.724325e+01 -2.435130e+01
      vertex   -1.325162e+01 -2.717287e+01 -2.437789e+01
    endloop
  endfacet
  facet normal 2.279505e-01 9.736726e-01 -5.460924e-04
    outer loop
      vertex   -1.316839e+01 -2.718913e+01 -1.863488e+01
      vertex   -1.325162e+01 -2.717287e+01 -2.437789e+01
      vertex   -1.354220e+01 -2.710166e+01 -1.871564e+01
    endloop
  endfacet
  facet normal 2.695075e-01 9.629968e-01 1.720837e-03
    outer loop
      vertex   -1.354220e+01 -2.710166e+01 -1.871564e+01
      vertex   -1.325162e+01 -2.717287e+01 -2.437789e+01
      vertex   -1.377635e+01 -2.702592e+01 -2.443076e+01
    endloop
  endfacet
  facet normal 3.253453e-01 9.455949e-01 -7.974132e-04
    outer loop
      vertex   -1.354220e+01 -2.710166e+01 -1.871564e+01
      vertex   -1.377635e+01 -2.702592e+01 -2.443076e+01
      vertex   -1.390322e+01 -2.697754e+01 -1.882486e+01
    endloop
  endfacet
  facet normal 4.082039e-01 9.128898e-01 1.360043e-03
    outer loop
      vertex   -1.390322e+01 -2.697754e+01 -1.882486e+01
      vertex   -1.377635e+01 -2.702592e+01 -2.443076e+01
      vertex   -1.427417e+01 -2.680321e+01 -2.450624e+01
    endloop
  endfacet
  facet normal 4.209916e-01 9.070644e-01 3.463331e-04
    outer loop
      vertex   -1.390322e+01 -2.697754e+01 -1.882486e+01
      vertex   -1.427417e+01 -2.680321e+01 -2.450624e+01
      vertex   -1.424593e+01 -2.681843e+01 -1.895674e+01
    endloop
  endfacet
  facet normal 5.099572e-01 8.601998e-01 -2.350432e-04
    outer loop
      vertex   -1.424593e+01 -2.681843e+01 -1.895674e+01
      vertex   -1.427417e+01 -2.680321e+01 -2.450624e+01
      vertex   -1.456673e+01 -2.662829e+01 -1.910291e+01
    endloop
  endfacet
  facet normal 5.354684e-01 8.445537e-01 1.652710e-03
    outer loop
      vertex   -1.456673e+01 -2.662829e+01 -1.910291e+01
      vertex   -1.427417e+01 -2.680321e+01 -2.450624e+01
      vertex   -1.472931e+01 -2.651446e+01 -2.459562e+01
    endloop
  endfacet
  facet normal 5.909809e-01 8.066852e-01 -7.752977e-04
    outer loop
      vertex   -1.456673e+01 -2.662829e+01 -1.910291e+01
      vertex   -1.472931e+01 -2.651446e+01 -2.459562e+01
      vertex   -1.486205e+01 -2.641208e+01 -1.925602e+01
    endloop
  endfacet
  facet normal 6.480258e-01 7.616169e-01 1.506836e-03
    outer loop
      vertex   -1.486205e+01 -2.641208e+01 -1.925602e+01
      vertex   -1.472931e+01 -2.651446e+01 -2.459562e+01
      vertex   -1.512832e+01 -2.617478e+01 -2.468894e+01
    endloop
  endfacet
  facet normal 6.653369e-01 7.465432e-01 0.000000e+00
    outer loop
      vertex   -1.486205e+01 -2.641208e+01 -1.925602e+01
      vertex   -1.512832e+01 -2.617478e+01 -2.468894e+01
      vertex   -1.512832e+01 -2.617478e+01 -1.940872e+01
    endloop
  endfacet
  facet normal -9.750892e-01 -2.217950e-01 2.846721e-03
    outer loop
      vertex   -8.782287e+00 -2.300897e+01 -2.500000e+01
      vertex   -8.888226e+00 -2.249124e+01 -2.094994e+01
      vertex   -8.935670e+00 -2.233464e+01 -2.500000e+01
    endloop
  endfacet
  facet normal -9.425369e-01 -3.340969e-01 -1.876882e-03
    outer loop
      vertex   -8.935670e+00 -2.233464e+01 -2.500000e+01
      vertex   -8.888226e+00 -2.249124e+01 -2.094994e+01
      vertex   -9.062265e+00 -2.200184e+01 -2.066739e+01
    endloop
  endfacet
  facet normal -9.177781e-01 -3.970765e-01 3.684212e-03
    outer loop
      vertex   -8.935670e+00 -2.233464e+01 -2.500000e+01
      vertex   -9.062265e+00 -2.200184e+01 -2.066739e+01
      vertex   -9.210271e+00 -2.169995e+01 -2.500000e+01
    endloop
  endfacet
  facet normal -8.872897e-01 -4.612090e-01 -1.826021e-03
    outer loop
      vertex   -9.210271e+00 -2.169995e+01 -2.500000e+01
      vertex   -9.062265e+00 -2.200184e+01 -2.066739e+01
      vertex   -9.302260e+00 -2.154118e+01 -2.040143e+01
    endloop
  endfacet
  facet normal -8.292600e-01 -5.588564e-01 2.706023e-03
    outer loop
      vertex   -9.210271e+00 -2.169995e+01 -2.500000e+01
      vertex   -9.302260e+00 -2.154118e+01 -2.040143e+01
      vertex   -9.596751e+00 -2.112647e+01 -2.500000e+01
    endloop
  endfacet
  facet normal -8.145482e-01 -5.800959e-01 -1.515734e-04
    outer loop
      vertex   -9.596751e+00 -2.112647e+01 -2.500000e+01
      vertex   -9.302260e+00 -2.154118e+01 -2.040143e+01
      vertex   -9.603607e+00 -2.111811e+01 -2.015716e+01
    endloop
  endfacet
  facet normal -7.264814e-01 -6.871861e-01 1.579841e-04
    outer loop
      vertex   -9.596751e+00 -2.112647e+01 -2.500000e+01
      vertex   -9.603607e+00 -2.111811e+01 -2.015716e+01
      vertex   -9.960524e+00 -2.074073e+01 -1.993928e+01
    endloop
  endfacet
  facet normal -7.125380e-01 -7.016299e-01 2.261201e-03
    outer loop
      vertex   -9.596751e+00 -2.112647e+01 -2.500000e+01
      vertex   -9.960524e+00 -2.074073e+01 -1.993928e+01
      vertex   -1.008197e+01 -2.063371e+01 -2.500000e+01
    endloop
  endfacet
  facet normal -6.250320e-01 -7.805977e-01 -1.508639e-03
    outer loop
      vertex   -1.008197e+01 -2.063371e+01 -2.500000e+01
      vertex   -9.960524e+00 -2.074073e+01 -1.993928e+01
      vertex   -1.036616e+01 -2.041629e+01 -1.975197e+01
    endloop
  endfacet
  facet normal -5.715814e-01 -8.205397e-01 3.040612e-03
    outer loop
      vertex   -1.008197e+01 -2.063371e+01 -2.500000e+01
      vertex   -1.036616e+01 -2.041629e+01 -1.975197e+01
      vertex   -1.064942e+01 -2.023843e+01 -2.500000e+01
    endloop
  endfacet
  facet normal -5.110962e-01 -8.595221e-01 -1.545120e-03
    outer loop
      vertex   -1.064942e+01 -2.023843e+01 -2.500000e+01
      vertex   -1.036616e+01 -2.041629e+01 -1.975197e+01
      vertex   -1.081274e+01 -2.015102e+01 -1.959881e+01
    endloop
  endfacet
  facet normal -4.111885e-01 -9.115474e-01 2.317977e-03
    outer loop
      vertex   -1.064942e+01 -2.023843e+01 -2.500000e+01
      vertex   -1.081274e+01 -2.015102e+01 -1.959881e+01
      vertex   -1.127980e+01 -1.995407e+01 -2.500000e+01
    endloop
  endfacet
  facet normal -3.870357e-01 -9.220647e-01 -1.540878e-04
    outer loop
      vertex   -1.127980e+01 -1.995407e+01 -2.500000e+01
      vertex   -1.081274e+01 -2.015102e+01 -1.959881e+01
      vertex   -1.129170e+01 -1.995000e+01 -1.948275e+01
    endloop
  endfacet
  facet normal -2.421529e-01 -9.702381e-01 1.938260e-04
    outer loop
      vertex   -1.127980e+01 -1.995407e+01 -2.500000e+01
      vertex   -1.129170e+01 -1.995000e+01 -1.948275e+01
      vertex   -1.189269e+01 -1.979999e+01 -1.939356e+01
    endloop
  endfacet
  facet normal -2.368111e-01 -9.715554e-01 8.139843e-04
    outer loop
      vertex   -1.127980e+01 -1.995407e+01 -2.500000e+01
      vertex   -1.189269e+01 -1.979999e+01 -1.939356e+01
      vertex   -1.195168e+01 -1.979030e+01 -2.500000e+01
    endloop
  endfacet
  facet normal -8.210743e-02 -9.966231e-01 -8.571052e-04
    outer loop
      vertex   -1.195168e+01 -1.979030e+01 -2.500000e+01
      vertex   -1.189269e+01 -1.979999e+01 -1.939356e+01
      vertex   -1.249974e+01 -1.975000e+01 -1.936212e+01
    endloop
  endfacet
  facet normal -5.437912e-02 -9.985186e-01 1.851921e-03
    outer loop
      vertex   -1.195168e+01 -1.979030e+01 -2.500000e+01
      vertex   -1.249974e+01 -1.975000e+01 -1.936212e+01
      vertex   -1.264221e+01 -1.975270e+01 -2.500000e+01
    endloop
  endfacet
  facet normal 8.204098e-02 -9.966277e-01 -1.596341e-03
    outer loop
      vertex   -1.264221e+01 -1.975270e+01 -2.500000e+01
      vertex   -1.249974e+01 -1.975000e+01 -1.936212e+01
      vertex   -1.310696e+01 -1.979994e+01 -1.939353e+01
    endloop
  endfacet
  facet normal 1.299018e-01 -9.915239e-01 2.414099e-03
    outer loop
      vertex   -1.264221e+01 -1.975270e+01 -2.500000e+01
      vertex   -1.310696e+01 -1.979994e+01 -1.939353e+01
      vertex   -1.332790e+01 -1.984253e+01 -2.500000e+01
    endloop
  endfacet
  facet normal 2.424284e-01 -9.701668e-01 -2.182676e-03
    outer loop
      vertex   -1.332790e+01 -1.984253e+01 -2.500000e+01
      vertex   -1.310696e+01 -1.979994e+01 -1.939353e+01
      vertex   -1.370830e+01 -1.995000e+01 -1.948275e+01
    endloop
  endfacet
  facet normal 3.097645e-01 -9.508091e-01 2.837042e-03
    outer loop
      vertex   -1.332790e+01 -1.984253e+01 -2.500000e+01
      vertex   -1.370830e+01 -1.995000e+01 -1.948275e+01
      vertex   -1.398544e+01 -2.005675e+01 -2.500000e+01
    endloop
  endfacet
  facet normal 3.749408e-01 -9.270483e-01 -8.965671e-04
    outer loop
      vertex   -1.398544e+01 -2.005675e+01 -2.500000e+01
      vertex   -1.370830e+01 -1.995000e+01 -1.948275e+01
      vertex   -1.409799e+01 -2.010752e+01 -1.957370e+01
    endloop
  endfacet
  facet normal 4.757621e-01 -8.795725e-01 1.638696e-03
    outer loop
      vertex   -1.398544e+01 -2.005675e+01 -2.500000e+01
      vertex   -1.409799e+01 -2.010752e+01 -1.957370e+01
      vertex   -1.446759e+01 -2.030765e+01 -1.968925e+01
    endloop
  endfacet
  facet normal 4.790937e-01 -8.777614e-01 2.026722e-03
    outer loop
      vertex   -1.398544e+01 -2.005675e+01 -2.500000e+01
      vertex   -1.446759e+01 -2.030765e+01 -1.968925e+01
      vertex   -1.459246e+01 -2.038807e+01 -2.500000e+01
    endloop
  endfacet
  facet normal 5.718517e-01 -8.203564e-01 -1.023469e-03
    outer loop
      vertex   -1.459246e+01 -2.038807e+01 -2.500000e+01
      vertex   -1.446759e+01 -2.030765e+01 -1.968925e+01
      vertex   -1.481248e+01 -2.054789e+01 -1.982795e+01
    endloop
  endfacet
  facet normal 6.321275e-01 -7.748588e-01 2.946625e-03
    outer loop
      vertex   -1.459246e+01 -2.038807e+01 -2.500000e+01
      vertex   -1.481248e+01 -2.054789e+01 -1.982795e+01
      vertex   -1.512832e+01 -2.082522e+01 -2.500000e+01
    endloop
  endfacet
  facet normal 6.598103e-01 -7.514322e-01 0.000000e+00
    outer loop
      vertex   -1.512832e+01 -2.082522e+01 -2.500000e+01
      vertex   -1.481248e+01 -2.054789e+01 -1.982795e+01
      vertex   -1.512832e+01 -2.082522e+01 -1.998806e+01
    endloop
  endfacet
  facet normal 6.782055e-01 -7.348723e-01 0.000000e+00
    outer loop
      vertex   -1.512832e+01 -2.082522e+01 9.500000e+00
      vertex   -1.512832e+01 -2.082522e+01 -8.500848e+00
      vertex   -1.495573e+01 -2.066594e+01 -1.589755e-01
    endloop
  endfacet
  facet normal 6.468081e-01 -7.626519e-01 1.180036e-03
    outer loop
      vertex   -1.495573e+01 -2.066594e+01 -1.589755e-01
      vertex   -1.512832e+01 -2.082522e+01 -8.500848e+00
      vertex   -1.471518e+01 -2.047506e+01 -8.647472e+00
    endloop
  endfacet
  facet normal 5.800559e-01 -8.145745e-01 -1.879132e-03
    outer loop
      vertex   -1.495573e+01 -2.066594e+01 -1.589755e-01
      vertex   -1.471518e+01 -2.047506e+01 -8.647472e+00
      vertex   -1.437500e+01 -2.025240e+01 -1.589755e-01
    endloop
  endfacet
  facet normal 5.299397e-01 -8.480347e-01 1.006989e-03
    outer loop
      vertex   -1.437500e+01 -2.025240e+01 -1.589755e-01
      vertex   -1.471518e+01 -2.047506e+01 -8.647472e+00
      vertex   -1.424239e+01 -2.017979e+01 -8.791264e+00
    endloop
  endfacet
  facet normal 4.640116e-01 -8.858291e-01 -3.237553e-04
    outer loop
      vertex   -1.437500e+01 -2.025240e+01 -1.589755e-01
      vertex   -1.424239e+01 -2.017979e+01 -8.791264e+00
      vertex   -1.409907e+01 -2.010797e+01 1.037957e-01
    endloop
  endfacet
  facet normal 4.554763e-01 -8.902479e-01 -1.505596e-04
    outer loop
      vertex   -1.409907e+01 -2.010797e+01 1.037957e-01
      vertex   -1.424239e+01 -2.017979e+01 -8.791264e+00
      vertex   -1.408468e+01 -2.010051e+01 -4.247270e-01
    endloop
  endfacet
  facet normal 4.324673e-01 -9.016495e-01 3.912034e-04
    outer loop
      vertex   -1.408468e+01 -2.010051e+01 -4.247270e-01
      vertex   -1.424239e+01 -2.017979e+01 -8.791264e+00
      vertex   -1.402284e+01 -2.007108e+01 -9.581657e-01
    endloop
  endfacet
  facet normal 3.977496e-01 -9.174927e-01 1.584173e-03
    outer loop
      vertex   -1.402284e+01 -2.007108e+01 -9.581657e-01
      vertex   -1.424239e+01 -2.017979e+01 -8.791264e+00
      vertex   -1.391375e+01 -2.002471e+01 -1.489998e+00
    endloop
  endfacet
  facet normal 3.971101e-01 -9.177696e-01 1.618839e-03
    outer loop
      vertex   -1.391375e+01 -2.002471e+01 -1.489998e+00
      vertex   -1.424239e+01 -2.017979e+01 -8.791264e+00
      vertex   -1.372369e+01 -1.995557e+01 -8.913873e+00
    endloop
  endfacet
  facet normal 3.503812e-01 -9.366072e-01 2.470985e-04
    outer loop
      vertex   -1.391375e+01 -2.002471e+01 -1.489998e+00
      vertex   -1.372369e+01 -1.995557e+01 -8.913873e+00
      vertex   -1.375761e+01 -1.996644e+01 -2.013276e+00
    endloop
  endfacet
  facet normal 3.052760e-01 -9.522639e-01 7.035797e-07
    outer loop
      vertex   -1.375761e+01 -1.996644e+01 -2.013276e+00
      vertex   -1.372369e+01 -1.995557e+01 -8.913873e+00
      vertex   -1.355463e+01 -1.990137e+01 -2.521063e+00
    endloop
  endfacet
  facet normal 2.500273e-01 -9.682375e-01 1.597192e-03
    outer loop
      vertex   -1.355463e+01 -1.990137e+01 -2.521063e+00
      vertex   -1.372369e+01 -1.995557e+01 -8.913873e+00
      vertex   -1.330624e+01 -1.983802e+01 -3.007404e+00
    endloop
  endfacet
  facet normal 2.530501e-01 -9.674522e-01 1.367922e-03
    outer loop
      vertex   -1.330624e+01 -1.983802e+01 -3.007404e+00
      vertex   -1.372369e+01 -1.995557e+01 -8.913873e+00
      vertex   -1.317572e+01 -1.981236e+01 -8.998555e+00
    endloop
  endfacet
  facet normal 1.751350e-01 -9.845443e-01 -4.026606e-04
    outer loop
      vertex   -1.330624e+01 -1.983802e+01 -3.007404e+00
      vertex   -1.317572e+01 -1.981236e+01 -8.998555e+00
      vertex   -1.301676e+01 -1.978634e+01 -3.467785e+00
    endloop
  endfacet
  facet normal 1.081098e-01 -9.941377e-01 1.568905e-03
    outer loop
      vertex   -1.301676e+01 -1.978634e+01 -3.467785e+00
      vertex   -1.317572e+01 -1.981236e+01 -8.998555e+00
      vertex   -1.262034e+01 -1.975202e+01 -9.036549e+00
    endloop
  endfacet
  facet normal 9.582891e-02 -9.953976e-01 6.869152e-04
    outer loop
      vertex   -1.301676e+01 -1.978634e+01 -3.467785e+00
      vertex   -1.262034e+01 -1.975202e+01 -9.036549e+00
      vertex   -1.269093e+01 -1.975527e+01 -3.897748e+00
    endloop
  endfacet
  facet normal 3.569824e-03 -9.999935e-01 -5.833710e-04
    outer loop
      vertex   -1.269093e+01 -1.975527e+01 -3.897748e+00
      vertex   -1.262034e+01 -1.975202e+01 -9.036549e+00
      vertex   -1.233351e+01 -1.975376e+01 -4.292834e+00
    endloop
  endfacet
  facet normal -4.280731e-02 -9.990809e-01 2.221196e-03
    outer loop
      vertex   -1.233351e+01 -1.975376e+01 -4.292834e+00
      vertex   -1.262034e+01 -1.975202e+01 -9.036549e+00
      vertex   -1.206789e+01 -1.977566e+01 -9.021387e+00
    endloop
  endfacet
  facet normal -9.754198e-02 -9.952310e-01 -8.712148e-04
    outer loop
      vertex   -1.233351e+01 -1.975376e+01 -4.292834e+00
      vertex   -1.206789e+01 -1.977566e+01 -9.021387e+00
      vertex   -1.194397e+01 -1.979163e+01 -4.653138e+00
    endloop
  endfacet
  facet normal -1.899761e-01 -9.817871e-01 1.800196e-03
    outer loop
      vertex   -1.194397e+01 -1.979163e+01 -4.653138e+00
      vertex   -1.206789e+01 -1.977566e+01 -9.021387e+00
      vertex   -1.151422e+01 -1.988267e+01 -8.956234e+00
    endloop
  endfacet
  facet normal -2.065912e-01 -9.784273e-01 6.977562e-05
    outer loop
      vertex   -1.194397e+01 -1.979163e+01 -4.653138e+00
      vertex   -1.151422e+01 -1.988267e+01 -8.956234e+00
      vertex   -1.150795e+01 -1.988371e+01 -4.990204e+00
    endloop
  endfacet
  facet normal -3.259248e-01 -9.453957e-01 2.670323e-04
    outer loop
      vertex   -1.150795e+01 -1.988371e+01 -4.990204e+00
      vertex   -1.151422e+01 -1.988267e+01 -8.956234e+00
      vertex   -1.105000e+01 -2.004168e+01 -5.282755e+00
    endloop
  endfacet
  facet normal -3.340626e-01 -9.425498e-01 1.418600e-03
    outer loop
      vertex   -1.105000e+01 -2.004168e+01 -5.282755e+00
      vertex   -1.151422e+01 -1.988267e+01 -8.956234e+00
      vertex   -1.098047e+01 -2.007169e+01 -8.848846e+00
    endloop
  endfacet
  facet normal -4.538400e-01 -8.910822e-01 -1.349930e-03
    outer loop
      vertex   -1.105000e+01 -2.004168e+01 -5.282755e+00
      vertex   -1.098047e+01 -2.007169e+01 -8.848846e+00
      vertex   -1.055998e+01 -2.029082e+01 -5.565666e+00
    endloop
  endfacet
  facet normal -4.741724e-01 -8.804298e-01 1.965073e-03
    outer loop
      vertex   -1.055998e+01 -2.029082e+01 -5.565666e+00
      vertex   -1.098047e+01 -2.007169e+01 -8.848846e+00
      vertex   -1.048601e+01 -2.033768e+01 -8.712075e+00
    endloop
  endfacet
  facet normal -5.792378e-01 -8.151573e-01 -1.477412e-03
    outer loop
      vertex   -1.055998e+01 -2.029082e+01 -5.565666e+00
      vertex   -1.048601e+01 -2.033768e+01 -8.712075e+00
      vertex   -1.011166e+01 -2.060893e+01 -5.824508e+00
    endloop
  endfacet
  facet normal -5.973766e-01 -8.019581e-01 2.113980e-03
    outer loop
      vertex   -1.011166e+01 -2.060893e+01 -5.824508e+00
      vertex   -1.048601e+01 -2.033768e+01 -8.712075e+00
      vertex   -1.004482e+01 -2.066594e+01 -8.564410e+00
    endloop
  endfacet
  facet normal -6.922482e-01 -7.216571e-01 -1.871182e-03
    outer loop
      vertex   -1.011166e+01 -2.060893e+01 -5.824508e+00
      vertex   -1.004482e+01 -2.066594e+01 -8.564410e+00
      vertex   -9.714651e+00 -2.098916e+01 -6.053719e+00
    endloop
  endfacet
  facet normal -7.074430e-01 -7.067674e-01 2.043869e-03
    outer loop
      vertex   -9.714651e+00 -2.098916e+01 -6.053719e+00
      vertex   -1.004482e+01 -2.066594e+01 -8.564410e+00
      vertex   -9.666107e+00 -2.104460e+01 -8.422070e+00
    endloop
  endfacet
  facet normal -7.902384e-01 -6.127968e-01 -1.852875e-03
    outer loop
      vertex   -9.714651e+00 -2.098916e+01 -6.053719e+00
      vertex   -9.666107e+00 -2.104460e+01 -8.422070e+00
      vertex   -9.377501e+00 -2.142334e+01 -6.248373e+00
    endloop
  endfacet
  facet normal -8.030511e-01 -5.959036e-01 2.791785e-03
    outer loop
      vertex   -9.377501e+00 -2.142334e+01 -6.248373e+00
      vertex   -9.666107e+00 -2.104460e+01 -8.422070e+00
      vertex   -9.336221e+00 -2.148854e+01 -8.290697e+00
    endloop
  endfacet
  facet normal -8.712850e-01 -4.907735e-01 -1.943487e-03
    outer loop
      vertex   -9.377501e+00 -2.142334e+01 -6.248373e+00
      vertex   -9.336221e+00 -2.148854e+01 -8.290697e+00
      vertex   -9.107450e+00 -2.190216e+01 -6.404287e+00
    endloop
  endfacet
  facet normal -8.816021e-01 -4.719810e-01 3.428151e-03
    outer loop
      vertex   -9.107450e+00 -2.190216e+01 -6.404287e+00
      vertex   -9.336221e+00 -2.148854e+01 -8.290697e+00
      vertex   -9.068182e+00 -2.198843e+01 -8.184480e+00
    endloop
  endfacet
  facet normal -9.337131e-01 -3.580073e-01 -3.245116e-03
    outer loop
      vertex   -9.107450e+00 -2.190216e+01 -6.404287e+00
      vertex   -9.068182e+00 -2.198843e+01 -8.184480e+00
      vertex   -8.910301e+00 -2.241530e+01 -6.518110e+00
    endloop
  endfacet
  facet normal -9.438800e-01 -3.302533e-01 4.827841e-03
    outer loop
      vertex   -8.910301e+00 -2.241530e+01 -6.518110e+00
      vertex   -9.068182e+00 -2.198843e+01 -8.184480e+00
      vertex   -8.878949e+00 -2.252831e+01 -8.119003e+00
    endloop
  endfacet
  facet normal -9.759750e-01 -2.178507e-01 -3.735469e-03
    outer loop
      vertex   -8.910301e+00 -2.241530e+01 -6.518110e+00
      vertex   -8.878949e+00 -2.252831e+01 -8.119003e+00
      vertex   -8.790292e+00 -2.295176e+01 -6.587398e+00
    endloop
  endfacet
  facet normal -9.826559e-01 -1.853527e-01 5.636061e-03
    outer loop
      vertex   -8.790292e+00 -2.295176e+01 -6.587398e+00
      vertex   -8.878949e+00 -2.252831e+01 -8.119003e+00
      vertex   -8.773656e+00 -2.308599e+01 -8.101239e+00
    endloop
  endfacet
  facet normal -9.973141e-01 -7.310587e-02 -4.477758e-03
    outer loop
      vertex   -8.790292e+00 -2.295176e+01 -6.587398e+00
      vertex   -8.773656e+00 -2.308599e+01 -8.101239e+00
      vertex   -8.750000e+00 -2.350000e+01 -6.610661e+00
    endloop
  endfacet
  facet normal -9.992511e-01 -3.834236e-02 5.208559e-03
    outer loop
      vertex   -8.750000e+00 -2.350000e+01 -6.610661e+00
      vertex   -8.773656e+00 -2.308599e+01 -8.101239e+00
      vertex   -8.752649e+00 -2.363785e+01 -8.133546e+00
    endloop
  endfacet
  facet normal -9.973135e-01 7.308870e-02 -4.881471e-03
    outer loop
      vertex   -8.750000e+00 -2.350000e+01 -6.610661e+00
      vertex   -8.752649e+00 -2.363785e+01 -8.133546e+00
      vertex   -8.790292e+00 -2.404824e+01 -6.587398e+00
    endloop
  endfacet
  facet normal -9.937826e-01 1.112104e-01 5.322982e-03
    outer loop
      vertex   -8.790292e+00 -2.404824e+01 -6.587398e+00
      vertex   -8.752649e+00 -2.363785e+01 -8.133546e+00
      vertex   -8.814647e+00 -2.418785e+01 -8.217720e+00
    endloop
  endfacet
  facet normal -9.759829e-01 2.178091e-01 -4.071325e-03
    outer loop
      vertex   -8.790292e+00 -2.404824e+01 -6.587398e+00
      vertex   -8.814647e+00 -2.418785e+01 -8.217720e+00
      vertex   -8.910301e+00 -2.458470e+01 -6.518110e+00
    endloop
  endfacet
  facet normal -9.672721e-01 2.536961e-01 4.798295e-03
    outer loop
      vertex   -8.910301e+00 -2.458470e+01 -6.518110e+00
      vertex   -8.814647e+00 -2.418785e+01 -8.217720e+00
      vertex   -8.956507e+00 -2.472622e+01 -8.349673e+00
    endloop
  endfacet
  facet normal -9.337732e-01 3.578420e-01 -4.094344e-03
    outer loop
      vertex   -8.910301e+00 -2.458470e+01 -6.518110e+00
      vertex   -8.956507e+00 -2.472622e+01 -8.349673e+00
      vertex   -9.107450e+00 -2.509784e+01 -6.404287e+00
    endloop
  endfacet
  facet normal -9.189290e-01 3.944023e-01 4.041394e-03
    outer loop
      vertex   -9.107450e+00 -2.509784e+01 -6.404287e+00
      vertex   -8.956507e+00 -2.472622e+01 -8.349673e+00
      vertex   -9.174635e+00 -2.523266e+01 -8.523503e+00
    endloop
  endfacet
  facet normal -8.715071e-01 4.903700e-01 -3.567309e-03
    outer loop
      vertex   -9.107450e+00 -2.509784e+01 -6.404287e+00
      vertex   -9.174635e+00 -2.523266e+01 -8.523503e+00
      vertex   -9.377501e+00 -2.557666e+01 -6.248373e+00
    endloop
  endfacet
  facet normal -8.514379e-01 5.244445e-01 3.374134e-03
    outer loop
      vertex   -9.377501e+00 -2.557666e+01 -6.248373e+00
      vertex   -9.174635e+00 -2.523266e+01 -8.523503e+00
      vertex   -9.458420e+00 -2.569208e+01 -8.726768e+00
    endloop
  endfacet
  facet normal -7.904252e-01 6.125525e-01 -2.721389e-03
    outer loop
      vertex   -9.377501e+00 -2.557666e+01 -6.248373e+00
      vertex   -9.458420e+00 -2.569208e+01 -8.726768e+00
      vertex   -9.714651e+00 -2.601084e+01 -6.053719e+00
    endloop
  endfacet
  facet normal -7.701389e-01 6.378723e-01 2.242587e-03
    outer loop
      vertex   -9.714651e+00 -2.601084e+01 -6.053719e+00
      vertex   -9.458420e+00 -2.569208e+01 -8.726768e+00
      vertex   -9.791430e+00 -2.609339e+01 -8.942580e+00
    endloop
  endfacet
  facet normal -6.923515e-01 7.215570e-01 -2.215914e-03
    outer loop
      vertex   -9.714651e+00 -2.601084e+01 -6.053719e+00
      vertex   -9.791430e+00 -2.609339e+01 -8.942580e+00
      vertex   -1.011166e+01 -2.639107e+01 -5.824508e+00
    endloop
  endfacet
  facet normal -6.732689e-01 7.393963e-01 1.447021e-03
    outer loop
      vertex   -1.011166e+01 -2.639107e+01 -5.824508e+00
      vertex   -9.791430e+00 -2.609339e+01 -8.942580e+00
      vertex   -1.016987e+01 -2.643755e+01 -9.161371e+00
    endloop
  endfacet
  facet normal -5.791510e-01 8.152193e-01 -1.250830e-03
    outer loop
      vertex   -1.011166e+01 -2.639107e+01 -5.824508e+00
      vertex   -1.016987e+01 -2.643755e+01 -9.161371e+00
      vertex   -1.055998e+01 -2.670918e+01 -5.565666e+00
    endloop
  endfacet
  facet normal -5.647861e-01 8.252367e-01 1.064450e-03
    outer loop
      vertex   -1.055998e+01 -2.670918e+01 -5.565666e+00
      vertex   -1.016987e+01 -2.643755e+01 -9.161371e+00
      vertex   -1.060733e+01 -2.673667e+01 -9.379063e+00
    endloop
  endfacet
  facet normal -4.535843e-01 8.912130e-01 -7.918511e-04
    outer loop
      vertex   -1.055998e+01 -2.670918e+01 -5.565666e+00
      vertex   -1.060733e+01 -2.673667e+01 -9.379063e+00
      vertex   -1.105000e+01 -2.695832e+01 -5.282755e+00
    endloop
  endfacet
  facet normal -4.421953e-01 8.969185e-01 7.476414e-04
    outer loop
      vertex   -1.105000e+01 -2.695832e+01 -5.282755e+00
      vertex   -1.060733e+01 -2.673667e+01 -9.379063e+00
      vertex   -1.109389e+01 -2.697639e+01 -9.574154e+00
    endloop
  endfacet
  facet normal -3.264423e-01 9.452169e-01 -6.396093e-04
    outer loop
      vertex   -1.105000e+01 -2.695832e+01 -5.282755e+00
      vertex   -1.109389e+01 -2.697639e+01 -9.574154e+00
      vertex   -1.150795e+01 -2.711629e+01 -4.990204e+00
    endloop
  endfacet
  facet normal -3.049926e-01 9.523535e-01 1.515723e-03
    outer loop
      vertex   -1.150795e+01 -2.711629e+01 -4.990204e+00
      vertex   -1.109389e+01 -2.697639e+01 -9.574154e+00
      vertex   -1.161824e+01 -2.714407e+01 -9.723074e+00
    endloop
  endfacet
  facet normal -2.073180e-01 9.782732e-01 -9.124391e-04
    outer loop
      vertex   -1.150795e+01 -2.711629e+01 -4.990204e+00
      vertex   -1.161824e+01 -2.714407e+01 -9.723074e+00
      vertex   -1.194397e+01 -2.720837e+01 -4.653138e+00
    endloop
  endfacet
  facet normal -1.638340e-01 9.864859e-01 1.985447e-03
    outer loop
      vertex   -1.194397e+01 -2.720837e+01 -4.653138e+00
      vertex   -1.161824e+01 -2.714407e+01 -9.723074e+00
      vertex   -1.216364e+01 -2.723448e+01 -9.808780e+00
    endloop
  endfacet
  facet normal -9.755271e-02 9.952300e-01 -8.829219e-04
    outer loop
      vertex   -1.194397e+01 -2.720837e+01 -4.653138e+00
      vertex   -1.216364e+01 -2.723448e+01 -9.808780e+00
      vertex   -1.233351e+01 -2.724624e+01 -4.292834e+00
    endloop
  endfacet
  facet normal -1.692121e-02 9.998555e-01 1.610045e-03
    outer loop
      vertex   -1.233351e+01 -2.724624e+01 -4.292834e+00
      vertex   -1.216364e+01 -2.723448e+01 -9.808780e+00
      vertex   -1.271286e+01 -2.724376e+01 -9.817951e+00
    endloop
  endfacet
  facet normal 4.377930e-03 9.999904e-01 1.477151e-04
    outer loop
      vertex   -1.233351e+01 -2.724624e+01 -4.292834e+00
      vertex   -1.271286e+01 -2.724376e+01 -9.817951e+00
      vertex   -1.269093e+01 -2.724473e+01 -3.897748e+00
    endloop
  endfacet
  facet normal 9.468548e-02 9.955072e-01 -1.874980e-04
    outer loop
      vertex   -1.269093e+01 -2.724473e+01 -3.897748e+00
      vertex   -1.271286e+01 -2.724376e+01 -9.817951e+00
      vertex   -1.301676e+01 -2.721366e+01 -3.467785e+00
    endloop
  endfacet
  facet normal 1.314228e-01 9.913251e-01 1.590450e-03
    outer loop
      vertex   -1.301676e+01 -2.721366e+01 -3.467785e+00
      vertex   -1.271286e+01 -2.724376e+01 -9.817951e+00
      vertex   -1.326004e+01 -2.717133e+01 -9.748368e+00
    endloop
  endfacet
  facet normal 1.755040e-01 9.844787e-01 -1.632505e-04
    outer loop
      vertex   -1.301676e+01 -2.721366e+01 -3.467785e+00
      vertex   -1.326004e+01 -2.717133e+01 -9.748368e+00
      vertex   -1.330624e+01 -2.716198e+01 -3.007404e+00
    endloop
  endfacet
  facet normal 2.477422e-01 9.688259e-01 3.534808e-04
    outer loop
      vertex   -1.330624e+01 -2.716198e+01 -3.007404e+00
      vertex   -1.326004e+01 -2.717133e+01 -9.748368e+00
      vertex   -1.355463e+01 -2.709863e+01 -2.521063e+00
    endloop
  endfacet
  facet normal 2.733250e-01 9.619206e-01 1.465697e-03
    outer loop
      vertex   -1.355463e+01 -2.709863e+01 -2.521063e+00
      vertex   -1.326004e+01 -2.717133e+01 -9.748368e+00
      vertex   -1.379024e+01 -2.702088e+01 -9.612658e+00
    endloop
  endfacet
  facet normal 3.058991e-01 9.520639e-01 2.753999e-04
    outer loop
      vertex   -1.355463e+01 -2.709863e+01 -2.521063e+00
      vertex   -1.379024e+01 -2.702088e+01 -9.612658e+00
      vertex   -1.375761e+01 -2.703356e+01 -2.013276e+00
    endloop
  endfacet
  facet normal 3.498348e-01 9.368114e-01 6.131469e-05
    outer loop
      vertex   -1.375761e+01 -2.703356e+01 -2.013276e+00
      vertex   -1.379024e+01 -2.702088e+01 -9.612658e+00
      vertex   -1.391375e+01 -2.697529e+01 -1.489998e+00
    endloop
  endfacet
  facet normal 3.947032e-01 9.188083e-01 8.446009e-04
    outer loop
      vertex   -1.391375e+01 -2.697529e+01 -1.489998e+00
      vertex   -1.379024e+01 -2.702088e+01 -9.612658e+00
      vertex   -1.402284e+01 -2.692892e+01 -9.581657e-01
    endloop
  endfacet
  facet normal 4.120768e-01 9.111481e-01 1.392924e-03
    outer loop
      vertex   -1.402284e+01 -2.692892e+01 -9.581657e-01
      vertex   -1.379024e+01 -2.702088e+01 -9.612658e+00
      vertex   -1.428613e+01 -2.679690e+01 -9.426123e+00
    endloop
  endfacet
  facet normal 4.336805e-01 9.010665e-01 5.640132e-04
    outer loop
      vertex   -1.402284e+01 -2.692892e+01 -9.581657e-01
      vertex   -1.428613e+01 -2.679690e+01 -9.426123e+00
      vertex   -1.408468e+01 -2.689949e+01 -4.247270e-01
    endloop
  endfacet
  facet normal 4.633809e-01 8.861592e-01 -2.706015e-04
    outer loop
      vertex   -1.408468e+01 -2.689949e+01 -4.247270e-01
      vertex   -1.428613e+01 -2.679690e+01 -9.426123e+00
      vertex   -1.437500e+01 -2.674760e+01 -1.589755e-01
    endloop
  endfacet
  facet normal 4.636706e-01 8.860076e-01 1.324972e-04
    outer loop
      vertex   -1.408468e+01 -2.689949e+01 -4.247270e-01
      vertex   -1.437500e+01 -2.674760e+01 -1.589755e-01
      vertex   -1.409907e+01 -2.689203e+01 1.037957e-01
    endloop
  endfacet
  facet normal 4.645069e-01 8.855690e-01 -9.867918e-04
    outer loop
      vertex   -1.409907e+01 -2.689203e+01 1.037957e-01
      vertex   -1.437500e+01 -2.674760e+01 -1.589755e-01
      vertex   -1.396394e+01 -2.695245e+01 9.500000e+00
    endloop
  endfacet
  facet normal 4.625900e-01 8.865718e-01 -9.527745e-04
    outer loop
      vertex   -1.409907e+01 -2.689203e+01 1.037957e-01
      vertex   -1.396394e+01 -2.695245e+01 9.500000e+00
      vertex   -1.406594e+01 -2.690875e+01 6.348295e-01
    endloop
  endfacet
  facet normal 4.166927e-01 9.090473e-01 -3.138765e-04
    outer loop
      vertex   -1.406594e+01 -2.690875e+01 6.348295e-01
      vertex   -1.396394e+01 -2.695245e+01 9.500000e+00
      vertex   -1.398545e+01 -2.694546e+01 1.168464e+00
    endloop
  endfacet
  facet normal 3.758453e-01 9.266824e-01 -1.936319e-04
    outer loop
      vertex   -1.398545e+01 -2.694546e+01 1.168464e+00
      vertex   -1.396394e+01 -2.695245e+01 9.500000e+00
      vertex   -1.385779e+01 -2.699713e+01 1.697753e+00
    endloop
  endfacet
  facet normal 3.347594e-01 9.423033e-01 -8.420817e-04
    outer loop
      vertex   -1.385779e+01 -2.699713e+01 1.697753e+00
      vertex   -1.396394e+01 -2.695245e+01 9.500000e+00
      vertex   -1.368315e+01 -2.705871e+01 2.215749e+00
    endloop
  endfacet
  facet normal 3.023432e-01 9.531965e-01 -2.250534e-03
    outer loop
      vertex   -1.368315e+01 -2.705871e+01 2.215749e+00
      vertex   -1.396394e+01 -2.695245e+01 9.500000e+00
      vertex   -1.329365e+01 -2.716505e+01 9.500000e+00
    endloop
  endfacet
  facet normal 2.876543e-01 9.577333e-01 -1.398861e-03
    outer loop
      vertex   -1.368315e+01 -2.705871e+01 2.215749e+00
      vertex   -1.329365e+01 -2.716505e+01 9.500000e+00
      vertex   -1.346189e+01 -2.712443e+01 2.715660e+00
    endloop
  endfacet
  facet normal 2.193524e-01 9.756456e-01 4.021369e-04
    outer loop
      vertex   -1.346189e+01 -2.712443e+01 2.715660e+00
      vertex   -1.329365e+01 -2.716505e+01 9.500000e+00
      vertex   -1.319673e+01 -2.718424e+01 3.192296e+00
    endloop
  endfacet
  facet normal 1.461584e-01 9.892609e-01 -7.639984e-04
    outer loop
      vertex   -1.319673e+01 -2.718424e+01 3.192296e+00
      vertex   -1.329365e+01 -2.716505e+01 9.500000e+00
      vertex   -1.289235e+01 -2.722887e+01 3.641215e+00
    endloop
  endfacet
  facet normal 1.190724e-01 9.928820e-01 -2.658723e-03
    outer loop
      vertex   -1.289235e+01 -2.722887e+01 3.641215e+00
      vertex   -1.329365e+01 -2.716505e+01 9.500000e+00
      vertex   -1.259546e+01 -2.724878e+01 9.500000e+00
    endloop
  endfacet
  facet normal 5.989575e-02 9.982046e-01 3.580955e-04
    outer loop
      vertex   -1.289235e+01 -2.722887e+01 3.641215e+00
      vertex   -1.259546e+01 -2.724878e+01 9.500000e+00
      vertex   -1.255350e+01 -2.724935e+01 4.057957e+00
    endloop
  endfacet
  facet normal -3.382570e-02 9.994277e-01 -3.647175e-04
    outer loop
      vertex   -1.255350e+01 -2.724935e+01 4.057957e+00
      vertex   -1.259546e+01 -2.724878e+01 9.500000e+00
      vertex   -1.218491e+01 -2.723674e+01 4.438065e+00
    endloop
  endfacet
  facet normal -6.838492e-02 9.976540e-01 -3.171851e-03
    outer loop
      vertex   -1.218491e+01 -2.723674e+01 4.438065e+00
      vertex   -1.259546e+01 -2.724878e+01 9.500000e+00
      vertex   -1.189391e+01 -2.720070e+01 9.500000e+00
    endloop
  endfacet
  facet normal -1.401887e-01 9.901243e-01 1.009653e-03
    outer loop
      vertex   -1.218491e+01 -2.723674e+01 4.438065e+00
      vertex   -1.189391e+01 -2.720070e+01 9.500000e+00
      vertex   -1.177658e+01 -2.717928e+01 4.789791e+00
    endloop
  endfacet
  facet normal -2.513611e-01 9.678916e-01 -1.860696e-03
    outer loop
      vertex   -1.177658e+01 -2.717928e+01 4.789791e+00
      vertex   -1.189391e+01 -2.720070e+01 9.500000e+00
      vertex   -1.132824e+01 -2.706223e+01 5.112027e+00
    endloop
  endfacet
  facet normal -2.534381e-01 9.673492e-01 -2.145577e-03
    outer loop
      vertex   -1.132824e+01 -2.706223e+01 5.112027e+00
      vertex   -1.189391e+01 -2.720070e+01 9.500000e+00
      vertex   -1.121367e+01 -2.702248e+01 9.500000e+00
    endloop
  endfacet
  facet normal -3.760699e-01 9.265902e-01 1.425424e-03
    outer loop
      vertex   -1.132824e+01 -2.706223e+01 5.112027e+00
      vertex   -1.121367e+01 -2.702248e+01 9.500000e+00
      vertex   -1.087071e+01 -2.687695e+01 5.381949e+00
    endloop
  endfacet
  facet normal -4.295772e-01 9.030219e-01 -3.863729e-03
    outer loop
      vertex   -1.087071e+01 -2.687695e+01 5.381949e+00
      vertex   -1.121367e+01 -2.702248e+01 9.500000e+00
      vertex   -1.057867e+01 -2.672040e+01 9.500000e+00
    endloop
  endfacet
  facet normal -4.929833e-01 8.700367e-01 1.886799e-03
    outer loop
      vertex   -1.087071e+01 -2.687695e+01 5.381949e+00
      vertex   -1.057867e+01 -2.672040e+01 9.500000e+00
      vertex   -1.043837e+01 -2.663243e+01 5.591446e+00
    endloop
  endfacet
  facet normal -5.906139e-01 8.069486e-01 -3.037509e-03
    outer loop
      vertex   -1.043837e+01 -2.663243e+01 5.591446e+00
      vertex   -1.057867e+01 -2.672040e+01 9.500000e+00
      vertex   -1.001122e+01 -2.630508e+01 9.500000e+00
    endloop
  endfacet
  facet normal -6.048128e-01 7.963674e-01 -5.995776e-04
    outer loop
      vertex   -1.043837e+01 -2.663243e+01 5.591446e+00
      vertex   -1.001122e+01 -2.630508e+01 9.500000e+00
      vertex   -1.003602e+01 -2.632674e+01 5.750112e+00
    endloop
  endfacet
  facet normal -7.079828e-01 7.062294e-01 6.031550e-04
    outer loop
      vertex   -1.003602e+01 -2.632674e+01 5.750112e+00
      vertex   -1.001122e+01 -2.630508e+01 9.500000e+00
      vertex   -9.667182e+00 -2.595709e+01 5.867749e+00
    endloop
  endfacet
  facet normal -7.308794e-01 6.824958e-01 -3.839421e-03
    outer loop
      vertex   -9.667182e+00 -2.595709e+01 5.867749e+00
      vertex   -1.001122e+01 -2.630508e+01 9.500000e+00
      vertex   -9.531290e+00 -2.579113e+01 9.500000e+00
    endloop
  endfacet
  facet normal -8.003106e-01 5.995802e-01 2.546621e-03
    outer loop
      vertex   -9.667182e+00 -2.595709e+01 5.867749e+00
      vertex   -9.531290e+00 -2.579113e+01 9.500000e+00
      vertex   -9.347625e+00 -2.553089e+01 5.949277e+00
    endloop
  endfacet
  facet normal -8.454438e-01 5.340447e-01 -4.591055e-03
    outer loop
      vertex   -9.347625e+00 -2.553089e+01 5.949277e+00
      vertex   -9.531290e+00 -2.579113e+01 9.500000e+00
      vertex   -9.155748e+00 -2.519661e+01 9.500000e+00
    endloop
  endfacet
  facet normal -8.777885e-01 4.790427e-01 2.335025e-03
    outer loop
      vertex   -9.347625e+00 -2.553089e+01 5.949277e+00
      vertex   -9.155748e+00 -2.519661e+01 9.500000e+00
      vertex   -9.089971e+00 -2.505903e+01 6.002146e+00
    endloop
  endfacet
  facet normal -9.302872e-01 3.668192e-01 -3.066186e-03
    outer loop
      vertex   -9.089971e+00 -2.505903e+01 6.002146e+00
      vertex   -9.155748e+00 -2.519661e+01 9.500000e+00
      vertex   -8.897801e+00 -2.454243e+01 9.500000e+00
    endloop
  endfacet
  facet normal -9.377830e-01 3.472219e-01 2.399528e-04
    outer loop
      vertex   -9.089971e+00 -2.505903e+01 6.002146e+00
      vertex   -8.897801e+00 -2.454243e+01 9.500000e+00
      vertex   -8.902705e+00 -2.455328e+01 6.033922e+00
    endloop
  endfacet
  facet normal -9.771593e-01 2.125067e-01 7.173868e-04
    outer loop
      vertex   -8.902705e+00 -2.455328e+01 6.033922e+00
      vertex   -8.897801e+00 -2.454243e+01 9.500000e+00
      vertex   -8.788578e+00 -2.402855e+01 6.049550e+00
    endloop
  endfacet
  facet normal -9.824130e-01 1.866918e-01 -3.293574e-03
    outer loop
      vertex   -8.788578e+00 -2.402855e+01 6.049550e+00
      vertex   -8.897801e+00 -2.454243e+01 9.500000e+00
      vertex   -8.766519e+00 -2.385160e+01 9.500000e+00
    endloop
  endfacet
  facet normal -9.973450e-01 7.277398e-02 2.643963e-03
    outer loop
      vertex   -8.788578e+00 -2.402855e+01 6.049550e+00
      vertex   -8.766519e+00 -2.385160e+01 9.500000e+00
      vertex   -8.750000e+00 -2.350000e+01 6.053718e+00
    endloop
  endfacet
  facet normal -9.999885e-01 2.525380e-15 -4.793283e-03
    outer loop
      vertex   -8.750000e+00 -2.350000e+01 6.053718e+00
      vertex   -8.766519e+00 -2.385160e+01 9.500000e+00
      vertex   -8.766519e+00 -2.314840e+01 9.500000e+00
    endloop
  endfacet
  facet normal -9.973450e-01 -7.277398e-02 2.643963e-03
    outer loop
      vertex   -8.750000e+00 -2.350000e+01 6.053718e+00
      vertex   -8.766519e+00 -2.314840e+01 9.500000e+00
      vertex   -8.788578e+00 -2.297145e+01 6.049550e+00
    endloop
  endfacet
  facet normal -9.824130e-01 -1.866918e-01 -3.293574e-03
    outer loop
      vertex   -8.788578e+00 -2.297145e+01 6.049550e+00
      vertex   -8.766519e+00 -2.314840e+01 9.500000e+00
      vertex   -8.897801e+00 -2.245757e+01 9.500000e+00
    endloop
  endfacet
  facet normal -9.771593e-01 -2.125067e-01 7.173868e-04
    outer loop
      vertex   -8.788578e+00 -2.297145e+01 6.049550e+00
      vertex   -8.897801e+00 -2.245757e+01 9.500000e+00
      vertex   -8.902705e+00 -2.244672e+01 6.033922e+00
    endloop
  endfacet
  facet normal -9.377830e-01 -3.472219e-01 2.399528e-04
    outer loop
      vertex   -8.902705e+00 -2.244672e+01 6.033922e+00
      vertex   -8.897801e+00 -2.245757e+01 9.500000e+00
      vertex   -9.089971e+00 -2.194097e+01 6.002146e+00
    endloop
  endfacet
  facet normal -9.302872e-01 -3.668192e-01 -3.066186e-03
    outer loop
      vertex   -9.089971e+00 -2.194097e+01 6.002146e+00
      vertex   -8.897801e+00 -2.245757e+01 9.500000e+00
      vertex   -9.155748e+00 -2.180339e+01 9.500000e+00
    endloop
  endfacet
  facet normal -8.777885e-01 -4.790427e-01 2.335025e-03
    outer loop
      vertex   -9.089971e+00 -2.194097e+01 6.002146e+00
      vertex   -9.155748e+00 -2.180339e+01 9.500000e+00
      vertex   -9.347625e+00 -2.146911e+01 5.949277e+00
    endloop
  endfacet
  facet normal -8.454438e-01 -5.340447e-01 -4.591055e-03
    outer loop
      vertex   -9.347625e+00 -2.146911e+01 5.949277e+00
      vertex   -9.155748e+00 -2.180339e+01 9.500000e+00
      vertex   -9.531290e+00 -2.120887e+01 9.500000e+00
    endloop
  endfacet
  facet normal -8.003106e-01 -5.995802e-01 2.546621e-03
    outer loop
      vertex   -9.347625e+00 -2.146911e+01 5.949277e+00
      vertex   -9.531290e+00 -2.120887e+01 9.500000e+00
      vertex   -9.667182e+00 -2.104291e+01 5.867749e+00
    endloop
  endfacet
  facet normal -7.308794e-01 -6.824958e-01 -3.839421e-03
    outer loop
      vertex   -9.667182e+00 -2.104291e+01 5.867749e+00
      vertex   -9.531290e+00 -2.120887e+01 9.500000e+00
      vertex   -1.001122e+01 -2.069492e+01 9.500000e+00
    endloop
  endfacet
  facet normal -7.079828e-01 -7.062294e-01 6.031550e-04
    outer loop
      vertex   -9.667182e+00 -2.104291e+01 5.867749e+00
      vertex   -1.001122e+01 -2.069492e+01 9.500000e+00
      vertex   -1.003602e+01 -2.067326e+01 5.750112e+00
    endloop
  endfacet
  facet normal -6.048128e-01 -7.963674e-01 -5.995776e-04
    outer loop
      vertex   -1.003602e+01 -2.067326e+01 5.750112e+00
      vertex   -1.001122e+01 -2.069492e+01 9.500000e+00
      vertex   -1.043837e+01 -2.036757e+01 5.591446e+00
    endloop
  endfacet
  facet normal -5.906139e-01 -8.069486e-01 -3.037509e-03
    outer loop
      vertex   -1.043837e+01 -2.036757e+01 5.591446e+00
      vertex   -1.001122e+01 -2.069492e+01 9.500000e+00
      vertex   -1.057867e+01 -2.027960e+01 9.500000e+00
    endloop
  endfacet
  facet normal -4.929833e-01 -8.700367e-01 1.886799e-03
    outer loop
      vertex   -1.043837e+01 -2.036757e+01 5.591446e+00
      vertex   -1.057867e+01 -2.027960e+01 9.500000e+00
      vertex   -1.087071e+01 -2.012305e+01 5.381949e+00
    endloop
  endfacet
  facet normal -4.295772e-01 -9.030219e-01 -3.863729e-03
    outer loop
      vertex   -1.087071e+01 -2.012305e+01 5.381949e+00
      vertex   -1.057867e+01 -2.027960e+01 9.500000e+00
      vertex   -1.121367e+01 -1.997752e+01 9.500000e+00
    endloop
  endfacet
  facet normal -3.760699e-01 -9.265902e-01 1.425424e-03
    outer loop
      vertex   -1.087071e+01 -2.012305e+01 5.381949e+00
      vertex   -1.121367e+01 -1.997752e+01 9.500000e+00
      vertex   -1.132824e+01 -1.993777e+01 5.112027e+00
    endloop
  endfacet
  facet normal -2.534381e-01 -9.673492e-01 -2.145577e-03
    outer loop
      vertex   -1.132824e+01 -1.993777e+01 5.112027e+00
      vertex   -1.121367e+01 -1.997752e+01 9.500000e+00
      vertex   -1.189391e+01 -1.979930e+01 9.500000e+00
    endloop
  endfacet
  facet normal -2.513611e-01 -9.678916e-01 -1.860696e-03
    outer loop
      vertex   -1.132824e+01 -1.993777e+01 5.112027e+00
      vertex   -1.189391e+01 -1.979930e+01 9.500000e+00
      vertex   -1.177658e+01 -1.982072e+01 4.789791e+00
    endloop
  endfacet
  facet normal -1.401887e-01 -9.901243e-01 1.009653e-03
    outer loop
      vertex   -1.177658e+01 -1.982072e+01 4.789791e+00
      vertex   -1.189391e+01 -1.979930e+01 9.500000e+00
      vertex   -1.218491e+01 -1.976326e+01 4.438065e+00
    endloop
  endfacet
  facet normal -6.838492e-02 -9.976540e-01 -3.171851e-03
    outer loop
      vertex   -1.218491e+01 -1.976326e+01 4.438065e+00
      vertex   -1.189391e+01 -1.979930e+01 9.500000e+00
      vertex   -1.259546e+01 -1.975122e+01 9.500000e+00
    endloop
  endfacet
  facet normal -3.382570e-02 -9.994277e-01 -3.647175e-04
    outer loop
      vertex   -1.218491e+01 -1.976326e+01 4.438065e+00
      vertex   -1.259546e+01 -1.975122e+01 9.500000e+00
      vertex   -1.255350e+01 -1.975065e+01 4.057957e+00
    endloop
  endfacet
  facet normal 5.989575e-02 -9.982046e-01 3.580955e-04
    outer loop
      vertex   -1.255350e+01 -1.975065e+01 4.057957e+00
      vertex   -1.259546e+01 -1.975122e+01 9.500000e+00
      vertex   -1.289235e+01 -1.977113e+01 3.641215e+00
    endloop
  endfacet
  facet normal 1.190724e-01 -9.928820e-01 -2.658723e-03
    outer loop
      vertex   -1.289235e+01 -1.977113e+01 3.641215e+00
      vertex   -1.259546e+01 -1.975122e+01 9.500000e+00
      vertex   -1.329365e+01 -1.983495e+01 9.500000e+00
    endloop
  endfacet
  facet normal 1.461584e-01 -9.892609e-01 -7.639984e-04
    outer loop
      vertex   -1.289235e+01 -1.977113e+01 3.641215e+00
      vertex   -1.329365e+01 -1.983495e+01 9.500000e+00
      vertex   -1.319673e+01 -1.981576e+01 3.192296e+00
    endloop
  endfacet
  facet normal 2.193524e-01 -9.756456e-01 4.021369e-04
    outer loop
      vertex   -1.319673e+01 -1.981576e+01 3.192296e+00
      vertex   -1.329365e+01 -1.983495e+01 9.500000e+00
      vertex   -1.346189e+01 -1.987557e+01 2.715660e+00
    endloop
  endfacet
  facet normal 3.023435e-01 -9.531974e-01 -1.790282e-03
    outer loop
      vertex   -1.346189e+01 -1.987557e+01 2.715660e+00
      vertex   -1.329365e+01 -1.983495e+01 9.500000e+00
      vertex   -1.396394e+01 -2.004755e+01 9.500000e+00
    endloop
  endfacet
  facet normal 2.904789e-01 -9.568774e-01 -2.761563e-03
    outer loop
      vertex   -1.346189e+01 -1.987557e+01 2.715660e+00
      vertex   -1.396394e+01 -2.004755e+01 9.500000e+00
      vertex   -1.368315e+01 -1.994129e+01 2.215749e+00
    endloop
  endfacet
  facet normal 3.347594e-01 -9.423033e-01 -8.420817e-04
    outer loop
      vertex   -1.368315e+01 -1.994129e+01 2.215749e+00
      vertex   -1.396394e+01 -2.004755e+01 9.500000e+00
      vertex   -1.385779e+01 -2.000287e+01 1.697753e+00
    endloop
  endfacet
  facet normal 3.758453e-01 -9.266824e-01 -1.936319e-04
    outer loop
      vertex   -1.385779e+01 -2.000287e+01 1.697753e+00
      vertex   -1.396394e+01 -2.004755e+01 9.500000e+00
      vertex   -1.398545e+01 -2.005454e+01 1.168464e+00
    endloop
  endfacet
  facet normal 4.166927e-01 -9.090473e-01 -3.138765e-04
    outer loop
      vertex   -1.398545e+01 -2.005454e+01 1.168464e+00
      vertex   -1.396394e+01 -2.004755e+01 9.500000e+00
      vertex   -1.406594e+01 -2.009125e+01 6.348295e-01
    endloop
  endfacet
  facet normal 4.749833e-01 -8.799941e-01 -1.127801e-03
    outer loop
      vertex   -1.406594e+01 -2.009125e+01 6.348295e-01
      vertex   -1.396394e+01 -2.004755e+01 9.500000e+00
      vertex   -1.458275e+01 -2.038156e+01 9.500000e+00
    endloop
  endfacet
  facet normal 4.660039e-01 -8.847808e-01 -1.808014e-03
    outer loop
      vertex   -1.406594e+01 -2.009125e+01 6.348295e-01
      vertex   -1.458275e+01 -2.038156e+01 9.500000e+00
      vertex   -1.437500e+01 -2.025240e+01 -1.589755e-01
    endloop
  endfacet
  facet normal 5.800562e-01 -8.145749e-01 1.583799e-03
    outer loop
      vertex   -1.437500e+01 -2.025240e+01 -1.589755e-01
      vertex   -1.458275e+01 -2.038156e+01 9.500000e+00
      vertex   -1.495573e+01 -2.066594e+01 -1.589755e-01
    endloop
  endfacet
  facet normal 5.382566e-01 8.427807e-01 6.781985e-04
    outer loop
      vertex   -1.428613e+01 -2.679690e+01 -9.426123e+00
      vertex   -1.473569e+01 -2.650995e+01 -9.211621e+00
      vertex   -1.437500e+01 -2.674760e+01 -1.589755e-01
    endloop
  endfacet
  facet normal 5.800560e-01 8.145747e-01 -1.727686e-03
    outer loop
      vertex   -1.437500e+01 -2.674760e+01 -1.589755e-01
      vertex   -1.473569e+01 -2.650995e+01 -9.211621e+00
      vertex   -1.495573e+01 -2.633406e+01 -1.589755e-01
    endloop
  endfacet
  facet normal 5.800562e-01 8.145749e-01 1.583799e-03
    outer loop
      vertex   -1.437500e+01 -2.674760e+01 -1.589755e-01
      vertex   -1.495573e+01 -2.633406e+01 -1.589755e-01
      vertex   -1.458275e+01 -2.661844e+01 9.500000e+00
    endloop
  endfacet
  facet normal 6.309206e-01 7.758459e-01 -1.520587e-03
    outer loop
      vertex   -1.458275e+01 -2.661844e+01 9.500000e+00
      vertex   -1.495573e+01 -2.633406e+01 -1.589755e-01
      vertex   -1.512832e+01 -2.617478e+01 9.500000e+00
    endloop
  endfacet
  facet normal 6.782055e-01 7.348723e-01 0.000000e+00
    outer loop
      vertex   -1.512832e+01 -2.617478e+01 9.500000e+00
      vertex   -1.495573e+01 -2.633406e+01 -1.589755e-01
      vertex   -1.512832e+01 -2.617478e+01 -8.991278e+00
    endloop
  endfacet
  facet normal 6.495921e-01 7.602823e-01 1.017376e-03
    outer loop
      vertex   -1.512832e+01 -2.617478e+01 -8.991278e+00
      vertex   -1.495573e+01 -2.633406e+01 -1.589755e-01
      vertex   -1.473569e+01 -2.650995e+01 -9.211621e+00
    endloop
  endfacet
  facet normal 4.749831e-01 8.799936e-01 -1.550877e-03
    outer loop
      vertex   -1.458275e+01 -2.661844e+01 9.500000e+00
      vertex   -1.396394e+01 -2.695245e+01 9.500000e+00
      vertex   -1.437500e+01 -2.674760e+01 -1.589755e-01
    endloop
  endfacet
  facet normal 6.309206e-01 -7.758459e-01 -1.520587e-03
    outer loop
      vertex   -1.458275e+01 -2.038156e+01 9.500000e+00
      vertex   -1.512832e+01 -2.082522e+01 9.500000e+00
      vertex   -1.495573e+01 -2.066594e+01 -1.589755e-01
    endloop
  endfacet
  facet normal 4.645998e-01 -8.855200e-01 -1.111275e-03
    outer loop
      vertex   -1.409907e+01 -2.010797e+01 1.037957e-01
      vertex   -1.406594e+01 -2.009125e+01 6.348295e-01
      vertex   -1.437500e+01 -2.025240e+01 -1.589755e-01
    endloop
  endfacet
  facet normal 3.286794e-01 -9.444416e-01 3.727969e-16
    outer loop
      vertex   -1.631716e+01 -2.163845e+01 9.500000e+00
      vertex   -1.700000e+01 -2.187609e+01 9.500000e+00
      vertex   -1.631716e+01 -2.163845e+01 4.995762e-01
    endloop
  endfacet
  facet normal 3.286794e-01 -9.444416e-01 -1.886443e-16
    outer loop
      vertex   -1.631716e+01 -2.163845e+01 4.995762e-01
      vertex   -1.700000e+01 -2.187609e+01 9.500000e+00
      vertex   -1.700000e+01 -2.187609e+01 -8.204432e+00
    endloop
  endfacet
  facet normal 3.087127e-01 -9.511537e-01 1.749661e-03
    outer loop
      vertex   -1.631716e+01 -2.163845e+01 4.995762e-01
      vertex   -1.700000e+01 -2.187609e+01 -8.204432e+00
      vertex   -1.647772e+01 -2.170664e+01 -8.238659e+00
    endloop
  endfacet
  facet normal 4.328340e-01 -9.014732e-01 -9.187231e-04
    outer loop
      vertex   -1.647772e+01 -2.170664e+01 -8.238659e+00
      vertex   -1.598368e+01 -2.146937e+01 -8.295165e+00
      vertex   -1.631716e+01 -2.163845e+01 4.995762e-01
    endloop
  endfacet
  facet normal 4.895704e-01 -8.719619e-01 1.799998e-03
    outer loop
      vertex   -1.631716e+01 -2.163845e+01 4.995762e-01
      vertex   -1.598368e+01 -2.146937e+01 -8.295165e+00
      vertex   -1.568672e+01 -2.128449e+01 4.995762e-01
    endloop
  endfacet
  facet normal 4.895712e-01 -8.719633e-01 -6.867036e-16
    outer loop
      vertex   -1.631716e+01 -2.163845e+01 4.995762e-01
      vertex   -1.568672e+01 -2.128449e+01 4.995762e-01
      vertex   -1.568672e+01 -2.128449e+01 9.500000e+00
    endloop
  endfacet
  facet normal 6.352182e-01 -7.723327e-01 -6.097218e-16
    outer loop
      vertex   -1.568672e+01 -2.128449e+01 9.500000e+00
      vertex   -1.568672e+01 -2.128449e+01 4.995762e-01
      vertex   -1.512832e+01 -2.082522e+01 9.500000e+00
    endloop
  endfacet
  facet normal 6.248514e-01 -7.807430e-01 1.072332e-03
    outer loop
      vertex   -1.512832e+01 -2.082522e+01 9.500000e+00
      vertex   -1.568672e+01 -2.128449e+01 4.995762e-01
      vertex   -1.553025e+01 -2.117145e+01 -8.380554e+00
    endloop
  endfacet
  facet normal 6.526624e-01 -7.576489e-01 0.000000e+00
    outer loop
      vertex   -1.512832e+01 -2.082522e+01 9.500000e+00
      vertex   -1.553025e+01 -2.117145e+01 -8.380554e+00
      vertex   -1.512832e+01 -2.082522e+01 -8.500848e+00
    endloop
  endfacet
  facet normal 5.489861e-01 -8.358309e-01 -9.657173e-04
    outer loop
      vertex   -1.598368e+01 -2.146937e+01 -8.295165e+00
      vertex   -1.553025e+01 -2.117145e+01 -8.380554e+00
      vertex   -1.568672e+01 -2.128449e+01 4.995762e-01
    endloop
  endfacet
  facet normal 4.895712e-01 -8.719633e-01 3.454844e-16
    outer loop
      vertex   -1.568672e+01 -2.128449e+01 9.500000e+00
      vertex   -1.631716e+01 -2.163845e+01 9.500000e+00
      vertex   -1.631716e+01 -2.163845e+01 4.995762e-01
    endloop
  endfacet
  facet normal -1.428709e-14 -5.000000e-01 8.660254e-01
    outer loop
      vertex   -1.700000e+01 -2.187609e+01 -2.059479e+01
      vertex   -1.648376e+01 -2.170912e+01 -2.049839e+01
      vertex   -1.700000e+01 -1.995000e+01 -1.948275e+01
    endloop
  endfacet
  facet normal 9.595215e-15 -5.000000e-01 8.660254e-01
    outer loop
      vertex   -1.700000e+01 -1.995000e+01 -1.948275e+01
      vertex   -1.648376e+01 -2.170912e+01 -2.049839e+01
      vertex   -1.599412e+01 -2.147541e+01 -2.036345e+01
    endloop
  endfacet
  facet normal -1.551772e-15 -5.000000e-01 8.660254e-01
    outer loop
      vertex   -1.700000e+01 -1.995000e+01 -1.948275e+01
      vertex   -1.599412e+01 -2.147541e+01 -2.036345e+01
      vertex   -1.553965e+01 -2.117904e+01 -2.019234e+01
    endloop
  endfacet
  facet normal 8.935374e-16 -5.000000e-01 8.660254e-01
    outer loop
      vertex   -1.553965e+01 -2.117904e+01 -2.019234e+01
      vertex   -1.512832e+01 -2.082522e+01 -1.998806e+01
      vertex   -1.700000e+01 -1.995000e+01 -1.948275e+01
    endloop
  endfacet
  facet normal 9.669253e-16 -5.000000e-01 8.660254e-01
    outer loop
      vertex   -1.700000e+01 -1.995000e+01 -1.948275e+01
      vertex   -1.512832e+01 -2.082522e+01 -1.998806e+01
      vertex   -1.481248e+01 -2.054789e+01 -1.982795e+01
    endloop
  endfacet
  facet normal -5.420125e-16 -5.000000e-01 8.660254e-01
    outer loop
      vertex   -1.700000e+01 -1.995000e+01 -1.948275e+01
      vertex   -1.481248e+01 -2.054789e+01 -1.982795e+01
      vertex   -1.446759e+01 -2.030765e+01 -1.968925e+01
    endloop
  endfacet
  facet normal -1.015622e-15 -5.000000e-01 8.660254e-01
    outer loop
      vertex   -1.446759e+01 -2.030765e+01 -1.968925e+01
      vertex   -1.409799e+01 -2.010752e+01 -1.957370e+01
      vertex   -1.700000e+01 -1.995000e+01 -1.948275e+01
    endloop
  endfacet
  facet normal 5.396480e-16 -5.000000e-01 8.660254e-01
    outer loop
      vertex   -1.700000e+01 -1.995000e+01 -1.948275e+01
      vertex   -1.409799e+01 -2.010752e+01 -1.957370e+01
      vertex   -1.370830e+01 -1.995000e+01 -1.948275e+01
    endloop
  endfacet
  facet normal -0.000000e+00 5.000000e-01 8.660254e-01
    outer loop
      vertex   -1.700000e+01 5.000000e+00 -2.124367e+01
      vertex   -1.700000e+01 1.950000e+00 -1.948275e+01
      vertex   1.700000e+01 5.000000e+00 -2.124367e+01
    endloop
  endfacet
  facet normal 0.000000e+00 5.000000e-01 8.660254e-01
    outer loop
      vertex   1.700000e+01 5.000000e+00 -2.124367e+01
      vertex   -1.700000e+01 1.950000e+00 -1.948275e+01
      vertex   1.700000e+01 1.950000e+00 -1.948275e+01
    endloop
  endfacet
  facet normal 0.000000e+00 -5.000000e-01 8.660254e-01
    outer loop
      vertex   -1.700000e+01 8.050000e+00 -1.948275e+01
      vertex   -1.700000e+01 5.000000e+00 -2.124367e+01
      vertex   1.700000e+01 8.050000e+00 -1.948275e+01
    endloop
  endfacet
  facet normal 0.000000e+00 -5.000000e-01 8.660254e-01
    outer loop
      vertex   1.700000e+01 8.050000e+00 -1.948275e+01
      vertex   -1.700000e+01 5.000000e+00 -2.124367e+01
      vertex   1.700000e+01 5.000000e+00 -2.124367e+01
    endloop
  endfacet
  facet normal 0.000000e+00 5.633201e-01 8.262388e-01
    outer loop
      vertex   1.700000e+01 1.950000e+00 -1.948275e+01
      vertex   -1.700000e+01 1.950000e+00 -1.948275e+01
      vertex   0.000000e+00 1.196712e+00 -1.896917e+01
    endloop
  endfacet
  facet normal -5.150443e-17 5.633201e-01 8.262388e-01
    outer loop
      vertex   0.000000e+00 1.196712e+00 -1.896917e+01
      vertex   -1.700000e+01 1.950000e+00 -1.948275e+01
      vertex   -1.700000e+01 1.196712e+00 -1.896917e+01
    endloop
  endfacet
  facet normal -6.218828e-17 6.801727e-01 7.330519e-01
    outer loop
      vertex   0.000000e+00 1.196712e+00 -1.896917e+01
      vertex   -1.700000e+01 1.196712e+00 -1.896917e+01
      vertex   0.000000e+00 5.283836e-01 -1.834905e+01
    endloop
  endfacet
  facet normal -2.221010e-17 6.801727e-01 7.330519e-01
    outer loop
      vertex   0.000000e+00 5.283836e-01 -1.834905e+01
      vertex   -1.700000e+01 1.196712e+00 -1.896917e+01
      vertex   -1.700000e+01 5.283836e-01 -1.834905e+01
    endloop
  endfacet
  facet normal -2.552963e-17 7.818315e-01 6.234898e-01
    outer loop
      vertex   0.000000e+00 5.283836e-01 -1.834905e+01
      vertex   -1.700000e+01 5.283836e-01 -1.834905e+01
      vertex   0.000000e+00 -4.005652e-02 -1.763625e+01
    endloop
  endfacet
  facet normal 1.302989e-16 7.818315e-01 6.234898e-01
    outer loop
      vertex   0.000000e+00 -4.005652e-02 -1.763625e+01
      vertex   -1.700000e+01 5.283836e-01 -1.834905e+01
      vertex   -1.700000e+01 -4.005652e-02 -1.763625e+01
    endloop
  endfacet
  facet normal 1.044916e-16 8.660254e-01 5.000000e-01
    outer loop
      vertex   0.000000e+00 -4.005652e-02 -1.763625e+01
      vertex   -1.700000e+01 -4.005652e-02 -1.763625e+01
      vertex   0.000000e+00 -4.959101e-01 -1.684669e+01
    endloop
  endfacet
  facet normal 0.000000e+00 8.660254e-01 5.000000e-01
    outer loop
      vertex   0.000000e+00 -4.959101e-01 -1.684669e+01
      vertex   -1.700000e+01 -4.005652e-02 -1.763625e+01
      vertex   -1.700000e+01 -4.959101e-01 -1.684669e+01
    endloop
  endfacet
  facet normal 0.000000e+00 9.308737e-01 3.653410e-01
    outer loop
      vertex   0.000000e+00 -4.959101e-01 -1.684669e+01
      vertex   -1.700000e+01 -4.959101e-01 -1.684669e+01
      vertex   0.000000e+00 -8.289941e-01 -1.599801e+01
    endloop
  endfacet
  facet normal -2.261773e-17 9.308737e-01 3.653410e-01
    outer loop
      vertex   0.000000e+00 -8.289941e-01 -1.599801e+01
      vertex   -1.700000e+01 -4.959101e-01 -1.684669e+01
      vertex   -1.700000e+01 -8.289941e-01 -1.599801e+01
    endloop
  endfacet
  facet normal -4.041828e-17 9.749279e-01 2.225209e-01
    outer loop
      vertex   0.000000e+00 -8.289941e-01 -1.599801e+01
      vertex   -1.700000e+01 -8.289941e-01 -1.599801e+01
      vertex   0.000000e+00 -1.031868e+00 -1.510916e+01
    endloop
  endfacet
  facet normal 4.650313e-17 9.749279e-01 2.225209e-01
    outer loop
      vertex   0.000000e+00 -1.031868e+00 -1.510916e+01
      vertex   -1.700000e+01 -8.289941e-01 -1.599801e+01
      vertex   -1.700000e+01 -1.031868e+00 -1.510916e+01
    endloop
  endfacet
  facet normal 1.561733e-17 9.972038e-01 7.473009e-02
    outer loop
      vertex   0.000000e+00 -1.031868e+00 -1.510916e+01
      vertex   -1.700000e+01 -1.031868e+00 -1.510916e+01
      vertex   0.000000e+00 -1.100000e+00 -1.420000e+01
    endloop
  endfacet
  facet normal 7.808665e-18 9.972038e-01 7.473009e-02
    outer loop
      vertex   0.000000e+00 -1.100000e+00 -1.420000e+01
      vertex   -1.700000e+01 -1.031868e+00 -1.510916e+01
      vertex   -1.700000e+01 -1.100000e+00 -1.420000e+01
    endloop
  endfacet
  facet normal -7.808665e-18 9.972038e-01 -7.473009e-02
    outer loop
      vertex   0.000000e+00 -1.100000e+00 -1.420000e+01
      vertex   -1.700000e+01 -1.100000e+00 -1.420000e+01
      vertex   0.000000e+00 -1.031868e+00 -1.329084e+01
    endloop
  endfacet
  facet normal -7.808665e-18 9.972038e-01 -7.473009e-02
    outer loop
      vertex   0.000000e+00 -1.031868e+00 -1.329084e+01
      vertex   -1.700000e+01 -1.100000e+00 -1.420000e+01
      vertex   -1.700000e+01 -1.031868e+00 -1.329084e+01
    endloop
  endfacet
  facet normal -2.325156e-17 9.749279e-01 -2.225209e-01
    outer loop
      vertex   0.000000e+00 -1.031868e+00 -1.329084e+01
      vertex   -1.700000e+01 -1.031868e+00 -1.329084e+01
      vertex   0.000000e+00 -8.289941e-01 -1.240199e+01
    endloop
  endfacet
  facet normal -4.650313e-17 9.749279e-01 -2.225209e-01
    outer loop
      vertex   0.000000e+00 -8.289941e-01 -1.240199e+01
      vertex   -1.700000e+01 -1.031868e+00 -1.329084e+01
      vertex   -1.700000e+01 -8.289941e-01 -1.240199e+01
    endloop
  endfacet
  facet normal -7.635012e-17 9.308737e-01 -3.653410e-01
    outer loop
      vertex   0.000000e+00 -8.289941e-01 -1.240199e+01
      vertex   -1.700000e+01 -8.289941e-01 -1.240199e+01
      vertex   0.000000e+00 -4.959101e-01 -1.155331e+01
    endloop
  endfacet
  facet normal 2.261773e-17 9.308737e-01 -3.653410e-01
    outer loop
      vertex   0.000000e+00 -4.959101e-01 -1.155331e+01
      vertex   -1.700000e+01 -8.289941e-01 -1.240199e+01
      vertex   -1.700000e+01 -4.959101e-01 -1.155331e+01
    endloop
  endfacet
  facet normal 4.311937e-18 8.660254e-01 -5.000000e-01
    outer loop
      vertex   0.000000e+00 -4.959101e-01 -1.155331e+01
      vertex   -1.700000e+01 -4.959101e-01 -1.155331e+01
      vertex   0.000000e+00 -4.005652e-02 -1.076375e+01
    endloop
  endfacet
  facet normal 4.311937e-18 8.660254e-01 -5.000000e-01
    outer loop
      vertex   0.000000e+00 -4.005652e-02 -1.076375e+01
      vertex   -1.700000e+01 -4.959101e-01 -1.155331e+01
      vertex   -1.700000e+01 -4.005652e-02 -1.076375e+01
    endloop
  endfacet
  facet normal -1.409018e-17 7.818315e-01 -6.234898e-01
    outer loop
      vertex   0.000000e+00 -4.005652e-02 -1.076375e+01
      vertex   -1.700000e+01 -4.005652e-02 -1.076375e+01
      vertex   0.000000e+00 5.283836e-01 -1.005095e+01
    endloop
  endfacet
  facet normal 5.105925e-17 7.818315e-01 -6.234898e-01
    outer loop
      vertex   0.000000e+00 5.283836e-01 -1.005095e+01
      vertex   -1.700000e+01 -4.005652e-02 -1.076375e+01
      vertex   -1.700000e+01 5.283836e-01 -1.005095e+01
    endloop
  endfacet
  facet normal 4.442020e-17 6.801727e-01 -7.330519e-01
    outer loop
      vertex   0.000000e+00 5.283836e-01 -1.005095e+01
      vertex   -1.700000e+01 5.283836e-01 -1.005095e+01
      vertex   0.000000e+00 1.196712e+00 -9.430828e+00
    endloop
  endfacet
  facet normal -1.105085e-17 6.801727e-01 -7.330519e-01
    outer loop
      vertex   0.000000e+00 1.196712e+00 -9.430828e+00
      vertex   -1.700000e+01 5.283836e-01 -1.005095e+01
      vertex   -1.700000e+01 1.196712e+00 -9.430828e+00
    endloop
  endfacet
  facet normal -5.494558e-17 5.633201e-01 -8.262388e-01
    outer loop
      vertex   0.000000e+00 1.196712e+00 -9.430828e+00
      vertex   -1.700000e+01 1.196712e+00 -9.430828e+00
      vertex   0.000000e+00 1.950000e+00 -8.917245e+00
    endloop
  endfacet
  facet normal -3.678888e-17 5.633201e-01 -8.262388e-01
    outer loop
      vertex   0.000000e+00 1.950000e+00 -8.917245e+00
      vertex   -1.700000e+01 1.196712e+00 -9.430828e+00
      vertex   -1.700000e+01 1.950000e+00 -8.917245e+00
    endloop
  endfacet
  facet normal -2.833575e-17 4.338837e-01 -9.009689e-01
    outer loop
      vertex   0.000000e+00 1.950000e+00 -8.917245e+00
      vertex   -1.700000e+01 1.950000e+00 -8.917245e+00
      vertex   0.000000e+00 2.771420e+00 -8.521670e+00
    endloop
  endfacet
  facet normal 1.020087e-16 4.338837e-01 -9.009689e-01
    outer loop
      vertex   0.000000e+00 2.771420e+00 -8.521670e+00
      vertex   -1.700000e+01 1.950000e+00 -8.917245e+00
      vertex   -1.700000e+01 2.771420e+00 -8.521670e+00
    endloop
  endfacet
  facet normal 6.929873e-17 2.947552e-01 -9.555728e-01
    outer loop
      vertex   0.000000e+00 2.771420e+00 -8.521670e+00
      vertex   -1.700000e+01 2.771420e+00 -8.521670e+00
      vertex   0.000000e+00 3.642622e+00 -8.252940e+00
    endloop
  endfacet
  facet normal 7.674974e-17 2.947552e-01 -9.555728e-01
    outer loop
      vertex   0.000000e+00 3.642622e+00 -8.252940e+00
      vertex   -1.700000e+01 2.771420e+00 -8.521670e+00
      vertex   -1.700000e+01 3.642622e+00 -8.252940e+00
    endloop
  endfacet
  facet normal 9.164425e-17 1.490423e-01 -9.888308e-01
    outer loop
      vertex   0.000000e+00 3.642622e+00 -8.252940e+00
      vertex   -1.700000e+01 3.642622e+00 -8.252940e+00
      vertex   0.000000e+00 4.544146e+00 -8.117057e+00
    endloop
  endfacet
  facet normal -7.217717e-17 1.490423e-01 -9.888308e-01
    outer loop
      vertex   0.000000e+00 4.544146e+00 -8.117057e+00
      vertex   -1.700000e+01 3.642622e+00 -8.252940e+00
      vertex   -1.700000e+01 4.544146e+00 -8.117057e+00
    endloop
  endfacet
  facet normal -1.044916e-16 1.948385e-15 -1.000000e+00
    outer loop
      vertex   0.000000e+00 4.544146e+00 -8.117057e+00
      vertex   -1.700000e+01 4.544146e+00 -8.117057e+00
      vertex   0.000000e+00 5.455854e+00 -8.117057e+00
    endloop
  endfacet
  facet normal 0.000000e+00 0.000000e+00 -1.000000e+00
    outer loop
      vertex   0.000000e+00 5.455854e+00 -8.117057e+00
      vertex   -1.700000e+01 4.544146e+00 -8.117057e+00
      vertex   -1.700000e+01 5.455854e+00 -8.117057e+00
    endloop
  endfacet
  facet normal 7.786831e-18 -1.490423e-01 -9.888308e-01
    outer loop
      vertex   0.000000e+00 5.455854e+00 -8.117057e+00
      vertex   -1.700000e+01 5.455854e+00 -8.117057e+00
      vertex   0.000000e+00 6.357378e+00 -8.252940e+00
    endloop
  endfacet
  facet normal 5.660351e-17 -1.490423e-01 -9.888308e-01
    outer loop
      vertex   0.000000e+00 6.357378e+00 -8.252940e+00
      vertex   -1.700000e+01 5.455854e+00 -8.117057e+00
      vertex   -1.700000e+01 6.357378e+00 -8.252940e+00
    endloop
  endfacet
  facet normal 7.451011e-18 -2.947552e-01 -9.555728e-01
    outer loop
      vertex   0.000000e+00 6.357378e+00 -8.252940e+00
      vertex   -1.700000e+01 6.357378e+00 -8.252940e+00
      vertex   0.000000e+00 7.228580e+00 -8.521670e+00
    endloop
  endfacet
  facet normal -0.000000e+00 -2.947552e-01 -9.555728e-01
    outer loop
      vertex   0.000000e+00 7.228580e+00 -8.521670e+00
      vertex   -1.700000e+01 6.357378e+00 -8.252940e+00
      vertex   -1.700000e+01 7.228580e+00 -8.521670e+00
    endloop
  endfacet
  facet normal -0.000000e+00 -4.338837e-01 -9.009689e-01
    outer loop
      vertex   0.000000e+00 7.228580e+00 -8.521670e+00
      vertex   -1.700000e+01 7.228580e+00 -8.521670e+00
      vertex   0.000000e+00 8.050000e+00 -8.917245e+00
    endloop
  endfacet
  facet normal 3.469266e-18 -4.338837e-01 -9.009689e-01
    outer loop
      vertex   0.000000e+00 8.050000e+00 -8.917245e+00
      vertex   -1.700000e+01 7.228580e+00 -8.521670e+00
      vertex   -1.700000e+01 8.050000e+00 -8.917245e+00
    endloop
  endfacet
  facet normal -3.138941e-17 -5.633201e-01 -8.262388e-01
    outer loop
      vertex   0.000000e+00 8.050000e+00 -8.917245e+00
      vertex   -1.700000e+01 8.050000e+00 -8.917245e+00
      vertex   0.000000e+00 8.803288e+00 -9.430828e+00
    endloop
  endfacet
  facet normal -0.000000e+00 -5.633201e-01 -8.262388e-01
    outer loop
      vertex   0.000000e+00 8.803288e+00 -9.430828e+00
      vertex   -1.700000e+01 8.050000e+00 -8.917245e+00
      vertex   -1.700000e+01 8.803288e+00 -9.430828e+00
    endloop
  endfacet
  facet normal -0.000000e+00 -6.801727e-01 -7.330519e-01
    outer loop
      vertex   0.000000e+00 8.803288e+00 -9.430828e+00
      vertex   -1.700000e+01 8.803288e+00 -9.430828e+00
      vertex   0.000000e+00 9.471616e+00 -1.005095e+01
    endloop
  endfacet
  facet normal -6.554690e-17 -6.801727e-01 -7.330519e-01
    outer loop
      vertex   0.000000e+00 9.471616e+00 -1.005095e+01
      vertex   -1.700000e+01 8.803288e+00 -9.430828e+00
      vertex   -1.700000e+01 9.471616e+00 -1.005095e+01
    endloop
  endfacet
  facet normal -9.824018e-17 -7.818315e-01 -6.234898e-01
    outer loop
      vertex   0.000000e+00 9.471616e+00 -1.005095e+01
      vertex   -1.700000e+01 9.471616e+00 -1.005095e+01
      vertex   0.000000e+00 1.004006e+01 -1.076375e+01
    endloop
  endfacet
  facet normal 6.514943e-17 -7.818315e-01 -6.234898e-01
    outer loop
      vertex   0.000000e+00 1.004006e+01 -1.076375e+01
      vertex   -1.700000e+01 9.471616e+00 -1.005095e+01
      vertex   -1.700000e+01 1.004006e+01 -1.076375e+01
    endloop
  endfacet
  facet normal 5.224579e-17 -8.660254e-01 -5.000000e-01
    outer loop
      vertex   0.000000e+00 1.004006e+01 -1.076375e+01
      vertex   -1.700000e+01 1.004006e+01 -1.076375e+01
      vertex   0.000000e+00 1.049591e+01 -1.155331e+01
    endloop
  endfacet
  facet normal 5.224579e-17 -8.660254e-01 -5.000000e-01
    outer loop
      vertex   0.000000e+00 1.049591e+01 -1.155331e+01
      vertex   -1.700000e+01 1.004006e+01 -1.076375e+01
      vertex   -1.700000e+01 1.049591e+01 -1.155331e+01
    endloop
  endfacet
  facet normal 3.817506e-17 -9.308737e-01 -3.653410e-01
    outer loop
      vertex   0.000000e+00 1.049591e+01 -1.155331e+01
      vertex   -1.700000e+01 1.049591e+01 -1.155331e+01
      vertex   0.000000e+00 1.082899e+01 -1.240199e+01
    endloop
  endfacet
  facet normal 3.817506e-17 -9.308737e-01 -3.653410e-01
    outer loop
      vertex   0.000000e+00 1.082899e+01 -1.240199e+01
      vertex   -1.700000e+01 1.049591e+01 -1.155331e+01
      vertex   -1.700000e+01 1.082899e+01 -1.240199e+01
    endloop
  endfacet
  facet normal 2.325156e-17 -9.749279e-01 -2.225209e-01
    outer loop
      vertex   0.000000e+00 1.082899e+01 -1.240199e+01
      vertex   -1.700000e+01 1.082899e+01 -1.240199e+01
      vertex   0.000000e+00 1.103187e+01 -1.329084e+01
    endloop
  endfacet
  facet normal 2.325156e-17 -9.749279e-01 -2.225209e-01
    outer loop
      vertex   0.000000e+00 1.103187e+01 -1.329084e+01
      vertex   -1.700000e+01 1.082899e+01 -1.240199e+01
      vertex   -1.700000e+01 1.103187e+01 -1.329084e+01
    endloop
  endfacet
  facet normal 7.808665e-18 -9.972038e-01 -7.473009e-02
    outer loop
      vertex   0.000000e+00 1.103187e+01 -1.329084e+01
      vertex   -1.700000e+01 1.103187e+01 -1.329084e+01
      vertex   0.000000e+00 1.110000e+01 -1.420000e+01
    endloop
  endfacet
  facet normal 7.808665e-18 -9.972038e-01 -7.473009e-02
    outer loop
      vertex   0.000000e+00 1.110000e+01 -1.420000e+01
      vertex   -1.700000e+01 1.103187e+01 -1.329084e+01
      vertex   -1.700000e+01 1.110000e+01 -1.420000e+01
    endloop
  endfacet
  facet normal -7.808665e-18 -9.972038e-01 7.473009e-02
    outer loop
      vertex   0.000000e+00 1.110000e+01 -1.420000e+01
      vertex   -1.700000e+01 1.110000e+01 -1.420000e+01
      vertex   0.000000e+00 1.103187e+01 -1.510916e+01
    endloop
  endfacet
  facet normal -2.342600e-17 -9.972038e-01 7.473009e-02
    outer loop
      vertex   0.000000e+00 1.103187e+01 -1.510916e+01
      vertex   -1.700000e+01 1.110000e+01 -1.420000e+01
      vertex   -1.700000e+01 1.103187e+01 -1.510916e+01
    endloop
  endfacet
  facet normal -6.975469e-17 -9.749279e-01 2.225209e-01
    outer loop
      vertex   0.000000e+00 1.103187e+01 -1.510916e+01
      vertex   -1.700000e+01 1.103187e+01 -1.510916e+01
      vertex   0.000000e+00 1.082899e+01 -1.599801e+01
    endloop
  endfacet
  facet normal -2.325156e-17 -9.749279e-01 2.225209e-01
    outer loop
      vertex   0.000000e+00 1.082899e+01 -1.599801e+01
      vertex   -1.700000e+01 1.103187e+01 -1.510916e+01
      vertex   -1.700000e+01 1.082899e+01 -1.599801e+01
    endloop
  endfacet
  facet normal -3.817506e-17 -9.308737e-01 3.653410e-01
    outer loop
      vertex   0.000000e+00 1.082899e+01 -1.599801e+01
      vertex   -1.700000e+01 1.082899e+01 -1.599801e+01
      vertex   0.000000e+00 1.049591e+01 -1.684669e+01
    endloop
  endfacet
  facet normal 2.091835e-17 -9.308737e-01 3.653410e-01
    outer loop
      vertex   0.000000e+00 1.049591e+01 -1.684669e+01
      vertex   -1.700000e+01 1.082899e+01 -1.599801e+01
      vertex   -1.700000e+01 1.049591e+01 -1.684669e+01
    endloop
  endfacet
  facet normal -1.399922e-17 -8.660254e-01 5.000000e-01
    outer loop
      vertex   0.000000e+00 1.049591e+01 -1.684669e+01
      vertex   -1.700000e+01 1.049591e+01 -1.684669e+01
      vertex   0.000000e+00 1.004006e+01 -1.763625e+01
    endloop
  endfacet
  facet normal 0.000000e+00 -8.660254e-01 5.000000e-01
    outer loop
      vertex   0.000000e+00 1.004006e+01 -1.763625e+01
      vertex   -1.700000e+01 1.049591e+01 -1.684669e+01
      vertex   -1.700000e+01 1.004006e+01 -1.763625e+01
    endloop
  endfacet
  facet normal 0.000000e+00 -7.818315e-01 6.234898e-01
    outer loop
      vertex   0.000000e+00 1.004006e+01 -1.763625e+01
      vertex   -1.700000e+01 1.004006e+01 -1.763625e+01
      vertex   0.000000e+00 9.471616e+00 -1.834905e+01
    endloop
  endfacet
  facet normal -4.860406e-17 -7.818315e-01 6.234898e-01
    outer loop
      vertex   0.000000e+00 9.471616e+00 -1.834905e+01
      vertex   -1.700000e+01 1.004006e+01 -1.763625e+01
      vertex   -1.700000e+01 9.471616e+00 -1.834905e+01
    endloop
  endfacet
  facet normal -8.212317e-17 -6.801727e-01 7.330519e-01
    outer loop
      vertex   0.000000e+00 9.471616e+00 -1.834905e+01
      vertex   -1.700000e+01 9.471616e+00 -1.834905e+01
      vertex   0.000000e+00 8.803288e+00 -1.896917e+01
    endloop
  endfacet
  facet normal 0.000000e+00 -6.801727e-01 7.330519e-01
    outer loop
      vertex   0.000000e+00 8.803288e+00 -1.896917e+01
      vertex   -1.700000e+01 9.471616e+00 -1.834905e+01
      vertex   -1.700000e+01 8.803288e+00 -1.896917e+01
    endloop
  endfacet
  facet normal 0.000000e+00 -5.633201e-01 8.262388e-01
    outer loop
      vertex   0.000000e+00 8.803288e+00 -1.896917e+01
      vertex   -1.700000e+01 8.803288e+00 -1.896917e+01
      vertex   -1.700000e+01 8.050000e+00 -1.948275e+01
    endloop
  endfacet
  facet normal 0.000000e+00 -5.633201e-01 8.262388e-01
    outer loop
      vertex   -1.700000e+01 8.050000e+00 -1.948275e+01
      vertex   1.700000e+01 8.050000e+00 -1.948275e+01
      vertex   0.000000e+00 8.803288e+00 -1.896917e+01
    endloop
  endfacet
  facet normal 0.000000e+00 -5.633201e-01 8.262388e-01
    outer loop
      vertex   0.000000e+00 8.803288e+00 -1.896917e+01
      vertex   1.700000e+01 8.050000e+00 -1.948275e+01
      vertex   1.700000e+01 8.803288e+00 -1.896917e+01
    endloop
  endfacet
  facet normal 0.000000e+00 -6.801727e-01 7.330519e-01
    outer loop
      vertex   0.000000e+00 8.803288e+00 -1.896917e+01
      vertex   1.700000e+01 8.803288e+00 -1.896917e+01
      vertex   0.000000e+00 9.471616e+00 -1.834905e+01
    endloop
  endfacet
  facet normal 0.000000e+00 -6.801727e-01 7.330519e-01
    outer loop
      vertex   0.000000e+00 9.471616e+00 -1.834905e+01
      vertex   1.700000e+01 8.803288e+00 -1.896917e+01
      vertex   1.700000e+01 9.471616e+00 -1.834905e+01
    endloop
  endfacet
  facet normal 0.000000e+00 -7.818315e-01 6.234898e-01
    outer loop
      vertex   0.000000e+00 9.471616e+00 -1.834905e+01
      vertex   1.700000e+01 9.471616e+00 -1.834905e+01
      vertex   0.000000e+00 1.004006e+01 -1.763625e+01
    endloop
  endfacet
  facet normal 0.000000e+00 -7.818315e-01 6.234898e-01
    outer loop
      vertex   0.000000e+00 1.004006e+01 -1.763625e+01
      vertex   1.700000e+01 9.471616e+00 -1.834905e+01
      vertex   1.700000e+01 1.004006e+01 -1.763625e+01
    endloop
  endfacet
  facet normal 0.000000e+00 -8.660254e-01 5.000000e-01
    outer loop
      vertex   0.000000e+00 1.004006e+01 -1.763625e+01
      vertex   1.700000e+01 1.004006e+01 -1.763625e+01
      vertex   0.000000e+00 1.049591e+01 -1.684669e+01
    endloop
  endfacet
  facet normal 0.000000e+00 -8.660254e-01 5.000000e-01
    outer loop
      vertex   0.000000e+00 1.049591e+01 -1.684669e+01
      vertex   1.700000e+01 1.004006e+01 -1.763625e+01
      vertex   1.700000e+01 1.049591e+01 -1.684669e+01
    endloop
  endfacet
  facet normal 0.000000e+00 -9.308737e-01 3.653410e-01
    outer loop
      vertex   0.000000e+00 1.049591e+01 -1.684669e+01
      vertex   1.700000e+01 1.049591e+01 -1.684669e+01
      vertex   0.000000e+00 1.082899e+01 -1.599801e+01
    endloop
  endfacet
  facet normal 0.000000e+00 -9.308737e-01 3.653410e-01
    outer loop
      vertex   0.000000e+00 1.082899e+01 -1.599801e+01
      vertex   1.700000e+01 1.049591e+01 -1.684669e+01
      vertex   1.700000e+01 1.082899e+01 -1.599801e+01
    endloop
  endfacet
  facet normal 0.000000e+00 -9.749279e-01 2.225209e-01
    outer loop
      vertex   0.000000e+00 1.082899e+01 -1.599801e+01
      vertex   1.700000e+01 1.082899e+01 -1.599801e+01
      vertex   0.000000e+00 1.103187e+01 -1.510916e+01
    endloop
  endfacet
  facet normal 0.000000e+00 -9.749279e-01 2.225209e-01
    outer loop
      vertex   0.000000e+00 1.103187e+01 -1.510916e+01
      vertex   1.700000e+01 1.082899e+01 -1.599801e+01
      vertex   1.700000e+01 1.103187e+01 -1.510916e+01
    endloop
  endfacet
  facet normal 0.000000e+00 -9.972038e-01 7.473009e-02
    outer loop
      vertex   0.000000e+00 1.103187e+01 -1.510916e+01
      vertex   1.700000e+01 1.103187e+01 -1.510916e+01
      vertex   0.000000e+00 1.110000e+01 -1.420000e+01
    endloop
  endfacet
  facet normal 0.000000e+00 -9.972038e-01 7.473009e-02
    outer loop
      vertex   0.000000e+00 1.110000e+01 -1.420000e+01
      vertex   1.700000e+01 1.103187e+01 -1.510916e+01
      vertex   1.700000e+01 1.110000e+01 -1.420000e+01
    endloop
  endfacet
  facet normal 0.000000e+00 -9.972038e-01 -7.473009e-02
    outer loop
      vertex   0.000000e+00 1.110000e+01 -1.420000e+01
      vertex   1.700000e+01 1.110000e+01 -1.420000e+01
      vertex   0.000000e+00 1.103187e+01 -1.329084e+01
    endloop
  endfacet
  facet normal 0.000000e+00 -9.972038e-01 -7.473009e-02
    outer loop
      vertex   0.000000e+00 1.103187e+01 -1.329084e+01
      vertex   1.700000e+01 1.110000e+01 -1.420000e+01
      vertex   1.700000e+01 1.103187e+01 -1.329084e+01
    endloop
  endfacet
  facet normal 0.000000e+00 -9.749279e-01 -2.225209e-01
    outer loop
      vertex   0.000000e+00 1.103187e+01 -1.329084e+01
      vertex   1.700000e+01 1.103187e+01 -1.329084e+01
      vertex   0.000000e+00 1.082899e+01 -1.240199e+01
    endloop
  endfacet
  facet normal 0.000000e+00 -9.749279e-01 -2.225209e-01
    outer loop
      vertex   0.000000e+00 1.082899e+01 -1.240199e+01
      vertex   1.700000e+01 1.103187e+01 -1.329084e+01
      vertex   1.700000e+01 1.082899e+01 -1.240199e+01
    endloop
  endfacet
  facet normal 0.000000e+00 -9.308737e-01 -3.653410e-01
    outer loop
      vertex   0.000000e+00 1.082899e+01 -1.240199e+01
      vertex   1.700000e+01 1.082899e+01 -1.240199e+01
      vertex   0.000000e+00 1.049591e+01 -1.155331e+01
    endloop
  endfacet
  facet normal 0.000000e+00 -9.308737e-01 -3.653410e-01
    outer loop
      vertex   0.000000e+00 1.049591e+01 -1.155331e+01
      vertex   1.700000e+01 1.082899e+01 -1.240199e+01
      vertex   1.700000e+01 1.049591e+01 -1.155331e+01
    endloop
  endfacet
  facet normal 0.000000e+00 -8.660254e-01 -5.000000e-01
    outer loop
      vertex   0.000000e+00 1.049591e+01 -1.155331e+01
      vertex   1.700000e+01 1.049591e+01 -1.155331e+01
      vertex   0.000000e+00 1.004006e+01 -1.076375e+01
    endloop
  endfacet
  facet normal 0.000000e+00 -8.660254e-01 -5.000000e-01
    outer loop
      vertex   0.000000e+00 1.004006e+01 -1.076375e+01
      vertex   1.700000e+01 1.049591e+01 -1.155331e+01
      vertex   1.700000e+01 1.004006e+01 -1.076375e+01
    endloop
  endfacet
  facet normal 0.000000e+00 -7.818315e-01 -6.234898e-01
    outer loop
      vertex   0.000000e+00 1.004006e+01 -1.076375e+01
      vertex   1.700000e+01 1.004006e+01 -1.076375e+01
      vertex   0.000000e+00 9.471616e+00 -1.005095e+01
    endloop
  endfacet
  facet normal 0.000000e+00 -7.818315e-01 -6.234898e-01
    outer loop
      vertex   0.000000e+00 9.471616e+00 -1.005095e+01
      vertex   1.700000e+01 1.004006e+01 -1.076375e+01
      vertex   1.700000e+01 9.471616e+00 -1.005095e+01
    endloop
  endfacet
  facet normal 0.000000e+00 -6.801727e-01 -7.330519e-01
    outer loop
      vertex   0.000000e+00 9.471616e+00 -1.005095e+01
      vertex   1.700000e+01 9.471616e+00 -1.005095e+01
      vertex   0.000000e+00 8.803288e+00 -9.430828e+00
    endloop
  endfacet
  facet normal 0.000000e+00 -6.801727e-01 -7.330519e-01
    outer loop
      vertex   0.000000e+00 8.803288e+00 -9.430828e+00
      vertex   1.700000e+01 9.471616e+00 -1.005095e+01
      vertex   1.700000e+01 8.803288e+00 -9.430828e+00
    endloop
  endfacet
  facet normal 0.000000e+00 -5.633201e-01 -8.262388e-01
    outer loop
      vertex   0.000000e+00 8.803288e+00 -9.430828e+00
      vertex   1.700000e+01 8.803288e+00 -9.430828e+00
      vertex   0.000000e+00 8.050000e+00 -8.917245e+00
    endloop
  endfacet
  facet normal 0.000000e+00 -5.633201e-01 -8.262388e-01
    outer loop
      vertex   0.000000e+00 8.050000e+00 -8.917245e+00
      vertex   1.700000e+01 8.803288e+00 -9.430828e+00
      vertex   1.700000e+01 8.050000e+00 -8.917245e+00
    endloop
  endfacet
  facet normal 0.000000e+00 -4.338837e-01 -9.009689e-01
    outer loop
      vertex   0.000000e+00 8.050000e+00 -8.917245e+00
      vertex   1.700000e+01 8.050000e+00 -8.917245e+00
      vertex   0.000000e+00 7.228580e+00 -8.521670e+00
    endloop
  endfacet
  facet normal 0.000000e+00 -4.338837e-01 -9.009689e-01
    outer loop
      vertex   0.000000e+00 7.228580e+00 -8.521670e+00
      vertex   1.700000e+01 8.050000e+00 -8.917245e+00
      vertex   1.700000e+01 7.228580e+00 -8.521670e+00
    endloop
  endfacet
  facet normal 0.000000e+00 -2.947552e-01 -9.555728e-01
    outer loop
      vertex   0.000000e+00 7.228580e+00 -8.521670e+00
      vertex   1.700000e+01 7.228580e+00 -8.521670e+00
      vertex   0.000000e+00 6.357378e+00 -8.252940e+00
    endloop
  endfacet
  facet normal 0.000000e+00 -2.947552e-01 -9.555728e-01
    outer loop
      vertex   0.000000e+00 6.357378e+00 -8.252940e+00
      vertex   1.700000e+01 7.228580e+00 -8.521670e+00
      vertex   1.700000e+01 6.357378e+00 -8.252940e+00
    endloop
  endfacet
  facet normal 0.000000e+00 -1.490423e-01 -9.888308e-01
    outer loop
      vertex   0.000000e+00 6.357378e+00 -8.252940e+00
      vertex   1.700000e+01 6.357378e+00 -8.252940e+00
      vertex   0.000000e+00 5.455854e+00 -8.117057e+00
    endloop
  endfacet
  facet normal 0.000000e+00 -1.490423e-01 -9.888308e-01
    outer loop
      vertex   0.000000e+00 5.455854e+00 -8.117057e+00
      vertex   1.700000e+01 6.357378e+00 -8.252940e+00
      vertex   1.700000e+01 5.455854e+00 -8.117057e+00
    endloop
  endfacet
  facet normal 0.000000e+00 1.948385e-15 -1.000000e+00
    outer loop
      vertex   0.000000e+00 5.455854e+00 -8.117057e+00
      vertex   1.700000e+01 5.455854e+00 -8.117057e+00
      vertex   0.000000e+00 4.544146e+00 -8.117057e+00
    endloop
  endfacet
  facet normal 0.000000e+00 1.948385e-15 -1.000000e+00
    outer loop
      vertex   0.000000e+00 4.544146e+00 -8.117057e+00
      vertex   1.700000e+01 5.455854e+00 -8.117057e+00
      vertex   1.700000e+01 4.544146e+00 -8.117057e+00
    endloop
  endfacet
  facet normal 0.000000e+00 1.490423e-01 -9.888308e-01
    outer loop
      vertex   0.000000e+00 4.544146e+00 -8.117057e+00
      vertex   1.700000e+01 4.544146e+00 -8.117057e+00
      vertex   0.000000e+00 3.642622e+00 -8.252940e+00
    endloop
  endfacet
  facet normal 0.000000e+00 1.490423e-01 -9.888308e-01
    outer loop
      vertex   0.000000e+00 3.642622e+00 -8.252940e+00
      vertex   1.700000e+01 4.544146e+00 -8.117057e+00
      vertex   1.700000e+01 3.642622e+00 -8.252940e+00
    endloop
  endfacet
  facet normal 0.000000e+00 2.947552e-01 -9.555728e-01
    outer loop
      vertex   0.000000e+00 3.642622e+00 -8.252940e+00
      vertex   1.700000e+01 3.642622e+00 -8.252940e+00
      vertex   0.000000e+00 2.771420e+00 -8.521670e+00
    endloop
  endfacet
  facet normal 0.000000e+00 2.947552e-01 -9.555728e-01
    outer loop
      vertex   0.000000e+00 2.771420e+00 -8.521670e+00
      vertex   1.700000e+01 3.642622e+00 -8.252940e+00
      vertex   1.700000e+01 2.771420e+00 -8.521670e+00
    endloop
  endfacet
  facet normal 0.000000e+00 4.338837e-01 -9.009689e-01
    outer loop
      vertex   0.000000e+00 2.771420e+00 -8.521670e+00
      vertex   1.700000e+01 2.771420e+00 -8.521670e+00
      vertex   0.000000e+00 1.950000e+00 -8.917245e+00
    endloop
  endfacet
  facet normal 0.000000e+00 4.338837e-01 -9.009689e-01
    outer loop
      vertex   0.000000e+00 1.950000e+00 -8.917245e+00
      vertex   1.700000e+01 2.771420e+00 -8.521670e+00
      vertex   1.700000e+01 1.950000e+00 -8.917245e+00
    endloop
  endfacet
  facet normal 0.000000e+00 5.633201e-01 -8.262388e-01
    outer loop
      vertex   0.000000e+00 1.950000e+00 -8.917245e+00
      vertex   1.700000e+01 1.950000e+00 -8.917245e+00
      vertex   0.000000e+00 1.196712e+00 -9.430828e+00
    endloop
  endfacet
  facet normal 0.000000e+00 5.633201e-01 -8.262388e-01
    outer loop
      vertex   0.000000e+00 1.196712e+00 -9.430828e+00
      vertex   1.700000e+01 1.950000e+00 -8.917245e+00
      vertex   1.700000e+01 1.196712e+00 -9.430828e+00
    endloop
  endfacet
  facet normal 0.000000e+00 6.801727e-01 -7.330519e-01
    outer loop
      vertex   0.000000e+00 1.196712e+00 -9.430828e+00
      vertex   1.700000e+01 1.196712e+00 -9.430828e+00
      vertex   0.000000e+00 5.283836e-01 -1.005095e+01
    endloop
  endfacet
  facet normal 0.000000e+00 6.801727e-01 -7.330519e-01
    outer loop
      vertex   0.000000e+00 5.283836e-01 -1.005095e+01
      vertex   1.700000e+01 1.196712e+00 -9.430828e+00
      vertex   1.700000e+01 5.283836e-01 -1.005095e+01
    endloop
  endfacet
  facet normal 0.000000e+00 7.818315e-01 -6.234898e-01
    outer loop
      vertex   0.000000e+00 5.283836e-01 -1.005095e+01
      vertex   1.700000e+01 5.283836e-01 -1.005095e+01
      vertex   0.000000e+00 -4.005652e-02 -1.076375e+01
    endloop
  endfacet
  facet normal 0.000000e+00 7.818315e-01 -6.234898e-01
    outer loop
      vertex   0.000000e+00 -4.005652e-02 -1.076375e+01
      vertex   1.700000e+01 5.283836e-01 -1.005095e+01
      vertex   1.700000e+01 -4.005652e-02 -1.076375e+01
    endloop
  endfacet
  facet normal 0.000000e+00 8.660254e-01 -5.000000e-01
    outer loop
      vertex   0.000000e+00 -4.005652e-02 -1.076375e+01
      vertex   1.700000e+01 -4.005652e-02 -1.076375e+01
      vertex   0.000000e+00 -4.959101e-01 -1.155331e+01
    endloop
  endfacet
  facet normal 0.000000e+00 8.660254e-01 -5.000000e-01
    outer loop
      vertex   0.000000e+00 -4.959101e-01 -1.155331e+01
      vertex   1.700000e+01 -4.005652e-02 -1.076375e+01
      vertex   1.700000e+01 -4.959101e-01 -1.155331e+01
    endloop
  endfacet
  facet normal 0.000000e+00 9.308737e-01 -3.653410e-01
    outer loop
      vertex   0.000000e+00 -4.959101e-01 -1.155331e+01
      vertex   1.700000e+01 -4.959101e-01 -1.155331e+01
      vertex   0.000000e+00 -8.289941e-01 -1.240199e+01
    endloop
  endfacet
  facet normal 0.000000e+00 9.308737e-01 -3.653410e-01
    outer loop
      vertex   0.000000e+00 -8.289941e-01 -1.240199e+01
      vertex   1.700000e+01 -4.959101e-01 -1.155331e+01
      vertex   1.700000e+01 -8.289941e-01 -1.240199e+01
    endloop
  endfacet
  facet normal 0.000000e+00 9.749279e-01 -2.225209e-01
    outer loop
      vertex   0.000000e+00 -8.289941e-01 -1.240199e+01
      vertex   1.700000e+01 -8.289941e-01 -1.240199e+01
      vertex   0.000000e+00 -1.031868e+00 -1.329084e+01
    endloop
  endfacet
  facet normal 0.000000e+00 9.749279e-01 -2.225209e-01
    outer loop
      vertex   0.000000e+00 -1.031868e+00 -1.329084e+01
      vertex   1.700000e+01 -8.289941e-01 -1.240199e+01
      vertex   1.700000e+01 -1.031868e+00 -1.329084e+01
    endloop
  endfacet
  facet normal 0.000000e+00 9.972038e-01 -7.473009e-02
    outer loop
      vertex   0.000000e+00 -1.031868e+00 -1.329084e+01
      vertex   1.700000e+01 -1.031868e+00 -1.329084e+01
      vertex   0.000000e+00 -1.100000e+00 -1.420000e+01
    endloop
  endfacet
  facet normal 0.000000e+00 9.972038e-01 -7.473009e-02
    outer loop
      vertex   0.000000e+00 -1.100000e+00 -1.420000e+01
      vertex   1.700000e+01 -1.031868e+00 -1.329084e+01
      vertex   1.700000e+01 -1.100000e+00 -1.420000e+01
    endloop
  endfacet
  facet normal -0.000000e+00 9.972038e-01 7.473009e-02
    outer loop
      vertex   0.000000e+00 -1.100000e+00 -1.420000e+01
      vertex   1.700000e+01 -1.100000e+00 -1.420000e+01
      vertex   0.000000e+00 -1.031868e+00 -1.510916e+01
    endloop
  endfacet
  facet normal -0.000000e+00 9.972038e-01 7.473009e-02
    outer loop
      vertex   0.000000e+00 -1.031868e+00 -1.510916e+01
      vertex   1.700000e+01 -1.100000e+00 -1.420000e+01
      vertex   1.700000e+01 -1.031868e+00 -1.510916e+01
    endloop
  endfacet
  facet normal -0.000000e+00 9.749279e-01 2.225209e-01
    outer loop
      vertex   0.000000e+00 -1.031868e+00 -1.510916e+01
      vertex   1.700000e+01 -1.031868e+00 -1.510916e+01
      vertex   0.000000e+00 -8.289941e-01 -1.599801e+01
    endloop
  endfacet
  facet normal -0.000000e+00 9.749279e-01 2.225209e-01
    outer loop
      vertex   0.000000e+00 -8.289941e-01 -1.599801e+01
      vertex   1.700000e+01 -1.031868e+00 -1.510916e+01
      vertex   1.700000e+01 -8.289941e-01 -1.599801e+01
    endloop
  endfacet
  facet normal -0.000000e+00 9.308737e-01 3.653410e-01
    outer loop
      vertex   0.000000e+00 -8.289941e-01 -1.599801e+01
      vertex   1.700000e+01 -8.289941e-01 -1.599801e+01
      vertex   0.000000e+00 -4.959101e-01 -1.684669e+01
    endloop
  endfacet
  facet normal -0.000000e+00 9.308737e-01 3.653410e-01
    outer loop
      vertex   0.000000e+00 -4.959101e-01 -1.684669e+01
      vertex   1.700000e+01 -8.289941e-01 -1.599801e+01
      vertex   1.700000e+01 -4.959101e-01 -1.684669e+01
    endloop
  endfacet
  facet normal -0.000000e+00 8.660254e-01 5.000000e-01
    outer loop
      vertex   0.000000e+00 -4.959101e-01 -1.684669e+01
      vertex   1.700000e+01 -4.959101e-01 -1.684669e+01
      vertex   0.000000e+00 -4.005652e-02 -1.763625e+01
    endloop
  endfacet
  facet normal -0.000000e+00 8.660254e-01 5.000000e-01
    outer loop
      vertex   0.000000e+00 -4.005652e-02 -1.763625e+01
      vertex   1.700000e+01 -4.959101e-01 -1.684669e+01
      vertex   1.700000e+01 -4.005652e-02 -1.763625e+01
    endloop
  endfacet
  facet normal -0.000000e+00 7.818315e-01 6.234898e-01
    outer loop
      vertex   0.000000e+00 -4.005652e-02 -1.763625e+01
      vertex   1.700000e+01 -4.005652e-02 -1.763625e+01
      vertex   0.000000e+00 5.283836e-01 -1.834905e+01
    endloop
  endfacet
  facet normal -0.000000e+00 7.818315e-01 6.234898e-01
    outer loop
      vertex   0.000000e+00 5.283836e-01 -1.834905e+01
      vertex   1.700000e+01 -4.005652e-02 -1.763625e+01
      vertex   1.700000e+01 5.283836e-01 -1.834905e+01
    endloop
  endfacet
  facet normal -0.000000e+00 6.801727e-01 7.330519e-01
    outer loop
      vertex   0.000000e+00 5.283836e-01 -1.834905e+01
      vertex   1.700000e+01 5.283836e-01 -1.834905e+01
      vertex   0.000000e+00 1.196712e+00 -1.896917e+01
    endloop
  endfacet
  facet normal -0.000000e+00 6.801727e-01 7.330519e-01
    outer loop
      vertex   0.000000e+00 1.196712e+00 -1.896917e+01
      vertex   1.700000e+01 5.283836e-01 -1.834905e+01
      vertex   1.700000e+01 1.196712e+00 -1.896917e+01
    endloop
  endfacet
  facet normal -0.000000e+00 5.633201e-01 8.262388e-01
    outer loop
      vertex   0.000000e+00 1.196712e+00 -1.896917e+01
      vertex   1.700000e+01 1.196712e+00 -1.896917e+01
      vertex   1.700000e+01 1.950000e+00 -1.948275e+01
    endloop
  endfacet
  facet normal 0.000000e+00 5.000000e-01 8.660254e-01
    outer loop
      vertex   -1.526108e+01 -2.605000e+01 -1.948275e+01
      vertex   -1.565027e+01 -2.574073e+01 -1.966131e+01
      vertex   -1.700000e+01 -2.605000e+01 -1.948275e+01
    endloop
  endfacet
  facet normal 3.691899e-15 5.000000e-01 8.660254e-01
    outer loop
      vertex   -1.700000e+01 -2.605000e+01 -1.948275e+01
      vertex   -1.565027e+01 -2.574073e+01 -1.966131e+01
      vertex   -1.607405e+01 -2.548088e+01 -1.981134e+01
    endloop
  endfacet
  facet normal 1.285865e-15 5.000000e-01 8.660254e-01
    outer loop
      vertex   -1.700000e+01 -2.605000e+01 -1.948275e+01
      vertex   -1.607405e+01 -2.548088e+01 -1.981134e+01
      vertex   -1.652618e+01 -2.527426e+01 -1.993063e+01
    endloop
  endfacet
  facet normal 1.681700e-14 5.000000e-01 8.660254e-01
    outer loop
      vertex   -1.652618e+01 -2.527426e+01 -1.993063e+01
      vertex   -1.700000e+01 -2.512391e+01 -2.001743e+01
      vertex   -1.700000e+01 -2.605000e+01 -1.948275e+01
    endloop
  endfacet
  facet normal 5.000000e-01 -1.215168e-16 8.660254e-01
    outer loop
      vertex   -8.000000e+00 -3.356579e+01 -7.043673e+00
      vertex   -9.714651e+00 -2.601084e+01 -6.053719e+00
      vertex   -1.105000e+01 -3.304787e+01 -5.282755e+00
    endloop
  endfacet
  facet normal 5.000000e-01 -4.205974e-17 8.660254e-01
    outer loop
      vertex   -1.105000e+01 -3.304787e+01 -5.282755e+00
      vertex   -9.714651e+00 -2.601084e+01 -6.053719e+00
      vertex   -1.011166e+01 -2.639107e+01 -5.824508e+00
    endloop
  endfacet
  facet normal 5.000000e-01 -2.863754e-16 8.660254e-01
    outer loop
      vertex   -1.105000e+01 -3.304787e+01 -5.282755e+00
      vertex   -1.011166e+01 -2.639107e+01 -5.824508e+00
      vertex   -1.055998e+01 -2.670918e+01 -5.565666e+00
    endloop
  endfacet
  facet normal 5.000000e-01 0.000000e+00 8.660254e-01
    outer loop
      vertex   -8.000000e+00 1.450000e+01 -7.043673e+00
      vertex   -8.750000e+00 -2.350000e+01 -6.610661e+00
      vertex   -8.000000e+00 -3.356579e+01 -7.043673e+00
    endloop
  endfacet
  facet normal 5.000000e-01 0.000000e+00 8.660254e-01
    outer loop
      vertex   -8.000000e+00 -3.356579e+01 -7.043673e+00
      vertex   -8.750000e+00 -2.350000e+01 -6.610661e+00
      vertex   -8.790292e+00 -2.404824e+01 -6.587398e+00
    endloop
  endfacet
  facet normal 5.000000e-01 3.990427e-16 8.660254e-01
    outer loop
      vertex   -8.000000e+00 -3.356579e+01 -7.043673e+00
      vertex   -8.790292e+00 -2.404824e+01 -6.587398e+00
      vertex   -8.910301e+00 -2.458470e+01 -6.518110e+00
    endloop
  endfacet
  facet normal 5.000000e-01 2.131850e-17 8.660254e-01
    outer loop
      vertex   -1.105000e+01 1.450000e+01 -5.282755e+00
      vertex   -9.714651e+00 -2.098916e+01 -6.053719e+00
      vertex   -8.000000e+00 1.450000e+01 -7.043673e+00
    endloop
  endfacet
  facet normal 5.000000e-01 1.512993e-17 8.660254e-01
    outer loop
      vertex   -8.000000e+00 1.450000e+01 -7.043673e+00
      vertex   -9.714651e+00 -2.098916e+01 -6.053719e+00
      vertex   -9.377501e+00 -2.142334e+01 -6.248373e+00
    endloop
  endfacet
  facet normal 5.000000e-01 -9.280082e-18 8.660254e-01
    outer loop
      vertex   -8.000000e+00 1.450000e+01 -7.043673e+00
      vertex   -9.377501e+00 -2.142334e+01 -6.248373e+00
      vertex   -9.107450e+00 -2.190216e+01 -6.404287e+00
    endloop
  endfacet
  facet normal 5.000000e-01 -2.226832e-17 8.660254e-01
    outer loop
      vertex   -1.105000e+01 -2.004168e+01 -5.282755e+00
      vertex   -1.055998e+01 -2.029082e+01 -5.565666e+00
      vertex   -1.105000e+01 1.450000e+01 -5.282755e+00
    endloop
  endfacet
  facet normal 5.000000e-01 4.047213e-17 8.660254e-01
    outer loop
      vertex   -1.105000e+01 1.450000e+01 -5.282755e+00
      vertex   -1.055998e+01 -2.029082e+01 -5.565666e+00
      vertex   -1.011166e+01 -2.060893e+01 -5.824508e+00
    endloop
  endfacet
  facet normal 5.000000e-01 -6.371357e-17 8.660254e-01
    outer loop
      vertex   -1.105000e+01 1.450000e+01 -5.282755e+00
      vertex   -1.011166e+01 -2.060893e+01 -5.824508e+00
      vertex   -9.714651e+00 -2.098916e+01 -6.053719e+00
    endloop
  endfacet
  facet normal 5.000000e-01 4.345022e-17 8.660254e-01
    outer loop
      vertex   -9.107450e+00 -2.190216e+01 -6.404287e+00
      vertex   -8.910301e+00 -2.241530e+01 -6.518110e+00
      vertex   -8.000000e+00 1.450000e+01 -7.043673e+00
    endloop
  endfacet
  facet normal 5.000000e-01 -1.270629e-16 8.660254e-01
    outer loop
      vertex   -8.000000e+00 1.450000e+01 -7.043673e+00
      vertex   -8.910301e+00 -2.241530e+01 -6.518110e+00
      vertex   -8.790292e+00 -2.295176e+01 -6.587398e+00
    endloop
  endfacet
  facet normal 5.000000e-01 0.000000e+00 8.660254e-01
    outer loop
      vertex   -8.000000e+00 1.450000e+01 -7.043673e+00
      vertex   -8.790292e+00 -2.295176e+01 -6.587398e+00
      vertex   -8.750000e+00 -2.350000e+01 -6.610661e+00
    endloop
  endfacet
  facet normal 5.000000e-01 2.148342e-16 8.660254e-01
    outer loop
      vertex   -8.910301e+00 -2.458470e+01 -6.518110e+00
      vertex   -9.107450e+00 -2.509784e+01 -6.404287e+00
      vertex   -8.000000e+00 -3.356579e+01 -7.043673e+00
    endloop
  endfacet
  facet normal 5.000000e-01 -4.095714e-16 8.660254e-01
    outer loop
      vertex   -8.000000e+00 -3.356579e+01 -7.043673e+00
      vertex   -9.107450e+00 -2.509784e+01 -6.404287e+00
      vertex   -9.377501e+00 -2.557666e+01 -6.248373e+00
    endloop
  endfacet
  facet normal 5.000000e-01 -5.841976e-17 8.660254e-01
    outer loop
      vertex   -8.000000e+00 -3.356579e+01 -7.043673e+00
      vertex   -9.377501e+00 -2.557666e+01 -6.248373e+00
      vertex   -9.714651e+00 -2.601084e+01 -6.053719e+00
    endloop
  endfacet
  facet normal 5.000000e-01 1.288858e-16 8.660254e-01
    outer loop
      vertex   -1.055998e+01 -2.670918e+01 -5.565666e+00
      vertex   -1.105000e+01 -2.695832e+01 -5.282755e+00
      vertex   -1.105000e+01 -3.304787e+01 -5.282755e+00
    endloop
  endfacet
  facet normal 0.000000e+00 0.000000e+00 1.000000e+00
    outer loop
      vertex   -1.700000e+01 -2.870000e+01 9.500000e+00
      vertex   1.700000e+01 -2.870000e+01 9.500000e+00
      vertex   -1.700000e+01 -2.850000e+01 9.500000e+00
    endloop
  endfacet
  facet normal -0.000000e+00 0.000000e+00 1.000000e+00
    outer loop
      vertex   -1.700000e+01 -2.850000e+01 9.500000e+00
      vertex   1.700000e+01 -2.870000e+01 9.500000e+00
      vertex   1.700000e+01 -2.850000e+01 9.500000e+00
    endloop
  endfacet
  facet normal 0.000000e+00 0.000000e+00 1.000000e+00
    outer loop
      vertex   -1.700000e+01 -2.754033e+00 9.500000e+00
      vertex   -1.700000e+01 -1.824597e+01 9.500000e+00
      vertex   -1.623107e+01 -3.692874e+00 9.500000e+00
    endloop
  endfacet
  facet normal 0.000000e+00 0.000000e+00 1.000000e+00
    outer loop
      vertex   -1.623107e+01 -3.692874e+00 9.500000e+00
      vertex   -1.700000e+01 -1.824597e+01 9.500000e+00
      vertex   -1.623107e+01 -1.730713e+01 9.500000e+00
    endloop
  endfacet
  facet normal 0.000000e+00 0.000000e+00 1.000000e+00
    outer loop
      vertex   -1.623107e+01 -3.692874e+00 9.500000e+00
      vertex   -1.623107e+01 -1.730713e+01 9.500000e+00
      vertex   -1.556536e+01 -1.629248e+01 9.500000e+00
    endloop
  endfacet
  facet normal 0.000000e+00 0.000000e+00 1.000000e+00
    outer loop
      vertex   -1.623107e+01 -3.692874e+00 9.500000e+00
      vertex   -1.556536e+01 -1.629248e+01 9.500000e+00
      vertex   -1.556536e+01 -4.707515e+00 9.500000e+00
    endloop
  endfacet
  facet normal 0.000000e+00 0.000000e+00 1.000000e+00
    outer loop
      vertex   -1.556536e+01 -4.707515e+00 9.500000e+00
      vertex   -1.556536e+01 -1.629248e+01 9.500000e+00
      vertex   -1.501027e+01 -1.521334e+01 9.500000e+00
    endloop
  endfacet
  facet normal 0.000000e+00 0.000000e+00 1.000000e+00
    outer loop
      vertex   -1.556536e+01 -4.707515e+00 9.500000e+00
      vertex   -1.501027e+01 -1.521334e+01 9.500000e+00
      vertex   -1.501027e+01 -5.786659e+00 9.500000e+00
    endloop
  endfacet
  facet normal 0.000000e+00 0.000000e+00 1.000000e+00
    outer loop
      vertex   -1.501027e+01 -5.786659e+00 9.500000e+00
      vertex   -1.501027e+01 -1.521334e+01 9.500000e+00
      vertex   -1.457199e+01 -1.408171e+01 9.500000e+00
    endloop
  endfacet
  facet normal 0.000000e+00 0.000000e+00 1.000000e+00
    outer loop
      vertex   -1.501027e+01 -5.786659e+00 9.500000e+00
      vertex   -1.457199e+01 -1.408171e+01 9.500000e+00
      vertex   -1.457199e+01 -6.918288e+00 9.500000e+00
    endloop
  endfacet
  facet normal 0.000000e+00 0.000000e+00 1.000000e+00
    outer loop
      vertex   -1.457199e+01 -6.918288e+00 9.500000e+00
      vertex   -1.457199e+01 -1.408171e+01 9.500000e+00
      vertex   -1.425540e+01 -1.291020e+01 9.500000e+00
    endloop
  endfacet
  facet normal 0.000000e+00 0.000000e+00 1.000000e+00
    outer loop
      vertex   -1.457199e+01 -6.918288e+00 9.500000e+00
      vertex   -1.425540e+01 -1.291020e+01 9.500000e+00
      vertex   -1.425540e+01 -8.089801e+00 9.500000e+00
    endloop
  endfacet
  facet normal 0.000000e+00 0.000000e+00 1.000000e+00
    outer loop
      vertex   -1.425540e+01 -8.089801e+00 9.500000e+00
      vertex   -1.425540e+01 -1.291020e+01 9.500000e+00
      vertex   -1.406403e+01 -1.171185e+01 9.500000e+00
    endloop
  endfacet
  facet normal 0.000000e+00 0.000000e+00 1.000000e+00
    outer loop
      vertex   -1.425540e+01 -8.089801e+00 9.500000e+00
      vertex   -1.406403e+01 -1.171185e+01 9.500000e+00
      vertex   -1.406403e+01 -9.288153e+00 9.500000e+00
    endloop
  endfacet
  facet normal 0.000000e+00 0.000000e+00 1.000000e+00
    outer loop
      vertex   -1.406403e+01 -9.288153e+00 9.500000e+00
      vertex   -1.406403e+01 -1.171185e+01 9.500000e+00
      vertex   -1.400000e+01 -1.050000e+01 9.500000e+00
    endloop
  endfacet
  facet normal 0.000000e+00 0.000000e+00 1.000000e+00
    outer loop
      vertex   1.700000e+01 -2.754033e+00 9.500000e+00
      vertex   1.623107e+01 -3.692874e+00 9.500000e+00
      vertex   1.700000e+01 -1.824597e+01 9.500000e+00
    endloop
  endfacet
  facet normal 0.000000e+00 0.000000e+00 1.000000e+00
    outer loop
      vertex   1.700000e+01 -1.824597e+01 9.500000e+00
      vertex   1.623107e+01 -3.692874e+00 9.500000e+00
      vertex   1.623107e+01 -1.730713e+01 9.500000e+00
    endloop
  endfacet
  facet normal 0.000000e+00 -0.000000e+00 1.000000e+00
    outer loop
      vertex   1.623107e+01 -1.730713e+01 9.500000e+00
      vertex   1.623107e+01 -3.692874e+00 9.500000e+00
      vertex   1.556536e+01 -1.629248e+01 9.500000e+00
    endloop
  endfacet
  facet normal 0.000000e+00 -0.000000e+00 1.000000e+00
    outer loop
      vertex   1.556536e+01 -1.629248e+01 9.500000e+00
      vertex   1.623107e+01 -3.692874e+00 9.500000e+00
      vertex   1.556536e+01 -4.707515e+00 9.500000e+00
    endloop
  endfacet
  facet normal 0.000000e+00 0.000000e+00 1.000000e+00
    outer loop
      vertex   1.556536e+01 -1.629248e+01 9.500000e+00
      vertex   1.556536e+01 -4.707515e+00 9.500000e+00
      vertex   1.501027e+01 -1.521334e+01 9.500000e+00
    endloop
  endfacet
  facet normal 0.000000e+00 -0.000000e+00 1.000000e+00
    outer loop
      vertex   1.501027e+01 -1.521334e+01 9.500000e+00
      vertex   1.556536e+01 -4.707515e+00 9.500000e+00
      vertex   1.501027e+01 -5.786659e+00 9.500000e+00
    endloop
  endfacet
  facet normal 0.000000e+00 0.000000e+00 1.000000e+00
    outer loop
      vertex   1.501027e+01 -1.521334e+01 9.500000e+00
      vertex   1.501027e+01 -5.786659e+00 9.500000e+00
      vertex   1.457199e+01 -1.408171e+01 9.500000e+00
    endloop
  endfacet
  facet normal 0.000000e+00 -0.000000e+00 1.000000e+00
    outer loop
      vertex   1.457199e+01 -1.408171e+01 9.500000e+00
      vertex   1.501027e+01 -5.786659e+00 9.500000e+00
      vertex   1.457199e+01 -6.918288e+00 9.500000e+00
    endloop
  endfacet
  facet normal 0.000000e+00 0.000000e+00 1.000000e+00
    outer loop
      vertex   1.457199e+01 -1.408171e+01 9.500000e+00
      vertex   1.457199e+01 -6.918288e+00 9.500000e+00
      vertex   1.425540e+01 -1.291020e+01 9.500000e+00
    endloop
  endfacet
  facet normal 0.000000e+00 0.000000e+00 1.000000e+00
    outer loop
      vertex   1.425540e+01 -1.291020e+01 9.500000e+00
      vertex   1.457199e+01 -6.918288e+00 9.500000e+00
      vertex   1.425540e+01 -8.089801e+00 9.500000e+00
    endloop
  endfacet
  facet normal 0.000000e+00 -0.000000e+00 1.000000e+00
    outer loop
      vertex   1.425540e+01 -1.291020e+01 9.500000e+00
      vertex   1.425540e+01 -8.089801e+00 9.500000e+00
      vertex   1.406403e+01 -1.171185e+01 9.500000e+00
    endloop
  endfacet
  facet normal 0.000000e+00 0.000000e+00 1.000000e+00
    outer loop
      vertex   1.406403e+01 -1.171185e+01 9.500000e+00
      vertex   1.425540e+01 -8.089801e+00 9.500000e+00
      vertex   1.406403e+01 -9.288153e+00 9.500000e+00
    endloop
  endfacet
  facet normal 0.000000e+00 -0.000000e+00 1.000000e+00
    outer loop
      vertex   1.406403e+01 -1.171185e+01 9.500000e+00
      vertex   1.406403e+01 -9.288153e+00 9.500000e+00
      vertex   1.400000e+01 -1.050000e+01 9.500000e+00
    endloop
  endfacet
  facet normal 0.000000e+00 0.000000e+00 -1.000000e+00
    outer loop
      vertex   2.950000e+01 1.450000e+01 9.500000e+00
      vertex   3.790000e+01 1.050000e+01 9.500000e+00
      vertex   2.950000e+01 6.500000e+00 9.500000e+00
    endloop
  endfacet
  facet normal 0.000000e+00 0.000000e+00 -1.000000e+00
    outer loop
      vertex   2.950000e+01 6.500000e+00 9.500000e+00
      vertex   3.790000e+01 1.050000e+01 9.500000e+00
      vertex   3.795452e+01 1.008589e+01 9.500000e+00
    endloop
  endfacet
  facet normal 0.000000e+00 0.000000e+00 -1.000000e+00
    outer loop
      vertex   2.950000e+01 6.500000e+00 9.500000e+00
      vertex   3.795452e+01 1.008589e+01 9.500000e+00
      vertex   3.811436e+01 9.700000e+00 9.500000e+00
    endloop
  endfacet
  facet normal -0.000000e+00 0.000000e+00 -1.000000e+00
    outer loop
      vertex   4.450000e+01 1.450000e+01 9.500000e+00
      vertex   3.908589e+01 1.204548e+01 9.500000e+00
      vertex   2.950000e+01 1.450000e+01 9.500000e+00
    endloop
  endfacet
  facet normal 0.000000e+00 0.000000e+00 -1.000000e+00
    outer loop
      vertex   2.950000e+01 1.450000e+01 9.500000e+00
      vertex   3.908589e+01 1.204548e+01 9.500000e+00
      vertex   3.870000e+01 1.188564e+01 9.500000e+00
    endloop
  endfacet
  facet normal 0.000000e+00 0.000000e+00 -1.000000e+00
    outer loop
      vertex   2.950000e+01 1.450000e+01 9.500000e+00
      vertex   3.870000e+01 1.188564e+01 9.500000e+00
      vertex   3.836863e+01 1.163137e+01 9.500000e+00
    endloop
  endfacet
  facet normal 0.000000e+00 0.000000e+00 -1.000000e+00
    outer loop
      vertex   4.450000e+01 -2.850000e+01 9.500000e+00
      vertex   4.004548e+01 2.085890e+00 9.500000e+00
      vertex   4.450000e+01 1.450000e+01 9.500000e+00
    endloop
  endfacet
  facet normal 0.000000e+00 0.000000e+00 -1.000000e+00
    outer loop
      vertex   4.450000e+01 1.450000e+01 9.500000e+00
      vertex   4.004548e+01 2.085890e+00 9.500000e+00
      vertex   4.010000e+01 2.500000e+00 9.500000e+00
    endloop
  endfacet
  facet normal 0.000000e+00 0.000000e+00 -1.000000e+00
    outer loop
      vertex   4.450000e+01 1.450000e+01 9.500000e+00
      vertex   4.010000e+01 2.500000e+00 9.500000e+00
      vertex   4.004548e+01 2.914110e+00 9.500000e+00
    endloop
  endfacet
  facet normal 0.000000e+00 0.000000e+00 -1.000000e+00
    outer loop
      vertex   1.700000e+01 -2.850000e+01 9.500000e+00
      vertex   3.808589e+01 -2.504548e+01 9.500000e+00
      vertex   4.450000e+01 -2.850000e+01 9.500000e+00
    endloop
  endfacet
  facet normal 0.000000e+00 0.000000e+00 -1.000000e+00
    outer loop
      vertex   4.450000e+01 -2.850000e+01 9.500000e+00
      vertex   3.808589e+01 -2.504548e+01 9.500000e+00
      vertex   3.850000e+01 -2.510000e+01 9.500000e+00
    endloop
  endfacet
  facet normal 0.000000e+00 0.000000e+00 -1.000000e+00
    outer loop
      vertex   4.450000e+01 -2.850000e+01 9.500000e+00
      vertex   3.850000e+01 -2.510000e+01 9.500000e+00
      vertex   3.891411e+01 -2.504548e+01 9.500000e+00
    endloop
  endfacet
  facet normal 0.000000e+00 0.000000e+00 -1.000000e+00
    outer loop
      vertex   1.700000e+01 -2.512391e+01 9.500000e+00
      vertex   2.212489e+01 -2.149357e+01 9.500000e+00
      vertex   1.700000e+01 -2.850000e+01 9.500000e+00
    endloop
  endfacet
  facet normal 0.000000e+00 0.000000e+00 -1.000000e+00
    outer loop
      vertex   1.700000e+01 -2.850000e+01 9.500000e+00
      vertex   2.212489e+01 -2.149357e+01 9.500000e+00
      vertex   2.331579e+01 -2.179067e+01 9.500000e+00
    endloop
  endfacet
  facet normal 0.000000e+00 0.000000e+00 -1.000000e+00
    outer loop
      vertex   1.700000e+01 -2.850000e+01 9.500000e+00
      vertex   2.331579e+01 -2.179067e+01 9.500000e+00
      vertex   2.453157e+01 -2.195915e+01 9.500000e+00
    endloop
  endfacet
  facet normal 0.000000e+00 0.000000e+00 -1.000000e+00
    outer loop
      vertex   1.631716e+01 -2.536155e+01 9.500000e+00
      vertex   1.631716e+01 -2.163845e+01 9.500000e+00
      vertex   1.700000e+01 -2.512391e+01 9.500000e+00
    endloop
  endfacet
  facet normal 0.000000e+00 0.000000e+00 -1.000000e+00
    outer loop
      vertex   1.700000e+01 -2.512391e+01 9.500000e+00
      vertex   1.631716e+01 -2.163845e+01 9.500000e+00
      vertex   1.700000e+01 -2.187609e+01 9.500000e+00
    endloop
  endfacet
  facet normal 0.000000e+00 0.000000e+00 -1.000000e+00
    outer loop
      vertex   1.700000e+01 -2.512391e+01 9.500000e+00
      vertex   1.700000e+01 -2.187609e+01 9.500000e+00
      vertex   1.987156e+01 -2.052849e+01 9.500000e+00
    endloop
  endfacet
  facet normal -0.000000e+00 0.000000e+00 -1.000000e+00
    outer loop
      vertex   1.987156e+01 -2.052849e+01 9.500000e+00
      vertex   1.700000e+01 -2.187609e+01 9.500000e+00
      vertex   1.883480e+01 -1.987151e+01 9.500000e+00
    endloop
  endfacet
  facet normal -0.000000e+00 0.000000e+00 -1.000000e+00
    outer loop
      vertex   1.883480e+01 -1.987151e+01 9.500000e+00
      vertex   1.700000e+01 -2.187609e+01 9.500000e+00
      vertex   1.787397e+01 -1.910776e+01 9.500000e+00
    endloop
  endfacet
  facet normal -0.000000e+00 0.000000e+00 -1.000000e+00
    outer loop
      vertex   1.787397e+01 -1.910776e+01 9.500000e+00
      vertex   1.700000e+01 -2.187609e+01 9.500000e+00
      vertex   1.700000e+01 -1.824597e+01 9.500000e+00
    endloop
  endfacet
  facet normal 0.000000e+00 0.000000e+00 -1.000000e+00
    outer loop
      vertex   1.568672e+01 -2.571551e+01 9.500000e+00
      vertex   1.404548e+01 -2.391411e+01 9.500000e+00
      vertex   1.631716e+01 -2.536155e+01 9.500000e+00
    endloop
  endfacet
  facet normal 0.000000e+00 0.000000e+00 -1.000000e+00
    outer loop
      vertex   1.631716e+01 -2.536155e+01 9.500000e+00
      vertex   1.404548e+01 -2.391411e+01 9.500000e+00
      vertex   1.410000e+01 -2.350000e+01 9.500000e+00
    endloop
  endfacet
  facet normal 0.000000e+00 0.000000e+00 -1.000000e+00
    outer loop
      vertex   1.631716e+01 -2.536155e+01 9.500000e+00
      vertex   1.410000e+01 -2.350000e+01 9.500000e+00
      vertex   1.631716e+01 -2.163845e+01 9.500000e+00
    endloop
  endfacet
  facet normal 0.000000e+00 0.000000e+00 -1.000000e+00
    outer loop
      vertex   1.631716e+01 -2.163845e+01 9.500000e+00
      vertex   1.410000e+01 -2.350000e+01 9.500000e+00
      vertex   1.404548e+01 -2.308589e+01 9.500000e+00
    endloop
  endfacet
  facet normal -0.000000e+00 0.000000e+00 -1.000000e+00
    outer loop
      vertex   1.631716e+01 -2.163845e+01 9.500000e+00
      vertex   1.404548e+01 -2.308589e+01 9.500000e+00
      vertex   1.568672e+01 -2.128449e+01 9.500000e+00
    endloop
  endfacet
  facet normal 0.000000e+00 0.000000e+00 -1.000000e+00
    outer loop
      vertex   1.568672e+01 -2.128449e+01 9.500000e+00
      vertex   1.404548e+01 -2.308589e+01 9.500000e+00
      vertex   1.388564e+01 -2.270000e+01 9.500000e+00
    endloop
  endfacet
  facet normal -0.000000e+00 0.000000e+00 -1.000000e+00
    outer loop
      vertex   1.568672e+01 -2.128449e+01 9.500000e+00
      vertex   1.388564e+01 -2.270000e+01 9.500000e+00
      vertex   1.512832e+01 -2.082522e+01 9.500000e+00
    endloop
  endfacet
  facet normal 0.000000e+00 0.000000e+00 -1.000000e+00
    outer loop
      vertex   1.512832e+01 -2.082522e+01 9.500000e+00
      vertex   1.388564e+01 -2.270000e+01 9.500000e+00
      vertex   1.363137e+01 -2.236863e+01 9.500000e+00
    endloop
  endfacet
  facet normal -0.000000e+00 0.000000e+00 -1.000000e+00
    outer loop
      vertex   1.512832e+01 -2.082522e+01 9.500000e+00
      vertex   1.363137e+01 -2.236863e+01 9.500000e+00
      vertex   1.458275e+01 -2.038156e+01 9.500000e+00
    endloop
  endfacet
  facet normal 0.000000e+00 0.000000e+00 -1.000000e+00
    outer loop
      vertex   1.458275e+01 -2.038156e+01 9.500000e+00
      vertex   1.363137e+01 -2.236863e+01 9.500000e+00
      vertex   1.330000e+01 -2.211436e+01 9.500000e+00
    endloop
  endfacet
  facet normal -0.000000e+00 0.000000e+00 -1.000000e+00
    outer loop
      vertex   1.458275e+01 -2.038156e+01 9.500000e+00
      vertex   1.330000e+01 -2.211436e+01 9.500000e+00
      vertex   1.396394e+01 -2.004755e+01 9.500000e+00
    endloop
  endfacet
  facet normal 0.000000e+00 0.000000e+00 -1.000000e+00
    outer loop
      vertex   1.396394e+01 -2.004755e+01 9.500000e+00
      vertex   1.330000e+01 -2.211436e+01 9.500000e+00
      vertex   1.291411e+01 -2.195452e+01 9.500000e+00
    endloop
  endfacet
  facet normal -0.000000e+00 0.000000e+00 -1.000000e+00
    outer loop
      vertex   1.396394e+01 -2.004755e+01 9.500000e+00
      vertex   1.291411e+01 -2.195452e+01 9.500000e+00
      vertex   1.329365e+01 -1.983495e+01 9.500000e+00
    endloop
  endfacet
  facet normal -0.000000e+00 0.000000e+00 -1.000000e+00
    outer loop
      vertex   1.329365e+01 -1.983495e+01 9.500000e+00
      vertex   1.291411e+01 -2.195452e+01 9.500000e+00
      vertex   1.259546e+01 -1.975122e+01 9.500000e+00
    endloop
  endfacet
  facet normal 0.000000e+00 -0.000000e+00 -1.000000e+00
    outer loop
      vertex   1.259546e+01 -1.975122e+01 9.500000e+00
      vertex   1.291411e+01 -2.195452e+01 9.500000e+00
      vertex   1.250000e+01 -2.190000e+01 9.500000e+00
    endloop
  endfacet
  facet normal 0.000000e+00 0.000000e+00 -1.000000e+00
    outer loop
      vertex   1.259546e+01 -1.975122e+01 9.500000e+00
      vertex   1.250000e+01 -2.190000e+01 9.500000e+00
      vertex   1.189391e+01 -1.979930e+01 9.500000e+00
    endloop
  endfacet
  facet normal 0.000000e+00 0.000000e+00 -1.000000e+00
    outer loop
      vertex   1.189391e+01 -1.979930e+01 9.500000e+00
      vertex   1.250000e+01 -2.190000e+01 9.500000e+00
      vertex   1.208589e+01 -2.195452e+01 9.500000e+00
    endloop
  endfacet
  facet normal 0.000000e+00 -0.000000e+00 -1.000000e+00
    outer loop
      vertex   1.189391e+01 -1.979930e+01 9.500000e+00
      vertex   1.208589e+01 -2.195452e+01 9.500000e+00
      vertex   1.121367e+01 -1.997752e+01 9.500000e+00
    endloop
  endfacet
  facet normal 0.000000e+00 0.000000e+00 -1.000000e+00
    outer loop
      vertex   1.121367e+01 -1.997752e+01 9.500000e+00
      vertex   1.208589e+01 -2.195452e+01 9.500000e+00
      vertex   1.170000e+01 -2.211436e+01 9.500000e+00
    endloop
  endfacet
  facet normal 0.000000e+00 -0.000000e+00 -1.000000e+00
    outer loop
      vertex   1.121367e+01 -1.997752e+01 9.500000e+00
      vertex   1.170000e+01 -2.211436e+01 9.500000e+00
      vertex   1.057867e+01 -2.027960e+01 9.500000e+00
    endloop
  endfacet
  facet normal 0.000000e+00 0.000000e+00 -1.000000e+00
    outer loop
      vertex   1.057867e+01 -2.027960e+01 9.500000e+00
      vertex   1.170000e+01 -2.211436e+01 9.500000e+00
      vertex   1.136863e+01 -2.236863e+01 9.500000e+00
    endloop
  endfacet
  facet normal 0.000000e+00 -0.000000e+00 -1.000000e+00
    outer loop
      vertex   1.057867e+01 -2.027960e+01 9.500000e+00
      vertex   1.136863e+01 -2.236863e+01 9.500000e+00
      vertex   1.001122e+01 -2.069492e+01 9.500000e+00
    endloop
  endfacet
  facet normal 0.000000e+00 0.000000e+00 -1.000000e+00
    outer loop
      vertex   1.001122e+01 -2.069492e+01 9.500000e+00
      vertex   1.136863e+01 -2.236863e+01 9.500000e+00
      vertex   1.111436e+01 -2.270000e+01 9.500000e+00
    endloop
  endfacet
  facet normal 0.000000e+00 -0.000000e+00 -1.000000e+00
    outer loop
      vertex   1.001122e+01 -2.069492e+01 9.500000e+00
      vertex   1.111436e+01 -2.270000e+01 9.500000e+00
      vertex   9.531290e+00 -2.120887e+01 9.500000e+00
    endloop
  endfacet
  facet normal 0.000000e+00 -0.000000e+00 -1.000000e+00
    outer loop
      vertex   9.531290e+00 -2.120887e+01 9.500000e+00
      vertex   1.111436e+01 -2.270000e+01 9.500000e+00
      vertex   9.155748e+00 -2.180339e+01 9.500000e+00
    endloop
  endfacet
  facet normal 0.000000e+00 0.000000e+00 -1.000000e+00
    outer loop
      vertex   9.155748e+00 -2.180339e+01 9.500000e+00
      vertex   1.111436e+01 -2.270000e+01 9.500000e+00
      vertex   1.095452e+01 -2.308589e+01 9.500000e+00
    endloop
  endfacet
  facet normal 0.000000e+00 -0.000000e+00 -1.000000e+00
    outer loop
      vertex   9.155748e+00 -2.180339e+01 9.500000e+00
      vertex   1.095452e+01 -2.308589e+01 9.500000e+00
      vertex   8.897801e+00 -2.245757e+01 9.500000e+00
    endloop
  endfacet
  facet normal 0.000000e+00 -0.000000e+00 -1.000000e+00
    outer loop
      vertex   8.897801e+00 -2.245757e+01 9.500000e+00
      vertex   1.095452e+01 -2.308589e+01 9.500000e+00
      vertex   8.766519e+00 -2.314840e+01 9.500000e+00
    endloop
  endfacet
  facet normal 0.000000e+00 0.000000e+00 -1.000000e+00
    outer loop
      vertex   8.766519e+00 -2.314840e+01 9.500000e+00
      vertex   1.095452e+01 -2.308589e+01 9.500000e+00
      vertex   1.090000e+01 -2.350000e+01 9.500000e+00
    endloop
  endfacet
  facet normal 0.000000e+00 0.000000e+00 -1.000000e+00
    outer loop
      vertex   8.766519e+00 -2.314840e+01 9.500000e+00
      vertex   1.090000e+01 -2.350000e+01 9.500000e+00
      vertex   8.766519e+00 -2.385160e+01 9.500000e+00
    endloop
  endfacet
  facet normal 0.000000e+00 0.000000e+00 -1.000000e+00
    outer loop
      vertex   8.766519e+00 -2.385160e+01 9.500000e+00
      vertex   1.090000e+01 -2.350000e+01 9.500000e+00
      vertex   1.095452e+01 -2.391411e+01 9.500000e+00
    endloop
  endfacet
  facet normal 0.000000e+00 0.000000e+00 -1.000000e+00
    outer loop
      vertex   8.766519e+00 -2.385160e+01 9.500000e+00
      vertex   1.095452e+01 -2.391411e+01 9.500000e+00
      vertex   8.897801e+00 -2.454243e+01 9.500000e+00
    endloop
  endfacet
  facet normal 0.000000e+00 0.000000e+00 -1.000000e+00
    outer loop
      vertex   8.897801e+00 -2.454243e+01 9.500000e+00
      vertex   1.095452e+01 -2.391411e+01 9.500000e+00
      vertex   9.155748e+00 -2.519661e+01 9.500000e+00
    endloop
  endfacet
  facet normal 0.000000e+00 0.000000e+00 -1.000000e+00
    outer loop
      vertex   9.155748e+00 -2.519661e+01 9.500000e+00
      vertex   1.095452e+01 -2.391411e+01 9.500000e+00
      vertex   1.111436e+01 -2.430000e+01 9.500000e+00
    endloop
  endfacet
  facet normal 0.000000e+00 0.000000e+00 -1.000000e+00
    outer loop
      vertex   9.155748e+00 -2.519661e+01 9.500000e+00
      vertex   1.111436e+01 -2.430000e+01 9.500000e+00
      vertex   9.531290e+00 -2.579113e+01 9.500000e+00
    endloop
  endfacet
  facet normal 0.000000e+00 0.000000e+00 -1.000000e+00
    outer loop
      vertex   9.531290e+00 -2.579113e+01 9.500000e+00
      vertex   1.111436e+01 -2.430000e+01 9.500000e+00
      vertex   1.001122e+01 -2.630508e+01 9.500000e+00
    endloop
  endfacet
  facet normal 0.000000e+00 0.000000e+00 -1.000000e+00
    outer loop
      vertex   1.001122e+01 -2.630508e+01 9.500000e+00
      vertex   1.111436e+01 -2.430000e+01 9.500000e+00
      vertex   1.136863e+01 -2.463137e+01 9.500000e+00
    endloop
  endfacet
  facet normal 0.000000e+00 0.000000e+00 -1.000000e+00
    outer loop
      vertex   1.001122e+01 -2.630508e+01 9.500000e+00
      vertex   1.136863e+01 -2.463137e+01 9.500000e+00
      vertex   1.057867e+01 -2.672040e+01 9.500000e+00
    endloop
  endfacet
  facet normal 0.000000e+00 0.000000e+00 -1.000000e+00
    outer loop
      vertex   1.057867e+01 -2.672040e+01 9.500000e+00
      vertex   1.136863e+01 -2.463137e+01 9.500000e+00
      vertex   1.170000e+01 -2.488564e+01 9.500000e+00
    endloop
  endfacet
  facet normal 0.000000e+00 0.000000e+00 -1.000000e+00
    outer loop
      vertex   1.057867e+01 -2.672040e+01 9.500000e+00
      vertex   1.170000e+01 -2.488564e+01 9.500000e+00
      vertex   1.121367e+01 -2.702248e+01 9.500000e+00
    endloop
  endfacet
  facet normal 0.000000e+00 0.000000e+00 -1.000000e+00
    outer loop
      vertex   1.121367e+01 -2.702248e+01 9.500000e+00
      vertex   1.170000e+01 -2.488564e+01 9.500000e+00
      vertex   1.208589e+01 -2.504548e+01 9.500000e+00
    endloop
  endfacet
  facet normal 0.000000e+00 0.000000e+00 -1.000000e+00
    outer loop
      vertex   1.121367e+01 -2.702248e+01 9.500000e+00
      vertex   1.208589e+01 -2.504548e+01 9.500000e+00
      vertex   1.189391e+01 -2.720070e+01 9.500000e+00
    endloop
  endfacet
  facet normal 0.000000e+00 0.000000e+00 -1.000000e+00
    outer loop
      vertex   1.189391e+01 -2.720070e+01 9.500000e+00
      vertex   1.208589e+01 -2.504548e+01 9.500000e+00
      vertex   1.250000e+01 -2.510000e+01 9.500000e+00
    endloop
  endfacet
  facet normal 0.000000e+00 0.000000e+00 -1.000000e+00
    outer loop
      vertex   1.189391e+01 -2.720070e+01 9.500000e+00
      vertex   1.250000e+01 -2.510000e+01 9.500000e+00
      vertex   1.259546e+01 -2.724878e+01 9.500000e+00
    endloop
  endfacet
  facet normal 0.000000e+00 0.000000e+00 -1.000000e+00
    outer loop
      vertex   1.259546e+01 -2.724878e+01 9.500000e+00
      vertex   1.250000e+01 -2.510000e+01 9.500000e+00
      vertex   1.291411e+01 -2.504548e+01 9.500000e+00
    endloop
  endfacet
  facet normal 0.000000e+00 0.000000e+00 -1.000000e+00
    outer loop
      vertex   1.259546e+01 -2.724878e+01 9.500000e+00
      vertex   1.291411e+01 -2.504548e+01 9.500000e+00
      vertex   1.329365e+01 -2.716505e+01 9.500000e+00
    endloop
  endfacet
  facet normal 0.000000e+00 0.000000e+00 -1.000000e+00
    outer loop
      vertex   1.329365e+01 -2.716505e+01 9.500000e+00
      vertex   1.291411e+01 -2.504548e+01 9.500000e+00
      vertex   1.396394e+01 -2.695245e+01 9.500000e+00
    endloop
  endfacet
  facet normal 0.000000e+00 0.000000e+00 -1.000000e+00
    outer loop
      vertex   1.396394e+01 -2.695245e+01 9.500000e+00
      vertex   1.291411e+01 -2.504548e+01 9.500000e+00
      vertex   1.330000e+01 -2.488564e+01 9.500000e+00
    endloop
  endfacet
  facet normal 0.000000e+00 0.000000e+00 -1.000000e+00
    outer loop
      vertex   1.396394e+01 -2.695245e+01 9.500000e+00
      vertex   1.330000e+01 -2.488564e+01 9.500000e+00
      vertex   1.458275e+01 -2.661844e+01 9.500000e+00
    endloop
  endfacet
  facet normal 0.000000e+00 0.000000e+00 -1.000000e+00
    outer loop
      vertex   1.458275e+01 -2.661844e+01 9.500000e+00
      vertex   1.330000e+01 -2.488564e+01 9.500000e+00
      vertex   1.363137e+01 -2.463137e+01 9.500000e+00
    endloop
  endfacet
  facet normal 0.000000e+00 0.000000e+00 -1.000000e+00
    outer loop
      vertex   1.458275e+01 -2.661844e+01 9.500000e+00
      vertex   1.363137e+01 -2.463137e+01 9.500000e+00
      vertex   1.512832e+01 -2.617478e+01 9.500000e+00
    endloop
  endfacet
  facet normal 0.000000e+00 0.000000e+00 -1.000000e+00
    outer loop
      vertex   1.512832e+01 -2.617478e+01 9.500000e+00
      vertex   1.363137e+01 -2.463137e+01 9.500000e+00
      vertex   1.388564e+01 -2.430000e+01 9.500000e+00
    endloop
  endfacet
  facet normal 0.000000e+00 0.000000e+00 -1.000000e+00
    outer loop
      vertex   1.512832e+01 -2.617478e+01 9.500000e+00
      vertex   1.388564e+01 -2.430000e+01 9.500000e+00
      vertex   1.568672e+01 -2.571551e+01 9.500000e+00
    endloop
  endfacet
  facet normal 0.000000e+00 0.000000e+00 -1.000000e+00
    outer loop
      vertex   1.568672e+01 -2.571551e+01 9.500000e+00
      vertex   1.388564e+01 -2.430000e+01 9.500000e+00
      vertex   1.404548e+01 -2.391411e+01 9.500000e+00
    endloop
  endfacet
  facet normal 0.000000e+00 -0.000000e+00 -1.000000e+00
    outer loop
      vertex   1.987156e+01 -2.052849e+01 9.500000e+00
      vertex   2.097244e+01 -2.107124e+01 9.500000e+00
      vertex   1.700000e+01 -2.512391e+01 9.500000e+00
    endloop
  endfacet
  facet normal 0.000000e+00 0.000000e+00 -1.000000e+00
    outer loop
      vertex   1.700000e+01 -2.512391e+01 9.500000e+00
      vertex   2.097244e+01 -2.107124e+01 9.500000e+00
      vertex   2.212489e+01 -2.149357e+01 9.500000e+00
    endloop
  endfacet
  facet normal 0.000000e+00 -0.000000e+00 -1.000000e+00
    outer loop
      vertex   2.453157e+01 -2.195915e+01 9.500000e+00
      vertex   2.575839e+01 -2.199710e+01 9.500000e+00
      vertex   1.700000e+01 -2.850000e+01 9.500000e+00
    endloop
  endfacet
  facet normal 0.000000e+00 0.000000e+00 -1.000000e+00
    outer loop
      vertex   1.700000e+01 -2.850000e+01 9.500000e+00
      vertex   2.575839e+01 -2.199710e+01 9.500000e+00
      vertex   2.698226e+01 -2.190407e+01 9.500000e+00
    endloop
  endfacet
  facet normal 0.000000e+00 0.000000e+00 -1.000000e+00
    outer loop
      vertex   1.700000e+01 -2.850000e+01 9.500000e+00
      vertex   2.698226e+01 -2.190407e+01 9.500000e+00
      vertex   3.736863e+01 -2.463137e+01 9.500000e+00
    endloop
  endfacet
  facet normal 0.000000e+00 0.000000e+00 -1.000000e+00
    outer loop
      vertex   3.736863e+01 -2.463137e+01 9.500000e+00
      vertex   2.698226e+01 -2.190407e+01 9.500000e+00
      vertex   2.818924e+01 -2.168114e+01 9.500000e+00
    endloop
  endfacet
  facet normal 0.000000e+00 0.000000e+00 -1.000000e+00
    outer loop
      vertex   3.736863e+01 -2.463137e+01 9.500000e+00
      vertex   2.818924e+01 -2.168114e+01 9.500000e+00
      vertex   2.936559e+01 -2.133085e+01 9.500000e+00
    endloop
  endfacet
  facet normal 0.000000e+00 0.000000e+00 -1.000000e+00
    outer loop
      vertex   3.736863e+01 -2.463137e+01 9.500000e+00
      vertex   2.936559e+01 -2.133085e+01 9.500000e+00
      vertex   3.711436e+01 -2.430000e+01 9.500000e+00
    endloop
  endfacet
  facet normal 0.000000e+00 0.000000e+00 -1.000000e+00
    outer loop
      vertex   3.711436e+01 -2.430000e+01 9.500000e+00
      vertex   2.936559e+01 -2.133085e+01 9.500000e+00
      vertex   3.049791e+01 -2.085717e+01 9.500000e+00
    endloop
  endfacet
  facet normal 0.000000e+00 0.000000e+00 -1.000000e+00
    outer loop
      vertex   3.711436e+01 -2.430000e+01 9.500000e+00
      vertex   3.049791e+01 -2.085717e+01 9.500000e+00
      vertex   3.695452e+01 -2.391411e+01 9.500000e+00
    endloop
  endfacet
  facet normal 0.000000e+00 0.000000e+00 -1.000000e+00
    outer loop
      vertex   3.695452e+01 -2.391411e+01 9.500000e+00
      vertex   3.049791e+01 -2.085717e+01 9.500000e+00
      vertex   3.157329e+01 -2.026551e+01 9.500000e+00
    endloop
  endfacet
  facet normal 0.000000e+00 0.000000e+00 -1.000000e+00
    outer loop
      vertex   3.695452e+01 -2.391411e+01 9.500000e+00
      vertex   3.157329e+01 -2.026551e+01 9.500000e+00
      vertex   3.690000e+01 -2.350000e+01 9.500000e+00
    endloop
  endfacet
  facet normal 0.000000e+00 0.000000e+00 -1.000000e+00
    outer loop
      vertex   3.690000e+01 -2.350000e+01 9.500000e+00
      vertex   3.157329e+01 -2.026551e+01 9.500000e+00
      vertex   3.257949e+01 -1.956261e+01 9.500000e+00
    endloop
  endfacet
  facet normal 0.000000e+00 0.000000e+00 -1.000000e+00
    outer loop
      vertex   3.690000e+01 -2.350000e+01 9.500000e+00
      vertex   3.257949e+01 -1.956261e+01 9.500000e+00
      vertex   3.695452e+01 -2.308589e+01 9.500000e+00
    endloop
  endfacet
  facet normal 0.000000e+00 0.000000e+00 -1.000000e+00
    outer loop
      vertex   3.695452e+01 -2.308589e+01 9.500000e+00
      vertex   3.257949e+01 -1.956261e+01 9.500000e+00
      vertex   3.350504e+01 -1.875647e+01 9.500000e+00
    endloop
  endfacet
  facet normal 0.000000e+00 0.000000e+00 -1.000000e+00
    outer loop
      vertex   3.695452e+01 -2.308589e+01 9.500000e+00
      vertex   3.350504e+01 -1.875647e+01 9.500000e+00
      vertex   3.711436e+01 -2.270000e+01 9.500000e+00
    endloop
  endfacet
  facet normal 0.000000e+00 0.000000e+00 -1.000000e+00
    outer loop
      vertex   3.711436e+01 -2.270000e+01 9.500000e+00
      vertex   3.350504e+01 -1.875647e+01 9.500000e+00
      vertex   3.736863e+01 -2.236863e+01 9.500000e+00
    endloop
  endfacet
  facet normal 0.000000e+00 0.000000e+00 -1.000000e+00
    outer loop
      vertex   3.736863e+01 -2.236863e+01 9.500000e+00
      vertex   3.350504e+01 -1.875647e+01 9.500000e+00
      vertex   3.433941e+01 -1.785628e+01 9.500000e+00
    endloop
  endfacet
  facet normal 0.000000e+00 0.000000e+00 -1.000000e+00
    outer loop
      vertex   3.736863e+01 -2.236863e+01 9.500000e+00
      vertex   3.433941e+01 -1.785628e+01 9.500000e+00
      vertex   3.770000e+01 -2.211436e+01 9.500000e+00
    endloop
  endfacet
  facet normal 0.000000e+00 0.000000e+00 -1.000000e+00
    outer loop
      vertex   3.770000e+01 -2.211436e+01 9.500000e+00
      vertex   3.433941e+01 -1.785628e+01 9.500000e+00
      vertex   3.507308e+01 -1.687229e+01 9.500000e+00
    endloop
  endfacet
  facet normal 0.000000e+00 0.000000e+00 -1.000000e+00
    outer loop
      vertex   3.770000e+01 -2.211436e+01 9.500000e+00
      vertex   3.507308e+01 -1.687229e+01 9.500000e+00
      vertex   3.808589e+01 -2.195452e+01 9.500000e+00
    endloop
  endfacet
  facet normal 0.000000e+00 0.000000e+00 -1.000000e+00
    outer loop
      vertex   3.808589e+01 -2.195452e+01 9.500000e+00
      vertex   3.507308e+01 -1.687229e+01 9.500000e+00
      vertex   3.569771e+01 -1.581571e+01 9.500000e+00
    endloop
  endfacet
  facet normal 0.000000e+00 0.000000e+00 -1.000000e+00
    outer loop
      vertex   3.808589e+01 -2.195452e+01 9.500000e+00
      vertex   3.569771e+01 -1.581571e+01 9.500000e+00
      vertex   3.850000e+01 -2.190000e+01 9.500000e+00
    endloop
  endfacet
  facet normal 0.000000e+00 0.000000e+00 -1.000000e+00
    outer loop
      vertex   3.850000e+01 -2.190000e+01 9.500000e+00
      vertex   3.569771e+01 -1.581571e+01 9.500000e+00
      vertex   3.891411e+01 -2.195452e+01 9.500000e+00
    endloop
  endfacet
  facet normal 0.000000e+00 0.000000e+00 -1.000000e+00
    outer loop
      vertex   3.891411e+01 -2.195452e+01 9.500000e+00
      vertex   3.569771e+01 -1.581571e+01 9.500000e+00
      vertex   3.620616e+01 -1.469858e+01 9.500000e+00
    endloop
  endfacet
  facet normal 0.000000e+00 0.000000e+00 -1.000000e+00
    outer loop
      vertex   3.891411e+01 -2.195452e+01 9.500000e+00
      vertex   3.620616e+01 -1.469858e+01 9.500000e+00
      vertex   3.930000e+01 -2.211436e+01 9.500000e+00
    endloop
  endfacet
  facet normal 0.000000e+00 0.000000e+00 -1.000000e+00
    outer loop
      vertex   3.930000e+01 -2.211436e+01 9.500000e+00
      vertex   3.620616e+01 -1.469858e+01 9.500000e+00
      vertex   3.659266e+01 -1.353362e+01 9.500000e+00
    endloop
  endfacet
  facet normal 0.000000e+00 0.000000e+00 -1.000000e+00
    outer loop
      vertex   3.930000e+01 -2.211436e+01 9.500000e+00
      vertex   3.659266e+01 -1.353362e+01 9.500000e+00
      vertex   3.963137e+01 -2.236863e+01 9.500000e+00
    endloop
  endfacet
  facet normal 0.000000e+00 0.000000e+00 -1.000000e+00
    outer loop
      vertex   3.963137e+01 -2.236863e+01 9.500000e+00
      vertex   3.659266e+01 -1.353362e+01 9.500000e+00
      vertex   3.685280e+01 -1.233411e+01 9.500000e+00
    endloop
  endfacet
  facet normal 0.000000e+00 0.000000e+00 -1.000000e+00
    outer loop
      vertex   3.963137e+01 -2.236863e+01 9.500000e+00
      vertex   3.685280e+01 -1.233411e+01 9.500000e+00
      vertex   3.988564e+01 -2.270000e+01 9.500000e+00
    endloop
  endfacet
  facet normal 0.000000e+00 0.000000e+00 -1.000000e+00
    outer loop
      vertex   3.988564e+01 -2.270000e+01 9.500000e+00
      vertex   3.685280e+01 -1.233411e+01 9.500000e+00
      vertex   3.698361e+01 -1.111370e+01 9.500000e+00
    endloop
  endfacet
  facet normal 0.000000e+00 0.000000e+00 -1.000000e+00
    outer loop
      vertex   3.988564e+01 -2.270000e+01 9.500000e+00
      vertex   3.698361e+01 -1.111370e+01 9.500000e+00
      vertex   4.450000e+01 -2.850000e+01 9.500000e+00
    endloop
  endfacet
  facet normal 0.000000e+00 0.000000e+00 -1.000000e+00
    outer loop
      vertex   4.450000e+01 -2.850000e+01 9.500000e+00
      vertex   3.698361e+01 -1.111370e+01 9.500000e+00
      vertex   3.698361e+01 -9.886300e+00 9.500000e+00
    endloop
  endfacet
  facet normal 0.000000e+00 0.000000e+00 -1.000000e+00
    outer loop
      vertex   4.450000e+01 -2.850000e+01 9.500000e+00
      vertex   3.698361e+01 -9.886300e+00 9.500000e+00
      vertex   3.988564e+01 1.700000e+00 9.500000e+00
    endloop
  endfacet
  facet normal 0.000000e+00 0.000000e+00 -1.000000e+00
    outer loop
      vertex   3.988564e+01 1.700000e+00 9.500000e+00
      vertex   3.698361e+01 -9.886300e+00 9.500000e+00
      vertex   3.685280e+01 -8.665892e+00 9.500000e+00
    endloop
  endfacet
  facet normal 0.000000e+00 0.000000e+00 -1.000000e+00
    outer loop
      vertex   3.988564e+01 1.700000e+00 9.500000e+00
      vertex   3.685280e+01 -8.665892e+00 9.500000e+00
      vertex   3.963137e+01 1.368629e+00 9.500000e+00
    endloop
  endfacet
  facet normal 0.000000e+00 0.000000e+00 -1.000000e+00
    outer loop
      vertex   3.963137e+01 1.368629e+00 9.500000e+00
      vertex   3.685280e+01 -8.665892e+00 9.500000e+00
      vertex   3.659266e+01 -7.466376e+00 9.500000e+00
    endloop
  endfacet
  facet normal 0.000000e+00 0.000000e+00 -1.000000e+00
    outer loop
      vertex   3.963137e+01 1.368629e+00 9.500000e+00
      vertex   3.659266e+01 -7.466376e+00 9.500000e+00
      vertex   3.930000e+01 1.114359e+00 9.500000e+00
    endloop
  endfacet
  facet normal 0.000000e+00 0.000000e+00 -1.000000e+00
    outer loop
      vertex   3.930000e+01 1.114359e+00 9.500000e+00
      vertex   3.659266e+01 -7.466376e+00 9.500000e+00
      vertex   3.620616e+01 -6.301418e+00 9.500000e+00
    endloop
  endfacet
  facet normal 0.000000e+00 0.000000e+00 -1.000000e+00
    outer loop
      vertex   3.930000e+01 1.114359e+00 9.500000e+00
      vertex   3.620616e+01 -6.301418e+00 9.500000e+00
      vertex   3.891411e+01 9.545187e-01 9.500000e+00
    endloop
  endfacet
  facet normal 0.000000e+00 0.000000e+00 -1.000000e+00
    outer loop
      vertex   3.891411e+01 9.545187e-01 9.500000e+00
      vertex   3.620616e+01 -6.301418e+00 9.500000e+00
      vertex   3.569771e+01 -5.184287e+00 9.500000e+00
    endloop
  endfacet
  facet normal 0.000000e+00 0.000000e+00 -1.000000e+00
    outer loop
      vertex   3.891411e+01 9.545187e-01 9.500000e+00
      vertex   3.569771e+01 -5.184287e+00 9.500000e+00
      vertex   3.850000e+01 9.000000e-01 9.500000e+00
    endloop
  endfacet
  facet normal -0.000000e+00 0.000000e+00 -1.000000e+00
    outer loop
      vertex   3.850000e+01 9.000000e-01 9.500000e+00
      vertex   3.569771e+01 -5.184287e+00 9.500000e+00
      vertex   3.808589e+01 9.545187e-01 9.500000e+00
    endloop
  endfacet
  facet normal 0.000000e+00 0.000000e+00 -1.000000e+00
    outer loop
      vertex   3.808589e+01 9.545187e-01 9.500000e+00
      vertex   3.569771e+01 -5.184287e+00 9.500000e+00
      vertex   3.507308e+01 -4.127710e+00 9.500000e+00
    endloop
  endfacet
  facet normal -0.000000e+00 0.000000e+00 -1.000000e+00
    outer loop
      vertex   3.808589e+01 9.545187e-01 9.500000e+00
      vertex   3.507308e+01 -4.127710e+00 9.500000e+00
      vertex   3.770000e+01 1.114359e+00 9.500000e+00
    endloop
  endfacet
  facet normal 0.000000e+00 0.000000e+00 -1.000000e+00
    outer loop
      vertex   3.770000e+01 1.114359e+00 9.500000e+00
      vertex   3.507308e+01 -4.127710e+00 9.500000e+00
      vertex   3.433941e+01 -3.143722e+00 9.500000e+00
    endloop
  endfacet
  facet normal -0.000000e+00 0.000000e+00 -1.000000e+00
    outer loop
      vertex   3.770000e+01 1.114359e+00 9.500000e+00
      vertex   3.433941e+01 -3.143722e+00 9.500000e+00
      vertex   3.736863e+01 1.368629e+00 9.500000e+00
    endloop
  endfacet
  facet normal 0.000000e+00 0.000000e+00 -1.000000e+00
    outer loop
      vertex   3.736863e+01 1.368629e+00 9.500000e+00
      vertex   3.433941e+01 -3.143722e+00 9.500000e+00
      vertex   3.350504e+01 -2.243532e+00 9.500000e+00
    endloop
  endfacet
  facet normal -0.000000e+00 0.000000e+00 -1.000000e+00
    outer loop
      vertex   3.736863e+01 1.368629e+00 9.500000e+00
      vertex   3.350504e+01 -2.243532e+00 9.500000e+00
      vertex   3.711436e+01 1.700000e+00 9.500000e+00
    endloop
  endfacet
  facet normal -0.000000e+00 0.000000e+00 -1.000000e+00
    outer loop
      vertex   3.711436e+01 1.700000e+00 9.500000e+00
      vertex   3.350504e+01 -2.243532e+00 9.500000e+00
      vertex   3.695452e+01 2.085890e+00 9.500000e+00
    endloop
  endfacet
  facet normal 0.000000e+00 0.000000e+00 -1.000000e+00
    outer loop
      vertex   3.695452e+01 2.085890e+00 9.500000e+00
      vertex   3.350504e+01 -2.243532e+00 9.500000e+00
      vertex   3.257949e+01 -1.437394e+00 9.500000e+00
    endloop
  endfacet
  facet normal -0.000000e+00 0.000000e+00 -1.000000e+00
    outer loop
      vertex   3.695452e+01 2.085890e+00 9.500000e+00
      vertex   3.257949e+01 -1.437394e+00 9.500000e+00
      vertex   3.690000e+01 2.500000e+00 9.500000e+00
    endloop
  endfacet
  facet normal 0.000000e+00 0.000000e+00 -1.000000e+00
    outer loop
      vertex   3.690000e+01 2.500000e+00 9.500000e+00
      vertex   3.257949e+01 -1.437394e+00 9.500000e+00
      vertex   3.157329e+01 -7.344917e-01 9.500000e+00
    endloop
  endfacet
  facet normal -0.000000e+00 0.000000e+00 -1.000000e+00
    outer loop
      vertex   3.690000e+01 2.500000e+00 9.500000e+00
      vertex   3.157329e+01 -7.344917e-01 9.500000e+00
      vertex   3.695452e+01 2.914110e+00 9.500000e+00
    endloop
  endfacet
  facet normal -0.000000e+00 0.000000e+00 -1.000000e+00
    outer loop
      vertex   3.695452e+01 2.914110e+00 9.500000e+00
      vertex   3.157329e+01 -7.344917e-01 9.500000e+00
      vertex   2.950000e+01 6.500000e+00 9.500000e+00
    endloop
  endfacet
  facet normal 0.000000e+00 0.000000e+00 -1.000000e+00
    outer loop
      vertex   3.695452e+01 2.914110e+00 9.500000e+00
      vertex   2.950000e+01 6.500000e+00 9.500000e+00
      vertex   3.711436e+01 3.300000e+00 9.500000e+00
    endloop
  endfacet
  facet normal 0.000000e+00 0.000000e+00 -1.000000e+00
    outer loop
      vertex   3.711436e+01 3.300000e+00 9.500000e+00
      vertex   2.950000e+01 6.500000e+00 9.500000e+00
      vertex   3.736863e+01 3.631371e+00 9.500000e+00
    endloop
  endfacet
  facet normal 0.000000e+00 0.000000e+00 -1.000000e+00
    outer loop
      vertex   3.736863e+01 3.631371e+00 9.500000e+00
      vertex   2.950000e+01 6.500000e+00 9.500000e+00
      vertex   3.811436e+01 9.700000e+00 9.500000e+00
    endloop
  endfacet
  facet normal 0.000000e+00 0.000000e+00 -1.000000e+00
    outer loop
      vertex   3.736863e+01 3.631371e+00 9.500000e+00
      vertex   3.811436e+01 9.700000e+00 9.500000e+00
      vertex   3.770000e+01 3.885641e+00 9.500000e+00
    endloop
  endfacet
  facet normal 0.000000e+00 0.000000e+00 -1.000000e+00
    outer loop
      vertex   3.770000e+01 3.885641e+00 9.500000e+00
      vertex   3.811436e+01 9.700000e+00 9.500000e+00
      vertex   3.836863e+01 9.368629e+00 9.500000e+00
    endloop
  endfacet
  facet normal 0.000000e+00 0.000000e+00 -1.000000e+00
    outer loop
      vertex   3.770000e+01 3.885641e+00 9.500000e+00
      vertex   3.836863e+01 9.368629e+00 9.500000e+00
      vertex   3.808589e+01 4.045481e+00 9.500000e+00
    endloop
  endfacet
  facet normal 0.000000e+00 0.000000e+00 -1.000000e+00
    outer loop
      vertex   3.808589e+01 4.045481e+00 9.500000e+00
      vertex   3.836863e+01 9.368629e+00 9.500000e+00
      vertex   3.870000e+01 9.114359e+00 9.500000e+00
    endloop
  endfacet
  facet normal 0.000000e+00 0.000000e+00 -1.000000e+00
    outer loop
      vertex   3.808589e+01 4.045481e+00 9.500000e+00
      vertex   3.870000e+01 9.114359e+00 9.500000e+00
      vertex   3.850000e+01 4.100000e+00 9.500000e+00
    endloop
  endfacet
  facet normal 0.000000e+00 0.000000e+00 -1.000000e+00
    outer loop
      vertex   3.850000e+01 4.100000e+00 9.500000e+00
      vertex   3.870000e+01 9.114359e+00 9.500000e+00
      vertex   3.908589e+01 8.954519e+00 9.500000e+00
    endloop
  endfacet
  facet normal 0.000000e+00 0.000000e+00 -1.000000e+00
    outer loop
      vertex   3.850000e+01 4.100000e+00 9.500000e+00
      vertex   3.908589e+01 8.954519e+00 9.500000e+00
      vertex   3.891411e+01 4.045481e+00 9.500000e+00
    endloop
  endfacet
  facet normal 0.000000e+00 0.000000e+00 -1.000000e+00
    outer loop
      vertex   3.891411e+01 4.045481e+00 9.500000e+00
      vertex   3.908589e+01 8.954519e+00 9.500000e+00
      vertex   3.950000e+01 8.900000e+00 9.500000e+00
    endloop
  endfacet
  facet normal 0.000000e+00 0.000000e+00 -1.000000e+00
    outer loop
      vertex   3.891411e+01 4.045481e+00 9.500000e+00
      vertex   3.950000e+01 8.900000e+00 9.500000e+00
      vertex   3.930000e+01 3.885641e+00 9.500000e+00
    endloop
  endfacet
  facet normal 0.000000e+00 0.000000e+00 -1.000000e+00
    outer loop
      vertex   3.930000e+01 3.885641e+00 9.500000e+00
      vertex   3.950000e+01 8.900000e+00 9.500000e+00
      vertex   3.991411e+01 8.954519e+00 9.500000e+00
    endloop
  endfacet
  facet normal 0.000000e+00 0.000000e+00 -1.000000e+00
    outer loop
      vertex   3.930000e+01 3.885641e+00 9.500000e+00
      vertex   3.991411e+01 8.954519e+00 9.500000e+00
      vertex   3.963137e+01 3.631371e+00 9.500000e+00
    endloop
  endfacet
  facet normal 0.000000e+00 0.000000e+00 -1.000000e+00
    outer loop
      vertex   3.963137e+01 3.631371e+00 9.500000e+00
      vertex   3.991411e+01 8.954519e+00 9.500000e+00
      vertex   4.030000e+01 9.114359e+00 9.500000e+00
    endloop
  endfacet
  facet normal 0.000000e+00 0.000000e+00 -1.000000e+00
    outer loop
      vertex   3.963137e+01 3.631371e+00 9.500000e+00
      vertex   4.030000e+01 9.114359e+00 9.500000e+00
      vertex   3.988564e+01 3.300000e+00 9.500000e+00
    endloop
  endfacet
  facet normal 0.000000e+00 0.000000e+00 -1.000000e+00
    outer loop
      vertex   3.988564e+01 3.300000e+00 9.500000e+00
      vertex   4.030000e+01 9.114359e+00 9.500000e+00
      vertex   4.063137e+01 9.368629e+00 9.500000e+00
    endloop
  endfacet
  facet normal 0.000000e+00 0.000000e+00 -1.000000e+00
    outer loop
      vertex   3.988564e+01 3.300000e+00 9.500000e+00
      vertex   4.063137e+01 9.368629e+00 9.500000e+00
      vertex   4.004548e+01 2.914110e+00 9.500000e+00
    endloop
  endfacet
  facet normal 0.000000e+00 0.000000e+00 -1.000000e+00
    outer loop
      vertex   4.004548e+01 2.914110e+00 9.500000e+00
      vertex   4.063137e+01 9.368629e+00 9.500000e+00
      vertex   4.088564e+01 9.700000e+00 9.500000e+00
    endloop
  endfacet
  facet normal 0.000000e+00 0.000000e+00 -1.000000e+00
    outer loop
      vertex   4.004548e+01 2.914110e+00 9.500000e+00
      vertex   4.088564e+01 9.700000e+00 9.500000e+00
      vertex   4.450000e+01 1.450000e+01 9.500000e+00
    endloop
  endfacet
  facet normal 0.000000e+00 0.000000e+00 -1.000000e+00
    outer loop
      vertex   4.450000e+01 1.450000e+01 9.500000e+00
      vertex   4.088564e+01 9.700000e+00 9.500000e+00
      vertex   4.104548e+01 1.008589e+01 9.500000e+00
    endloop
  endfacet
  facet normal 0.000000e+00 0.000000e+00 -1.000000e+00
    outer loop
      vertex   4.450000e+01 1.450000e+01 9.500000e+00
      vertex   4.104548e+01 1.008589e+01 9.500000e+00
      vertex   4.110000e+01 1.050000e+01 9.500000e+00
    endloop
  endfacet
  facet normal 0.000000e+00 0.000000e+00 -1.000000e+00
    outer loop
      vertex   3.157329e+01 -7.344917e-01 9.500000e+00
      vertex   3.049791e+01 -1.428321e-01 9.500000e+00
      vertex   2.950000e+01 6.500000e+00 9.500000e+00
    endloop
  endfacet
  facet normal 0.000000e+00 -0.000000e+00 -1.000000e+00
    outer loop
      vertex   2.950000e+01 6.500000e+00 9.500000e+00
      vertex   3.049791e+01 -1.428321e-01 9.500000e+00
      vertex   2.936559e+01 3.308451e-01 9.500000e+00
    endloop
  endfacet
  facet normal 0.000000e+00 0.000000e+00 -1.000000e+00
    outer loop
      vertex   2.950000e+01 6.500000e+00 9.500000e+00
      vertex   2.936559e+01 3.308451e-01 9.500000e+00
      vertex   2.818924e+01 6.811441e-01 9.500000e+00
    endloop
  endfacet
  facet normal 0.000000e+00 0.000000e+00 -1.000000e+00
    outer loop
      vertex   2.818924e+01 6.811441e-01 9.500000e+00
      vertex   2.698226e+01 9.040745e-01 9.500000e+00
      vertex   2.950000e+01 6.500000e+00 9.500000e+00
    endloop
  endfacet
  facet normal 0.000000e+00 0.000000e+00 -1.000000e+00
    outer loop
      vertex   2.950000e+01 6.500000e+00 9.500000e+00
      vertex   2.698226e+01 9.040745e-01 9.500000e+00
      vertex   2.575839e+01 9.970968e-01 9.500000e+00
    endloop
  endfacet
  facet normal 0.000000e+00 0.000000e+00 -1.000000e+00
    outer loop
      vertex   2.950000e+01 6.500000e+00 9.500000e+00
      vertex   2.575839e+01 9.970968e-01 9.500000e+00
      vertex   2.453157e+01 9.591515e-01 9.500000e+00
    endloop
  endfacet
  facet normal -0.000000e+00 0.000000e+00 -1.000000e+00
    outer loop
      vertex   2.950000e+01 6.500000e+00 9.500000e+00
      vertex   2.453157e+01 9.591515e-01 9.500000e+00
      vertex   1.700000e+01 6.500000e+00 9.500000e+00
    endloop
  endfacet
  facet normal 0.000000e+00 0.000000e+00 -1.000000e+00
    outer loop
      vertex   1.700000e+01 6.500000e+00 9.500000e+00
      vertex   2.453157e+01 9.591515e-01 9.500000e+00
      vertex   2.331579e+01 7.906706e-01 9.500000e+00
    endloop
  endfacet
  facet normal 0.000000e+00 0.000000e+00 -1.000000e+00
    outer loop
      vertex   1.700000e+01 6.500000e+00 9.500000e+00
      vertex   2.331579e+01 7.906706e-01 9.500000e+00
      vertex   2.212489e+01 4.935735e-01 9.500000e+00
    endloop
  endfacet
  facet normal -0.000000e+00 0.000000e+00 -1.000000e+00
    outer loop
      vertex   2.212489e+01 4.935735e-01 9.500000e+00
      vertex   2.097244e+01 7.124454e-02 9.500000e+00
      vertex   1.700000e+01 6.500000e+00 9.500000e+00
    endloop
  endfacet
  facet normal 0.000000e+00 0.000000e+00 -1.000000e+00
    outer loop
      vertex   1.700000e+01 6.500000e+00 9.500000e+00
      vertex   2.097244e+01 7.124454e-02 9.500000e+00
      vertex   1.987156e+01 -4.715055e-01 9.500000e+00
    endloop
  endfacet
  facet normal 0.000000e+00 0.000000e+00 -1.000000e+00
    outer loop
      vertex   1.700000e+01 6.500000e+00 9.500000e+00
      vertex   1.987156e+01 -4.715055e-01 9.500000e+00
      vertex   1.883480e+01 -1.128494e+00 9.500000e+00
    endloop
  endfacet
  facet normal -0.000000e+00 0.000000e+00 -1.000000e+00
    outer loop
      vertex   1.883480e+01 -1.128494e+00 9.500000e+00
      vertex   1.787397e+01 -1.892236e+00 9.500000e+00
      vertex   1.700000e+01 6.500000e+00 9.500000e+00
    endloop
  endfacet
  facet normal 0.000000e+00 0.000000e+00 -1.000000e+00
    outer loop
      vertex   1.700000e+01 6.500000e+00 9.500000e+00
      vertex   1.787397e+01 -1.892236e+00 9.500000e+00
      vertex   1.700000e+01 -2.754033e+00 9.500000e+00
    endloop
  endfacet
  facet normal 0.000000e+00 0.000000e+00 -1.000000e+00
    outer loop
      vertex   3.988564e+01 1.700000e+00 9.500000e+00
      vertex   4.004548e+01 2.085890e+00 9.500000e+00
      vertex   4.450000e+01 -2.850000e+01 9.500000e+00
    endloop
  endfacet
  facet normal 0.000000e+00 0.000000e+00 -1.000000e+00
    outer loop
      vertex   4.110000e+01 1.050000e+01 9.500000e+00
      vertex   4.104548e+01 1.091411e+01 9.500000e+00
      vertex   4.450000e+01 1.450000e+01 9.500000e+00
    endloop
  endfacet
  facet normal 0.000000e+00 0.000000e+00 -1.000000e+00
    outer loop
      vertex   4.450000e+01 1.450000e+01 9.500000e+00
      vertex   4.104548e+01 1.091411e+01 9.500000e+00
      vertex   4.088564e+01 1.130000e+01 9.500000e+00
    endloop
  endfacet
  facet normal 0.000000e+00 0.000000e+00 -1.000000e+00
    outer loop
      vertex   4.450000e+01 1.450000e+01 9.500000e+00
      vertex   4.088564e+01 1.130000e+01 9.500000e+00
      vertex   4.063137e+01 1.163137e+01 9.500000e+00
    endloop
  endfacet
  facet normal 0.000000e+00 0.000000e+00 -1.000000e+00
    outer loop
      vertex   4.063137e+01 1.163137e+01 9.500000e+00
      vertex   4.030000e+01 1.188564e+01 9.500000e+00
      vertex   4.450000e+01 1.450000e+01 9.500000e+00
    endloop
  endfacet
  facet normal 0.000000e+00 0.000000e+00 -1.000000e+00
    outer loop
      vertex   4.450000e+01 1.450000e+01 9.500000e+00
      vertex   4.030000e+01 1.188564e+01 9.500000e+00
      vertex   3.991411e+01 1.204548e+01 9.500000e+00
    endloop
  endfacet
  facet normal 0.000000e+00 0.000000e+00 -1.000000e+00
    outer loop
      vertex   4.450000e+01 1.450000e+01 9.500000e+00
      vertex   3.991411e+01 1.204548e+01 9.500000e+00
      vertex   3.950000e+01 1.210000e+01 9.500000e+00
    endloop
  endfacet
  facet normal -0.000000e+00 0.000000e+00 -1.000000e+00
    outer loop
      vertex   3.950000e+01 1.210000e+01 9.500000e+00
      vertex   3.908589e+01 1.204548e+01 9.500000e+00
      vertex   4.450000e+01 1.450000e+01 9.500000e+00
    endloop
  endfacet
  facet normal -0.000000e+00 0.000000e+00 -1.000000e+00
    outer loop
      vertex   3.836863e+01 1.163137e+01 9.500000e+00
      vertex   3.811436e+01 1.130000e+01 9.500000e+00
      vertex   2.950000e+01 1.450000e+01 9.500000e+00
    endloop
  endfacet
  facet normal 0.000000e+00 0.000000e+00 -1.000000e+00
    outer loop
      vertex   2.950000e+01 1.450000e+01 9.500000e+00
      vertex   3.811436e+01 1.130000e+01 9.500000e+00
      vertex   3.795452e+01 1.091411e+01 9.500000e+00
    endloop
  endfacet
  facet normal 0.000000e+00 0.000000e+00 -1.000000e+00
    outer loop
      vertex   2.950000e+01 1.450000e+01 9.500000e+00
      vertex   3.795452e+01 1.091411e+01 9.500000e+00
      vertex   3.790000e+01 1.050000e+01 9.500000e+00
    endloop
  endfacet
  facet normal 0.000000e+00 -0.000000e+00 -1.000000e+00
    outer loop
      vertex   3.736863e+01 -2.463137e+01 9.500000e+00
      vertex   3.770000e+01 -2.488564e+01 9.500000e+00
      vertex   1.700000e+01 -2.850000e+01 9.500000e+00
    endloop
  endfacet
  facet normal 0.000000e+00 0.000000e+00 -1.000000e+00
    outer loop
      vertex   1.700000e+01 -2.850000e+01 9.500000e+00
      vertex   3.770000e+01 -2.488564e+01 9.500000e+00
      vertex   3.808589e+01 -2.504548e+01 9.500000e+00
    endloop
  endfacet
  facet normal 0.000000e+00 0.000000e+00 -1.000000e+00
    outer loop
      vertex   3.891411e+01 -2.504548e+01 9.500000e+00
      vertex   3.930000e+01 -2.488564e+01 9.500000e+00
      vertex   4.450000e+01 -2.850000e+01 9.500000e+00
    endloop
  endfacet
  facet normal 0.000000e+00 0.000000e+00 -1.000000e+00
    outer loop
      vertex   4.450000e+01 -2.850000e+01 9.500000e+00
      vertex   3.930000e+01 -2.488564e+01 9.500000e+00
      vertex   3.963137e+01 -2.463137e+01 9.500000e+00
    endloop
  endfacet
  facet normal 0.000000e+00 0.000000e+00 -1.000000e+00
    outer loop
      vertex   4.450000e+01 -2.850000e+01 9.500000e+00
      vertex   3.963137e+01 -2.463137e+01 9.500000e+00
      vertex   3.988564e+01 -2.430000e+01 9.500000e+00
    endloop
  endfacet
  facet normal 0.000000e+00 0.000000e+00 -1.000000e+00
    outer loop
      vertex   3.988564e+01 -2.430000e+01 9.500000e+00
      vertex   4.004548e+01 -2.391411e+01 9.500000e+00
      vertex   4.450000e+01 -2.850000e+01 9.500000e+00
    endloop
  endfacet
  facet normal 0.000000e+00 0.000000e+00 -1.000000e+00
    outer loop
      vertex   4.450000e+01 -2.850000e+01 9.500000e+00
      vertex   4.004548e+01 -2.391411e+01 9.500000e+00
      vertex   4.010000e+01 -2.350000e+01 9.500000e+00
    endloop
  endfacet
  facet normal 0.000000e+00 0.000000e+00 -1.000000e+00
    outer loop
      vertex   4.450000e+01 -2.850000e+01 9.500000e+00
      vertex   4.010000e+01 -2.350000e+01 9.500000e+00
      vertex   4.004548e+01 -2.308589e+01 9.500000e+00
    endloop
  endfacet
  facet normal 0.000000e+00 0.000000e+00 -1.000000e+00
    outer loop
      vertex   4.004548e+01 -2.308589e+01 9.500000e+00
      vertex   3.988564e+01 -2.270000e+01 9.500000e+00
      vertex   4.450000e+01 -2.850000e+01 9.500000e+00
    endloop
  endfacet
  facet normal 1.000000e+00 -4.099285e-16 0.000000e+00
    outer loop
      vertex   -3.250000e+00 -2.850000e+01 1.050000e+01
      vertex   -3.250000e+00 4.000000e+00 1.050000e+01
      vertex   -3.250000e+00 -2.850000e+01 1.200000e+01
    endloop
  endfacet
  facet normal 1.000000e+00 -4.099285e-16 0.000000e+00
    outer loop
      vertex   -3.250000e+00 -2.850000e+01 1.200000e+01
      vertex   -3.250000e+00 4.000000e+00 1.050000e+01
      vertex   -3.250000e+00 4.000000e+00 1.200000e+01
    endloop
  endfacet
  facet normal -1.000000e+00 -2.398492e-13 -0.000000e+00
    outer loop
      vertex   3.250000e+00 -2.850000e+01 1.200000e+01
      vertex   3.250000e+00 4.000000e+00 1.200000e+01
      vertex   3.250000e+00 -2.850000e+01 1.050000e+01
    endloop
  endfacet
  facet normal -1.000000e+00 -2.398492e-13 0.000000e+00
    outer loop
      vertex   3.250000e+00 -2.850000e+01 1.050000e+01
      vertex   3.250000e+00 4.000000e+00 1.200000e+01
      vertex   3.250000e+00 4.000000e+00 1.050000e+01
    endloop
  endfacet
  facet normal 1.480297e-16 1.000000e+00 0.000000e+00
    outer loop
      vertex   3.250000e+00 4.000000e+00 1.200000e+01
      vertex   9.250000e+00 4.000000e+00 1.200000e+01
      vertex   3.250000e+00 4.000000e+00 1.050000e+01
    endloop
  endfacet
  facet normal 1.480297e-16 1.000000e+00 0.000000e+00
    outer loop
      vertex   3.250000e+00 4.000000e+00 1.050000e+01
      vertex   9.250000e+00 4.000000e+00 1.200000e+01
      vertex   9.250000e+00 4.000000e+00 1.050000e+01
    endloop
  endfacet
  facet normal -1.000000e+00 2.046758e-13 0.000000e+00
    outer loop
      vertex   9.250000e+00 4.000000e+00 1.200000e+01
      vertex   9.250000e+00 1.300000e+01 1.200000e+01
      vertex   9.250000e+00 4.000000e+00 1.050000e+01
    endloop
  endfacet
  facet normal -1.000000e+00 2.048732e-13 -1.184238e-15
    outer loop
      vertex   9.250000e+00 4.000000e+00 1.050000e+01
      vertex   9.250000e+00 1.300000e+01 1.200000e+01
      vertex   9.250000e+00 1.300000e+01 1.050000e+01
    endloop
  endfacet
  facet normal 5.167584e-16 -1.000000e+00 6.119648e-31
    outer loop
      vertex   9.250000e+00 1.300000e+01 1.200000e+01
      vertex   -1.825000e+01 1.300000e+01 1.200000e+01
      vertex   9.250000e+00 1.300000e+01 1.050000e+01
    endloop
  endfacet
  facet normal 5.167584e-16 -1.000000e+00 0.000000e+00
    outer loop
      vertex   9.250000e+00 1.300000e+01 1.050000e+01
      vertex   -1.825000e+01 1.300000e+01 1.200000e+01
      vertex   -1.825000e+01 1.300000e+01 1.050000e+01
    endloop
  endfacet
  facet normal 1.000000e+00 -3.947460e-16 0.000000e+00
    outer loop
      vertex   -1.825000e+01 1.300000e+01 1.200000e+01
      vertex   -1.825000e+01 4.000000e+00 1.200000e+01
      vertex   -1.825000e+01 1.300000e+01 1.050000e+01
    endloop
  endfacet
  facet normal 1.000000e+00 0.000000e+00 2.368476e-15
    outer loop
      vertex   -1.825000e+01 1.300000e+01 1.050000e+01
      vertex   -1.825000e+01 4.000000e+00 1.200000e+01
      vertex   -1.825000e+01 4.000000e+00 1.050000e+01
    endloop
  endfacet
  facet normal -3.552714e-16 1.000000e+00 -8.414516e-31
    outer loop
      vertex   -1.825000e+01 4.000000e+00 1.200000e+01
      vertex   -3.250000e+00 4.000000e+00 1.200000e+01
      vertex   -1.825000e+01 4.000000e+00 1.050000e+01
    endloop
  endfacet
  facet normal -3.552714e-16 1.000000e+00 0.000000e+00
    outer loop
      vertex   -1.825000e+01 4.000000e+00 1.050000e+01
      vertex   -3.250000e+00 4.000000e+00 1.200000e+01
      vertex   -3.250000e+00 4.000000e+00 1.050000e+01
    endloop
  endfacet
  facet normal 0.000000e+00 0.000000e+00 1.000000e+00
    outer loop
      vertex   -3.250000e+00 -2.850000e+01 1.050000e+01
      vertex   3.250000e+00 -2.850000e+01 1.050000e+01
      vertex   -3.250000e+00 4.000000e+00 1.050000e+01
    endloop
  endfacet
  facet normal -0.000000e+00 0.000000e+00 1.000000e+00
    outer loop
      vertex   -3.250000e+00 4.000000e+00 1.050000e+01
      vertex   3.250000e+00 -2.850000e+01 1.050000e+01
      vertex   3.250000e+00 4.000000e+00 1.050000e+01
    endloop
  endfacet
  facet normal 0.000000e+00 0.000000e+00 1.000000e+00
    outer loop
      vertex   -3.250000e+00 4.000000e+00 1.050000e+01
      vertex   3.250000e+00 4.000000e+00 1.050000e+01
      vertex   9.250000e+00 1.300000e+01 1.050000e+01
    endloop
  endfacet
  facet normal 0.000000e+00 0.000000e+00 1.000000e+00
    outer loop
      vertex   9.250000e+00 1.300000e+01 1.050000e+01
      vertex   3.250000e+00 4.000000e+00 1.050000e+01
      vertex   9.250000e+00 4.000000e+00 1.050000e+01
    endloop
  endfacet
  facet normal 0.000000e+00 0.000000e+00 1.000000e+00
    outer loop
      vertex   9.250000e+00 1.300000e+01 1.050000e+01
      vertex   -1.825000e+01 1.300000e+01 1.050000e+01
      vertex   -3.250000e+00 4.000000e+00 1.050000e+01
    endloop
  endfacet
  facet normal 0.000000e+00 0.000000e+00 1.000000e+00
    outer loop
      vertex   -3.250000e+00 4.000000e+00 1.050000e+01
      vertex   -1.825000e+01 1.300000e+01 1.050000e+01
      vertex   -1.825000e+01 4.000000e+00 1.050000e+01
    endloop
  endfacet
  facet normal 0.000000e+00 0.000000e+00 1.000000e+00
    outer loop
      vertex   -3.250000e+00 4.000000e+00 1.200000e+01
      vertex   -1.406741e+01 -1.174337e+01 1.200000e+01
      vertex   -3.250000e+00 -2.850000e+01 1.200000e+01
    endloop
  endfacet
  facet normal 0.000000e+00 0.000000e+00 1.000000e+00
    outer loop
      vertex   -3.250000e+00 -2.850000e+01 1.200000e+01
      vertex   -1.406741e+01 -1.174337e+01 1.200000e+01
      vertex   -1.426886e+01 -1.297216e+01 1.200000e+01
    endloop
  endfacet
  facet normal 0.000000e+00 0.000000e+00 1.000000e+00
    outer loop
      vertex   -3.250000e+00 -2.850000e+01 1.200000e+01
      vertex   -1.426886e+01 -1.297216e+01 1.200000e+01
      vertex   -1.136863e+01 -2.236863e+01 1.200000e+01
    endloop
  endfacet
  facet normal 0.000000e+00 0.000000e+00 1.000000e+00
    outer loop
      vertex   -1.136863e+01 -2.236863e+01 1.200000e+01
      vertex   -1.426886e+01 -1.297216e+01 1.200000e+01
      vertex   -1.460199e+01 -1.417197e+01 1.200000e+01
    endloop
  endfacet
  facet normal 0.000000e+00 0.000000e+00 1.000000e+00
    outer loop
      vertex   -1.136863e+01 -2.236863e+01 1.200000e+01
      vertex   -1.460199e+01 -1.417197e+01 1.200000e+01
      vertex   -1.170000e+01 -2.211436e+01 1.200000e+01
    endloop
  endfacet
  facet normal 0.000000e+00 0.000000e+00 1.000000e+00
    outer loop
      vertex   -1.170000e+01 -2.211436e+01 1.200000e+01
      vertex   -1.460199e+01 -1.417197e+01 1.200000e+01
      vertex   -1.506288e+01 -1.532872e+01 1.200000e+01
    endloop
  endfacet
  facet normal 0.000000e+00 0.000000e+00 1.000000e+00
    outer loop
      vertex   -1.170000e+01 -2.211436e+01 1.200000e+01
      vertex   -1.506288e+01 -1.532872e+01 1.200000e+01
      vertex   -1.564614e+01 -1.642887e+01 1.200000e+01
    endloop
  endfacet
  facet normal -0.000000e+00 0.000000e+00 1.000000e+00
    outer loop
      vertex   -1.825000e+01 4.000000e+00 1.200000e+01
      vertex   -1.904635e+01 -9.815765e-01 1.200000e+01
      vertex   -3.250000e+00 4.000000e+00 1.200000e+01
    endloop
  endfacet
  facet normal 0.000000e+00 0.000000e+00 1.000000e+00
    outer loop
      vertex   -3.250000e+00 4.000000e+00 1.200000e+01
      vertex   -1.904635e+01 -9.815765e-01 1.200000e+01
      vertex   -1.805506e+01 -1.735136e+00 1.200000e+01
    endloop
  endfacet
  facet normal 0.000000e+00 0.000000e+00 1.000000e+00
    outer loop
      vertex   -3.250000e+00 4.000000e+00 1.200000e+01
      vertex   -1.805506e+01 -1.735136e+00 1.200000e+01
      vertex   -1.715105e+01 -2.591456e+00 1.200000e+01
    endloop
  endfacet
  facet normal 0.000000e+00 0.000000e+00 1.000000e+00
    outer loop
      vertex   -1.825000e+01 1.300000e+01 1.200000e+01
      vertex   -2.424426e+01 9.775000e+00 1.200000e+01
      vertex   -1.825000e+01 4.000000e+00 1.200000e+01
    endloop
  endfacet
  facet normal 0.000000e+00 0.000000e+00 1.000000e+00
    outer loop
      vertex   -1.825000e+01 4.000000e+00 1.200000e+01
      vertex   -2.424426e+01 9.775000e+00 1.200000e+01
      vertex   -2.447470e+01 9.474695e+00 1.200000e+01
    endloop
  endfacet
  facet normal 0.000000e+00 0.000000e+00 1.000000e+00
    outer loop
      vertex   -1.825000e+01 4.000000e+00 1.200000e+01
      vertex   -2.447470e+01 9.474695e+00 1.200000e+01
      vertex   -2.477500e+01 9.244263e+00 1.200000e+01
    endloop
  endfacet
  facet normal 0.000000e+00 0.000000e+00 1.000000e+00
    outer loop
      vertex   9.250000e+00 1.300000e+01 1.200000e+01
      vertex   -4.450000e+01 1.450000e+01 1.200000e+01
      vertex   -1.825000e+01 1.300000e+01 1.200000e+01
    endloop
  endfacet
  facet normal 0.000000e+00 0.000000e+00 1.000000e+00
    outer loop
      vertex   -1.825000e+01 1.300000e+01 1.200000e+01
      vertex   -4.450000e+01 1.450000e+01 1.200000e+01
      vertex   -2.550000e+01 1.195000e+01 1.200000e+01
    endloop
  endfacet
  facet normal 0.000000e+00 0.000000e+00 1.000000e+00
    outer loop
      vertex   -1.825000e+01 1.300000e+01 1.200000e+01
      vertex   -2.550000e+01 1.195000e+01 1.200000e+01
      vertex   -2.512471e+01 1.190059e+01 1.200000e+01
    endloop
  endfacet
  facet normal 0.000000e+00 0.000000e+00 1.000000e+00
    outer loop
      vertex   9.250000e+00 4.000000e+00 1.200000e+01
      vertex   2.424426e+01 9.775000e+00 1.200000e+01
      vertex   9.250000e+00 1.300000e+01 1.200000e+01
    endloop
  endfacet
  facet normal 0.000000e+00 0.000000e+00 1.000000e+00
    outer loop
      vertex   9.250000e+00 1.300000e+01 1.200000e+01
      vertex   2.424426e+01 9.775000e+00 1.200000e+01
      vertex   2.409941e+01 1.012471e+01 1.200000e+01
    endloop
  endfacet
  facet normal 0.000000e+00 0.000000e+00 1.000000e+00
    outer loop
      vertex   9.250000e+00 1.300000e+01 1.200000e+01
      vertex   2.409941e+01 1.012471e+01 1.200000e+01
      vertex   2.405000e+01 1.050000e+01 1.200000e+01
    endloop
  endfacet
  facet normal 0.000000e+00 0.000000e+00 1.000000e+00
    outer loop
      vertex   3.250000e+00 4.000000e+00 1.200000e+01
      vertex   1.634493e+01 -3.540497e+00 1.200000e+01
      vertex   9.250000e+00 4.000000e+00 1.200000e+01
    endloop
  endfacet
  facet normal 0.000000e+00 0.000000e+00 1.000000e+00
    outer loop
      vertex   9.250000e+00 4.000000e+00 1.200000e+01
      vertex   1.634493e+01 -3.540497e+00 1.200000e+01
      vertex   1.715105e+01 -2.591456e+00 1.200000e+01
    endloop
  endfacet
  facet normal 0.000000e+00 0.000000e+00 1.000000e+00
    outer loop
      vertex   9.250000e+00 4.000000e+00 1.200000e+01
      vertex   1.715105e+01 -2.591456e+00 1.200000e+01
      vertex   1.805506e+01 -1.735136e+00 1.200000e+01
    endloop
  endfacet
  facet normal 0.000000e+00 -0.000000e+00 1.000000e+00
    outer loop
      vertex   3.250000e+00 -2.850000e+01 1.200000e+01
      vertex   1.406741e+01 -1.174337e+01 1.200000e+01
      vertex   3.250000e+00 4.000000e+00 1.200000e+01
    endloop
  endfacet
  facet normal 0.000000e+00 0.000000e+00 1.000000e+00
    outer loop
      vertex   3.250000e+00 4.000000e+00 1.200000e+01
      vertex   1.406741e+01 -1.174337e+01 1.200000e+01
      vertex   1.400000e+01 -1.050000e+01 1.200000e+01
    endloop
  endfacet
  facet normal 0.000000e+00 0.000000e+00 1.000000e+00
    outer loop
      vertex   3.250000e+00 4.000000e+00 1.200000e+01
      vertex   1.400000e+01 -1.050000e+01 1.200000e+01
      vertex   1.406741e+01 -9.256631e+00 1.200000e+01
    endloop
  endfacet
  facet normal 0.000000e+00 0.000000e+00 1.000000e+00
    outer loop
      vertex   4.450000e+01 -2.850000e+01 1.200000e+01
      vertex   1.291411e+01 -2.504548e+01 1.200000e+01
      vertex   3.250000e+00 -2.850000e+01 1.200000e+01
    endloop
  endfacet
  facet normal 0.000000e+00 0.000000e+00 1.000000e+00
    outer loop
      vertex   3.250000e+00 -2.850000e+01 1.200000e+01
      vertex   1.291411e+01 -2.504548e+01 1.200000e+01
      vertex   1.250000e+01 -2.510000e+01 1.200000e+01
    endloop
  endfacet
  facet normal 0.000000e+00 0.000000e+00 1.000000e+00
    outer loop
      vertex   3.250000e+00 -2.850000e+01 1.200000e+01
      vertex   1.250000e+01 -2.510000e+01 1.200000e+01
      vertex   1.208589e+01 -2.504548e+01 1.200000e+01
    endloop
  endfacet
  facet normal 0.000000e+00 0.000000e+00 1.000000e+00
    outer loop
      vertex   4.450000e+01 1.450000e+01 1.200000e+01
      vertex   4.004548e+01 2.085890e+00 1.200000e+01
      vertex   4.450000e+01 -2.850000e+01 1.200000e+01
    endloop
  endfacet
  facet normal 0.000000e+00 0.000000e+00 1.000000e+00
    outer loop
      vertex   4.450000e+01 -2.850000e+01 1.200000e+01
      vertex   4.004548e+01 2.085890e+00 1.200000e+01
      vertex   3.988564e+01 1.700000e+00 1.200000e+01
    endloop
  endfacet
  facet normal 0.000000e+00 0.000000e+00 1.000000e+00
    outer loop
      vertex   4.450000e+01 -2.850000e+01 1.200000e+01
      vertex   3.988564e+01 1.700000e+00 1.200000e+01
      vertex   3.700000e+01 -1.050000e+01 1.200000e+01
    endloop
  endfacet
  facet normal 0.000000e+00 -0.000000e+00 1.000000e+00
    outer loop
      vertex   3.700000e+01 -1.050000e+01 1.200000e+01
      vertex   3.988564e+01 1.700000e+00 1.200000e+01
      vertex   3.693259e+01 -9.256631e+00 1.200000e+01
    endloop
  endfacet
  facet normal 0.000000e+00 0.000000e+00 1.000000e+00
    outer loop
      vertex   3.693259e+01 -9.256631e+00 1.200000e+01
      vertex   3.988564e+01 1.700000e+00 1.200000e+01
      vertex   3.963137e+01 1.368629e+00 1.200000e+01
    endloop
  endfacet
  facet normal 0.000000e+00 -0.000000e+00 1.000000e+00
    outer loop
      vertex   3.693259e+01 -9.256631e+00 1.200000e+01
      vertex   3.963137e+01 1.368629e+00 1.200000e+01
      vertex   3.673114e+01 -8.027840e+00 1.200000e+01
    endloop
  endfacet
  facet normal 0.000000e+00 -0.000000e+00 1.000000e+00
    outer loop
      vertex   3.673114e+01 -8.027840e+00 1.200000e+01
      vertex   3.963137e+01 1.368629e+00 1.200000e+01
      vertex   3.639801e+01 -6.828032e+00 1.200000e+01
    endloop
  endfacet
  facet normal 0.000000e+00 0.000000e+00 1.000000e+00
    outer loop
      vertex   3.639801e+01 -6.828032e+00 1.200000e+01
      vertex   3.963137e+01 1.368629e+00 1.200000e+01
      vertex   3.930000e+01 1.114359e+00 1.200000e+01
    endloop
  endfacet
  facet normal 0.000000e+00 -0.000000e+00 1.000000e+00
    outer loop
      vertex   3.639801e+01 -6.828032e+00 1.200000e+01
      vertex   3.930000e+01 1.114359e+00 1.200000e+01
      vertex   3.593712e+01 -5.671275e+00 1.200000e+01
    endloop
  endfacet
  facet normal 0.000000e+00 -0.000000e+00 1.000000e+00
    outer loop
      vertex   3.593712e+01 -5.671275e+00 1.200000e+01
      vertex   3.930000e+01 1.114359e+00 1.200000e+01
      vertex   3.535386e+01 -4.571131e+00 1.200000e+01
    endloop
  endfacet
  facet normal 0.000000e+00 0.000000e+00 1.000000e+00
    outer loop
      vertex   3.535386e+01 -4.571131e+00 1.200000e+01
      vertex   3.930000e+01 1.114359e+00 1.200000e+01
      vertex   3.891411e+01 9.545187e-01 1.200000e+01
    endloop
  endfacet
  facet normal 0.000000e+00 -0.000000e+00 1.000000e+00
    outer loop
      vertex   3.535386e+01 -4.571131e+00 1.200000e+01
      vertex   3.891411e+01 9.545187e-01 1.200000e+01
      vertex   3.465507e+01 -3.540497e+00 1.200000e+01
    endloop
  endfacet
  facet normal 0.000000e+00 0.000000e+00 1.000000e+00
    outer loop
      vertex   3.465507e+01 -3.540497e+00 1.200000e+01
      vertex   3.891411e+01 9.545187e-01 1.200000e+01
      vertex   3.850000e+01 9.000000e-01 1.200000e+01
    endloop
  endfacet
  facet normal 0.000000e+00 -0.000000e+00 1.000000e+00
    outer loop
      vertex   3.465507e+01 -3.540497e+00 1.200000e+01
      vertex   3.850000e+01 9.000000e-01 1.200000e+01
      vertex   3.384895e+01 -2.591456e+00 1.200000e+01
    endloop
  endfacet
  facet normal 0.000000e+00 -0.000000e+00 1.000000e+00
    outer loop
      vertex   3.384895e+01 -2.591456e+00 1.200000e+01
      vertex   3.850000e+01 9.000000e-01 1.200000e+01
      vertex   3.294494e+01 -1.735136e+00 1.200000e+01
    endloop
  endfacet
  facet normal 0.000000e+00 0.000000e+00 1.000000e+00
    outer loop
      vertex   3.294494e+01 -1.735136e+00 1.200000e+01
      vertex   3.850000e+01 9.000000e-01 1.200000e+01
      vertex   3.808589e+01 9.545187e-01 1.200000e+01
    endloop
  endfacet
  facet normal 0.000000e+00 -0.000000e+00 1.000000e+00
    outer loop
      vertex   3.294494e+01 -1.735136e+00 1.200000e+01
      vertex   3.808589e+01 9.545187e-01 1.200000e+01
      vertex   3.195365e+01 -9.815765e-01 1.200000e+01
    endloop
  endfacet
  facet normal 0.000000e+00 0.000000e+00 1.000000e+00
    outer loop
      vertex   3.195365e+01 -9.815765e-01 1.200000e+01
      vertex   3.808589e+01 9.545187e-01 1.200000e+01
      vertex   3.770000e+01 1.114359e+00 1.200000e+01
    endloop
  endfacet
  facet normal 0.000000e+00 0.000000e+00 1.000000e+00
    outer loop
      vertex   3.195365e+01 -9.815765e-01 1.200000e+01
      vertex   3.770000e+01 1.114359e+00 1.200000e+01
      vertex   3.736863e+01 1.368629e+00 1.200000e+01
    endloop
  endfacet
  facet normal -0.000000e+00 0.000000e+00 1.000000e+00
    outer loop
      vertex   -4.450000e+01 1.450000e+01 1.200000e+01
      vertex   9.250000e+00 1.300000e+01 1.200000e+01
      vertex   4.450000e+01 1.450000e+01 1.200000e+01
    endloop
  endfacet
  facet normal 0.000000e+00 0.000000e+00 1.000000e+00
    outer loop
      vertex   4.450000e+01 1.450000e+01 1.200000e+01
      vertex   9.250000e+00 1.300000e+01 1.200000e+01
      vertex   2.550000e+01 1.195000e+01 1.200000e+01
    endloop
  endfacet
  facet normal 0.000000e+00 0.000000e+00 1.000000e+00
    outer loop
      vertex   4.450000e+01 1.450000e+01 1.200000e+01
      vertex   2.550000e+01 1.195000e+01 1.200000e+01
      vertex   2.587529e+01 1.190059e+01 1.200000e+01
    endloop
  endfacet
  facet normal 0.000000e+00 0.000000e+00 1.000000e+00
    outer loop
      vertex   -4.450000e+01 -2.850000e+01 1.200000e+01
      vertex   -4.004548e+01 2.085890e+00 1.200000e+01
      vertex   -4.450000e+01 1.450000e+01 1.200000e+01
    endloop
  endfacet
  facet normal 0.000000e+00 0.000000e+00 1.000000e+00
    outer loop
      vertex   -4.450000e+01 1.450000e+01 1.200000e+01
      vertex   -4.004548e+01 2.085890e+00 1.200000e+01
      vertex   -4.010000e+01 2.500000e+00 1.200000e+01
    endloop
  endfacet
  facet normal 0.000000e+00 0.000000e+00 1.000000e+00
    outer loop
      vertex   -4.450000e+01 1.450000e+01 1.200000e+01
      vertex   -4.010000e+01 2.500000e+00 1.200000e+01
      vertex   -4.004548e+01 2.914110e+00 1.200000e+01
    endloop
  endfacet
  facet normal 0.000000e+00 0.000000e+00 1.000000e+00
    outer loop
      vertex   -3.250000e+00 -2.850000e+01 1.200000e+01
      vertex   -1.291411e+01 -2.504548e+01 1.200000e+01
      vertex   -4.450000e+01 -2.850000e+01 1.200000e+01
    endloop
  endfacet
  facet normal 0.000000e+00 0.000000e+00 1.000000e+00
    outer loop
      vertex   -4.450000e+01 -2.850000e+01 1.200000e+01
      vertex   -1.291411e+01 -2.504548e+01 1.200000e+01
      vertex   -3.808589e+01 -2.504548e+01 1.200000e+01
    endloop
  endfacet
  facet normal 0.000000e+00 0.000000e+00 1.000000e+00
    outer loop
      vertex   -4.450000e+01 -2.850000e+01 1.200000e+01
      vertex   -3.808589e+01 -2.504548e+01 1.200000e+01
      vertex   -3.850000e+01 -2.510000e+01 1.200000e+01
    endloop
  endfacet
  facet normal 0.000000e+00 0.000000e+00 1.000000e+00
    outer loop
      vertex   -1.404548e+01 -2.308589e+01 1.200000e+01
      vertex   -2.124341e+01 -2.118323e+01 1.200000e+01
      vertex   -1.410000e+01 -2.350000e+01 1.200000e+01
    endloop
  endfacet
  facet normal 0.000000e+00 0.000000e+00 1.000000e+00
    outer loop
      vertex   -1.410000e+01 -2.350000e+01 1.200000e+01
      vertex   -2.124341e+01 -2.118323e+01 1.200000e+01
      vertex   -2.242342e+01 -2.158082e+01 1.200000e+01
    endloop
  endfacet
  facet normal 0.000000e+00 0.000000e+00 1.000000e+00
    outer loop
      vertex   -1.410000e+01 -2.350000e+01 1.200000e+01
      vertex   -2.242342e+01 -2.158082e+01 1.200000e+01
      vertex   -1.404548e+01 -2.391411e+01 1.200000e+01
    endloop
  endfacet
  facet normal 0.000000e+00 0.000000e+00 1.000000e+00
    outer loop
      vertex   -1.404548e+01 -2.391411e+01 1.200000e+01
      vertex   -2.242342e+01 -2.158082e+01 1.200000e+01
      vertex   -2.363951e+01 -2.184851e+01 1.200000e+01
    endloop
  endfacet
  facet normal 0.000000e+00 0.000000e+00 1.000000e+00
    outer loop
      vertex   -1.404548e+01 -2.391411e+01 1.200000e+01
      vertex   -2.363951e+01 -2.184851e+01 1.200000e+01
      vertex   -1.388564e+01 -2.430000e+01 1.200000e+01
    endloop
  endfacet
  facet normal 0.000000e+00 0.000000e+00 1.000000e+00
    outer loop
      vertex   -1.388564e+01 -2.430000e+01 1.200000e+01
      vertex   -2.363951e+01 -2.184851e+01 1.200000e+01
      vertex   -1.363137e+01 -2.463137e+01 1.200000e+01
    endloop
  endfacet
  facet normal 0.000000e+00 0.000000e+00 1.000000e+00
    outer loop
      vertex   -1.363137e+01 -2.463137e+01 1.200000e+01
      vertex   -2.363951e+01 -2.184851e+01 1.200000e+01
      vertex   -2.487740e+01 -2.198313e+01 1.200000e+01
    endloop
  endfacet
  facet normal 0.000000e+00 0.000000e+00 1.000000e+00
    outer loop
      vertex   -1.363137e+01 -2.463137e+01 1.200000e+01
      vertex   -2.487740e+01 -2.198313e+01 1.200000e+01
      vertex   -1.330000e+01 -2.488564e+01 1.200000e+01
    endloop
  endfacet
  facet normal 0.000000e+00 0.000000e+00 1.000000e+00
    outer loop
      vertex   -1.330000e+01 -2.488564e+01 1.200000e+01
      vertex   -2.487740e+01 -2.198313e+01 1.200000e+01
      vertex   -2.612260e+01 -2.198313e+01 1.200000e+01
    endloop
  endfacet
  facet normal 0.000000e+00 0.000000e+00 1.000000e+00
    outer loop
      vertex   -1.330000e+01 -2.488564e+01 1.200000e+01
      vertex   -2.612260e+01 -2.198313e+01 1.200000e+01
      vertex   -3.770000e+01 -2.488564e+01 1.200000e+01
    endloop
  endfacet
  facet normal 0.000000e+00 0.000000e+00 1.000000e+00
    outer loop
      vertex   -3.770000e+01 -2.488564e+01 1.200000e+01
      vertex   -2.612260e+01 -2.198313e+01 1.200000e+01
      vertex   -3.736863e+01 -2.463137e+01 1.200000e+01
    endloop
  endfacet
  facet normal 0.000000e+00 0.000000e+00 1.000000e+00
    outer loop
      vertex   -3.736863e+01 -2.463137e+01 1.200000e+01
      vertex   -2.612260e+01 -2.198313e+01 1.200000e+01
      vertex   -2.736049e+01 -2.184851e+01 1.200000e+01
    endloop
  endfacet
  facet normal 0.000000e+00 0.000000e+00 1.000000e+00
    outer loop
      vertex   -3.736863e+01 -2.463137e+01 1.200000e+01
      vertex   -2.736049e+01 -2.184851e+01 1.200000e+01
      vertex   -3.711436e+01 -2.430000e+01 1.200000e+01
    endloop
  endfacet
  facet normal 0.000000e+00 0.000000e+00 1.000000e+00
    outer loop
      vertex   -3.711436e+01 -2.430000e+01 1.200000e+01
      vertex   -2.736049e+01 -2.184851e+01 1.200000e+01
      vertex   -3.695452e+01 -2.391411e+01 1.200000e+01
    endloop
  endfacet
  facet normal 0.000000e+00 0.000000e+00 1.000000e+00
    outer loop
      vertex   -3.695452e+01 -2.391411e+01 1.200000e+01
      vertex   -2.736049e+01 -2.184851e+01 1.200000e+01
      vertex   -2.857658e+01 -2.158082e+01 1.200000e+01
    endloop
  endfacet
  facet normal 0.000000e+00 0.000000e+00 1.000000e+00
    outer loop
      vertex   -3.695452e+01 -2.391411e+01 1.200000e+01
      vertex   -2.857658e+01 -2.158082e+01 1.200000e+01
      vertex   -3.690000e+01 -2.350000e+01 1.200000e+01
    endloop
  endfacet
  facet normal 0.000000e+00 0.000000e+00 1.000000e+00
    outer loop
      vertex   -3.690000e+01 -2.350000e+01 1.200000e+01
      vertex   -2.857658e+01 -2.158082e+01 1.200000e+01
      vertex   -2.975659e+01 -2.118323e+01 1.200000e+01
    endloop
  endfacet
  facet normal 0.000000e+00 -0.000000e+00 1.000000e+00
    outer loop
      vertex   -3.690000e+01 -2.350000e+01 1.200000e+01
      vertex   -2.975659e+01 -2.118323e+01 1.200000e+01
      vertex   -3.695452e+01 -2.308589e+01 1.200000e+01
    endloop
  endfacet
  facet normal 0.000000e+00 -0.000000e+00 1.000000e+00
    outer loop
      vertex   -3.695452e+01 -2.308589e+01 1.200000e+01
      vertex   -2.975659e+01 -2.118323e+01 1.200000e+01
      vertex   -3.711436e+01 -2.270000e+01 1.200000e+01
    endloop
  endfacet
  facet normal 0.000000e+00 0.000000e+00 1.000000e+00
    outer loop
      vertex   -3.711436e+01 -2.270000e+01 1.200000e+01
      vertex   -2.975659e+01 -2.118323e+01 1.200000e+01
      vertex   -3.088670e+01 -2.066039e+01 1.200000e+01
    endloop
  endfacet
  facet normal 0.000000e+00 -0.000000e+00 1.000000e+00
    outer loop
      vertex   -3.711436e+01 -2.270000e+01 1.200000e+01
      vertex   -3.088670e+01 -2.066039e+01 1.200000e+01
      vertex   -3.736863e+01 -2.236863e+01 1.200000e+01
    endloop
  endfacet
  facet normal 0.000000e+00 0.000000e+00 1.000000e+00
    outer loop
      vertex   -3.736863e+01 -2.236863e+01 1.200000e+01
      vertex   -3.088670e+01 -2.066039e+01 1.200000e+01
      vertex   -3.195365e+01 -2.001842e+01 1.200000e+01
    endloop
  endfacet
  facet normal 0.000000e+00 -0.000000e+00 1.000000e+00
    outer loop
      vertex   -3.736863e+01 -2.236863e+01 1.200000e+01
      vertex   -3.195365e+01 -2.001842e+01 1.200000e+01
      vertex   -3.770000e+01 -2.211436e+01 1.200000e+01
    endloop
  endfacet
  facet normal 0.000000e+00 -0.000000e+00 1.000000e+00
    outer loop
      vertex   -3.770000e+01 -2.211436e+01 1.200000e+01
      vertex   -3.195365e+01 -2.001842e+01 1.200000e+01
      vertex   -3.808589e+01 -2.195452e+01 1.200000e+01
    endloop
  endfacet
  facet normal 0.000000e+00 0.000000e+00 1.000000e+00
    outer loop
      vertex   -3.808589e+01 -2.195452e+01 1.200000e+01
      vertex   -3.195365e+01 -2.001842e+01 1.200000e+01
      vertex   -3.294494e+01 -1.926486e+01 1.200000e+01
    endloop
  endfacet
  facet normal 0.000000e+00 -0.000000e+00 1.000000e+00
    outer loop
      vertex   -3.808589e+01 -2.195452e+01 1.200000e+01
      vertex   -3.294494e+01 -1.926486e+01 1.200000e+01
      vertex   -3.850000e+01 -2.190000e+01 1.200000e+01
    endloop
  endfacet
  facet normal 0.000000e+00 0.000000e+00 1.000000e+00
    outer loop
      vertex   -3.850000e+01 -2.190000e+01 1.200000e+01
      vertex   -3.294494e+01 -1.926486e+01 1.200000e+01
      vertex   -3.384895e+01 -1.840854e+01 1.200000e+01
    endloop
  endfacet
  facet normal 0.000000e+00 0.000000e+00 1.000000e+00
    outer loop
      vertex   -3.850000e+01 -2.190000e+01 1.200000e+01
      vertex   -3.384895e+01 -1.840854e+01 1.200000e+01
      vertex   -3.465507e+01 -1.745950e+01 1.200000e+01
    endloop
  endfacet
  facet normal 0.000000e+00 -0.000000e+00 1.000000e+00
    outer loop
      vertex   -1.404548e+01 -2.308589e+01 1.200000e+01
      vertex   -1.388564e+01 -2.270000e+01 1.200000e+01
      vertex   -2.124341e+01 -2.118323e+01 1.200000e+01
    endloop
  endfacet
  facet normal -0.000000e+00 0.000000e+00 1.000000e+00
    outer loop
      vertex   -2.124341e+01 -2.118323e+01 1.200000e+01
      vertex   -1.388564e+01 -2.270000e+01 1.200000e+01
      vertex   -2.011330e+01 -2.066039e+01 1.200000e+01
    endloop
  endfacet
  facet normal 0.000000e+00 0.000000e+00 1.000000e+00
    outer loop
      vertex   -2.011330e+01 -2.066039e+01 1.200000e+01
      vertex   -1.388564e+01 -2.270000e+01 1.200000e+01
      vertex   -1.363137e+01 -2.236863e+01 1.200000e+01
    endloop
  endfacet
  facet normal -0.000000e+00 0.000000e+00 1.000000e+00
    outer loop
      vertex   -2.011330e+01 -2.066039e+01 1.200000e+01
      vertex   -1.363137e+01 -2.236863e+01 1.200000e+01
      vertex   -1.904635e+01 -2.001842e+01 1.200000e+01
    endloop
  endfacet
  facet normal 0.000000e+00 0.000000e+00 1.000000e+00
    outer loop
      vertex   -1.904635e+01 -2.001842e+01 1.200000e+01
      vertex   -1.363137e+01 -2.236863e+01 1.200000e+01
      vertex   -1.330000e+01 -2.211436e+01 1.200000e+01
    endloop
  endfacet
  facet normal 0.000000e+00 0.000000e+00 1.000000e+00
    outer loop
      vertex   -1.904635e+01 -2.001842e+01 1.200000e+01
      vertex   -1.330000e+01 -2.211436e+01 1.200000e+01
      vertex   -1.291411e+01 -2.195452e+01 1.200000e+01
    endloop
  endfacet
  facet normal -0.000000e+00 0.000000e+00 1.000000e+00
    outer loop
      vertex   -1.904635e+01 -2.001842e+01 1.200000e+01
      vertex   -1.291411e+01 -2.195452e+01 1.200000e+01
      vertex   -1.805506e+01 -1.926486e+01 1.200000e+01
    endloop
  endfacet
  facet normal 0.000000e+00 0.000000e+00 1.000000e+00
    outer loop
      vertex   -1.805506e+01 -1.926486e+01 1.200000e+01
      vertex   -1.291411e+01 -2.195452e+01 1.200000e+01
      vertex   -1.250000e+01 -2.190000e+01 1.200000e+01
    endloop
  endfacet
  facet normal -0.000000e+00 0.000000e+00 1.000000e+00
    outer loop
      vertex   -1.805506e+01 -1.926486e+01 1.200000e+01
      vertex   -1.250000e+01 -2.190000e+01 1.200000e+01
      vertex   -1.715105e+01 -1.840854e+01 1.200000e+01
    endloop
  endfacet
  facet normal -0.000000e+00 0.000000e+00 1.000000e+00
    outer loop
      vertex   -1.715105e+01 -1.840854e+01 1.200000e+01
      vertex   -1.250000e+01 -2.190000e+01 1.200000e+01
      vertex   -1.634493e+01 -1.745950e+01 1.200000e+01
    endloop
  endfacet
  facet normal 0.000000e+00 0.000000e+00 1.000000e+00
    outer loop
      vertex   -1.634493e+01 -1.745950e+01 1.200000e+01
      vertex   -1.250000e+01 -2.190000e+01 1.200000e+01
      vertex   -1.208589e+01 -2.195452e+01 1.200000e+01
    endloop
  endfacet
  facet normal -0.000000e+00 0.000000e+00 1.000000e+00
    outer loop
      vertex   -1.634493e+01 -1.745950e+01 1.200000e+01
      vertex   -1.208589e+01 -2.195452e+01 1.200000e+01
      vertex   -1.564614e+01 -1.642887e+01 1.200000e+01
    endloop
  endfacet
  facet normal 0.000000e+00 0.000000e+00 1.000000e+00
    outer loop
      vertex   -1.564614e+01 -1.642887e+01 1.200000e+01
      vertex   -1.208589e+01 -2.195452e+01 1.200000e+01
      vertex   -1.170000e+01 -2.211436e+01 1.200000e+01
    endloop
  endfacet
  facet normal 0.000000e+00 0.000000e+00 1.000000e+00
    outer loop
      vertex   -1.136863e+01 -2.236863e+01 1.200000e+01
      vertex   -1.111436e+01 -2.270000e+01 1.200000e+01
      vertex   -3.250000e+00 -2.850000e+01 1.200000e+01
    endloop
  endfacet
  facet normal 0.000000e+00 0.000000e+00 1.000000e+00
    outer loop
      vertex   -3.250000e+00 -2.850000e+01 1.200000e+01
      vertex   -1.111436e+01 -2.270000e+01 1.200000e+01
      vertex   -1.095452e+01 -2.308589e+01 1.200000e+01
    endloop
  endfacet
  facet normal 0.000000e+00 0.000000e+00 1.000000e+00
    outer loop
      vertex   -3.250000e+00 -2.850000e+01 1.200000e+01
      vertex   -1.095452e+01 -2.308589e+01 1.200000e+01
      vertex   -1.090000e+01 -2.350000e+01 1.200000e+01
    endloop
  endfacet
  facet normal 0.000000e+00 0.000000e+00 1.000000e+00
    outer loop
      vertex   -1.090000e+01 -2.350000e+01 1.200000e+01
      vertex   -1.095452e+01 -2.391411e+01 1.200000e+01
      vertex   -3.250000e+00 -2.850000e+01 1.200000e+01
    endloop
  endfacet
  facet normal 0.000000e+00 0.000000e+00 1.000000e+00
    outer loop
      vertex   -3.250000e+00 -2.850000e+01 1.200000e+01
      vertex   -1.095452e+01 -2.391411e+01 1.200000e+01
      vertex   -1.111436e+01 -2.430000e+01 1.200000e+01
    endloop
  endfacet
  facet normal 0.000000e+00 0.000000e+00 1.000000e+00
    outer loop
      vertex   -3.250000e+00 -2.850000e+01 1.200000e+01
      vertex   -1.111436e+01 -2.430000e+01 1.200000e+01
      vertex   -1.136863e+01 -2.463137e+01 1.200000e+01
    endloop
  endfacet
  facet normal 0.000000e+00 0.000000e+00 1.000000e+00
    outer loop
      vertex   -1.136863e+01 -2.463137e+01 1.200000e+01
      vertex   -1.170000e+01 -2.488564e+01 1.200000e+01
      vertex   -3.250000e+00 -2.850000e+01 1.200000e+01
    endloop
  endfacet
  facet normal 0.000000e+00 0.000000e+00 1.000000e+00
    outer loop
      vertex   -3.250000e+00 -2.850000e+01 1.200000e+01
      vertex   -1.170000e+01 -2.488564e+01 1.200000e+01
      vertex   -1.208589e+01 -2.504548e+01 1.200000e+01
    endloop
  endfacet
  facet normal 0.000000e+00 0.000000e+00 1.000000e+00
    outer loop
      vertex   -3.250000e+00 -2.850000e+01 1.200000e+01
      vertex   -1.208589e+01 -2.504548e+01 1.200000e+01
      vertex   -1.250000e+01 -2.510000e+01 1.200000e+01
    endloop
  endfacet
  facet normal 0.000000e+00 0.000000e+00 1.000000e+00
    outer loop
      vertex   -1.250000e+01 -2.510000e+01 1.200000e+01
      vertex   -1.291411e+01 -2.504548e+01 1.200000e+01
      vertex   -3.250000e+00 -2.850000e+01 1.200000e+01
    endloop
  endfacet
  facet normal 0.000000e+00 0.000000e+00 1.000000e+00
    outer loop
      vertex   -3.808589e+01 -2.504548e+01 1.200000e+01
      vertex   -1.291411e+01 -2.504548e+01 1.200000e+01
      vertex   -3.770000e+01 -2.488564e+01 1.200000e+01
    endloop
  endfacet
  facet normal -0.000000e+00 0.000000e+00 1.000000e+00
    outer loop
      vertex   -3.770000e+01 -2.488564e+01 1.200000e+01
      vertex   -1.291411e+01 -2.504548e+01 1.200000e+01
      vertex   -1.330000e+01 -2.488564e+01 1.200000e+01
    endloop
  endfacet
  facet normal 0.000000e+00 0.000000e+00 1.000000e+00
    outer loop
      vertex   -4.004548e+01 -2.391411e+01 1.200000e+01
      vertex   -4.010000e+01 -2.350000e+01 1.200000e+01
      vertex   -4.450000e+01 -2.850000e+01 1.200000e+01
    endloop
  endfacet
  facet normal 0.000000e+00 0.000000e+00 1.000000e+00
    outer loop
      vertex   -4.450000e+01 -2.850000e+01 1.200000e+01
      vertex   -4.010000e+01 -2.350000e+01 1.200000e+01
      vertex   -4.004548e+01 -2.308589e+01 1.200000e+01
    endloop
  endfacet
  facet normal 0.000000e+00 0.000000e+00 1.000000e+00
    outer loop
      vertex   -4.450000e+01 -2.850000e+01 1.200000e+01
      vertex   -4.004548e+01 -2.308589e+01 1.200000e+01
      vertex   -3.988564e+01 -2.270000e+01 1.200000e+01
    endloop
  endfacet
  facet normal 0.000000e+00 0.000000e+00 1.000000e+00
    outer loop
      vertex   -4.450000e+01 -2.850000e+01 1.200000e+01
      vertex   -3.988564e+01 -2.270000e+01 1.200000e+01
      vertex   -3.693259e+01 -1.174337e+01 1.200000e+01
    endloop
  endfacet
  facet normal 0.000000e+00 0.000000e+00 1.000000e+00
    outer loop
      vertex   -3.693259e+01 -1.174337e+01 1.200000e+01
      vertex   -3.988564e+01 -2.270000e+01 1.200000e+01
      vertex   -3.963137e+01 -2.236863e+01 1.200000e+01
    endloop
  endfacet
  facet normal 0.000000e+00 0.000000e+00 1.000000e+00
    outer loop
      vertex   -3.693259e+01 -1.174337e+01 1.200000e+01
      vertex   -3.963137e+01 -2.236863e+01 1.200000e+01
      vertex   -3.673114e+01 -1.297216e+01 1.200000e+01
    endloop
  endfacet
  facet normal 0.000000e+00 0.000000e+00 1.000000e+00
    outer loop
      vertex   -3.673114e+01 -1.297216e+01 1.200000e+01
      vertex   -3.963137e+01 -2.236863e+01 1.200000e+01
      vertex   -3.639801e+01 -1.417197e+01 1.200000e+01
    endloop
  endfacet
  facet normal 0.000000e+00 0.000000e+00 1.000000e+00
    outer loop
      vertex   -3.639801e+01 -1.417197e+01 1.200000e+01
      vertex   -3.963137e+01 -2.236863e+01 1.200000e+01
      vertex   -3.930000e+01 -2.211436e+01 1.200000e+01
    endloop
  endfacet
  facet normal 0.000000e+00 0.000000e+00 1.000000e+00
    outer loop
      vertex   -3.639801e+01 -1.417197e+01 1.200000e+01
      vertex   -3.930000e+01 -2.211436e+01 1.200000e+01
      vertex   -3.593712e+01 -1.532872e+01 1.200000e+01
    endloop
  endfacet
  facet normal 0.000000e+00 0.000000e+00 1.000000e+00
    outer loop
      vertex   -3.593712e+01 -1.532872e+01 1.200000e+01
      vertex   -3.930000e+01 -2.211436e+01 1.200000e+01
      vertex   -3.535386e+01 -1.642887e+01 1.200000e+01
    endloop
  endfacet
  facet normal 0.000000e+00 0.000000e+00 1.000000e+00
    outer loop
      vertex   -3.535386e+01 -1.642887e+01 1.200000e+01
      vertex   -3.930000e+01 -2.211436e+01 1.200000e+01
      vertex   -3.891411e+01 -2.195452e+01 1.200000e+01
    endloop
  endfacet
  facet normal 0.000000e+00 0.000000e+00 1.000000e+00
    outer loop
      vertex   -3.535386e+01 -1.642887e+01 1.200000e+01
      vertex   -3.891411e+01 -2.195452e+01 1.200000e+01
      vertex   -3.465507e+01 -1.745950e+01 1.200000e+01
    endloop
  endfacet
  facet normal 0.000000e+00 0.000000e+00 1.000000e+00
    outer loop
      vertex   -3.465507e+01 -1.745950e+01 1.200000e+01
      vertex   -3.891411e+01 -2.195452e+01 1.200000e+01
      vertex   -3.850000e+01 -2.190000e+01 1.200000e+01
    endloop
  endfacet
  facet normal 0.000000e+00 0.000000e+00 1.000000e+00
    outer loop
      vertex   -3.850000e+01 -2.510000e+01 1.200000e+01
      vertex   -3.891411e+01 -2.504548e+01 1.200000e+01
      vertex   -4.450000e+01 -2.850000e+01 1.200000e+01
    endloop
  endfacet
  facet normal 0.000000e+00 0.000000e+00 1.000000e+00
    outer loop
      vertex   -4.450000e+01 -2.850000e+01 1.200000e+01
      vertex   -3.891411e+01 -2.504548e+01 1.200000e+01
      vertex   -3.930000e+01 -2.488564e+01 1.200000e+01
    endloop
  endfacet
  facet normal 0.000000e+00 0.000000e+00 1.000000e+00
    outer loop
      vertex   -4.450000e+01 -2.850000e+01 1.200000e+01
      vertex   -3.930000e+01 -2.488564e+01 1.200000e+01
      vertex   -3.963137e+01 -2.463137e+01 1.200000e+01
    endloop
  endfacet
  facet normal 0.000000e+00 0.000000e+00 1.000000e+00
    outer loop
      vertex   -3.963137e+01 -2.463137e+01 1.200000e+01
      vertex   -3.988564e+01 -2.430000e+01 1.200000e+01
      vertex   -4.450000e+01 -2.850000e+01 1.200000e+01
    endloop
  endfacet
  facet normal 0.000000e+00 0.000000e+00 1.000000e+00
    outer loop
      vertex   -4.450000e+01 -2.850000e+01 1.200000e+01
      vertex   -3.988564e+01 -2.430000e+01 1.200000e+01
      vertex   -4.004548e+01 -2.391411e+01 1.200000e+01
    endloop
  endfacet
  facet normal 0.000000e+00 0.000000e+00 1.000000e+00
    outer loop
      vertex   -2.690059e+01 1.012471e+01 1.200000e+01
      vertex   -2.695000e+01 1.050000e+01 1.200000e+01
      vertex   -3.790000e+01 1.050000e+01 1.200000e+01
    endloop
  endfacet
  facet normal -0.000000e+00 0.000000e+00 1.000000e+00
    outer loop
      vertex   -3.790000e+01 1.050000e+01 1.200000e+01
      vertex   -2.695000e+01 1.050000e+01 1.200000e+01
      vertex   -2.690059e+01 1.087529e+01 1.200000e+01
    endloop
  endfacet
  facet normal 0.000000e+00 -0.000000e+00 1.000000e+00
    outer loop
      vertex   -3.790000e+01 1.050000e+01 1.200000e+01
      vertex   -2.690059e+01 1.087529e+01 1.200000e+01
      vertex   -3.795452e+01 1.091411e+01 1.200000e+01
    endloop
  endfacet
  facet normal -0.000000e+00 0.000000e+00 1.000000e+00
    outer loop
      vertex   -3.795452e+01 1.091411e+01 1.200000e+01
      vertex   -2.690059e+01 1.087529e+01 1.200000e+01
      vertex   -2.675574e+01 1.122500e+01 1.200000e+01
    endloop
  endfacet
  facet normal 0.000000e+00 -0.000000e+00 1.000000e+00
    outer loop
      vertex   -3.795452e+01 1.091411e+01 1.200000e+01
      vertex   -2.675574e+01 1.122500e+01 1.200000e+01
      vertex   -3.811436e+01 1.130000e+01 1.200000e+01
    endloop
  endfacet
  facet normal -0.000000e+00 0.000000e+00 1.000000e+00
    outer loop
      vertex   -3.811436e+01 1.130000e+01 1.200000e+01
      vertex   -2.675574e+01 1.122500e+01 1.200000e+01
      vertex   -2.652530e+01 1.152530e+01 1.200000e+01
    endloop
  endfacet
  facet normal 0.000000e+00 -0.000000e+00 1.000000e+00
    outer loop
      vertex   -3.811436e+01 1.130000e+01 1.200000e+01
      vertex   -2.652530e+01 1.152530e+01 1.200000e+01
      vertex   -3.836863e+01 1.163137e+01 1.200000e+01
    endloop
  endfacet
  facet normal -0.000000e+00 0.000000e+00 1.000000e+00
    outer loop
      vertex   -3.836863e+01 1.163137e+01 1.200000e+01
      vertex   -2.652530e+01 1.152530e+01 1.200000e+01
      vertex   -2.622500e+01 1.175574e+01 1.200000e+01
    endloop
  endfacet
  facet normal 0.000000e+00 -0.000000e+00 1.000000e+00
    outer loop
      vertex   -3.836863e+01 1.163137e+01 1.200000e+01
      vertex   -2.622500e+01 1.175574e+01 1.200000e+01
      vertex   -3.870000e+01 1.188564e+01 1.200000e+01
    endloop
  endfacet
  facet normal -0.000000e+00 0.000000e+00 1.000000e+00
    outer loop
      vertex   -3.870000e+01 1.188564e+01 1.200000e+01
      vertex   -2.622500e+01 1.175574e+01 1.200000e+01
      vertex   -2.587529e+01 1.190059e+01 1.200000e+01
    endloop
  endfacet
  facet normal 0.000000e+00 -0.000000e+00 1.000000e+00
    outer loop
      vertex   -3.870000e+01 1.188564e+01 1.200000e+01
      vertex   -2.587529e+01 1.190059e+01 1.200000e+01
      vertex   -3.908589e+01 1.204548e+01 1.200000e+01
    endloop
  endfacet
  facet normal -0.000000e+00 -0.000000e+00 1.000000e+00
    outer loop
      vertex   -3.908589e+01 1.204548e+01 1.200000e+01
      vertex   -2.587529e+01 1.190059e+01 1.200000e+01
      vertex   -4.450000e+01 1.450000e+01 1.200000e+01
    endloop
  endfacet
  facet normal 0.000000e+00 0.000000e+00 1.000000e+00
    outer loop
      vertex   -3.908589e+01 1.204548e+01 1.200000e+01
      vertex   -4.450000e+01 1.450000e+01 1.200000e+01
      vertex   -3.950000e+01 1.210000e+01 1.200000e+01
    endloop
  endfacet
  facet normal 0.000000e+00 0.000000e+00 1.000000e+00
    outer loop
      vertex   -3.950000e+01 1.210000e+01 1.200000e+01
      vertex   -4.450000e+01 1.450000e+01 1.200000e+01
      vertex   -3.991411e+01 1.204548e+01 1.200000e+01
    endloop
  endfacet
  facet normal 0.000000e+00 0.000000e+00 1.000000e+00
    outer loop
      vertex   -3.991411e+01 1.204548e+01 1.200000e+01
      vertex   -4.450000e+01 1.450000e+01 1.200000e+01
      vertex   -4.030000e+01 1.188564e+01 1.200000e+01
    endloop
  endfacet
  facet normal 0.000000e+00 0.000000e+00 1.000000e+00
    outer loop
      vertex   -4.030000e+01 1.188564e+01 1.200000e+01
      vertex   -4.450000e+01 1.450000e+01 1.200000e+01
      vertex   -4.063137e+01 1.163137e+01 1.200000e+01
    endloop
  endfacet
  facet normal 0.000000e+00 0.000000e+00 1.000000e+00
    outer loop
      vertex   -4.063137e+01 1.163137e+01 1.200000e+01
      vertex   -4.450000e+01 1.450000e+01 1.200000e+01
      vertex   -4.088564e+01 1.130000e+01 1.200000e+01
    endloop
  endfacet
  facet normal 0.000000e+00 0.000000e+00 1.000000e+00
    outer loop
      vertex   -4.088564e+01 1.130000e+01 1.200000e+01
      vertex   -4.450000e+01 1.450000e+01 1.200000e+01
      vertex   -4.104548e+01 1.091411e+01 1.200000e+01
    endloop
  endfacet
  facet normal 0.000000e+00 0.000000e+00 1.000000e+00
    outer loop
      vertex   -4.104548e+01 1.091411e+01 1.200000e+01
      vertex   -4.450000e+01 1.450000e+01 1.200000e+01
      vertex   -4.110000e+01 1.050000e+01 1.200000e+01
    endloop
  endfacet
  facet normal 0.000000e+00 0.000000e+00 1.000000e+00
    outer loop
      vertex   -4.110000e+01 1.050000e+01 1.200000e+01
      vertex   -4.450000e+01 1.450000e+01 1.200000e+01
      vertex   -4.104548e+01 1.008589e+01 1.200000e+01
    endloop
  endfacet
  facet normal 0.000000e+00 0.000000e+00 1.000000e+00
    outer loop
      vertex   -4.104548e+01 1.008589e+01 1.200000e+01
      vertex   -4.450000e+01 1.450000e+01 1.200000e+01
      vertex   -4.088564e+01 9.700000e+00 1.200000e+01
    endloop
  endfacet
  facet normal 0.000000e+00 0.000000e+00 1.000000e+00
    outer loop
      vertex   -4.088564e+01 9.700000e+00 1.200000e+01
      vertex   -4.450000e+01 1.450000e+01 1.200000e+01
      vertex   -4.004548e+01 2.914110e+00 1.200000e+01
    endloop
  endfacet
  facet normal 0.000000e+00 0.000000e+00 1.000000e+00
    outer loop
      vertex   -4.088564e+01 9.700000e+00 1.200000e+01
      vertex   -4.004548e+01 2.914110e+00 1.200000e+01
      vertex   -3.988564e+01 3.300000e+00 1.200000e+01
    endloop
  endfacet
  facet normal 0.000000e+00 -0.000000e+00 1.000000e+00
    outer loop
      vertex   -2.587529e+01 1.190059e+01 1.200000e+01
      vertex   -2.550000e+01 1.195000e+01 1.200000e+01
      vertex   -4.450000e+01 1.450000e+01 1.200000e+01
    endloop
  endfacet
  facet normal -0.000000e+00 0.000000e+00 1.000000e+00
    outer loop
      vertex   -2.512471e+01 1.190059e+01 1.200000e+01
      vertex   -2.477500e+01 1.175574e+01 1.200000e+01
      vertex   -1.825000e+01 1.300000e+01 1.200000e+01
    endloop
  endfacet
  facet normal 0.000000e+00 0.000000e+00 1.000000e+00
    outer loop
      vertex   -1.825000e+01 1.300000e+01 1.200000e+01
      vertex   -2.477500e+01 1.175574e+01 1.200000e+01
      vertex   -2.447470e+01 1.152530e+01 1.200000e+01
    endloop
  endfacet
  facet normal 0.000000e+00 0.000000e+00 1.000000e+00
    outer loop
      vertex   -1.825000e+01 1.300000e+01 1.200000e+01
      vertex   -2.447470e+01 1.152530e+01 1.200000e+01
      vertex   -2.424426e+01 1.122500e+01 1.200000e+01
    endloop
  endfacet
  facet normal -0.000000e+00 0.000000e+00 1.000000e+00
    outer loop
      vertex   -2.424426e+01 1.122500e+01 1.200000e+01
      vertex   -2.409941e+01 1.087529e+01 1.200000e+01
      vertex   -1.825000e+01 1.300000e+01 1.200000e+01
    endloop
  endfacet
  facet normal 0.000000e+00 0.000000e+00 1.000000e+00
    outer loop
      vertex   -1.825000e+01 1.300000e+01 1.200000e+01
      vertex   -2.409941e+01 1.087529e+01 1.200000e+01
      vertex   -2.405000e+01 1.050000e+01 1.200000e+01
    endloop
  endfacet
  facet normal 0.000000e+00 0.000000e+00 1.000000e+00
    outer loop
      vertex   -1.825000e+01 1.300000e+01 1.200000e+01
      vertex   -2.405000e+01 1.050000e+01 1.200000e+01
      vertex   -2.409941e+01 1.012471e+01 1.200000e+01
    endloop
  endfacet
  facet normal -0.000000e+00 0.000000e+00 1.000000e+00
    outer loop
      vertex   -2.409941e+01 1.012471e+01 1.200000e+01
      vertex   -2.424426e+01 9.775000e+00 1.200000e+01
      vertex   -1.825000e+01 1.300000e+01 1.200000e+01
    endloop
  endfacet
  facet normal 0.000000e+00 0.000000e+00 1.000000e+00
    outer loop
      vertex   -2.477500e+01 9.244263e+00 1.200000e+01
      vertex   -2.512471e+01 9.099408e+00 1.200000e+01
      vertex   -1.825000e+01 4.000000e+00 1.200000e+01
    endloop
  endfacet
  facet normal 0.000000e+00 0.000000e+00 1.000000e+00
    outer loop
      vertex   -1.825000e+01 4.000000e+00 1.200000e+01
      vertex   -2.512471e+01 9.099408e+00 1.200000e+01
      vertex   -2.550000e+01 9.050000e+00 1.200000e+01
    endloop
  endfacet
  facet normal 0.000000e+00 0.000000e+00 1.000000e+00
    outer loop
      vertex   -1.825000e+01 4.000000e+00 1.200000e+01
      vertex   -2.550000e+01 9.050000e+00 1.200000e+01
      vertex   -2.612260e+01 9.831343e-01 1.200000e+01
    endloop
  endfacet
  facet normal 0.000000e+00 0.000000e+00 1.000000e+00
    outer loop
      vertex   -2.612260e+01 9.831343e-01 1.200000e+01
      vertex   -2.550000e+01 9.050000e+00 1.200000e+01
      vertex   -2.587529e+01 9.099408e+00 1.200000e+01
    endloop
  endfacet
  facet normal 0.000000e+00 -0.000000e+00 1.000000e+00
    outer loop
      vertex   -2.612260e+01 9.831343e-01 1.200000e+01
      vertex   -2.587529e+01 9.099408e+00 1.200000e+01
      vertex   -2.736049e+01 8.485050e-01 1.200000e+01
    endloop
  endfacet
  facet normal 0.000000e+00 -0.000000e+00 1.000000e+00
    outer loop
      vertex   -2.736049e+01 8.485050e-01 1.200000e+01
      vertex   -2.587529e+01 9.099408e+00 1.200000e+01
      vertex   -3.736863e+01 3.631371e+00 1.200000e+01
    endloop
  endfacet
  facet normal 0.000000e+00 0.000000e+00 1.000000e+00
    outer loop
      vertex   -2.736049e+01 8.485050e-01 1.200000e+01
      vertex   -3.736863e+01 3.631371e+00 1.200000e+01
      vertex   -3.711436e+01 3.300000e+00 1.200000e+01
    endloop
  endfacet
  facet normal 0.000000e+00 -0.000000e+00 1.000000e+00
    outer loop
      vertex   -3.736863e+01 3.631371e+00 1.200000e+01
      vertex   -2.587529e+01 9.099408e+00 1.200000e+01
      vertex   -3.770000e+01 3.885641e+00 1.200000e+01
    endloop
  endfacet
  facet normal 0.000000e+00 0.000000e+00 1.000000e+00
    outer loop
      vertex   -3.770000e+01 3.885641e+00 1.200000e+01
      vertex   -2.587529e+01 9.099408e+00 1.200000e+01
      vertex   -2.622500e+01 9.244263e+00 1.200000e+01
    endloop
  endfacet
  facet normal 0.000000e+00 -0.000000e+00 1.000000e+00
    outer loop
      vertex   -3.770000e+01 3.885641e+00 1.200000e+01
      vertex   -2.622500e+01 9.244263e+00 1.200000e+01
      vertex   -3.870000e+01 9.114359e+00 1.200000e+01
    endloop
  endfacet
  facet normal 0.000000e+00 0.000000e+00 1.000000e+00
    outer loop
      vertex   -3.870000e+01 9.114359e+00 1.200000e+01
      vertex   -2.622500e+01 9.244263e+00 1.200000e+01
      vertex   -3.836863e+01 9.368629e+00 1.200000e+01
    endloop
  endfacet
  facet normal -0.000000e+00 0.000000e+00 1.000000e+00
    outer loop
      vertex   -3.836863e+01 9.368629e+00 1.200000e+01
      vertex   -2.622500e+01 9.244263e+00 1.200000e+01
      vertex   -2.652530e+01 9.474695e+00 1.200000e+01
    endloop
  endfacet
  facet normal 0.000000e+00 0.000000e+00 1.000000e+00
    outer loop
      vertex   -3.836863e+01 9.368629e+00 1.200000e+01
      vertex   -2.652530e+01 9.474695e+00 1.200000e+01
      vertex   -3.811436e+01 9.700000e+00 1.200000e+01
    endloop
  endfacet
  facet normal -0.000000e+00 0.000000e+00 1.000000e+00
    outer loop
      vertex   -3.811436e+01 9.700000e+00 1.200000e+01
      vertex   -2.652530e+01 9.474695e+00 1.200000e+01
      vertex   -2.675574e+01 9.775000e+00 1.200000e+01
    endloop
  endfacet
  facet normal 0.000000e+00 0.000000e+00 1.000000e+00
    outer loop
      vertex   -3.811436e+01 9.700000e+00 1.200000e+01
      vertex   -2.675574e+01 9.775000e+00 1.200000e+01
      vertex   -3.795452e+01 1.008589e+01 1.200000e+01
    endloop
  endfacet
  facet normal -0.000000e+00 0.000000e+00 1.000000e+00
    outer loop
      vertex   -3.795452e+01 1.008589e+01 1.200000e+01
      vertex   -2.675574e+01 9.775000e+00 1.200000e+01
      vertex   -2.690059e+01 1.012471e+01 1.200000e+01
    endloop
  endfacet
  facet normal 0.000000e+00 0.000000e+00 1.000000e+00
    outer loop
      vertex   -3.795452e+01 1.008589e+01 1.200000e+01
      vertex   -2.690059e+01 1.012471e+01 1.200000e+01
      vertex   -3.790000e+01 1.050000e+01 1.200000e+01
    endloop
  endfacet
  facet normal 0.000000e+00 -0.000000e+00 1.000000e+00
    outer loop
      vertex   2.405000e+01 1.050000e+01 1.200000e+01
      vertex   2.409941e+01 1.087529e+01 1.200000e+01
      vertex   9.250000e+00 1.300000e+01 1.200000e+01
    endloop
  endfacet
  facet normal 0.000000e+00 0.000000e+00 1.000000e+00
    outer loop
      vertex   9.250000e+00 1.300000e+01 1.200000e+01
      vertex   2.409941e+01 1.087529e+01 1.200000e+01
      vertex   2.424426e+01 1.122500e+01 1.200000e+01
    endloop
  endfacet
  facet normal 0.000000e+00 0.000000e+00 1.000000e+00
    outer loop
      vertex   9.250000e+00 1.300000e+01 1.200000e+01
      vertex   2.424426e+01 1.122500e+01 1.200000e+01
      vertex   2.447470e+01 1.152530e+01 1.200000e+01
    endloop
  endfacet
  facet normal 0.000000e+00 -0.000000e+00 1.000000e+00
    outer loop
      vertex   2.447470e+01 1.152530e+01 1.200000e+01
      vertex   2.477500e+01 1.175574e+01 1.200000e+01
      vertex   9.250000e+00 1.300000e+01 1.200000e+01
    endloop
  endfacet
  facet normal 0.000000e+00 0.000000e+00 1.000000e+00
    outer loop
      vertex   9.250000e+00 1.300000e+01 1.200000e+01
      vertex   2.477500e+01 1.175574e+01 1.200000e+01
      vertex   2.512471e+01 1.190059e+01 1.200000e+01
    endloop
  endfacet
  facet normal 0.000000e+00 0.000000e+00 1.000000e+00
    outer loop
      vertex   9.250000e+00 1.300000e+01 1.200000e+01
      vertex   2.512471e+01 1.190059e+01 1.200000e+01
      vertex   2.550000e+01 1.195000e+01 1.200000e+01
    endloop
  endfacet
  facet normal 0.000000e+00 -0.000000e+00 1.000000e+00
    outer loop
      vertex   2.622500e+01 1.175574e+01 1.200000e+01
      vertex   3.870000e+01 1.188564e+01 1.200000e+01
      vertex   2.587529e+01 1.190059e+01 1.200000e+01
    endloop
  endfacet
  facet normal -0.000000e+00 0.000000e+00 1.000000e+00
    outer loop
      vertex   2.587529e+01 1.190059e+01 1.200000e+01
      vertex   3.870000e+01 1.188564e+01 1.200000e+01
      vertex   3.908589e+01 1.204548e+01 1.200000e+01
    endloop
  endfacet
  facet normal 0.000000e+00 0.000000e+00 1.000000e+00
    outer loop
      vertex   2.587529e+01 1.190059e+01 1.200000e+01
      vertex   3.908589e+01 1.204548e+01 1.200000e+01
      vertex   4.450000e+01 1.450000e+01 1.200000e+01
    endloop
  endfacet
  facet normal 0.000000e+00 0.000000e+00 1.000000e+00
    outer loop
      vertex   4.450000e+01 1.450000e+01 1.200000e+01
      vertex   3.908589e+01 1.204548e+01 1.200000e+01
      vertex   3.950000e+01 1.210000e+01 1.200000e+01
    endloop
  endfacet
  facet normal 0.000000e+00 0.000000e+00 1.000000e+00
    outer loop
      vertex   4.450000e+01 1.450000e+01 1.200000e+01
      vertex   3.950000e+01 1.210000e+01 1.200000e+01
      vertex   3.991411e+01 1.204548e+01 1.200000e+01
    endloop
  endfacet
  facet normal 0.000000e+00 0.000000e+00 1.000000e+00
    outer loop
      vertex   3.870000e+01 1.188564e+01 1.200000e+01
      vertex   2.622500e+01 1.175574e+01 1.200000e+01
      vertex   3.836863e+01 1.163137e+01 1.200000e+01
    endloop
  endfacet
  facet normal 0.000000e+00 0.000000e+00 1.000000e+00
    outer loop
      vertex   3.836863e+01 1.163137e+01 1.200000e+01
      vertex   2.622500e+01 1.175574e+01 1.200000e+01
      vertex   2.652530e+01 1.152530e+01 1.200000e+01
    endloop
  endfacet
  facet normal 0.000000e+00 0.000000e+00 1.000000e+00
    outer loop
      vertex   3.836863e+01 1.163137e+01 1.200000e+01
      vertex   2.652530e+01 1.152530e+01 1.200000e+01
      vertex   3.811436e+01 1.130000e+01 1.200000e+01
    endloop
  endfacet
  facet normal 0.000000e+00 0.000000e+00 1.000000e+00
    outer loop
      vertex   3.811436e+01 1.130000e+01 1.200000e+01
      vertex   2.652530e+01 1.152530e+01 1.200000e+01
      vertex   2.675574e+01 1.122500e+01 1.200000e+01
    endloop
  endfacet
  facet normal 0.000000e+00 0.000000e+00 1.000000e+00
    outer loop
      vertex   3.811436e+01 1.130000e+01 1.200000e+01
      vertex   2.675574e+01 1.122500e+01 1.200000e+01
      vertex   3.795452e+01 1.091411e+01 1.200000e+01
    endloop
  endfacet
  facet normal 0.000000e+00 0.000000e+00 1.000000e+00
    outer loop
      vertex   3.795452e+01 1.091411e+01 1.200000e+01
      vertex   2.675574e+01 1.122500e+01 1.200000e+01
      vertex   2.690059e+01 1.087529e+01 1.200000e+01
    endloop
  endfacet
  facet normal 0.000000e+00 0.000000e+00 1.000000e+00
    outer loop
      vertex   3.795452e+01 1.091411e+01 1.200000e+01
      vertex   2.690059e+01 1.087529e+01 1.200000e+01
      vertex   3.790000e+01 1.050000e+01 1.200000e+01
    endloop
  endfacet
  facet normal 0.000000e+00 0.000000e+00 1.000000e+00
    outer loop
      vertex   3.790000e+01 1.050000e+01 1.200000e+01
      vertex   2.690059e+01 1.087529e+01 1.200000e+01
      vertex   2.695000e+01 1.050000e+01 1.200000e+01
    endloop
  endfacet
  facet normal 0.000000e+00 0.000000e+00 1.000000e+00
    outer loop
      vertex   3.790000e+01 1.050000e+01 1.200000e+01
      vertex   2.695000e+01 1.050000e+01 1.200000e+01
      vertex   2.690059e+01 1.012471e+01 1.200000e+01
    endloop
  endfacet
  facet normal 0.000000e+00 0.000000e+00 1.000000e+00
    outer loop
      vertex   3.790000e+01 1.050000e+01 1.200000e+01
      vertex   2.690059e+01 1.012471e+01 1.200000e+01
      vertex   3.795452e+01 1.008589e+01 1.200000e+01
    endloop
  endfacet
  facet normal 0.000000e+00 0.000000e+00 1.000000e+00
    outer loop
      vertex   3.795452e+01 1.008589e+01 1.200000e+01
      vertex   2.690059e+01 1.012471e+01 1.200000e+01
      vertex   2.675574e+01 9.775000e+00 1.200000e+01
    endloop
  endfacet
  facet normal 0.000000e+00 0.000000e+00 1.000000e+00
    outer loop
      vertex   3.795452e+01 1.008589e+01 1.200000e+01
      vertex   2.675574e+01 9.775000e+00 1.200000e+01
      vertex   3.811436e+01 9.700000e+00 1.200000e+01
    endloop
  endfacet
  facet normal 0.000000e+00 0.000000e+00 1.000000e+00
    outer loop
      vertex   3.811436e+01 9.700000e+00 1.200000e+01
      vertex   2.675574e+01 9.775000e+00 1.200000e+01
      vertex   2.652530e+01 9.474695e+00 1.200000e+01
    endloop
  endfacet
  facet normal 0.000000e+00 0.000000e+00 1.000000e+00
    outer loop
      vertex   3.811436e+01 9.700000e+00 1.200000e+01
      vertex   2.652530e+01 9.474695e+00 1.200000e+01
      vertex   3.836863e+01 9.368629e+00 1.200000e+01
    endloop
  endfacet
  facet normal 0.000000e+00 0.000000e+00 1.000000e+00
    outer loop
      vertex   3.836863e+01 9.368629e+00 1.200000e+01
      vertex   2.652530e+01 9.474695e+00 1.200000e+01
      vertex   2.622500e+01 9.244263e+00 1.200000e+01
    endloop
  endfacet
  facet normal 0.000000e+00 0.000000e+00 1.000000e+00
    outer loop
      vertex   3.836863e+01 9.368629e+00 1.200000e+01
      vertex   2.622500e+01 9.244263e+00 1.200000e+01
      vertex   3.870000e+01 9.114359e+00 1.200000e+01
    endloop
  endfacet
  facet normal 0.000000e+00 0.000000e+00 1.000000e+00
    outer loop
      vertex   3.870000e+01 9.114359e+00 1.200000e+01
      vertex   2.622500e+01 9.244263e+00 1.200000e+01
      vertex   3.770000e+01 3.885641e+00 1.200000e+01
    endloop
  endfacet
  facet normal 0.000000e+00 0.000000e+00 1.000000e+00
    outer loop
      vertex   3.870000e+01 9.114359e+00 1.200000e+01
      vertex   3.770000e+01 3.885641e+00 1.200000e+01
      vertex   3.808589e+01 4.045481e+00 1.200000e+01
    endloop
  endfacet
  facet normal 0.000000e+00 0.000000e+00 1.000000e+00
    outer loop
      vertex   2.622500e+01 9.244263e+00 1.200000e+01
      vertex   2.587529e+01 9.099408e+00 1.200000e+01
      vertex   3.770000e+01 3.885641e+00 1.200000e+01
    endloop
  endfacet
  facet normal 0.000000e+00 0.000000e+00 1.000000e+00
    outer loop
      vertex   3.770000e+01 3.885641e+00 1.200000e+01
      vertex   2.587529e+01 9.099408e+00 1.200000e+01
      vertex   3.736863e+01 3.631371e+00 1.200000e+01
    endloop
  endfacet
  facet normal 0.000000e+00 0.000000e+00 1.000000e+00
    outer loop
      vertex   3.736863e+01 3.631371e+00 1.200000e+01
      vertex   2.587529e+01 9.099408e+00 1.200000e+01
      vertex   2.736049e+01 8.485050e-01 1.200000e+01
    endloop
  endfacet
  facet normal 0.000000e+00 0.000000e+00 1.000000e+00
    outer loop
      vertex   3.736863e+01 3.631371e+00 1.200000e+01
      vertex   2.736049e+01 8.485050e-01 1.200000e+01
      vertex   3.711436e+01 3.300000e+00 1.200000e+01
    endloop
  endfacet
  facet normal 0.000000e+00 0.000000e+00 1.000000e+00
    outer loop
      vertex   3.711436e+01 3.300000e+00 1.200000e+01
      vertex   2.736049e+01 8.485050e-01 1.200000e+01
      vertex   3.695452e+01 2.914110e+00 1.200000e+01
    endloop
  endfacet
  facet normal 0.000000e+00 0.000000e+00 1.000000e+00
    outer loop
      vertex   3.695452e+01 2.914110e+00 1.200000e+01
      vertex   2.736049e+01 8.485050e-01 1.200000e+01
      vertex   2.857658e+01 5.808249e-01 1.200000e+01
    endloop
  endfacet
  facet normal 0.000000e+00 0.000000e+00 1.000000e+00
    outer loop
      vertex   3.695452e+01 2.914110e+00 1.200000e+01
      vertex   2.857658e+01 5.808249e-01 1.200000e+01
      vertex   3.690000e+01 2.500000e+00 1.200000e+01
    endloop
  endfacet
  facet normal 0.000000e+00 0.000000e+00 1.000000e+00
    outer loop
      vertex   3.690000e+01 2.500000e+00 1.200000e+01
      vertex   2.857658e+01 5.808249e-01 1.200000e+01
      vertex   2.975659e+01 1.832323e-01 1.200000e+01
    endloop
  endfacet
  facet normal 0.000000e+00 0.000000e+00 1.000000e+00
    outer loop
      vertex   3.690000e+01 2.500000e+00 1.200000e+01
      vertex   2.975659e+01 1.832323e-01 1.200000e+01
      vertex   3.695452e+01 2.085890e+00 1.200000e+01
    endloop
  endfacet
  facet normal 0.000000e+00 0.000000e+00 1.000000e+00
    outer loop
      vertex   3.695452e+01 2.085890e+00 1.200000e+01
      vertex   2.975659e+01 1.832323e-01 1.200000e+01
      vertex   3.711436e+01 1.700000e+00 1.200000e+01
    endloop
  endfacet
  facet normal 0.000000e+00 0.000000e+00 1.000000e+00
    outer loop
      vertex   3.711436e+01 1.700000e+00 1.200000e+01
      vertex   2.975659e+01 1.832323e-01 1.200000e+01
      vertex   3.088670e+01 -3.396115e-01 1.200000e+01
    endloop
  endfacet
  facet normal 0.000000e+00 0.000000e+00 1.000000e+00
    outer loop
      vertex   3.711436e+01 1.700000e+00 1.200000e+01
      vertex   3.088670e+01 -3.396115e-01 1.200000e+01
      vertex   3.736863e+01 1.368629e+00 1.200000e+01
    endloop
  endfacet
  facet normal 0.000000e+00 0.000000e+00 1.000000e+00
    outer loop
      vertex   3.736863e+01 1.368629e+00 1.200000e+01
      vertex   3.088670e+01 -3.396115e-01 1.200000e+01
      vertex   3.195365e+01 -9.815765e-01 1.200000e+01
    endloop
  endfacet
  facet normal 0.000000e+00 0.000000e+00 1.000000e+00
    outer loop
      vertex   2.736049e+01 8.485050e-01 1.200000e+01
      vertex   2.587529e+01 9.099408e+00 1.200000e+01
      vertex   2.612260e+01 9.831343e-01 1.200000e+01
    endloop
  endfacet
  facet normal 0.000000e+00 0.000000e+00 1.000000e+00
    outer loop
      vertex   2.612260e+01 9.831343e-01 1.200000e+01
      vertex   2.587529e+01 9.099408e+00 1.200000e+01
      vertex   2.550000e+01 9.050000e+00 1.200000e+01
    endloop
  endfacet
  facet normal 0.000000e+00 0.000000e+00 1.000000e+00
    outer loop
      vertex   2.612260e+01 9.831343e-01 1.200000e+01
      vertex   2.550000e+01 9.050000e+00 1.200000e+01
      vertex   2.487740e+01 9.831343e-01 1.200000e+01
    endloop
  endfacet
  facet normal 0.000000e+00 0.000000e+00 1.000000e+00
    outer loop
      vertex   2.487740e+01 9.831343e-01 1.200000e+01
      vertex   2.550000e+01 9.050000e+00 1.200000e+01
      vertex   2.512471e+01 9.099408e+00 1.200000e+01
    endloop
  endfacet
  facet normal 0.000000e+00 -0.000000e+00 1.000000e+00
    outer loop
      vertex   2.487740e+01 9.831343e-01 1.200000e+01
      vertex   2.512471e+01 9.099408e+00 1.200000e+01
      vertex   2.363951e+01 8.485050e-01 1.200000e+01
    endloop
  endfacet
  facet normal 0.000000e+00 -0.000000e+00 1.000000e+00
    outer loop
      vertex   2.363951e+01 8.485050e-01 1.200000e+01
      vertex   2.512471e+01 9.099408e+00 1.200000e+01
      vertex   9.250000e+00 4.000000e+00 1.200000e+01
    endloop
  endfacet
  facet normal 0.000000e+00 0.000000e+00 1.000000e+00
    outer loop
      vertex   2.363951e+01 8.485050e-01 1.200000e+01
      vertex   9.250000e+00 4.000000e+00 1.200000e+01
      vertex   2.242342e+01 5.808249e-01 1.200000e+01
    endloop
  endfacet
  facet normal 0.000000e+00 0.000000e+00 1.000000e+00
    outer loop
      vertex   2.242342e+01 5.808249e-01 1.200000e+01
      vertex   9.250000e+00 4.000000e+00 1.200000e+01
      vertex   2.124341e+01 1.832323e-01 1.200000e+01
    endloop
  endfacet
  facet normal 0.000000e+00 0.000000e+00 1.000000e+00
    outer loop
      vertex   2.124341e+01 1.832323e-01 1.200000e+01
      vertex   9.250000e+00 4.000000e+00 1.200000e+01
      vertex   2.011330e+01 -3.396115e-01 1.200000e+01
    endloop
  endfacet
  facet normal 0.000000e+00 0.000000e+00 1.000000e+00
    outer loop
      vertex   2.011330e+01 -3.396115e-01 1.200000e+01
      vertex   9.250000e+00 4.000000e+00 1.200000e+01
      vertex   1.904635e+01 -9.815765e-01 1.200000e+01
    endloop
  endfacet
  facet normal 0.000000e+00 0.000000e+00 1.000000e+00
    outer loop
      vertex   1.904635e+01 -9.815765e-01 1.200000e+01
      vertex   9.250000e+00 4.000000e+00 1.200000e+01
      vertex   1.805506e+01 -1.735136e+00 1.200000e+01
    endloop
  endfacet
  facet normal 0.000000e+00 0.000000e+00 1.000000e+00
    outer loop
      vertex   2.512471e+01 9.099408e+00 1.200000e+01
      vertex   2.477500e+01 9.244263e+00 1.200000e+01
      vertex   9.250000e+00 4.000000e+00 1.200000e+01
    endloop
  endfacet
  facet normal 0.000000e+00 0.000000e+00 1.000000e+00
    outer loop
      vertex   9.250000e+00 4.000000e+00 1.200000e+01
      vertex   2.477500e+01 9.244263e+00 1.200000e+01
      vertex   2.447470e+01 9.474695e+00 1.200000e+01
    endloop
  endfacet
  facet normal 0.000000e+00 0.000000e+00 1.000000e+00
    outer loop
      vertex   9.250000e+00 4.000000e+00 1.200000e+01
      vertex   2.447470e+01 9.474695e+00 1.200000e+01
      vertex   2.424426e+01 9.775000e+00 1.200000e+01
    endloop
  endfacet
  facet normal 0.000000e+00 0.000000e+00 1.000000e+00
    outer loop
      vertex   3.870000e+01 9.114359e+00 1.200000e+01
      vertex   3.808589e+01 4.045481e+00 1.200000e+01
      vertex   3.908589e+01 8.954519e+00 1.200000e+01
    endloop
  endfacet
  facet normal 0.000000e+00 0.000000e+00 1.000000e+00
    outer loop
      vertex   3.908589e+01 8.954519e+00 1.200000e+01
      vertex   3.808589e+01 4.045481e+00 1.200000e+01
      vertex   3.850000e+01 4.100000e+00 1.200000e+01
    endloop
  endfacet
  facet normal 0.000000e+00 0.000000e+00 1.000000e+00
    outer loop
      vertex   3.908589e+01 8.954519e+00 1.200000e+01
      vertex   3.850000e+01 4.100000e+00 1.200000e+01
      vertex   3.950000e+01 8.900000e+00 1.200000e+01
    endloop
  endfacet
  facet normal 0.000000e+00 0.000000e+00 1.000000e+00
    outer loop
      vertex   3.950000e+01 8.900000e+00 1.200000e+01
      vertex   3.850000e+01 4.100000e+00 1.200000e+01
      vertex   3.891411e+01 4.045481e+00 1.200000e+01
    endloop
  endfacet
  facet normal -0.000000e+00 0.000000e+00 1.000000e+00
    outer loop
      vertex   3.950000e+01 8.900000e+00 1.200000e+01
      vertex   3.891411e+01 4.045481e+00 1.200000e+01
      vertex   3.991411e+01 8.954519e+00 1.200000e+01
    endloop
  endfacet
  facet normal 0.000000e+00 0.000000e+00 1.000000e+00
    outer loop
      vertex   3.991411e+01 8.954519e+00 1.200000e+01
      vertex   3.891411e+01 4.045481e+00 1.200000e+01
      vertex   3.930000e+01 3.885641e+00 1.200000e+01
    endloop
  endfacet
  facet normal -0.000000e+00 0.000000e+00 1.000000e+00
    outer loop
      vertex   3.991411e+01 8.954519e+00 1.200000e+01
      vertex   3.930000e+01 3.885641e+00 1.200000e+01
      vertex   4.030000e+01 9.114359e+00 1.200000e+01
    endloop
  endfacet
  facet normal 0.000000e+00 0.000000e+00 1.000000e+00
    outer loop
      vertex   4.030000e+01 9.114359e+00 1.200000e+01
      vertex   3.930000e+01 3.885641e+00 1.200000e+01
      vertex   3.963137e+01 3.631371e+00 1.200000e+01
    endloop
  endfacet
  facet normal -0.000000e+00 0.000000e+00 1.000000e+00
    outer loop
      vertex   4.030000e+01 9.114359e+00 1.200000e+01
      vertex   3.963137e+01 3.631371e+00 1.200000e+01
      vertex   4.063137e+01 9.368629e+00 1.200000e+01
    endloop
  endfacet
  facet normal 0.000000e+00 0.000000e+00 1.000000e+00
    outer loop
      vertex   4.063137e+01 9.368629e+00 1.200000e+01
      vertex   3.963137e+01 3.631371e+00 1.200000e+01
      vertex   3.988564e+01 3.300000e+00 1.200000e+01
    endloop
  endfacet
  facet normal -0.000000e+00 0.000000e+00 1.000000e+00
    outer loop
      vertex   4.063137e+01 9.368629e+00 1.200000e+01
      vertex   3.988564e+01 3.300000e+00 1.200000e+01
      vertex   4.088564e+01 9.700000e+00 1.200000e+01
    endloop
  endfacet
  facet normal 0.000000e+00 0.000000e+00 1.000000e+00
    outer loop
      vertex   4.088564e+01 9.700000e+00 1.200000e+01
      vertex   3.988564e+01 3.300000e+00 1.200000e+01
      vertex   4.004548e+01 2.914110e+00 1.200000e+01
    endloop
  endfacet
  facet normal -0.000000e+00 0.000000e+00 1.000000e+00
    outer loop
      vertex   4.088564e+01 9.700000e+00 1.200000e+01
      vertex   4.004548e+01 2.914110e+00 1.200000e+01
      vertex   4.450000e+01 1.450000e+01 1.200000e+01
    endloop
  endfacet
  facet normal 0.000000e+00 0.000000e+00 1.000000e+00
    outer loop
      vertex   4.450000e+01 1.450000e+01 1.200000e+01
      vertex   4.004548e+01 2.914110e+00 1.200000e+01
      vertex   4.010000e+01 2.500000e+00 1.200000e+01
    endloop
  endfacet
  facet normal 0.000000e+00 0.000000e+00 1.000000e+00
    outer loop
      vertex   4.450000e+01 1.450000e+01 1.200000e+01
      vertex   4.010000e+01 2.500000e+00 1.200000e+01
      vertex   4.004548e+01 2.085890e+00 1.200000e+01
    endloop
  endfacet
  facet normal 0.000000e+00 -0.000000e+00 1.000000e+00
    outer loop
      vertex   1.406741e+01 -9.256631e+00 1.200000e+01
      vertex   1.426886e+01 -8.027840e+00 1.200000e+01
      vertex   3.250000e+00 4.000000e+00 1.200000e+01
    endloop
  endfacet
  facet normal 0.000000e+00 0.000000e+00 1.000000e+00
    outer loop
      vertex   3.250000e+00 4.000000e+00 1.200000e+01
      vertex   1.426886e+01 -8.027840e+00 1.200000e+01
      vertex   1.460199e+01 -6.828032e+00 1.200000e+01
    endloop
  endfacet
  facet normal 0.000000e+00 0.000000e+00 1.000000e+00
    outer loop
      vertex   3.250000e+00 4.000000e+00 1.200000e+01
      vertex   1.460199e+01 -6.828032e+00 1.200000e+01
      vertex   1.506288e+01 -5.671275e+00 1.200000e+01
    endloop
  endfacet
  facet normal 0.000000e+00 -0.000000e+00 1.000000e+00
    outer loop
      vertex   1.506288e+01 -5.671275e+00 1.200000e+01
      vertex   1.564614e+01 -4.571131e+00 1.200000e+01
      vertex   3.250000e+00 4.000000e+00 1.200000e+01
    endloop
  endfacet
  facet normal 0.000000e+00 0.000000e+00 1.000000e+00
    outer loop
      vertex   3.250000e+00 4.000000e+00 1.200000e+01
      vertex   1.564614e+01 -4.571131e+00 1.200000e+01
      vertex   1.634493e+01 -3.540497e+00 1.200000e+01
    endloop
  endfacet
  facet normal 0.000000e+00 0.000000e+00 1.000000e+00
    outer loop
      vertex   3.700000e+01 -1.050000e+01 1.200000e+01
      vertex   3.693259e+01 -1.174337e+01 1.200000e+01
      vertex   4.450000e+01 -2.850000e+01 1.200000e+01
    endloop
  endfacet
  facet normal 0.000000e+00 0.000000e+00 1.000000e+00
    outer loop
      vertex   4.450000e+01 -2.850000e+01 1.200000e+01
      vertex   3.693259e+01 -1.174337e+01 1.200000e+01
      vertex   3.988564e+01 -2.270000e+01 1.200000e+01
    endloop
  endfacet
  facet normal 0.000000e+00 0.000000e+00 1.000000e+00
    outer loop
      vertex   4.450000e+01 -2.850000e+01 1.200000e+01
      vertex   3.988564e+01 -2.270000e+01 1.200000e+01
      vertex   4.004548e+01 -2.308589e+01 1.200000e+01
    endloop
  endfacet
  facet normal 0.000000e+00 0.000000e+00 1.000000e+00
    outer loop
      vertex   3.988564e+01 -2.270000e+01 1.200000e+01
      vertex   3.693259e+01 -1.174337e+01 1.200000e+01
      vertex   3.963137e+01 -2.236863e+01 1.200000e+01
    endloop
  endfacet
  facet normal 0.000000e+00 0.000000e+00 1.000000e+00
    outer loop
      vertex   3.963137e+01 -2.236863e+01 1.200000e+01
      vertex   3.693259e+01 -1.174337e+01 1.200000e+01
      vertex   3.673114e+01 -1.297216e+01 1.200000e+01
    endloop
  endfacet
  facet normal 0.000000e+00 0.000000e+00 1.000000e+00
    outer loop
      vertex   3.963137e+01 -2.236863e+01 1.200000e+01
      vertex   3.673114e+01 -1.297216e+01 1.200000e+01
      vertex   3.639801e+01 -1.417197e+01 1.200000e+01
    endloop
  endfacet
  facet normal 0.000000e+00 0.000000e+00 1.000000e+00
    outer loop
      vertex   3.963137e+01 -2.236863e+01 1.200000e+01
      vertex   3.639801e+01 -1.417197e+01 1.200000e+01
      vertex   3.930000e+01 -2.211436e+01 1.200000e+01
    endloop
  endfacet
  facet normal 0.000000e+00 0.000000e+00 1.000000e+00
    outer loop
      vertex   3.930000e+01 -2.211436e+01 1.200000e+01
      vertex   3.639801e+01 -1.417197e+01 1.200000e+01
      vertex   3.593712e+01 -1.532872e+01 1.200000e+01
    endloop
  endfacet
  facet normal 0.000000e+00 0.000000e+00 1.000000e+00
    outer loop
      vertex   3.930000e+01 -2.211436e+01 1.200000e+01
      vertex   3.593712e+01 -1.532872e+01 1.200000e+01
      vertex   3.535386e+01 -1.642887e+01 1.200000e+01
    endloop
  endfacet
  facet normal 0.000000e+00 0.000000e+00 1.000000e+00
    outer loop
      vertex   3.930000e+01 -2.211436e+01 1.200000e+01
      vertex   3.535386e+01 -1.642887e+01 1.200000e+01
      vertex   3.891411e+01 -2.195452e+01 1.200000e+01
    endloop
  endfacet
  facet normal 0.000000e+00 0.000000e+00 1.000000e+00
    outer loop
      vertex   3.891411e+01 -2.195452e+01 1.200000e+01
      vertex   3.535386e+01 -1.642887e+01 1.200000e+01
      vertex   3.465507e+01 -1.745950e+01 1.200000e+01
    endloop
  endfacet
  facet normal 0.000000e+00 0.000000e+00 1.000000e+00
    outer loop
      vertex   3.891411e+01 -2.195452e+01 1.200000e+01
      vertex   3.465507e+01 -1.745950e+01 1.200000e+01
      vertex   3.850000e+01 -2.190000e+01 1.200000e+01
    endloop
  endfacet
  facet normal 0.000000e+00 0.000000e+00 1.000000e+00
    outer loop
      vertex   3.850000e+01 -2.190000e+01 1.200000e+01
      vertex   3.465507e+01 -1.745950e+01 1.200000e+01
      vertex   3.384895e+01 -1.840854e+01 1.200000e+01
    endloop
  endfacet
  facet normal 0.000000e+00 0.000000e+00 1.000000e+00
    outer loop
      vertex   3.850000e+01 -2.190000e+01 1.200000e+01
      vertex   3.384895e+01 -1.840854e+01 1.200000e+01
      vertex   3.294494e+01 -1.926486e+01 1.200000e+01
    endloop
  endfacet
  facet normal 0.000000e+00 0.000000e+00 1.000000e+00
    outer loop
      vertex   3.850000e+01 -2.190000e+01 1.200000e+01
      vertex   3.294494e+01 -1.926486e+01 1.200000e+01
      vertex   3.808589e+01 -2.195452e+01 1.200000e+01
    endloop
  endfacet
  facet normal 0.000000e+00 0.000000e+00 1.000000e+00
    outer loop
      vertex   3.808589e+01 -2.195452e+01 1.200000e+01
      vertex   3.294494e+01 -1.926486e+01 1.200000e+01
      vertex   3.195365e+01 -2.001842e+01 1.200000e+01
    endloop
  endfacet
  facet normal 0.000000e+00 0.000000e+00 1.000000e+00
    outer loop
      vertex   3.808589e+01 -2.195452e+01 1.200000e+01
      vertex   3.195365e+01 -2.001842e+01 1.200000e+01
      vertex   3.770000e+01 -2.211436e+01 1.200000e+01
    endloop
  endfacet
  facet normal 0.000000e+00 0.000000e+00 1.000000e+00
    outer loop
      vertex   3.770000e+01 -2.211436e+01 1.200000e+01
      vertex   3.195365e+01 -2.001842e+01 1.200000e+01
      vertex   3.736863e+01 -2.236863e+01 1.200000e+01
    endloop
  endfacet
  facet normal 0.000000e+00 0.000000e+00 1.000000e+00
    outer loop
      vertex   3.736863e+01 -2.236863e+01 1.200000e+01
      vertex   3.195365e+01 -2.001842e+01 1.200000e+01
      vertex   3.088670e+01 -2.066039e+01 1.200000e+01
    endloop
  endfacet
  facet normal 0.000000e+00 0.000000e+00 1.000000e+00
    outer loop
      vertex   3.736863e+01 -2.236863e+01 1.200000e+01
      vertex   3.088670e+01 -2.066039e+01 1.200000e+01
      vertex   3.711436e+01 -2.270000e+01 1.200000e+01
    endloop
  endfacet
  facet normal 0.000000e+00 0.000000e+00 1.000000e+00
    outer loop
      vertex   3.711436e+01 -2.270000e+01 1.200000e+01
      vertex   3.088670e+01 -2.066039e+01 1.200000e+01
      vertex   2.975659e+01 -2.118323e+01 1.200000e+01
    endloop
  endfacet
  facet normal 0.000000e+00 0.000000e+00 1.000000e+00
    outer loop
      vertex   3.711436e+01 -2.270000e+01 1.200000e+01
      vertex   2.975659e+01 -2.118323e+01 1.200000e+01
      vertex   3.695452e+01 -2.308589e+01 1.200000e+01
    endloop
  endfacet
  facet normal 0.000000e+00 0.000000e+00 1.000000e+00
    outer loop
      vertex   3.695452e+01 -2.308589e+01 1.200000e+01
      vertex   2.975659e+01 -2.118323e+01 1.200000e+01
      vertex   3.690000e+01 -2.350000e+01 1.200000e+01
    endloop
  endfacet
  facet normal 0.000000e+00 0.000000e+00 1.000000e+00
    outer loop
      vertex   3.690000e+01 -2.350000e+01 1.200000e+01
      vertex   2.975659e+01 -2.118323e+01 1.200000e+01
      vertex   2.857658e+01 -2.158082e+01 1.200000e+01
    endloop
  endfacet
  facet normal 0.000000e+00 0.000000e+00 1.000000e+00
    outer loop
      vertex   3.690000e+01 -2.350000e+01 1.200000e+01
      vertex   2.857658e+01 -2.158082e+01 1.200000e+01
      vertex   3.695452e+01 -2.391411e+01 1.200000e+01
    endloop
  endfacet
  facet normal 0.000000e+00 0.000000e+00 1.000000e+00
    outer loop
      vertex   3.695452e+01 -2.391411e+01 1.200000e+01
      vertex   2.857658e+01 -2.158082e+01 1.200000e+01
      vertex   2.736049e+01 -2.184851e+01 1.200000e+01
    endloop
  endfacet
  facet normal 0.000000e+00 0.000000e+00 1.000000e+00
    outer loop
      vertex   3.695452e+01 -2.391411e+01 1.200000e+01
      vertex   2.736049e+01 -2.184851e+01 1.200000e+01
      vertex   3.711436e+01 -2.430000e+01 1.200000e+01
    endloop
  endfacet
  facet normal 0.000000e+00 0.000000e+00 1.000000e+00
    outer loop
      vertex   3.711436e+01 -2.430000e+01 1.200000e+01
      vertex   2.736049e+01 -2.184851e+01 1.200000e+01
      vertex   3.736863e+01 -2.463137e+01 1.200000e+01
    endloop
  endfacet
  facet normal 0.000000e+00 0.000000e+00 1.000000e+00
    outer loop
      vertex   3.736863e+01 -2.463137e+01 1.200000e+01
      vertex   2.736049e+01 -2.184851e+01 1.200000e+01
      vertex   2.612260e+01 -2.198313e+01 1.200000e+01
    endloop
  endfacet
  facet normal 0.000000e+00 0.000000e+00 1.000000e+00
    outer loop
      vertex   3.736863e+01 -2.463137e+01 1.200000e+01
      vertex   2.612260e+01 -2.198313e+01 1.200000e+01
      vertex   3.770000e+01 -2.488564e+01 1.200000e+01
    endloop
  endfacet
  facet normal 0.000000e+00 0.000000e+00 1.000000e+00
    outer loop
      vertex   3.770000e+01 -2.488564e+01 1.200000e+01
      vertex   2.612260e+01 -2.198313e+01 1.200000e+01
      vertex   2.487740e+01 -2.198313e+01 1.200000e+01
    endloop
  endfacet
  facet normal 0.000000e+00 0.000000e+00 1.000000e+00
    outer loop
      vertex   3.770000e+01 -2.488564e+01 1.200000e+01
      vertex   2.487740e+01 -2.198313e+01 1.200000e+01
      vertex   1.330000e+01 -2.488564e+01 1.200000e+01
    endloop
  endfacet
  facet normal 0.000000e+00 0.000000e+00 1.000000e+00
    outer loop
      vertex   1.330000e+01 -2.488564e+01 1.200000e+01
      vertex   2.487740e+01 -2.198313e+01 1.200000e+01
      vertex   1.363137e+01 -2.463137e+01 1.200000e+01
    endloop
  endfacet
  facet normal 0.000000e+00 0.000000e+00 1.000000e+00
    outer loop
      vertex   1.363137e+01 -2.463137e+01 1.200000e+01
      vertex   2.487740e+01 -2.198313e+01 1.200000e+01
      vertex   2.363951e+01 -2.184851e+01 1.200000e+01
    endloop
  endfacet
  facet normal 0.000000e+00 0.000000e+00 1.000000e+00
    outer loop
      vertex   1.363137e+01 -2.463137e+01 1.200000e+01
      vertex   2.363951e+01 -2.184851e+01 1.200000e+01
      vertex   1.388564e+01 -2.430000e+01 1.200000e+01
    endloop
  endfacet
  facet normal 0.000000e+00 0.000000e+00 1.000000e+00
    outer loop
      vertex   1.388564e+01 -2.430000e+01 1.200000e+01
      vertex   2.363951e+01 -2.184851e+01 1.200000e+01
      vertex   1.404548e+01 -2.391411e+01 1.200000e+01
    endloop
  endfacet
  facet normal 0.000000e+00 0.000000e+00 1.000000e+00
    outer loop
      vertex   1.404548e+01 -2.391411e+01 1.200000e+01
      vertex   2.363951e+01 -2.184851e+01 1.200000e+01
      vertex   2.242342e+01 -2.158082e+01 1.200000e+01
    endloop
  endfacet
  facet normal 0.000000e+00 0.000000e+00 1.000000e+00
    outer loop
      vertex   1.404548e+01 -2.391411e+01 1.200000e+01
      vertex   2.242342e+01 -2.158082e+01 1.200000e+01
      vertex   1.410000e+01 -2.350000e+01 1.200000e+01
    endloop
  endfacet
  facet normal 0.000000e+00 0.000000e+00 1.000000e+00
    outer loop
      vertex   1.410000e+01 -2.350000e+01 1.200000e+01
      vertex   2.242342e+01 -2.158082e+01 1.200000e+01
      vertex   2.124341e+01 -2.118323e+01 1.200000e+01
    endloop
  endfacet
  facet normal 0.000000e+00 -0.000000e+00 1.000000e+00
    outer loop
      vertex   1.410000e+01 -2.350000e+01 1.200000e+01
      vertex   2.124341e+01 -2.118323e+01 1.200000e+01
      vertex   1.404548e+01 -2.308589e+01 1.200000e+01
    endloop
  endfacet
  facet normal 0.000000e+00 -0.000000e+00 1.000000e+00
    outer loop
      vertex   1.404548e+01 -2.308589e+01 1.200000e+01
      vertex   2.124341e+01 -2.118323e+01 1.200000e+01
      vertex   1.388564e+01 -2.270000e+01 1.200000e+01
    endloop
  endfacet
  facet normal 0.000000e+00 0.000000e+00 1.000000e+00
    outer loop
      vertex   1.388564e+01 -2.270000e+01 1.200000e+01
      vertex   2.124341e+01 -2.118323e+01 1.200000e+01
      vertex   2.011330e+01 -2.066039e+01 1.200000e+01
    endloop
  endfacet
  facet normal 0.000000e+00 -0.000000e+00 1.000000e+00
    outer loop
      vertex   1.388564e+01 -2.270000e+01 1.200000e+01
      vertex   2.011330e+01 -2.066039e+01 1.200000e+01
      vertex   1.363137e+01 -2.236863e+01 1.200000e+01
    endloop
  endfacet
  facet normal 0.000000e+00 0.000000e+00 1.000000e+00
    outer loop
      vertex   1.363137e+01 -2.236863e+01 1.200000e+01
      vertex   2.011330e+01 -2.066039e+01 1.200000e+01
      vertex   1.904635e+01 -2.001842e+01 1.200000e+01
    endloop
  endfacet
  facet normal 0.000000e+00 -0.000000e+00 1.000000e+00
    outer loop
      vertex   1.363137e+01 -2.236863e+01 1.200000e+01
      vertex   1.904635e+01 -2.001842e+01 1.200000e+01
      vertex   1.330000e+01 -2.211436e+01 1.200000e+01
    endloop
  endfacet
  facet normal 0.000000e+00 -0.000000e+00 1.000000e+00
    outer loop
      vertex   1.330000e+01 -2.211436e+01 1.200000e+01
      vertex   1.904635e+01 -2.001842e+01 1.200000e+01
      vertex   1.291411e+01 -2.195452e+01 1.200000e+01
    endloop
  endfacet
  facet normal 0.000000e+00 0.000000e+00 1.000000e+00
    outer loop
      vertex   1.291411e+01 -2.195452e+01 1.200000e+01
      vertex   1.904635e+01 -2.001842e+01 1.200000e+01
      vertex   1.805506e+01 -1.926486e+01 1.200000e+01
    endloop
  endfacet
  facet normal 0.000000e+00 -0.000000e+00 1.000000e+00
    outer loop
      vertex   1.291411e+01 -2.195452e+01 1.200000e+01
      vertex   1.805506e+01 -1.926486e+01 1.200000e+01
      vertex   1.250000e+01 -2.190000e+01 1.200000e+01
    endloop
  endfacet
  facet normal 0.000000e+00 0.000000e+00 1.000000e+00
    outer loop
      vertex   1.250000e+01 -2.190000e+01 1.200000e+01
      vertex   1.805506e+01 -1.926486e+01 1.200000e+01
      vertex   1.715105e+01 -1.840854e+01 1.200000e+01
    endloop
  endfacet
  facet normal 0.000000e+00 0.000000e+00 1.000000e+00
    outer loop
      vertex   1.250000e+01 -2.190000e+01 1.200000e+01
      vertex   1.715105e+01 -1.840854e+01 1.200000e+01
      vertex   1.634493e+01 -1.745950e+01 1.200000e+01
    endloop
  endfacet
  facet normal 0.000000e+00 -0.000000e+00 1.000000e+00
    outer loop
      vertex   1.250000e+01 -2.190000e+01 1.200000e+01
      vertex   1.634493e+01 -1.745950e+01 1.200000e+01
      vertex   1.208589e+01 -2.195452e+01 1.200000e+01
    endloop
  endfacet
  facet normal 0.000000e+00 0.000000e+00 1.000000e+00
    outer loop
      vertex   1.208589e+01 -2.195452e+01 1.200000e+01
      vertex   1.634493e+01 -1.745950e+01 1.200000e+01
      vertex   1.564614e+01 -1.642887e+01 1.200000e+01
    endloop
  endfacet
  facet normal 0.000000e+00 -0.000000e+00 1.000000e+00
    outer loop
      vertex   1.208589e+01 -2.195452e+01 1.200000e+01
      vertex   1.564614e+01 -1.642887e+01 1.200000e+01
      vertex   1.170000e+01 -2.211436e+01 1.200000e+01
    endloop
  endfacet
  facet normal 0.000000e+00 0.000000e+00 1.000000e+00
    outer loop
      vertex   1.170000e+01 -2.211436e+01 1.200000e+01
      vertex   1.564614e+01 -1.642887e+01 1.200000e+01
      vertex   1.506288e+01 -1.532872e+01 1.200000e+01
    endloop
  endfacet
  facet normal 0.000000e+00 0.000000e+00 1.000000e+00
    outer loop
      vertex   1.170000e+01 -2.211436e+01 1.200000e+01
      vertex   1.506288e+01 -1.532872e+01 1.200000e+01
      vertex   1.460199e+01 -1.417197e+01 1.200000e+01
    endloop
  endfacet
  facet normal 0.000000e+00 -0.000000e+00 1.000000e+00
    outer loop
      vertex   1.170000e+01 -2.211436e+01 1.200000e+01
      vertex   1.460199e+01 -1.417197e+01 1.200000e+01
      vertex   1.136863e+01 -2.236863e+01 1.200000e+01
    endloop
  endfacet
  facet normal 0.000000e+00 0.000000e+00 1.000000e+00
    outer loop
      vertex   1.136863e+01 -2.236863e+01 1.200000e+01
      vertex   1.460199e+01 -1.417197e+01 1.200000e+01
      vertex   1.426886e+01 -1.297216e+01 1.200000e+01
    endloop
  endfacet
  facet normal 0.000000e+00 -0.000000e+00 1.000000e+00
    outer loop
      vertex   1.136863e+01 -2.236863e+01 1.200000e+01
      vertex   1.426886e+01 -1.297216e+01 1.200000e+01
      vertex   3.250000e+00 -2.850000e+01 1.200000e+01
    endloop
  endfacet
  facet normal 0.000000e+00 0.000000e+00 1.000000e+00
    outer loop
      vertex   3.250000e+00 -2.850000e+01 1.200000e+01
      vertex   1.426886e+01 -1.297216e+01 1.200000e+01
      vertex   1.406741e+01 -1.174337e+01 1.200000e+01
    endloop
  endfacet
  facet normal -0.000000e+00 0.000000e+00 1.000000e+00
    outer loop
      vertex   3.991411e+01 1.204548e+01 1.200000e+01
      vertex   4.030000e+01 1.188564e+01 1.200000e+01
      vertex   4.450000e+01 1.450000e+01 1.200000e+01
    endloop
  endfacet
  facet normal 0.000000e+00 0.000000e+00 1.000000e+00
    outer loop
      vertex   4.450000e+01 1.450000e+01 1.200000e+01
      vertex   4.030000e+01 1.188564e+01 1.200000e+01
      vertex   4.063137e+01 1.163137e+01 1.200000e+01
    endloop
  endfacet
  facet normal 0.000000e+00 0.000000e+00 1.000000e+00
    outer loop
      vertex   4.450000e+01 1.450000e+01 1.200000e+01
      vertex   4.063137e+01 1.163137e+01 1.200000e+01
      vertex   4.088564e+01 1.130000e+01 1.200000e+01
    endloop
  endfacet
  facet normal -0.000000e+00 0.000000e+00 1.000000e+00
    outer loop
      vertex   4.088564e+01 1.130000e+01 1.200000e+01
      vertex   4.104548e+01 1.091411e+01 1.200000e+01
      vertex   4.450000e+01 1.450000e+01 1.200000e+01
    endloop
  endfacet
  facet normal 0.000000e+00 0.000000e+00 1.000000e+00
    outer loop
      vertex   4.450000e+01 1.450000e+01 1.200000e+01
      vertex   4.104548e+01 1.091411e+01 1.200000e+01
      vertex   4.110000e+01 1.050000e+01 1.200000e+01
    endloop
  endfacet
  facet normal 0.000000e+00 0.000000e+00 1.000000e+00
    outer loop
      vertex   4.450000e+01 1.450000e+01 1.200000e+01
      vertex   4.110000e+01 1.050000e+01 1.200000e+01
      vertex   4.104548e+01 1.008589e+01 1.200000e+01
    endloop
  endfacet
  facet normal -0.000000e+00 0.000000e+00 1.000000e+00
    outer loop
      vertex   4.104548e+01 1.008589e+01 1.200000e+01
      vertex   4.088564e+01 9.700000e+00 1.200000e+01
      vertex   4.450000e+01 1.450000e+01 1.200000e+01
    endloop
  endfacet
  facet normal 0.000000e+00 0.000000e+00 1.000000e+00
    outer loop
      vertex   -4.088564e+01 9.700000e+00 1.200000e+01
      vertex   -3.988564e+01 3.300000e+00 1.200000e+01
      vertex   -4.063137e+01 9.368629e+00 1.200000e+01
    endloop
  endfacet
  facet normal 0.000000e+00 0.000000e+00 1.000000e+00
    outer loop
      vertex   -4.063137e+01 9.368629e+00 1.200000e+01
      vertex   -3.988564e+01 3.300000e+00 1.200000e+01
      vertex   -3.963137e+01 3.631371e+00 1.200000e+01
    endloop
  endfacet
  facet normal 0.000000e+00 0.000000e+00 1.000000e+00
    outer loop
      vertex   -4.063137e+01 9.368629e+00 1.200000e+01
      vertex   -3.963137e+01 3.631371e+00 1.200000e+01
      vertex   -4.030000e+01 9.114359e+00 1.200000e+01
    endloop
  endfacet
  facet normal 0.000000e+00 0.000000e+00 1.000000e+00
    outer loop
      vertex   -4.030000e+01 9.114359e+00 1.200000e+01
      vertex   -3.963137e+01 3.631371e+00 1.200000e+01
      vertex   -3.930000e+01 3.885641e+00 1.200000e+01
    endloop
  endfacet
  facet normal 0.000000e+00 0.000000e+00 1.000000e+00
    outer loop
      vertex   -4.030000e+01 9.114359e+00 1.200000e+01
      vertex   -3.930000e+01 3.885641e+00 1.200000e+01
      vertex   -3.991411e+01 8.954519e+00 1.200000e+01
    endloop
  endfacet
  facet normal 0.000000e+00 0.000000e+00 1.000000e+00
    outer loop
      vertex   -3.991411e+01 8.954519e+00 1.200000e+01
      vertex   -3.930000e+01 3.885641e+00 1.200000e+01
      vertex   -3.891411e+01 4.045481e+00 1.200000e+01
    endloop
  endfacet
  facet normal 0.000000e+00 0.000000e+00 1.000000e+00
    outer loop
      vertex   -3.991411e+01 8.954519e+00 1.200000e+01
      vertex   -3.891411e+01 4.045481e+00 1.200000e+01
      vertex   -3.950000e+01 8.900000e+00 1.200000e+01
    endloop
  endfacet
  facet normal 0.000000e+00 0.000000e+00 1.000000e+00
    outer loop
      vertex   -3.950000e+01 8.900000e+00 1.200000e+01
      vertex   -3.891411e+01 4.045481e+00 1.200000e+01
      vertex   -3.850000e+01 4.100000e+00 1.200000e+01
    endloop
  endfacet
  facet normal -0.000000e+00 0.000000e+00 1.000000e+00
    outer loop
      vertex   -3.950000e+01 8.900000e+00 1.200000e+01
      vertex   -3.850000e+01 4.100000e+00 1.200000e+01
      vertex   -3.908589e+01 8.954519e+00 1.200000e+01
    endloop
  endfacet
  facet normal 0.000000e+00 0.000000e+00 1.000000e+00
    outer loop
      vertex   -3.908589e+01 8.954519e+00 1.200000e+01
      vertex   -3.850000e+01 4.100000e+00 1.200000e+01
      vertex   -3.808589e+01 4.045481e+00 1.200000e+01
    endloop
  endfacet
  facet normal -0.000000e+00 0.000000e+00 1.000000e+00
    outer loop
      vertex   -3.908589e+01 8.954519e+00 1.200000e+01
      vertex   -3.808589e+01 4.045481e+00 1.200000e+01
      vertex   -3.870000e+01 9.114359e+00 1.200000e+01
    endloop
  endfacet
  facet normal 0.000000e+00 0.000000e+00 1.000000e+00
    outer loop
      vertex   -3.870000e+01 9.114359e+00 1.200000e+01
      vertex   -3.808589e+01 4.045481e+00 1.200000e+01
      vertex   -3.770000e+01 3.885641e+00 1.200000e+01
    endloop
  endfacet
  facet normal 0.000000e+00 0.000000e+00 1.000000e+00
    outer loop
      vertex   -3.711436e+01 3.300000e+00 1.200000e+01
      vertex   -3.695452e+01 2.914110e+00 1.200000e+01
      vertex   -2.736049e+01 8.485050e-01 1.200000e+01
    endloop
  endfacet
  facet normal 0.000000e+00 0.000000e+00 1.000000e+00
    outer loop
      vertex   -2.736049e+01 8.485050e-01 1.200000e+01
      vertex   -3.695452e+01 2.914110e+00 1.200000e+01
      vertex   -2.857658e+01 5.808249e-01 1.200000e+01
    endloop
  endfacet
  facet normal 0.000000e+00 0.000000e+00 1.000000e+00
    outer loop
      vertex   -2.857658e+01 5.808249e-01 1.200000e+01
      vertex   -3.695452e+01 2.914110e+00 1.200000e+01
      vertex   -3.690000e+01 2.500000e+00 1.200000e+01
    endloop
  endfacet
  facet normal 0.000000e+00 0.000000e+00 1.000000e+00
    outer loop
      vertex   -2.857658e+01 5.808249e-01 1.200000e+01
      vertex   -3.690000e+01 2.500000e+00 1.200000e+01
      vertex   -2.975659e+01 1.832323e-01 1.200000e+01
    endloop
  endfacet
  facet normal 0.000000e+00 0.000000e+00 1.000000e+00
    outer loop
      vertex   -2.975659e+01 1.832323e-01 1.200000e+01
      vertex   -3.690000e+01 2.500000e+00 1.200000e+01
      vertex   -3.695452e+01 2.085890e+00 1.200000e+01
    endloop
  endfacet
  facet normal 0.000000e+00 0.000000e+00 1.000000e+00
    outer loop
      vertex   -2.975659e+01 1.832323e-01 1.200000e+01
      vertex   -3.695452e+01 2.085890e+00 1.200000e+01
      vertex   -3.711436e+01 1.700000e+00 1.200000e+01
    endloop
  endfacet
  facet normal 0.000000e+00 0.000000e+00 1.000000e+00
    outer loop
      vertex   -2.975659e+01 1.832323e-01 1.200000e+01
      vertex   -3.711436e+01 1.700000e+00 1.200000e+01
      vertex   -3.088670e+01 -3.396115e-01 1.200000e+01
    endloop
  endfacet
  facet normal 0.000000e+00 0.000000e+00 1.000000e+00
    outer loop
      vertex   -3.088670e+01 -3.396115e-01 1.200000e+01
      vertex   -3.711436e+01 1.700000e+00 1.200000e+01
      vertex   -3.736863e+01 1.368629e+00 1.200000e+01
    endloop
  endfacet
  facet normal 0.000000e+00 0.000000e+00 1.000000e+00
    outer loop
      vertex   -3.088670e+01 -3.396115e-01 1.200000e+01
      vertex   -3.736863e+01 1.368629e+00 1.200000e+01
      vertex   -3.195365e+01 -9.815765e-01 1.200000e+01
    endloop
  endfacet
  facet normal 0.000000e+00 0.000000e+00 1.000000e+00
    outer loop
      vertex   -3.195365e+01 -9.815765e-01 1.200000e+01
      vertex   -3.736863e+01 1.368629e+00 1.200000e+01
      vertex   -3.770000e+01 1.114359e+00 1.200000e+01
    endloop
  endfacet
  facet normal 0.000000e+00 0.000000e+00 1.000000e+00
    outer loop
      vertex   -3.195365e+01 -9.815765e-01 1.200000e+01
      vertex   -3.770000e+01 1.114359e+00 1.200000e+01
      vertex   -3.808589e+01 9.545187e-01 1.200000e+01
    endloop
  endfacet
  facet normal 0.000000e+00 0.000000e+00 1.000000e+00
    outer loop
      vertex   -3.195365e+01 -9.815765e-01 1.200000e+01
      vertex   -3.808589e+01 9.545187e-01 1.200000e+01
      vertex   -3.294494e+01 -1.735136e+00 1.200000e+01
    endloop
  endfacet
  facet normal 0.000000e+00 0.000000e+00 1.000000e+00
    outer loop
      vertex   -3.294494e+01 -1.735136e+00 1.200000e+01
      vertex   -3.808589e+01 9.545187e-01 1.200000e+01
      vertex   -3.850000e+01 9.000000e-01 1.200000e+01
    endloop
  endfacet
  facet normal 0.000000e+00 0.000000e+00 1.000000e+00
    outer loop
      vertex   -3.294494e+01 -1.735136e+00 1.200000e+01
      vertex   -3.850000e+01 9.000000e-01 1.200000e+01
      vertex   -3.384895e+01 -2.591456e+00 1.200000e+01
    endloop
  endfacet
  facet normal 0.000000e+00 0.000000e+00 1.000000e+00
    outer loop
      vertex   -3.384895e+01 -2.591456e+00 1.200000e+01
      vertex   -3.850000e+01 9.000000e-01 1.200000e+01
      vertex   -3.465507e+01 -3.540497e+00 1.200000e+01
    endloop
  endfacet
  facet normal 0.000000e+00 0.000000e+00 1.000000e+00
    outer loop
      vertex   -3.465507e+01 -3.540497e+00 1.200000e+01
      vertex   -3.850000e+01 9.000000e-01 1.200000e+01
      vertex   -3.891411e+01 9.545187e-01 1.200000e+01
    endloop
  endfacet
  facet normal 0.000000e+00 0.000000e+00 1.000000e+00
    outer loop
      vertex   -3.465507e+01 -3.540497e+00 1.200000e+01
      vertex   -3.891411e+01 9.545187e-01 1.200000e+01
      vertex   -3.535386e+01 -4.571131e+00 1.200000e+01
    endloop
  endfacet
  facet normal 0.000000e+00 0.000000e+00 1.000000e+00
    outer loop
      vertex   -3.535386e+01 -4.571131e+00 1.200000e+01
      vertex   -3.891411e+01 9.545187e-01 1.200000e+01
      vertex   -3.930000e+01 1.114359e+00 1.200000e+01
    endloop
  endfacet
  facet normal 0.000000e+00 0.000000e+00 1.000000e+00
    outer loop
      vertex   -3.535386e+01 -4.571131e+00 1.200000e+01
      vertex   -3.930000e+01 1.114359e+00 1.200000e+01
      vertex   -3.593712e+01 -5.671275e+00 1.200000e+01
    endloop
  endfacet
  facet normal 0.000000e+00 0.000000e+00 1.000000e+00
    outer loop
      vertex   -3.593712e+01 -5.671275e+00 1.200000e+01
      vertex   -3.930000e+01 1.114359e+00 1.200000e+01
      vertex   -3.639801e+01 -6.828032e+00 1.200000e+01
    endloop
  endfacet
  facet normal 0.000000e+00 0.000000e+00 1.000000e+00
    outer loop
      vertex   -3.639801e+01 -6.828032e+00 1.200000e+01
      vertex   -3.930000e+01 1.114359e+00 1.200000e+01
      vertex   -3.963137e+01 1.368629e+00 1.200000e+01
    endloop
  endfacet
  facet normal 0.000000e+00 0.000000e+00 1.000000e+00
    outer loop
      vertex   -3.639801e+01 -6.828032e+00 1.200000e+01
      vertex   -3.963137e+01 1.368629e+00 1.200000e+01
      vertex   -3.673114e+01 -8.027840e+00 1.200000e+01
    endloop
  endfacet
  facet normal 0.000000e+00 0.000000e+00 1.000000e+00
    outer loop
      vertex   -3.673114e+01 -8.027840e+00 1.200000e+01
      vertex   -3.963137e+01 1.368629e+00 1.200000e+01
      vertex   -3.693259e+01 -9.256631e+00 1.200000e+01
    endloop
  endfacet
  facet normal 0.000000e+00 0.000000e+00 1.000000e+00
    outer loop
      vertex   -3.693259e+01 -9.256631e+00 1.200000e+01
      vertex   -3.963137e+01 1.368629e+00 1.200000e+01
      vertex   -3.988564e+01 1.700000e+00 1.200000e+01
    endloop
  endfacet
  facet normal 0.000000e+00 0.000000e+00 1.000000e+00
    outer loop
      vertex   -3.693259e+01 -9.256631e+00 1.200000e+01
      vertex   -3.988564e+01 1.700000e+00 1.200000e+01
      vertex   -3.700000e+01 -1.050000e+01 1.200000e+01
    endloop
  endfacet
  facet normal 0.000000e+00 0.000000e+00 1.000000e+00
    outer loop
      vertex   -3.700000e+01 -1.050000e+01 1.200000e+01
      vertex   -3.988564e+01 1.700000e+00 1.200000e+01
      vertex   -4.450000e+01 -2.850000e+01 1.200000e+01
    endloop
  endfacet
  facet normal 0.000000e+00 0.000000e+00 1.000000e+00
    outer loop
      vertex   -3.700000e+01 -1.050000e+01 1.200000e+01
      vertex   -4.450000e+01 -2.850000e+01 1.200000e+01
      vertex   -3.693259e+01 -1.174337e+01 1.200000e+01
    endloop
  endfacet
  facet normal 0.000000e+00 0.000000e+00 1.000000e+00
    outer loop
      vertex   -3.988564e+01 1.700000e+00 1.200000e+01
      vertex   -4.004548e+01 2.085890e+00 1.200000e+01
      vertex   -4.450000e+01 -2.850000e+01 1.200000e+01
    endloop
  endfacet
  facet normal 0.000000e+00 0.000000e+00 1.000000e+00
    outer loop
      vertex   4.004548e+01 -2.308589e+01 1.200000e+01
      vertex   4.010000e+01 -2.350000e+01 1.200000e+01
      vertex   4.450000e+01 -2.850000e+01 1.200000e+01
    endloop
  endfacet
  facet normal 0.000000e+00 0.000000e+00 1.000000e+00
    outer loop
      vertex   4.450000e+01 -2.850000e+01 1.200000e+01
      vertex   4.010000e+01 -2.350000e+01 1.200000e+01
      vertex   4.004548e+01 -2.391411e+01 1.200000e+01
    endloop
  endfacet
  facet normal 0.000000e+00 0.000000e+00 1.000000e+00
    outer loop
      vertex   4.450000e+01 -2.850000e+01 1.200000e+01
      vertex   4.004548e+01 -2.391411e+01 1.200000e+01
      vertex   3.988564e+01 -2.430000e+01 1.200000e+01
    endloop
  endfacet
  facet normal 0.000000e+00 0.000000e+00 1.000000e+00
    outer loop
      vertex   3.988564e+01 -2.430000e+01 1.200000e+01
      vertex   3.963137e+01 -2.463137e+01 1.200000e+01
      vertex   4.450000e+01 -2.850000e+01 1.200000e+01
    endloop
  endfacet
  facet normal 0.000000e+00 0.000000e+00 1.000000e+00
    outer loop
      vertex   4.450000e+01 -2.850000e+01 1.200000e+01
      vertex   3.963137e+01 -2.463137e+01 1.200000e+01
      vertex   3.930000e+01 -2.488564e+01 1.200000e+01
    endloop
  endfacet
  facet normal 0.000000e+00 0.000000e+00 1.000000e+00
    outer loop
      vertex   4.450000e+01 -2.850000e+01 1.200000e+01
      vertex   3.930000e+01 -2.488564e+01 1.200000e+01
      vertex   3.891411e+01 -2.504548e+01 1.200000e+01
    endloop
  endfacet
  facet normal 0.000000e+00 0.000000e+00 1.000000e+00
    outer loop
      vertex   3.891411e+01 -2.504548e+01 1.200000e+01
      vertex   3.850000e+01 -2.510000e+01 1.200000e+01
      vertex   4.450000e+01 -2.850000e+01 1.200000e+01
    endloop
  endfacet
  facet normal 0.000000e+00 0.000000e+00 1.000000e+00
    outer loop
      vertex   4.450000e+01 -2.850000e+01 1.200000e+01
      vertex   3.850000e+01 -2.510000e+01 1.200000e+01
      vertex   3.808589e+01 -2.504548e+01 1.200000e+01
    endloop
  endfacet
  facet normal 0.000000e+00 0.000000e+00 1.000000e+00
    outer loop
      vertex   4.450000e+01 -2.850000e+01 1.200000e+01
      vertex   3.808589e+01 -2.504548e+01 1.200000e+01
      vertex   1.291411e+01 -2.504548e+01 1.200000e+01
    endloop
  endfacet
  facet normal 0.000000e+00 0.000000e+00 1.000000e+00
    outer loop
      vertex   1.291411e+01 -2.504548e+01 1.200000e+01
      vertex   3.808589e+01 -2.504548e+01 1.200000e+01
      vertex   1.330000e+01 -2.488564e+01 1.200000e+01
    endloop
  endfacet
  facet normal 0.000000e+00 0.000000e+00 1.000000e+00
    outer loop
      vertex   1.330000e+01 -2.488564e+01 1.200000e+01
      vertex   3.808589e+01 -2.504548e+01 1.200000e+01
      vertex   3.770000e+01 -2.488564e+01 1.200000e+01
    endloop
  endfacet
  facet normal 0.000000e+00 0.000000e+00 1.000000e+00
    outer loop
      vertex   -2.612260e+01 9.831343e-01 1.200000e+01
      vertex   -2.487740e+01 9.831343e-01 1.200000e+01
      vertex   -1.825000e+01 4.000000e+00 1.200000e+01
    endloop
  endfacet
  facet normal 0.000000e+00 0.000000e+00 1.000000e+00
    outer loop
      vertex   -1.825000e+01 4.000000e+00 1.200000e+01
      vertex   -2.487740e+01 9.831343e-01 1.200000e+01
      vertex   -2.363951e+01 8.485050e-01 1.200000e+01
    endloop
  endfacet
  facet normal 0.000000e+00 0.000000e+00 1.000000e+00
    outer loop
      vertex   -1.825000e+01 4.000000e+00 1.200000e+01
      vertex   -2.363951e+01 8.485050e-01 1.200000e+01
      vertex   -2.242342e+01 5.808249e-01 1.200000e+01
    endloop
  endfacet
  facet normal -0.000000e+00 0.000000e+00 1.000000e+00
    outer loop
      vertex   -2.242342e+01 5.808249e-01 1.200000e+01
      vertex   -2.124341e+01 1.832323e-01 1.200000e+01
      vertex   -1.825000e+01 4.000000e+00 1.200000e+01
    endloop
  endfacet
  facet normal 0.000000e+00 0.000000e+00 1.000000e+00
    outer loop
      vertex   -1.825000e+01 4.000000e+00 1.200000e+01
      vertex   -2.124341e+01 1.832323e-01 1.200000e+01
      vertex   -2.011330e+01 -3.396115e-01 1.200000e+01
    endloop
  endfacet
  facet normal 0.000000e+00 0.000000e+00 1.000000e+00
    outer loop
      vertex   -1.825000e+01 4.000000e+00 1.200000e+01
      vertex   -2.011330e+01 -3.396115e-01 1.200000e+01
      vertex   -1.904635e+01 -9.815765e-01 1.200000e+01
    endloop
  endfacet
  facet normal -0.000000e+00 0.000000e+00 1.000000e+00
    outer loop
      vertex   -1.715105e+01 -2.591456e+00 1.200000e+01
      vertex   -1.634493e+01 -3.540497e+00 1.200000e+01
      vertex   -3.250000e+00 4.000000e+00 1.200000e+01
    endloop
  endfacet
  facet normal 0.000000e+00 0.000000e+00 1.000000e+00
    outer loop
      vertex   -3.250000e+00 4.000000e+00 1.200000e+01
      vertex   -1.634493e+01 -3.540497e+00 1.200000e+01
      vertex   -1.564614e+01 -4.571131e+00 1.200000e+01
    endloop
  endfacet
  facet normal 0.000000e+00 0.000000e+00 1.000000e+00
    outer loop
      vertex   -3.250000e+00 4.000000e+00 1.200000e+01
      vertex   -1.564614e+01 -4.571131e+00 1.200000e+01
      vertex   -1.506288e+01 -5.671275e+00 1.200000e+01
    endloop
  endfacet
  facet normal -0.000000e+00 0.000000e+00 1.000000e+00
    outer loop
      vertex   -1.506288e+01 -5.671275e+00 1.200000e+01
      vertex   -1.460199e+01 -6.828032e+00 1.200000e+01
      vertex   -3.250000e+00 4.000000e+00 1.200000e+01
    endloop
  endfacet
  facet normal 0.000000e+00 0.000000e+00 1.000000e+00
    outer loop
      vertex   -3.250000e+00 4.000000e+00 1.200000e+01
      vertex   -1.460199e+01 -6.828032e+00 1.200000e+01
      vertex   -1.426886e+01 -8.027840e+00 1.200000e+01
    endloop
  endfacet
  facet normal 0.000000e+00 0.000000e+00 1.000000e+00
    outer loop
      vertex   -3.250000e+00 4.000000e+00 1.200000e+01
      vertex   -1.426886e+01 -8.027840e+00 1.200000e+01
      vertex   -1.406741e+01 -9.256631e+00 1.200000e+01
    endloop
  endfacet
  facet normal -0.000000e+00 0.000000e+00 1.000000e+00
    outer loop
      vertex   -1.406741e+01 -9.256631e+00 1.200000e+01
      vertex   -1.400000e+01 -1.050000e+01 1.200000e+01
      vertex   -3.250000e+00 4.000000e+00 1.200000e+01
    endloop
  endfacet
  facet normal 0.000000e+00 0.000000e+00 1.000000e+00
    outer loop
      vertex   -3.250000e+00 4.000000e+00 1.200000e+01
      vertex   -1.400000e+01 -1.050000e+01 1.200000e+01
      vertex   -1.406741e+01 -1.174337e+01 1.200000e+01
    endloop
  endfacet
  facet normal 0.000000e+00 0.000000e+00 1.000000e+00
    outer loop
      vertex   1.095452e+01 -2.391411e+01 1.200000e+01
      vertex   1.090000e+01 -2.350000e+01 1.200000e+01
      vertex   3.250000e+00 -2.850000e+01 1.200000e+01
    endloop
  endfacet
  facet normal 0.000000e+00 0.000000e+00 1.000000e+00
    outer loop
      vertex   3.250000e+00 -2.850000e+01 1.200000e+01
      vertex   1.090000e+01 -2.350000e+01 1.200000e+01
      vertex   1.095452e+01 -2.308589e+01 1.200000e+01
    endloop
  endfacet
  facet normal 0.000000e+00 0.000000e+00 1.000000e+00
    outer loop
      vertex   3.250000e+00 -2.850000e+01 1.200000e+01
      vertex   1.095452e+01 -2.308589e+01 1.200000e+01
      vertex   1.111436e+01 -2.270000e+01 1.200000e+01
    endloop
  endfacet
  facet normal 0.000000e+00 -0.000000e+00 1.000000e+00
    outer loop
      vertex   1.111436e+01 -2.270000e+01 1.200000e+01
      vertex   1.136863e+01 -2.236863e+01 1.200000e+01
      vertex   3.250000e+00 -2.850000e+01 1.200000e+01
    endloop
  endfacet
  facet normal 0.000000e+00 0.000000e+00 1.000000e+00
    outer loop
      vertex   1.208589e+01 -2.504548e+01 1.200000e+01
      vertex   1.170000e+01 -2.488564e+01 1.200000e+01
      vertex   3.250000e+00 -2.850000e+01 1.200000e+01
    endloop
  endfacet
  facet normal 0.000000e+00 0.000000e+00 1.000000e+00
    outer loop
      vertex   3.250000e+00 -2.850000e+01 1.200000e+01
      vertex   1.170000e+01 -2.488564e+01 1.200000e+01
      vertex   1.136863e+01 -2.463137e+01 1.200000e+01
    endloop
  endfacet
  facet normal 0.000000e+00 0.000000e+00 1.000000e+00
    outer loop
      vertex   3.250000e+00 -2.850000e+01 1.200000e+01
      vertex   1.136863e+01 -2.463137e+01 1.200000e+01
      vertex   1.111436e+01 -2.430000e+01 1.200000e+01
    endloop
  endfacet
  facet normal 0.000000e+00 0.000000e+00 1.000000e+00
    outer loop
      vertex   1.111436e+01 -2.430000e+01 1.200000e+01
      vertex   1.095452e+01 -2.391411e+01 1.200000e+01
      vertex   3.250000e+00 -2.850000e+01 1.200000e+01
    endloop
  endfacet
  facet normal 9.914449e-01 -1.305262e-01 0.000000e+00
    outer loop
      vertex   -1.404548e+01 -2.308589e+01 9.500000e+00
      vertex   -1.404548e+01 -2.308589e+01 1.200000e+01
      vertex   -1.410000e+01 -2.350000e+01 9.500000e+00
    endloop
  endfacet
  facet normal 9.914449e-01 -1.305262e-01 0.000000e+00
    outer loop
      vertex   -1.410000e+01 -2.350000e+01 9.500000e+00
      vertex   -1.404548e+01 -2.308589e+01 1.200000e+01
      vertex   -1.410000e+01 -2.350000e+01 1.200000e+01
    endloop
  endfacet
  facet normal 9.914449e-01 1.305262e-01 -0.000000e+00
    outer loop
      vertex   -1.410000e+01 -2.350000e+01 9.500000e+00
      vertex   -1.410000e+01 -2.350000e+01 1.200000e+01
      vertex   -1.404548e+01 -2.391411e+01 9.500000e+00
    endloop
  endfacet
  facet normal 9.914449e-01 1.305262e-01 -0.000000e+00
    outer loop
      vertex   -1.404548e+01 -2.391411e+01 9.500000e+00
      vertex   -1.410000e+01 -2.350000e+01 1.200000e+01
      vertex   -1.404548e+01 -2.391411e+01 1.200000e+01
    endloop
  endfacet
  facet normal 9.238795e-01 3.826834e-01 -0.000000e+00
    outer loop
      vertex   -1.404548e+01 -2.391411e+01 9.500000e+00
      vertex   -1.404548e+01 -2.391411e+01 1.200000e+01
      vertex   -1.388564e+01 -2.430000e+01 9.500000e+00
    endloop
  endfacet
  facet normal 9.238795e-01 3.826834e-01 -0.000000e+00
    outer loop
      vertex   -1.388564e+01 -2.430000e+01 9.500000e+00
      vertex   -1.404548e+01 -2.391411e+01 1.200000e+01
      vertex   -1.388564e+01 -2.430000e+01 1.200000e+01
    endloop
  endfacet
  facet normal 7.933533e-01 6.087614e-01 -0.000000e+00
    outer loop
      vertex   -1.388564e+01 -2.430000e+01 9.500000e+00
      vertex   -1.388564e+01 -2.430000e+01 1.200000e+01
      vertex   -1.363137e+01 -2.463137e+01 9.500000e+00
    endloop
  endfacet
  facet normal 7.933533e-01 6.087614e-01 -0.000000e+00
    outer loop
      vertex   -1.363137e+01 -2.463137e+01 9.500000e+00
      vertex   -1.388564e+01 -2.430000e+01 1.200000e+01
      vertex   -1.363137e+01 -2.463137e+01 1.200000e+01
    endloop
  endfacet
  facet normal 6.087614e-01 7.933533e-01 -0.000000e+00
    outer loop
      vertex   -1.363137e+01 -2.463137e+01 9.500000e+00
      vertex   -1.363137e+01 -2.463137e+01 1.200000e+01
      vertex   -1.330000e+01 -2.488564e+01 9.500000e+00
    endloop
  endfacet
  facet normal 6.087614e-01 7.933533e-01 -4.325510e-16
    outer loop
      vertex   -1.330000e+01 -2.488564e+01 9.500000e+00
      vertex   -1.363137e+01 -2.463137e+01 1.200000e+01
      vertex   -1.330000e+01 -2.488564e+01 1.200000e+01
    endloop
  endfacet
  facet normal 3.826834e-01 9.238795e-01 -2.719129e-16
    outer loop
      vertex   -1.330000e+01 -2.488564e+01 9.500000e+00
      vertex   -1.330000e+01 -2.488564e+01 1.200000e+01
      vertex   -1.291411e+01 -2.504548e+01 9.500000e+00
    endloop
  endfacet
  facet normal 3.826834e-01 9.238795e-01 -0.000000e+00
    outer loop
      vertex   -1.291411e+01 -2.504548e+01 9.500000e+00
      vertex   -1.330000e+01 -2.488564e+01 1.200000e+01
      vertex   -1.291411e+01 -2.504548e+01 1.200000e+01
    endloop
  endfacet
  facet normal 1.305262e-01 9.914449e-01 -0.000000e+00
    outer loop
      vertex   -1.291411e+01 -2.504548e+01 9.500000e+00
      vertex   -1.291411e+01 -2.504548e+01 1.200000e+01
      vertex   -1.250000e+01 -2.510000e+01 9.500000e+00
    endloop
  endfacet
  facet normal 1.305262e-01 9.914449e-01 -0.000000e+00
    outer loop
      vertex   -1.250000e+01 -2.510000e+01 9.500000e+00
      vertex   -1.291411e+01 -2.504548e+01 1.200000e+01
      vertex   -1.250000e+01 -2.510000e+01 1.200000e+01
    endloop
  endfacet
  facet normal -1.305262e-01 9.914449e-01 0.000000e+00
    outer loop
      vertex   -1.250000e+01 -2.510000e+01 9.500000e+00
      vertex   -1.250000e+01 -2.510000e+01 1.200000e+01
      vertex   -1.208589e+01 -2.504548e+01 9.500000e+00
    endloop
  endfacet
  facet normal -1.305262e-01 9.914449e-01 0.000000e+00
    outer loop
      vertex   -1.208589e+01 -2.504548e+01 9.500000e+00
      vertex   -1.250000e+01 -2.510000e+01 1.200000e+01
      vertex   -1.208589e+01 -2.504548e+01 1.200000e+01
    endloop
  endfacet
  facet normal -3.826834e-01 9.238795e-01 0.000000e+00
    outer loop
      vertex   -1.208589e+01 -2.504548e+01 9.500000e+00
      vertex   -1.208589e+01 -2.504548e+01 1.200000e+01
      vertex   -1.170000e+01 -2.488564e+01 9.500000e+00
    endloop
  endfacet
  facet normal -3.826834e-01 9.238795e-01 5.438259e-16
    outer loop
      vertex   -1.170000e+01 -2.488564e+01 9.500000e+00
      vertex   -1.208589e+01 -2.504548e+01 1.200000e+01
      vertex   -1.170000e+01 -2.488564e+01 1.200000e+01
    endloop
  endfacet
  facet normal -6.087614e-01 7.933533e-01 8.651020e-16
    outer loop
      vertex   -1.170000e+01 -2.488564e+01 9.500000e+00
      vertex   -1.170000e+01 -2.488564e+01 1.200000e+01
      vertex   -1.136863e+01 -2.463137e+01 9.500000e+00
    endloop
  endfacet
  facet normal -6.087614e-01 7.933533e-01 0.000000e+00
    outer loop
      vertex   -1.136863e+01 -2.463137e+01 9.500000e+00
      vertex   -1.170000e+01 -2.488564e+01 1.200000e+01
      vertex   -1.136863e+01 -2.463137e+01 1.200000e+01
    endloop
  endfacet
  facet normal -7.933533e-01 6.087614e-01 0.000000e+00
    outer loop
      vertex   -1.136863e+01 -2.463137e+01 9.500000e+00
      vertex   -1.136863e+01 -2.463137e+01 1.200000e+01
      vertex   -1.111436e+01 -2.430000e+01 9.500000e+00
    endloop
  endfacet
  facet normal -7.933533e-01 6.087614e-01 0.000000e+00
    outer loop
      vertex   -1.111436e+01 -2.430000e+01 9.500000e+00
      vertex   -1.136863e+01 -2.463137e+01 1.200000e+01
      vertex   -1.111436e+01 -2.430000e+01 1.200000e+01
    endloop
  endfacet
  facet normal -9.238795e-01 3.826834e-01 0.000000e+00
    outer loop
      vertex   -1.111436e+01 -2.430000e+01 9.500000e+00
      vertex   -1.111436e+01 -2.430000e+01 1.200000e+01
      vertex   -1.095452e+01 -2.391411e+01 9.500000e+00
    endloop
  endfacet
  facet normal -9.238795e-01 3.826834e-01 0.000000e+00
    outer loop
      vertex   -1.095452e+01 -2.391411e+01 9.500000e+00
      vertex   -1.111436e+01 -2.430000e+01 1.200000e+01
      vertex   -1.095452e+01 -2.391411e+01 1.200000e+01
    endloop
  endfacet
  facet normal -9.914449e-01 1.305262e-01 0.000000e+00
    outer loop
      vertex   -1.095452e+01 -2.391411e+01 9.500000e+00
      vertex   -1.095452e+01 -2.391411e+01 1.200000e+01
      vertex   -1.090000e+01 -2.350000e+01 9.500000e+00
    endloop
  endfacet
  facet normal -9.914449e-01 1.305262e-01 0.000000e+00
    outer loop
      vertex   -1.090000e+01 -2.350000e+01 9.500000e+00
      vertex   -1.095452e+01 -2.391411e+01 1.200000e+01
      vertex   -1.090000e+01 -2.350000e+01 1.200000e+01
    endloop
  endfacet
  facet normal -9.914449e-01 -1.305262e-01 0.000000e+00
    outer loop
      vertex   -1.090000e+01 -2.350000e+01 9.500000e+00
      vertex   -1.090000e+01 -2.350000e+01 1.200000e+01
      vertex   -1.095452e+01 -2.308589e+01 9.500000e+00
    endloop
  endfacet
  facet normal -9.914449e-01 -1.305262e-01 0.000000e+00
    outer loop
      vertex   -1.095452e+01 -2.308589e+01 9.500000e+00
      vertex   -1.090000e+01 -2.350000e+01 1.200000e+01
      vertex   -1.095452e+01 -2.308589e+01 1.200000e+01
    endloop
  endfacet
  facet normal -9.238795e-01 -3.826834e-01 0.000000e+00
    outer loop
      vertex   -1.095452e+01 -2.308589e+01 9.500000e+00
      vertex   -1.095452e+01 -2.308589e+01 1.200000e+01
      vertex   -1.111436e+01 -2.270000e+01 9.500000e+00
    endloop
  endfacet
  facet normal -9.238795e-01 -3.826834e-01 0.000000e+00
    outer loop
      vertex   -1.111436e+01 -2.270000e+01 9.500000e+00
      vertex   -1.095452e+01 -2.308589e+01 1.200000e+01
      vertex   -1.111436e+01 -2.270000e+01 1.200000e+01
    endloop
  endfacet
  facet normal -7.933533e-01 -6.087614e-01 0.000000e+00
    outer loop
      vertex   -1.111436e+01 -2.270000e+01 9.500000e+00
      vertex   -1.111436e+01 -2.270000e+01 1.200000e+01
      vertex   -1.136863e+01 -2.236863e+01 9.500000e+00
    endloop
  endfacet
  facet normal -7.933533e-01 -6.087614e-01 0.000000e+00
    outer loop
      vertex   -1.136863e+01 -2.236863e+01 9.500000e+00
      vertex   -1.111436e+01 -2.270000e+01 1.200000e+01
      vertex   -1.136863e+01 -2.236863e+01 1.200000e+01
    endloop
  endfacet
  facet normal -6.087614e-01 -7.933533e-01 0.000000e+00
    outer loop
      vertex   -1.136863e+01 -2.236863e+01 9.500000e+00
      vertex   -1.136863e+01 -2.236863e+01 1.200000e+01
      vertex   -1.170000e+01 -2.211436e+01 9.500000e+00
    endloop
  endfacet
  facet normal -6.087614e-01 -7.933533e-01 -8.651020e-16
    outer loop
      vertex   -1.170000e+01 -2.211436e+01 9.500000e+00
      vertex   -1.136863e+01 -2.236863e+01 1.200000e+01
      vertex   -1.170000e+01 -2.211436e+01 1.200000e+01
    endloop
  endfacet
  facet normal -3.826834e-01 -9.238795e-01 -5.438259e-16
    outer loop
      vertex   -1.170000e+01 -2.211436e+01 9.500000e+00
      vertex   -1.170000e+01 -2.211436e+01 1.200000e+01
      vertex   -1.208589e+01 -2.195452e+01 9.500000e+00
    endloop
  endfacet
  facet normal -3.826834e-01 -9.238795e-01 0.000000e+00
    outer loop
      vertex   -1.208589e+01 -2.195452e+01 9.500000e+00
      vertex   -1.170000e+01 -2.211436e+01 1.200000e+01
      vertex   -1.208589e+01 -2.195452e+01 1.200000e+01
    endloop
  endfacet
  facet normal -1.305262e-01 -9.914449e-01 0.000000e+00
    outer loop
      vertex   -1.208589e+01 -2.195452e+01 9.500000e+00
      vertex   -1.208589e+01 -2.195452e+01 1.200000e+01
      vertex   -1.250000e+01 -2.190000e+01 9.500000e+00
    endloop
  endfacet
  facet normal -1.305262e-01 -9.914449e-01 0.000000e+00
    outer loop
      vertex   -1.250000e+01 -2.190000e+01 9.500000e+00
      vertex   -1.208589e+01 -2.195452e+01 1.200000e+01
      vertex   -1.250000e+01 -2.190000e+01 1.200000e+01
    endloop
  endfacet
  facet normal 1.305262e-01 -9.914449e-01 0.000000e+00
    outer loop
      vertex   -1.250000e+01 -2.190000e+01 9.500000e+00
      vertex   -1.250000e+01 -2.190000e+01 1.200000e+01
      vertex   -1.291411e+01 -2.195452e+01 9.500000e+00
    endloop
  endfacet
  facet normal 1.305262e-01 -9.914449e-01 0.000000e+00
    outer loop
      vertex   -1.291411e+01 -2.195452e+01 9.500000e+00
      vertex   -1.250000e+01 -2.190000e+01 1.200000e+01
      vertex   -1.291411e+01 -2.195452e+01 1.200000e+01
    endloop
  endfacet
  facet normal 3.826834e-01 -9.238795e-01 0.000000e+00
    outer loop
      vertex   -1.291411e+01 -2.195452e+01 9.500000e+00
      vertex   -1.291411e+01 -2.195452e+01 1.200000e+01
      vertex   -1.330000e+01 -2.211436e+01 9.500000e+00
    endloop
  endfacet
  facet normal 3.826834e-01 -9.238795e-01 2.719129e-16
    outer loop
      vertex   -1.330000e+01 -2.211436e+01 9.500000e+00
      vertex   -1.291411e+01 -2.195452e+01 1.200000e+01
      vertex   -1.330000e+01 -2.211436e+01 1.200000e+01
    endloop
  endfacet
  facet normal 6.087614e-01 -7.933533e-01 4.325510e-16
    outer loop
      vertex   -1.330000e+01 -2.211436e+01 9.500000e+00
      vertex   -1.330000e+01 -2.211436e+01 1.200000e+01
      vertex   -1.363137e+01 -2.236863e+01 9.500000e+00
    endloop
  endfacet
  facet normal 6.087614e-01 -7.933533e-01 0.000000e+00
    outer loop
      vertex   -1.363137e+01 -2.236863e+01 9.500000e+00
      vertex   -1.330000e+01 -2.211436e+01 1.200000e+01
      vertex   -1.363137e+01 -2.236863e+01 1.200000e+01
    endloop
  endfacet
  facet normal 7.933533e-01 -6.087614e-01 0.000000e+00
    outer loop
      vertex   -1.363137e+01 -2.236863e+01 9.500000e+00
      vertex   -1.363137e+01 -2.236863e+01 1.200000e+01
      vertex   -1.388564e+01 -2.270000e+01 9.500000e+00
    endloop
  endfacet
  facet normal 7.933533e-01 -6.087614e-01 0.000000e+00
    outer loop
      vertex   -1.388564e+01 -2.270000e+01 9.500000e+00
      vertex   -1.363137e+01 -2.236863e+01 1.200000e+01
      vertex   -1.388564e+01 -2.270000e+01 1.200000e+01
    endloop
  endfacet
  facet normal 9.238795e-01 -3.826834e-01 0.000000e+00
    outer loop
      vertex   -1.388564e+01 -2.270000e+01 9.500000e+00
      vertex   -1.388564e+01 -2.270000e+01 1.200000e+01
      vertex   -1.404548e+01 -2.308589e+01 9.500000e+00
    endloop
  endfacet
  facet normal 9.238795e-01 -3.826834e-01 0.000000e+00
    outer loop
      vertex   -1.404548e+01 -2.308589e+01 9.500000e+00
      vertex   -1.388564e+01 -2.270000e+01 1.200000e+01
      vertex   -1.404548e+01 -2.308589e+01 1.200000e+01
    endloop
  endfacet
  facet normal 9.914449e-01 -1.305262e-01 0.000000e+00
    outer loop
      vertex   -4.004548e+01 -2.308589e+01 9.500000e+00
      vertex   -4.004548e+01 -2.308589e+01 1.200000e+01
      vertex   -4.010000e+01 -2.350000e+01 9.500000e+00
    endloop
  endfacet
  facet normal 9.914449e-01 -1.305262e-01 0.000000e+00
    outer loop
      vertex   -4.010000e+01 -2.350000e+01 9.500000e+00
      vertex   -4.004548e+01 -2.308589e+01 1.200000e+01
      vertex   -4.010000e+01 -2.350000e+01 1.200000e+01
    endloop
  endfacet
  facet normal 9.914449e-01 1.305262e-01 -0.000000e+00
    outer loop
      vertex   -4.010000e+01 -2.350000e+01 9.500000e+00
      vertex   -4.010000e+01 -2.350000e+01 1.200000e+01
      vertex   -4.004548e+01 -2.391411e+01 9.500000e+00
    endloop
  endfacet
  facet normal 9.914449e-01 1.305262e-01 -0.000000e+00
    outer loop
      vertex   -4.004548e+01 -2.391411e+01 9.500000e+00
      vertex   -4.010000e+01 -2.350000e+01 1.200000e+01
      vertex   -4.004548e+01 -2.391411e+01 1.200000e+01
    endloop
  endfacet
  facet normal 9.238795e-01 3.826834e-01 -0.000000e+00
    outer loop
      vertex   -4.004548e+01 -2.391411e+01 9.500000e+00
      vertex   -4.004548e+01 -2.391411e+01 1.200000e+01
      vertex   -3.988564e+01 -2.430000e+01 9.500000e+00
    endloop
  endfacet
  facet normal 9.238795e-01 3.826834e-01 -0.000000e+00
    outer loop
      vertex   -3.988564e+01 -2.430000e+01 9.500000e+00
      vertex   -4.004548e+01 -2.391411e+01 1.200000e+01
      vertex   -3.988564e+01 -2.430000e+01 1.200000e+01
    endloop
  endfacet
  facet normal 7.933533e-01 6.087614e-01 -0.000000e+00
    outer loop
      vertex   -3.988564e+01 -2.430000e+01 9.500000e+00
      vertex   -3.988564e+01 -2.430000e+01 1.200000e+01
      vertex   -3.963137e+01 -2.463137e+01 9.500000e+00
    endloop
  endfacet
  facet normal 7.933533e-01 6.087614e-01 -0.000000e+00
    outer loop
      vertex   -3.963137e+01 -2.463137e+01 9.500000e+00
      vertex   -3.988564e+01 -2.430000e+01 1.200000e+01
      vertex   -3.963137e+01 -2.463137e+01 1.200000e+01
    endloop
  endfacet
  facet normal 6.087614e-01 7.933533e-01 -0.000000e+00
    outer loop
      vertex   -3.963137e+01 -2.463137e+01 9.500000e+00
      vertex   -3.963137e+01 -2.463137e+01 1.200000e+01
      vertex   -3.930000e+01 -2.488564e+01 9.500000e+00
    endloop
  endfacet
  facet normal 6.087614e-01 7.933533e-01 -0.000000e+00
    outer loop
      vertex   -3.930000e+01 -2.488564e+01 9.500000e+00
      vertex   -3.963137e+01 -2.463137e+01 1.200000e+01
      vertex   -3.930000e+01 -2.488564e+01 1.200000e+01
    endloop
  endfacet
  facet normal 3.826834e-01 9.238795e-01 -0.000000e+00
    outer loop
      vertex   -3.930000e+01 -2.488564e+01 9.500000e+00
      vertex   -3.930000e+01 -2.488564e+01 1.200000e+01
      vertex   -3.891411e+01 -2.504548e+01 9.500000e+00
    endloop
  endfacet
  facet normal 3.826834e-01 9.238795e-01 -0.000000e+00
    outer loop
      vertex   -3.891411e+01 -2.504548e+01 9.500000e+00
      vertex   -3.930000e+01 -2.488564e+01 1.200000e+01
      vertex   -3.891411e+01 -2.504548e+01 1.200000e+01
    endloop
  endfacet
  facet normal 1.305262e-01 9.914449e-01 -0.000000e+00
    outer loop
      vertex   -3.891411e+01 -2.504548e+01 9.500000e+00
      vertex   -3.891411e+01 -2.504548e+01 1.200000e+01
      vertex   -3.850000e+01 -2.510000e+01 9.500000e+00
    endloop
  endfacet
  facet normal 1.305262e-01 9.914449e-01 -0.000000e+00
    outer loop
      vertex   -3.850000e+01 -2.510000e+01 9.500000e+00
      vertex   -3.891411e+01 -2.504548e+01 1.200000e+01
      vertex   -3.850000e+01 -2.510000e+01 1.200000e+01
    endloop
  endfacet
  facet normal -1.305262e-01 9.914449e-01 0.000000e+00
    outer loop
      vertex   -3.850000e+01 -2.510000e+01 9.500000e+00
      vertex   -3.850000e+01 -2.510000e+01 1.200000e+01
      vertex   -3.808589e+01 -2.504548e+01 9.500000e+00
    endloop
  endfacet
  facet normal -1.305262e-01 9.914449e-01 0.000000e+00
    outer loop
      vertex   -3.808589e+01 -2.504548e+01 9.500000e+00
      vertex   -3.850000e+01 -2.510000e+01 1.200000e+01
      vertex   -3.808589e+01 -2.504548e+01 1.200000e+01
    endloop
  endfacet
  facet normal -3.826834e-01 9.238795e-01 0.000000e+00
    outer loop
      vertex   -3.808589e+01 -2.504548e+01 9.500000e+00
      vertex   -3.808589e+01 -2.504548e+01 1.200000e+01
      vertex   -3.770000e+01 -2.488564e+01 9.500000e+00
    endloop
  endfacet
  facet normal -3.826834e-01 9.238795e-01 0.000000e+00
    outer loop
      vertex   -3.770000e+01 -2.488564e+01 9.500000e+00
      vertex   -3.808589e+01 -2.504548e+01 1.200000e+01
      vertex   -3.770000e+01 -2.488564e+01 1.200000e+01
    endloop
  endfacet
  facet normal -6.087614e-01 7.933533e-01 0.000000e+00
    outer loop
      vertex   -3.770000e+01 -2.488564e+01 9.500000e+00
      vertex   -3.770000e+01 -2.488564e+01 1.200000e+01
      vertex   -3.736863e+01 -2.463137e+01 9.500000e+00
    endloop
  endfacet
  facet normal -6.087614e-01 7.933533e-01 0.000000e+00
    outer loop
      vertex   -3.736863e+01 -2.463137e+01 9.500000e+00
      vertex   -3.770000e+01 -2.488564e+01 1.200000e+01
      vertex   -3.736863e+01 -2.463137e+01 1.200000e+01
    endloop
  endfacet
  facet normal -7.933533e-01 6.087614e-01 0.000000e+00
    outer loop
      vertex   -3.736863e+01 -2.463137e+01 9.500000e+00
      vertex   -3.736863e+01 -2.463137e+01 1.200000e+01
      vertex   -3.711436e+01 -2.430000e+01 9.500000e+00
    endloop
  endfacet
  facet normal -7.933533e-01 6.087614e-01 0.000000e+00
    outer loop
      vertex   -3.711436e+01 -2.430000e+01 9.500000e+00
      vertex   -3.736863e+01 -2.463137e+01 1.200000e+01
      vertex   -3.711436e+01 -2.430000e+01 1.200000e+01
    endloop
  endfacet
  facet normal -9.238795e-01 3.826834e-01 0.000000e+00
    outer loop
      vertex   -3.711436e+01 -2.430000e+01 9.500000e+00
      vertex   -3.711436e+01 -2.430000e+01 1.200000e+01
      vertex   -3.695452e+01 -2.391411e+01 9.500000e+00
    endloop
  endfacet
  facet normal -9.238795e-01 3.826834e-01 0.000000e+00
    outer loop
      vertex   -3.695452e+01 -2.391411e+01 9.500000e+00
      vertex   -3.711436e+01 -2.430000e+01 1.200000e+01
      vertex   -3.695452e+01 -2.391411e+01 1.200000e+01
    endloop
  endfacet
  facet normal -9.914449e-01 1.305262e-01 0.000000e+00
    outer loop
      vertex   -3.695452e+01 -2.391411e+01 9.500000e+00
      vertex   -3.695452e+01 -2.391411e+01 1.200000e+01
      vertex   -3.690000e+01 -2.350000e+01 9.500000e+00
    endloop
  endfacet
  facet normal -9.914449e-01 1.305262e-01 0.000000e+00
    outer loop
      vertex   -3.690000e+01 -2.350000e+01 9.500000e+00
      vertex   -3.695452e+01 -2.391411e+01 1.200000e+01
      vertex   -3.690000e+01 -2.350000e+01 1.200000e+01
    endloop
  endfacet
  facet normal -9.914449e-01 -1.305262e-01 0.000000e+00
    outer loop
      vertex   -3.690000e+01 -2.350000e+01 9.500000e+00
      vertex   -3.690000e+01 -2.350000e+01 1.200000e+01
      vertex   -3.695452e+01 -2.308589e+01 9.500000e+00
    endloop
  endfacet
  facet normal -9.914449e-01 -1.305262e-01 0.000000e+00
    outer loop
      vertex   -3.695452e+01 -2.308589e+01 9.500000e+00
      vertex   -3.690000e+01 -2.350000e+01 1.200000e+01
      vertex   -3.695452e+01 -2.308589e+01 1.200000e+01
    endloop
  endfacet
  facet normal -9.238795e-01 -3.826834e-01 0.000000e+00
    outer loop
      vertex   -3.695452e+01 -2.308589e+01 9.500000e+00
      vertex   -3.695452e+01 -2.308589e+01 1.200000e+01
      vertex   -3.711436e+01 -2.270000e+01 9.500000e+00
    endloop
  endfacet
  facet normal -9.238795e-01 -3.826834e-01 0.000000e+00
    outer loop
      vertex   -3.711436e+01 -2.270000e+01 9.500000e+00
      vertex   -3.695452e+01 -2.308589e+01 1.200000e+01
      vertex   -3.711436e+01 -2.270000e+01 1.200000e+01
    endloop
  endfacet
  facet normal -7.933533e-01 -6.087614e-01 0.000000e+00
    outer loop
      vertex   -3.711436e+01 -2.270000e+01 9.500000e+00
      vertex   -3.711436e+01 -2.270000e+01 1.200000e+01
      vertex   -3.736863e+01 -2.236863e+01 9.500000e+00
    endloop
  endfacet
  facet normal -7.933533e-01 -6.087614e-01 0.000000e+00
    outer loop
      vertex   -3.736863e+01 -2.236863e+01 9.500000e+00
      vertex   -3.711436e+01 -2.270000e+01 1.200000e+01
      vertex   -3.736863e+01 -2.236863e+01 1.200000e+01
    endloop
  endfacet
  facet normal -6.087614e-01 -7.933533e-01 0.000000e+00
    outer loop
      vertex   -3.736863e+01 -2.236863e+01 9.500000e+00
      vertex   -3.736863e+01 -2.236863e+01 1.200000e+01
      vertex   -3.770000e+01 -2.211436e+01 9.500000e+00
    endloop
  endfacet
  facet normal -6.087614e-01 -7.933533e-01 0.000000e+00
    outer loop
      vertex   -3.770000e+01 -2.211436e+01 9.500000e+00
      vertex   -3.736863e+01 -2.236863e+01 1.200000e+01
      vertex   -3.770000e+01 -2.211436e+01 1.200000e+01
    endloop
  endfacet
  facet normal -3.826834e-01 -9.238795e-01 0.000000e+00
    outer loop
      vertex   -3.770000e+01 -2.211436e+01 9.500000e+00
      vertex   -3.770000e+01 -2.211436e+01 1.200000e+01
      vertex   -3.808589e+01 -2.195452e+01 9.500000e+00
    endloop
  endfacet
  facet normal -3.826834e-01 -9.238795e-01 0.000000e+00
    outer loop
      vertex   -3.808589e+01 -2.195452e+01 9.500000e+00
      vertex   -3.770000e+01 -2.211436e+01 1.200000e+01
      vertex   -3.808589e+01 -2.195452e+01 1.200000e+01
    endloop
  endfacet
  facet normal -1.305262e-01 -9.914449e-01 0.000000e+00
    outer loop
      vertex   -3.808589e+01 -2.195452e+01 9.500000e+00
      vertex   -3.808589e+01 -2.195452e+01 1.200000e+01
      vertex   -3.850000e+01 -2.190000e+01 9.500000e+00
    endloop
  endfacet
  facet normal -1.305262e-01 -9.914449e-01 0.000000e+00
    outer loop
      vertex   -3.850000e+01 -2.190000e+01 9.500000e+00
      vertex   -3.808589e+01 -2.195452e+01 1.200000e+01
      vertex   -3.850000e+01 -2.190000e+01 1.200000e+01
    endloop
  endfacet
  facet normal 1.305262e-01 -9.914449e-01 0.000000e+00
    outer loop
      vertex   -3.850000e+01 -2.190000e+01 9.500000e+00
      vertex   -3.850000e+01 -2.190000e+01 1.200000e+01
      vertex   -3.891411e+01 -2.195452e+01 9.500000e+00
    endloop
  endfacet
  facet normal 1.305262e-01 -9.914449e-01 0.000000e+00
    outer loop
      vertex   -3.891411e+01 -2.195452e+01 9.500000e+00
      vertex   -3.850000e+01 -2.190000e+01 1.200000e+01
      vertex   -3.891411e+01 -2.195452e+01 1.200000e+01
    endloop
  endfacet
  facet normal 3.826834e-01 -9.238795e-01 0.000000e+00
    outer loop
      vertex   -3.891411e+01 -2.195452e+01 9.500000e+00
      vertex   -3.891411e+01 -2.195452e+01 1.200000e+01
      vertex   -3.930000e+01 -2.211436e+01 9.500000e+00
    endloop
  endfacet
  facet normal 3.826834e-01 -9.238795e-01 0.000000e+00
    outer loop
      vertex   -3.930000e+01 -2.211436e+01 9.500000e+00
      vertex   -3.891411e+01 -2.195452e+01 1.200000e+01
      vertex   -3.930000e+01 -2.211436e+01 1.200000e+01
    endloop
  endfacet
  facet normal 6.087614e-01 -7.933533e-01 0.000000e+00
    outer loop
      vertex   -3.930000e+01 -2.211436e+01 9.500000e+00
      vertex   -3.930000e+01 -2.211436e+01 1.200000e+01
      vertex   -3.963137e+01 -2.236863e+01 9.500000e+00
    endloop
  endfacet
  facet normal 6.087614e-01 -7.933533e-01 0.000000e+00
    outer loop
      vertex   -3.963137e+01 -2.236863e+01 9.500000e+00
      vertex   -3.930000e+01 -2.211436e+01 1.200000e+01
      vertex   -3.963137e+01 -2.236863e+01 1.200000e+01
    endloop
  endfacet
  facet normal 7.933533e-01 -6.087614e-01 0.000000e+00
    outer loop
      vertex   -3.963137e+01 -2.236863e+01 9.500000e+00
      vertex   -3.963137e+01 -2.236863e+01 1.200000e+01
      vertex   -3.988564e+01 -2.270000e+01 9.500000e+00
    endloop
  endfacet
  facet normal 7.933533e-01 -6.087614e-01 0.000000e+00
    outer loop
      vertex   -3.988564e+01 -2.270000e+01 9.500000e+00
      vertex   -3.963137e+01 -2.236863e+01 1.200000e+01
      vertex   -3.988564e+01 -2.270000e+01 1.200000e+01
    endloop
  endfacet
  facet normal 9.238795e-01 -3.826834e-01 0.000000e+00
    outer loop
      vertex   -3.988564e+01 -2.270000e+01 9.500000e+00
      vertex   -3.988564e+01 -2.270000e+01 1.200000e+01
      vertex   -4.004548e+01 -2.308589e+01 9.500000e+00
    endloop
  endfacet
  facet normal 9.238795e-01 -3.826834e-01 0.000000e+00
    outer loop
      vertex   -4.004548e+01 -2.308589e+01 9.500000e+00
      vertex   -3.988564e+01 -2.270000e+01 1.200000e+01
      vertex   -4.004548e+01 -2.308589e+01 1.200000e+01
    endloop
  endfacet
  facet normal 9.914449e-01 -1.305262e-01 0.000000e+00
    outer loop
      vertex   -2.690059e+01 1.087529e+01 4.000000e+00
      vertex   -2.690059e+01 1.087529e+01 1.200000e+01
      vertex   -2.695000e+01 1.050000e+01 4.000000e+00
    endloop
  endfacet
  facet normal 9.914449e-01 -1.305262e-01 0.000000e+00
    outer loop
      vertex   -2.695000e+01 1.050000e+01 4.000000e+00
      vertex   -2.690059e+01 1.087529e+01 1.200000e+01
      vertex   -2.695000e+01 1.050000e+01 1.200000e+01
    endloop
  endfacet
  facet normal 9.914449e-01 1.305262e-01 -0.000000e+00
    outer loop
      vertex   -2.695000e+01 1.050000e+01 4.000000e+00
      vertex   -2.695000e+01 1.050000e+01 1.200000e+01
      vertex   -2.690059e+01 1.012471e+01 4.000000e+00
    endloop
  endfacet
  facet normal 9.914449e-01 1.305262e-01 -0.000000e+00
    outer loop
      vertex   -2.690059e+01 1.012471e+01 4.000000e+00
      vertex   -2.695000e+01 1.050000e+01 1.200000e+01
      vertex   -2.690059e+01 1.012471e+01 1.200000e+01
    endloop
  endfacet
  facet normal 9.238795e-01 3.826834e-01 -0.000000e+00
    outer loop
      vertex   -2.690059e+01 1.012471e+01 4.000000e+00
      vertex   -2.690059e+01 1.012471e+01 1.200000e+01
      vertex   -2.675574e+01 9.775000e+00 4.000000e+00
    endloop
  endfacet
  facet normal 9.238795e-01 3.826834e-01 -0.000000e+00
    outer loop
      vertex   -2.675574e+01 9.775000e+00 4.000000e+00
      vertex   -2.690059e+01 1.012471e+01 1.200000e+01
      vertex   -2.675574e+01 9.775000e+00 1.200000e+01
    endloop
  endfacet
  facet normal 7.933533e-01 6.087614e-01 -0.000000e+00
    outer loop
      vertex   -2.675574e+01 9.775000e+00 4.000000e+00
      vertex   -2.675574e+01 9.775000e+00 1.200000e+01
      vertex   -2.652530e+01 9.474695e+00 4.000000e+00
    endloop
  endfacet
  facet normal 7.933533e-01 6.087614e-01 -0.000000e+00
    outer loop
      vertex   -2.652530e+01 9.474695e+00 4.000000e+00
      vertex   -2.675574e+01 9.775000e+00 1.200000e+01
      vertex   -2.652530e+01 9.474695e+00 1.200000e+01
    endloop
  endfacet
  facet normal 6.087614e-01 7.933533e-01 -0.000000e+00
    outer loop
      vertex   -2.652530e+01 9.474695e+00 4.000000e+00
      vertex   -2.652530e+01 9.474695e+00 1.200000e+01
      vertex   -2.622500e+01 9.244263e+00 4.000000e+00
    endloop
  endfacet
  facet normal 6.087614e-01 7.933533e-01 -2.703444e-16
    outer loop
      vertex   -2.622500e+01 9.244263e+00 4.000000e+00
      vertex   -2.652530e+01 9.474695e+00 1.200000e+01
      vertex   -2.622500e+01 9.244263e+00 1.200000e+01
    endloop
  endfacet
  facet normal 3.826834e-01 9.238795e-01 -1.699456e-16
    outer loop
      vertex   -2.622500e+01 9.244263e+00 4.000000e+00
      vertex   -2.622500e+01 9.244263e+00 1.200000e+01
      vertex   -2.587529e+01 9.099408e+00 4.000000e+00
    endloop
  endfacet
  facet normal 3.826834e-01 9.238795e-01 -0.000000e+00
    outer loop
      vertex   -2.587529e+01 9.099408e+00 4.000000e+00
      vertex   -2.622500e+01 9.244263e+00 1.200000e+01
      vertex   -2.587529e+01 9.099408e+00 1.200000e+01
    endloop
  endfacet
  facet normal 1.305262e-01 9.914449e-01 -0.000000e+00
    outer loop
      vertex   -2.587529e+01 9.099408e+00 4.000000e+00
      vertex   -2.587529e+01 9.099408e+00 1.200000e+01
      vertex   -2.550000e+01 9.050000e+00 4.000000e+00
    endloop
  endfacet
  facet normal 1.305262e-01 9.914449e-01 -0.000000e+00
    outer loop
      vertex   -2.550000e+01 9.050000e+00 4.000000e+00
      vertex   -2.587529e+01 9.099408e+00 1.200000e+01
      vertex   -2.550000e+01 9.050000e+00 1.200000e+01
    endloop
  endfacet
  facet normal -1.305262e-01 9.914449e-01 0.000000e+00
    outer loop
      vertex   -2.550000e+01 9.050000e+00 4.000000e+00
      vertex   -2.550000e+01 9.050000e+00 1.200000e+01
      vertex   -2.512471e+01 9.099408e+00 4.000000e+00
    endloop
  endfacet
  facet normal -1.305262e-01 9.914449e-01 0.000000e+00
    outer loop
      vertex   -2.512471e+01 9.099408e+00 4.000000e+00
      vertex   -2.550000e+01 9.050000e+00 1.200000e+01
      vertex   -2.512471e+01 9.099408e+00 1.200000e+01
    endloop
  endfacet
  facet normal -3.826834e-01 9.238795e-01 0.000000e+00
    outer loop
      vertex   -2.512471e+01 9.099408e+00 4.000000e+00
      vertex   -2.512471e+01 9.099408e+00 1.200000e+01
      vertex   -2.477500e+01 9.244263e+00 4.000000e+00
    endloop
  endfacet
  facet normal -3.826834e-01 9.238795e-01 1.347487e-16
    outer loop
      vertex   -2.477500e+01 9.244263e+00 4.000000e+00
      vertex   -2.512471e+01 9.099408e+00 1.200000e+01
      vertex   -2.477500e+01 9.244263e+00 1.200000e+01
    endloop
  endfacet
  facet normal -6.087614e-01 7.933533e-01 3.645289e-16
    outer loop
      vertex   -2.477500e+01 9.244263e+00 4.000000e+00
      vertex   -2.477500e+01 9.244263e+00 1.200000e+01
      vertex   -2.447470e+01 9.474695e+00 4.000000e+00
    endloop
  endfacet
  facet normal -6.087614e-01 7.933533e-01 0.000000e+00
    outer loop
      vertex   -2.447470e+01 9.474695e+00 4.000000e+00
      vertex   -2.477500e+01 9.244263e+00 1.200000e+01
      vertex   -2.447470e+01 9.474695e+00 1.200000e+01
    endloop
  endfacet
  facet normal -7.933533e-01 6.087614e-01 0.000000e+00
    outer loop
      vertex   -2.447470e+01 9.474695e+00 4.000000e+00
      vertex   -2.447470e+01 9.474695e+00 1.200000e+01
      vertex   -2.424426e+01 9.775000e+00 4.000000e+00
    endloop
  endfacet
  facet normal -7.933533e-01 6.087614e-01 0.000000e+00
    outer loop
      vertex   -2.424426e+01 9.775000e+00 4.000000e+00
      vertex   -2.447470e+01 9.474695e+00 1.200000e+01
      vertex   -2.424426e+01 9.775000e+00 1.200000e+01
    endloop
  endfacet
  facet normal -9.238795e-01 3.826834e-01 0.000000e+00
    outer loop
      vertex   -2.424426e+01 9.775000e+00 4.000000e+00
      vertex   -2.424426e+01 9.775000e+00 1.200000e+01
      vertex   -2.409941e+01 1.012471e+01 4.000000e+00
    endloop
  endfacet
  facet normal -9.238795e-01 3.826834e-01 2.403393e-16
    outer loop
      vertex   -2.409941e+01 1.012471e+01 4.000000e+00
      vertex   -2.424426e+01 9.775000e+00 1.200000e+01
      vertex   -2.409941e+01 1.012471e+01 1.200000e+01
    endloop
  endfacet
  facet normal -9.914449e-01 1.305262e-01 3.823247e-16
    outer loop
      vertex   -2.409941e+01 1.012471e+01 4.000000e+00
      vertex   -2.409941e+01 1.012471e+01 1.200000e+01
      vertex   -2.405000e+01 1.050000e+01 4.000000e+00
    endloop
  endfacet
  facet normal -9.914449e-01 1.305262e-01 0.000000e+00
    outer loop
      vertex   -2.405000e+01 1.050000e+01 4.000000e+00
      vertex   -2.409941e+01 1.012471e+01 1.200000e+01
      vertex   -2.405000e+01 1.050000e+01 1.200000e+01
    endloop
  endfacet
  facet normal -9.914449e-01 -1.305262e-01 0.000000e+00
    outer loop
      vertex   -2.405000e+01 1.050000e+01 4.000000e+00
      vertex   -2.405000e+01 1.050000e+01 1.200000e+01
      vertex   -2.409941e+01 1.087529e+01 4.000000e+00
    endloop
  endfacet
  facet normal -9.914449e-01 -1.305262e-01 -4.113073e-16
    outer loop
      vertex   -2.409941e+01 1.087529e+01 4.000000e+00
      vertex   -2.405000e+01 1.050000e+01 1.200000e+01
      vertex   -2.409941e+01 1.087529e+01 1.200000e+01
    endloop
  endfacet
  facet normal -9.238795e-01 -3.826834e-01 -3.253121e-16
    outer loop
      vertex   -2.409941e+01 1.087529e+01 4.000000e+00
      vertex   -2.409941e+01 1.087529e+01 1.200000e+01
      vertex   -2.424426e+01 1.122500e+01 4.000000e+00
    endloop
  endfacet
  facet normal -9.238795e-01 -3.826834e-01 0.000000e+00
    outer loop
      vertex   -2.424426e+01 1.122500e+01 4.000000e+00
      vertex   -2.409941e+01 1.087529e+01 1.200000e+01
      vertex   -2.424426e+01 1.122500e+01 1.200000e+01
    endloop
  endfacet
  facet normal -7.933533e-01 -6.087614e-01 0.000000e+00
    outer loop
      vertex   -2.424426e+01 1.122500e+01 4.000000e+00
      vertex   -2.424426e+01 1.122500e+01 1.200000e+01
      vertex   -2.447470e+01 1.152530e+01 4.000000e+00
    endloop
  endfacet
  facet normal -7.933533e-01 -6.087614e-01 1.351722e-16
    outer loop
      vertex   -2.447470e+01 1.152530e+01 4.000000e+00
      vertex   -2.424426e+01 1.122500e+01 1.200000e+01
      vertex   -2.447470e+01 1.152530e+01 1.200000e+01
    endloop
  endfacet
  facet normal -6.087614e-01 -7.933533e-01 1.761598e-16
    outer loop
      vertex   -2.447470e+01 1.152530e+01 4.000000e+00
      vertex   -2.447470e+01 1.152530e+01 1.200000e+01
      vertex   -2.477500e+01 1.175574e+01 4.000000e+00
    endloop
  endfacet
  facet normal -6.087614e-01 -7.933533e-01 -5.406888e-16
    outer loop
      vertex   -2.477500e+01 1.175574e+01 4.000000e+00
      vertex   -2.447470e+01 1.152530e+01 1.200000e+01
      vertex   -2.477500e+01 1.175574e+01 1.200000e+01
    endloop
  endfacet
  facet normal -3.826834e-01 -9.238795e-01 -3.398912e-16
    outer loop
      vertex   -2.477500e+01 1.175574e+01 4.000000e+00
      vertex   -2.477500e+01 1.175574e+01 1.200000e+01
      vertex   -2.512471e+01 1.190059e+01 4.000000e+00
    endloop
  endfacet
  facet normal -3.826834e-01 -9.238795e-01 0.000000e+00
    outer loop
      vertex   -2.512471e+01 1.190059e+01 4.000000e+00
      vertex   -2.477500e+01 1.175574e+01 1.200000e+01
      vertex   -2.512471e+01 1.190059e+01 1.200000e+01
    endloop
  endfacet
  facet normal -1.305262e-01 -9.914449e-01 0.000000e+00
    outer loop
      vertex   -2.512471e+01 1.190059e+01 4.000000e+00
      vertex   -2.512471e+01 1.190059e+01 1.200000e+01
      vertex   -2.550000e+01 1.195000e+01 4.000000e+00
    endloop
  endfacet
  facet normal -1.305262e-01 -9.914449e-01 0.000000e+00
    outer loop
      vertex   -2.550000e+01 1.195000e+01 4.000000e+00
      vertex   -2.512471e+01 1.190059e+01 1.200000e+01
      vertex   -2.550000e+01 1.195000e+01 1.200000e+01
    endloop
  endfacet
  facet normal 1.305262e-01 -9.914449e-01 0.000000e+00
    outer loop
      vertex   -2.550000e+01 1.195000e+01 4.000000e+00
      vertex   -2.550000e+01 1.195000e+01 1.200000e+01
      vertex   -2.587529e+01 1.190059e+01 4.000000e+00
    endloop
  endfacet
  facet normal 1.305262e-01 -9.914449e-01 0.000000e+00
    outer loop
      vertex   -2.587529e+01 1.190059e+01 4.000000e+00
      vertex   -2.550000e+01 1.195000e+01 1.200000e+01
      vertex   -2.587529e+01 1.190059e+01 1.200000e+01
    endloop
  endfacet
  facet normal 3.826834e-01 -9.238795e-01 0.000000e+00
    outer loop
      vertex   -2.587529e+01 1.190059e+01 4.000000e+00
      vertex   -2.587529e+01 1.190059e+01 1.200000e+01
      vertex   -2.622500e+01 1.175574e+01 4.000000e+00
    endloop
  endfacet
  facet normal 3.826834e-01 -9.238795e-01 -3.519688e-17
    outer loop
      vertex   -2.622500e+01 1.175574e+01 4.000000e+00
      vertex   -2.587529e+01 1.190059e+01 1.200000e+01
      vertex   -2.622500e+01 1.175574e+01 1.200000e+01
    endloop
  endfacet
  facet normal 6.087614e-01 -7.933533e-01 9.418455e-17
    outer loop
      vertex   -2.622500e+01 1.175574e+01 4.000000e+00
      vertex   -2.622500e+01 1.175574e+01 1.200000e+01
      vertex   -2.652530e+01 1.152530e+01 4.000000e+00
    endloop
  endfacet
  facet normal 6.087614e-01 -7.933533e-01 0.000000e+00
    outer loop
      vertex   -2.652530e+01 1.152530e+01 4.000000e+00
      vertex   -2.622500e+01 1.175574e+01 1.200000e+01
      vertex   -2.652530e+01 1.152530e+01 1.200000e+01
    endloop
  endfacet
  facet normal 7.933533e-01 -6.087614e-01 0.000000e+00
    outer loop
      vertex   -2.652530e+01 1.152530e+01 4.000000e+00
      vertex   -2.652530e+01 1.152530e+01 1.200000e+01
      vertex   -2.675574e+01 1.122500e+01 4.000000e+00
    endloop
  endfacet
  facet normal 7.933533e-01 -6.087614e-01 0.000000e+00
    outer loop
      vertex   -2.675574e+01 1.122500e+01 4.000000e+00
      vertex   -2.652530e+01 1.152530e+01 1.200000e+01
      vertex   -2.675574e+01 1.122500e+01 1.200000e+01
    endloop
  endfacet
  facet normal 9.238795e-01 -3.826834e-01 0.000000e+00
    outer loop
      vertex   -2.675574e+01 1.122500e+01 4.000000e+00
      vertex   -2.675574e+01 1.122500e+01 1.200000e+01
      vertex   -2.690059e+01 1.087529e+01 4.000000e+00
    endloop
  endfacet
  facet normal 9.238795e-01 -3.826834e-01 0.000000e+00
    outer loop
      vertex   -2.690059e+01 1.087529e+01 4.000000e+00
      vertex   -2.675574e+01 1.122500e+01 1.200000e+01
      vertex   -2.690059e+01 1.087529e+01 1.200000e+01
    endloop
  endfacet
  facet normal -9.914449e-01 1.305262e-01 -4.020575e-15
    outer loop
      vertex   2.690059e+01 1.012471e+01 4.000000e+00
      vertex   2.690059e+01 1.012471e+01 1.200000e+01
      vertex   2.695000e+01 1.050000e+01 4.000000e+00
    endloop
  endfacet
  facet normal -9.914449e-01 1.305262e-01 -4.402900e-15
    outer loop
      vertex   2.695000e+01 1.050000e+01 4.000000e+00
      vertex   2.690059e+01 1.012471e+01 1.200000e+01
      vertex   2.695000e+01 1.050000e+01 1.200000e+01
    endloop
  endfacet
  facet normal -9.914449e-01 -1.305262e-01 -4.402900e-15
    outer loop
      vertex   2.695000e+01 1.050000e+01 4.000000e+00
      vertex   2.695000e+01 1.050000e+01 1.200000e+01
      vertex   2.690059e+01 1.087529e+01 4.000000e+00
    endloop
  endfacet
  facet normal -9.914449e-01 -1.305262e-01 -4.402900e-15
    outer loop
      vertex   2.690059e+01 1.087529e+01 4.000000e+00
      vertex   2.695000e+01 1.050000e+01 1.200000e+01
      vertex   2.690059e+01 1.087529e+01 1.200000e+01
    endloop
  endfacet
  facet normal -9.238795e-01 -3.826834e-01 -4.102849e-15
    outer loop
      vertex   2.690059e+01 1.087529e+01 4.000000e+00
      vertex   2.690059e+01 1.087529e+01 1.200000e+01
      vertex   2.675574e+01 1.122500e+01 4.000000e+00
    endloop
  endfacet
  facet normal -9.238795e-01 -3.826834e-01 -4.102849e-15
    outer loop
      vertex   2.675574e+01 1.122500e+01 4.000000e+00
      vertex   2.690059e+01 1.087529e+01 1.200000e+01
      vertex   2.675574e+01 1.122500e+01 1.200000e+01
    endloop
  endfacet
  facet normal -7.933533e-01 -6.087614e-01 -3.523197e-15
    outer loop
      vertex   2.675574e+01 1.122500e+01 4.000000e+00
      vertex   2.675574e+01 1.122500e+01 1.200000e+01
      vertex   2.652530e+01 1.152530e+01 4.000000e+00
    endloop
  endfacet
  facet normal -7.933533e-01 -6.087614e-01 -3.523197e-15
    outer loop
      vertex   2.652530e+01 1.152530e+01 4.000000e+00
      vertex   2.675574e+01 1.122500e+01 1.200000e+01
      vertex   2.652530e+01 1.152530e+01 1.200000e+01
    endloop
  endfacet
  facet normal -6.087614e-01 -7.933533e-01 -2.703444e-15
    outer loop
      vertex   2.652530e+01 1.152530e+01 4.000000e+00
      vertex   2.652530e+01 1.152530e+01 1.200000e+01
      vertex   2.622500e+01 1.175574e+01 4.000000e+00
    endloop
  endfacet
  facet normal -6.087614e-01 -7.933533e-01 -2.973788e-15
    outer loop
      vertex   2.622500e+01 1.175574e+01 4.000000e+00
      vertex   2.652530e+01 1.152530e+01 1.200000e+01
      vertex   2.622500e+01 1.175574e+01 1.200000e+01
    endloop
  endfacet
  facet normal -3.826834e-01 -9.238795e-01 -1.869401e-15
    outer loop
      vertex   2.622500e+01 1.175574e+01 4.000000e+00
      vertex   2.622500e+01 1.175574e+01 1.200000e+01
      vertex   2.587529e+01 1.190059e+01 4.000000e+00
    endloop
  endfacet
  facet normal -3.826834e-01 -9.238795e-01 -1.699456e-15
    outer loop
      vertex   2.587529e+01 1.190059e+01 4.000000e+00
      vertex   2.622500e+01 1.175574e+01 1.200000e+01
      vertex   2.587529e+01 1.190059e+01 1.200000e+01
    endloop
  endfacet
  facet normal -1.305262e-01 -9.914449e-01 -5.796527e-16
    outer loop
      vertex   2.587529e+01 1.190059e+01 4.000000e+00
      vertex   2.587529e+01 1.190059e+01 1.200000e+01
      vertex   2.550000e+01 1.195000e+01 4.000000e+00
    endloop
  endfacet
  facet normal -1.305262e-01 -9.914449e-01 -5.796527e-16
    outer loop
      vertex   2.550000e+01 1.195000e+01 4.000000e+00
      vertex   2.587529e+01 1.190059e+01 1.200000e+01
      vertex   2.550000e+01 1.195000e+01 1.200000e+01
    endloop
  endfacet
  facet normal 1.305262e-01 -9.914449e-01 5.796527e-16
    outer loop
      vertex   2.550000e+01 1.195000e+01 4.000000e+00
      vertex   2.550000e+01 1.195000e+01 1.200000e+01
      vertex   2.512471e+01 1.190059e+01 4.000000e+00
    endloop
  endfacet
  facet normal 1.305262e-01 -9.914449e-01 5.796527e-16
    outer loop
      vertex   2.512471e+01 1.190059e+01 4.000000e+00
      vertex   2.550000e+01 1.195000e+01 1.200000e+01
      vertex   2.512471e+01 1.190059e+01 1.200000e+01
    endloop
  endfacet
  facet normal 3.826834e-01 -9.238795e-01 1.699456e-15
    outer loop
      vertex   2.512471e+01 1.190059e+01 4.000000e+00
      vertex   2.512471e+01 1.190059e+01 1.200000e+01
      vertex   2.477500e+01 1.175574e+01 4.000000e+00
    endloop
  endfacet
  facet normal 3.826834e-01 -9.238795e-01 2.039347e-15
    outer loop
      vertex   2.477500e+01 1.175574e+01 4.000000e+00
      vertex   2.512471e+01 1.190059e+01 1.200000e+01
      vertex   2.477500e+01 1.175574e+01 1.200000e+01
    endloop
  endfacet
  facet normal 6.087614e-01 -7.933533e-01 3.244133e-15
    outer loop
      vertex   2.477500e+01 1.175574e+01 4.000000e+00
      vertex   2.477500e+01 1.175574e+01 1.200000e+01
      vertex   2.447470e+01 1.152530e+01 4.000000e+00
    endloop
  endfacet
  facet normal 6.087614e-01 -7.933533e-01 2.703444e-15
    outer loop
      vertex   2.447470e+01 1.152530e+01 4.000000e+00
      vertex   2.477500e+01 1.175574e+01 1.200000e+01
      vertex   2.447470e+01 1.152530e+01 1.200000e+01
    endloop
  endfacet
  facet normal 7.933533e-01 -6.087614e-01 3.523197e-15
    outer loop
      vertex   2.447470e+01 1.152530e+01 4.000000e+00
      vertex   2.447470e+01 1.152530e+01 1.200000e+01
      vertex   2.424426e+01 1.122500e+01 4.000000e+00
    endloop
  endfacet
  facet normal 7.933533e-01 -6.087614e-01 3.523197e-15
    outer loop
      vertex   2.424426e+01 1.122500e+01 4.000000e+00
      vertex   2.447470e+01 1.152530e+01 1.200000e+01
      vertex   2.424426e+01 1.122500e+01 1.200000e+01
    endloop
  endfacet
  facet normal 9.238795e-01 -3.826834e-01 4.102849e-15
    outer loop
      vertex   2.424426e+01 1.122500e+01 4.000000e+00
      vertex   2.424426e+01 1.122500e+01 1.200000e+01
      vertex   2.409941e+01 1.087529e+01 4.000000e+00
    endloop
  endfacet
  facet normal 9.238795e-01 -3.826834e-01 4.102849e-15
    outer loop
      vertex   2.409941e+01 1.087529e+01 4.000000e+00
      vertex   2.424426e+01 1.122500e+01 1.200000e+01
      vertex   2.409941e+01 1.087529e+01 1.200000e+01
    endloop
  endfacet
  facet normal 9.914449e-01 -1.305262e-01 4.402900e-15
    outer loop
      vertex   2.409941e+01 1.087529e+01 4.000000e+00
      vertex   2.409941e+01 1.087529e+01 1.200000e+01
      vertex   2.405000e+01 1.050000e+01 4.000000e+00
    endloop
  endfacet
  facet normal 9.914449e-01 -1.305262e-01 4.402900e-15
    outer loop
      vertex   2.405000e+01 1.050000e+01 4.000000e+00
      vertex   2.409941e+01 1.087529e+01 1.200000e+01
      vertex   2.405000e+01 1.050000e+01 1.200000e+01
    endloop
  endfacet
  facet normal 9.914449e-01 1.305262e-01 4.402900e-15
    outer loop
      vertex   2.405000e+01 1.050000e+01 4.000000e+00
      vertex   2.405000e+01 1.050000e+01 1.200000e+01
      vertex   2.409941e+01 1.012471e+01 4.000000e+00
    endloop
  endfacet
  facet normal 9.914449e-01 1.305262e-01 4.020575e-15
    outer loop
      vertex   2.409941e+01 1.012471e+01 4.000000e+00
      vertex   2.405000e+01 1.050000e+01 1.200000e+01
      vertex   2.409941e+01 1.012471e+01 1.200000e+01
    endloop
  endfacet
  facet normal 9.238795e-01 3.826834e-01 3.862510e-15
    outer loop
      vertex   2.409941e+01 1.012471e+01 4.000000e+00
      vertex   2.409941e+01 1.012471e+01 1.200000e+01
      vertex   2.424426e+01 9.775000e+00 4.000000e+00
    endloop
  endfacet
  facet normal 9.238795e-01 3.826834e-01 4.102849e-15
    outer loop
      vertex   2.424426e+01 9.775000e+00 4.000000e+00
      vertex   2.409941e+01 1.012471e+01 1.200000e+01
      vertex   2.424426e+01 9.775000e+00 1.200000e+01
    endloop
  endfacet
  facet normal 7.933533e-01 6.087614e-01 3.523197e-15
    outer loop
      vertex   2.424426e+01 9.775000e+00 4.000000e+00
      vertex   2.424426e+01 9.775000e+00 1.200000e+01
      vertex   2.447470e+01 9.474695e+00 4.000000e+00
    endloop
  endfacet
  facet normal 7.933533e-01 6.087614e-01 3.523197e-15
    outer loop
      vertex   2.447470e+01 9.474695e+00 4.000000e+00
      vertex   2.424426e+01 9.775000e+00 1.200000e+01
      vertex   2.447470e+01 9.474695e+00 1.200000e+01
    endloop
  endfacet
  facet normal 6.087614e-01 7.933533e-01 2.703444e-15
    outer loop
      vertex   2.447470e+01 9.474695e+00 4.000000e+00
      vertex   2.447470e+01 9.474695e+00 1.200000e+01
      vertex   2.477500e+01 9.244263e+00 4.000000e+00
    endloop
  endfacet
  facet normal 6.087614e-01 7.933533e-01 2.338915e-15
    outer loop
      vertex   2.477500e+01 9.244263e+00 4.000000e+00
      vertex   2.447470e+01 9.474695e+00 1.200000e+01
      vertex   2.477500e+01 9.244263e+00 1.200000e+01
    endloop
  endfacet
  facet normal 3.826834e-01 9.238795e-01 1.564707e-15
    outer loop
      vertex   2.477500e+01 9.244263e+00 4.000000e+00
      vertex   2.477500e+01 9.244263e+00 1.200000e+01
      vertex   2.512471e+01 9.099408e+00 4.000000e+00
    endloop
  endfacet
  facet normal 3.826834e-01 9.238795e-01 1.699456e-15
    outer loop
      vertex   2.512471e+01 9.099408e+00 4.000000e+00
      vertex   2.477500e+01 9.244263e+00 1.200000e+01
      vertex   2.512471e+01 9.099408e+00 1.200000e+01
    endloop
  endfacet
  facet normal 1.305262e-01 9.914449e-01 5.796527e-16
    outer loop
      vertex   2.512471e+01 9.099408e+00 4.000000e+00
      vertex   2.512471e+01 9.099408e+00 1.200000e+01
      vertex   2.550000e+01 9.050000e+00 4.000000e+00
    endloop
  endfacet
  facet normal 1.305262e-01 9.914449e-01 5.796527e-16
    outer loop
      vertex   2.550000e+01 9.050000e+00 4.000000e+00
      vertex   2.512471e+01 9.099408e+00 1.200000e+01
      vertex   2.550000e+01 9.050000e+00 1.200000e+01
    endloop
  endfacet
  facet normal -1.305262e-01 9.914449e-01 -5.796527e-16
    outer loop
      vertex   2.550000e+01 9.050000e+00 4.000000e+00
      vertex   2.550000e+01 9.050000e+00 1.200000e+01
      vertex   2.587529e+01 9.099408e+00 4.000000e+00
    endloop
  endfacet
  facet normal -1.305262e-01 9.914449e-01 -5.796527e-16
    outer loop
      vertex   2.587529e+01 9.099408e+00 4.000000e+00
      vertex   2.550000e+01 9.050000e+00 1.200000e+01
      vertex   2.587529e+01 9.099408e+00 1.200000e+01
    endloop
  endfacet
  facet normal -3.826834e-01 9.238795e-01 -1.699456e-15
    outer loop
      vertex   2.587529e+01 9.099408e+00 4.000000e+00
      vertex   2.587529e+01 9.099408e+00 1.200000e+01
      vertex   2.622500e+01 9.244263e+00 4.000000e+00
    endloop
  endfacet
  facet normal -3.826834e-01 9.238795e-01 -1.734653e-15
    outer loop
      vertex   2.622500e+01 9.244263e+00 4.000000e+00
      vertex   2.587529e+01 9.099408e+00 1.200000e+01
      vertex   2.622500e+01 9.244263e+00 1.200000e+01
    endloop
  endfacet
  facet normal -6.087614e-01 7.933533e-01 -2.609259e-15
    outer loop
      vertex   2.622500e+01 9.244263e+00 4.000000e+00
      vertex   2.622500e+01 9.244263e+00 1.200000e+01
      vertex   2.652530e+01 9.474695e+00 4.000000e+00
    endloop
  endfacet
  facet normal -6.087614e-01 7.933533e-01 -2.703444e-15
    outer loop
      vertex   2.652530e+01 9.474695e+00 4.000000e+00
      vertex   2.622500e+01 9.244263e+00 1.200000e+01
      vertex   2.652530e+01 9.474695e+00 1.200000e+01
    endloop
  endfacet
  facet normal -7.933533e-01 6.087614e-01 -3.523197e-15
    outer loop
      vertex   2.652530e+01 9.474695e+00 4.000000e+00
      vertex   2.652530e+01 9.474695e+00 1.200000e+01
      vertex   2.675574e+01 9.775000e+00 4.000000e+00
    endloop
  endfacet
  facet normal -7.933533e-01 6.087614e-01 -3.523197e-15
    outer loop
      vertex   2.675574e+01 9.775000e+00 4.000000e+00
      vertex   2.652530e+01 9.474695e+00 1.200000e+01
      vertex   2.675574e+01 9.775000e+00 1.200000e+01
    endloop
  endfacet
  facet normal -9.238795e-01 3.826834e-01 -4.102849e-15
    outer loop
      vertex   2.675574e+01 9.775000e+00 4.000000e+00
      vertex   2.675574e+01 9.775000e+00 1.200000e+01
      vertex   2.690059e+01 1.012471e+01 4.000000e+00
    endloop
  endfacet
  facet normal -9.238795e-01 3.826834e-01 -3.862510e-15
    outer loop
      vertex   2.690059e+01 1.012471e+01 4.000000e+00
      vertex   2.675574e+01 9.775000e+00 1.200000e+01
      vertex   2.690059e+01 1.012471e+01 1.200000e+01
    endloop
  endfacet
  facet normal 9.914449e-01 -1.305262e-01 -2.318611e-17
    outer loop
      vertex   3.695452e+01 2.914110e+00 9.500000e+00
      vertex   3.695452e+01 2.914110e+00 1.200000e+01
      vertex   3.690000e+01 2.500000e+00 9.500000e+00
    endloop
  endfacet
  facet normal 9.914449e-01 -1.305262e-01 -2.318611e-17
    outer loop
      vertex   3.690000e+01 2.500000e+00 9.500000e+00
      vertex   3.695452e+01 2.914110e+00 1.200000e+01
      vertex   3.690000e+01 2.500000e+00 1.200000e+01
    endloop
  endfacet
  facet normal 9.914449e-01 1.305262e-01 2.318611e-17
    outer loop
      vertex   3.690000e+01 2.500000e+00 9.500000e+00
      vertex   3.690000e+01 2.500000e+00 1.200000e+01
      vertex   3.695452e+01 2.085890e+00 9.500000e+00
    endloop
  endfacet
  facet normal 9.914449e-01 1.305262e-01 4.637222e-17
    outer loop
      vertex   3.695452e+01 2.085890e+00 9.500000e+00
      vertex   3.690000e+01 2.500000e+00 1.200000e+01
      vertex   3.695452e+01 2.085890e+00 1.200000e+01
    endloop
  endfacet
  facet normal 9.238795e-01 3.826834e-01 1.359565e-16
    outer loop
      vertex   3.695452e+01 2.085890e+00 9.500000e+00
      vertex   3.695452e+01 2.085890e+00 1.200000e+01
      vertex   3.711436e+01 1.700000e+00 9.500000e+00
    endloop
  endfacet
  facet normal 9.238795e-01 3.826834e-01 1.019673e-16
    outer loop
      vertex   3.711436e+01 1.700000e+00 9.500000e+00
      vertex   3.695452e+01 2.085890e+00 1.200000e+01
      vertex   3.711436e+01 1.700000e+00 1.200000e+01
    endloop
  endfacet
  facet normal 7.933533e-01 6.087614e-01 1.622066e-16
    outer loop
      vertex   3.711436e+01 1.700000e+00 9.500000e+00
      vertex   3.711436e+01 1.700000e+00 1.200000e+01
      vertex   3.736863e+01 1.368629e+00 9.500000e+00
    endloop
  endfacet
  facet normal 7.933533e-01 6.087614e-01 -0.000000e+00
    outer loop
      vertex   3.736863e+01 1.368629e+00 9.500000e+00
      vertex   3.711436e+01 1.700000e+00 1.200000e+01
      vertex   3.736863e+01 1.368629e+00 1.200000e+01
    endloop
  endfacet
  facet normal 6.087614e-01 7.933533e-01 -0.000000e+00
    outer loop
      vertex   3.736863e+01 1.368629e+00 9.500000e+00
      vertex   3.736863e+01 1.368629e+00 1.200000e+01
      vertex   3.770000e+01 1.114359e+00 9.500000e+00
    endloop
  endfacet
  facet normal 6.087614e-01 7.933533e-01 2.818557e-16
    outer loop
      vertex   3.770000e+01 1.114359e+00 9.500000e+00
      vertex   3.736863e+01 1.368629e+00 1.200000e+01
      vertex   3.770000e+01 1.114359e+00 1.200000e+01
    endloop
  endfacet
  facet normal 3.826834e-01 9.238795e-01 3.282279e-16
    outer loop
      vertex   3.770000e+01 1.114359e+00 9.500000e+00
      vertex   3.770000e+01 1.114359e+00 1.200000e+01
      vertex   3.808589e+01 9.545187e-01 9.500000e+00
    endloop
  endfacet
  facet normal 3.826834e-01 9.238795e-01 -0.000000e+00
    outer loop
      vertex   3.808589e+01 9.545187e-01 9.500000e+00
      vertex   3.770000e+01 1.114359e+00 1.200000e+01
      vertex   3.808589e+01 9.545187e-01 1.200000e+01
    endloop
  endfacet
  facet normal 1.305262e-01 9.914449e-01 -0.000000e+00
    outer loop
      vertex   3.808589e+01 9.545187e-01 9.500000e+00
      vertex   3.808589e+01 9.545187e-01 1.200000e+01
      vertex   3.850000e+01 9.000000e-01 9.500000e+00
    endloop
  endfacet
  facet normal 1.305262e-01 9.914449e-01 -0.000000e+00
    outer loop
      vertex   3.850000e+01 9.000000e-01 9.500000e+00
      vertex   3.808589e+01 9.545187e-01 1.200000e+01
      vertex   3.850000e+01 9.000000e-01 1.200000e+01
    endloop
  endfacet
  facet normal -1.305262e-01 9.914449e-01 0.000000e+00
    outer loop
      vertex   3.850000e+01 9.000000e-01 9.500000e+00
      vertex   3.850000e+01 9.000000e-01 1.200000e+01
      vertex   3.891411e+01 9.545187e-01 9.500000e+00
    endloop
  endfacet
  facet normal -1.305262e-01 9.914449e-01 -2.201450e-16
    outer loop
      vertex   3.891411e+01 9.545187e-01 9.500000e+00
      vertex   3.850000e+01 9.000000e-01 1.200000e+01
      vertex   3.891411e+01 9.545187e-01 1.200000e+01
    endloop
  endfacet
  facet normal -3.826834e-01 9.238795e-01 -2.051425e-16
    outer loop
      vertex   3.891411e+01 9.545187e-01 9.500000e+00
      vertex   3.891411e+01 9.545187e-01 1.200000e+01
      vertex   3.930000e+01 1.114359e+00 9.500000e+00
    endloop
  endfacet
  facet normal -3.826834e-01 9.238795e-01 -1.641140e-16
    outer loop
      vertex   3.930000e+01 1.114359e+00 9.500000e+00
      vertex   3.891411e+01 9.545187e-01 1.200000e+01
      vertex   3.930000e+01 1.114359e+00 1.200000e+01
    endloop
  endfacet
  facet normal -6.087614e-01 7.933533e-01 -1.409279e-16
    outer loop
      vertex   3.930000e+01 1.114359e+00 9.500000e+00
      vertex   3.930000e+01 1.114359e+00 1.200000e+01
      vertex   3.963137e+01 1.368629e+00 9.500000e+00
    endloop
  endfacet
  facet normal -6.087614e-01 7.933533e-01 -2.113918e-16
    outer loop
      vertex   3.963137e+01 1.368629e+00 9.500000e+00
      vertex   3.930000e+01 1.114359e+00 1.200000e+01
      vertex   3.963137e+01 1.368629e+00 1.200000e+01
    endloop
  endfacet
  facet normal -7.933533e-01 6.087614e-01 -1.622066e-16
    outer loop
      vertex   3.963137e+01 1.368629e+00 9.500000e+00
      vertex   3.963137e+01 1.368629e+00 1.200000e+01
      vertex   3.988564e+01 1.700000e+00 9.500000e+00
    endloop
  endfacet
  facet normal -7.933533e-01 6.087614e-01 -2.162755e-16
    outer loop
      vertex   3.988564e+01 1.700000e+00 9.500000e+00
      vertex   3.963137e+01 1.368629e+00 1.200000e+01
      vertex   3.988564e+01 1.700000e+00 1.200000e+01
    endloop
  endfacet
  facet normal -9.238795e-01 3.826834e-01 -1.359565e-16
    outer loop
      vertex   3.988564e+01 1.700000e+00 9.500000e+00
      vertex   3.988564e+01 1.700000e+00 1.200000e+01
      vertex   4.004548e+01 2.085890e+00 9.500000e+00
    endloop
  endfacet
  facet normal -9.238795e-01 3.826834e-01 -1.359565e-16
    outer loop
      vertex   4.004548e+01 2.085890e+00 9.500000e+00
      vertex   3.988564e+01 1.700000e+00 1.200000e+01
      vertex   4.004548e+01 2.085890e+00 1.200000e+01
    endloop
  endfacet
  facet normal -9.914449e-01 1.305262e-01 -4.637222e-17
    outer loop
      vertex   4.004548e+01 2.085890e+00 9.500000e+00
      vertex   4.004548e+01 2.085890e+00 1.200000e+01
      vertex   4.010000e+01 2.500000e+00 9.500000e+00
    endloop
  endfacet
  facet normal -9.914449e-01 1.305262e-01 0.000000e+00
    outer loop
      vertex   4.010000e+01 2.500000e+00 9.500000e+00
      vertex   4.004548e+01 2.085890e+00 1.200000e+01
      vertex   4.010000e+01 2.500000e+00 1.200000e+01
    endloop
  endfacet
  facet normal -9.914449e-01 -1.305262e-01 0.000000e+00
    outer loop
      vertex   4.010000e+01 2.500000e+00 9.500000e+00
      vertex   4.010000e+01 2.500000e+00 1.200000e+01
      vertex   4.004548e+01 2.914110e+00 9.500000e+00
    endloop
  endfacet
  facet normal -9.914449e-01 -1.305262e-01 2.318611e-17
    outer loop
      vertex   4.004548e+01 2.914110e+00 9.500000e+00
      vertex   4.010000e+01 2.500000e+00 1.200000e+01
      vertex   4.004548e+01 2.914110e+00 1.200000e+01
    endloop
  endfacet
  facet normal -9.238795e-01 -3.826834e-01 6.797823e-17
    outer loop
      vertex   4.004548e+01 2.914110e+00 9.500000e+00
      vertex   4.004548e+01 2.914110e+00 1.200000e+01
      vertex   3.988564e+01 3.300000e+00 9.500000e+00
    endloop
  endfacet
  facet normal -9.238795e-01 -3.826834e-01 6.797823e-17
    outer loop
      vertex   3.988564e+01 3.300000e+00 9.500000e+00
      vertex   4.004548e+01 2.914110e+00 1.200000e+01
      vertex   3.988564e+01 3.300000e+00 1.200000e+01
    endloop
  endfacet
  facet normal -7.933533e-01 -6.087614e-01 1.081378e-16
    outer loop
      vertex   3.988564e+01 3.300000e+00 9.500000e+00
      vertex   3.988564e+01 3.300000e+00 1.200000e+01
      vertex   3.963137e+01 3.631371e+00 9.500000e+00
    endloop
  endfacet
  facet normal -7.933533e-01 -6.087614e-01 1.081378e-16
    outer loop
      vertex   3.963137e+01 3.631371e+00 9.500000e+00
      vertex   3.988564e+01 3.300000e+00 1.200000e+01
      vertex   3.963137e+01 3.631371e+00 1.200000e+01
    endloop
  endfacet
  facet normal -6.087614e-01 -7.933533e-01 1.409279e-16
    outer loop
      vertex   3.963137e+01 3.631371e+00 9.500000e+00
      vertex   3.963137e+01 3.631371e+00 1.200000e+01
      vertex   3.930000e+01 3.885641e+00 9.500000e+00
    endloop
  endfacet
  facet normal -6.087614e-01 -7.933533e-01 0.000000e+00
    outer loop
      vertex   3.930000e+01 3.885641e+00 9.500000e+00
      vertex   3.963137e+01 3.631371e+00 1.200000e+01
      vertex   3.930000e+01 3.885641e+00 1.200000e+01
    endloop
  endfacet
  facet normal -3.826834e-01 -9.238795e-01 0.000000e+00
    outer loop
      vertex   3.930000e+01 3.885641e+00 9.500000e+00
      vertex   3.930000e+01 3.885641e+00 1.200000e+01
      vertex   3.891411e+01 4.045481e+00 9.500000e+00
    endloop
  endfacet
  facet normal -3.826834e-01 -9.238795e-01 3.282279e-16
    outer loop
      vertex   3.891411e+01 4.045481e+00 9.500000e+00
      vertex   3.930000e+01 3.885641e+00 1.200000e+01
      vertex   3.891411e+01 4.045481e+00 1.200000e+01
    endloop
  endfacet
  facet normal -1.305262e-01 -9.914449e-01 3.522320e-16
    outer loop
      vertex   3.891411e+01 4.045481e+00 9.500000e+00
      vertex   3.891411e+01 4.045481e+00 1.200000e+01
      vertex   3.850000e+01 4.100000e+00 9.500000e+00
    endloop
  endfacet
  facet normal -1.305262e-01 -9.914449e-01 0.000000e+00
    outer loop
      vertex   3.850000e+01 4.100000e+00 9.500000e+00
      vertex   3.891411e+01 4.045481e+00 1.200000e+01
      vertex   3.850000e+01 4.100000e+00 1.200000e+01
    endloop
  endfacet
  facet normal 1.305262e-01 -9.914449e-01 0.000000e+00
    outer loop
      vertex   3.850000e+01 4.100000e+00 9.500000e+00
      vertex   3.850000e+01 4.100000e+00 1.200000e+01
      vertex   3.808589e+01 4.045481e+00 9.500000e+00
    endloop
  endfacet
  facet normal 1.305262e-01 -9.914449e-01 0.000000e+00
    outer loop
      vertex   3.808589e+01 4.045481e+00 9.500000e+00
      vertex   3.850000e+01 4.100000e+00 1.200000e+01
      vertex   3.808589e+01 4.045481e+00 1.200000e+01
    endloop
  endfacet
  facet normal 3.826834e-01 -9.238795e-01 0.000000e+00
    outer loop
      vertex   3.808589e+01 4.045481e+00 9.500000e+00
      vertex   3.808589e+01 4.045481e+00 1.200000e+01
      vertex   3.770000e+01 3.885641e+00 9.500000e+00
    endloop
  endfacet
  facet normal 3.826834e-01 -9.238795e-01 -4.923419e-16
    outer loop
      vertex   3.770000e+01 3.885641e+00 9.500000e+00
      vertex   3.808589e+01 4.045481e+00 1.200000e+01
      vertex   3.770000e+01 3.885641e+00 1.200000e+01
    endloop
  endfacet
  facet normal 6.087614e-01 -7.933533e-01 -4.227836e-16
    outer loop
      vertex   3.770000e+01 3.885641e+00 9.500000e+00
      vertex   3.770000e+01 3.885641e+00 1.200000e+01
      vertex   3.736863e+01 3.631371e+00 9.500000e+00
    endloop
  endfacet
  facet normal 6.087614e-01 -7.933533e-01 0.000000e+00
    outer loop
      vertex   3.736863e+01 3.631371e+00 9.500000e+00
      vertex   3.770000e+01 3.885641e+00 1.200000e+01
      vertex   3.736863e+01 3.631371e+00 1.200000e+01
    endloop
  endfacet
  facet normal 7.933533e-01 -6.087614e-01 0.000000e+00
    outer loop
      vertex   3.736863e+01 3.631371e+00 9.500000e+00
      vertex   3.736863e+01 3.631371e+00 1.200000e+01
      vertex   3.711436e+01 3.300000e+00 9.500000e+00
    endloop
  endfacet
  facet normal 7.933533e-01 -6.087614e-01 -1.081378e-16
    outer loop
      vertex   3.711436e+01 3.300000e+00 9.500000e+00
      vertex   3.736863e+01 3.631371e+00 1.200000e+01
      vertex   3.711436e+01 3.300000e+00 1.200000e+01
    endloop
  endfacet
  facet normal 9.238795e-01 -3.826834e-01 -6.797823e-17
    outer loop
      vertex   3.711436e+01 3.300000e+00 9.500000e+00
      vertex   3.711436e+01 3.300000e+00 1.200000e+01
      vertex   3.695452e+01 2.914110e+00 9.500000e+00
    endloop
  endfacet
  facet normal 9.238795e-01 -3.826834e-01 -6.797823e-17
    outer loop
      vertex   3.695452e+01 2.914110e+00 9.500000e+00
      vertex   3.711436e+01 3.300000e+00 1.200000e+01
      vertex   3.695452e+01 2.914110e+00 1.200000e+01
    endloop
  endfacet
  facet normal 7.736353e-01 6.336221e-01 3.385986e-03
    outer loop
      vertex   1.623107e+01 -1.730713e+01 9.500000e+00
      vertex   1.634493e+01 -1.745950e+01 1.200000e+01
      vertex   1.700000e+01 -1.824597e+01 9.500000e+00
    endloop
  endfacet
  facet normal 7.621561e-01 6.473812e-01 -3.950293e-03
    outer loop
      vertex   1.700000e+01 -1.824597e+01 9.500000e+00
      vertex   1.634493e+01 -1.745950e+01 1.200000e+01
      vertex   1.715105e+01 -1.840854e+01 1.200000e+01
    endloop
  endfacet
  facet normal 7.021272e-01 7.120410e-01 3.881580e-03
    outer loop
      vertex   1.700000e+01 -1.824597e+01 9.500000e+00
      vertex   1.715105e+01 -1.840854e+01 1.200000e+01
      vertex   1.787397e+01 -1.910776e+01 9.500000e+00
    endloop
  endfacet
  facet normal 6.876934e-01 7.259891e-01 -4.193272e-03
    outer loop
      vertex   1.787397e+01 -1.910776e+01 9.500000e+00
      vertex   1.715105e+01 -1.840854e+01 1.200000e+01
      vertex   1.805506e+01 -1.926486e+01 1.200000e+01
    endloop
  endfacet
  facet normal 6.222393e-01 7.828162e-01 4.119040e-03
    outer loop
      vertex   1.787397e+01 -1.910776e+01 9.500000e+00
      vertex   1.805506e+01 -1.926486e+01 1.200000e+01
      vertex   1.883480e+01 -1.987151e+01 9.500000e+00
    endloop
  endfacet
  facet normal 6.051683e-01 7.960853e-01 -4.425210e-03
    outer loop
      vertex   1.883480e+01 -1.987151e+01 9.500000e+00
      vertex   1.805506e+01 -1.926486e+01 1.200000e+01
      vertex   1.904635e+01 -2.001842e+01 1.200000e+01
    endloop
  endfacet
  facet normal 5.352635e-01 8.446739e-01 4.345458e-03
    outer loop
      vertex   1.883480e+01 -1.987151e+01 9.500000e+00
      vertex   1.904635e+01 -2.001842e+01 1.200000e+01
      vertex   1.987156e+01 -2.052849e+01 9.500000e+00
    endloop
  endfacet
  facet normal 5.155483e-01 8.568479e-01 -4.646107e-03
    outer loop
      vertex   1.987156e+01 -2.052849e+01 9.500000e+00
      vertex   1.904635e+01 -2.001842e+01 1.200000e+01
      vertex   2.011330e+01 -2.066039e+01 1.200000e+01
    endloop
  endfacet
  facet normal 4.421905e-01 8.969096e-01 4.560834e-03
    outer loop
      vertex   1.987156e+01 -2.052849e+01 9.500000e+00
      vertex   2.011330e+01 -2.066039e+01 1.200000e+01
      vertex   2.097244e+01 -2.107124e+01 9.500000e+00
    endloop
  endfacet
  facet normal 4.198842e-01 9.075647e-01 -4.855961e-03
    outer loop
      vertex   2.097244e+01 -2.107124e+01 9.500000e+00
      vertex   2.011330e+01 -2.066039e+01 1.200000e+01
      vertex   2.124341e+01 -2.118323e+01 1.200000e+01
    endloop
  endfacet
  facet normal 3.440805e-01 9.389281e-01 4.765168e-03
    outer loop
      vertex   2.097244e+01 -2.107124e+01 9.500000e+00
      vertex   2.124341e+01 -2.118323e+01 1.200000e+01
      vertex   2.212489e+01 -2.149357e+01 9.500000e+00
    endloop
  endfacet
  facet normal 3.192975e-01 9.476411e-01 -5.054773e-03
    outer loop
      vertex   2.212489e+01 -2.149357e+01 9.500000e+00
      vertex   2.124341e+01 -2.118323e+01 1.200000e+01
      vertex   2.242342e+01 -2.158082e+01 1.200000e+01
    endloop
  endfacet
  facet normal 2.420512e-01 9.702508e-01 4.958459e-03
    outer loop
      vertex   2.212489e+01 -2.149357e+01 9.500000e+00
      vertex   2.242342e+01 -2.158082e+01 1.200000e+01
      vertex   2.331579e+01 -2.179067e+01 9.500000e+00
    endloop
  endfacet
  facet normal 2.149675e-01 9.766071e-01 -5.242542e-03
    outer loop
      vertex   2.331579e+01 -2.179067e+01 9.500000e+00
      vertex   2.242342e+01 -2.158082e+01 1.200000e+01
      vertex   2.363951e+01 -2.184851e+01 1.200000e+01
    endloop
  endfacet
  facet normal 1.372647e-01 9.905211e-01 5.140706e-03
    outer loop
      vertex   2.331579e+01 -2.179067e+01 9.500000e+00
      vertex   2.363951e+01 -2.184851e+01 1.200000e+01
      vertex   2.453157e+01 -2.195915e+01 9.500000e+00
    endloop
  endfacet
  facet normal 1.081174e-01 9.941234e-01 -5.419267e-03
    outer loop
      vertex   2.453157e+01 -2.195915e+01 9.500000e+00
      vertex   2.363951e+01 -2.184851e+01 1.200000e+01
      vertex   2.487740e+01 -2.198313e+01 1.200000e+01
    endloop
  endfacet
  facet normal 3.091483e-02 9.995079e-01 5.311910e-03
    outer loop
      vertex   2.453157e+01 -2.195915e+01 9.500000e+00
      vertex   2.487740e+01 -2.198313e+01 1.200000e+01
      vertex   2.575839e+01 -2.199710e+01 9.500000e+00
    endloop
  endfacet
  facet normal 0.000000e+00 9.999844e-01 -5.584949e-03
    outer loop
      vertex   2.575839e+01 -2.199710e+01 9.500000e+00
      vertex   2.487740e+01 -2.198313e+01 1.200000e+01
      vertex   2.612260e+01 -2.198313e+01 1.200000e+01
    endloop
  endfacet
  facet normal -7.578704e-02 9.971090e-01 5.472070e-03
    outer loop
      vertex   2.575839e+01 -2.199710e+01 9.500000e+00
      vertex   2.612260e+01 -2.198313e+01 1.200000e+01
      vertex   2.698226e+01 -2.190407e+01 9.500000e+00
    endloop
  endfacet
  facet normal -1.081172e-01 9.941216e-01 -5.739586e-03
    outer loop
      vertex   2.698226e+01 -2.190407e+01 9.500000e+00
      vertex   2.612260e+01 -2.198313e+01 1.200000e+01
      vertex   2.736049e+01 -2.184851e+01 1.200000e+01
    endloop
  endfacet
  facet normal -1.816254e-01 9.833517e-01 5.621186e-03
    outer loop
      vertex   2.698226e+01 -2.190407e+01 9.500000e+00
      vertex   2.736049e+01 -2.184851e+01 1.200000e+01
      vertex   2.818924e+01 -2.168114e+01 9.500000e+00
    endloop
  endfacet
  facet normal -2.149667e-01 9.766037e-01 -5.883179e-03
    outer loop
      vertex   2.818924e+01 -2.168114e+01 9.500000e+00
      vertex   2.736049e+01 -2.184851e+01 1.200000e+01
      vertex   2.857658e+01 -2.158082e+01 1.200000e+01
    endloop
  endfacet
  facet normal -2.853946e-01 9.583928e-01 5.759258e-03
    outer loop
      vertex   2.818924e+01 -2.168114e+01 9.500000e+00
      vertex   2.857658e+01 -2.158082e+01 1.200000e+01
      vertex   2.936559e+01 -2.133085e+01 9.500000e+00
    endloop
  endfacet
  facet normal -3.192958e-01 9.476360e-01 -6.015728e-03
    outer loop
      vertex   2.936559e+01 -2.133085e+01 9.500000e+00
      vertex   2.857658e+01 -2.158082e+01 1.200000e+01
      vertex   2.975659e+01 -2.118323e+01 1.200000e+01
    endloop
  endfacet
  facet normal -3.859127e-01 9.225165e-01 5.886284e-03
    outer loop
      vertex   2.936559e+01 -2.133085e+01 9.500000e+00
      vertex   2.975659e+01 -2.118323e+01 1.200000e+01
      vertex   3.049791e+01 -2.085717e+01 9.500000e+00
    endloop
  endfacet
  facet normal -4.198812e-01 9.075583e-01 -6.137232e-03
    outer loop
      vertex   3.049791e+01 -2.085717e+01 9.500000e+00
      vertex   2.975659e+01 -2.118323e+01 1.200000e+01
      vertex   3.088670e+01 -2.066039e+01 1.200000e+01
    endloop
  endfacet
  facet normal -4.820346e-01 8.761316e-01 6.002266e-03
    outer loop
      vertex   3.049791e+01 -2.085717e+01 9.500000e+00
      vertex   3.088670e+01 -2.066039e+01 1.200000e+01
      vertex   3.157329e+01 -2.026551e+01 9.500000e+00
    endloop
  endfacet
  facet normal -5.155438e-01 8.568405e-01 -6.247690e-03
    outer loop
      vertex   3.157329e+01 -2.026551e+01 9.500000e+00
      vertex   3.088670e+01 -2.066039e+01 1.200000e+01
      vertex   3.195365e+01 -2.001842e+01 1.200000e+01
    endloop
  endfacet
  facet normal -5.726653e-01 8.197665e-01 6.107202e-03
    outer loop
      vertex   3.157329e+01 -2.026551e+01 9.500000e+00
      vertex   3.195365e+01 -2.001842e+01 1.200000e+01
      vertex   3.257949e+01 -1.956261e+01 9.500000e+00
    endloop
  endfacet
  facet normal -6.051620e-01 7.960770e-01 -6.347104e-03
    outer loop
      vertex   3.257949e+01 -1.956261e+01 9.500000e+00
      vertex   3.195365e+01 -2.001842e+01 1.200000e+01
      vertex   3.294494e+01 -1.926486e+01 1.200000e+01
    endloop
  endfacet
  facet normal -6.567725e-01 7.540633e-01 6.201093e-03
    outer loop
      vertex   3.257949e+01 -1.956261e+01 9.500000e+00
      vertex   3.294494e+01 -1.926486e+01 1.200000e+01
      vertex   3.350504e+01 -1.875647e+01 9.500000e+00
    endloop
  endfacet
  facet normal -6.876852e-01 7.259805e-01 -6.435471e-03
    outer loop
      vertex   3.350504e+01 -1.875647e+01 9.500000e+00
      vertex   3.294494e+01 -1.926486e+01 1.200000e+01
      vertex   3.384895e+01 -1.840854e+01 1.200000e+01
    endloop
  endfacet
  facet normal -7.333981e-01 6.797703e-01 6.283938e-03
    outer loop
      vertex   3.350504e+01 -1.875647e+01 9.500000e+00
      vertex   3.384895e+01 -1.840854e+01 1.200000e+01
      vertex   3.433941e+01 -1.785628e+01 9.500000e+00
    endloop
  endfacet
  facet normal -7.621459e-01 6.473726e-01 -6.512794e-03
    outer loop
      vertex   3.433941e+01 -1.785628e+01 9.500000e+00
      vertex   3.384895e+01 -1.840854e+01 1.200000e+01
      vertex   3.465507e+01 -1.745950e+01 1.200000e+01
    endloop
  endfacet
  facet normal -8.016693e-01 5.977340e-01 6.355738e-03
    outer loop
      vertex   3.433941e+01 -1.785628e+01 9.500000e+00
      vertex   3.465507e+01 -1.745950e+01 1.200000e+01
      vertex   3.507308e+01 -1.687229e+01 9.500000e+00
    endloop
  endfacet
  facet normal -8.276711e-01 5.611749e-01 -6.579070e-03
    outer loop
      vertex   3.507308e+01 -1.687229e+01 9.500000e+00
      vertex   3.465507e+01 -1.745950e+01 1.200000e+01
      vertex   3.535386e+01 -1.642887e+01 1.200000e+01
    endloop
  endfacet
  facet normal -8.608084e-01 5.088887e-01 6.416492e-03
    outer loop
      vertex   3.507308e+01 -1.687229e+01 9.500000e+00
      vertex   3.535386e+01 -1.642887e+01 1.200000e+01
      vertex   3.569771e+01 -1.581571e+01 9.500000e+00
    endloop
  endfacet
  facet normal -8.834926e-01 4.683981e-01 -6.634300e-03
    outer loop
      vertex   3.569771e+01 -1.581571e+01 9.500000e+00
      vertex   3.535386e+01 -1.642887e+01 1.200000e+01
      vertex   3.593712e+01 -1.532872e+01 1.200000e+01
    endloop
  endfacet
  facet normal -9.101417e-01 4.142466e-01 6.466199e-03
    outer loop
      vertex   3.569771e+01 -1.581571e+01 9.500000e+00
      vertex   3.593712e+01 -1.532872e+01 1.200000e+01
      vertex   3.620616e+01 -1.469858e+01 9.500000e+00
    endloop
  endfacet
  facet normal -9.289560e-01 3.701299e-01 -6.678485e-03
    outer loop
      vertex   3.620616e+01 -1.469858e+01 9.500000e+00
      vertex   3.593712e+01 -1.532872e+01 1.200000e+01
      vertex   3.639801e+01 -1.417197e+01 1.200000e+01
    endloop
  endfacet
  facet normal -9.491073e-01 3.148858e-01 6.504861e-03
    outer loop
      vertex   3.620616e+01 -1.469858e+01 9.500000e+00
      vertex   3.639801e+01 -1.417197e+01 1.200000e+01
      vertex   3.659266e+01 -1.353362e+01 9.500000e+00
    endloop
  endfacet
  facet normal -9.635283e-01 2.675223e-01 -6.711623e-03
    outer loop
      vertex   3.659266e+01 -1.353362e+01 9.500000e+00
      vertex   3.639801e+01 -1.417197e+01 1.200000e+01
      vertex   3.673114e+01 -1.297216e+01 1.200000e+01
    endloop
  endfacet
  facet normal -9.772613e-01 2.119380e-01 6.532477e-03
    outer loop
      vertex   3.659266e+01 -1.353362e+01 9.500000e+00
      vertex   3.673114e+01 -1.297216e+01 1.200000e+01
      vertex   3.685280e+01 -1.233411e+01 9.500000e+00
    endloop
  endfacet
  facet normal -9.868041e-01 1.617783e-01 -6.733716e-03
    outer loop
      vertex   3.685280e+01 -1.233411e+01 9.500000e+00
      vertex   3.673114e+01 -1.297216e+01 1.200000e+01
      vertex   3.693259e+01 -1.174337e+01 1.200000e+01
    endloop
  endfacet
  facet normal -9.942830e-01 1.065760e-01 6.549046e-03
    outer loop
      vertex   3.685280e+01 -1.233411e+01 9.500000e+00
      vertex   3.693259e+01 -1.174337e+01 1.200000e+01
      vertex   3.698361e+01 -1.111370e+01 9.500000e+00
    endloop
  endfacet
  facet normal -9.985107e-01 5.413768e-02 -6.744762e-03
    outer loop
      vertex   3.698361e+01 -1.111370e+01 9.500000e+00
      vertex   3.693259e+01 -1.174337e+01 1.200000e+01
      vertex   3.700000e+01 -1.050000e+01 1.200000e+01
    endloop
  endfacet
  facet normal -9.999785e-01 0.000000e+00 6.554569e-03
    outer loop
      vertex   3.698361e+01 -1.111370e+01 9.500000e+00
      vertex   3.700000e+01 -1.050000e+01 1.200000e+01
      vertex   3.698361e+01 -9.886300e+00 9.500000e+00
    endloop
  endfacet
  facet normal -9.985107e-01 -5.413768e-02 -6.744762e-03
    outer loop
      vertex   3.698361e+01 -9.886300e+00 9.500000e+00
      vertex   3.700000e+01 -1.050000e+01 1.200000e+01
      vertex   3.693259e+01 -9.256631e+00 1.200000e+01
    endloop
  endfacet
  facet normal -9.942830e-01 -1.065760e-01 6.549046e-03
    outer loop
      vertex   3.698361e+01 -9.886300e+00 9.500000e+00
      vertex   3.693259e+01 -9.256631e+00 1.200000e+01
      vertex   3.685280e+01 -8.665892e+00 9.500000e+00
    endloop
  endfacet
  facet normal -9.868041e-01 -1.617783e-01 -6.733716e-03
    outer loop
      vertex   3.685280e+01 -8.665892e+00 9.500000e+00
      vertex   3.693259e+01 -9.256631e+00 1.200000e+01
      vertex   3.673114e+01 -8.027840e+00 1.200000e+01
    endloop
  endfacet
  facet normal -9.772613e-01 -2.119380e-01 6.532477e-03
    outer loop
      vertex   3.685280e+01 -8.665892e+00 9.500000e+00
      vertex   3.673114e+01 -8.027840e+00 1.200000e+01
      vertex   3.659266e+01 -7.466376e+00 9.500000e+00
    endloop
  endfacet
  facet normal -9.635283e-01 -2.675223e-01 -6.711623e-03
    outer loop
      vertex   3.659266e+01 -7.466376e+00 9.500000e+00
      vertex   3.673114e+01 -8.027840e+00 1.200000e+01
      vertex   3.639801e+01 -6.828032e+00 1.200000e+01
    endloop
  endfacet
  facet normal -9.491073e-01 -3.148858e-01 6.504861e-03
    outer loop
      vertex   3.659266e+01 -7.466376e+00 9.500000e+00
      vertex   3.639801e+01 -6.828032e+00 1.200000e+01
      vertex   3.620616e+01 -6.301418e+00 9.500000e+00
    endloop
  endfacet
  facet normal -9.289560e-01 -3.701299e-01 -6.678485e-03
    outer loop
      vertex   3.620616e+01 -6.301418e+00 9.500000e+00
      vertex   3.639801e+01 -6.828032e+00 1.200000e+01
      vertex   3.593712e+01 -5.671275e+00 1.200000e+01
    endloop
  endfacet
  facet normal -9.101417e-01 -4.142466e-01 6.466199e-03
    outer loop
      vertex   3.620616e+01 -6.301418e+00 9.500000e+00
      vertex   3.593712e+01 -5.671275e+00 1.200000e+01
      vertex   3.569771e+01 -5.184287e+00 9.500000e+00
    endloop
  endfacet
  facet normal -8.834926e-01 -4.683981e-01 -6.634300e-03
    outer loop
      vertex   3.569771e+01 -5.184287e+00 9.500000e+00
      vertex   3.593712e+01 -5.671275e+00 1.200000e+01
      vertex   3.535386e+01 -4.571131e+00 1.200000e+01
    endloop
  endfacet
  facet normal -8.608084e-01 -5.088887e-01 6.416492e-03
    outer loop
      vertex   3.569771e+01 -5.184287e+00 9.500000e+00
      vertex   3.535386e+01 -4.571131e+00 1.200000e+01
      vertex   3.507308e+01 -4.127710e+00 9.500000e+00
    endloop
  endfacet
  facet normal -8.276711e-01 -5.611749e-01 -6.579070e-03
    outer loop
      vertex   3.507308e+01 -4.127710e+00 9.500000e+00
      vertex   3.535386e+01 -4.571131e+00 1.200000e+01
      vertex   3.465507e+01 -3.540497e+00 1.200000e+01
    endloop
  endfacet
  facet normal -8.016693e-01 -5.977340e-01 6.355738e-03
    outer loop
      vertex   3.507308e+01 -4.127710e+00 9.500000e+00
      vertex   3.465507e+01 -3.540497e+00 1.200000e+01
      vertex   3.433941e+01 -3.143722e+00 9.500000e+00
    endloop
  endfacet
  facet normal -7.621459e-01 -6.473726e-01 -6.512794e-03
    outer loop
      vertex   3.433941e+01 -3.143722e+00 9.500000e+00
      vertex   3.465507e+01 -3.540497e+00 1.200000e+01
      vertex   3.384895e+01 -2.591456e+00 1.200000e+01
    endloop
  endfacet
  facet normal -7.333981e-01 -6.797703e-01 6.283938e-03
    outer loop
      vertex   3.433941e+01 -3.143722e+00 9.500000e+00
      vertex   3.384895e+01 -2.591456e+00 1.200000e+01
      vertex   3.350504e+01 -2.243532e+00 9.500000e+00
    endloop
  endfacet
  facet normal -6.876852e-01 -7.259805e-01 -6.435471e-03
    outer loop
      vertex   3.350504e+01 -2.243532e+00 9.500000e+00
      vertex   3.384895e+01 -2.591456e+00 1.200000e+01
      vertex   3.294494e+01 -1.735136e+00 1.200000e+01
    endloop
  endfacet
  facet normal -6.567725e-01 -7.540633e-01 6.201093e-03
    outer loop
      vertex   3.350504e+01 -2.243532e+00 9.500000e+00
      vertex   3.294494e+01 -1.735136e+00 1.200000e+01
      vertex   3.257949e+01 -1.437394e+00 9.500000e+00
    endloop
  endfacet
  facet normal -6.051620e-01 -7.960770e-01 -6.347104e-03
    outer loop
      vertex   3.257949e+01 -1.437394e+00 9.500000e+00
      vertex   3.294494e+01 -1.735136e+00 1.200000e+01
      vertex   3.195365e+01 -9.815765e-01 1.200000e+01
    endloop
  endfacet
  facet normal -5.726653e-01 -8.197665e-01 6.107202e-03
    outer loop
      vertex   3.257949e+01 -1.437394e+00 9.500000e+00
      vertex   3.195365e+01 -9.815765e-01 1.200000e+01
      vertex   3.157329e+01 -7.344917e-01 9.500000e+00
    endloop
  endfacet
  facet normal -5.155438e-01 -8.568405e-01 -6.247690e-03
    outer loop
      vertex   3.157329e+01 -7.344917e-01 9.500000e+00
      vertex   3.195365e+01 -9.815765e-01 1.200000e+01
      vertex   3.088670e+01 -3.396115e-01 1.200000e+01
    endloop
  endfacet
  facet normal -4.820346e-01 -8.761316e-01 6.002266e-03
    outer loop
      vertex   3.157329e+01 -7.344917e-01 9.500000e+00
      vertex   3.088670e+01 -3.396115e-01 1.200000e+01
      vertex   3.049791e+01 -1.428321e-01 9.500000e+00
    endloop
  endfacet
  facet normal -4.198812e-01 -9.075583e-01 -6.137232e-03
    outer loop
      vertex   3.049791e+01 -1.428321e-01 9.500000e+00
      vertex   3.088670e+01 -3.396115e-01 1.200000e+01
      vertex   2.975659e+01 1.832323e-01 1.200000e+01
    endloop
  endfacet
  facet normal -3.859127e-01 -9.225165e-01 5.886284e-03
    outer loop
      vertex   3.049791e+01 -1.428321e-01 9.500000e+00
      vertex   2.975659e+01 1.832323e-01 1.200000e+01
      vertex   2.936559e+01 3.308451e-01 9.500000e+00
    endloop
  endfacet
  facet normal -3.192958e-01 -9.476360e-01 -6.015728e-03
    outer loop
      vertex   2.936559e+01 3.308451e-01 9.500000e+00
      vertex   2.975659e+01 1.832323e-01 1.200000e+01
      vertex   2.857658e+01 5.808249e-01 1.200000e+01
    endloop
  endfacet
  facet normal -2.853946e-01 -9.583928e-01 5.759258e-03
    outer loop
      vertex   2.936559e+01 3.308451e-01 9.500000e+00
      vertex   2.857658e+01 5.808249e-01 1.200000e+01
      vertex   2.818924e+01 6.811441e-01 9.500000e+00
    endloop
  endfacet
  facet normal -2.149667e-01 -9.766037e-01 -5.883179e-03
    outer loop
      vertex   2.818924e+01 6.811441e-01 9.500000e+00
      vertex   2.857658e+01 5.808249e-01 1.200000e+01
      vertex   2.736049e+01 8.485050e-01 1.200000e+01
    endloop
  endfacet
  facet normal -1.816254e-01 -9.833517e-01 5.621186e-03
    outer loop
      vertex   2.818924e+01 6.811441e-01 9.500000e+00
      vertex   2.736049e+01 8.485050e-01 1.200000e+01
      vertex   2.698226e+01 9.040745e-01 9.500000e+00
    endloop
  endfacet
  facet normal -1.081172e-01 -9.941216e-01 -5.739586e-03
    outer loop
      vertex   2.698226e+01 9.040745e-01 9.500000e+00
      vertex   2.736049e+01 8.485050e-01 1.200000e+01
      vertex   2.612260e+01 9.831343e-01 1.200000e+01
    endloop
  endfacet
  facet normal -7.578704e-02 -9.971090e-01 5.472070e-03
    outer loop
      vertex   2.698226e+01 9.040745e-01 9.500000e+00
      vertex   2.612260e+01 9.831343e-01 1.200000e+01
      vertex   2.575839e+01 9.970968e-01 9.500000e+00
    endloop
  endfacet
  facet normal 0.000000e+00 -9.999844e-01 -5.584949e-03
    outer loop
      vertex   2.575839e+01 9.970968e-01 9.500000e+00
      vertex   2.612260e+01 9.831343e-01 1.200000e+01
      vertex   2.487740e+01 9.831343e-01 1.200000e+01
    endloop
  endfacet
  facet normal 3.091483e-02 -9.995079e-01 5.311910e-03
    outer loop
      vertex   2.575839e+01 9.970968e-01 9.500000e+00
      vertex   2.487740e+01 9.831343e-01 1.200000e+01
      vertex   2.453157e+01 9.591515e-01 9.500000e+00
    endloop
  endfacet
  facet normal 1.081174e-01 -9.941234e-01 -5.419267e-03
    outer loop
      vertex   2.453157e+01 9.591515e-01 9.500000e+00
      vertex   2.487740e+01 9.831343e-01 1.200000e+01
      vertex   2.363951e+01 8.485050e-01 1.200000e+01
    endloop
  endfacet
  facet normal 1.372647e-01 -9.905211e-01 5.140706e-03
    outer loop
      vertex   2.453157e+01 9.591515e-01 9.500000e+00
      vertex   2.363951e+01 8.485050e-01 1.200000e+01
      vertex   2.331579e+01 7.906706e-01 9.500000e+00
    endloop
  endfacet
  facet normal 2.149675e-01 -9.766071e-01 -5.242542e-03
    outer loop
      vertex   2.331579e+01 7.906706e-01 9.500000e+00
      vertex   2.363951e+01 8.485050e-01 1.200000e+01
      vertex   2.242342e+01 5.808249e-01 1.200000e+01
    endloop
  endfacet
  facet normal 2.420512e-01 -9.702508e-01 4.958459e-03
    outer loop
      vertex   2.331579e+01 7.906706e-01 9.500000e+00
      vertex   2.242342e+01 5.808249e-01 1.200000e+01
      vertex   2.212489e+01 4.935735e-01 9.500000e+00
    endloop
  endfacet
  facet normal 3.192975e-01 -9.476411e-01 -5.054773e-03
    outer loop
      vertex   2.212489e+01 4.935735e-01 9.500000e+00
      vertex   2.242342e+01 5.808249e-01 1.200000e+01
      vertex   2.124341e+01 1.832323e-01 1.200000e+01
    endloop
  endfacet
  facet normal 3.440805e-01 -9.389281e-01 4.765168e-03
    outer loop
      vertex   2.212489e+01 4.935735e-01 9.500000e+00
      vertex   2.124341e+01 1.832323e-01 1.200000e+01
      vertex   2.097244e+01 7.124454e-02 9.500000e+00
    endloop
  endfacet
  facet normal 4.198842e-01 -9.075647e-01 -4.855961e-03
    outer loop
      vertex   2.097244e+01 7.124454e-02 9.500000e+00
      vertex   2.124341e+01 1.832323e-01 1.200000e+01
      vertex   2.011330e+01 -3.396115e-01 1.200000e+01
    endloop
  endfacet
  facet normal 4.421905e-01 -8.969096e-01 4.560834e-03
    outer loop
      vertex   2.097244e+01 7.124454e-02 9.500000e+00
      vertex   2.011330e+01 -3.396115e-01 1.200000e+01
      vertex   1.987156e+01 -4.715055e-01 9.500000e+00
    endloop
  endfacet
  facet normal 5.155483e-01 -8.568479e-01 -4.646107e-03
    outer loop
      vertex   1.987156e+01 -4.715055e-01 9.500000e+00
      vertex   2.011330e+01 -3.396115e-01 1.200000e+01
      vertex   1.904635e+01 -9.815765e-01 1.200000e+01
    endloop
  endfacet
  facet normal 5.352635e-01 -8.446739e-01 4.345458e-03
    outer loop
      vertex   1.987156e+01 -4.715055e-01 9.500000e+00
      vertex   1.904635e+01 -9.815765e-01 1.200000e+01
      vertex   1.883480e+01 -1.128494e+00 9.500000e+00
    endloop
  endfacet
  facet normal 6.051683e-01 -7.960853e-01 -4.425210e-03
    outer loop
      vertex   1.883480e+01 -1.128494e+00 9.500000e+00
      vertex   1.904635e+01 -9.815765e-01 1.200000e+01
      vertex   1.805506e+01 -1.735136e+00 1.200000e+01
    endloop
  endfacet
  facet normal 6.222393e-01 -7.828162e-01 4.119040e-03
    outer loop
      vertex   1.883480e+01 -1.128494e+00 9.500000e+00
      vertex   1.805506e+01 -1.735136e+00 1.200000e+01
      vertex   1.787397e+01 -1.892236e+00 9.500000e+00
    endloop
  endfacet
  facet normal 6.876934e-01 -7.259891e-01 -4.193272e-03
    outer loop
      vertex   1.787397e+01 -1.892236e+00 9.500000e+00
      vertex   1.805506e+01 -1.735136e+00 1.200000e+01
      vertex   1.715105e+01 -2.591456e+00 1.200000e+01
    endloop
  endfacet
  facet normal 7.021272e-01 -7.120410e-01 3.881580e-03
    outer loop
      vertex   1.787397e+01 -1.892236e+00 9.500000e+00
      vertex   1.715105e+01 -2.591456e+00 1.200000e+01
      vertex   1.700000e+01 -2.754033e+00 9.500000e+00
    endloop
  endfacet
  facet normal 7.621561e-01 -6.473812e-01 -3.950293e-03
    outer loop
      vertex   1.700000e+01 -2.754033e+00 9.500000e+00
      vertex   1.715105e+01 -2.591456e+00 1.200000e+01
      vertex   1.634493e+01 -3.540497e+00 1.200000e+01
    endloop
  endfacet
  facet normal 7.736353e-01 -6.336221e-01 3.385986e-03
    outer loop
      vertex   1.700000e+01 -2.754033e+00 9.500000e+00
      vertex   1.634493e+01 -3.540497e+00 1.200000e+01
      vertex   1.623107e+01 -3.692874e+00 9.500000e+00
    endloop
  endfacet
  facet normal 8.276840e-01 -5.611836e-01 -3.490755e-03
    outer loop
      vertex   1.623107e+01 -3.692874e+00 9.500000e+00
      vertex   1.634493e+01 -3.540497e+00 1.200000e+01
      vertex   1.564614e+01 -4.571131e+00 1.200000e+01
    endloop
  endfacet
  facet normal 8.360989e-01 -5.485710e-01 2.908978e-03
    outer loop
      vertex   1.623107e+01 -3.692874e+00 9.500000e+00
      vertex   1.564614e+01 -4.571131e+00 1.200000e+01
      vertex   1.556536e+01 -4.707515e+00 9.500000e+00
    endloop
  endfacet
  facet normal 8.835081e-01 -4.684063e-01 -2.996281e-03
    outer loop
      vertex   1.556536e+01 -4.707515e+00 9.500000e+00
      vertex   1.564614e+01 -4.571131e+00 1.200000e+01
      vertex   1.506288e+01 -5.671275e+00 1.200000e+01
    endloop
  endfacet
  facet normal 8.892522e-01 -4.574109e-01 2.397035e-03
    outer loop
      vertex   1.556536e+01 -4.707515e+00 9.500000e+00
      vertex   1.506288e+01 -5.671275e+00 1.200000e+01
      vertex   1.501027e+01 -5.786659e+00 9.500000e+00
    endloop
  endfacet
  facet normal 9.289739e-01 -3.701370e-01 -2.466873e-03
    outer loop
      vertex   1.501027e+01 -5.786659e+00 9.500000e+00
      vertex   1.506288e+01 -5.671275e+00 1.200000e+01
      vertex   1.460199e+01 -6.828032e+00 1.200000e+01
    endloop
  endfacet
  facet normal 9.325032e-01 -3.611569e-01 1.850161e-03
    outer loop
      vertex   1.501027e+01 -5.786659e+00 9.500000e+00
      vertex   1.460199e+01 -6.828032e+00 1.200000e+01
      vertex   1.457199e+01 -6.918288e+00 9.500000e+00
    endloop
  endfacet
  facet normal 9.635482e-01 -2.675279e-01 -1.902537e-03
    outer loop
      vertex   1.457199e+01 -6.918288e+00 9.500000e+00
      vertex   1.460199e+01 -6.828032e+00 1.200000e+01
      vertex   1.426886e+01 -8.027840e+00 1.200000e+01
    endloop
  endfacet
  facet normal 9.653701e-01 -2.608810e-01 1.268361e-03
    outer loop
      vertex   1.457199e+01 -6.918288e+00 9.500000e+00
      vertex   1.426886e+01 -8.027840e+00 1.200000e+01
      vertex   1.425540e+01 -8.089801e+00 9.500000e+00
    endloop
  endfacet
  facet normal 9.868257e-01 -1.617819e-01 -1.303276e-03
    outer loop
      vertex   1.425540e+01 -8.089801e+00 9.500000e+00
      vertex   1.426886e+01 -8.027840e+00 1.200000e+01
      vertex   1.406741e+01 -9.256631e+00 1.200000e+01
    endloop
  endfacet
  facet normal 9.874869e-01 -1.576999e-01 6.516389e-04
    outer loop
      vertex   1.425540e+01 -8.089801e+00 9.500000e+00
      vertex   1.406741e+01 -9.256631e+00 1.200000e+01
      vertex   1.406403e+01 -9.288153e+00 9.500000e+00
    endloop
  endfacet
  facet normal 9.985332e-01 -5.413890e-02 -6.690950e-04
    outer loop
      vertex   1.406403e+01 -9.288153e+00 9.500000e+00
      vertex   1.406741e+01 -9.256631e+00 1.200000e+01
      vertex   1.400000e+01 -1.050000e+01 1.200000e+01
    endloop
  endfacet
  facet normal 9.986071e-01 -5.276248e-02 0.000000e+00
    outer loop
      vertex   1.406403e+01 -9.288153e+00 9.500000e+00
      vertex   1.400000e+01 -1.050000e+01 1.200000e+01
      vertex   1.400000e+01 -1.050000e+01 9.500000e+00
    endloop
  endfacet
  facet normal 9.986071e-01 5.276248e-02 -0.000000e+00
    outer loop
      vertex   1.400000e+01 -1.050000e+01 9.500000e+00
      vertex   1.400000e+01 -1.050000e+01 1.200000e+01
      vertex   1.406403e+01 -1.171185e+01 9.500000e+00
    endloop
  endfacet
  facet normal 9.985332e-01 5.413890e-02 -6.690950e-04
    outer loop
      vertex   1.406403e+01 -1.171185e+01 9.500000e+00
      vertex   1.400000e+01 -1.050000e+01 1.200000e+01
      vertex   1.406741e+01 -1.174337e+01 1.200000e+01
    endloop
  endfacet
  facet normal 9.874869e-01 1.576999e-01 6.516389e-04
    outer loop
      vertex   1.406403e+01 -1.171185e+01 9.500000e+00
      vertex   1.406741e+01 -1.174337e+01 1.200000e+01
      vertex   1.425540e+01 -1.291020e+01 9.500000e+00
    endloop
  endfacet
  facet normal 9.868257e-01 1.617819e-01 -1.303276e-03
    outer loop
      vertex   1.425540e+01 -1.291020e+01 9.500000e+00
      vertex   1.406741e+01 -1.174337e+01 1.200000e+01
      vertex   1.426886e+01 -1.297216e+01 1.200000e+01
    endloop
  endfacet
  facet normal 9.653701e-01 2.608810e-01 1.268361e-03
    outer loop
      vertex   1.425540e+01 -1.291020e+01 9.500000e+00
      vertex   1.426886e+01 -1.297216e+01 1.200000e+01
      vertex   1.457199e+01 -1.408171e+01 9.500000e+00
    endloop
  endfacet
  facet normal 9.635482e-01 2.675279e-01 -1.902537e-03
    outer loop
      vertex   1.457199e+01 -1.408171e+01 9.500000e+00
      vertex   1.426886e+01 -1.297216e+01 1.200000e+01
      vertex   1.460199e+01 -1.417197e+01 1.200000e+01
    endloop
  endfacet
  facet normal 9.325032e-01 3.611569e-01 1.850161e-03
    outer loop
      vertex   1.457199e+01 -1.408171e+01 9.500000e+00
      vertex   1.460199e+01 -1.417197e+01 1.200000e+01
      vertex   1.501027e+01 -1.521334e+01 9.500000e+00
    endloop
  endfacet
  facet normal 9.289739e-01 3.701370e-01 -2.466873e-03
    outer loop
      vertex   1.501027e+01 -1.521334e+01 9.500000e+00
      vertex   1.460199e+01 -1.417197e+01 1.200000e+01
      vertex   1.506288e+01 -1.532872e+01 1.200000e+01
    endloop
  endfacet
  facet normal 8.892522e-01 4.574109e-01 2.397035e-03
    outer loop
      vertex   1.501027e+01 -1.521334e+01 9.500000e+00
      vertex   1.506288e+01 -1.532872e+01 1.200000e+01
      vertex   1.556536e+01 -1.629248e+01 9.500000e+00
    endloop
  endfacet
  facet normal 8.835081e-01 4.684063e-01 -2.996281e-03
    outer loop
      vertex   1.556536e+01 -1.629248e+01 9.500000e+00
      vertex   1.506288e+01 -1.532872e+01 1.200000e+01
      vertex   1.564614e+01 -1.642887e+01 1.200000e+01
    endloop
  endfacet
  facet normal 8.360989e-01 5.485710e-01 2.908978e-03
    outer loop
      vertex   1.556536e+01 -1.629248e+01 9.500000e+00
      vertex   1.564614e+01 -1.642887e+01 1.200000e+01
      vertex   1.623107e+01 -1.730713e+01 9.500000e+00
    endloop
  endfacet
  facet normal 8.276840e-01 5.611836e-01 -3.490755e-03
    outer loop
      vertex   1.623107e+01 -1.730713e+01 9.500000e+00
      vertex   1.564614e+01 -1.642887e+01 1.200000e+01
      vertex   1.634493e+01 -1.745950e+01 1.200000e+01
    endloop
  endfacet
  facet normal 9.914449e-01 -1.305262e-01 -9.274444e-17
    outer loop
      vertex   3.795452e+01 1.091411e+01 9.500000e+00
      vertex   3.795452e+01 1.091411e+01 1.200000e+01
      vertex   3.790000e+01 1.050000e+01 9.500000e+00
    endloop
  endfacet
  facet normal 9.914449e-01 -1.305262e-01 0.000000e+00
    outer loop
      vertex   3.790000e+01 1.050000e+01 9.500000e+00
      vertex   3.795452e+01 1.091411e+01 1.200000e+01
      vertex   3.790000e+01 1.050000e+01 1.200000e+01
    endloop
  endfacet
  facet normal 9.914449e-01 1.305262e-01 -0.000000e+00
    outer loop
      vertex   3.790000e+01 1.050000e+01 9.500000e+00
      vertex   3.790000e+01 1.050000e+01 1.200000e+01
      vertex   3.795452e+01 1.008589e+01 9.500000e+00
    endloop
  endfacet
  facet normal 9.914449e-01 1.305262e-01 9.274444e-17
    outer loop
      vertex   3.795452e+01 1.008589e+01 9.500000e+00
      vertex   3.790000e+01 1.050000e+01 1.200000e+01
      vertex   3.795452e+01 1.008589e+01 1.200000e+01
    endloop
  endfacet
  facet normal 9.238795e-01 3.826834e-01 2.719129e-16
    outer loop
      vertex   3.795452e+01 1.008589e+01 9.500000e+00
      vertex   3.795452e+01 1.008589e+01 1.200000e+01
      vertex   3.811436e+01 9.700000e+00 9.500000e+00
    endloop
  endfacet
  facet normal 9.238795e-01 3.826834e-01 -0.000000e+00
    outer loop
      vertex   3.811436e+01 9.700000e+00 9.500000e+00
      vertex   3.795452e+01 1.008589e+01 1.200000e+01
      vertex   3.811436e+01 9.700000e+00 1.200000e+01
    endloop
  endfacet
  facet normal 7.933533e-01 6.087614e-01 -0.000000e+00
    outer loop
      vertex   3.811436e+01 9.700000e+00 9.500000e+00
      vertex   3.811436e+01 9.700000e+00 1.200000e+01
      vertex   3.836863e+01 9.368629e+00 9.500000e+00
    endloop
  endfacet
  facet normal 7.933533e-01 6.087614e-01 -0.000000e+00
    outer loop
      vertex   3.836863e+01 9.368629e+00 9.500000e+00
      vertex   3.811436e+01 9.700000e+00 1.200000e+01
      vertex   3.836863e+01 9.368629e+00 1.200000e+01
    endloop
  endfacet
  facet normal 6.087614e-01 7.933533e-01 -0.000000e+00
    outer loop
      vertex   3.836863e+01 9.368629e+00 9.500000e+00
      vertex   3.836863e+01 9.368629e+00 1.200000e+01
      vertex   3.870000e+01 9.114359e+00 9.500000e+00
    endloop
  endfacet
  facet normal 6.087614e-01 7.933533e-01 5.637115e-16
    outer loop
      vertex   3.870000e+01 9.114359e+00 9.500000e+00
      vertex   3.836863e+01 9.368629e+00 1.200000e+01
      vertex   3.870000e+01 9.114359e+00 1.200000e+01
    endloop
  endfacet
  facet normal 3.826834e-01 9.238795e-01 6.564559e-16
    outer loop
      vertex   3.870000e+01 9.114359e+00 9.500000e+00
      vertex   3.870000e+01 9.114359e+00 1.200000e+01
      vertex   3.908589e+01 8.954519e+00 9.500000e+00
    endloop
  endfacet
  facet normal 3.826834e-01 9.238795e-01 -0.000000e+00
    outer loop
      vertex   3.908589e+01 8.954519e+00 9.500000e+00
      vertex   3.870000e+01 9.114359e+00 1.200000e+01
      vertex   3.908589e+01 8.954519e+00 1.200000e+01
    endloop
  endfacet
  facet normal 1.305262e-01 9.914449e-01 -0.000000e+00
    outer loop
      vertex   3.908589e+01 8.954519e+00 9.500000e+00
      vertex   3.908589e+01 8.954519e+00 1.200000e+01
      vertex   3.950000e+01 8.900000e+00 9.500000e+00
    endloop
  endfacet
  facet normal 1.305262e-01 9.914449e-01 -0.000000e+00
    outer loop
      vertex   3.950000e+01 8.900000e+00 9.500000e+00
      vertex   3.908589e+01 8.954519e+00 1.200000e+01
      vertex   3.950000e+01 8.900000e+00 1.200000e+01
    endloop
  endfacet
  facet normal -1.305262e-01 9.914449e-01 0.000000e+00
    outer loop
      vertex   3.950000e+01 8.900000e+00 9.500000e+00
      vertex   3.950000e+01 8.900000e+00 1.200000e+01
      vertex   3.991411e+01 8.954519e+00 9.500000e+00
    endloop
  endfacet
  facet normal -1.305262e-01 9.914449e-01 0.000000e+00
    outer loop
      vertex   3.991411e+01 8.954519e+00 9.500000e+00
      vertex   3.950000e+01 8.900000e+00 1.200000e+01
      vertex   3.991411e+01 8.954519e+00 1.200000e+01
    endloop
  endfacet
  facet normal -3.826834e-01 9.238795e-01 0.000000e+00
    outer loop
      vertex   3.991411e+01 8.954519e+00 9.500000e+00
      vertex   3.991411e+01 8.954519e+00 1.200000e+01
      vertex   4.030000e+01 9.114359e+00 9.500000e+00
    endloop
  endfacet
  facet normal -3.826834e-01 9.238795e-01 0.000000e+00
    outer loop
      vertex   4.030000e+01 9.114359e+00 9.500000e+00
      vertex   3.991411e+01 8.954519e+00 1.200000e+01
      vertex   4.030000e+01 9.114359e+00 1.200000e+01
    endloop
  endfacet
  facet normal -6.087614e-01 7.933533e-01 0.000000e+00
    outer loop
      vertex   4.030000e+01 9.114359e+00 9.500000e+00
      vertex   4.030000e+01 9.114359e+00 1.200000e+01
      vertex   4.063137e+01 9.368629e+00 9.500000e+00
    endloop
  endfacet
  facet normal -6.087614e-01 7.933533e-01 0.000000e+00
    outer loop
      vertex   4.063137e+01 9.368629e+00 9.500000e+00
      vertex   4.030000e+01 9.114359e+00 1.200000e+01
      vertex   4.063137e+01 9.368629e+00 1.200000e+01
    endloop
  endfacet
  facet normal -7.933533e-01 6.087614e-01 0.000000e+00
    outer loop
      vertex   4.063137e+01 9.368629e+00 9.500000e+00
      vertex   4.063137e+01 9.368629e+00 1.200000e+01
      vertex   4.088564e+01 9.700000e+00 9.500000e+00
    endloop
  endfacet
  facet normal -7.933533e-01 6.087614e-01 0.000000e+00
    outer loop
      vertex   4.088564e+01 9.700000e+00 9.500000e+00
      vertex   4.063137e+01 9.368629e+00 1.200000e+01
      vertex   4.088564e+01 9.700000e+00 1.200000e+01
    endloop
  endfacet
  facet normal -9.238795e-01 3.826834e-01 0.000000e+00
    outer loop
      vertex   4.088564e+01 9.700000e+00 9.500000e+00
      vertex   4.088564e+01 9.700000e+00 1.200000e+01
      vertex   4.104548e+01 1.008589e+01 9.500000e+00
    endloop
  endfacet
  facet normal -9.238795e-01 3.826834e-01 0.000000e+00
    outer loop
      vertex   4.104548e+01 1.008589e+01 9.500000e+00
      vertex   4.088564e+01 9.700000e+00 1.200000e+01
      vertex   4.104548e+01 1.008589e+01 1.200000e+01
    endloop
  endfacet
  facet normal -9.914449e-01 1.305262e-01 0.000000e+00
    outer loop
      vertex   4.104548e+01 1.008589e+01 9.500000e+00
      vertex   4.104548e+01 1.008589e+01 1.200000e+01
      vertex   4.110000e+01 1.050000e+01 9.500000e+00
    endloop
  endfacet
  facet normal -9.914449e-01 1.305262e-01 0.000000e+00
    outer loop
      vertex   4.110000e+01 1.050000e+01 9.500000e+00
      vertex   4.104548e+01 1.008589e+01 1.200000e+01
      vertex   4.110000e+01 1.050000e+01 1.200000e+01
    endloop
  endfacet
  facet normal -9.914449e-01 -1.305262e-01 0.000000e+00
    outer loop
      vertex   4.110000e+01 1.050000e+01 9.500000e+00
      vertex   4.110000e+01 1.050000e+01 1.200000e+01
      vertex   4.104548e+01 1.091411e+01 9.500000e+00
    endloop
  endfacet
  facet normal -9.914449e-01 -1.305262e-01 0.000000e+00
    outer loop
      vertex   4.104548e+01 1.091411e+01 9.500000e+00
      vertex   4.110000e+01 1.050000e+01 1.200000e+01
      vertex   4.104548e+01 1.091411e+01 1.200000e+01
    endloop
  endfacet
  facet normal -9.238795e-01 -3.826834e-01 0.000000e+00
    outer loop
      vertex   4.104548e+01 1.091411e+01 9.500000e+00
      vertex   4.104548e+01 1.091411e+01 1.200000e+01
      vertex   4.088564e+01 1.130000e+01 9.500000e+00
    endloop
  endfacet
  facet normal -9.238795e-01 -3.826834e-01 0.000000e+00
    outer loop
      vertex   4.088564e+01 1.130000e+01 9.500000e+00
      vertex   4.104548e+01 1.091411e+01 1.200000e+01
      vertex   4.088564e+01 1.130000e+01 1.200000e+01
    endloop
  endfacet
  facet normal -7.933533e-01 -6.087614e-01 0.000000e+00
    outer loop
      vertex   4.088564e+01 1.130000e+01 9.500000e+00
      vertex   4.088564e+01 1.130000e+01 1.200000e+01
      vertex   4.063137e+01 1.163137e+01 9.500000e+00
    endloop
  endfacet
  facet normal -7.933533e-01 -6.087614e-01 0.000000e+00
    outer loop
      vertex   4.063137e+01 1.163137e+01 9.500000e+00
      vertex   4.088564e+01 1.130000e+01 1.200000e+01
      vertex   4.063137e+01 1.163137e+01 1.200000e+01
    endloop
  endfacet
  facet normal -6.087614e-01 -7.933533e-01 0.000000e+00
    outer loop
      vertex   4.063137e+01 1.163137e+01 9.500000e+00
      vertex   4.063137e+01 1.163137e+01 1.200000e+01
      vertex   4.030000e+01 1.188564e+01 9.500000e+00
    endloop
  endfacet
  facet normal -6.087614e-01 -7.933533e-01 1.127423e-15
    outer loop
      vertex   4.030000e+01 1.188564e+01 9.500000e+00
      vertex   4.063137e+01 1.163137e+01 1.200000e+01
      vertex   4.030000e+01 1.188564e+01 1.200000e+01
    endloop
  endfacet
  facet normal -3.826834e-01 -9.238795e-01 1.312912e-15
    outer loop
      vertex   4.030000e+01 1.188564e+01 9.500000e+00
      vertex   4.030000e+01 1.188564e+01 1.200000e+01
      vertex   3.991411e+01 1.204548e+01 9.500000e+00
    endloop
  endfacet
  facet normal -3.826834e-01 -9.238795e-01 0.000000e+00
    outer loop
      vertex   3.991411e+01 1.204548e+01 9.500000e+00
      vertex   4.030000e+01 1.188564e+01 1.200000e+01
      vertex   3.991411e+01 1.204548e+01 1.200000e+01
    endloop
  endfacet
  facet normal -1.305262e-01 -9.914449e-01 0.000000e+00
    outer loop
      vertex   3.991411e+01 1.204548e+01 9.500000e+00
      vertex   3.991411e+01 1.204548e+01 1.200000e+01
      vertex   3.950000e+01 1.210000e+01 9.500000e+00
    endloop
  endfacet
  facet normal -1.305262e-01 -9.914449e-01 0.000000e+00
    outer loop
      vertex   3.950000e+01 1.210000e+01 9.500000e+00
      vertex   3.991411e+01 1.204548e+01 1.200000e+01
      vertex   3.950000e+01 1.210000e+01 1.200000e+01
    endloop
  endfacet
  facet normal 1.305262e-01 -9.914449e-01 0.000000e+00
    outer loop
      vertex   3.950000e+01 1.210000e+01 9.500000e+00
      vertex   3.950000e+01 1.210000e+01 1.200000e+01
      vertex   3.908589e+01 1.204548e+01 9.500000e+00
    endloop
  endfacet
  facet normal 1.305262e-01 -9.914449e-01 0.000000e+00
    outer loop
      vertex   3.908589e+01 1.204548e+01 9.500000e+00
      vertex   3.950000e+01 1.210000e+01 1.200000e+01
      vertex   3.908589e+01 1.204548e+01 1.200000e+01
    endloop
  endfacet
  facet normal 3.826834e-01 -9.238795e-01 0.000000e+00
    outer loop
      vertex   3.908589e+01 1.204548e+01 9.500000e+00
      vertex   3.908589e+01 1.204548e+01 1.200000e+01
      vertex   3.870000e+01 1.188564e+01 9.500000e+00
    endloop
  endfacet
  facet normal 3.826834e-01 -9.238795e-01 0.000000e+00
    outer loop
      vertex   3.870000e+01 1.188564e+01 9.500000e+00
      vertex   3.908589e+01 1.204548e+01 1.200000e+01
      vertex   3.870000e+01 1.188564e+01 1.200000e+01
    endloop
  endfacet
  facet normal 6.087614e-01 -7.933533e-01 0.000000e+00
    outer loop
      vertex   3.870000e+01 1.188564e+01 9.500000e+00
      vertex   3.870000e+01 1.188564e+01 1.200000e+01
      vertex   3.836863e+01 1.163137e+01 9.500000e+00
    endloop
  endfacet
  facet normal 6.087614e-01 -7.933533e-01 0.000000e+00
    outer loop
      vertex   3.836863e+01 1.163137e+01 9.500000e+00
      vertex   3.870000e+01 1.188564e+01 1.200000e+01
      vertex   3.836863e+01 1.163137e+01 1.200000e+01
    endloop
  endfacet
  facet normal 7.933533e-01 -6.087614e-01 0.000000e+00
    outer loop
      vertex   3.836863e+01 1.163137e+01 9.500000e+00
      vertex   3.836863e+01 1.163137e+01 1.200000e+01
      vertex   3.811436e+01 1.130000e+01 9.500000e+00
    endloop
  endfacet
  facet normal 7.933533e-01 -6.087614e-01 0.000000e+00
    outer loop
      vertex   3.811436e+01 1.130000e+01 9.500000e+00
      vertex   3.836863e+01 1.163137e+01 1.200000e+01
      vertex   3.811436e+01 1.130000e+01 1.200000e+01
    endloop
  endfacet
  facet normal 9.238795e-01 -3.826834e-01 0.000000e+00
    outer loop
      vertex   3.811436e+01 1.130000e+01 9.500000e+00
      vertex   3.811436e+01 1.130000e+01 1.200000e+01
      vertex   3.795452e+01 1.091411e+01 9.500000e+00
    endloop
  endfacet
  facet normal 9.238795e-01 -3.826834e-01 -2.719129e-16
    outer loop
      vertex   3.795452e+01 1.091411e+01 9.500000e+00
      vertex   3.811436e+01 1.130000e+01 1.200000e+01
      vertex   3.795452e+01 1.091411e+01 1.200000e+01
    endloop
  endfacet
  facet normal 9.914449e-01 -1.305262e-01 -4.637222e-17
    outer loop
      vertex   -4.004548e+01 2.914110e+00 9.500000e+00
      vertex   -4.004548e+01 2.914110e+00 1.200000e+01
      vertex   -4.010000e+01 2.500000e+00 9.500000e+00
    endloop
  endfacet
  facet normal 9.914449e-01 -1.305262e-01 -2.318611e-17
    outer loop
      vertex   -4.010000e+01 2.500000e+00 9.500000e+00
      vertex   -4.004548e+01 2.914110e+00 1.200000e+01
      vertex   -4.010000e+01 2.500000e+00 1.200000e+01
    endloop
  endfacet
  facet normal 9.914449e-01 1.305262e-01 2.318611e-17
    outer loop
      vertex   -4.010000e+01 2.500000e+00 9.500000e+00
      vertex   -4.010000e+01 2.500000e+00 1.200000e+01
      vertex   -4.004548e+01 2.085890e+00 9.500000e+00
    endloop
  endfacet
  facet normal 9.914449e-01 1.305262e-01 4.637222e-17
    outer loop
      vertex   -4.004548e+01 2.085890e+00 9.500000e+00
      vertex   -4.010000e+01 2.500000e+00 1.200000e+01
      vertex   -4.004548e+01 2.085890e+00 1.200000e+01
    endloop
  endfacet
  facet normal 9.238795e-01 3.826834e-01 1.359565e-16
    outer loop
      vertex   -4.004548e+01 2.085890e+00 9.500000e+00
      vertex   -4.004548e+01 2.085890e+00 1.200000e+01
      vertex   -3.988564e+01 1.700000e+00 9.500000e+00
    endloop
  endfacet
  facet normal 9.238795e-01 3.826834e-01 6.797823e-17
    outer loop
      vertex   -3.988564e+01 1.700000e+00 9.500000e+00
      vertex   -4.004548e+01 2.085890e+00 1.200000e+01
      vertex   -3.988564e+01 1.700000e+00 1.200000e+01
    endloop
  endfacet
  facet normal 7.933533e-01 6.087614e-01 1.081378e-16
    outer loop
      vertex   -3.988564e+01 1.700000e+00 9.500000e+00
      vertex   -3.988564e+01 1.700000e+00 1.200000e+01
      vertex   -3.963137e+01 1.368629e+00 9.500000e+00
    endloop
  endfacet
  facet normal 7.933533e-01 6.087614e-01 -0.000000e+00
    outer loop
      vertex   -3.963137e+01 1.368629e+00 9.500000e+00
      vertex   -3.988564e+01 1.700000e+00 1.200000e+01
      vertex   -3.963137e+01 1.368629e+00 1.200000e+01
    endloop
  endfacet
  facet normal 6.087614e-01 7.933533e-01 -0.000000e+00
    outer loop
      vertex   -3.963137e+01 1.368629e+00 9.500000e+00
      vertex   -3.963137e+01 1.368629e+00 1.200000e+01
      vertex   -3.930000e+01 1.114359e+00 9.500000e+00
    endloop
  endfacet
  facet normal 6.087614e-01 7.933533e-01 2.818557e-16
    outer loop
      vertex   -3.930000e+01 1.114359e+00 9.500000e+00
      vertex   -3.963137e+01 1.368629e+00 1.200000e+01
      vertex   -3.930000e+01 1.114359e+00 1.200000e+01
    endloop
  endfacet
  facet normal 3.826834e-01 9.238795e-01 3.282279e-16
    outer loop
      vertex   -3.930000e+01 1.114359e+00 9.500000e+00
      vertex   -3.930000e+01 1.114359e+00 1.200000e+01
      vertex   -3.891411e+01 9.545187e-01 9.500000e+00
    endloop
  endfacet
  facet normal 3.826834e-01 9.238795e-01 -0.000000e+00
    outer loop
      vertex   -3.891411e+01 9.545187e-01 9.500000e+00
      vertex   -3.930000e+01 1.114359e+00 1.200000e+01
      vertex   -3.891411e+01 9.545187e-01 1.200000e+01
    endloop
  endfacet
  facet normal 1.305262e-01 9.914449e-01 -0.000000e+00
    outer loop
      vertex   -3.891411e+01 9.545187e-01 9.500000e+00
      vertex   -3.891411e+01 9.545187e-01 1.200000e+01
      vertex   -3.850000e+01 9.000000e-01 9.500000e+00
    endloop
  endfacet
  facet normal 1.305262e-01 9.914449e-01 -0.000000e+00
    outer loop
      vertex   -3.850000e+01 9.000000e-01 9.500000e+00
      vertex   -3.891411e+01 9.545187e-01 1.200000e+01
      vertex   -3.850000e+01 9.000000e-01 1.200000e+01
    endloop
  endfacet
  facet normal -1.305262e-01 9.914449e-01 0.000000e+00
    outer loop
      vertex   -3.850000e+01 9.000000e-01 9.500000e+00
      vertex   -3.850000e+01 9.000000e-01 1.200000e+01
      vertex   -3.808589e+01 9.545187e-01 9.500000e+00
    endloop
  endfacet
  facet normal -1.305262e-01 9.914449e-01 -2.201450e-16
    outer loop
      vertex   -3.808589e+01 9.545187e-01 9.500000e+00
      vertex   -3.850000e+01 9.000000e-01 1.200000e+01
      vertex   -3.808589e+01 9.545187e-01 1.200000e+01
    endloop
  endfacet
  facet normal -3.826834e-01 9.238795e-01 -2.051425e-16
    outer loop
      vertex   -3.808589e+01 9.545187e-01 9.500000e+00
      vertex   -3.808589e+01 9.545187e-01 1.200000e+01
      vertex   -3.770000e+01 1.114359e+00 9.500000e+00
    endloop
  endfacet
  facet normal -3.826834e-01 9.238795e-01 -1.641140e-16
    outer loop
      vertex   -3.770000e+01 1.114359e+00 9.500000e+00
      vertex   -3.808589e+01 9.545187e-01 1.200000e+01
      vertex   -3.770000e+01 1.114359e+00 1.200000e+01
    endloop
  endfacet
  facet normal -6.087614e-01 7.933533e-01 -1.409279e-16
    outer loop
      vertex   -3.770000e+01 1.114359e+00 9.500000e+00
      vertex   -3.770000e+01 1.114359e+00 1.200000e+01
      vertex   -3.736863e+01 1.368629e+00 9.500000e+00
    endloop
  endfacet
  facet normal -6.087614e-01 7.933533e-01 -1.409279e-16
    outer loop
      vertex   -3.736863e+01 1.368629e+00 9.500000e+00
      vertex   -3.770000e+01 1.114359e+00 1.200000e+01
      vertex   -3.736863e+01 1.368629e+00 1.200000e+01
    endloop
  endfacet
  facet normal -7.933533e-01 6.087614e-01 -1.081378e-16
    outer loop
      vertex   -3.736863e+01 1.368629e+00 9.500000e+00
      vertex   -3.736863e+01 1.368629e+00 1.200000e+01
      vertex   -3.711436e+01 1.700000e+00 9.500000e+00
    endloop
  endfacet
  facet normal -7.933533e-01 6.087614e-01 -1.622066e-16
    outer loop
      vertex   -3.711436e+01 1.700000e+00 9.500000e+00
      vertex   -3.736863e+01 1.368629e+00 1.200000e+01
      vertex   -3.711436e+01 1.700000e+00 1.200000e+01
    endloop
  endfacet
  facet normal -9.238795e-01 3.826834e-01 -1.019673e-16
    outer loop
      vertex   -3.711436e+01 1.700000e+00 9.500000e+00
      vertex   -3.711436e+01 1.700000e+00 1.200000e+01
      vertex   -3.695452e+01 2.085890e+00 9.500000e+00
    endloop
  endfacet
  facet normal -9.238795e-01 3.826834e-01 -6.797823e-17
    outer loop
      vertex   -3.695452e+01 2.085890e+00 9.500000e+00
      vertex   -3.711436e+01 1.700000e+00 1.200000e+01
      vertex   -3.695452e+01 2.085890e+00 1.200000e+01
    endloop
  endfacet
  facet normal -9.914449e-01 1.305262e-01 -2.318611e-17
    outer loop
      vertex   -3.695452e+01 2.085890e+00 9.500000e+00
      vertex   -3.695452e+01 2.085890e+00 1.200000e+01
      vertex   -3.690000e+01 2.500000e+00 9.500000e+00
    endloop
  endfacet
  facet normal -9.914449e-01 1.305262e-01 0.000000e+00
    outer loop
      vertex   -3.690000e+01 2.500000e+00 9.500000e+00
      vertex   -3.695452e+01 2.085890e+00 1.200000e+01
      vertex   -3.690000e+01 2.500000e+00 1.200000e+01
    endloop
  endfacet
  facet normal -9.914449e-01 -1.305262e-01 0.000000e+00
    outer loop
      vertex   -3.690000e+01 2.500000e+00 9.500000e+00
      vertex   -3.690000e+01 2.500000e+00 1.200000e+01
      vertex   -3.695452e+01 2.914110e+00 9.500000e+00
    endloop
  endfacet
  facet normal -9.914449e-01 -1.305262e-01 2.318611e-17
    outer loop
      vertex   -3.695452e+01 2.914110e+00 9.500000e+00
      vertex   -3.690000e+01 2.500000e+00 1.200000e+01
      vertex   -3.695452e+01 2.914110e+00 1.200000e+01
    endloop
  endfacet
  facet normal -9.238795e-01 -3.826834e-01 6.797823e-17
    outer loop
      vertex   -3.695452e+01 2.914110e+00 9.500000e+00
      vertex   -3.695452e+01 2.914110e+00 1.200000e+01
      vertex   -3.711436e+01 3.300000e+00 9.500000e+00
    endloop
  endfacet
  facet normal -9.238795e-01 -3.826834e-01 6.797823e-17
    outer loop
      vertex   -3.711436e+01 3.300000e+00 9.500000e+00
      vertex   -3.695452e+01 2.914110e+00 1.200000e+01
      vertex   -3.711436e+01 3.300000e+00 1.200000e+01
    endloop
  endfacet
  facet normal -7.933533e-01 -6.087614e-01 1.081378e-16
    outer loop
      vertex   -3.711436e+01 3.300000e+00 9.500000e+00
      vertex   -3.711436e+01 3.300000e+00 1.200000e+01
      vertex   -3.736863e+01 3.631371e+00 9.500000e+00
    endloop
  endfacet
  facet normal -7.933533e-01 -6.087614e-01 1.081378e-16
    outer loop
      vertex   -3.736863e+01 3.631371e+00 9.500000e+00
      vertex   -3.711436e+01 3.300000e+00 1.200000e+01
      vertex   -3.736863e+01 3.631371e+00 1.200000e+01
    endloop
  endfacet
  facet normal -6.087614e-01 -7.933533e-01 1.409279e-16
    outer loop
      vertex   -3.736863e+01 3.631371e+00 9.500000e+00
      vertex   -3.736863e+01 3.631371e+00 1.200000e+01
      vertex   -3.770000e+01 3.885641e+00 9.500000e+00
    endloop
  endfacet
  facet normal -6.087614e-01 -7.933533e-01 0.000000e+00
    outer loop
      vertex   -3.770000e+01 3.885641e+00 9.500000e+00
      vertex   -3.736863e+01 3.631371e+00 1.200000e+01
      vertex   -3.770000e+01 3.885641e+00 1.200000e+01
    endloop
  endfacet
  facet normal -3.826834e-01 -9.238795e-01 0.000000e+00
    outer loop
      vertex   -3.770000e+01 3.885641e+00 9.500000e+00
      vertex   -3.770000e+01 3.885641e+00 1.200000e+01
      vertex   -3.808589e+01 4.045481e+00 9.500000e+00
    endloop
  endfacet
  facet normal -3.826834e-01 -9.238795e-01 0.000000e+00
    outer loop
      vertex   -3.808589e+01 4.045481e+00 9.500000e+00
      vertex   -3.770000e+01 3.885641e+00 1.200000e+01
      vertex   -3.808589e+01 4.045481e+00 1.200000e+01
    endloop
  endfacet
  facet normal -1.305262e-01 -9.914449e-01 0.000000e+00
    outer loop
      vertex   -3.808589e+01 4.045481e+00 9.500000e+00
      vertex   -3.808589e+01 4.045481e+00 1.200000e+01
      vertex   -3.850000e+01 4.100000e+00 9.500000e+00
    endloop
  endfacet
  facet normal -1.305262e-01 -9.914449e-01 0.000000e+00
    outer loop
      vertex   -3.850000e+01 4.100000e+00 9.500000e+00
      vertex   -3.808589e+01 4.045481e+00 1.200000e+01
      vertex   -3.850000e+01 4.100000e+00 1.200000e+01
    endloop
  endfacet
  facet normal 1.305262e-01 -9.914449e-01 0.000000e+00
    outer loop
      vertex   -3.850000e+01 4.100000e+00 9.500000e+00
      vertex   -3.850000e+01 4.100000e+00 1.200000e+01
      vertex   -3.891411e+01 4.045481e+00 9.500000e+00
    endloop
  endfacet
  facet normal 1.305262e-01 -9.914449e-01 0.000000e+00
    outer loop
      vertex   -3.891411e+01 4.045481e+00 9.500000e+00
      vertex   -3.850000e+01 4.100000e+00 1.200000e+01
      vertex   -3.891411e+01 4.045481e+00 1.200000e+01
    endloop
  endfacet
  facet normal 3.826834e-01 -9.238795e-01 0.000000e+00
    outer loop
      vertex   -3.891411e+01 4.045481e+00 9.500000e+00
      vertex   -3.891411e+01 4.045481e+00 1.200000e+01
      vertex   -3.930000e+01 3.885641e+00 9.500000e+00
    endloop
  endfacet
  facet normal 3.826834e-01 -9.238795e-01 -3.282279e-16
    outer loop
      vertex   -3.930000e+01 3.885641e+00 9.500000e+00
      vertex   -3.891411e+01 4.045481e+00 1.200000e+01
      vertex   -3.930000e+01 3.885641e+00 1.200000e+01
    endloop
  endfacet
  facet normal 6.087614e-01 -7.933533e-01 -2.818557e-16
    outer loop
      vertex   -3.930000e+01 3.885641e+00 9.500000e+00
      vertex   -3.930000e+01 3.885641e+00 1.200000e+01
      vertex   -3.963137e+01 3.631371e+00 9.500000e+00
    endloop
  endfacet
  facet normal 6.087614e-01 -7.933533e-01 0.000000e+00
    outer loop
      vertex   -3.963137e+01 3.631371e+00 9.500000e+00
      vertex   -3.930000e+01 3.885641e+00 1.200000e+01
      vertex   -3.963137e+01 3.631371e+00 1.200000e+01
    endloop
  endfacet
  facet normal 7.933533e-01 -6.087614e-01 0.000000e+00
    outer loop
      vertex   -3.963137e+01 3.631371e+00 9.500000e+00
      vertex   -3.963137e+01 3.631371e+00 1.200000e+01
      vertex   -3.988564e+01 3.300000e+00 9.500000e+00
    endloop
  endfacet
  facet normal 7.933533e-01 -6.087614e-01 -1.081378e-16
    outer loop
      vertex   -3.988564e+01 3.300000e+00 9.500000e+00
      vertex   -3.963137e+01 3.631371e+00 1.200000e+01
      vertex   -3.988564e+01 3.300000e+00 1.200000e+01
    endloop
  endfacet
  facet normal 9.238795e-01 -3.826834e-01 -6.797823e-17
    outer loop
      vertex   -3.988564e+01 3.300000e+00 9.500000e+00
      vertex   -3.988564e+01 3.300000e+00 1.200000e+01
      vertex   -4.004548e+01 2.914110e+00 9.500000e+00
    endloop
  endfacet
  facet normal 9.238795e-01 -3.826834e-01 -1.359565e-16
    outer loop
      vertex   -4.004548e+01 2.914110e+00 9.500000e+00
      vertex   -3.988564e+01 3.300000e+00 1.200000e+01
      vertex   -4.004548e+01 2.914110e+00 1.200000e+01
    endloop
  endfacet
  facet normal 9.914449e-01 -1.305262e-01 0.000000e+00
    outer loop
      vertex   3.695452e+01 -2.308589e+01 9.500000e+00
      vertex   3.695452e+01 -2.308589e+01 1.200000e+01
      vertex   3.690000e+01 -2.350000e+01 9.500000e+00
    endloop
  endfacet
  facet normal 9.914449e-01 -1.305262e-01 0.000000e+00
    outer loop
      vertex   3.690000e+01 -2.350000e+01 9.500000e+00
      vertex   3.695452e+01 -2.308589e+01 1.200000e+01
      vertex   3.690000e+01 -2.350000e+01 1.200000e+01
    endloop
  endfacet
  facet normal 9.914449e-01 1.305262e-01 -0.000000e+00
    outer loop
      vertex   3.690000e+01 -2.350000e+01 9.500000e+00
      vertex   3.690000e+01 -2.350000e+01 1.200000e+01
      vertex   3.695452e+01 -2.391411e+01 9.500000e+00
    endloop
  endfacet
  facet normal 9.914449e-01 1.305262e-01 -0.000000e+00
    outer loop
      vertex   3.695452e+01 -2.391411e+01 9.500000e+00
      vertex   3.690000e+01 -2.350000e+01 1.200000e+01
      vertex   3.695452e+01 -2.391411e+01 1.200000e+01
    endloop
  endfacet
  facet normal 9.238795e-01 3.826834e-01 -0.000000e+00
    outer loop
      vertex   3.695452e+01 -2.391411e+01 9.500000e+00
      vertex   3.695452e+01 -2.391411e+01 1.200000e+01
      vertex   3.711436e+01 -2.430000e+01 9.500000e+00
    endloop
  endfacet
  facet normal 9.238795e-01 3.826834e-01 -0.000000e+00
    outer loop
      vertex   3.711436e+01 -2.430000e+01 9.500000e+00
      vertex   3.695452e+01 -2.391411e+01 1.200000e+01
      vertex   3.711436e+01 -2.430000e+01 1.200000e+01
    endloop
  endfacet
  facet normal 7.933533e-01 6.087614e-01 -0.000000e+00
    outer loop
      vertex   3.711436e+01 -2.430000e+01 9.500000e+00
      vertex   3.711436e+01 -2.430000e+01 1.200000e+01
      vertex   3.736863e+01 -2.463137e+01 9.500000e+00
    endloop
  endfacet
  facet normal 7.933533e-01 6.087614e-01 -0.000000e+00
    outer loop
      vertex   3.736863e+01 -2.463137e+01 9.500000e+00
      vertex   3.711436e+01 -2.430000e+01 1.200000e+01
      vertex   3.736863e+01 -2.463137e+01 1.200000e+01
    endloop
  endfacet
  facet normal 6.087614e-01 7.933533e-01 -0.000000e+00
    outer loop
      vertex   3.736863e+01 -2.463137e+01 9.500000e+00
      vertex   3.736863e+01 -2.463137e+01 1.200000e+01
      vertex   3.770000e+01 -2.488564e+01 9.500000e+00
    endloop
  endfacet
  facet normal 6.087614e-01 7.933533e-01 -0.000000e+00
    outer loop
      vertex   3.770000e+01 -2.488564e+01 9.500000e+00
      vertex   3.736863e+01 -2.463137e+01 1.200000e+01
      vertex   3.770000e+01 -2.488564e+01 1.200000e+01
    endloop
  endfacet
  facet normal 3.826834e-01 9.238795e-01 -0.000000e+00
    outer loop
      vertex   3.770000e+01 -2.488564e+01 9.500000e+00
      vertex   3.770000e+01 -2.488564e+01 1.200000e+01
      vertex   3.808589e+01 -2.504548e+01 9.500000e+00
    endloop
  endfacet
  facet normal 3.826834e-01 9.238795e-01 -0.000000e+00
    outer loop
      vertex   3.808589e+01 -2.504548e+01 9.500000e+00
      vertex   3.770000e+01 -2.488564e+01 1.200000e+01
      vertex   3.808589e+01 -2.504548e+01 1.200000e+01
    endloop
  endfacet
  facet normal 1.305262e-01 9.914449e-01 -0.000000e+00
    outer loop
      vertex   3.808589e+01 -2.504548e+01 9.500000e+00
      vertex   3.808589e+01 -2.504548e+01 1.200000e+01
      vertex   3.850000e+01 -2.510000e+01 9.500000e+00
    endloop
  endfacet
  facet normal 1.305262e-01 9.914449e-01 -0.000000e+00
    outer loop
      vertex   3.850000e+01 -2.510000e+01 9.500000e+00
      vertex   3.808589e+01 -2.504548e+01 1.200000e+01
      vertex   3.850000e+01 -2.510000e+01 1.200000e+01
    endloop
  endfacet
  facet normal -1.305262e-01 9.914449e-01 0.000000e+00
    outer loop
      vertex   3.850000e+01 -2.510000e+01 9.500000e+00
      vertex   3.850000e+01 -2.510000e+01 1.200000e+01
      vertex   3.891411e+01 -2.504548e+01 9.500000e+00
    endloop
  endfacet
  facet normal -1.305262e-01 9.914449e-01 0.000000e+00
    outer loop
      vertex   3.891411e+01 -2.504548e+01 9.500000e+00
      vertex   3.850000e+01 -2.510000e+01 1.200000e+01
      vertex   3.891411e+01 -2.504548e+01 1.200000e+01
    endloop
  endfacet
  facet normal -3.826834e-01 9.238795e-01 0.000000e+00
    outer loop
      vertex   3.891411e+01 -2.504548e+01 9.500000e+00
      vertex   3.891411e+01 -2.504548e+01 1.200000e+01
      vertex   3.930000e+01 -2.488564e+01 9.500000e+00
    endloop
  endfacet
  facet normal -3.826834e-01 9.238795e-01 0.000000e+00
    outer loop
      vertex   3.930000e+01 -2.488564e+01 9.500000e+00
      vertex   3.891411e+01 -2.504548e+01 1.200000e+01
      vertex   3.930000e+01 -2.488564e+01 1.200000e+01
    endloop
  endfacet
  facet normal -6.087614e-01 7.933533e-01 0.000000e+00
    outer loop
      vertex   3.930000e+01 -2.488564e+01 9.500000e+00
      vertex   3.930000e+01 -2.488564e+01 1.200000e+01
      vertex   3.963137e+01 -2.463137e+01 9.500000e+00
    endloop
  endfacet
  facet normal -6.087614e-01 7.933533e-01 0.000000e+00
    outer loop
      vertex   3.963137e+01 -2.463137e+01 9.500000e+00
      vertex   3.930000e+01 -2.488564e+01 1.200000e+01
      vertex   3.963137e+01 -2.463137e+01 1.200000e+01
    endloop
  endfacet
  facet normal -7.933533e-01 6.087614e-01 0.000000e+00
    outer loop
      vertex   3.963137e+01 -2.463137e+01 9.500000e+00
      vertex   3.963137e+01 -2.463137e+01 1.200000e+01
      vertex   3.988564e+01 -2.430000e+01 9.500000e+00
    endloop
  endfacet
  facet normal -7.933533e-01 6.087614e-01 0.000000e+00
    outer loop
      vertex   3.988564e+01 -2.430000e+01 9.500000e+00
      vertex   3.963137e+01 -2.463137e+01 1.200000e+01
      vertex   3.988564e+01 -2.430000e+01 1.200000e+01
    endloop
  endfacet
  facet normal -9.238795e-01 3.826834e-01 0.000000e+00
    outer loop
      vertex   3.988564e+01 -2.430000e+01 9.500000e+00
      vertex   3.988564e+01 -2.430000e+01 1.200000e+01
      vertex   4.004548e+01 -2.391411e+01 9.500000e+00
    endloop
  endfacet
  facet normal -9.238795e-01 3.826834e-01 0.000000e+00
    outer loop
      vertex   4.004548e+01 -2.391411e+01 9.500000e+00
      vertex   3.988564e+01 -2.430000e+01 1.200000e+01
      vertex   4.004548e+01 -2.391411e+01 1.200000e+01
    endloop
  endfacet
  facet normal -9.914449e-01 1.305262e-01 0.000000e+00
    outer loop
      vertex   4.004548e+01 -2.391411e+01 9.500000e+00
      vertex   4.004548e+01 -2.391411e+01 1.200000e+01
      vertex   4.010000e+01 -2.350000e+01 9.500000e+00
    endloop
  endfacet
  facet normal -9.914449e-01 1.305262e-01 0.000000e+00
    outer loop
      vertex   4.010000e+01 -2.350000e+01 9.500000e+00
      vertex   4.004548e+01 -2.391411e+01 1.200000e+01
      vertex   4.010000e+01 -2.350000e+01 1.200000e+01
    endloop
  endfacet
  facet normal -9.914449e-01 -1.305262e-01 0.000000e+00
    outer loop
      vertex   4.010000e+01 -2.350000e+01 9.500000e+00
      vertex   4.010000e+01 -2.350000e+01 1.200000e+01
      vertex   4.004548e+01 -2.308589e+01 9.500000e+00
    endloop
  endfacet
  facet normal -9.914449e-01 -1.305262e-01 0.000000e+00
    outer loop
      vertex   4.004548e+01 -2.308589e+01 9.500000e+00
      vertex   4.010000e+01 -2.350000e+01 1.200000e+01
      vertex   4.004548e+01 -2.308589e+01 1.200000e+01
    endloop
  endfacet
  facet normal -9.238795e-01 -3.826834e-01 0.000000e+00
    outer loop
      vertex   4.004548e+01 -2.308589e+01 9.500000e+00
      vertex   4.004548e+01 -2.308589e+01 1.200000e+01
      vertex   3.988564e+01 -2.270000e+01 9.500000e+00
    endloop
  endfacet
  facet normal -9.238795e-01 -3.826834e-01 0.000000e+00
    outer loop
      vertex   3.988564e+01 -2.270000e+01 9.500000e+00
      vertex   4.004548e+01 -2.308589e+01 1.200000e+01
      vertex   3.988564e+01 -2.270000e+01 1.200000e+01
    endloop
  endfacet
  facet normal -7.933533e-01 -6.087614e-01 0.000000e+00
    outer loop
      vertex   3.988564e+01 -2.270000e+01 9.500000e+00
      vertex   3.988564e+01 -2.270000e+01 1.200000e+01
      vertex   3.963137e+01 -2.236863e+01 9.500000e+00
    endloop
  endfacet
  facet normal -7.933533e-01 -6.087614e-01 0.000000e+00
    outer loop
      vertex   3.963137e+01 -2.236863e+01 9.500000e+00
      vertex   3.988564e+01 -2.270000e+01 1.200000e+01
      vertex   3.963137e+01 -2.236863e+01 1.200000e+01
    endloop
  endfacet
  facet normal -6.087614e-01 -7.933533e-01 0.000000e+00
    outer loop
      vertex   3.963137e+01 -2.236863e+01 9.500000e+00
      vertex   3.963137e+01 -2.236863e+01 1.200000e+01
      vertex   3.930000e+01 -2.211436e+01 9.500000e+00
    endloop
  endfacet
  facet normal -6.087614e-01 -7.933533e-01 0.000000e+00
    outer loop
      vertex   3.930000e+01 -2.211436e+01 9.500000e+00
      vertex   3.963137e+01 -2.236863e+01 1.200000e+01
      vertex   3.930000e+01 -2.211436e+01 1.200000e+01
    endloop
  endfacet
  facet normal -3.826834e-01 -9.238795e-01 0.000000e+00
    outer loop
      vertex   3.930000e+01 -2.211436e+01 9.500000e+00
      vertex   3.930000e+01 -2.211436e+01 1.200000e+01
      vertex   3.891411e+01 -2.195452e+01 9.500000e+00
    endloop
  endfacet
  facet normal -3.826834e-01 -9.238795e-01 0.000000e+00
    outer loop
      vertex   3.891411e+01 -2.195452e+01 9.500000e+00
      vertex   3.930000e+01 -2.211436e+01 1.200000e+01
      vertex   3.891411e+01 -2.195452e+01 1.200000e+01
    endloop
  endfacet
  facet normal -1.305262e-01 -9.914449e-01 0.000000e+00
    outer loop
      vertex   3.891411e+01 -2.195452e+01 9.500000e+00
      vertex   3.891411e+01 -2.195452e+01 1.200000e+01
      vertex   3.850000e+01 -2.190000e+01 9.500000e+00
    endloop
  endfacet
  facet normal -1.305262e-01 -9.914449e-01 0.000000e+00
    outer loop
      vertex   3.850000e+01 -2.190000e+01 9.500000e+00
      vertex   3.891411e+01 -2.195452e+01 1.200000e+01
      vertex   3.850000e+01 -2.190000e+01 1.200000e+01
    endloop
  endfacet
  facet normal 1.305262e-01 -9.914449e-01 0.000000e+00
    outer loop
      vertex   3.850000e+01 -2.190000e+01 9.500000e+00
      vertex   3.850000e+01 -2.190000e+01 1.200000e+01
      vertex   3.808589e+01 -2.195452e+01 9.500000e+00
    endloop
  endfacet
  facet normal 1.305262e-01 -9.914449e-01 0.000000e+00
    outer loop
      vertex   3.808589e+01 -2.195452e+01 9.500000e+00
      vertex   3.850000e+01 -2.190000e+01 1.200000e+01
      vertex   3.808589e+01 -2.195452e+01 1.200000e+01
    endloop
  endfacet
  facet normal 3.826834e-01 -9.238795e-01 0.000000e+00
    outer loop
      vertex   3.808589e+01 -2.195452e+01 9.500000e+00
      vertex   3.808589e+01 -2.195452e+01 1.200000e+01
      vertex   3.770000e+01 -2.211436e+01 9.500000e+00
    endloop
  endfacet
  facet normal 3.826834e-01 -9.238795e-01 0.000000e+00
    outer loop
      vertex   3.770000e+01 -2.211436e+01 9.500000e+00
      vertex   3.808589e+01 -2.195452e+01 1.200000e+01
      vertex   3.770000e+01 -2.211436e+01 1.200000e+01
    endloop
  endfacet
  facet normal 6.087614e-01 -7.933533e-01 0.000000e+00
    outer loop
      vertex   3.770000e+01 -2.211436e+01 9.500000e+00
      vertex   3.770000e+01 -2.211436e+01 1.200000e+01
      vertex   3.736863e+01 -2.236863e+01 9.500000e+00
    endloop
  endfacet
  facet normal 6.087614e-01 -7.933533e-01 0.000000e+00
    outer loop
      vertex   3.736863e+01 -2.236863e+01 9.500000e+00
      vertex   3.770000e+01 -2.211436e+01 1.200000e+01
      vertex   3.736863e+01 -2.236863e+01 1.200000e+01
    endloop
  endfacet
  facet normal 7.933533e-01 -6.087614e-01 0.000000e+00
    outer loop
      vertex   3.736863e+01 -2.236863e+01 9.500000e+00
      vertex   3.736863e+01 -2.236863e+01 1.200000e+01
      vertex   3.711436e+01 -2.270000e+01 9.500000e+00
    endloop
  endfacet
  facet normal 7.933533e-01 -6.087614e-01 0.000000e+00
    outer loop
      vertex   3.711436e+01 -2.270000e+01 9.500000e+00
      vertex   3.736863e+01 -2.236863e+01 1.200000e+01
      vertex   3.711436e+01 -2.270000e+01 1.200000e+01
    endloop
  endfacet
  facet normal 9.238795e-01 -3.826834e-01 0.000000e+00
    outer loop
      vertex   3.711436e+01 -2.270000e+01 9.500000e+00
      vertex   3.711436e+01 -2.270000e+01 1.200000e+01
      vertex   3.695452e+01 -2.308589e+01 9.500000e+00
    endloop
  endfacet
  facet normal 9.238795e-01 -3.826834e-01 0.000000e+00
    outer loop
      vertex   3.695452e+01 -2.308589e+01 9.500000e+00
      vertex   3.711436e+01 -2.270000e+01 1.200000e+01
      vertex   3.695452e+01 -2.308589e+01 1.200000e+01
    endloop
  endfacet
  facet normal -7.021272e-01 7.120410e-01 3.881580e-03
    outer loop
      vertex   -1.787397e+01 -1.910776e+01 9.500000e+00
      vertex   -1.715105e+01 -1.840854e+01 1.200000e+01
      vertex   -1.700000e+01 -1.824597e+01 9.500000e+00
    endloop
  endfacet
  facet normal -7.621561e-01 6.473812e-01 -3.950293e-03
    outer loop
      vertex   -1.700000e+01 -1.824597e+01 9.500000e+00
      vertex   -1.715105e+01 -1.840854e+01 1.200000e+01
      vertex   -1.634493e+01 -1.745950e+01 1.200000e+01
    endloop
  endfacet
  facet normal -7.736353e-01 6.336221e-01 3.385986e-03
    outer loop
      vertex   -1.700000e+01 -1.824597e+01 9.500000e+00
      vertex   -1.634493e+01 -1.745950e+01 1.200000e+01
      vertex   -1.623107e+01 -1.730713e+01 9.500000e+00
    endloop
  endfacet
  facet normal -8.276840e-01 5.611836e-01 -3.490755e-03
    outer loop
      vertex   -1.623107e+01 -1.730713e+01 9.500000e+00
      vertex   -1.634493e+01 -1.745950e+01 1.200000e+01
      vertex   -1.564614e+01 -1.642887e+01 1.200000e+01
    endloop
  endfacet
  facet normal -8.360989e-01 5.485710e-01 2.908978e-03
    outer loop
      vertex   -1.623107e+01 -1.730713e+01 9.500000e+00
      vertex   -1.564614e+01 -1.642887e+01 1.200000e+01
      vertex   -1.556536e+01 -1.629248e+01 9.500000e+00
    endloop
  endfacet
  facet normal -8.835081e-01 4.684063e-01 -2.996281e-03
    outer loop
      vertex   -1.556536e+01 -1.629248e+01 9.500000e+00
      vertex   -1.564614e+01 -1.642887e+01 1.200000e+01
      vertex   -1.506288e+01 -1.532872e+01 1.200000e+01
    endloop
  endfacet
  facet normal -8.892522e-01 4.574109e-01 2.397035e-03
    outer loop
      vertex   -1.556536e+01 -1.629248e+01 9.500000e+00
      vertex   -1.506288e+01 -1.532872e+01 1.200000e+01
      vertex   -1.501027e+01 -1.521334e+01 9.500000e+00
    endloop
  endfacet
  facet normal -9.289739e-01 3.701370e-01 -2.466873e-03
    outer loop
      vertex   -1.501027e+01 -1.521334e+01 9.500000e+00
      vertex   -1.506288e+01 -1.532872e+01 1.200000e+01
      vertex   -1.460199e+01 -1.417197e+01 1.200000e+01
    endloop
  endfacet
  facet normal -9.325032e-01 3.611569e-01 1.850161e-03
    outer loop
      vertex   -1.501027e+01 -1.521334e+01 9.500000e+00
      vertex   -1.460199e+01 -1.417197e+01 1.200000e+01
      vertex   -1.457199e+01 -1.408171e+01 9.500000e+00
    endloop
  endfacet
  facet normal -9.635482e-01 2.675279e-01 -1.902537e-03
    outer loop
      vertex   -1.457199e+01 -1.408171e+01 9.500000e+00
      vertex   -1.460199e+01 -1.417197e+01 1.200000e+01
      vertex   -1.426886e+01 -1.297216e+01 1.200000e+01
    endloop
  endfacet
  facet normal -9.653701e-01 2.608810e-01 1.268361e-03
    outer loop
      vertex   -1.457199e+01 -1.408171e+01 9.500000e+00
      vertex   -1.426886e+01 -1.297216e+01 1.200000e+01
      vertex   -1.425540e+01 -1.291020e+01 9.500000e+00
    endloop
  endfacet
  facet normal -9.868257e-01 1.617819e-01 -1.303276e-03
    outer loop
      vertex   -1.425540e+01 -1.291020e+01 9.500000e+00
      vertex   -1.426886e+01 -1.297216e+01 1.200000e+01
      vertex   -1.406741e+01 -1.174337e+01 1.200000e+01
    endloop
  endfacet
  facet normal -9.874869e-01 1.576999e-01 6.516389e-04
    outer loop
      vertex   -1.425540e+01 -1.291020e+01 9.500000e+00
      vertex   -1.406741e+01 -1.174337e+01 1.200000e+01
      vertex   -1.406403e+01 -1.171185e+01 9.500000e+00
    endloop
  endfacet
  facet normal -9.985332e-01 5.413890e-02 -6.690950e-04
    outer loop
      vertex   -1.406403e+01 -1.171185e+01 9.500000e+00
      vertex   -1.406741e+01 -1.174337e+01 1.200000e+01
      vertex   -1.400000e+01 -1.050000e+01 1.200000e+01
    endloop
  endfacet
  facet normal -9.986071e-01 5.276248e-02 0.000000e+00
    outer loop
      vertex   -1.406403e+01 -1.171185e+01 9.500000e+00
      vertex   -1.400000e+01 -1.050000e+01 1.200000e+01
      vertex   -1.400000e+01 -1.050000e+01 9.500000e+00
    endloop
  endfacet
  facet normal -9.986071e-01 -5.276248e-02 0.000000e+00
    outer loop
      vertex   -1.400000e+01 -1.050000e+01 9.500000e+00
      vertex   -1.400000e+01 -1.050000e+01 1.200000e+01
      vertex   -1.406403e+01 -9.288153e+00 9.500000e+00
    endloop
  endfacet
  facet normal -9.985332e-01 -5.413890e-02 -6.690950e-04
    outer loop
      vertex   -1.406403e+01 -9.288153e+00 9.500000e+00
      vertex   -1.400000e+01 -1.050000e+01 1.200000e+01
      vertex   -1.406741e+01 -9.256631e+00 1.200000e+01
    endloop
  endfacet
  facet normal -9.874869e-01 -1.576999e-01 6.516389e-04
    outer loop
      vertex   -1.406403e+01 -9.288153e+00 9.500000e+00
      vertex   -1.406741e+01 -9.256631e+00 1.200000e+01
      vertex   -1.425540e+01 -8.089801e+00 9.500000e+00
    endloop
  endfacet
  facet normal -9.868257e-01 -1.617819e-01 -1.303276e-03
    outer loop
      vertex   -1.425540e+01 -8.089801e+00 9.500000e+00
      vertex   -1.406741e+01 -9.256631e+00 1.200000e+01
      vertex   -1.426886e+01 -8.027840e+00 1.200000e+01
    endloop
  endfacet
  facet normal -9.653701e-01 -2.608810e-01 1.268361e-03
    outer loop
      vertex   -1.425540e+01 -8.089801e+00 9.500000e+00
      vertex   -1.426886e+01 -8.027840e+00 1.200000e+01
      vertex   -1.457199e+01 -6.918288e+00 9.500000e+00
    endloop
  endfacet
  facet normal -9.635482e-01 -2.675279e-01 -1.902537e-03
    outer loop
      vertex   -1.457199e+01 -6.918288e+00 9.500000e+00
      vertex   -1.426886e+01 -8.027840e+00 1.200000e+01
      vertex   -1.460199e+01 -6.828032e+00 1.200000e+01
    endloop
  endfacet
  facet normal -9.325032e-01 -3.611569e-01 1.850161e-03
    outer loop
      vertex   -1.457199e+01 -6.918288e+00 9.500000e+00
      vertex   -1.460199e+01 -6.828032e+00 1.200000e+01
      vertex   -1.501027e+01 -5.786659e+00 9.500000e+00
    endloop
  endfacet
  facet normal -9.289739e-01 -3.701370e-01 -2.466873e-03
    outer loop
      vertex   -1.501027e+01 -5.786659e+00 9.500000e+00
      vertex   -1.460199e+01 -6.828032e+00 1.200000e+01
      vertex   -1.506288e+01 -5.671275e+00 1.200000e+01
    endloop
  endfacet
  facet normal -8.892522e-01 -4.574109e-01 2.397035e-03
    outer loop
      vertex   -1.501027e+01 -5.786659e+00 9.500000e+00
      vertex   -1.506288e+01 -5.671275e+00 1.200000e+01
      vertex   -1.556536e+01 -4.707515e+00 9.500000e+00
    endloop
  endfacet
  facet normal -8.835081e-01 -4.684063e-01 -2.996281e-03
    outer loop
      vertex   -1.556536e+01 -4.707515e+00 9.500000e+00
      vertex   -1.506288e+01 -5.671275e+00 1.200000e+01
      vertex   -1.564614e+01 -4.571131e+00 1.200000e+01
    endloop
  endfacet
  facet normal -8.360989e-01 -5.485710e-01 2.908978e-03
    outer loop
      vertex   -1.556536e+01 -4.707515e+00 9.500000e+00
      vertex   -1.564614e+01 -4.571131e+00 1.200000e+01
      vertex   -1.623107e+01 -3.692874e+00 9.500000e+00
    endloop
  endfacet
  facet normal -8.276840e-01 -5.611836e-01 -3.490755e-03
    outer loop
      vertex   -1.623107e+01 -3.692874e+00 9.500000e+00
      vertex   -1.564614e+01 -4.571131e+00 1.200000e+01
      vertex   -1.634493e+01 -3.540497e+00 1.200000e+01
    endloop
  endfacet
  facet normal -7.736353e-01 -6.336221e-01 3.385986e-03
    outer loop
      vertex   -1.623107e+01 -3.692874e+00 9.500000e+00
      vertex   -1.634493e+01 -3.540497e+00 1.200000e+01
      vertex   -1.700000e+01 -2.754033e+00 9.500000e+00
    endloop
  endfacet
  facet normal -7.621561e-01 -6.473812e-01 -3.950293e-03
    outer loop
      vertex   -1.700000e+01 -2.754033e+00 9.500000e+00
      vertex   -1.634493e+01 -3.540497e+00 1.200000e+01
      vertex   -1.715105e+01 -2.591456e+00 1.200000e+01
    endloop
  endfacet
  facet normal -7.021272e-01 -7.120410e-01 3.881580e-03
    outer loop
      vertex   -1.700000e+01 -2.754033e+00 9.500000e+00
      vertex   -1.715105e+01 -2.591456e+00 1.200000e+01
      vertex   -1.787397e+01 -1.892236e+00 9.500000e+00
    endloop
  endfacet
  facet normal -6.876934e-01 -7.259891e-01 -4.193272e-03
    outer loop
      vertex   -1.787397e+01 -1.892236e+00 9.500000e+00
      vertex   -1.715105e+01 -2.591456e+00 1.200000e+01
      vertex   -1.805506e+01 -1.735136e+00 1.200000e+01
    endloop
  endfacet
  facet normal -6.222393e-01 -7.828162e-01 4.119040e-03
    outer loop
      vertex   -1.787397e+01 -1.892236e+00 9.500000e+00
      vertex   -1.805506e+01 -1.735136e+00 1.200000e+01
      vertex   -1.883480e+01 -1.128494e+00 9.500000e+00
    endloop
  endfacet
  facet normal -6.051683e-01 -7.960853e-01 -4.425210e-03
    outer loop
      vertex   -1.883480e+01 -1.128494e+00 9.500000e+00
      vertex   -1.805506e+01 -1.735136e+00 1.200000e+01
      vertex   -1.904635e+01 -9.815765e-01 1.200000e+01
    endloop
  endfacet
  facet normal -5.352635e-01 -8.446739e-01 4.345458e-03
    outer loop
      vertex   -1.883480e+01 -1.128494e+00 9.500000e+00
      vertex   -1.904635e+01 -9.815765e-01 1.200000e+01
      vertex   -1.987156e+01 -4.715055e-01 9.500000e+00
    endloop
  endfacet
  facet normal -5.155483e-01 -8.568479e-01 -4.646107e-03
    outer loop
      vertex   -1.987156e+01 -4.715055e-01 9.500000e+00
      vertex   -1.904635e+01 -9.815765e-01 1.200000e+01
      vertex   -2.011330e+01 -3.396115e-01 1.200000e+01
    endloop
  endfacet
  facet normal -4.421905e-01 -8.969096e-01 4.560834e-03
    outer loop
      vertex   -1.987156e+01 -4.715055e-01 9.500000e+00
      vertex   -2.011330e+01 -3.396115e-01 1.200000e+01
      vertex   -2.097244e+01 7.124454e-02 9.500000e+00
    endloop
  endfacet
  facet normal -4.198842e-01 -9.075647e-01 -4.855961e-03
    outer loop
      vertex   -2.097244e+01 7.124454e-02 9.500000e+00
      vertex   -2.011330e+01 -3.396115e-01 1.200000e+01
      vertex   -2.124341e+01 1.832323e-01 1.200000e+01
    endloop
  endfacet
  facet normal -3.440805e-01 -9.389281e-01 4.765168e-03
    outer loop
      vertex   -2.097244e+01 7.124454e-02 9.500000e+00
      vertex   -2.124341e+01 1.832323e-01 1.200000e+01
      vertex   -2.212489e+01 4.935735e-01 9.500000e+00
    endloop
  endfacet
  facet normal -3.192975e-01 -9.476411e-01 -5.054773e-03
    outer loop
      vertex   -2.212489e+01 4.935735e-01 9.500000e+00
      vertex   -2.124341e+01 1.832323e-01 1.200000e+01
      vertex   -2.242342e+01 5.808249e-01 1.200000e+01
    endloop
  endfacet
  facet normal -2.420512e-01 -9.702508e-01 4.958459e-03
    outer loop
      vertex   -2.212489e+01 4.935735e-01 9.500000e+00
      vertex   -2.242342e+01 5.808249e-01 1.200000e+01
      vertex   -2.331579e+01 7.906706e-01 9.500000e+00
    endloop
  endfacet
  facet normal -2.149675e-01 -9.766071e-01 -5.242542e-03
    outer loop
      vertex   -2.331579e+01 7.906706e-01 9.500000e+00
      vertex   -2.242342e+01 5.808249e-01 1.200000e+01
      vertex   -2.363951e+01 8.485050e-01 1.200000e+01
    endloop
  endfacet
  facet normal -1.372647e-01 -9.905211e-01 5.140706e-03
    outer loop
      vertex   -2.331579e+01 7.906706e-01 9.500000e+00
      vertex   -2.363951e+01 8.485050e-01 1.200000e+01
      vertex   -2.453157e+01 9.591515e-01 9.500000e+00
    endloop
  endfacet
  facet normal -1.081174e-01 -9.941234e-01 -5.419267e-03
    outer loop
      vertex   -2.453157e+01 9.591515e-01 9.500000e+00
      vertex   -2.363951e+01 8.485050e-01 1.200000e+01
      vertex   -2.487740e+01 9.831343e-01 1.200000e+01
    endloop
  endfacet
  facet normal -3.091483e-02 -9.995079e-01 5.311910e-03
    outer loop
      vertex   -2.453157e+01 9.591515e-01 9.500000e+00
      vertex   -2.487740e+01 9.831343e-01 1.200000e+01
      vertex   -2.575839e+01 9.970968e-01 9.500000e+00
    endloop
  endfacet
  facet normal 0.000000e+00 -9.999844e-01 -5.584949e-03
    outer loop
      vertex   -2.575839e+01 9.970968e-01 9.500000e+00
      vertex   -2.487740e+01 9.831343e-01 1.200000e+01
      vertex   -2.612260e+01 9.831343e-01 1.200000e+01
    endloop
  endfacet
  facet normal 7.578704e-02 -9.971090e-01 5.472070e-03
    outer loop
      vertex   -2.575839e+01 9.970968e-01 9.500000e+00
      vertex   -2.612260e+01 9.831343e-01 1.200000e+01
      vertex   -2.698226e+01 9.040745e-01 9.500000e+00
    endloop
  endfacet
  facet normal 1.081172e-01 -9.941216e-01 -5.739586e-03
    outer loop
      vertex   -2.698226e+01 9.040745e-01 9.500000e+00
      vertex   -2.612260e+01 9.831343e-01 1.200000e+01
      vertex   -2.736049e+01 8.485050e-01 1.200000e+01
    endloop
  endfacet
  facet normal 1.816254e-01 -9.833517e-01 5.621186e-03
    outer loop
      vertex   -2.698226e+01 9.040745e-01 9.500000e+00
      vertex   -2.736049e+01 8.485050e-01 1.200000e+01
      vertex   -2.818924e+01 6.811441e-01 9.500000e+00
    endloop
  endfacet
  facet normal 2.149667e-01 -9.766037e-01 -5.883179e-03
    outer loop
      vertex   -2.818924e+01 6.811441e-01 9.500000e+00
      vertex   -2.736049e+01 8.485050e-01 1.200000e+01
      vertex   -2.857658e+01 5.808249e-01 1.200000e+01
    endloop
  endfacet
  facet normal 2.853946e-01 -9.583928e-01 5.759258e-03
    outer loop
      vertex   -2.818924e+01 6.811441e-01 9.500000e+00
      vertex   -2.857658e+01 5.808249e-01 1.200000e+01
      vertex   -2.936559e+01 3.308451e-01 9.500000e+00
    endloop
  endfacet
  facet normal 3.192958e-01 -9.476360e-01 -6.015728e-03
    outer loop
      vertex   -2.936559e+01 3.308451e-01 9.500000e+00
      vertex   -2.857658e+01 5.808249e-01 1.200000e+01
      vertex   -2.975659e+01 1.832323e-01 1.200000e+01
    endloop
  endfacet
  facet normal 3.859127e-01 -9.225165e-01 5.886284e-03
    outer loop
      vertex   -2.936559e+01 3.308451e-01 9.500000e+00
      vertex   -2.975659e+01 1.832323e-01 1.200000e+01
      vertex   -3.049791e+01 -1.428321e-01 9.500000e+00
    endloop
  endfacet
  facet normal 4.198812e-01 -9.075583e-01 -6.137232e-03
    outer loop
      vertex   -3.049791e+01 -1.428321e-01 9.500000e+00
      vertex   -2.975659e+01 1.832323e-01 1.200000e+01
      vertex   -3.088670e+01 -3.396115e-01 1.200000e+01
    endloop
  endfacet
  facet normal 4.820346e-01 -8.761316e-01 6.002266e-03
    outer loop
      vertex   -3.049791e+01 -1.428321e-01 9.500000e+00
      vertex   -3.088670e+01 -3.396115e-01 1.200000e+01
      vertex   -3.157329e+01 -7.344917e-01 9.500000e+00
    endloop
  endfacet
  facet normal 5.155438e-01 -8.568405e-01 -6.247690e-03
    outer loop
      vertex   -3.157329e+01 -7.344917e-01 9.500000e+00
      vertex   -3.088670e+01 -3.396115e-01 1.200000e+01
      vertex   -3.195365e+01 -9.815765e-01 1.200000e+01
    endloop
  endfacet
  facet normal 5.726653e-01 -8.197665e-01 6.107202e-03
    outer loop
      vertex   -3.157329e+01 -7.344917e-01 9.500000e+00
      vertex   -3.195365e+01 -9.815765e-01 1.200000e+01
      vertex   -3.257949e+01 -1.437394e+00 9.500000e+00
    endloop
  endfacet
  facet normal 6.051620e-01 -7.960770e-01 -6.347104e-03
    outer loop
      vertex   -3.257949e+01 -1.437394e+00 9.500000e+00
      vertex   -3.195365e+01 -9.815765e-01 1.200000e+01
      vertex   -3.294494e+01 -1.735136e+00 1.200000e+01
    endloop
  endfacet
  facet normal 6.567725e-01 -7.540633e-01 6.201093e-03
    outer loop
      vertex   -3.257949e+01 -1.437394e+00 9.500000e+00
      vertex   -3.294494e+01 -1.735136e+00 1.200000e+01
      vertex   -3.350504e+01 -2.243532e+00 9.500000e+00
    endloop
  endfacet
  facet normal 6.876852e-01 -7.259805e-01 -6.435471e-03
    outer loop
      vertex   -3.350504e+01 -2.243532e+00 9.500000e+00
      vertex   -3.294494e+01 -1.735136e+00 1.200000e+01
      vertex   -3.384895e+01 -2.591456e+00 1.200000e+01
    endloop
  endfacet
  facet normal 7.333981e-01 -6.797703e-01 6.283938e-03
    outer loop
      vertex   -3.350504e+01 -2.243532e+00 9.500000e+00
      vertex   -3.384895e+01 -2.591456e+00 1.200000e+01
      vertex   -3.433941e+01 -3.143722e+00 9.500000e+00
    endloop
  endfacet
  facet normal 7.621459e-01 -6.473726e-01 -6.512794e-03
    outer loop
      vertex   -3.433941e+01 -3.143722e+00 9.500000e+00
      vertex   -3.384895e+01 -2.591456e+00 1.200000e+01
      vertex   -3.465507e+01 -3.540497e+00 1.200000e+01
    endloop
  endfacet
  facet normal 8.016693e-01 -5.977340e-01 6.355738e-03
    outer loop
      vertex   -3.433941e+01 -3.143722e+00 9.500000e+00
      vertex   -3.465507e+01 -3.540497e+00 1.200000e+01
      vertex   -3.507308e+01 -4.127710e+00 9.500000e+00
    endloop
  endfacet
  facet normal 8.276711e-01 -5.611749e-01 -6.579070e-03
    outer loop
      vertex   -3.507308e+01 -4.127710e+00 9.500000e+00
      vertex   -3.465507e+01 -3.540497e+00 1.200000e+01
      vertex   -3.535386e+01 -4.571131e+00 1.200000e+01
    endloop
  endfacet
  facet normal 8.608084e-01 -5.088887e-01 6.416492e-03
    outer loop
      vertex   -3.507308e+01 -4.127710e+00 9.500000e+00
      vertex   -3.535386e+01 -4.571131e+00 1.200000e+01
      vertex   -3.569771e+01 -5.184287e+00 9.500000e+00
    endloop
  endfacet
  facet normal 8.834926e-01 -4.683981e-01 -6.634300e-03
    outer loop
      vertex   -3.569771e+01 -5.184287e+00 9.500000e+00
      vertex   -3.535386e+01 -4.571131e+00 1.200000e+01
      vertex   -3.593712e+01 -5.671275e+00 1.200000e+01
    endloop
  endfacet
  facet normal 9.101417e-01 -4.142466e-01 6.466199e-03
    outer loop
      vertex   -3.569771e+01 -5.184287e+00 9.500000e+00
      vertex   -3.593712e+01 -5.671275e+00 1.200000e+01
      vertex   -3.620616e+01 -6.301418e+00 9.500000e+00
    endloop
  endfacet
  facet normal 9.289560e-01 -3.701299e-01 -6.678485e-03
    outer loop
      vertex   -3.620616e+01 -6.301418e+00 9.500000e+00
      vertex   -3.593712e+01 -5.671275e+00 1.200000e+01
      vertex   -3.639801e+01 -6.828032e+00 1.200000e+01
    endloop
  endfacet
  facet normal 9.491073e-01 -3.148858e-01 6.504861e-03
    outer loop
      vertex   -3.620616e+01 -6.301418e+00 9.500000e+00
      vertex   -3.639801e+01 -6.828032e+00 1.200000e+01
      vertex   -3.659266e+01 -7.466376e+00 9.500000e+00
    endloop
  endfacet
  facet normal 9.635283e-01 -2.675223e-01 -6.711623e-03
    outer loop
      vertex   -3.659266e+01 -7.466376e+00 9.500000e+00
      vertex   -3.639801e+01 -6.828032e+00 1.200000e+01
      vertex   -3.673114e+01 -8.027840e+00 1.200000e+01
    endloop
  endfacet
  facet normal 9.772613e-01 -2.119380e-01 6.532477e-03
    outer loop
      vertex   -3.659266e+01 -7.466376e+00 9.500000e+00
      vertex   -3.673114e+01 -8.027840e+00 1.200000e+01
      vertex   -3.685280e+01 -8.665892e+00 9.500000e+00
    endloop
  endfacet
  facet normal 9.868041e-01 -1.617783e-01 -6.733716e-03
    outer loop
      vertex   -3.685280e+01 -8.665892e+00 9.500000e+00
      vertex   -3.673114e+01 -8.027840e+00 1.200000e+01
      vertex   -3.693259e+01 -9.256631e+00 1.200000e+01
    endloop
  endfacet
  facet normal 9.942830e-01 -1.065760e-01 6.549046e-03
    outer loop
      vertex   -3.685280e+01 -8.665892e+00 9.500000e+00
      vertex   -3.693259e+01 -9.256631e+00 1.200000e+01
      vertex   -3.698361e+01 -9.886300e+00 9.500000e+00
    endloop
  endfacet
  facet normal 9.985107e-01 -5.413768e-02 -6.744762e-03
    outer loop
      vertex   -3.698361e+01 -9.886300e+00 9.500000e+00
      vertex   -3.693259e+01 -9.256631e+00 1.200000e+01
      vertex   -3.700000e+01 -1.050000e+01 1.200000e+01
    endloop
  endfacet
  facet normal 9.999785e-01 0.000000e+00 6.554569e-03
    outer loop
      vertex   -3.698361e+01 -9.886300e+00 9.500000e+00
      vertex   -3.700000e+01 -1.050000e+01 1.200000e+01
      vertex   -3.698361e+01 -1.111370e+01 9.500000e+00
    endloop
  endfacet
  facet normal 9.985107e-01 5.413768e-02 -6.744762e-03
    outer loop
      vertex   -3.698361e+01 -1.111370e+01 9.500000e+00
      vertex   -3.700000e+01 -1.050000e+01 1.200000e+01
      vertex   -3.693259e+01 -1.174337e+01 1.200000e+01
    endloop
  endfacet
  facet normal 9.942830e-01 1.065760e-01 6.549046e-03
    outer loop
      vertex   -3.698361e+01 -1.111370e+01 9.500000e+00
      vertex   -3.693259e+01 -1.174337e+01 1.200000e+01
      vertex   -3.685280e+01 -1.233411e+01 9.500000e+00
    endloop
  endfacet
  facet normal 9.868041e-01 1.617783e-01 -6.733716e-03
    outer loop
      vertex   -3.685280e+01 -1.233411e+01 9.500000e+00
      vertex   -3.693259e+01 -1.174337e+01 1.200000e+01
      vertex   -3.673114e+01 -1.297216e+01 1.200000e+01
    endloop
  endfacet
  facet normal 9.772613e-01 2.119380e-01 6.532477e-03
    outer loop
      vertex   -3.685280e+01 -1.233411e+01 9.500000e+00
      vertex   -3.673114e+01 -1.297216e+01 1.200000e+01
      vertex   -3.659266e+01 -1.353362e+01 9.500000e+00
    endloop
  endfacet
  facet normal 9.635283e-01 2.675223e-01 -6.711623e-03
    outer loop
      vertex   -3.659266e+01 -1.353362e+01 9.500000e+00
      vertex   -3.673114e+01 -1.297216e+01 1.200000e+01
      vertex   -3.639801e+01 -1.417197e+01 1.200000e+01
    endloop
  endfacet
  facet normal 9.491073e-01 3.148858e-01 6.504861e-03
    outer loop
      vertex   -3.659266e+01 -1.353362e+01 9.500000e+00
      vertex   -3.639801e+01 -1.417197e+01 1.200000e+01
      vertex   -3.620616e+01 -1.469858e+01 9.500000e+00
    endloop
  endfacet
  facet normal 9.289560e-01 3.701299e-01 -6.678485e-03
    outer loop
      vertex   -3.620616e+01 -1.469858e+01 9.500000e+00
      vertex   -3.639801e+01 -1.417197e+01 1.200000e+01
      vertex   -3.593712e+01 -1.532872e+01 1.200000e+01
    endloop
  endfacet
  facet normal 9.101417e-01 4.142466e-01 6.466199e-03
    outer loop
      vertex   -3.620616e+01 -1.469858e+01 9.500000e+00
      vertex   -3.593712e+01 -1.532872e+01 1.200000e+01
      vertex   -3.569771e+01 -1.581571e+01 9.500000e+00
    endloop
  endfacet
  facet normal 8.834926e-01 4.683981e-01 -6.634300e-03
    outer loop
      vertex   -3.569771e+01 -1.581571e+01 9.500000e+00
      vertex   -3.593712e+01 -1.532872e+01 1.200000e+01
      vertex   -3.535386e+01 -1.642887e+01 1.200000e+01
    endloop
  endfacet
  facet normal 8.608084e-01 5.088887e-01 6.416492e-03
    outer loop
      vertex   -3.569771e+01 -1.581571e+01 9.500000e+00
      vertex   -3.535386e+01 -1.642887e+01 1.200000e+01
      vertex   -3.507308e+01 -1.687229e+01 9.500000e+00
    endloop
  endfacet
  facet normal 8.276711e-01 5.611749e-01 -6.579070e-03
    outer loop
      vertex   -3.507308e+01 -1.687229e+01 9.500000e+00
      vertex   -3.535386e+01 -1.642887e+01 1.200000e+01
      vertex   -3.465507e+01 -1.745950e+01 1.200000e+01
    endloop
  endfacet
  facet normal 8.016693e-01 5.977340e-01 6.355738e-03
    outer loop
      vertex   -3.507308e+01 -1.687229e+01 9.500000e+00
      vertex   -3.465507e+01 -1.745950e+01 1.200000e+01
      vertex   -3.433941e+01 -1.785628e+01 9.500000e+00
    endloop
  endfacet
  facet normal 7.621459e-01 6.473726e-01 -6.512794e-03
    outer loop
      vertex   -3.433941e+01 -1.785628e+01 9.500000e+00
      vertex   -3.465507e+01 -1.745950e+01 1.200000e+01
      vertex   -3.384895e+01 -1.840854e+01 1.200000e+01
    endloop
  endfacet
  facet normal 7.333981e-01 6.797703e-01 6.283938e-03
    outer loop
      vertex   -3.433941e+01 -1.785628e+01 9.500000e+00
      vertex   -3.384895e+01 -1.840854e+01 1.200000e+01
      vertex   -3.350504e+01 -1.875647e+01 9.500000e+00
    endloop
  endfacet
  facet normal 6.876852e-01 7.259805e-01 -6.435471e-03
    outer loop
      vertex   -3.350504e+01 -1.875647e+01 9.500000e+00
      vertex   -3.384895e+01 -1.840854e+01 1.200000e+01
      vertex   -3.294494e+01 -1.926486e+01 1.200000e+01
    endloop
  endfacet
  facet normal 6.567725e-01 7.540633e-01 6.201093e-03
    outer loop
      vertex   -3.350504e+01 -1.875647e+01 9.500000e+00
      vertex   -3.294494e+01 -1.926486e+01 1.200000e+01
      vertex   -3.257949e+01 -1.956261e+01 9.500000e+00
    endloop
  endfacet
  facet normal 6.051620e-01 7.960770e-01 -6.347104e-03
    outer loop
      vertex   -3.257949e+01 -1.956261e+01 9.500000e+00
      vertex   -3.294494e+01 -1.926486e+01 1.200000e+01
      vertex   -3.195365e+01 -2.001842e+01 1.200000e+01
    endloop
  endfacet
  facet normal 5.726653e-01 8.197665e-01 6.107202e-03
    outer loop
      vertex   -3.257949e+01 -1.956261e+01 9.500000e+00
      vertex   -3.195365e+01 -2.001842e+01 1.200000e+01
      vertex   -3.157329e+01 -2.026551e+01 9.500000e+00
    endloop
  endfacet
  facet normal 5.155438e-01 8.568405e-01 -6.247690e-03
    outer loop
      vertex   -3.157329e+01 -2.026551e+01 9.500000e+00
      vertex   -3.195365e+01 -2.001842e+01 1.200000e+01
      vertex   -3.088670e+01 -2.066039e+01 1.200000e+01
    endloop
  endfacet
  facet normal 4.820346e-01 8.761316e-01 6.002266e-03
    outer loop
      vertex   -3.157329e+01 -2.026551e+01 9.500000e+00
      vertex   -3.088670e+01 -2.066039e+01 1.200000e+01
      vertex   -3.049791e+01 -2.085717e+01 9.500000e+00
    endloop
  endfacet
  facet normal 4.198812e-01 9.075583e-01 -6.137232e-03
    outer loop
      vertex   -3.049791e+01 -2.085717e+01 9.500000e+00
      vertex   -3.088670e+01 -2.066039e+01 1.200000e+01
      vertex   -2.975659e+01 -2.118323e+01 1.200000e+01
    endloop
  endfacet
  facet normal 3.859127e-01 9.225165e-01 5.886284e-03
    outer loop
      vertex   -3.049791e+01 -2.085717e+01 9.500000e+00
      vertex   -2.975659e+01 -2.118323e+01 1.200000e+01
      vertex   -2.936559e+01 -2.133085e+01 9.500000e+00
    endloop
  endfacet
  facet normal 3.192958e-01 9.476360e-01 -6.015728e-03
    outer loop
      vertex   -2.936559e+01 -2.133085e+01 9.500000e+00
      vertex   -2.975659e+01 -2.118323e+01 1.200000e+01
      vertex   -2.857658e+01 -2.158082e+01 1.200000e+01
    endloop
  endfacet
  facet normal 2.853946e-01 9.583928e-01 5.759258e-03
    outer loop
      vertex   -2.936559e+01 -2.133085e+01 9.500000e+00
      vertex   -2.857658e+01 -2.158082e+01 1.200000e+01
      vertex   -2.818924e+01 -2.168114e+01 9.500000e+00
    endloop
  endfacet
  facet normal 2.149667e-01 9.766037e-01 -5.883179e-03
    outer loop
      vertex   -2.818924e+01 -2.168114e+01 9.500000e+00
      vertex   -2.857658e+01 -2.158082e+01 1.200000e+01
      vertex   -2.736049e+01 -2.184851e+01 1.200000e+01
    endloop
  endfacet
  facet normal 1.816254e-01 9.833517e-01 5.621186e-03
    outer loop
      vertex   -2.818924e+01 -2.168114e+01 9.500000e+00
      vertex   -2.736049e+01 -2.184851e+01 1.200000e+01
      vertex   -2.698226e+01 -2.190407e+01 9.500000e+00
    endloop
  endfacet
  facet normal 1.081172e-01 9.941216e-01 -5.739586e-03
    outer loop
      vertex   -2.698226e+01 -2.190407e+01 9.500000e+00
      vertex   -2.736049e+01 -2.184851e+01 1.200000e+01
      vertex   -2.612260e+01 -2.198313e+01 1.200000e+01
    endloop
  endfacet
  facet normal 7.578704e-02 9.971090e-01 5.472070e-03
    outer loop
      vertex   -2.698226e+01 -2.190407e+01 9.500000e+00
      vertex   -2.612260e+01 -2.198313e+01 1.200000e+01
      vertex   -2.575839e+01 -2.199710e+01 9.500000e+00
    endloop
  endfacet
  facet normal 0.000000e+00 9.999844e-01 -5.584949e-03
    outer loop
      vertex   -2.575839e+01 -2.199710e+01 9.500000e+00
      vertex   -2.612260e+01 -2.198313e+01 1.200000e+01
      vertex   -2.487740e+01 -2.198313e+01 1.200000e+01
    endloop
  endfacet
  facet normal -3.091483e-02 9.995079e-01 5.311910e-03
    outer loop
      vertex   -2.575839e+01 -2.199710e+01 9.500000e+00
      vertex   -2.487740e+01 -2.198313e+01 1.200000e+01
      vertex   -2.453157e+01 -2.195915e+01 9.500000e+00
    endloop
  endfacet
  facet normal -1.081174e-01 9.941234e-01 -5.419267e-03
    outer loop
      vertex   -2.453157e+01 -2.195915e+01 9.500000e+00
      vertex   -2.487740e+01 -2.198313e+01 1.200000e+01
      vertex   -2.363951e+01 -2.184851e+01 1.200000e+01
    endloop
  endfacet
  facet normal -1.372647e-01 9.905211e-01 5.140706e-03
    outer loop
      vertex   -2.453157e+01 -2.195915e+01 9.500000e+00
      vertex   -2.363951e+01 -2.184851e+01 1.200000e+01
      vertex   -2.331579e+01 -2.179067e+01 9.500000e+00
    endloop
  endfacet
  facet normal -2.149675e-01 9.766071e-01 -5.242542e-03
    outer loop
      vertex   -2.331579e+01 -2.179067e+01 9.500000e+00
      vertex   -2.363951e+01 -2.184851e+01 1.200000e+01
      vertex   -2.242342e+01 -2.158082e+01 1.200000e+01
    endloop
  endfacet
  facet normal -2.420512e-01 9.702508e-01 4.958459e-03
    outer loop
      vertex   -2.331579e+01 -2.179067e+01 9.500000e+00
      vertex   -2.242342e+01 -2.158082e+01 1.200000e+01
      vertex   -2.212489e+01 -2.149357e+01 9.500000e+00
    endloop
  endfacet
  facet normal -3.192975e-01 9.476411e-01 -5.054773e-03
    outer loop
      vertex   -2.212489e+01 -2.149357e+01 9.500000e+00
      vertex   -2.242342e+01 -2.158082e+01 1.200000e+01
      vertex   -2.124341e+01 -2.118323e+01 1.200000e+01
    endloop
  endfacet
  facet normal -3.440805e-01 9.389281e-01 4.765168e-03
    outer loop
      vertex   -2.212489e+01 -2.149357e+01 9.500000e+00
      vertex   -2.124341e+01 -2.118323e+01 1.200000e+01
      vertex   -2.097244e+01 -2.107124e+01 9.500000e+00
    endloop
  endfacet
  facet normal -4.198842e-01 9.075647e-01 -4.855961e-03
    outer loop
      vertex   -2.097244e+01 -2.107124e+01 9.500000e+00
      vertex   -2.124341e+01 -2.118323e+01 1.200000e+01
      vertex   -2.011330e+01 -2.066039e+01 1.200000e+01
    endloop
  endfacet
  facet normal -4.421905e-01 8.969096e-01 4.560834e-03
    outer loop
      vertex   -2.097244e+01 -2.107124e+01 9.500000e+00
      vertex   -2.011330e+01 -2.066039e+01 1.200000e+01
      vertex   -1.987156e+01 -2.052849e+01 9.500000e+00
    endloop
  endfacet
  facet normal -5.155483e-01 8.568479e-01 -4.646107e-03
    outer loop
      vertex   -1.987156e+01 -2.052849e+01 9.500000e+00
      vertex   -2.011330e+01 -2.066039e+01 1.200000e+01
      vertex   -1.904635e+01 -2.001842e+01 1.200000e+01
    endloop
  endfacet
  facet normal -5.352635e-01 8.446739e-01 4.345458e-03
    outer loop
      vertex   -1.987156e+01 -2.052849e+01 9.500000e+00
      vertex   -1.904635e+01 -2.001842e+01 1.200000e+01
      vertex   -1.883480e+01 -1.987151e+01 9.500000e+00
    endloop
  endfacet
  facet normal -6.051683e-01 7.960853e-01 -4.425210e-03
    outer loop
      vertex   -1.883480e+01 -1.987151e+01 9.500000e+00
      vertex   -1.904635e+01 -2.001842e+01 1.200000e+01
      vertex   -1.805506e+01 -1.926486e+01 1.200000e+01
    endloop
  endfacet
  facet normal -6.222393e-01 7.828162e-01 4.119040e-03
    outer loop
      vertex   -1.883480e+01 -1.987151e+01 9.500000e+00
      vertex   -1.805506e+01 -1.926486e+01 1.200000e+01
      vertex   -1.787397e+01 -1.910776e+01 9.500000e+00
    endloop
  endfacet
  facet normal -6.876934e-01 7.259891e-01 -4.193272e-03
    outer loop
      vertex   -1.787397e+01 -1.910776e+01 9.500000e+00
      vertex   -1.805506e+01 -1.926486e+01 1.200000e+01
      vertex   -1.715105e+01 -1.840854e+01 1.200000e+01
    endloop
  endfacet
  facet normal 9.914449e-01 -1.305262e-01 0.000000e+00
    outer loop
      vertex   1.095452e+01 -2.308589e+01 9.500000e+00
      vertex   1.095452e+01 -2.308589e+01 1.200000e+01
      vertex   1.090000e+01 -2.350000e+01 9.500000e+00
    endloop
  endfacet
  facet normal 9.914449e-01 -1.305262e-01 0.000000e+00
    outer loop
      vertex   1.090000e+01 -2.350000e+01 9.500000e+00
      vertex   1.095452e+01 -2.308589e+01 1.200000e+01
      vertex   1.090000e+01 -2.350000e+01 1.200000e+01
    endloop
  endfacet
  facet normal 9.914449e-01 1.305262e-01 -0.000000e+00
    outer loop
      vertex   1.090000e+01 -2.350000e+01 9.500000e+00
      vertex   1.090000e+01 -2.350000e+01 1.200000e+01
      vertex   1.095452e+01 -2.391411e+01 9.500000e+00
    endloop
  endfacet
  facet normal 9.914449e-01 1.305262e-01 -0.000000e+00
    outer loop
      vertex   1.095452e+01 -2.391411e+01 9.500000e+00
      vertex   1.090000e+01 -2.350000e+01 1.200000e+01
      vertex   1.095452e+01 -2.391411e+01 1.200000e+01
    endloop
  endfacet
  facet normal 9.238795e-01 3.826834e-01 -0.000000e+00
    outer loop
      vertex   1.095452e+01 -2.391411e+01 9.500000e+00
      vertex   1.095452e+01 -2.391411e+01 1.200000e+01
      vertex   1.111436e+01 -2.430000e+01 9.500000e+00
    endloop
  endfacet
  facet normal 9.238795e-01 3.826834e-01 -0.000000e+00
    outer loop
      vertex   1.111436e+01 -2.430000e+01 9.500000e+00
      vertex   1.095452e+01 -2.391411e+01 1.200000e+01
      vertex   1.111436e+01 -2.430000e+01 1.200000e+01
    endloop
  endfacet
  facet normal 7.933533e-01 6.087614e-01 -0.000000e+00
    outer loop
      vertex   1.111436e+01 -2.430000e+01 9.500000e+00
      vertex   1.111436e+01 -2.430000e+01 1.200000e+01
      vertex   1.136863e+01 -2.463137e+01 9.500000e+00
    endloop
  endfacet
  facet normal 7.933533e-01 6.087614e-01 -0.000000e+00
    outer loop
      vertex   1.136863e+01 -2.463137e+01 9.500000e+00
      vertex   1.111436e+01 -2.430000e+01 1.200000e+01
      vertex   1.136863e+01 -2.463137e+01 1.200000e+01
    endloop
  endfacet
  facet normal 6.087614e-01 7.933533e-01 -0.000000e+00
    outer loop
      vertex   1.136863e+01 -2.463137e+01 9.500000e+00
      vertex   1.136863e+01 -2.463137e+01 1.200000e+01
      vertex   1.170000e+01 -2.488564e+01 9.500000e+00
    endloop
  endfacet
  facet normal 6.087614e-01 7.933533e-01 -4.325510e-16
    outer loop
      vertex   1.170000e+01 -2.488564e+01 9.500000e+00
      vertex   1.136863e+01 -2.463137e+01 1.200000e+01
      vertex   1.170000e+01 -2.488564e+01 1.200000e+01
    endloop
  endfacet
  facet normal 3.826834e-01 9.238795e-01 -2.719129e-16
    outer loop
      vertex   1.170000e+01 -2.488564e+01 9.500000e+00
      vertex   1.170000e+01 -2.488564e+01 1.200000e+01
      vertex   1.208589e+01 -2.504548e+01 9.500000e+00
    endloop
  endfacet
  facet normal 3.826834e-01 9.238795e-01 -0.000000e+00
    outer loop
      vertex   1.208589e+01 -2.504548e+01 9.500000e+00
      vertex   1.170000e+01 -2.488564e+01 1.200000e+01
      vertex   1.208589e+01 -2.504548e+01 1.200000e+01
    endloop
  endfacet
  facet normal 1.305262e-01 9.914449e-01 -0.000000e+00
    outer loop
      vertex   1.208589e+01 -2.504548e+01 9.500000e+00
      vertex   1.208589e+01 -2.504548e+01 1.200000e+01
      vertex   1.250000e+01 -2.510000e+01 9.500000e+00
    endloop
  endfacet
  facet normal 1.305262e-01 9.914449e-01 -0.000000e+00
    outer loop
      vertex   1.250000e+01 -2.510000e+01 9.500000e+00
      vertex   1.208589e+01 -2.504548e+01 1.200000e+01
      vertex   1.250000e+01 -2.510000e+01 1.200000e+01
    endloop
  endfacet
  facet normal -1.305262e-01 9.914449e-01 0.000000e+00
    outer loop
      vertex   1.250000e+01 -2.510000e+01 9.500000e+00
      vertex   1.250000e+01 -2.510000e+01 1.200000e+01
      vertex   1.291411e+01 -2.504548e+01 9.500000e+00
    endloop
  endfacet
  facet normal -1.305262e-01 9.914449e-01 0.000000e+00
    outer loop
      vertex   1.291411e+01 -2.504548e+01 9.500000e+00
      vertex   1.250000e+01 -2.510000e+01 1.200000e+01
      vertex   1.291411e+01 -2.504548e+01 1.200000e+01
    endloop
  endfacet
  facet normal -3.826834e-01 9.238795e-01 0.000000e+00
    outer loop
      vertex   1.291411e+01 -2.504548e+01 9.500000e+00
      vertex   1.291411e+01 -2.504548e+01 1.200000e+01
      vertex   1.330000e+01 -2.488564e+01 9.500000e+00
    endloop
  endfacet
  facet normal -3.826834e-01 9.238795e-01 5.438259e-16
    outer loop
      vertex   1.330000e+01 -2.488564e+01 9.500000e+00
      vertex   1.291411e+01 -2.504548e+01 1.200000e+01
      vertex   1.330000e+01 -2.488564e+01 1.200000e+01
    endloop
  endfacet
  facet normal -6.087614e-01 7.933533e-01 8.651020e-16
    outer loop
      vertex   1.330000e+01 -2.488564e+01 9.500000e+00
      vertex   1.330000e+01 -2.488564e+01 1.200000e+01
      vertex   1.363137e+01 -2.463137e+01 9.500000e+00
    endloop
  endfacet
  facet normal -6.087614e-01 7.933533e-01 0.000000e+00
    outer loop
      vertex   1.363137e+01 -2.463137e+01 9.500000e+00
      vertex   1.330000e+01 -2.488564e+01 1.200000e+01
      vertex   1.363137e+01 -2.463137e+01 1.200000e+01
    endloop
  endfacet
  facet normal -7.933533e-01 6.087614e-01 0.000000e+00
    outer loop
      vertex   1.363137e+01 -2.463137e+01 9.500000e+00
      vertex   1.363137e+01 -2.463137e+01 1.200000e+01
      vertex   1.388564e+01 -2.430000e+01 9.500000e+00
    endloop
  endfacet
  facet normal -7.933533e-01 6.087614e-01 0.000000e+00
    outer loop
      vertex   1.388564e+01 -2.430000e+01 9.500000e+00
      vertex   1.363137e+01 -2.463137e+01 1.200000e+01
      vertex   1.388564e+01 -2.430000e+01 1.200000e+01
    endloop
  endfacet
  facet normal -9.238795e-01 3.826834e-01 0.000000e+00
    outer loop
      vertex   1.388564e+01 -2.430000e+01 9.500000e+00
      vertex   1.388564e+01 -2.430000e+01 1.200000e+01
      vertex   1.404548e+01 -2.391411e+01 9.500000e+00
    endloop
  endfacet
  facet normal -9.238795e-01 3.826834e-01 0.000000e+00
    outer loop
      vertex   1.404548e+01 -2.391411e+01 9.500000e+00
      vertex   1.388564e+01 -2.430000e+01 1.200000e+01
      vertex   1.404548e+01 -2.391411e+01 1.200000e+01
    endloop
  endfacet
  facet normal -9.914449e-01 1.305262e-01 0.000000e+00
    outer loop
      vertex   1.404548e+01 -2.391411e+01 9.500000e+00
      vertex   1.404548e+01 -2.391411e+01 1.200000e+01
      vertex   1.410000e+01 -2.350000e+01 9.500000e+00
    endloop
  endfacet
  facet normal -9.914449e-01 1.305262e-01 0.000000e+00
    outer loop
      vertex   1.410000e+01 -2.350000e+01 9.500000e+00
      vertex   1.404548e+01 -2.391411e+01 1.200000e+01
      vertex   1.410000e+01 -2.350000e+01 1.200000e+01
    endloop
  endfacet
  facet normal -9.914449e-01 -1.305262e-01 0.000000e+00
    outer loop
      vertex   1.410000e+01 -2.350000e+01 9.500000e+00
      vertex   1.410000e+01 -2.350000e+01 1.200000e+01
      vertex   1.404548e+01 -2.308589e+01 9.500000e+00
    endloop
  endfacet
  facet normal -9.914449e-01 -1.305262e-01 0.000000e+00
    outer loop
      vertex   1.404548e+01 -2.308589e+01 9.500000e+00
      vertex   1.410000e+01 -2.350000e+01 1.200000e+01
      vertex   1.404548e+01 -2.308589e+01 1.200000e+01
    endloop
  endfacet
  facet normal -9.238795e-01 -3.826834e-01 0.000000e+00
    outer loop
      vertex   1.404548e+01 -2.308589e+01 9.500000e+00
      vertex   1.404548e+01 -2.308589e+01 1.200000e+01
      vertex   1.388564e+01 -2.270000e+01 9.500000e+00
    endloop
  endfacet
  facet normal -9.238795e-01 -3.826834e-01 0.000000e+00
    outer loop
      vertex   1.388564e+01 -2.270000e+01 9.500000e+00
      vertex   1.404548e+01 -2.308589e+01 1.200000e+01
      vertex   1.388564e+01 -2.270000e+01 1.200000e+01
    endloop
  endfacet
  facet normal -7.933533e-01 -6.087614e-01 0.000000e+00
    outer loop
      vertex   1.388564e+01 -2.270000e+01 9.500000e+00
      vertex   1.388564e+01 -2.270000e+01 1.200000e+01
      vertex   1.363137e+01 -2.236863e+01 9.500000e+00
    endloop
  endfacet
  facet normal -7.933533e-01 -6.087614e-01 0.000000e+00
    outer loop
      vertex   1.363137e+01 -2.236863e+01 9.500000e+00
      vertex   1.388564e+01 -2.270000e+01 1.200000e+01
      vertex   1.363137e+01 -2.236863e+01 1.200000e+01
    endloop
  endfacet
  facet normal -6.087614e-01 -7.933533e-01 0.000000e+00
    outer loop
      vertex   1.363137e+01 -2.236863e+01 9.500000e+00
      vertex   1.363137e+01 -2.236863e+01 1.200000e+01
      vertex   1.330000e+01 -2.211436e+01 9.500000e+00
    endloop
  endfacet
  facet normal -6.087614e-01 -7.933533e-01 -8.651020e-16
    outer loop
      vertex   1.330000e+01 -2.211436e+01 9.500000e+00
      vertex   1.363137e+01 -2.236863e+01 1.200000e+01
      vertex   1.330000e+01 -2.211436e+01 1.200000e+01
    endloop
  endfacet
  facet normal -3.826834e-01 -9.238795e-01 -5.438259e-16
    outer loop
      vertex   1.330000e+01 -2.211436e+01 9.500000e+00
      vertex   1.330000e+01 -2.211436e+01 1.200000e+01
      vertex   1.291411e+01 -2.195452e+01 9.500000e+00
    endloop
  endfacet
  facet normal -3.826834e-01 -9.238795e-01 0.000000e+00
    outer loop
      vertex   1.291411e+01 -2.195452e+01 9.500000e+00
      vertex   1.330000e+01 -2.211436e+01 1.200000e+01
      vertex   1.291411e+01 -2.195452e+01 1.200000e+01
    endloop
  endfacet
  facet normal -1.305262e-01 -9.914449e-01 0.000000e+00
    outer loop
      vertex   1.291411e+01 -2.195452e+01 9.500000e+00
      vertex   1.291411e+01 -2.195452e+01 1.200000e+01
      vertex   1.250000e+01 -2.190000e+01 9.500000e+00
    endloop
  endfacet
  facet normal -1.305262e-01 -9.914449e-01 0.000000e+00
    outer loop
      vertex   1.250000e+01 -2.190000e+01 9.500000e+00
      vertex   1.291411e+01 -2.195452e+01 1.200000e+01
      vertex   1.250000e+01 -2.190000e+01 1.200000e+01
    endloop
  endfacet
  facet normal 1.305262e-01 -9.914449e-01 0.000000e+00
    outer loop
      vertex   1.250000e+01 -2.190000e+01 9.500000e+00
      vertex   1.250000e+01 -2.190000e+01 1.200000e+01
      vertex   1.208589e+01 -2.195452e+01 9.500000e+00
    endloop
  endfacet
  facet normal 1.305262e-01 -9.914449e-01 0.000000e+00
    outer loop
      vertex   1.208589e+01 -2.195452e+01 9.500000e+00
      vertex   1.250000e+01 -2.190000e+01 1.200000e+01
      vertex   1.208589e+01 -2.195452e+01 1.200000e+01
    endloop
  endfacet
  facet normal 3.826834e-01 -9.238795e-01 0.000000e+00
    outer loop
      vertex   1.208589e+01 -2.195452e+01 9.500000e+00
      vertex   1.208589e+01 -2.195452e+01 1.200000e+01
      vertex   1.170000e+01 -2.211436e+01 9.500000e+00
    endloop
  endfacet
  facet normal 3.826834e-01 -9.238795e-01 2.719129e-16
    outer loop
      vertex   1.170000e+01 -2.211436e+01 9.500000e+00
      vertex   1.208589e+01 -2.195452e+01 1.200000e+01
      vertex   1.170000e+01 -2.211436e+01 1.200000e+01
    endloop
  endfacet
  facet normal 6.087614e-01 -7.933533e-01 4.325510e-16
    outer loop
      vertex   1.170000e+01 -2.211436e+01 9.500000e+00
      vertex   1.170000e+01 -2.211436e+01 1.200000e+01
      vertex   1.136863e+01 -2.236863e+01 9.500000e+00
    endloop
  endfacet
  facet normal 6.087614e-01 -7.933533e-01 0.000000e+00
    outer loop
      vertex   1.136863e+01 -2.236863e+01 9.500000e+00
      vertex   1.170000e+01 -2.211436e+01 1.200000e+01
      vertex   1.136863e+01 -2.236863e+01 1.200000e+01
    endloop
  endfacet
  facet normal 7.933533e-01 -6.087614e-01 0.000000e+00
    outer loop
      vertex   1.136863e+01 -2.236863e+01 9.500000e+00
      vertex   1.136863e+01 -2.236863e+01 1.200000e+01
      vertex   1.111436e+01 -2.270000e+01 9.500000e+00
    endloop
  endfacet
  facet normal 7.933533e-01 -6.087614e-01 0.000000e+00
    outer loop
      vertex   1.111436e+01 -2.270000e+01 9.500000e+00
      vertex   1.136863e+01 -2.236863e+01 1.200000e+01
      vertex   1.111436e+01 -2.270000e+01 1.200000e+01
    endloop
  endfacet
  facet normal 9.238795e-01 -3.826834e-01 0.000000e+00
    outer loop
      vertex   1.111436e+01 -2.270000e+01 9.500000e+00
      vertex   1.111436e+01 -2.270000e+01 1.200000e+01
      vertex   1.095452e+01 -2.308589e+01 9.500000e+00
    endloop
  endfacet
  facet normal 9.238795e-01 -3.826834e-01 0.000000e+00
    outer loop
      vertex   1.095452e+01 -2.308589e+01 9.500000e+00
      vertex   1.111436e+01 -2.270000e+01 1.200000e+01
      vertex   1.095452e+01 -2.308589e+01 1.200000e+01
    endloop
  endfacet
  facet normal 9.914449e-01 -1.305262e-01 -9.274444e-17
    outer loop
      vertex   -4.104548e+01 1.091411e+01 9.500000e+00
      vertex   -4.104548e+01 1.091411e+01 1.200000e+01
      vertex   -4.110000e+01 1.050000e+01 9.500000e+00
    endloop
  endfacet
  facet normal 9.914449e-01 -1.305262e-01 0.000000e+00
    outer loop
      vertex   -4.110000e+01 1.050000e+01 9.500000e+00
      vertex   -4.104548e+01 1.091411e+01 1.200000e+01
      vertex   -4.110000e+01 1.050000e+01 1.200000e+01
    endloop
  endfacet
  facet normal 9.914449e-01 1.305262e-01 -0.000000e+00
    outer loop
      vertex   -4.110000e+01 1.050000e+01 9.500000e+00
      vertex   -4.110000e+01 1.050000e+01 1.200000e+01
      vertex   -4.104548e+01 1.008589e+01 9.500000e+00
    endloop
  endfacet
  facet normal 9.914449e-01 1.305262e-01 9.274444e-17
    outer loop
      vertex   -4.104548e+01 1.008589e+01 9.500000e+00
      vertex   -4.110000e+01 1.050000e+01 1.200000e+01
      vertex   -4.104548e+01 1.008589e+01 1.200000e+01
    endloop
  endfacet
  facet normal 9.238795e-01 3.826834e-01 2.719129e-16
    outer loop
      vertex   -4.104548e+01 1.008589e+01 9.500000e+00
      vertex   -4.104548e+01 1.008589e+01 1.200000e+01
      vertex   -4.088564e+01 9.700000e+00 9.500000e+00
    endloop
  endfacet
  facet normal 9.238795e-01 3.826834e-01 -0.000000e+00
    outer loop
      vertex   -4.088564e+01 9.700000e+00 9.500000e+00
      vertex   -4.104548e+01 1.008589e+01 1.200000e+01
      vertex   -4.088564e+01 9.700000e+00 1.200000e+01
    endloop
  endfacet
  facet normal 7.933533e-01 6.087614e-01 -0.000000e+00
    outer loop
      vertex   -4.088564e+01 9.700000e+00 9.500000e+00
      vertex   -4.088564e+01 9.700000e+00 1.200000e+01
      vertex   -4.063137e+01 9.368629e+00 9.500000e+00
    endloop
  endfacet
  facet normal 7.933533e-01 6.087614e-01 -0.000000e+00
    outer loop
      vertex   -4.063137e+01 9.368629e+00 9.500000e+00
      vertex   -4.088564e+01 9.700000e+00 1.200000e+01
      vertex   -4.063137e+01 9.368629e+00 1.200000e+01
    endloop
  endfacet
  facet normal 6.087614e-01 7.933533e-01 -0.000000e+00
    outer loop
      vertex   -4.063137e+01 9.368629e+00 9.500000e+00
      vertex   -4.063137e+01 9.368629e+00 1.200000e+01
      vertex   -4.030000e+01 9.114359e+00 9.500000e+00
    endloop
  endfacet
  facet normal 6.087614e-01 7.933533e-01 -0.000000e+00
    outer loop
      vertex   -4.030000e+01 9.114359e+00 9.500000e+00
      vertex   -4.063137e+01 9.368629e+00 1.200000e+01
      vertex   -4.030000e+01 9.114359e+00 1.200000e+01
    endloop
  endfacet
  facet normal 3.826834e-01 9.238795e-01 -0.000000e+00
    outer loop
      vertex   -4.030000e+01 9.114359e+00 9.500000e+00
      vertex   -4.030000e+01 9.114359e+00 1.200000e+01
      vertex   -3.991411e+01 8.954519e+00 9.500000e+00
    endloop
  endfacet
  facet normal 3.826834e-01 9.238795e-01 -0.000000e+00
    outer loop
      vertex   -3.991411e+01 8.954519e+00 9.500000e+00
      vertex   -4.030000e+01 9.114359e+00 1.200000e+01
      vertex   -3.991411e+01 8.954519e+00 1.200000e+01
    endloop
  endfacet
  facet normal 1.305262e-01 9.914449e-01 -0.000000e+00
    outer loop
      vertex   -3.991411e+01 8.954519e+00 9.500000e+00
      vertex   -3.991411e+01 8.954519e+00 1.200000e+01
      vertex   -3.950000e+01 8.900000e+00 9.500000e+00
    endloop
  endfacet
  facet normal 1.305262e-01 9.914449e-01 -0.000000e+00
    outer loop
      vertex   -3.950000e+01 8.900000e+00 9.500000e+00
      vertex   -3.991411e+01 8.954519e+00 1.200000e+01
      vertex   -3.950000e+01 8.900000e+00 1.200000e+01
    endloop
  endfacet
  facet normal -1.305262e-01 9.914449e-01 0.000000e+00
    outer loop
      vertex   -3.950000e+01 8.900000e+00 9.500000e+00
      vertex   -3.950000e+01 8.900000e+00 1.200000e+01
      vertex   -3.908589e+01 8.954519e+00 9.500000e+00
    endloop
  endfacet
  facet normal -1.305262e-01 9.914449e-01 -7.044639e-16
    outer loop
      vertex   -3.908589e+01 8.954519e+00 9.500000e+00
      vertex   -3.950000e+01 8.900000e+00 1.200000e+01
      vertex   -3.908589e+01 8.954519e+00 1.200000e+01
    endloop
  endfacet
  facet normal -3.826834e-01 9.238795e-01 -6.564559e-16
    outer loop
      vertex   -3.908589e+01 8.954519e+00 9.500000e+00
      vertex   -3.908589e+01 8.954519e+00 1.200000e+01
      vertex   -3.870000e+01 9.114359e+00 9.500000e+00
    endloop
  endfacet
  facet normal -3.826834e-01 9.238795e-01 0.000000e+00
    outer loop
      vertex   -3.870000e+01 9.114359e+00 9.500000e+00
      vertex   -3.908589e+01 8.954519e+00 1.200000e+01
      vertex   -3.870000e+01 9.114359e+00 1.200000e+01
    endloop
  endfacet
  facet normal -6.087614e-01 7.933533e-01 0.000000e+00
    outer loop
      vertex   -3.870000e+01 9.114359e+00 9.500000e+00
      vertex   -3.870000e+01 9.114359e+00 1.200000e+01
      vertex   -3.836863e+01 9.368629e+00 9.500000e+00
    endloop
  endfacet
  facet normal -6.087614e-01 7.933533e-01 -5.637115e-16
    outer loop
      vertex   -3.836863e+01 9.368629e+00 9.500000e+00
      vertex   -3.870000e+01 9.114359e+00 1.200000e+01
      vertex   -3.836863e+01 9.368629e+00 1.200000e+01
    endloop
  endfacet
  facet normal -7.933533e-01 6.087614e-01 -4.325510e-16
    outer loop
      vertex   -3.836863e+01 9.368629e+00 9.500000e+00
      vertex   -3.836863e+01 9.368629e+00 1.200000e+01
      vertex   -3.811436e+01 9.700000e+00 9.500000e+00
    endloop
  endfacet
  facet normal -7.933533e-01 6.087614e-01 0.000000e+00
    outer loop
      vertex   -3.811436e+01 9.700000e+00 9.500000e+00
      vertex   -3.836863e+01 9.368629e+00 1.200000e+01
      vertex   -3.811436e+01 9.700000e+00 1.200000e+01
    endloop
  endfacet
  facet normal -9.238795e-01 3.826834e-01 0.000000e+00
    outer loop
      vertex   -3.811436e+01 9.700000e+00 9.500000e+00
      vertex   -3.811436e+01 9.700000e+00 1.200000e+01
      vertex   -3.795452e+01 1.008589e+01 9.500000e+00
    endloop
  endfacet
  facet normal -9.238795e-01 3.826834e-01 0.000000e+00
    outer loop
      vertex   -3.795452e+01 1.008589e+01 9.500000e+00
      vertex   -3.811436e+01 9.700000e+00 1.200000e+01
      vertex   -3.795452e+01 1.008589e+01 1.200000e+01
    endloop
  endfacet
  facet normal -9.914449e-01 1.305262e-01 0.000000e+00
    outer loop
      vertex   -3.795452e+01 1.008589e+01 9.500000e+00
      vertex   -3.795452e+01 1.008589e+01 1.200000e+01
      vertex   -3.790000e+01 1.050000e+01 9.500000e+00
    endloop
  endfacet
  facet normal -9.914449e-01 1.305262e-01 0.000000e+00
    outer loop
      vertex   -3.790000e+01 1.050000e+01 9.500000e+00
      vertex   -3.795452e+01 1.008589e+01 1.200000e+01
      vertex   -3.790000e+01 1.050000e+01 1.200000e+01
    endloop
  endfacet
  facet normal -9.914449e-01 -1.305262e-01 0.000000e+00
    outer loop
      vertex   -3.790000e+01 1.050000e+01 9.500000e+00
      vertex   -3.790000e+01 1.050000e+01 1.200000e+01
      vertex   -3.795452e+01 1.091411e+01 9.500000e+00
    endloop
  endfacet
  facet normal -9.914449e-01 -1.305262e-01 0.000000e+00
    outer loop
      vertex   -3.795452e+01 1.091411e+01 9.500000e+00
      vertex   -3.790000e+01 1.050000e+01 1.200000e+01
      vertex   -3.795452e+01 1.091411e+01 1.200000e+01
    endloop
  endfacet
  facet normal -9.238795e-01 -3.826834e-01 0.000000e+00
    outer loop
      vertex   -3.795452e+01 1.091411e+01 9.500000e+00
      vertex   -3.795452e+01 1.091411e+01 1.200000e+01
      vertex   -3.811436e+01 1.130000e+01 9.500000e+00
    endloop
  endfacet
  facet normal -9.238795e-01 -3.826834e-01 0.000000e+00
    outer loop
      vertex   -3.811436e+01 1.130000e+01 9.500000e+00
      vertex   -3.795452e+01 1.091411e+01 1.200000e+01
      vertex   -3.811436e+01 1.130000e+01 1.200000e+01
    endloop
  endfacet
  facet normal -7.933533e-01 -6.087614e-01 0.000000e+00
    outer loop
      vertex   -3.811436e+01 1.130000e+01 9.500000e+00
      vertex   -3.811436e+01 1.130000e+01 1.200000e+01
      vertex   -3.836863e+01 1.163137e+01 9.500000e+00
    endloop
  endfacet
  facet normal -7.933533e-01 -6.087614e-01 0.000000e+00
    outer loop
      vertex   -3.836863e+01 1.163137e+01 9.500000e+00
      vertex   -3.811436e+01 1.130000e+01 1.200000e+01
      vertex   -3.836863e+01 1.163137e+01 1.200000e+01
    endloop
  endfacet
  facet normal -6.087614e-01 -7.933533e-01 0.000000e+00
    outer loop
      vertex   -3.836863e+01 1.163137e+01 9.500000e+00
      vertex   -3.836863e+01 1.163137e+01 1.200000e+01
      vertex   -3.870000e+01 1.188564e+01 9.500000e+00
    endloop
  endfacet
  facet normal -6.087614e-01 -7.933533e-01 5.637115e-16
    outer loop
      vertex   -3.870000e+01 1.188564e+01 9.500000e+00
      vertex   -3.836863e+01 1.163137e+01 1.200000e+01
      vertex   -3.870000e+01 1.188564e+01 1.200000e+01
    endloop
  endfacet
  facet normal -3.826834e-01 -9.238795e-01 6.564559e-16
    outer loop
      vertex   -3.870000e+01 1.188564e+01 9.500000e+00
      vertex   -3.870000e+01 1.188564e+01 1.200000e+01
      vertex   -3.908589e+01 1.204548e+01 9.500000e+00
    endloop
  endfacet
  facet normal -3.826834e-01 -9.238795e-01 0.000000e+00
    outer loop
      vertex   -3.908589e+01 1.204548e+01 9.500000e+00
      vertex   -3.870000e+01 1.188564e+01 1.200000e+01
      vertex   -3.908589e+01 1.204548e+01 1.200000e+01
    endloop
  endfacet
  facet normal -1.305262e-01 -9.914449e-01 0.000000e+00
    outer loop
      vertex   -3.908589e+01 1.204548e+01 9.500000e+00
      vertex   -3.908589e+01 1.204548e+01 1.200000e+01
      vertex   -3.950000e+01 1.210000e+01 9.500000e+00
    endloop
  endfacet
  facet normal -1.305262e-01 -9.914449e-01 0.000000e+00
    outer loop
      vertex   -3.950000e+01 1.210000e+01 9.500000e+00
      vertex   -3.908589e+01 1.204548e+01 1.200000e+01
      vertex   -3.950000e+01 1.210000e+01 1.200000e+01
    endloop
  endfacet
  facet normal 1.305262e-01 -9.914449e-01 0.000000e+00
    outer loop
      vertex   -3.950000e+01 1.210000e+01 9.500000e+00
      vertex   -3.950000e+01 1.210000e+01 1.200000e+01
      vertex   -3.991411e+01 1.204548e+01 9.500000e+00
    endloop
  endfacet
  facet normal 1.305262e-01 -9.914449e-01 0.000000e+00
    outer loop
      vertex   -3.991411e+01 1.204548e+01 9.500000e+00
      vertex   -3.950000e+01 1.210000e+01 1.200000e+01
      vertex   -3.991411e+01 1.204548e+01 1.200000e+01
    endloop
  endfacet
  facet normal 3.826834e-01 -9.238795e-01 0.000000e+00
    outer loop
      vertex   -3.991411e+01 1.204548e+01 9.500000e+00
      vertex   -3.991411e+01 1.204548e+01 1.200000e+01
      vertex   -4.030000e+01 1.188564e+01 9.500000e+00
    endloop
  endfacet
  facet normal 3.826834e-01 -9.238795e-01 0.000000e+00
    outer loop
      vertex   -4.030000e+01 1.188564e+01 9.500000e+00
      vertex   -3.991411e+01 1.204548e+01 1.200000e+01
      vertex   -4.030000e+01 1.188564e+01 1.200000e+01
    endloop
  endfacet
  facet normal 6.087614e-01 -7.933533e-01 0.000000e+00
    outer loop
      vertex   -4.030000e+01 1.188564e+01 9.500000e+00
      vertex   -4.030000e+01 1.188564e+01 1.200000e+01
      vertex   -4.063137e+01 1.163137e+01 9.500000e+00
    endloop
  endfacet
  facet normal 6.087614e-01 -7.933533e-01 0.000000e+00
    outer loop
      vertex   -4.063137e+01 1.163137e+01 9.500000e+00
      vertex   -4.030000e+01 1.188564e+01 1.200000e+01
      vertex   -4.063137e+01 1.163137e+01 1.200000e+01
    endloop
  endfacet
  facet normal 7.933533e-01 -6.087614e-01 0.000000e+00
    outer loop
      vertex   -4.063137e+01 1.163137e+01 9.500000e+00
      vertex   -4.063137e+01 1.163137e+01 1.200000e+01
      vertex   -4.088564e+01 1.130000e+01 9.500000e+00
    endloop
  endfacet
  facet normal 7.933533e-01 -6.087614e-01 0.000000e+00
    outer loop
      vertex   -4.088564e+01 1.130000e+01 9.500000e+00
      vertex   -4.063137e+01 1.163137e+01 1.200000e+01
      vertex   -4.088564e+01 1.130000e+01 1.200000e+01
    endloop
  endfacet
  facet normal 9.238795e-01 -3.826834e-01 0.000000e+00
    outer loop
      vertex   -4.088564e+01 1.130000e+01 9.500000e+00
      vertex   -4.088564e+01 1.130000e+01 1.200000e+01
      vertex   -4.104548e+01 1.091411e+01 9.500000e+00
    endloop
  endfacet
  facet normal 9.238795e-01 -3.826834e-01 -2.719129e-16
    outer loop
      vertex   -4.104548e+01 1.091411e+01 9.500000e+00
      vertex   -4.088564e+01 1.130000e+01 1.200000e+01
      vertex   -4.104548e+01 1.091411e+01 1.200000e+01
    endloop
  endfacet
  facet normal -1.000000e+00 0.000000e+00 0.000000e+00
    outer loop
      vertex   -4.450000e+01 -2.850000e+01 1.200000e+01
      vertex   -4.450000e+01 1.450000e+01 1.200000e+01
      vertex   -4.450000e+01 -2.850000e+01 9.500000e+00
    endloop
  endfacet
  facet normal -1.000000e+00 0.000000e+00 0.000000e+00
    outer loop
      vertex   -4.450000e+01 -2.850000e+01 9.500000e+00
      vertex   -4.450000e+01 1.450000e+01 1.200000e+01
      vertex   -4.450000e+01 1.450000e+01 9.500000e+00
    endloop
  endfacet
  facet normal -0.000000e+00 -1.000000e+00 -0.000000e+00
    outer loop
      vertex   -3.250000e+00 -2.850000e+01 1.200000e+01
      vertex   -4.450000e+01 -2.850000e+01 1.200000e+01
      vertex   -3.250000e+00 -2.850000e+01 1.050000e+01
    endloop
  endfacet
  facet normal -0.000000e+00 -1.000000e+00 0.000000e+00
    outer loop
      vertex   -3.250000e+00 -2.850000e+01 1.050000e+01
      vertex   -4.450000e+01 -2.850000e+01 1.200000e+01
      vertex   -4.450000e+01 -2.850000e+01 9.500000e+00
    endloop
  endfacet
  facet normal 0.000000e+00 -1.000000e+00 0.000000e+00
    outer loop
      vertex   -3.250000e+00 -2.850000e+01 1.050000e+01
      vertex   -4.450000e+01 -2.850000e+01 9.500000e+00
      vertex   -1.700000e+01 -2.850000e+01 9.500000e+00
    endloop
  endfacet
  facet normal 0.000000e+00 -1.000000e+00 0.000000e+00
    outer loop
      vertex   -1.700000e+01 -2.850000e+01 9.500000e+00
      vertex   1.700000e+01 -2.850000e+01 9.500000e+00
      vertex   -3.250000e+00 -2.850000e+01 1.050000e+01
    endloop
  endfacet
  facet normal 0.000000e+00 -1.000000e+00 0.000000e+00
    outer loop
      vertex   -3.250000e+00 -2.850000e+01 1.050000e+01
      vertex   1.700000e+01 -2.850000e+01 9.500000e+00
      vertex   3.250000e+00 -2.850000e+01 1.050000e+01
    endloop
  endfacet
  facet normal 0.000000e+00 -1.000000e+00 0.000000e+00
    outer loop
      vertex   3.250000e+00 -2.850000e+01 1.050000e+01
      vertex   1.700000e+01 -2.850000e+01 9.500000e+00
      vertex   4.450000e+01 -2.850000e+01 9.500000e+00
    endloop
  endfacet
  facet normal 0.000000e+00 -1.000000e+00 0.000000e+00
    outer loop
      vertex   3.250000e+00 -2.850000e+01 1.050000e+01
      vertex   4.450000e+01 -2.850000e+01 9.500000e+00
      vertex   4.450000e+01 -2.850000e+01 1.200000e+01
    endloop
  endfacet
  facet normal -0.000000e+00 -1.000000e+00 0.000000e+00
    outer loop
      vertex   4.450000e+01 -2.850000e+01 1.200000e+01
      vertex   3.250000e+00 -2.850000e+01 1.200000e+01
      vertex   3.250000e+00 -2.850000e+01 1.050000e+01
    endloop
  endfacet
  facet normal 1.000000e+00 0.000000e+00 -2.842171e-15
    outer loop
      vertex   4.450000e+01 1.450000e+01 1.200000e+01
      vertex   4.450000e+01 -2.850000e+01 1.200000e+01
      vertex   4.450000e+01 1.450000e+01 9.500000e+00
    endloop
  endfacet
  facet normal 1.000000e+00 0.000000e+00 -2.842171e-15
    outer loop
      vertex   4.450000e+01 1.450000e+01 9.500000e+00
      vertex   4.450000e+01 -2.850000e+01 1.200000e+01
      vertex   4.450000e+01 -2.850000e+01 9.500000e+00
    endloop
  endfacet
  facet normal 0.000000e+00 1.000000e+00 -2.232634e-16
    outer loop
      vertex   -1.700000e+01 1.450000e+01 -1.500000e+01
      vertex   8.000000e+00 1.450000e+01 -7.043673e+00
      vertex   1.700000e+01 1.450000e+01 -1.500000e+01
    endloop
  endfacet
  facet normal 7.797618e-17 1.000000e+00 -1.350587e-16
    outer loop
      vertex   1.700000e+01 1.450000e+01 -1.500000e+01
      vertex   8.000000e+00 1.450000e+01 -7.043673e+00
      vertex   1.105000e+01 1.450000e+01 -5.282755e+00
    endloop
  endfacet
  facet normal 8.792722e-17 1.000000e+00 -1.289656e-16
    outer loop
      vertex   1.700000e+01 1.450000e+01 -1.500000e+01
      vertex   1.105000e+01 1.450000e+01 -5.282755e+00
      vertex   1.180329e+01 1.450000e+01 -4.769172e+00
    endloop
  endfacet
  facet normal -5.601872e-16 1.000000e+00 0.000000e+00
    outer loop
      vertex   -1.700000e+01 1.450000e+01 4.000000e+00
      vertex   -1.382899e+01 1.450000e+01 -1.798007e+00
      vertex   -1.700000e+01 1.450000e+01 -1.500000e+01
    endloop
  endfacet
  facet normal -2.126761e-16 1.000000e+00 -8.346920e-17
    outer loop
      vertex   -1.700000e+01 1.450000e+01 -1.500000e+01
      vertex   -1.382899e+01 1.450000e+01 -1.798007e+00
      vertex   -1.349591e+01 1.450000e+01 -2.646691e+00
    endloop
  endfacet
  facet normal -1.670093e-16 1.000000e+00 -9.642285e-17
    outer loop
      vertex   -1.700000e+01 1.450000e+01 -1.500000e+01
      vertex   -1.349591e+01 1.450000e+01 -2.646691e+00
      vertex   -1.304006e+01 1.450000e+01 -3.436252e+00
    endloop
  endfacet
  facet normal 1.421085e-16 1.000000e+00 -0.000000e+00
    outer loop
      vertex   -2.950000e+01 1.450000e+01 4.000000e+00
      vertex   -2.950000e+01 1.450000e+01 9.500000e+00
      vertex   -1.700000e+01 1.450000e+01 4.000000e+00
    endloop
  endfacet
  facet normal -1.536386e-16 1.000000e+00 -6.721526e-16
    outer loop
      vertex   -1.700000e+01 1.450000e+01 4.000000e+00
      vertex   -2.950000e+01 1.450000e+01 9.500000e+00
      vertex   -1.105000e+01 1.450000e+01 5.282755e+00
    endloop
  endfacet
  facet normal -4.366075e-16 1.000000e+00 6.403856e-16
    outer loop
      vertex   -1.700000e+01 1.450000e+01 4.000000e+00
      vertex   -1.105000e+01 1.450000e+01 5.282755e+00
      vertex   -1.180329e+01 1.450000e+01 4.769172e+00
    endloop
  endfacet
  facet normal 0.000000e+00 1.000000e+00 0.000000e+00
    outer loop
      vertex   -4.450000e+01 1.450000e+01 9.500000e+00
      vertex   -4.450000e+01 1.450000e+01 1.200000e+01
      vertex   -2.950000e+01 1.450000e+01 9.500000e+00
    endloop
  endfacet
  facet normal 0.000000e+00 1.000000e+00 -0.000000e+00
    outer loop
      vertex   -2.950000e+01 1.450000e+01 9.500000e+00
      vertex   -4.450000e+01 1.450000e+01 1.200000e+01
      vertex   4.450000e+01 1.450000e+01 1.200000e+01
    endloop
  endfacet
  facet normal 0.000000e+00 1.000000e+00 0.000000e+00
    outer loop
      vertex   -2.950000e+01 1.450000e+01 9.500000e+00
      vertex   4.450000e+01 1.450000e+01 1.200000e+01
      vertex   2.950000e+01 1.450000e+01 9.500000e+00
    endloop
  endfacet
  facet normal 0.000000e+00 1.000000e+00 0.000000e+00
    outer loop
      vertex   2.950000e+01 1.450000e+01 9.500000e+00
      vertex   4.450000e+01 1.450000e+01 1.200000e+01
      vertex   4.450000e+01 1.450000e+01 9.500000e+00
    endloop
  endfacet
  facet normal -1.421085e-16 1.000000e+00 0.000000e+00
    outer loop
      vertex   2.950000e+01 1.450000e+01 4.000000e+00
      vertex   1.700000e+01 1.450000e+01 4.000000e+00
      vertex   2.950000e+01 1.450000e+01 9.500000e+00
    endloop
  endfacet
  facet normal 1.536386e-16 1.000000e+00 -6.721526e-16
    outer loop
      vertex   2.950000e+01 1.450000e+01 9.500000e+00
      vertex   1.700000e+01 1.450000e+01 4.000000e+00
      vertex   1.105000e+01 1.450000e+01 5.282755e+00
    endloop
  endfacet
  facet normal 0.000000e+00 1.000000e+00 0.000000e+00
    outer loop
      vertex   2.950000e+01 1.450000e+01 9.500000e+00
      vertex   1.105000e+01 1.450000e+01 5.282755e+00
      vertex   1.022858e+01 1.450000e+01 5.678330e+00
    endloop
  endfacet
  facet normal 5.601872e-16 1.000000e+00 -0.000000e+00
    outer loop
      vertex   1.700000e+01 1.450000e+01 -1.500000e+01
      vertex   1.382899e+01 1.450000e+01 -1.798007e+00
      vertex   1.700000e+01 1.450000e+01 4.000000e+00
    endloop
  endfacet
  facet normal 9.614148e-16 1.000000e+00 -2.194367e-16
    outer loop
      vertex   1.700000e+01 1.450000e+01 4.000000e+00
      vertex   1.382899e+01 1.450000e+01 -1.798007e+00
      vertex   1.403187e+01 1.450000e+01 -9.091578e-01
    endloop
  endfacet
  facet normal 6.831507e-16 1.000000e+00 -5.119507e-17
    outer loop
      vertex   1.700000e+01 1.450000e+01 4.000000e+00
      vertex   1.403187e+01 1.450000e+01 -9.091578e-01
      vertex   1.410000e+01 1.450000e+01 5.417888e-15
    endloop
  endfacet
  facet normal 1.094967e-16 1.000000e+00 -1.180094e-16
    outer loop
      vertex   1.180329e+01 1.450000e+01 -4.769172e+00
      vertex   1.247162e+01 1.450000e+01 -4.149054e+00
      vertex   1.700000e+01 1.450000e+01 -1.500000e+01
    endloop
  endfacet
  facet normal 1.347591e-16 1.000000e+00 -1.074668e-16
    outer loop
      vertex   1.700000e+01 1.450000e+01 -1.500000e+01
      vertex   1.247162e+01 1.450000e+01 -4.149054e+00
      vertex   1.304006e+01 1.450000e+01 -3.436252e+00
    endloop
  endfacet
  facet normal 1.670093e-16 1.000000e+00 -9.642285e-17
    outer loop
      vertex   1.700000e+01 1.450000e+01 -1.500000e+01
      vertex   1.304006e+01 1.450000e+01 -3.436252e+00
      vertex   1.349591e+01 1.450000e+01 -2.646691e+00
    endloop
  endfacet
  facet normal 2.126761e-16 1.000000e+00 -8.346920e-17
    outer loop
      vertex   1.349591e+01 1.450000e+01 -2.646691e+00
      vertex   1.382899e+01 1.450000e+01 -1.798007e+00
      vertex   1.700000e+01 1.450000e+01 -1.500000e+01
    endloop
  endfacet
  facet normal 5.551534e-16 1.000000e+00 4.160300e-17
    outer loop
      vertex   1.410000e+01 1.450000e+01 5.417888e-15
      vertex   1.403187e+01 1.450000e+01 9.091578e-01
      vertex   1.700000e+01 1.450000e+01 4.000000e+00
    endloop
  endfacet
  facet normal 4.835471e-16 1.000000e+00 1.103665e-16
    outer loop
      vertex   1.700000e+01 1.450000e+01 4.000000e+00
      vertex   1.403187e+01 1.450000e+01 9.091578e-01
      vertex   1.382899e+01 1.450000e+01 1.798007e+00
    endloop
  endfacet
  facet normal 4.402126e-16 1.000000e+00 1.727707e-16
    outer loop
      vertex   1.700000e+01 1.450000e+01 4.000000e+00
      vertex   1.382899e+01 1.450000e+01 1.798007e+00
      vertex   1.349591e+01 1.450000e+01 2.646691e+00
    endloop
  endfacet
  facet normal 4.145114e-16 1.000000e+00 2.393183e-16
    outer loop
      vertex   1.349591e+01 1.450000e+01 2.646691e+00
      vertex   1.304006e+01 1.450000e+01 3.436252e+00
      vertex   1.700000e+01 1.450000e+01 4.000000e+00
    endloop
  endfacet
  facet normal 4.028461e-16 1.000000e+00 3.212590e-16
    outer loop
      vertex   1.700000e+01 1.450000e+01 4.000000e+00
      vertex   1.304006e+01 1.450000e+01 3.436252e+00
      vertex   1.247162e+01 1.450000e+01 4.149054e+00
    endloop
  endfacet
  facet normal 4.066991e-16 1.000000e+00 4.383174e-16
    outer loop
      vertex   1.700000e+01 1.450000e+01 4.000000e+00
      vertex   1.247162e+01 1.450000e+01 4.149054e+00
      vertex   1.180329e+01 1.450000e+01 4.769172e+00
    endloop
  endfacet
  facet normal 4.366075e-16 1.000000e+00 6.403856e-16
    outer loop
      vertex   1.180329e+01 1.450000e+01 4.769172e+00
      vertex   1.105000e+01 1.450000e+01 5.282755e+00
      vertex   1.700000e+01 1.450000e+01 4.000000e+00
    endloop
  endfacet
  facet normal 0.000000e+00 1.000000e+00 -0.000000e+00
    outer loop
      vertex   1.022858e+01 1.450000e+01 5.678330e+00
      vertex   9.357378e+00 1.450000e+01 5.947060e+00
      vertex   2.950000e+01 1.450000e+01 9.500000e+00
    endloop
  endfacet
  facet normal 0.000000e+00 1.000000e+00 0.000000e+00
    outer loop
      vertex   2.950000e+01 1.450000e+01 9.500000e+00
      vertex   9.357378e+00 1.450000e+01 5.947060e+00
      vertex   8.455854e+00 1.450000e+01 6.082943e+00
    endloop
  endfacet
  facet normal 0.000000e+00 1.000000e+00 0.000000e+00
    outer loop
      vertex   2.950000e+01 1.450000e+01 9.500000e+00
      vertex   8.455854e+00 1.450000e+01 6.082943e+00
      vertex   7.544146e+00 1.450000e+01 6.082943e+00
    endloop
  endfacet
  facet normal 0.000000e+00 1.000000e+00 -0.000000e+00
    outer loop
      vertex   6.642622e+00 1.450000e+01 5.947060e+00
      vertex   -6.642622e+00 1.450000e+01 5.947060e+00
      vertex   7.544146e+00 1.450000e+01 6.082943e+00
    endloop
  endfacet
  facet normal 0.000000e+00 1.000000e+00 0.000000e+00
    outer loop
      vertex   7.544146e+00 1.450000e+01 6.082943e+00
      vertex   -6.642622e+00 1.450000e+01 5.947060e+00
      vertex   -7.544146e+00 1.450000e+01 6.082943e+00
    endloop
  endfacet
  facet normal 0.000000e+00 1.000000e+00 -0.000000e+00
    outer loop
      vertex   7.544146e+00 1.450000e+01 6.082943e+00
      vertex   -7.544146e+00 1.450000e+01 6.082943e+00
      vertex   2.950000e+01 1.450000e+01 9.500000e+00
    endloop
  endfacet
  facet normal 0.000000e+00 1.000000e+00 0.000000e+00
    outer loop
      vertex   2.950000e+01 1.450000e+01 9.500000e+00
      vertex   -7.544146e+00 1.450000e+01 6.082943e+00
      vertex   -2.950000e+01 1.450000e+01 9.500000e+00
    endloop
  endfacet
  facet normal -0.000000e+00 1.000000e+00 0.000000e+00
    outer loop
      vertex   -6.642622e+00 1.450000e+01 5.947060e+00
      vertex   6.642622e+00 1.450000e+01 5.947060e+00
      vertex   -5.771420e+00 1.450000e+01 5.678330e+00
    endloop
  endfacet
  facet normal 0.000000e+00 1.000000e+00 0.000000e+00
    outer loop
      vertex   -5.771420e+00 1.450000e+01 5.678330e+00
      vertex   6.642622e+00 1.450000e+01 5.947060e+00
      vertex   5.771420e+00 1.450000e+01 5.678330e+00
    endloop
  endfacet
  facet normal -0.000000e+00 1.000000e+00 0.000000e+00
    outer loop
      vertex   -5.771420e+00 1.450000e+01 5.678330e+00
      vertex   5.771420e+00 1.450000e+01 5.678330e+00
      vertex   -4.950000e+00 1.450000e+01 5.282755e+00
    endloop
  endfacet
  facet normal 0.000000e+00 1.000000e+00 0.000000e+00
    outer loop
      vertex   -4.950000e+00 1.450000e+01 5.282755e+00
      vertex   5.771420e+00 1.450000e+01 5.678330e+00
      vertex   4.950000e+00 1.450000e+01 5.282755e+00
    endloop
  endfacet
  facet normal -0.000000e+00 1.000000e+00 0.000000e+00
    outer loop
      vertex   -4.950000e+00 1.450000e+01 5.282755e+00
      vertex   4.950000e+00 1.450000e+01 5.282755e+00
      vertex   -4.196712e+00 1.450000e+01 4.769172e+00
    endloop
  endfacet
  facet normal 0.000000e+00 1.000000e+00 0.000000e+00
    outer loop
      vertex   -4.196712e+00 1.450000e+01 4.769172e+00
      vertex   4.950000e+00 1.450000e+01 5.282755e+00
      vertex   4.196712e+00 1.450000e+01 4.769172e+00
    endloop
  endfacet
  facet normal -0.000000e+00 1.000000e+00 0.000000e+00
    outer loop
      vertex   -4.196712e+00 1.450000e+01 4.769172e+00
      vertex   4.196712e+00 1.450000e+01 4.769172e+00
      vertex   -3.528384e+00 1.450000e+01 4.149054e+00
    endloop
  endfacet
  facet normal 0.000000e+00 1.000000e+00 0.000000e+00
    outer loop
      vertex   -3.528384e+00 1.450000e+01 4.149054e+00
      vertex   4.196712e+00 1.450000e+01 4.769172e+00
      vertex   3.528384e+00 1.450000e+01 4.149054e+00
    endloop
  endfacet
  facet normal -0.000000e+00 1.000000e+00 0.000000e+00
    outer loop
      vertex   -3.528384e+00 1.450000e+01 4.149054e+00
      vertex   3.528384e+00 1.450000e+01 4.149054e+00
      vertex   -2.959943e+00 1.450000e+01 3.436252e+00
    endloop
  endfacet
  facet normal 0.000000e+00 1.000000e+00 0.000000e+00
    outer loop
      vertex   -2.959943e+00 1.450000e+01 3.436252e+00
      vertex   3.528384e+00 1.450000e+01 4.149054e+00
      vertex   2.959943e+00 1.450000e+01 3.436252e+00
    endloop
  endfacet
  facet normal -0.000000e+00 1.000000e+00 0.000000e+00
    outer loop
      vertex   -2.959943e+00 1.450000e+01 3.436252e+00
      vertex   2.959943e+00 1.450000e+01 3.436252e+00
      vertex   -2.504090e+00 1.450000e+01 2.646691e+00
    endloop
  endfacet
  facet normal 0.000000e+00 1.000000e+00 0.000000e+00
    outer loop
      vertex   -2.504090e+00 1.450000e+01 2.646691e+00
      vertex   2.959943e+00 1.450000e+01 3.436252e+00
      vertex   2.504090e+00 1.450000e+01 2.646691e+00
    endloop
  endfacet
  facet normal -0.000000e+00 1.000000e+00 0.000000e+00
    outer loop
      vertex   -2.504090e+00 1.450000e+01 2.646691e+00
      vertex   2.504090e+00 1.450000e+01 2.646691e+00
      vertex   -2.171006e+00 1.450000e+01 1.798007e+00
    endloop
  endfacet
  facet normal -0.000000e+00 1.000000e+00 0.000000e+00
    outer loop
      vertex   -2.171006e+00 1.450000e+01 1.798007e+00
      vertex   2.504090e+00 1.450000e+01 2.646691e+00
      vertex   2.171006e+00 1.450000e+01 1.798007e+00
    endloop
  endfacet
  facet normal 0.000000e+00 1.000000e+00 0.000000e+00
    outer loop
      vertex   -2.171006e+00 1.450000e+01 1.798007e+00
      vertex   2.171006e+00 1.450000e+01 1.798007e+00
      vertex   -1.968132e+00 1.450000e+01 9.091578e-01
    endloop
  endfacet
  facet normal 0.000000e+00 1.000000e+00 0.000000e+00
    outer loop
      vertex   -1.968132e+00 1.450000e+01 9.091578e-01
      vertex   2.171006e+00 1.450000e+01 1.798007e+00
      vertex   1.968132e+00 1.450000e+01 9.091578e-01
    endloop
  endfacet
  facet normal -0.000000e+00 1.000000e+00 0.000000e+00
    outer loop
      vertex   -1.968132e+00 1.450000e+01 9.091578e-01
      vertex   1.968132e+00 1.450000e+01 9.091578e-01
      vertex   -1.900000e+00 1.450000e+01 3.996803e-15
    endloop
  endfacet
  facet normal 0.000000e+00 1.000000e+00 0.000000e+00
    outer loop
      vertex   -1.900000e+00 1.450000e+01 3.996803e-15
      vertex   1.968132e+00 1.450000e+01 9.091578e-01
      vertex   1.900000e+00 1.450000e+01 6.164923e-15
    endloop
  endfacet
  facet normal -0.000000e+00 1.000000e+00 0.000000e+00
    outer loop
      vertex   -1.900000e+00 1.450000e+01 3.996803e-15
      vertex   1.900000e+00 1.450000e+01 6.164923e-15
      vertex   -1.968132e+00 1.450000e+01 -9.091578e-01
    endloop
  endfacet
  facet normal 0.000000e+00 1.000000e+00 0.000000e+00
    outer loop
      vertex   -1.968132e+00 1.450000e+01 -9.091578e-01
      vertex   1.900000e+00 1.450000e+01 6.164923e-15
      vertex   1.968132e+00 1.450000e+01 -9.091578e-01
    endloop
  endfacet
  facet normal -0.000000e+00 1.000000e+00 0.000000e+00
    outer loop
      vertex   -1.968132e+00 1.450000e+01 -9.091578e-01
      vertex   1.968132e+00 1.450000e+01 -9.091578e-01
      vertex   -2.171006e+00 1.450000e+01 -1.798007e+00
    endloop
  endfacet
  facet normal 0.000000e+00 1.000000e+00 0.000000e+00
    outer loop
      vertex   -2.171006e+00 1.450000e+01 -1.798007e+00
      vertex   1.968132e+00 1.450000e+01 -9.091578e-01
      vertex   2.171006e+00 1.450000e+01 -1.798007e+00
    endloop
  endfacet
  facet normal -0.000000e+00 1.000000e+00 0.000000e+00
    outer loop
      vertex   -2.171006e+00 1.450000e+01 -1.798007e+00
      vertex   2.171006e+00 1.450000e+01 -1.798007e+00
      vertex   -2.504090e+00 1.450000e+01 -2.646691e+00
    endloop
  endfacet
  facet normal 0.000000e+00 1.000000e+00 0.000000e+00
    outer loop
      vertex   -2.504090e+00 1.450000e+01 -2.646691e+00
      vertex   2.171006e+00 1.450000e+01 -1.798007e+00
      vertex   2.504090e+00 1.450000e+01 -2.646691e+00
    endloop
  endfacet
  facet normal -0.000000e+00 1.000000e+00 0.000000e+00
    outer loop
      vertex   -2.504090e+00 1.450000e+01 -2.646691e+00
      vertex   2.504090e+00 1.450000e+01 -2.646691e+00
      vertex   -2.959943e+00 1.450000e+01 -3.436252e+00
    endloop
  endfacet
  facet normal 0.000000e+00 1.000000e+00 0.000000e+00
    outer loop
      vertex   -2.959943e+00 1.450000e+01 -3.436252e+00
      vertex   2.504090e+00 1.450000e+01 -2.646691e+00
      vertex   2.959943e+00 1.450000e+01 -3.436252e+00
    endloop
  endfacet
  facet normal -0.000000e+00 1.000000e+00 0.000000e+00
    outer loop
      vertex   -2.959943e+00 1.450000e+01 -3.436252e+00
      vertex   2.959943e+00 1.450000e+01 -3.436252e+00
      vertex   -3.528384e+00 1.450000e+01 -4.149054e+00
    endloop
  endfacet
  facet normal 0.000000e+00 1.000000e+00 0.000000e+00
    outer loop
      vertex   -3.528384e+00 1.450000e+01 -4.149054e+00
      vertex   2.959943e+00 1.450000e+01 -3.436252e+00
      vertex   3.528384e+00 1.450000e+01 -4.149054e+00
    endloop
  endfacet
  facet normal -0.000000e+00 1.000000e+00 0.000000e+00
    outer loop
      vertex   -3.528384e+00 1.450000e+01 -4.149054e+00
      vertex   3.528384e+00 1.450000e+01 -4.149054e+00
      vertex   -4.196712e+00 1.450000e+01 -4.769172e+00
    endloop
  endfacet
  facet normal 0.000000e+00 1.000000e+00 0.000000e+00
    outer loop
      vertex   -4.196712e+00 1.450000e+01 -4.769172e+00
      vertex   3.528384e+00 1.450000e+01 -4.149054e+00
      vertex   4.196712e+00 1.450000e+01 -4.769172e+00
    endloop
  endfacet
  facet normal -0.000000e+00 1.000000e+00 0.000000e+00
    outer loop
      vertex   -4.196712e+00 1.450000e+01 -4.769172e+00
      vertex   4.196712e+00 1.450000e+01 -4.769172e+00
      vertex   -4.950000e+00 1.450000e+01 -5.282755e+00
    endloop
  endfacet
  facet normal 0.000000e+00 1.000000e+00 0.000000e+00
    outer loop
      vertex   -4.950000e+00 1.450000e+01 -5.282755e+00
      vertex   4.196712e+00 1.450000e+01 -4.769172e+00
      vertex   4.950000e+00 1.450000e+01 -5.282755e+00
    endloop
  endfacet
  facet normal -0.000000e+00 1.000000e+00 0.000000e+00
    outer loop
      vertex   -4.950000e+00 1.450000e+01 -5.282755e+00
      vertex   4.950000e+00 1.450000e+01 -5.282755e+00
      vertex   -8.000000e+00 1.450000e+01 -7.043673e+00
    endloop
  endfacet
  facet normal 0.000000e+00 1.000000e+00 0.000000e+00
    outer loop
      vertex   -8.000000e+00 1.450000e+01 -7.043673e+00
      vertex   4.950000e+00 1.450000e+01 -5.282755e+00
      vertex   8.000000e+00 1.450000e+01 -7.043673e+00
    endloop
  endfacet
  facet normal 1.239361e-31 1.000000e+00 -2.232634e-16
    outer loop
      vertex   -8.000000e+00 1.450000e+01 -7.043673e+00
      vertex   8.000000e+00 1.450000e+01 -7.043673e+00
      vertex   -1.700000e+01 1.450000e+01 -1.500000e+01
    endloop
  endfacet
  facet normal 0.000000e+00 1.000000e+00 0.000000e+00
    outer loop
      vertex   -7.544146e+00 1.450000e+01 6.082943e+00
      vertex   -8.455854e+00 1.450000e+01 6.082943e+00
      vertex   -2.950000e+01 1.450000e+01 9.500000e+00
    endloop
  endfacet
  facet normal 0.000000e+00 1.000000e+00 0.000000e+00
    outer loop
      vertex   -2.950000e+01 1.450000e+01 9.500000e+00
      vertex   -8.455854e+00 1.450000e+01 6.082943e+00
      vertex   -9.357378e+00 1.450000e+01 5.947060e+00
    endloop
  endfacet
  facet normal 0.000000e+00 1.000000e+00 0.000000e+00
    outer loop
      vertex   -2.950000e+01 1.450000e+01 9.500000e+00
      vertex   -9.357378e+00 1.450000e+01 5.947060e+00
      vertex   -1.022858e+01 1.450000e+01 5.678330e+00
    endloop
  endfacet
  facet normal 0.000000e+00 1.000000e+00 0.000000e+00
    outer loop
      vertex   -1.022858e+01 1.450000e+01 5.678330e+00
      vertex   -1.105000e+01 1.450000e+01 5.282755e+00
      vertex   -2.950000e+01 1.450000e+01 9.500000e+00
    endloop
  endfacet
  facet normal -4.066991e-16 1.000000e+00 4.383174e-16
    outer loop
      vertex   -1.180329e+01 1.450000e+01 4.769172e+00
      vertex   -1.247162e+01 1.450000e+01 4.149054e+00
      vertex   -1.700000e+01 1.450000e+01 4.000000e+00
    endloop
  endfacet
  facet normal -4.028461e-16 1.000000e+00 3.212590e-16
    outer loop
      vertex   -1.700000e+01 1.450000e+01 4.000000e+00
      vertex   -1.247162e+01 1.450000e+01 4.149054e+00
      vertex   -1.304006e+01 1.450000e+01 3.436252e+00
    endloop
  endfacet
  facet normal -4.145114e-16 1.000000e+00 2.393183e-16
    outer loop
      vertex   -1.700000e+01 1.450000e+01 4.000000e+00
      vertex   -1.304006e+01 1.450000e+01 3.436252e+00
      vertex   -1.349591e+01 1.450000e+01 2.646691e+00
    endloop
  endfacet
  facet normal -4.402126e-16 1.000000e+00 1.727707e-16
    outer loop
      vertex   -1.349591e+01 1.450000e+01 2.646691e+00
      vertex   -1.382899e+01 1.450000e+01 1.798007e+00
      vertex   -1.700000e+01 1.450000e+01 4.000000e+00
    endloop
  endfacet
  facet normal -4.835471e-16 1.000000e+00 1.103665e-16
    outer loop
      vertex   -1.700000e+01 1.450000e+01 4.000000e+00
      vertex   -1.382899e+01 1.450000e+01 1.798007e+00
      vertex   -1.403187e+01 1.450000e+01 9.091578e-01
    endloop
  endfacet
  facet normal -5.551534e-16 1.000000e+00 4.160300e-17
    outer loop
      vertex   -1.700000e+01 1.450000e+01 4.000000e+00
      vertex   -1.403187e+01 1.450000e+01 9.091578e-01
      vertex   -1.410000e+01 1.450000e+01 -6.091939e-15
    endloop
  endfacet
  facet normal -6.831507e-16 1.000000e+00 -5.119507e-17
    outer loop
      vertex   -1.410000e+01 1.450000e+01 -6.091939e-15
      vertex   -1.403187e+01 1.450000e+01 -9.091578e-01
      vertex   -1.700000e+01 1.450000e+01 4.000000e+00
    endloop
  endfacet
  facet normal -9.614148e-16 1.000000e+00 -2.194367e-16
    outer loop
      vertex   -1.700000e+01 1.450000e+01 4.000000e+00
      vertex   -1.403187e+01 1.450000e+01 -9.091578e-01
      vertex   -1.382899e+01 1.450000e+01 -1.798007e+00
    endloop
  endfacet
  facet normal -1.347591e-16 1.000000e+00 -1.074668e-16
    outer loop
      vertex   -1.304006e+01 1.450000e+01 -3.436252e+00
      vertex   -1.247162e+01 1.450000e+01 -4.149054e+00
      vertex   -1.700000e+01 1.450000e+01 -1.500000e+01
    endloop
  endfacet
  facet normal -1.094967e-16 1.000000e+00 -1.180094e-16
    outer loop
      vertex   -1.700000e+01 1.450000e+01 -1.500000e+01
      vertex   -1.247162e+01 1.450000e+01 -4.149054e+00
      vertex   -1.180329e+01 1.450000e+01 -4.769172e+00
    endloop
  endfacet
  facet normal -8.792722e-17 1.000000e+00 -1.289656e-16
    outer loop
      vertex   -1.700000e+01 1.450000e+01 -1.500000e+01
      vertex   -1.180329e+01 1.450000e+01 -4.769172e+00
      vertex   -1.105000e+01 1.450000e+01 -5.282755e+00
    endloop
  endfacet
  facet normal -7.797618e-17 1.000000e+00 -1.350587e-16
    outer loop
      vertex   -1.105000e+01 1.450000e+01 -5.282755e+00
      vertex   -8.000000e+00 1.450000e+01 -7.043673e+00
      vertex   -1.700000e+01 1.450000e+01 -1.500000e+01
    endloop
  endfacet
endsolid
