solid ASCII
  facet normal -6.431238e-16 -8.825058e-02 9.960983e-01
    outer loop
      vertex   3.550260e+01 -4.700000e+01 -2.170000e+01
      vertex   3.598516e+01 -4.673860e+01 -2.167684e+01
      vertex   3.000000e+01 -4.700000e+01 -2.170000e+01
    endloop
  endfacet
  facet normal 1.864380e-03 -1.305260e-01 9.914431e-01
    outer loop
      vertex   3.000000e+01 -4.700000e+01 -2.170000e+01
      vertex   3.598516e+01 -4.673860e+01 -2.167684e+01
      vertex   3.000000e+01 -4.661177e+01 -2.164889e+01
    endloop
  endfacet
  facet normal -7.092503e-04 -2.470335e-01 9.690067e-01
    outer loop
      vertex   3.000000e+01 -4.661177e+01 -2.164889e+01
      vertex   3.598516e+01 -4.673860e+01 -2.167684e+01
      vertex   3.647621e+01 -4.651582e+01 -2.161969e+01
    endloop
  endfacet
  facet normal 1.504063e-03 -3.826830e-01 9.238785e-01
    outer loop
      vertex   3.000000e+01 -4.661177e+01 -2.164889e+01
      vertex   3.647621e+01 -4.651582e+01 -2.161969e+01
      vertex   3.000000e+01 -4.625000e+01 -2.149904e+01
    endloop
  endfacet
  facet normal 1.517124e-03 -3.824151e-01 9.239894e-01
    outer loop
      vertex   3.000000e+01 -4.625000e+01 -2.149904e+01
      vertex   3.647621e+01 -4.651582e+01 -2.161969e+01
      vertex   3.697686e+01 -4.635034e+01 -2.155202e+01
    endloop
  endfacet
  facet normal 3.221501e-04 -4.493362e-01 8.933627e-01
    outer loop
      vertex   3.000000e+01 -4.625000e+01 -2.149904e+01
      vertex   3.697686e+01 -4.635034e+01 -2.155202e+01
      vertex   3.723444e+01 -4.630118e+01 -2.152739e+01
    endloop
  endfacet
  facet normal 6.875613e-05 -4.771115e-01 8.788428e-01
    outer loop
      vertex   3.723444e+01 -4.630118e+01 -2.152739e+01
      vertex   3.750000e+01 -4.628331e+01 -2.151771e+01
      vertex   3.000000e+01 -4.625000e+01 -2.149904e+01
    endloop
  endfacet
  facet normal 0.000000e+00 -4.889371e-01 8.723190e-01
    outer loop
      vertex   3.000000e+01 -4.625000e+01 -2.149904e+01
      vertex   3.750000e+01 -4.628331e+01 -2.151771e+01
      vertex   3.750000e+01 -4.625000e+01 -2.149904e+01
    endloop
  endfacet
  facet normal 0.000000e+00 -6.087614e-01 7.933533e-01
    outer loop
      vertex   3.000000e+01 -4.625000e+01 -2.149904e+01
      vertex   3.750000e+01 -4.625000e+01 -2.149904e+01
      vertex   3.000000e+01 -4.593934e+01 -2.126066e+01
    endloop
  endfacet
  facet normal 0.000000e+00 -6.087614e-01 7.933533e-01
    outer loop
      vertex   3.000000e+01 -4.593934e+01 -2.126066e+01
      vertex   3.750000e+01 -4.625000e+01 -2.149904e+01
      vertex   3.750000e+01 -4.593934e+01 -2.126066e+01
    endloop
  endfacet
  facet normal 0.000000e+00 -7.933533e-01 6.087614e-01
    outer loop
      vertex   3.000000e+01 -4.593934e+01 -2.126066e+01
      vertex   3.750000e+01 -4.593934e+01 -2.126066e+01
      vertex   3.000000e+01 -4.570096e+01 -2.095000e+01
    endloop
  endfacet
  facet normal 0.000000e+00 -7.933533e-01 6.087614e-01
    outer loop
      vertex   3.000000e+01 -4.570096e+01 -2.095000e+01
      vertex   3.750000e+01 -4.593934e+01 -2.126066e+01
      vertex   3.750000e+01 -4.570096e+01 -2.095000e+01
    endloop
  endfacet
  facet normal 0.000000e+00 -9.238795e-01 3.826834e-01
    outer loop
      vertex   3.000000e+01 -4.570096e+01 -2.095000e+01
      vertex   3.750000e+01 -4.570096e+01 -2.095000e+01
      vertex   3.000000e+01 -4.555111e+01 -2.058823e+01
    endloop
  endfacet
  facet normal -8.752745e-16 -9.238795e-01 3.826834e-01
    outer loop
      vertex   3.000000e+01 -4.555111e+01 -2.058823e+01
      vertex   3.750000e+01 -4.570096e+01 -2.095000e+01
      vertex   3.750000e+01 -4.555111e+01 -2.058823e+01
    endloop
  endfacet
  facet normal -9.392853e-16 -9.914449e-01 1.305262e-01
    outer loop
      vertex   3.000000e+01 -4.555111e+01 -2.058823e+01
      vertex   3.750000e+01 -4.555111e+01 -2.058823e+01
      vertex   3.000000e+01 -4.550000e+01 -2.020000e+01
    endloop
  endfacet
  facet normal 0.000000e+00 -9.914449e-01 1.305262e-01
    outer loop
      vertex   3.000000e+01 -4.550000e+01 -2.020000e+01
      vertex   3.750000e+01 -4.555111e+01 -2.058823e+01
      vertex   4.500000e+01 -4.550000e+01 -2.020000e+01
    endloop
  endfacet
  facet normal 9.391764e-16 -9.914449e-01 1.305262e-01
    outer loop
      vertex   4.500000e+01 -4.550000e+01 -2.020000e+01
      vertex   3.750000e+01 -4.555111e+01 -2.058823e+01
      vertex   4.500000e+01 -4.555111e+01 -2.058823e+01
    endloop
  endfacet
  facet normal 8.752745e-16 -9.238795e-01 3.826834e-01
    outer loop
      vertex   4.500000e+01 -4.555111e+01 -2.058823e+01
      vertex   3.750000e+01 -4.555111e+01 -2.058823e+01
      vertex   4.500000e+01 -4.570096e+01 -2.095000e+01
    endloop
  endfacet
  facet normal 0.000000e+00 -9.238795e-01 3.826834e-01
    outer loop
      vertex   4.500000e+01 -4.570096e+01 -2.095000e+01
      vertex   3.750000e+01 -4.555111e+01 -2.058823e+01
      vertex   3.750000e+01 -4.570096e+01 -2.095000e+01
    endloop
  endfacet
  facet normal 0.000000e+00 -7.933533e-01 6.087614e-01
    outer loop
      vertex   4.500000e+01 -4.570096e+01 -2.095000e+01
      vertex   3.750000e+01 -4.570096e+01 -2.095000e+01
      vertex   4.500000e+01 -4.593934e+01 -2.126066e+01
    endloop
  endfacet
  facet normal 0.000000e+00 -7.933533e-01 6.087614e-01
    outer loop
      vertex   4.500000e+01 -4.593934e+01 -2.126066e+01
      vertex   3.750000e+01 -4.570096e+01 -2.095000e+01
      vertex   3.750000e+01 -4.593934e+01 -2.126066e+01
    endloop
  endfacet
  facet normal 0.000000e+00 -6.087614e-01 7.933533e-01
    outer loop
      vertex   4.500000e+01 -4.593934e+01 -2.126066e+01
      vertex   3.750000e+01 -4.593934e+01 -2.126066e+01
      vertex   4.500000e+01 -4.625000e+01 -2.149904e+01
    endloop
  endfacet
  facet normal 0.000000e+00 -6.087614e-01 7.933533e-01
    outer loop
      vertex   4.500000e+01 -4.625000e+01 -2.149904e+01
      vertex   3.750000e+01 -4.593934e+01 -2.126066e+01
      vertex   3.750000e+01 -4.625000e+01 -2.149904e+01
    endloop
  endfacet
  facet normal 0.000000e+00 -4.889371e-01 8.723190e-01
    outer loop
      vertex   4.500000e+01 -4.625000e+01 -2.149904e+01
      vertex   3.750000e+01 -4.625000e+01 -2.149904e+01
      vertex   3.750000e+01 -4.628331e+01 -2.151771e+01
    endloop
  endfacet
  facet normal -6.875613e-05 -4.771115e-01 8.788428e-01
    outer loop
      vertex   3.750000e+01 -4.628331e+01 -2.151771e+01
      vertex   3.776556e+01 -4.630118e+01 -2.152739e+01
      vertex   4.500000e+01 -4.625000e+01 -2.149904e+01
    endloop
  endfacet
  facet normal -3.221501e-04 -4.493362e-01 8.933627e-01
    outer loop
      vertex   4.500000e+01 -4.625000e+01 -2.149904e+01
      vertex   3.776556e+01 -4.630118e+01 -2.152739e+01
      vertex   3.802314e+01 -4.635034e+01 -2.155202e+01
    endloop
  endfacet
  facet normal -1.517124e-03 -3.824151e-01 9.239894e-01
    outer loop
      vertex   4.500000e+01 -4.625000e+01 -2.149904e+01
      vertex   3.802314e+01 -4.635034e+01 -2.155202e+01
      vertex   3.852379e+01 -4.651582e+01 -2.161969e+01
    endloop
  endfacet
  facet normal -1.504063e-03 -3.826830e-01 9.238785e-01
    outer loop
      vertex   4.500000e+01 -4.625000e+01 -2.149904e+01
      vertex   3.852379e+01 -4.651582e+01 -2.161969e+01
      vertex   4.500000e+01 -4.661177e+01 -2.164889e+01
    endloop
  endfacet
  facet normal 7.092503e-04 -2.470335e-01 9.690067e-01
    outer loop
      vertex   4.500000e+01 -4.661177e+01 -2.164889e+01
      vertex   3.852379e+01 -4.651582e+01 -2.161969e+01
      vertex   3.901484e+01 -4.673860e+01 -2.167684e+01
    endloop
  endfacet
  facet normal -1.864380e-03 -1.305260e-01 9.914431e-01
    outer loop
      vertex   4.500000e+01 -4.661177e+01 -2.164889e+01
      vertex   3.901484e+01 -4.673860e+01 -2.167684e+01
      vertex   4.500000e+01 -4.700000e+01 -2.170000e+01
    endloop
  endfacet
  facet normal 6.431238e-16 -8.825058e-02 9.960983e-01
    outer loop
      vertex   4.500000e+01 -4.700000e+01 -2.170000e+01
      vertex   3.901484e+01 -4.673860e+01 -2.167684e+01
      vertex   3.949740e+01 -4.700000e+01 -2.170000e+01
    endloop
  endfacet
  facet normal 0.000000e+00 -1.000000e+00 -5.410224e-15
    outer loop
      vertex   3.000000e+01 -4.550000e+01 -2.020000e+01
      vertex   4.500000e+01 -4.550000e+01 -2.020000e+01
      vertex   3.000000e+01 -4.550000e+01 -5.000000e-01
    endloop
  endfacet
  facet normal 1.250184e-15 -1.000000e+00 -4.458307e-15
    outer loop
      vertex   3.000000e+01 -4.550000e+01 -5.000000e-01
      vertex   4.500000e+01 -4.550000e+01 -2.020000e+01
      vertex   4.500000e+01 -4.550000e+01 5.300000e+00
    endloop
  endfacet
  facet normal -1.632126e-31 -1.000000e+00 -1.225074e-15
    outer loop
      vertex   3.000000e+01 -4.550000e+01 -5.000000e-01
      vertex   4.500000e+01 -4.550000e+01 5.300000e+00
      vertex   2.500000e+01 -4.550000e+01 5.300000e+00
    endloop
  endfacet
  facet normal 1.421085e-15 -1.000000e+00 0.000000e+00
    outer loop
      vertex   2.500000e+01 -4.550000e+01 5.300000e+00
      vertex   2.500000e+01 -4.550000e+01 4.500000e+00
      vertex   3.000000e+01 -4.550000e+01 -5.000000e-01
    endloop
  endfacet
  facet normal -0.000000e+00 4.293235e-02 9.990780e-01
    outer loop
      vertex   3.954404e+01 2.157945e+01 -2.170000e+01
      vertex   3.906206e+01 2.132349e+01 -2.168900e+01
      vertex   4.500000e+01 2.157945e+01 -2.170000e+01
    endloop
  endfacet
  facet normal -2.287765e-03 9.584550e-02 9.953936e-01
    outer loop
      vertex   4.500000e+01 2.157945e+01 -2.170000e+01
      vertex   3.906206e+01 2.132349e+01 -2.168900e+01
      vertex   4.500000e+01 2.100703e+01 -2.164488e+01
    endloop
  endfacet
  facet normal -9.850203e-04 1.199258e-01 9.927824e-01
    outer loop
      vertex   4.500000e+01 2.100703e+01 -2.164488e+01
      vertex   3.906206e+01 2.132349e+01 -2.168900e+01
      vertex   3.856053e+01 2.112505e+01 -2.166553e+01
    endloop
  endfacet
  facet normal -2.671809e-05 1.709031e-01 9.852878e-01
    outer loop
      vertex   4.500000e+01 2.100703e+01 -2.164488e+01
      vertex   3.856053e+01 2.112505e+01 -2.166553e+01
      vertex   3.803971e+01 2.099678e+01 -2.164329e+01
    endloop
  endfacet
  facet normal -1.993277e-04 2.840153e-01 9.588197e-01
    outer loop
      vertex   4.500000e+01 2.100703e+01 -2.164488e+01
      vertex   3.803971e+01 2.099678e+01 -2.164329e+01
      vertex   4.500000e+01 2.045563e+01 -2.148155e+01
    endloop
  endfacet
  facet normal -3.276059e-03 2.474530e-01 9.688944e-01
    outer loop
      vertex   4.500000e+01 2.045563e+01 -2.148155e+01
      vertex   3.803971e+01 2.099678e+01 -2.164329e+01
      vertex   3.750000e+01 2.095124e+01 -2.163349e+01
    endloop
  endfacet
  facet normal 0.000000e+00 2.931015e-01 9.560813e-01
    outer loop
      vertex   4.500000e+01 2.045563e+01 -2.148155e+01
      vertex   3.750000e+01 2.095124e+01 -2.163349e+01
      vertex   3.750000e+01 2.045563e+01 -2.148155e+01
    endloop
  endfacet
  facet normal 0.000000e+00 2.931015e-01 9.560813e-01
    outer loop
      vertex   3.750000e+01 2.045563e+01 -2.148155e+01
      vertex   3.750000e+01 2.095124e+01 -2.163349e+01
      vertex   3.000000e+01 2.045563e+01 -2.148155e+01
    endloop
  endfacet
  facet normal 0.000000e+00 4.617486e-01 8.870108e-01
    outer loop
      vertex   3.750000e+01 2.045563e+01 -2.148155e+01
      vertex   3.000000e+01 2.045563e+01 -2.148155e+01
      vertex   3.750000e+01 1.994554e+01 -2.121601e+01
    endloop
  endfacet
  facet normal 0.000000e+00 4.617486e-01 8.870108e-01
    outer loop
      vertex   3.750000e+01 1.994554e+01 -2.121601e+01
      vertex   3.000000e+01 2.045563e+01 -2.148155e+01
      vertex   3.000000e+01 1.994554e+01 -2.121601e+01
    endloop
  endfacet
  facet normal 0.000000e+00 6.225146e-01 7.826082e-01
    outer loop
      vertex   3.750000e+01 1.994554e+01 -2.121601e+01
      vertex   3.000000e+01 1.994554e+01 -2.121601e+01
      vertex   3.750000e+01 1.949548e+01 -2.085802e+01
    endloop
  endfacet
  facet normal 0.000000e+00 6.225146e-01 7.826082e-01
    outer loop
      vertex   3.750000e+01 1.949548e+01 -2.085802e+01
      vertex   3.000000e+01 1.994554e+01 -2.121601e+01
      vertex   3.000000e+01 1.949548e+01 -2.085802e+01
    endloop
  endfacet
  facet normal 0.000000e+00 7.604060e-01 6.494480e-01
    outer loop
      vertex   3.750000e+01 1.949548e+01 -2.085802e+01
      vertex   3.000000e+01 1.949548e+01 -2.085802e+01
      vertex   3.000000e+01 1.912200e+01 -2.042073e+01
    endloop
  endfacet
  facet normal 3.276059e-03 2.474530e-01 9.688944e-01
    outer loop
      vertex   3.750000e+01 2.095124e+01 -2.163349e+01
      vertex   3.696029e+01 2.099678e+01 -2.164329e+01
      vertex   3.000000e+01 2.045563e+01 -2.148155e+01
    endloop
  endfacet
  facet normal 1.993277e-04 2.840153e-01 9.588197e-01
    outer loop
      vertex   3.000000e+01 2.045563e+01 -2.148155e+01
      vertex   3.696029e+01 2.099678e+01 -2.164329e+01
      vertex   3.000000e+01 2.100703e+01 -2.164488e+01
    endloop
  endfacet
  facet normal 2.671809e-05 1.709031e-01 9.852878e-01
    outer loop
      vertex   3.000000e+01 2.100703e+01 -2.164488e+01
      vertex   3.696029e+01 2.099678e+01 -2.164329e+01
      vertex   3.643947e+01 2.112505e+01 -2.166553e+01
    endloop
  endfacet
  facet normal 9.850203e-04 1.199258e-01 9.927824e-01
    outer loop
      vertex   3.000000e+01 2.100703e+01 -2.164488e+01
      vertex   3.643947e+01 2.112505e+01 -2.166553e+01
      vertex   3.593794e+01 2.132349e+01 -2.168900e+01
    endloop
  endfacet
  facet normal 0.000000e+00 4.293235e-02 9.990780e-01
    outer loop
      vertex   3.545596e+01 2.157945e+01 -2.170000e+01
      vertex   3.000000e+01 2.157945e+01 -2.170000e+01
      vertex   3.593794e+01 2.132349e+01 -2.168900e+01
    endloop
  endfacet
  facet normal 2.287765e-03 9.584550e-02 9.953936e-01
    outer loop
      vertex   3.593794e+01 2.132349e+01 -2.168900e+01
      vertex   3.000000e+01 2.157945e+01 -2.170000e+01
      vertex   3.000000e+01 2.100703e+01 -2.164488e+01
    endloop
  endfacet
  facet normal -0.000000e+00 7.604060e-01 6.494480e-01
    outer loop
      vertex   3.000000e+01 1.912200e+01 -2.042073e+01
      vertex   4.500000e+01 1.912200e+01 -2.042073e+01
      vertex   3.750000e+01 1.949548e+01 -2.085802e+01
    endloop
  endfacet
  facet normal -0.000000e+00 7.604060e-01 6.494480e-01
    outer loop
      vertex   3.750000e+01 1.949548e+01 -2.085802e+01
      vertex   4.500000e+01 1.912200e+01 -2.042073e+01
      vertex   4.500000e+01 1.949548e+01 -2.085802e+01
    endloop
  endfacet
  facet normal -0.000000e+00 6.225146e-01 7.826082e-01
    outer loop
      vertex   3.750000e+01 1.949548e+01 -2.085802e+01
      vertex   4.500000e+01 1.949548e+01 -2.085802e+01
      vertex   3.750000e+01 1.994554e+01 -2.121601e+01
    endloop
  endfacet
  facet normal -0.000000e+00 6.225146e-01 7.826082e-01
    outer loop
      vertex   3.750000e+01 1.994554e+01 -2.121601e+01
      vertex   4.500000e+01 1.949548e+01 -2.085802e+01
      vertex   4.500000e+01 1.994554e+01 -2.121601e+01
    endloop
  endfacet
  facet normal -0.000000e+00 4.617486e-01 8.870108e-01
    outer loop
      vertex   3.750000e+01 1.994554e+01 -2.121601e+01
      vertex   4.500000e+01 1.994554e+01 -2.121601e+01
      vertex   3.750000e+01 2.045563e+01 -2.148155e+01
    endloop
  endfacet
  facet normal -0.000000e+00 4.617486e-01 8.870108e-01
    outer loop
      vertex   3.750000e+01 2.045563e+01 -2.148155e+01
      vertex   4.500000e+01 1.994554e+01 -2.121601e+01
      vertex   4.500000e+01 2.045563e+01 -2.148155e+01
    endloop
  endfacet
  facet normal -0.000000e+00 8.191520e-01 5.735764e-01
    outer loop
      vertex   3.000000e+01 1.912200e+01 -2.042073e+01
      vertex   3.000000e+01 1.155322e+01 -9.611389e+00
      vertex   4.500000e+01 1.912200e+01 -2.042073e+01
    endloop
  endfacet
  facet normal 7.179501e-17 8.191520e-01 5.735764e-01
    outer loop
      vertex   4.500000e+01 1.912200e+01 -2.042073e+01
      vertex   3.000000e+01 1.155322e+01 -9.611389e+00
      vertex   4.500000e+01 1.155322e+01 -9.611389e+00
    endloop
  endfacet
  facet normal 0.000000e+00 -7.777140e-01 6.286182e-01
    outer loop
      vertex   4.500000e+01 -3.199276e+01 -1.331799e+01
      vertex   3.000000e+01 -3.199276e+01 -1.331799e+01
      vertex   3.750000e+01 -3.236357e+01 -1.377675e+01
    endloop
  endfacet
  facet normal 0.000000e+00 -7.777140e-01 6.286182e-01
    outer loop
      vertex   3.750000e+01 -3.236357e+01 -1.377675e+01
      vertex   3.000000e+01 -3.199276e+01 -1.331799e+01
      vertex   3.000000e+01 -3.236357e+01 -1.377675e+01
    endloop
  endfacet
  facet normal 0.000000e+00 -6.396752e-01 7.686453e-01
    outer loop
      vertex   3.750000e+01 -3.236357e+01 -1.377675e+01
      vertex   3.000000e+01 -3.236357e+01 -1.377675e+01
      vertex   3.750000e+01 -3.281698e+01 -1.415409e+01
    endloop
  endfacet
  facet normal 1.820518e-16 -6.396752e-01 7.686453e-01
    outer loop
      vertex   3.750000e+01 -3.281698e+01 -1.415409e+01
      vertex   3.000000e+01 -3.236357e+01 -1.377675e+01
      vertex   3.000000e+01 -3.281698e+01 -1.415409e+01
    endloop
  endfacet
  facet normal 2.081783e-16 -4.769052e-01 8.789548e-01
    outer loop
      vertex   3.750000e+01 -3.281698e+01 -1.415409e+01
      vertex   3.000000e+01 -3.281698e+01 -1.415409e+01
      vertex   3.750000e+01 -3.333546e+01 -1.443540e+01
    endloop
  endfacet
  facet normal 0.000000e+00 -4.769052e-01 8.789548e-01
    outer loop
      vertex   3.750000e+01 -3.333546e+01 -1.443540e+01
      vertex   3.000000e+01 -3.281698e+01 -1.415409e+01
      vertex   3.000000e+01 -3.333546e+01 -1.443540e+01
    endloop
  endfacet
  facet normal 0.000000e+00 -2.956968e-01 9.552818e-01
    outer loop
      vertex   3.750000e+01 -3.333546e+01 -1.443540e+01
      vertex   3.000000e+01 -3.333546e+01 -1.443540e+01
      vertex   3.750000e+01 -3.389896e+01 -1.460983e+01
    endloop
  endfacet
  facet normal 0.000000e+00 -2.956968e-01 9.552818e-01
    outer loop
      vertex   3.750000e+01 -3.389896e+01 -1.460983e+01
      vertex   3.000000e+01 -3.333546e+01 -1.443540e+01
      vertex   3.000000e+01 -3.389896e+01 -1.460983e+01
    endloop
  endfacet
  facet normal 0.000000e+00 -1.030562e-01 9.946755e-01
    outer loop
      vertex   3.750000e+01 -3.389896e+01 -1.460983e+01
      vertex   3.000000e+01 -3.389896e+01 -1.460983e+01
      vertex   3.750000e+01 -3.448570e+01 -1.467062e+01
    endloop
  endfacet
  facet normal 0.000000e+00 -1.030562e-01 9.946755e-01
    outer loop
      vertex   3.750000e+01 -3.448570e+01 -1.467062e+01
      vertex   3.000000e+01 -3.389896e+01 -1.460983e+01
      vertex   3.000000e+01 -3.448570e+01 -1.467062e+01
    endloop
  endfacet
  facet normal 0.000000e+00 9.356881e-02 9.956128e-01
    outer loop
      vertex   3.750000e+01 -3.448570e+01 -1.467062e+01
      vertex   3.000000e+01 -3.448570e+01 -1.467062e+01
      vertex   3.750000e+01 -3.507299e+01 -1.461543e+01
    endloop
  endfacet
  facet normal 0.000000e+00 9.356881e-02 9.956128e-01
    outer loop
      vertex   3.750000e+01 -3.507299e+01 -1.461543e+01
      vertex   3.000000e+01 -3.448570e+01 -1.467062e+01
      vertex   3.000000e+01 -3.507299e+01 -1.461543e+01
    endloop
  endfacet
  facet normal 0.000000e+00 2.865762e-01 9.580574e-01
    outer loop
      vertex   3.750000e+01 -3.507299e+01 -1.461543e+01
      vertex   3.000000e+01 -3.507299e+01 -1.461543e+01
      vertex   3.750000e+01 -3.563813e+01 -1.444638e+01
    endloop
  endfacet
  facet normal 2.269136e-16 2.865762e-01 9.580574e-01
    outer loop
      vertex   3.750000e+01 -3.563813e+01 -1.444638e+01
      vertex   3.000000e+01 -3.507299e+01 -1.461543e+01
      vertex   3.000000e+01 -3.563813e+01 -1.444638e+01
    endloop
  endfacet
  facet normal 2.092457e-16 4.685040e-01 8.834614e-01
    outer loop
      vertex   3.750000e+01 -3.563813e+01 -1.444638e+01
      vertex   3.000000e+01 -3.563813e+01 -1.444638e+01
      vertex   3.750000e+01 -3.615927e+01 -1.417002e+01
    endloop
  endfacet
  facet normal 0.000000e+00 4.685040e-01 8.834614e-01
    outer loop
      vertex   3.750000e+01 -3.615927e+01 -1.417002e+01
      vertex   3.000000e+01 -3.563813e+01 -1.444638e+01
      vertex   3.000000e+01 -3.615927e+01 -1.417002e+01
    endloop
  endfacet
  facet normal 0.000000e+00 6.323183e-01 7.747087e-01
    outer loop
      vertex   3.750000e+01 -3.615927e+01 -1.417002e+01
      vertex   3.000000e+01 -3.615927e+01 -1.417002e+01
      vertex   3.750000e+01 -3.661626e+01 -1.379702e+01
    endloop
  endfacet
  facet normal 0.000000e+00 6.323183e-01 7.747087e-01
    outer loop
      vertex   3.750000e+01 -3.661626e+01 -1.379702e+01
      vertex   3.000000e+01 -3.615927e+01 -1.417002e+01
      vertex   3.000000e+01 -3.661626e+01 -1.379702e+01
    endloop
  endfacet
  facet normal 0.000000e+00 7.716858e-01 6.360040e-01
    outer loop
      vertex   3.750000e+01 -3.661626e+01 -1.379702e+01
      vertex   3.000000e+01 -3.661626e+01 -1.379702e+01
      vertex   3.750000e+01 -3.699143e+01 -1.334182e+01
    endloop
  endfacet
  facet normal 3.012720e-16 7.716858e-01 6.360040e-01
    outer loop
      vertex   3.750000e+01 -3.699143e+01 -1.334182e+01
      vertex   3.000000e+01 -3.661626e+01 -1.379702e+01
      vertex   3.000000e+01 -3.699143e+01 -1.334182e+01
    endloop
  endfacet
  facet normal 2.239204e-16 8.812181e-01 4.727099e-01
    outer loop
      vertex   3.750000e+01 -3.699143e+01 -1.334182e+01
      vertex   3.000000e+01 -3.699143e+01 -1.334182e+01
      vertex   3.750000e+01 -3.727027e+01 -1.282201e+01
    endloop
  endfacet
  facet normal -1.119602e-16 8.812181e-01 4.727099e-01
    outer loop
      vertex   3.750000e+01 -3.727027e+01 -1.282201e+01
      vertex   3.000000e+01 -3.699143e+01 -1.334182e+01
      vertex   3.000000e+01 -3.727027e+01 -1.282201e+01
    endloop
  endfacet
  facet normal -6.895577e-17 9.566805e-01 2.911399e-01
    outer loop
      vertex   3.750000e+01 -3.727027e+01 -1.282201e+01
      vertex   3.000000e+01 -3.727027e+01 -1.282201e+01
      vertex   3.750000e+01 -3.744201e+01 -1.225768e+01
    endloop
  endfacet
  facet normal 0.000000e+00 9.566805e-01 2.911399e-01
    outer loop
      vertex   3.750000e+01 -3.744201e+01 -1.225768e+01
      vertex   3.000000e+01 -3.727027e+01 -1.282201e+01
      vertex   3.000000e+01 -3.744201e+01 -1.225768e+01
    endloop
  endfacet
  facet normal 0.000000e+00 9.951555e-01 9.831363e-02
    outer loop
      vertex   3.750000e+01 -3.744201e+01 -1.225768e+01
      vertex   3.000000e+01 -3.744201e+01 -1.225768e+01
      vertex   3.000000e+01 -3.750000e+01 -1.167065e+01
    endloop
  endfacet
  facet normal -0.000000e+00 9.951555e-01 9.831363e-02
    outer loop
      vertex   3.000000e+01 -3.750000e+01 -1.167065e+01
      vertex   4.500000e+01 -3.750000e+01 -1.167065e+01
      vertex   3.750000e+01 -3.744201e+01 -1.225768e+01
    endloop
  endfacet
  facet normal -0.000000e+00 9.951555e-01 9.831363e-02
    outer loop
      vertex   3.750000e+01 -3.744201e+01 -1.225768e+01
      vertex   4.500000e+01 -3.750000e+01 -1.167065e+01
      vertex   4.500000e+01 -3.744201e+01 -1.225768e+01
    endloop
  endfacet
  facet normal -0.000000e+00 9.566805e-01 2.911399e-01
    outer loop
      vertex   3.750000e+01 -3.744201e+01 -1.225768e+01
      vertex   4.500000e+01 -3.744201e+01 -1.225768e+01
      vertex   3.750000e+01 -3.727027e+01 -1.282201e+01
    endloop
  endfacet
  facet normal 6.895577e-17 9.566805e-01 2.911399e-01
    outer loop
      vertex   3.750000e+01 -3.727027e+01 -1.282201e+01
      vertex   4.500000e+01 -3.744201e+01 -1.225768e+01
      vertex   4.500000e+01 -3.727027e+01 -1.282201e+01
    endloop
  endfacet
  facet normal 1.119602e-16 8.812181e-01 4.727099e-01
    outer loop
      vertex   3.750000e+01 -3.727027e+01 -1.282201e+01
      vertex   4.500000e+01 -3.727027e+01 -1.282201e+01
      vertex   3.750000e+01 -3.699143e+01 -1.334182e+01
    endloop
  endfacet
  facet normal -2.239204e-16 8.812181e-01 4.727099e-01
    outer loop
      vertex   3.750000e+01 -3.699143e+01 -1.334182e+01
      vertex   4.500000e+01 -3.727027e+01 -1.282201e+01
      vertex   4.500000e+01 -3.699143e+01 -1.334182e+01
    endloop
  endfacet
  facet normal -3.012720e-16 7.716858e-01 6.360040e-01
    outer loop
      vertex   3.750000e+01 -3.699143e+01 -1.334182e+01
      vertex   4.500000e+01 -3.699143e+01 -1.334182e+01
      vertex   3.750000e+01 -3.661626e+01 -1.379702e+01
    endloop
  endfacet
  facet normal -0.000000e+00 7.716858e-01 6.360040e-01
    outer loop
      vertex   3.750000e+01 -3.661626e+01 -1.379702e+01
      vertex   4.500000e+01 -3.699143e+01 -1.334182e+01
      vertex   4.500000e+01 -3.661626e+01 -1.379702e+01
    endloop
  endfacet
  facet normal -0.000000e+00 6.323183e-01 7.747087e-01
    outer loop
      vertex   3.750000e+01 -3.661626e+01 -1.379702e+01
      vertex   4.500000e+01 -3.661626e+01 -1.379702e+01
      vertex   3.750000e+01 -3.615927e+01 -1.417002e+01
    endloop
  endfacet
  facet normal -0.000000e+00 6.323183e-01 7.747087e-01
    outer loop
      vertex   3.750000e+01 -3.615927e+01 -1.417002e+01
      vertex   4.500000e+01 -3.661626e+01 -1.379702e+01
      vertex   4.500000e+01 -3.615927e+01 -1.417002e+01
    endloop
  endfacet
  facet normal -0.000000e+00 4.685040e-01 8.834614e-01
    outer loop
      vertex   3.750000e+01 -3.615927e+01 -1.417002e+01
      vertex   4.500000e+01 -3.615927e+01 -1.417002e+01
      vertex   3.750000e+01 -3.563813e+01 -1.444638e+01
    endloop
  endfacet
  facet normal -2.092457e-16 4.685040e-01 8.834614e-01
    outer loop
      vertex   3.750000e+01 -3.563813e+01 -1.444638e+01
      vertex   4.500000e+01 -3.615927e+01 -1.417002e+01
      vertex   4.500000e+01 -3.563813e+01 -1.444638e+01
    endloop
  endfacet
  facet normal -2.269136e-16 2.865762e-01 9.580574e-01
    outer loop
      vertex   3.750000e+01 -3.563813e+01 -1.444638e+01
      vertex   4.500000e+01 -3.563813e+01 -1.444638e+01
      vertex   3.750000e+01 -3.507299e+01 -1.461543e+01
    endloop
  endfacet
  facet normal -0.000000e+00 2.865762e-01 9.580574e-01
    outer loop
      vertex   3.750000e+01 -3.507299e+01 -1.461543e+01
      vertex   4.500000e+01 -3.563813e+01 -1.444638e+01
      vertex   4.500000e+01 -3.507299e+01 -1.461543e+01
    endloop
  endfacet
  facet normal -0.000000e+00 9.356881e-02 9.956128e-01
    outer loop
      vertex   3.750000e+01 -3.507299e+01 -1.461543e+01
      vertex   4.500000e+01 -3.507299e+01 -1.461543e+01
      vertex   3.750000e+01 -3.448570e+01 -1.467062e+01
    endloop
  endfacet
  facet normal -0.000000e+00 9.356881e-02 9.956128e-01
    outer loop
      vertex   3.750000e+01 -3.448570e+01 -1.467062e+01
      vertex   4.500000e+01 -3.507299e+01 -1.461543e+01
      vertex   4.500000e+01 -3.448570e+01 -1.467062e+01
    endloop
  endfacet
  facet normal 0.000000e+00 -1.030562e-01 9.946755e-01
    outer loop
      vertex   3.750000e+01 -3.448570e+01 -1.467062e+01
      vertex   4.500000e+01 -3.448570e+01 -1.467062e+01
      vertex   3.750000e+01 -3.389896e+01 -1.460983e+01
    endloop
  endfacet
  facet normal 0.000000e+00 -1.030562e-01 9.946755e-01
    outer loop
      vertex   3.750000e+01 -3.389896e+01 -1.460983e+01
      vertex   4.500000e+01 -3.448570e+01 -1.467062e+01
      vertex   4.500000e+01 -3.389896e+01 -1.460983e+01
    endloop
  endfacet
  facet normal 0.000000e+00 -2.956968e-01 9.552818e-01
    outer loop
      vertex   3.750000e+01 -3.389896e+01 -1.460983e+01
      vertex   4.500000e+01 -3.389896e+01 -1.460983e+01
      vertex   3.750000e+01 -3.333546e+01 -1.443540e+01
    endloop
  endfacet
  facet normal 0.000000e+00 -2.956968e-01 9.552818e-01
    outer loop
      vertex   3.750000e+01 -3.333546e+01 -1.443540e+01
      vertex   4.500000e+01 -3.389896e+01 -1.460983e+01
      vertex   4.500000e+01 -3.333546e+01 -1.443540e+01
    endloop
  endfacet
  facet normal 0.000000e+00 -4.769052e-01 8.789548e-01
    outer loop
      vertex   3.750000e+01 -3.333546e+01 -1.443540e+01
      vertex   4.500000e+01 -3.333546e+01 -1.443540e+01
      vertex   3.750000e+01 -3.281698e+01 -1.415409e+01
    endloop
  endfacet
  facet normal 0.000000e+00 -4.769052e-01 8.789548e-01
    outer loop
      vertex   3.750000e+01 -3.281698e+01 -1.415409e+01
      vertex   4.500000e+01 -3.333546e+01 -1.443540e+01
      vertex   4.500000e+01 -3.281698e+01 -1.415409e+01
    endloop
  endfacet
  facet normal 0.000000e+00 -6.396752e-01 7.686453e-01
    outer loop
      vertex   3.750000e+01 -3.281698e+01 -1.415409e+01
      vertex   4.500000e+01 -3.281698e+01 -1.415409e+01
      vertex   3.750000e+01 -3.236357e+01 -1.377675e+01
    endloop
  endfacet
  facet normal 0.000000e+00 -6.396752e-01 7.686453e-01
    outer loop
      vertex   3.750000e+01 -3.236357e+01 -1.377675e+01
      vertex   4.500000e+01 -3.281698e+01 -1.415409e+01
      vertex   4.500000e+01 -3.236357e+01 -1.377675e+01
    endloop
  endfacet
  facet normal 0.000000e+00 -7.777140e-01 6.286182e-01
    outer loop
      vertex   3.750000e+01 -3.236357e+01 -1.377675e+01
      vertex   4.500000e+01 -3.236357e+01 -1.377675e+01
      vertex   4.500000e+01 -3.199276e+01 -1.331799e+01
    endloop
  endfacet
  facet normal -0.000000e+00 1.000000e+00 6.360798e-16
    outer loop
      vertex   3.000000e+01 -3.750000e+01 -1.167065e+01
      vertex   3.000000e+01 -3.750000e+01 -5.000000e-01
      vertex   4.500000e+01 -3.750000e+01 -1.167065e+01
    endloop
  endfacet
  facet normal -1.618931e-16 1.000000e+00 4.186891e-16
    outer loop
      vertex   4.500000e+01 -3.750000e+01 -1.167065e+01
      vertex   3.000000e+01 -3.750000e+01 -5.000000e-01
      vertex   4.500000e+01 -3.750000e+01 5.300000e+00
    endloop
  endfacet
  facet normal 0.000000e+00 1.000000e+00 0.000000e+00
    outer loop
      vertex   4.500000e+01 -3.750000e+01 5.300000e+00
      vertex   3.000000e+01 -3.750000e+01 -5.000000e-01
      vertex   2.500000e+01 -3.750000e+01 5.300000e+00
    endloop
  endfacet
  facet normal 0.000000e+00 1.000000e+00 0.000000e+00
    outer loop
      vertex   2.500000e+01 -3.750000e+01 5.300000e+00
      vertex   3.000000e+01 -3.750000e+01 -5.000000e-01
      vertex   2.500000e+01 -3.750000e+01 4.500000e+00
    endloop
  endfacet
  facet normal -7.071068e-01 -4.906539e-17 -7.071068e-01
    outer loop
      vertex   3.000000e+01 -4.550000e+01 -5.000000e-01
      vertex   2.500000e+01 -4.550000e+01 4.500000e+00
      vertex   3.000000e+01 -3.750000e+01 -5.000000e-01
    endloop
  endfacet
  facet normal -7.071068e-01 1.256074e-16 -7.071068e-01
    outer loop
      vertex   3.000000e+01 -3.750000e+01 -5.000000e-01
      vertex   2.500000e+01 -4.550000e+01 4.500000e+00
      vertex   2.500000e+01 -3.750000e+01 4.500000e+00
    endloop
  endfacet
  facet normal -1.000000e+00 -0.000000e+00 0.000000e+00
    outer loop
      vertex   2.500000e+01 -3.750000e+01 4.500000e+00
      vertex   2.500000e+01 -4.550000e+01 4.500000e+00
      vertex   2.500000e+01 -3.750000e+01 5.300000e+00
    endloop
  endfacet
  facet normal -1.000000e+00 0.000000e+00 0.000000e+00
    outer loop
      vertex   2.500000e+01 -3.750000e+01 5.300000e+00
      vertex   2.500000e+01 -4.550000e+01 4.500000e+00
      vertex   2.500000e+01 -4.550000e+01 5.300000e+00
    endloop
  endfacet
  facet normal -1.000000e+00 -0.000000e+00 0.000000e+00
    outer loop
      vertex   2.500000e+01 -3.750000e+01 5.300000e+00
      vertex   2.500000e+01 -4.550000e+01 5.300000e+00
      vertex   2.500000e+01 -3.755014e+01 5.745042e+00
    endloop
  endfacet
  facet normal -1.000000e+00 0.000000e+00 0.000000e+00
    outer loop
      vertex   2.500000e+01 -3.755014e+01 5.745042e+00
      vertex   2.500000e+01 -4.550000e+01 5.300000e+00
      vertex   2.500000e+01 -4.544986e+01 5.745042e+00
    endloop
  endfacet
  facet normal -1.000000e+00 -0.000000e+00 0.000000e+00
    outer loop
      vertex   2.500000e+01 -3.755014e+01 5.745042e+00
      vertex   2.500000e+01 -4.544986e+01 5.745042e+00
      vertex   2.500000e+01 -3.769806e+01 6.167767e+00
    endloop
  endfacet
  facet normal -1.000000e+00 0.000000e+00 0.000000e+00
    outer loop
      vertex   2.500000e+01 -3.769806e+01 6.167767e+00
      vertex   2.500000e+01 -4.544986e+01 5.745042e+00
      vertex   2.500000e+01 -4.530194e+01 6.167767e+00
    endloop
  endfacet
  facet normal -1.000000e+00 -0.000000e+00 0.000000e+00
    outer loop
      vertex   2.500000e+01 -3.769806e+01 6.167767e+00
      vertex   2.500000e+01 -4.530194e+01 6.167767e+00
      vertex   2.500000e+01 -3.793634e+01 6.546980e+00
    endloop
  endfacet
  facet normal -1.000000e+00 0.000000e+00 0.000000e+00
    outer loop
      vertex   2.500000e+01 -3.793634e+01 6.546980e+00
      vertex   2.500000e+01 -4.530194e+01 6.167767e+00
      vertex   2.500000e+01 -4.506366e+01 6.546980e+00
    endloop
  endfacet
  facet normal -1.000000e+00 -0.000000e+00 0.000000e+00
    outer loop
      vertex   2.500000e+01 -3.793634e+01 6.546980e+00
      vertex   2.500000e+01 -4.506366e+01 6.546980e+00
      vertex   2.500000e+01 -3.950000e+01 7.300000e+00
    endloop
  endfacet
  facet normal -1.000000e+00 0.000000e+00 0.000000e+00
    outer loop
      vertex   2.500000e+01 -3.950000e+01 7.300000e+00
      vertex   2.500000e+01 -4.506366e+01 6.546980e+00
      vertex   2.500000e+01 -4.474698e+01 6.863663e+00
    endloop
  endfacet
  facet normal -1.000000e+00 -0.000000e+00 0.000000e+00
    outer loop
      vertex   2.500000e+01 -3.950000e+01 7.300000e+00
      vertex   2.500000e+01 -4.474698e+01 6.863663e+00
      vertex   2.500000e+01 -4.350000e+01 7.300000e+00
    endloop
  endfacet
  facet normal -1.000000e+00 0.000000e+00 0.000000e+00
    outer loop
      vertex   2.500000e+01 -4.350000e+01 7.300000e+00
      vertex   2.500000e+01 -4.474698e+01 6.863663e+00
      vertex   2.500000e+01 -4.436777e+01 7.101938e+00
    endloop
  endfacet
  facet normal -1.000000e+00 0.000000e+00 0.000000e+00
    outer loop
      vertex   2.500000e+01 -4.350000e+01 7.300000e+00
      vertex   2.500000e+01 -4.436777e+01 7.101938e+00
      vertex   2.500000e+01 -4.394504e+01 7.249856e+00
    endloop
  endfacet
  facet normal -1.000000e+00 -0.000000e+00 -0.000000e+00
    outer loop
      vertex   2.500000e+01 -3.905496e+01 7.249856e+00
      vertex   2.500000e+01 -3.863223e+01 7.101938e+00
      vertex   2.500000e+01 -3.950000e+01 7.300000e+00
    endloop
  endfacet
  facet normal -1.000000e+00 0.000000e+00 0.000000e+00
    outer loop
      vertex   2.500000e+01 -3.950000e+01 7.300000e+00
      vertex   2.500000e+01 -3.863223e+01 7.101938e+00
      vertex   2.500000e+01 -3.825302e+01 6.863663e+00
    endloop
  endfacet
  facet normal -1.000000e+00 0.000000e+00 0.000000e+00
    outer loop
      vertex   2.500000e+01 -3.950000e+01 7.300000e+00
      vertex   2.500000e+01 -3.825302e+01 6.863663e+00
      vertex   2.500000e+01 -3.793634e+01 6.546980e+00
    endloop
  endfacet
  facet normal -0.000000e+00 1.119645e-01 9.937122e-01
    outer loop
      vertex   2.500000e+01 -3.950000e+01 7.300000e+00
      vertex   4.500000e+01 -3.950000e+01 7.300000e+00
      vertex   3.500000e+01 -3.905496e+01 7.249856e+00
    endloop
  endfacet
  facet normal -0.000000e+00 1.119645e-01 9.937122e-01
    outer loop
      vertex   3.500000e+01 -3.905496e+01 7.249856e+00
      vertex   4.500000e+01 -3.950000e+01 7.300000e+00
      vertex   4.500000e+01 -3.905496e+01 7.249856e+00
    endloop
  endfacet
  facet normal -0.000000e+00 3.302791e-01 9.438833e-01
    outer loop
      vertex   3.500000e+01 -3.905496e+01 7.249856e+00
      vertex   4.500000e+01 -3.905496e+01 7.249856e+00
      vertex   3.500000e+01 -3.863223e+01 7.101938e+00
    endloop
  endfacet
  facet normal -0.000000e+00 3.302791e-01 9.438833e-01
    outer loop
      vertex   3.500000e+01 -3.863223e+01 7.101938e+00
      vertex   4.500000e+01 -3.905496e+01 7.249856e+00
      vertex   4.500000e+01 -3.863223e+01 7.101938e+00
    endloop
  endfacet
  facet normal -0.000000e+00 5.320321e-01 8.467242e-01
    outer loop
      vertex   3.500000e+01 -3.863223e+01 7.101938e+00
      vertex   4.500000e+01 -3.863223e+01 7.101938e+00
      vertex   3.500000e+01 -3.825302e+01 6.863663e+00
    endloop
  endfacet
  facet normal -7.520422e-17 5.320321e-01 8.467242e-01
    outer loop
      vertex   3.500000e+01 -3.825302e+01 6.863663e+00
      vertex   4.500000e+01 -3.863223e+01 7.101938e+00
      vertex   4.500000e+01 -3.825302e+01 6.863663e+00
    endloop
  endfacet
  facet normal -6.280370e-17 7.071068e-01 7.071068e-01
    outer loop
      vertex   3.500000e+01 -3.825302e+01 6.863663e+00
      vertex   4.500000e+01 -3.825302e+01 6.863663e+00
      vertex   3.500000e+01 -3.793634e+01 6.546980e+00
    endloop
  endfacet
  facet normal -0.000000e+00 7.071068e-01 7.071068e-01
    outer loop
      vertex   3.500000e+01 -3.793634e+01 6.546980e+00
      vertex   4.500000e+01 -3.825302e+01 6.863663e+00
      vertex   4.500000e+01 -3.793634e+01 6.546980e+00
    endloop
  endfacet
  facet normal -0.000000e+00 8.467242e-01 5.320321e-01
    outer loop
      vertex   3.500000e+01 -3.793634e+01 6.546980e+00
      vertex   4.500000e+01 -3.793634e+01 6.546980e+00
      vertex   3.500000e+01 -3.769806e+01 6.167767e+00
    endloop
  endfacet
  facet normal 9.450788e-17 8.467242e-01 5.320321e-01
    outer loop
      vertex   3.500000e+01 -3.769806e+01 6.167767e+00
      vertex   4.500000e+01 -3.793634e+01 6.546980e+00
      vertex   4.500000e+01 -3.769806e+01 6.167767e+00
    endloop
  endfacet
  facet normal 5.866935e-17 9.438833e-01 3.302791e-01
    outer loop
      vertex   3.500000e+01 -3.769806e+01 6.167767e+00
      vertex   4.500000e+01 -3.769806e+01 6.167767e+00
      vertex   3.500000e+01 -3.755014e+01 5.745042e+00
    endloop
  endfacet
  facet normal 6.706694e-16 9.438833e-01 3.302791e-01
    outer loop
      vertex   3.500000e+01 -3.755014e+01 5.745042e+00
      vertex   4.500000e+01 -3.769806e+01 6.167767e+00
      vertex   4.500000e+01 -3.755014e+01 5.745042e+00
    endloop
  endfacet
  facet normal 7.060750e-16 9.937122e-01 1.119645e-01
    outer loop
      vertex   3.500000e+01 -3.755014e+01 5.745042e+00
      vertex   4.500000e+01 -3.755014e+01 5.745042e+00
      vertex   4.500000e+01 -3.750000e+01 5.300000e+00
    endloop
  endfacet
  facet normal 0.000000e+00 9.937122e-01 1.119645e-01
    outer loop
      vertex   4.500000e+01 -3.750000e+01 5.300000e+00
      vertex   2.500000e+01 -3.750000e+01 5.300000e+00
      vertex   3.500000e+01 -3.755014e+01 5.745042e+00
    endloop
  endfacet
  facet normal -7.160194e-16 9.937122e-01 1.119645e-01
    outer loop
      vertex   3.500000e+01 -3.755014e+01 5.745042e+00
      vertex   2.500000e+01 -3.750000e+01 5.300000e+00
      vertex   2.500000e+01 -3.755014e+01 5.745042e+00
    endloop
  endfacet
  facet normal -7.000041e-16 9.438833e-01 3.302791e-01
    outer loop
      vertex   3.500000e+01 -3.755014e+01 5.745042e+00
      vertex   2.500000e+01 -3.755014e+01 5.745042e+00
      vertex   3.500000e+01 -3.769806e+01 6.167767e+00
    endloop
  endfacet
  facet normal -7.586735e-16 9.438833e-01 3.302791e-01
    outer loop
      vertex   3.500000e+01 -3.769806e+01 6.167767e+00
      vertex   2.500000e+01 -3.755014e+01 5.745042e+00
      vertex   2.500000e+01 -3.769806e+01 6.167767e+00
    endloop
  endfacet
  facet normal -7.433956e-16 8.467242e-01 5.320321e-01
    outer loop
      vertex   3.500000e+01 -3.769806e+01 6.167767e+00
      vertex   2.500000e+01 -3.769806e+01 6.167767e+00
      vertex   3.500000e+01 -3.793634e+01 6.546980e+00
    endloop
  endfacet
  facet normal -4.725394e-17 8.467242e-01 5.320321e-01
    outer loop
      vertex   3.500000e+01 -3.793634e+01 6.546980e+00
      vertex   2.500000e+01 -3.769806e+01 6.167767e+00
      vertex   2.500000e+01 -3.793634e+01 6.546980e+00
    endloop
  endfacet
  facet normal -6.280370e-17 7.071068e-01 7.071068e-01
    outer loop
      vertex   3.500000e+01 -3.793634e+01 6.546980e+00
      vertex   2.500000e+01 -3.793634e+01 6.546980e+00
      vertex   3.500000e+01 -3.825302e+01 6.863663e+00
    endloop
  endfacet
  facet normal 0.000000e+00 7.071068e-01 7.071068e-01
    outer loop
      vertex   3.500000e+01 -3.825302e+01 6.863663e+00
      vertex   2.500000e+01 -3.793634e+01 6.546980e+00
      vertex   2.500000e+01 -3.825302e+01 6.863663e+00
    endloop
  endfacet
  facet normal 0.000000e+00 5.320321e-01 8.467242e-01
    outer loop
      vertex   3.500000e+01 -3.825302e+01 6.863663e+00
      vertex   2.500000e+01 -3.825302e+01 6.863663e+00
      vertex   3.500000e+01 -3.863223e+01 7.101938e+00
    endloop
  endfacet
  facet normal -1.504084e-16 5.320321e-01 8.467242e-01
    outer loop
      vertex   3.500000e+01 -3.863223e+01 7.101938e+00
      vertex   2.500000e+01 -3.825302e+01 6.863663e+00
      vertex   2.500000e+01 -3.863223e+01 7.101938e+00
    endloop
  endfacet
  facet normal -1.676674e-16 3.302791e-01 9.438833e-01
    outer loop
      vertex   3.500000e+01 -3.863223e+01 7.101938e+00
      vertex   2.500000e+01 -3.863223e+01 7.101938e+00
      vertex   3.500000e+01 -3.905496e+01 7.249856e+00
    endloop
  endfacet
  facet normal -2.515010e-16 3.302791e-01 9.438833e-01
    outer loop
      vertex   3.500000e+01 -3.905496e+01 7.249856e+00
      vertex   2.500000e+01 -3.863223e+01 7.101938e+00
      vertex   2.500000e+01 -3.905496e+01 7.249856e+00
    endloop
  endfacet
  facet normal -2.647781e-16 1.119645e-01 9.937122e-01
    outer loop
      vertex   3.500000e+01 -3.905496e+01 7.249856e+00
      vertex   2.500000e+01 -3.905496e+01 7.249856e+00
      vertex   2.500000e+01 -3.950000e+01 7.300000e+00
    endloop
  endfacet
  facet normal -0.000000e+00 0.000000e+00 1.000000e+00
    outer loop
      vertex   2.500000e+01 -3.950000e+01 7.300000e+00
      vertex   2.500000e+01 -4.350000e+01 7.300000e+00
      vertex   4.500000e+01 -3.950000e+01 7.300000e+00
    endloop
  endfacet
  facet normal -4.440892e-17 2.220446e-16 1.000000e+00
    outer loop
      vertex   4.500000e+01 -3.950000e+01 7.300000e+00
      vertex   2.500000e+01 -4.350000e+01 7.300000e+00
      vertex   4.500000e+01 -4.350000e+01 7.300000e+00
    endloop
  endfacet
  facet normal -1.000000e+00 -0.000000e+00 -0.000000e+00
    outer loop
      vertex   3.000000e+01 -3.750000e+01 -5.000000e-01
      vertex   3.000000e+01 -3.750000e+01 -1.167065e+01
      vertex   3.000000e+01 -4.550000e+01 -5.000000e-01
    endloop
  endfacet
  facet normal -1.000000e+00 0.000000e+00 0.000000e+00
    outer loop
      vertex   3.000000e+01 -4.550000e+01 -5.000000e-01
      vertex   3.000000e+01 -3.750000e+01 -1.167065e+01
      vertex   3.000000e+01 -4.550000e+01 -2.020000e+01
    endloop
  endfacet
  facet normal -1.000000e+00 0.000000e+00 0.000000e+00
    outer loop
      vertex   3.000000e+01 -4.550000e+01 -2.020000e+01
      vertex   3.000000e+01 -3.750000e+01 -1.167065e+01
      vertex   3.000000e+01 -3.744201e+01 -1.225768e+01
    endloop
  endfacet
  facet normal -1.000000e+00 0.000000e+00 0.000000e+00
    outer loop
      vertex   3.000000e+01 -4.550000e+01 -2.020000e+01
      vertex   3.000000e+01 -3.744201e+01 -1.225768e+01
      vertex   3.000000e+01 -3.727027e+01 -1.282201e+01
    endloop
  endfacet
  facet normal -1.000000e+00 0.000000e+00 -0.000000e+00
    outer loop
      vertex   3.000000e+01 -3.727027e+01 -1.282201e+01
      vertex   3.000000e+01 -3.699143e+01 -1.334182e+01
      vertex   3.000000e+01 -4.550000e+01 -2.020000e+01
    endloop
  endfacet
  facet normal -1.000000e+00 0.000000e+00 0.000000e+00
    outer loop
      vertex   3.000000e+01 -4.550000e+01 -2.020000e+01
      vertex   3.000000e+01 -3.699143e+01 -1.334182e+01
      vertex   3.000000e+01 -3.661626e+01 -1.379702e+01
    endloop
  endfacet
  facet normal -1.000000e+00 0.000000e+00 0.000000e+00
    outer loop
      vertex   3.000000e+01 -4.550000e+01 -2.020000e+01
      vertex   3.000000e+01 -3.661626e+01 -1.379702e+01
      vertex   3.000000e+01 -3.615927e+01 -1.417002e+01
    endloop
  endfacet
  facet normal -1.000000e+00 0.000000e+00 -0.000000e+00
    outer loop
      vertex   3.000000e+01 -3.615927e+01 -1.417002e+01
      vertex   3.000000e+01 -3.563813e+01 -1.444638e+01
      vertex   3.000000e+01 -4.550000e+01 -2.020000e+01
    endloop
  endfacet
  facet normal -1.000000e+00 0.000000e+00 0.000000e+00
    outer loop
      vertex   3.000000e+01 -4.550000e+01 -2.020000e+01
      vertex   3.000000e+01 -3.563813e+01 -1.444638e+01
      vertex   3.000000e+01 -3.507299e+01 -1.461543e+01
    endloop
  endfacet
  facet normal -1.000000e+00 0.000000e+00 0.000000e+00
    outer loop
      vertex   3.000000e+01 -4.550000e+01 -2.020000e+01
      vertex   3.000000e+01 -3.507299e+01 -1.461543e+01
      vertex   3.000000e+01 -3.448570e+01 -1.467062e+01
    endloop
  endfacet
  facet normal -1.000000e+00 0.000000e+00 -0.000000e+00
    outer loop
      vertex   3.000000e+01 -3.389896e+01 -1.460983e+01
      vertex   3.000000e+01 -2.515668e+01 -1.635668e+01
      vertex   3.000000e+01 -3.448570e+01 -1.467062e+01
    endloop
  endfacet
  facet normal -1.000000e+00 0.000000e+00 0.000000e+00
    outer loop
      vertex   3.000000e+01 -3.448570e+01 -1.467062e+01
      vertex   3.000000e+01 -2.515668e+01 -1.635668e+01
      vertex   3.000000e+01 -2.469449e+01 -1.673598e+01
    endloop
  endfacet
  facet normal -1.000000e+00 0.000000e+00 -0.000000e+00
    outer loop
      vertex   3.000000e+01 -3.448570e+01 -1.467062e+01
      vertex   3.000000e+01 -2.469449e+01 -1.673598e+01
      vertex   3.000000e+01 -4.550000e+01 -2.020000e+01
    endloop
  endfacet
  facet normal -1.000000e+00 0.000000e+00 0.000000e+00
    outer loop
      vertex   3.000000e+01 -4.550000e+01 -2.020000e+01
      vertex   3.000000e+01 -2.469449e+01 -1.673598e+01
      vertex   3.000000e+01 -2.416718e+01 -1.701783e+01
    endloop
  endfacet
  facet normal -1.000000e+00 0.000000e+00 0.000000e+00
    outer loop
      vertex   3.000000e+01 -4.550000e+01 -2.020000e+01
      vertex   3.000000e+01 -2.416718e+01 -1.701783e+01
      vertex   3.000000e+01 -2.359503e+01 -1.719140e+01
    endloop
  endfacet
  facet normal -1.000000e+00 0.000000e+00 -0.000000e+00
    outer loop
      vertex   3.000000e+01 -3.333546e+01 -1.443540e+01
      vertex   3.000000e+01 -2.581783e+01 -1.536718e+01
      vertex   3.000000e+01 -3.389896e+01 -1.460983e+01
    endloop
  endfacet
  facet normal -1.000000e+00 0.000000e+00 0.000000e+00
    outer loop
      vertex   3.000000e+01 -3.389896e+01 -1.460983e+01
      vertex   3.000000e+01 -2.581783e+01 -1.536718e+01
      vertex   3.000000e+01 -2.553598e+01 -1.589449e+01
    endloop
  endfacet
  facet normal -1.000000e+00 0.000000e+00 0.000000e+00
    outer loop
      vertex   3.000000e+01 -3.389896e+01 -1.460983e+01
      vertex   3.000000e+01 -2.553598e+01 -1.589449e+01
      vertex   3.000000e+01 -2.515668e+01 -1.635668e+01
    endloop
  endfacet
  facet normal -1.000000e+00 0.000000e+00 0.000000e+00
    outer loop
      vertex   3.000000e+01 -2.581783e+01 -1.536718e+01
      vertex   3.000000e+01 -3.333546e+01 -1.443540e+01
      vertex   3.000000e+01 -2.599140e+01 -1.479503e+01
    endloop
  endfacet
  facet normal -1.000000e+00 0.000000e+00 0.000000e+00
    outer loop
      vertex   3.000000e+01 -2.599140e+01 -1.479503e+01
      vertex   3.000000e+01 -3.333546e+01 -1.443540e+01
      vertex   3.000000e+01 -3.281698e+01 -1.415409e+01
    endloop
  endfacet
  facet normal -1.000000e+00 0.000000e+00 0.000000e+00
    outer loop
      vertex   3.000000e+01 -2.599140e+01 -1.479503e+01
      vertex   3.000000e+01 -3.281698e+01 -1.415409e+01
      vertex   3.000000e+01 -2.605000e+01 -1.420000e+01
    endloop
  endfacet
  facet normal -1.000000e+00 0.000000e+00 0.000000e+00
    outer loop
      vertex   3.000000e+01 -2.605000e+01 -1.420000e+01
      vertex   3.000000e+01 -3.281698e+01 -1.415409e+01
      vertex   3.000000e+01 -3.236357e+01 -1.377675e+01
    endloop
  endfacet
  facet normal -1.000000e+00 0.000000e+00 0.000000e+00
    outer loop
      vertex   3.000000e+01 -2.605000e+01 -1.420000e+01
      vertex   3.000000e+01 -3.236357e+01 -1.377675e+01
      vertex   3.000000e+01 -2.599140e+01 -1.360497e+01
    endloop
  endfacet
  facet normal -1.000000e+00 -0.000000e+00 0.000000e+00
    outer loop
      vertex   3.000000e+01 -2.599140e+01 -1.360497e+01
      vertex   3.000000e+01 -3.236357e+01 -1.377675e+01
      vertex   3.000000e+01 -3.199276e+01 -1.331799e+01
    endloop
  endfacet
  facet normal -1.000000e+00 0.000000e+00 0.000000e+00
    outer loop
      vertex   3.000000e+01 -2.599140e+01 -1.360497e+01
      vertex   3.000000e+01 -3.199276e+01 -1.331799e+01
      vertex   3.000000e+01 -2.581783e+01 -1.303282e+01
    endloop
  endfacet
  facet normal -1.000000e+00 -0.000000e+00 0.000000e+00
    outer loop
      vertex   3.000000e+01 -2.581783e+01 -1.303282e+01
      vertex   3.000000e+01 -3.199276e+01 -1.331799e+01
      vertex   3.000000e+01 -2.553598e+01 -1.250551e+01
    endloop
  endfacet
  facet normal -1.000000e+00 -0.000000e+00 0.000000e+00
    outer loop
      vertex   3.000000e+01 -2.553598e+01 -1.250551e+01
      vertex   3.000000e+01 -3.199276e+01 -1.331799e+01
      vertex   3.000000e+01 -2.515668e+01 -1.204332e+01
    endloop
  endfacet
  facet normal -1.000000e+00 -0.000000e+00 0.000000e+00
    outer loop
      vertex   3.000000e+01 -2.515668e+01 -1.204332e+01
      vertex   3.000000e+01 -3.199276e+01 -1.331799e+01
      vertex   3.000000e+01 -2.968598e+01 -9.807096e+00
    endloop
  endfacet
  facet normal -1.000000e+00 0.000000e+00 0.000000e+00
    outer loop
      vertex   3.000000e+01 -2.515668e+01 -1.204332e+01
      vertex   3.000000e+01 -2.968598e+01 -9.807096e+00
      vertex   3.000000e+01 -2.469449e+01 -1.166402e+01
    endloop
  endfacet
  facet normal -1.000000e+00 0.000000e+00 0.000000e+00
    outer loop
      vertex   3.000000e+01 -2.469449e+01 -1.166402e+01
      vertex   3.000000e+01 -2.968598e+01 -9.807096e+00
      vertex   3.000000e+01 -2.416718e+01 -1.138217e+01
    endloop
  endfacet
  facet normal -1.000000e+00 0.000000e+00 0.000000e+00
    outer loop
      vertex   3.000000e+01 -2.416718e+01 -1.138217e+01
      vertex   3.000000e+01 -2.968598e+01 -9.807096e+00
      vertex   3.000000e+01 -2.359503e+01 -1.120860e+01
    endloop
  endfacet
  facet normal -1.000000e+00 0.000000e+00 0.000000e+00
    outer loop
      vertex   3.000000e+01 -2.359503e+01 -1.120860e+01
      vertex   3.000000e+01 -2.968598e+01 -9.807096e+00
      vertex   3.000000e+01 -2.300000e+01 -1.115000e+01
    endloop
  endfacet
  facet normal -1.000000e+00 0.000000e+00 0.000000e+00
    outer loop
      vertex   3.000000e+01 -2.300000e+01 -1.115000e+01
      vertex   3.000000e+01 -2.968598e+01 -9.807096e+00
      vertex   3.000000e+01 -2.908994e+01 -8.990936e+00
    endloop
  endfacet
  facet normal -1.000000e+00 0.000000e+00 0.000000e+00
    outer loop
      vertex   3.000000e+01 -2.300000e+01 -1.115000e+01
      vertex   3.000000e+01 -2.908994e+01 -8.990936e+00
      vertex   3.000000e+01 -2.841618e+01 -8.237651e+00
    endloop
  endfacet
  facet normal -1.000000e+00 0.000000e+00 0.000000e+00
    outer loop
      vertex   3.000000e+01 -2.300000e+01 -1.115000e+01
      vertex   3.000000e+01 -2.841618e+01 -8.237651e+00
      vertex   3.000000e+01 -2.240497e+01 -1.120860e+01
    endloop
  endfacet
  facet normal -1.000000e+00 0.000000e+00 0.000000e+00
    outer loop
      vertex   3.000000e+01 -2.240497e+01 -1.120860e+01
      vertex   3.000000e+01 -2.841618e+01 -8.237651e+00
      vertex   3.000000e+01 -2.767130e+01 -7.554609e+00
    endloop
  endfacet
  facet normal -1.000000e+00 0.000000e+00 0.000000e+00
    outer loop
      vertex   3.000000e+01 -2.240497e+01 -1.120860e+01
      vertex   3.000000e+01 -2.767130e+01 -7.554609e+00
      vertex   3.000000e+01 -2.686259e+01 -6.948493e+00
    endloop
  endfacet
  facet normal -1.000000e+00 0.000000e+00 0.000000e+00
    outer loop
      vertex   3.000000e+01 -2.240497e+01 -1.120860e+01
      vertex   3.000000e+01 -2.686259e+01 -6.948493e+00
      vertex   3.000000e+01 -2.114644e+01 -5.200000e+00
    endloop
  endfacet
  facet normal -1.000000e+00 0.000000e+00 0.000000e+00
    outer loop
      vertex   3.000000e+01 -2.114644e+01 -5.200000e+00
      vertex   3.000000e+01 -2.686259e+01 -6.948493e+00
      vertex   3.000000e+01 -2.599796e+01 -6.425234e+00
    endloop
  endfacet
  facet normal -1.000000e+00 0.000000e+00 0.000000e+00
    outer loop
      vertex   3.000000e+01 -2.114644e+01 -5.200000e+00
      vertex   3.000000e+01 -2.599796e+01 -6.425234e+00
      vertex   3.000000e+01 -2.508587e+01 -5.989948e+00
    endloop
  endfacet
  facet normal -1.000000e+00 0.000000e+00 0.000000e+00
    outer loop
      vertex   3.000000e+01 -2.508587e+01 -5.989948e+00
      vertex   3.000000e+01 -2.413523e+01 -5.646896e+00
      vertex   3.000000e+01 -2.114644e+01 -5.200000e+00
    endloop
  endfacet
  facet normal -1.000000e+00 0.000000e+00 0.000000e+00
    outer loop
      vertex   3.000000e+01 -2.114644e+01 -5.200000e+00
      vertex   3.000000e+01 -2.413523e+01 -5.646896e+00
      vertex   3.000000e+01 -2.315536e+01 -5.399433e+00
    endloop
  endfacet
  facet normal -1.000000e+00 0.000000e+00 0.000000e+00
    outer loop
      vertex   3.000000e+01 -2.114644e+01 -5.200000e+00
      vertex   3.000000e+01 -2.315536e+01 -5.399433e+00
      vertex   3.000000e+01 -2.215584e+01 -5.249981e+00
    endloop
  endfacet
  facet normal -1.000000e+00 0.000000e+00 0.000000e+00
    outer loop
      vertex   3.000000e+01 -2.240497e+01 -1.120860e+01
      vertex   3.000000e+01 -2.114644e+01 -5.200000e+00
      vertex   3.000000e+01 -2.900000e+00 -7.700000e+00
    endloop
  endfacet
  facet normal -1.000000e+00 0.000000e+00 0.000000e+00
    outer loop
      vertex   3.000000e+01 -2.900000e+00 -7.700000e+00
      vertex   3.000000e+01 -2.114644e+01 -5.200000e+00
      vertex   3.000000e+01 3.079018e+00 -5.200000e+00
    endloop
  endfacet
  facet normal -1.000000e+00 0.000000e+00 0.000000e+00
    outer loop
      vertex   3.000000e+01 -2.900000e+00 -7.700000e+00
      vertex   3.000000e+01 3.079018e+00 -5.200000e+00
      vertex   3.000000e+01 2.900000e+00 -7.700000e+00
    endloop
  endfacet
  facet normal -1.000000e+00 0.000000e+00 0.000000e+00
    outer loop
      vertex   3.000000e+01 2.900000e+00 -7.700000e+00
      vertex   3.000000e+01 3.079018e+00 -5.200000e+00
      vertex   3.000000e+01 4.180324e+00 -5.258788e+00
    endloop
  endfacet
  facet normal -1.000000e+00 0.000000e+00 0.000000e+00
    outer loop
      vertex   3.000000e+01 2.900000e+00 -7.700000e+00
      vertex   3.000000e+01 4.180324e+00 -5.258788e+00
      vertex   3.000000e+01 5.269113e+00 -5.434483e+00
    endloop
  endfacet
  facet normal -1.000000e+00 0.000000e+00 -0.000000e+00
    outer loop
      vertex   3.000000e+01 5.269113e+00 -5.434483e+00
      vertex   3.000000e+01 6.333010e+00 -5.725089e+00
      vertex   3.000000e+01 2.900000e+00 -7.700000e+00
    endloop
  endfacet
  facet normal -1.000000e+00 0.000000e+00 0.000000e+00
    outer loop
      vertex   3.000000e+01 2.900000e+00 -7.700000e+00
      vertex   3.000000e+01 6.333010e+00 -5.725089e+00
      vertex   3.000000e+01 7.359925e+00 -6.127303e+00
    endloop
  endfacet
  facet normal -1.000000e+00 0.000000e+00 0.000000e+00
    outer loop
      vertex   3.000000e+01 2.900000e+00 -7.700000e+00
      vertex   3.000000e+01 7.359925e+00 -6.127303e+00
      vertex   3.000000e+01 8.338186e+00 -6.636554e+00
    endloop
  endfacet
  facet normal -1.000000e+00 0.000000e+00 -0.000000e+00
    outer loop
      vertex   3.000000e+01 8.338186e+00 -6.636554e+00
      vertex   3.000000e+01 9.256675e+00 -7.247053e+00
      vertex   3.000000e+01 2.900000e+00 -7.700000e+00
    endloop
  endfacet
  facet normal -1.000000e+00 0.000000e+00 0.000000e+00
    outer loop
      vertex   3.000000e+01 2.900000e+00 -7.700000e+00
      vertex   3.000000e+01 9.256675e+00 -7.247053e+00
      vertex   3.000000e+01 1.010495e+01 -7.951862e+00
    endloop
  endfacet
  facet normal -1.000000e+00 0.000000e+00 0.000000e+00
    outer loop
      vertex   3.000000e+01 2.900000e+00 -7.700000e+00
      vertex   3.000000e+01 1.010495e+01 -7.951862e+00
      vertex   3.000000e+01 1.087338e+01 -8.742971e+00
    endloop
  endfacet
  facet normal -1.000000e+00 0.000000e+00 -0.000000e+00
    outer loop
      vertex   3.000000e+01 2.900000e+00 -7.700000e+00
      vertex   3.000000e+01 1.087338e+01 -8.742971e+00
      vertex   3.000000e+01 2.900000e+00 -1.050000e+01
    endloop
  endfacet
  facet normal -1.000000e+00 0.000000e+00 0.000000e+00
    outer loop
      vertex   3.000000e+01 2.900000e+00 -1.050000e+01
      vertex   3.000000e+01 1.087338e+01 -8.742971e+00
      vertex   3.000000e+01 1.155322e+01 -9.611389e+00
    endloop
  endfacet
  facet normal -1.000000e+00 0.000000e+00 0.000000e+00
    outer loop
      vertex   3.000000e+01 2.900000e+00 -1.050000e+01
      vertex   3.000000e+01 1.155322e+01 -9.611389e+00
      vertex   3.000000e+01 5.595025e+00 -1.120860e+01
    endloop
  endfacet
  facet normal -1.000000e+00 0.000000e+00 0.000000e+00
    outer loop
      vertex   3.000000e+01 5.595025e+00 -1.120860e+01
      vertex   3.000000e+01 1.155322e+01 -9.611389e+00
      vertex   3.000000e+01 6.167184e+00 -1.138217e+01
    endloop
  endfacet
  facet normal -1.000000e+00 0.000000e+00 0.000000e+00
    outer loop
      vertex   3.000000e+01 6.167184e+00 -1.138217e+01
      vertex   3.000000e+01 1.155322e+01 -9.611389e+00
      vertex   3.000000e+01 6.694489e+00 -1.166402e+01
    endloop
  endfacet
  facet normal -1.000000e+00 0.000000e+00 0.000000e+00
    outer loop
      vertex   3.000000e+01 6.694489e+00 -1.166402e+01
      vertex   3.000000e+01 1.155322e+01 -9.611389e+00
      vertex   3.000000e+01 7.156676e+00 -1.204332e+01
    endloop
  endfacet
  facet normal -1.000000e+00 0.000000e+00 0.000000e+00
    outer loop
      vertex   3.000000e+01 7.156676e+00 -1.204332e+01
      vertex   3.000000e+01 1.155322e+01 -9.611389e+00
      vertex   3.000000e+01 7.535982e+00 -1.250551e+01
    endloop
  endfacet
  facet normal -1.000000e+00 0.000000e+00 0.000000e+00
    outer loop
      vertex   3.000000e+01 7.535982e+00 -1.250551e+01
      vertex   3.000000e+01 1.155322e+01 -9.611389e+00
      vertex   3.000000e+01 7.817833e+00 -1.303282e+01
    endloop
  endfacet
  facet normal -1.000000e+00 0.000000e+00 0.000000e+00
    outer loop
      vertex   3.000000e+01 7.817833e+00 -1.303282e+01
      vertex   3.000000e+01 1.155322e+01 -9.611389e+00
      vertex   3.000000e+01 7.991395e+00 -1.360497e+01
    endloop
  endfacet
  facet normal -1.000000e+00 0.000000e+00 0.000000e+00
    outer loop
      vertex   3.000000e+01 7.991395e+00 -1.360497e+01
      vertex   3.000000e+01 1.155322e+01 -9.611389e+00
      vertex   3.000000e+01 8.050000e+00 -1.420000e+01
    endloop
  endfacet
  facet normal -1.000000e+00 0.000000e+00 0.000000e+00
    outer loop
      vertex   3.000000e+01 8.050000e+00 -1.420000e+01
      vertex   3.000000e+01 1.155322e+01 -9.611389e+00
      vertex   3.000000e+01 1.912200e+01 -2.042073e+01
    endloop
  endfacet
  facet normal -1.000000e+00 0.000000e+00 -0.000000e+00
    outer loop
      vertex   3.000000e+01 8.050000e+00 -1.420000e+01
      vertex   3.000000e+01 1.912200e+01 -2.042073e+01
      vertex   3.000000e+01 7.991395e+00 -1.479503e+01
    endloop
  endfacet
  facet normal -1.000000e+00 0.000000e+00 -0.000000e+00
    outer loop
      vertex   3.000000e+01 7.991395e+00 -1.479503e+01
      vertex   3.000000e+01 1.912200e+01 -2.042073e+01
      vertex   3.000000e+01 7.817833e+00 -1.536718e+01
    endloop
  endfacet
  facet normal -1.000000e+00 0.000000e+00 -0.000000e+00
    outer loop
      vertex   3.000000e+01 7.817833e+00 -1.536718e+01
      vertex   3.000000e+01 1.912200e+01 -2.042073e+01
      vertex   3.000000e+01 7.535982e+00 -1.589449e+01
    endloop
  endfacet
  facet normal -1.000000e+00 0.000000e+00 -0.000000e+00
    outer loop
      vertex   3.000000e+01 7.535982e+00 -1.589449e+01
      vertex   3.000000e+01 1.912200e+01 -2.042073e+01
      vertex   3.000000e+01 7.156676e+00 -1.635668e+01
    endloop
  endfacet
  facet normal -1.000000e+00 0.000000e+00 -0.000000e+00
    outer loop
      vertex   3.000000e+01 7.156676e+00 -1.635668e+01
      vertex   3.000000e+01 1.912200e+01 -2.042073e+01
      vertex   3.000000e+01 6.694489e+00 -1.673598e+01
    endloop
  endfacet
  facet normal -1.000000e+00 0.000000e+00 -0.000000e+00
    outer loop
      vertex   3.000000e+01 6.694489e+00 -1.673598e+01
      vertex   3.000000e+01 1.912200e+01 -2.042073e+01
      vertex   3.000000e+01 6.167184e+00 -1.701783e+01
    endloop
  endfacet
  facet normal -1.000000e+00 0.000000e+00 -0.000000e+00
    outer loop
      vertex   3.000000e+01 6.167184e+00 -1.701783e+01
      vertex   3.000000e+01 1.912200e+01 -2.042073e+01
      vertex   3.000000e+01 5.595025e+00 -1.719140e+01
    endloop
  endfacet
  facet normal -1.000000e+00 0.000000e+00 -0.000000e+00
    outer loop
      vertex   3.000000e+01 5.595025e+00 -1.719140e+01
      vertex   3.000000e+01 1.912200e+01 -2.042073e+01
      vertex   3.000000e+01 5.000000e+00 -1.725000e+01
    endloop
  endfacet
  facet normal -1.000000e+00 0.000000e+00 0.000000e+00
    outer loop
      vertex   3.000000e+01 5.000000e+00 -1.725000e+01
      vertex   3.000000e+01 1.912200e+01 -2.042073e+01
      vertex   3.000000e+01 1.949548e+01 -2.085802e+01
    endloop
  endfacet
  facet normal -1.000000e+00 0.000000e+00 0.000000e+00
    outer loop
      vertex   3.000000e+01 5.000000e+00 -1.725000e+01
      vertex   3.000000e+01 1.949548e+01 -2.085802e+01
      vertex   3.000000e+01 1.994554e+01 -2.121601e+01
    endloop
  endfacet
  facet normal -1.000000e+00 -0.000000e+00 -0.000000e+00
    outer loop
      vertex   3.000000e+01 5.000000e+00 -1.725000e+01
      vertex   3.000000e+01 1.994554e+01 -2.121601e+01
      vertex   3.000000e+01 4.404975e+00 -1.719140e+01
    endloop
  endfacet
  facet normal -1.000000e+00 0.000000e+00 0.000000e+00
    outer loop
      vertex   3.000000e+01 4.404975e+00 -1.719140e+01
      vertex   3.000000e+01 1.994554e+01 -2.121601e+01
      vertex   3.000000e+01 2.045563e+01 -2.148155e+01
    endloop
  endfacet
  facet normal -1.000000e+00 -0.000000e+00 -0.000000e+00
    outer loop
      vertex   3.000000e+01 4.404975e+00 -1.719140e+01
      vertex   3.000000e+01 2.045563e+01 -2.148155e+01
      vertex   3.000000e+01 -2.240497e+01 -1.719140e+01
    endloop
  endfacet
  facet normal -1.000000e+00 0.000000e+00 -0.000000e+00
    outer loop
      vertex   3.000000e+01 -2.240497e+01 -1.719140e+01
      vertex   3.000000e+01 2.045563e+01 -2.148155e+01
      vertex   3.000000e+01 -2.300000e+01 -1.725000e+01
    endloop
  endfacet
  facet normal -1.000000e+00 0.000000e+00 -0.000000e+00
    outer loop
      vertex   3.000000e+01 -2.300000e+01 -1.725000e+01
      vertex   3.000000e+01 2.045563e+01 -2.148155e+01
      vertex   3.000000e+01 -4.661177e+01 -2.164889e+01
    endloop
  endfacet
  facet normal -1.000000e+00 0.000000e+00 0.000000e+00
    outer loop
      vertex   3.000000e+01 -2.300000e+01 -1.725000e+01
      vertex   3.000000e+01 -4.661177e+01 -2.164889e+01
      vertex   3.000000e+01 -4.625000e+01 -2.149904e+01
    endloop
  endfacet
  facet normal -1.000000e+00 0.000000e+00 0.000000e+00
    outer loop
      vertex   3.000000e+01 -4.661177e+01 -2.164889e+01
      vertex   3.000000e+01 2.045563e+01 -2.148155e+01
      vertex   3.000000e+01 3.001775e+01 -2.670000e+01
    endloop
  endfacet
  facet normal -1.000000e+00 0.000000e+00 0.000000e+00
    outer loop
      vertex   3.000000e+01 3.001775e+01 -2.670000e+01
      vertex   3.000000e+01 2.045563e+01 -2.148155e+01
      vertex   3.000000e+01 2.100703e+01 -2.164488e+01
    endloop
  endfacet
  facet normal -1.000000e+00 0.000000e+00 0.000000e+00
    outer loop
      vertex   3.000000e+01 3.001775e+01 -2.670000e+01
      vertex   3.000000e+01 2.100703e+01 -2.164488e+01
      vertex   3.000000e+01 2.157945e+01 -2.170000e+01
    endloop
  endfacet
  facet normal -1.000000e+00 0.000000e+00 0.000000e+00
    outer loop
      vertex   3.000000e+01 2.157945e+01 -2.170000e+01
      vertex   3.000000e+01 3.001775e+01 -2.170000e+01
      vertex   3.000000e+01 3.001775e+01 -2.670000e+01
    endloop
  endfacet
  facet normal -1.000000e+00 0.000000e+00 0.000000e+00
    outer loop
      vertex   3.000000e+01 3.001775e+01 -2.670000e+01
      vertex   3.000000e+01 -5.550000e+01 -2.670000e+01
      vertex   3.000000e+01 -4.661177e+01 -2.164889e+01
    endloop
  endfacet
  facet normal -1.000000e+00 0.000000e+00 0.000000e+00
    outer loop
      vertex   3.000000e+01 -4.661177e+01 -2.164889e+01
      vertex   3.000000e+01 -5.550000e+01 -2.670000e+01
      vertex   3.000000e+01 -4.700000e+01 -2.170000e+01
    endloop
  endfacet
  facet normal -1.000000e+00 -0.000000e+00 0.000000e+00
    outer loop
      vertex   3.000000e+01 -4.700000e+01 -2.170000e+01
      vertex   3.000000e+01 -5.550000e+01 -2.670000e+01
      vertex   3.000000e+01 -5.550000e+01 -2.170000e+01
    endloop
  endfacet
  facet normal -1.000000e+00 0.000000e+00 0.000000e+00
    outer loop
      vertex   3.000000e+01 -4.625000e+01 -2.149904e+01
      vertex   3.000000e+01 -4.593934e+01 -2.126066e+01
      vertex   3.000000e+01 -2.300000e+01 -1.725000e+01
    endloop
  endfacet
  facet normal -1.000000e+00 -0.000000e+00 0.000000e+00
    outer loop
      vertex   3.000000e+01 -2.300000e+01 -1.725000e+01
      vertex   3.000000e+01 -4.593934e+01 -2.126066e+01
      vertex   3.000000e+01 -2.359503e+01 -1.719140e+01
    endloop
  endfacet
  facet normal -1.000000e+00 0.000000e+00 0.000000e+00
    outer loop
      vertex   3.000000e+01 -2.359503e+01 -1.719140e+01
      vertex   3.000000e+01 -4.593934e+01 -2.126066e+01
      vertex   3.000000e+01 -4.570096e+01 -2.095000e+01
    endloop
  endfacet
  facet normal -1.000000e+00 0.000000e+00 0.000000e+00
    outer loop
      vertex   3.000000e+01 -2.359503e+01 -1.719140e+01
      vertex   3.000000e+01 -4.570096e+01 -2.095000e+01
      vertex   3.000000e+01 -4.555111e+01 -2.058823e+01
    endloop
  endfacet
  facet normal -1.000000e+00 0.000000e+00 0.000000e+00
    outer loop
      vertex   3.000000e+01 -4.555111e+01 -2.058823e+01
      vertex   3.000000e+01 -4.550000e+01 -2.020000e+01
      vertex   3.000000e+01 -2.359503e+01 -1.719140e+01
    endloop
  endfacet
  facet normal -1.000000e+00 0.000000e+00 0.000000e+00
    outer loop
      vertex   3.000000e+01 -2.240497e+01 -1.120860e+01
      vertex   3.000000e+01 -2.900000e+00 -7.700000e+00
      vertex   3.000000e+01 -2.183282e+01 -1.138217e+01
    endloop
  endfacet
  facet normal -1.000000e+00 0.000000e+00 0.000000e+00
    outer loop
      vertex   3.000000e+01 -2.183282e+01 -1.138217e+01
      vertex   3.000000e+01 -2.900000e+00 -7.700000e+00
      vertex   3.000000e+01 -2.900000e+00 -1.050000e+01
    endloop
  endfacet
  facet normal -1.000000e+00 0.000000e+00 0.000000e+00
    outer loop
      vertex   3.000000e+01 -2.183282e+01 -1.138217e+01
      vertex   3.000000e+01 -2.900000e+00 -1.050000e+01
      vertex   3.000000e+01 -2.130551e+01 -1.166402e+01
    endloop
  endfacet
  facet normal -1.000000e+00 0.000000e+00 0.000000e+00
    outer loop
      vertex   3.000000e+01 -2.130551e+01 -1.166402e+01
      vertex   3.000000e+01 -2.900000e+00 -1.050000e+01
      vertex   3.000000e+01 -2.084332e+01 -1.204332e+01
    endloop
  endfacet
  facet normal -1.000000e+00 0.000000e+00 0.000000e+00
    outer loop
      vertex   3.000000e+01 -2.084332e+01 -1.204332e+01
      vertex   3.000000e+01 -2.900000e+00 -1.050000e+01
      vertex   3.000000e+01 -2.046402e+01 -1.250551e+01
    endloop
  endfacet
  facet normal -1.000000e+00 0.000000e+00 0.000000e+00
    outer loop
      vertex   3.000000e+01 -2.046402e+01 -1.250551e+01
      vertex   3.000000e+01 -2.900000e+00 -1.050000e+01
      vertex   3.000000e+01 -2.018217e+01 -1.303282e+01
    endloop
  endfacet
  facet normal -1.000000e+00 0.000000e+00 0.000000e+00
    outer loop
      vertex   3.000000e+01 -2.018217e+01 -1.303282e+01
      vertex   3.000000e+01 -2.900000e+00 -1.050000e+01
      vertex   3.000000e+01 -2.000860e+01 -1.360497e+01
    endloop
  endfacet
  facet normal -1.000000e+00 0.000000e+00 0.000000e+00
    outer loop
      vertex   3.000000e+01 -2.000860e+01 -1.360497e+01
      vertex   3.000000e+01 -2.900000e+00 -1.050000e+01
      vertex   3.000000e+01 2.008605e+00 -1.360497e+01
    endloop
  endfacet
  facet normal -1.000000e+00 0.000000e+00 0.000000e+00
    outer loop
      vertex   3.000000e+01 -2.000860e+01 -1.360497e+01
      vertex   3.000000e+01 2.008605e+00 -1.360497e+01
      vertex   3.000000e+01 -1.995000e+01 -1.420000e+01
    endloop
  endfacet
  facet normal -1.000000e+00 0.000000e+00 0.000000e+00
    outer loop
      vertex   3.000000e+01 -1.995000e+01 -1.420000e+01
      vertex   3.000000e+01 2.008605e+00 -1.360497e+01
      vertex   3.000000e+01 1.950000e+00 -1.420000e+01
    endloop
  endfacet
  facet normal -1.000000e+00 0.000000e+00 -0.000000e+00
    outer loop
      vertex   3.000000e+01 -1.995000e+01 -1.420000e+01
      vertex   3.000000e+01 1.950000e+00 -1.420000e+01
      vertex   3.000000e+01 -2.000860e+01 -1.479503e+01
    endloop
  endfacet
  facet normal -1.000000e+00 0.000000e+00 0.000000e+00
    outer loop
      vertex   3.000000e+01 -2.000860e+01 -1.479503e+01
      vertex   3.000000e+01 1.950000e+00 -1.420000e+01
      vertex   3.000000e+01 2.008605e+00 -1.479503e+01
    endloop
  endfacet
  facet normal -1.000000e+00 0.000000e+00 -0.000000e+00
    outer loop
      vertex   3.000000e+01 -2.000860e+01 -1.479503e+01
      vertex   3.000000e+01 2.008605e+00 -1.479503e+01
      vertex   3.000000e+01 -2.018217e+01 -1.536718e+01
    endloop
  endfacet
  facet normal -1.000000e+00 0.000000e+00 0.000000e+00
    outer loop
      vertex   3.000000e+01 -2.018217e+01 -1.536718e+01
      vertex   3.000000e+01 2.008605e+00 -1.479503e+01
      vertex   3.000000e+01 2.182167e+00 -1.536718e+01
    endloop
  endfacet
  facet normal -1.000000e+00 0.000000e+00 -0.000000e+00
    outer loop
      vertex   3.000000e+01 -2.018217e+01 -1.536718e+01
      vertex   3.000000e+01 2.182167e+00 -1.536718e+01
      vertex   3.000000e+01 -2.046402e+01 -1.589449e+01
    endloop
  endfacet
  facet normal -1.000000e+00 0.000000e+00 0.000000e+00
    outer loop
      vertex   3.000000e+01 -2.046402e+01 -1.589449e+01
      vertex   3.000000e+01 2.182167e+00 -1.536718e+01
      vertex   3.000000e+01 2.464018e+00 -1.589449e+01
    endloop
  endfacet
  facet normal -1.000000e+00 0.000000e+00 -0.000000e+00
    outer loop
      vertex   3.000000e+01 -2.046402e+01 -1.589449e+01
      vertex   3.000000e+01 2.464018e+00 -1.589449e+01
      vertex   3.000000e+01 -2.084332e+01 -1.635668e+01
    endloop
  endfacet
  facet normal -1.000000e+00 0.000000e+00 0.000000e+00
    outer loop
      vertex   3.000000e+01 -2.084332e+01 -1.635668e+01
      vertex   3.000000e+01 2.464018e+00 -1.589449e+01
      vertex   3.000000e+01 2.843324e+00 -1.635668e+01
    endloop
  endfacet
  facet normal -1.000000e+00 0.000000e+00 -0.000000e+00
    outer loop
      vertex   3.000000e+01 -2.084332e+01 -1.635668e+01
      vertex   3.000000e+01 2.843324e+00 -1.635668e+01
      vertex   3.000000e+01 -2.130551e+01 -1.673598e+01
    endloop
  endfacet
  facet normal -1.000000e+00 0.000000e+00 0.000000e+00
    outer loop
      vertex   3.000000e+01 -2.130551e+01 -1.673598e+01
      vertex   3.000000e+01 2.843324e+00 -1.635668e+01
      vertex   3.000000e+01 3.305511e+00 -1.673598e+01
    endloop
  endfacet
  facet normal -1.000000e+00 0.000000e+00 -0.000000e+00
    outer loop
      vertex   3.000000e+01 -2.130551e+01 -1.673598e+01
      vertex   3.000000e+01 3.305511e+00 -1.673598e+01
      vertex   3.000000e+01 -2.183282e+01 -1.701783e+01
    endloop
  endfacet
  facet normal -1.000000e+00 0.000000e+00 0.000000e+00
    outer loop
      vertex   3.000000e+01 -2.183282e+01 -1.701783e+01
      vertex   3.000000e+01 3.305511e+00 -1.673598e+01
      vertex   3.000000e+01 3.832816e+00 -1.701783e+01
    endloop
  endfacet
  facet normal -1.000000e+00 0.000000e+00 -0.000000e+00
    outer loop
      vertex   3.000000e+01 -2.183282e+01 -1.701783e+01
      vertex   3.000000e+01 3.832816e+00 -1.701783e+01
      vertex   3.000000e+01 -2.240497e+01 -1.719140e+01
    endloop
  endfacet
  facet normal -1.000000e+00 0.000000e+00 0.000000e+00
    outer loop
      vertex   3.000000e+01 -2.240497e+01 -1.719140e+01
      vertex   3.000000e+01 3.832816e+00 -1.701783e+01
      vertex   3.000000e+01 4.404975e+00 -1.719140e+01
    endloop
  endfacet
  facet normal -1.000000e+00 -0.000000e+00 -0.000000e+00
    outer loop
      vertex   3.000000e+01 2.900000e+00 -1.050000e+01
      vertex   3.000000e+01 3.305511e+00 -1.166402e+01
      vertex   3.000000e+01 -2.900000e+00 -1.050000e+01
    endloop
  endfacet
  facet normal -1.000000e+00 0.000000e+00 0.000000e+00
    outer loop
      vertex   3.000000e+01 -2.900000e+00 -1.050000e+01
      vertex   3.000000e+01 3.305511e+00 -1.166402e+01
      vertex   3.000000e+01 2.843324e+00 -1.204332e+01
    endloop
  endfacet
  facet normal -1.000000e+00 0.000000e+00 0.000000e+00
    outer loop
      vertex   3.000000e+01 -2.900000e+00 -1.050000e+01
      vertex   3.000000e+01 2.843324e+00 -1.204332e+01
      vertex   3.000000e+01 2.464018e+00 -1.250551e+01
    endloop
  endfacet
  facet normal -1.000000e+00 0.000000e+00 0.000000e+00
    outer loop
      vertex   3.000000e+01 5.595025e+00 -1.120860e+01
      vertex   3.000000e+01 5.000000e+00 -1.115000e+01
      vertex   3.000000e+01 2.900000e+00 -1.050000e+01
    endloop
  endfacet
  facet normal -1.000000e+00 0.000000e+00 0.000000e+00
    outer loop
      vertex   3.000000e+01 2.900000e+00 -1.050000e+01
      vertex   3.000000e+01 5.000000e+00 -1.115000e+01
      vertex   3.000000e+01 4.404975e+00 -1.120860e+01
    endloop
  endfacet
  facet normal -1.000000e+00 0.000000e+00 0.000000e+00
    outer loop
      vertex   3.000000e+01 2.900000e+00 -1.050000e+01
      vertex   3.000000e+01 4.404975e+00 -1.120860e+01
      vertex   3.000000e+01 3.832816e+00 -1.138217e+01
    endloop
  endfacet
  facet normal -1.000000e+00 -0.000000e+00 0.000000e+00
    outer loop
      vertex   3.000000e+01 3.832816e+00 -1.138217e+01
      vertex   3.000000e+01 3.305511e+00 -1.166402e+01
      vertex   3.000000e+01 2.900000e+00 -1.050000e+01
    endloop
  endfacet
  facet normal -1.000000e+00 -0.000000e+00 0.000000e+00
    outer loop
      vertex   3.000000e+01 2.464018e+00 -1.250551e+01
      vertex   3.000000e+01 2.182167e+00 -1.303282e+01
      vertex   3.000000e+01 -2.900000e+00 -1.050000e+01
    endloop
  endfacet
  facet normal -1.000000e+00 0.000000e+00 0.000000e+00
    outer loop
      vertex   3.000000e+01 -2.900000e+00 -1.050000e+01
      vertex   3.000000e+01 2.182167e+00 -1.303282e+01
      vertex   3.000000e+01 2.008605e+00 -1.360497e+01
    endloop
  endfacet
  facet normal 1.491666e-17 -9.937122e-01 1.119645e-01
    outer loop
      vertex   2.500000e+01 -4.550000e+01 5.300000e+00
      vertex   4.500000e+01 -4.550000e+01 5.300000e+00
      vertex   3.500000e+01 -4.544986e+01 5.745042e+00
    endloop
  endfacet
  facet normal -1.422094e-15 -9.937122e-01 1.119645e-01
    outer loop
      vertex   3.500000e+01 -4.544986e+01 5.745042e+00
      vertex   4.500000e+01 -4.550000e+01 5.300000e+00
      vertex   4.500000e+01 -4.544986e+01 5.745042e+00
    endloop
  endfacet
  facet normal -1.370674e-15 -9.438833e-01 3.302791e-01
    outer loop
      vertex   3.500000e+01 -4.544986e+01 5.745042e+00
      vertex   4.500000e+01 -4.544986e+01 5.745042e+00
      vertex   3.500000e+01 -4.530194e+01 6.167767e+00
    endloop
  endfacet
  facet normal 6.706694e-16 -9.438833e-01 3.302791e-01
    outer loop
      vertex   3.500000e+01 -4.530194e+01 6.167767e+00
      vertex   4.500000e+01 -4.544986e+01 5.745042e+00
      vertex   4.500000e+01 -4.530194e+01 6.167767e+00
    endloop
  endfacet
  facet normal 6.016337e-16 -8.467242e-01 5.320321e-01
    outer loop
      vertex   3.500000e+01 -4.530194e+01 6.167767e+00
      vertex   4.500000e+01 -4.530194e+01 6.167767e+00
      vertex   3.500000e+01 -4.506366e+01 6.546980e+00
    endloop
  endfacet
  facet normal -9.450788e-17 -8.467242e-01 5.320321e-01
    outer loop
      vertex   3.500000e+01 -4.506366e+01 6.546980e+00
      vertex   4.500000e+01 -4.530194e+01 6.167767e+00
      vertex   4.500000e+01 -4.506366e+01 6.546980e+00
    endloop
  endfacet
  facet normal -1.256074e-16 -7.071068e-01 7.071068e-01
    outer loop
      vertex   3.500000e+01 -4.506366e+01 6.546980e+00
      vertex   4.500000e+01 -4.506366e+01 6.546980e+00
      vertex   3.500000e+01 -4.474698e+01 6.863663e+00
    endloop
  endfacet
  facet normal -6.280370e-17 -7.071068e-01 7.071068e-01
    outer loop
      vertex   3.500000e+01 -4.474698e+01 6.863663e+00
      vertex   4.500000e+01 -4.506366e+01 6.546980e+00
      vertex   4.500000e+01 -4.474698e+01 6.863663e+00
    endloop
  endfacet
  facet normal -7.520422e-17 -5.320321e-01 8.467242e-01
    outer loop
      vertex   3.500000e+01 -4.474698e+01 6.863663e+00
      vertex   4.500000e+01 -4.474698e+01 6.863663e+00
      vertex   3.500000e+01 -4.436777e+01 7.101938e+00
    endloop
  endfacet
  facet normal 0.000000e+00 -5.320321e-01 8.467242e-01
    outer loop
      vertex   3.500000e+01 -4.436777e+01 7.101938e+00
      vertex   4.500000e+01 -4.474698e+01 6.863663e+00
      vertex   4.500000e+01 -4.436777e+01 7.101938e+00
    endloop
  endfacet
  facet normal 0.000000e+00 -3.302791e-01 9.438833e-01
    outer loop
      vertex   3.500000e+01 -4.436777e+01 7.101938e+00
      vertex   4.500000e+01 -4.436777e+01 7.101938e+00
      vertex   3.500000e+01 -4.394504e+01 7.249856e+00
    endloop
  endfacet
  facet normal -8.383368e-17 -3.302791e-01 9.438833e-01
    outer loop
      vertex   3.500000e+01 -4.394504e+01 7.249856e+00
      vertex   4.500000e+01 -4.436777e+01 7.101938e+00
      vertex   4.500000e+01 -4.394504e+01 7.249856e+00
    endloop
  endfacet
  facet normal -8.825937e-17 -1.119645e-01 9.937122e-01
    outer loop
      vertex   3.500000e+01 -4.394504e+01 7.249856e+00
      vertex   4.500000e+01 -4.394504e+01 7.249856e+00
      vertex   4.500000e+01 -4.350000e+01 7.300000e+00
    endloop
  endfacet
  facet normal -4.351914e-18 -1.119645e-01 9.937122e-01
    outer loop
      vertex   4.500000e+01 -4.350000e+01 7.300000e+00
      vertex   2.500000e+01 -4.350000e+01 7.300000e+00
      vertex   3.500000e+01 -4.394504e+01 7.249856e+00
    endloop
  endfacet
  facet normal -1.765187e-16 -1.119645e-01 9.937122e-01
    outer loop
      vertex   3.500000e+01 -4.394504e+01 7.249856e+00
      vertex   2.500000e+01 -4.350000e+01 7.300000e+00
      vertex   2.500000e+01 -4.394504e+01 7.249856e+00
    endloop
  endfacet
  facet normal -1.676674e-16 -3.302791e-01 9.438833e-01
    outer loop
      vertex   3.500000e+01 -4.394504e+01 7.249856e+00
      vertex   2.500000e+01 -4.394504e+01 7.249856e+00
      vertex   3.500000e+01 -4.436777e+01 7.101938e+00
    endloop
  endfacet
  facet normal -2.515010e-16 -3.302791e-01 9.438833e-01
    outer loop
      vertex   3.500000e+01 -4.436777e+01 7.101938e+00
      vertex   2.500000e+01 -4.394504e+01 7.249856e+00
      vertex   2.500000e+01 -4.436777e+01 7.101938e+00
    endloop
  endfacet
  facet normal -2.256126e-16 -5.320321e-01 8.467242e-01
    outer loop
      vertex   3.500000e+01 -4.436777e+01 7.101938e+00
      vertex   2.500000e+01 -4.436777e+01 7.101938e+00
      vertex   3.500000e+01 -4.474698e+01 6.863663e+00
    endloop
  endfacet
  facet normal 3.780315e-16 -5.320321e-01 8.467242e-01
    outer loop
      vertex   3.500000e+01 -4.474698e+01 6.863663e+00
      vertex   2.500000e+01 -4.436777e+01 7.101938e+00
      vertex   2.500000e+01 -4.474698e+01 6.863663e+00
    endloop
  endfacet
  facet normal 5.024296e-16 -7.071068e-01 7.071068e-01
    outer loop
      vertex   3.500000e+01 -4.474698e+01 6.863663e+00
      vertex   2.500000e+01 -4.474698e+01 6.863663e+00
      vertex   3.500000e+01 -4.506366e+01 6.546980e+00
    endloop
  endfacet
  facet normal 6.280370e-17 -7.071068e-01 7.071068e-01
    outer loop
      vertex   3.500000e+01 -4.506366e+01 6.546980e+00
      vertex   2.500000e+01 -4.474698e+01 6.863663e+00
      vertex   2.500000e+01 -4.506366e+01 6.546980e+00
    endloop
  endfacet
  facet normal 4.725394e-17 -8.467242e-01 5.320321e-01
    outer loop
      vertex   3.500000e+01 -4.506366e+01 6.546980e+00
      vertex   2.500000e+01 -4.506366e+01 6.546980e+00
      vertex   3.500000e+01 -4.530194e+01 6.167767e+00
    endloop
  endfacet
  facet normal 6.016337e-16 -8.467242e-01 5.320321e-01
    outer loop
      vertex   3.500000e+01 -4.530194e+01 6.167767e+00
      vertex   2.500000e+01 -4.506366e+01 6.546980e+00
      vertex   2.500000e+01 -4.530194e+01 6.167767e+00
    endloop
  endfacet
  facet normal 6.706694e-16 -9.438833e-01 3.302791e-01
    outer loop
      vertex   3.500000e+01 -4.530194e+01 6.167767e+00
      vertex   2.500000e+01 -4.530194e+01 6.167767e+00
      vertex   3.500000e+01 -4.544986e+01 5.745042e+00
    endloop
  endfacet
  facet normal 2.933467e-17 -9.438833e-01 3.302791e-01
    outer loop
      vertex   3.500000e+01 -4.544986e+01 5.745042e+00
      vertex   2.500000e+01 -4.530194e+01 6.167767e+00
      vertex   2.500000e+01 -4.544986e+01 5.745042e+00
    endloop
  endfacet
  facet normal 9.944443e-18 -9.937122e-01 1.119645e-01
    outer loop
      vertex   3.500000e+01 -4.544986e+01 5.745042e+00
      vertex   2.500000e+01 -4.544986e+01 5.745042e+00
      vertex   2.500000e+01 -4.550000e+01 5.300000e+00
    endloop
  endfacet
  facet normal 0.000000e+00 1.000000e+00 0.000000e+00
    outer loop
      vertex   3.000000e+01 -2.900000e+00 -1.050000e+01
      vertex   3.000000e+01 -2.900000e+00 -7.700000e+00
      vertex   4.200000e+01 -2.900000e+00 -1.050000e+01
    endloop
  endfacet
  facet normal 0.000000e+00 1.000000e+00 -0.000000e+00
    outer loop
      vertex   4.200000e+01 -2.900000e+00 -1.050000e+01
      vertex   3.000000e+01 -2.900000e+00 -7.700000e+00
      vertex   4.200000e+01 -2.900000e+00 -7.700000e+00
    endloop
  endfacet
  facet normal 0.000000e+00 0.000000e+00 -1.000000e+00
    outer loop
      vertex   3.885230e+01 3.623467e-01 -7.700000e+00
      vertex   4.200000e+01 2.900000e+00 -7.700000e+00
      vertex   3.890000e+01 4.976497e-16 -7.700000e+00
    endloop
  endfacet
  facet normal 0.000000e+00 0.000000e+00 -1.000000e+00
    outer loop
      vertex   3.890000e+01 4.976497e-16 -7.700000e+00
      vertex   4.200000e+01 2.900000e+00 -7.700000e+00
      vertex   4.200000e+01 -2.900000e+00 -7.700000e+00
    endloop
  endfacet
  facet normal 0.000000e+00 -0.000000e+00 -1.000000e+00
    outer loop
      vertex   3.890000e+01 4.976497e-16 -7.700000e+00
      vertex   4.200000e+01 -2.900000e+00 -7.700000e+00
      vertex   3.885230e+01 -3.623467e-01 -7.700000e+00
    endloop
  endfacet
  facet normal 0.000000e+00 -0.000000e+00 -1.000000e+00
    outer loop
      vertex   3.885230e+01 -3.623467e-01 -7.700000e+00
      vertex   4.200000e+01 -2.900000e+00 -7.700000e+00
      vertex   3.871244e+01 -7.000000e-01 -7.700000e+00
    endloop
  endfacet
  facet normal 0.000000e+00 -0.000000e+00 -1.000000e+00
    outer loop
      vertex   3.871244e+01 -7.000000e-01 -7.700000e+00
      vertex   4.200000e+01 -2.900000e+00 -7.700000e+00
      vertex   3.848995e+01 -9.899495e-01 -7.700000e+00
    endloop
  endfacet
  facet normal 0.000000e+00 -0.000000e+00 -1.000000e+00
    outer loop
      vertex   3.848995e+01 -9.899495e-01 -7.700000e+00
      vertex   4.200000e+01 -2.900000e+00 -7.700000e+00
      vertex   3.820000e+01 -1.212436e+00 -7.700000e+00
    endloop
  endfacet
  facet normal 0.000000e+00 -0.000000e+00 -1.000000e+00
    outer loop
      vertex   3.820000e+01 -1.212436e+00 -7.700000e+00
      vertex   4.200000e+01 -2.900000e+00 -7.700000e+00
      vertex   3.786235e+01 -1.352296e+00 -7.700000e+00
    endloop
  endfacet
  facet normal 0.000000e+00 -0.000000e+00 -1.000000e+00
    outer loop
      vertex   3.786235e+01 -1.352296e+00 -7.700000e+00
      vertex   4.200000e+01 -2.900000e+00 -7.700000e+00
      vertex   3.750000e+01 -1.400000e+00 -7.700000e+00
    endloop
  endfacet
  facet normal 0.000000e+00 -0.000000e+00 -1.000000e+00
    outer loop
      vertex   3.750000e+01 -1.400000e+00 -7.700000e+00
      vertex   4.200000e+01 -2.900000e+00 -7.700000e+00
      vertex   3.000000e+01 -2.900000e+00 -7.700000e+00
    endloop
  endfacet
  facet normal -0.000000e+00 0.000000e+00 -1.000000e+00
    outer loop
      vertex   3.750000e+01 -1.400000e+00 -7.700000e+00
      vertex   3.000000e+01 -2.900000e+00 -7.700000e+00
      vertex   3.713765e+01 -1.352296e+00 -7.700000e+00
    endloop
  endfacet
  facet normal -0.000000e+00 0.000000e+00 -1.000000e+00
    outer loop
      vertex   3.713765e+01 -1.352296e+00 -7.700000e+00
      vertex   3.000000e+01 -2.900000e+00 -7.700000e+00
      vertex   3.680000e+01 -1.212436e+00 -7.700000e+00
    endloop
  endfacet
  facet normal -0.000000e+00 0.000000e+00 -1.000000e+00
    outer loop
      vertex   3.680000e+01 -1.212436e+00 -7.700000e+00
      vertex   3.000000e+01 -2.900000e+00 -7.700000e+00
      vertex   3.651005e+01 -9.899495e-01 -7.700000e+00
    endloop
  endfacet
  facet normal -0.000000e+00 0.000000e+00 -1.000000e+00
    outer loop
      vertex   3.651005e+01 -9.899495e-01 -7.700000e+00
      vertex   3.000000e+01 -2.900000e+00 -7.700000e+00
      vertex   3.628756e+01 -7.000000e-01 -7.700000e+00
    endloop
  endfacet
  facet normal -0.000000e+00 0.000000e+00 -1.000000e+00
    outer loop
      vertex   3.628756e+01 -7.000000e-01 -7.700000e+00
      vertex   3.000000e+01 -2.900000e+00 -7.700000e+00
      vertex   3.614770e+01 -3.623467e-01 -7.700000e+00
    endloop
  endfacet
  facet normal -0.000000e+00 0.000000e+00 -1.000000e+00
    outer loop
      vertex   3.614770e+01 -3.623467e-01 -7.700000e+00
      vertex   3.000000e+01 -2.900000e+00 -7.700000e+00
      vertex   3.610000e+01 6.691002e-16 -7.700000e+00
    endloop
  endfacet
  facet normal -0.000000e+00 0.000000e+00 -1.000000e+00
    outer loop
      vertex   3.610000e+01 6.691002e-16 -7.700000e+00
      vertex   3.000000e+01 -2.900000e+00 -7.700000e+00
      vertex   3.000000e+01 2.900000e+00 -7.700000e+00
    endloop
  endfacet
  facet normal 0.000000e+00 0.000000e+00 -1.000000e+00
    outer loop
      vertex   3.610000e+01 6.691002e-16 -7.700000e+00
      vertex   3.000000e+01 2.900000e+00 -7.700000e+00
      vertex   3.614770e+01 3.623467e-01 -7.700000e+00
    endloop
  endfacet
  facet normal 0.000000e+00 0.000000e+00 -1.000000e+00
    outer loop
      vertex   3.614770e+01 3.623467e-01 -7.700000e+00
      vertex   3.000000e+01 2.900000e+00 -7.700000e+00
      vertex   3.628756e+01 7.000000e-01 -7.700000e+00
    endloop
  endfacet
  facet normal 0.000000e+00 0.000000e+00 -1.000000e+00
    outer loop
      vertex   3.628756e+01 7.000000e-01 -7.700000e+00
      vertex   3.000000e+01 2.900000e+00 -7.700000e+00
      vertex   3.651005e+01 9.899495e-01 -7.700000e+00
    endloop
  endfacet
  facet normal 0.000000e+00 0.000000e+00 -1.000000e+00
    outer loop
      vertex   3.651005e+01 9.899495e-01 -7.700000e+00
      vertex   3.000000e+01 2.900000e+00 -7.700000e+00
      vertex   3.680000e+01 1.212436e+00 -7.700000e+00
    endloop
  endfacet
  facet normal 0.000000e+00 0.000000e+00 -1.000000e+00
    outer loop
      vertex   3.680000e+01 1.212436e+00 -7.700000e+00
      vertex   3.000000e+01 2.900000e+00 -7.700000e+00
      vertex   3.713765e+01 1.352296e+00 -7.700000e+00
    endloop
  endfacet
  facet normal 0.000000e+00 0.000000e+00 -1.000000e+00
    outer loop
      vertex   3.713765e+01 1.352296e+00 -7.700000e+00
      vertex   3.000000e+01 2.900000e+00 -7.700000e+00
      vertex   3.750000e+01 1.400000e+00 -7.700000e+00
    endloop
  endfacet
  facet normal 0.000000e+00 0.000000e+00 -1.000000e+00
    outer loop
      vertex   3.750000e+01 1.400000e+00 -7.700000e+00
      vertex   3.000000e+01 2.900000e+00 -7.700000e+00
      vertex   4.200000e+01 2.900000e+00 -7.700000e+00
    endloop
  endfacet
  facet normal 0.000000e+00 0.000000e+00 -1.000000e+00
    outer loop
      vertex   3.750000e+01 1.400000e+00 -7.700000e+00
      vertex   4.200000e+01 2.900000e+00 -7.700000e+00
      vertex   3.786235e+01 1.352296e+00 -7.700000e+00
    endloop
  endfacet
  facet normal 0.000000e+00 0.000000e+00 -1.000000e+00
    outer loop
      vertex   3.786235e+01 1.352296e+00 -7.700000e+00
      vertex   4.200000e+01 2.900000e+00 -7.700000e+00
      vertex   3.820000e+01 1.212436e+00 -7.700000e+00
    endloop
  endfacet
  facet normal 0.000000e+00 0.000000e+00 -1.000000e+00
    outer loop
      vertex   3.820000e+01 1.212436e+00 -7.700000e+00
      vertex   4.200000e+01 2.900000e+00 -7.700000e+00
      vertex   3.848995e+01 9.899495e-01 -7.700000e+00
    endloop
  endfacet
  facet normal 0.000000e+00 0.000000e+00 -1.000000e+00
    outer loop
      vertex   3.848995e+01 9.899495e-01 -7.700000e+00
      vertex   4.200000e+01 2.900000e+00 -7.700000e+00
      vertex   3.871244e+01 7.000000e-01 -7.700000e+00
    endloop
  endfacet
  facet normal 0.000000e+00 0.000000e+00 -1.000000e+00
    outer loop
      vertex   3.871244e+01 7.000000e-01 -7.700000e+00
      vertex   4.200000e+01 2.900000e+00 -7.700000e+00
      vertex   3.885230e+01 3.623467e-01 -7.700000e+00
    endloop
  endfacet
  facet normal 7.401487e-17 -1.000000e+00 9.516197e-16
    outer loop
      vertex   3.000000e+01 2.900000e+00 -7.700000e+00
      vertex   3.000000e+01 2.900000e+00 -1.050000e+01
      vertex   4.200000e+01 2.900000e+00 -7.700000e+00
    endloop
  endfacet
  facet normal 0.000000e+00 -1.000000e+00 1.268826e-15
    outer loop
      vertex   4.200000e+01 2.900000e+00 -7.700000e+00
      vertex   3.000000e+01 2.900000e+00 -1.050000e+01
      vertex   4.200000e+01 2.900000e+00 -1.050000e+01
    endloop
  endfacet
  facet normal -0.000000e+00 0.000000e+00 1.000000e+00
    outer loop
      vertex   3.885230e+01 -3.623467e-01 -1.050000e+01
      vertex   4.200000e+01 -2.900000e+00 -1.050000e+01
      vertex   3.890000e+01 1.097192e-15 -1.050000e+01
    endloop
  endfacet
  facet normal -0.000000e+00 0.000000e+00 1.000000e+00
    outer loop
      vertex   3.890000e+01 1.097192e-15 -1.050000e+01
      vertex   4.200000e+01 -2.900000e+00 -1.050000e+01
      vertex   4.200000e+01 2.900000e+00 -1.050000e+01
    endloop
  endfacet
  facet normal 0.000000e+00 -0.000000e+00 1.000000e+00
    outer loop
      vertex   3.890000e+01 1.097192e-15 -1.050000e+01
      vertex   4.200000e+01 2.900000e+00 -1.050000e+01
      vertex   3.885230e+01 3.623467e-01 -1.050000e+01
    endloop
  endfacet
  facet normal 0.000000e+00 -0.000000e+00 1.000000e+00
    outer loop
      vertex   3.885230e+01 3.623467e-01 -1.050000e+01
      vertex   4.200000e+01 2.900000e+00 -1.050000e+01
      vertex   3.871244e+01 7.000000e-01 -1.050000e+01
    endloop
  endfacet
  facet normal 0.000000e+00 -0.000000e+00 1.000000e+00
    outer loop
      vertex   3.871244e+01 7.000000e-01 -1.050000e+01
      vertex   4.200000e+01 2.900000e+00 -1.050000e+01
      vertex   3.848995e+01 9.899495e-01 -1.050000e+01
    endloop
  endfacet
  facet normal 0.000000e+00 -0.000000e+00 1.000000e+00
    outer loop
      vertex   3.848995e+01 9.899495e-01 -1.050000e+01
      vertex   4.200000e+01 2.900000e+00 -1.050000e+01
      vertex   3.820000e+01 1.212436e+00 -1.050000e+01
    endloop
  endfacet
  facet normal 0.000000e+00 -0.000000e+00 1.000000e+00
    outer loop
      vertex   3.820000e+01 1.212436e+00 -1.050000e+01
      vertex   4.200000e+01 2.900000e+00 -1.050000e+01
      vertex   3.786235e+01 1.352296e+00 -1.050000e+01
    endloop
  endfacet
  facet normal 0.000000e+00 -0.000000e+00 1.000000e+00
    outer loop
      vertex   3.786235e+01 1.352296e+00 -1.050000e+01
      vertex   4.200000e+01 2.900000e+00 -1.050000e+01
      vertex   3.750000e+01 1.400000e+00 -1.050000e+01
    endloop
  endfacet
  facet normal 0.000000e+00 -0.000000e+00 1.000000e+00
    outer loop
      vertex   3.750000e+01 1.400000e+00 -1.050000e+01
      vertex   4.200000e+01 2.900000e+00 -1.050000e+01
      vertex   3.000000e+01 2.900000e+00 -1.050000e+01
    endloop
  endfacet
  facet normal 0.000000e+00 0.000000e+00 1.000000e+00
    outer loop
      vertex   3.750000e+01 1.400000e+00 -1.050000e+01
      vertex   3.000000e+01 2.900000e+00 -1.050000e+01
      vertex   3.713765e+01 1.352296e+00 -1.050000e+01
    endloop
  endfacet
  facet normal 0.000000e+00 0.000000e+00 1.000000e+00
    outer loop
      vertex   3.713765e+01 1.352296e+00 -1.050000e+01
      vertex   3.000000e+01 2.900000e+00 -1.050000e+01
      vertex   3.680000e+01 1.212436e+00 -1.050000e+01
    endloop
  endfacet
  facet normal 0.000000e+00 0.000000e+00 1.000000e+00
    outer loop
      vertex   3.680000e+01 1.212436e+00 -1.050000e+01
      vertex   3.000000e+01 2.900000e+00 -1.050000e+01
      vertex   3.651005e+01 9.899495e-01 -1.050000e+01
    endloop
  endfacet
  facet normal 0.000000e+00 0.000000e+00 1.000000e+00
    outer loop
      vertex   3.651005e+01 9.899495e-01 -1.050000e+01
      vertex   3.000000e+01 2.900000e+00 -1.050000e+01
      vertex   3.628756e+01 7.000000e-01 -1.050000e+01
    endloop
  endfacet
  facet normal 0.000000e+00 0.000000e+00 1.000000e+00
    outer loop
      vertex   3.628756e+01 7.000000e-01 -1.050000e+01
      vertex   3.000000e+01 2.900000e+00 -1.050000e+01
      vertex   3.614770e+01 3.623467e-01 -1.050000e+01
    endloop
  endfacet
  facet normal 0.000000e+00 0.000000e+00 1.000000e+00
    outer loop
      vertex   3.614770e+01 3.623467e-01 -1.050000e+01
      vertex   3.000000e+01 2.900000e+00 -1.050000e+01
      vertex   3.610000e+01 9.257414e-16 -1.050000e+01
    endloop
  endfacet
  facet normal 0.000000e+00 0.000000e+00 1.000000e+00
    outer loop
      vertex   3.610000e+01 9.257414e-16 -1.050000e+01
      vertex   3.000000e+01 2.900000e+00 -1.050000e+01
      vertex   3.000000e+01 -2.900000e+00 -1.050000e+01
    endloop
  endfacet
  facet normal 0.000000e+00 0.000000e+00 1.000000e+00
    outer loop
      vertex   3.610000e+01 9.257414e-16 -1.050000e+01
      vertex   3.000000e+01 -2.900000e+00 -1.050000e+01
      vertex   3.614770e+01 -3.623467e-01 -1.050000e+01
    endloop
  endfacet
  facet normal 0.000000e+00 0.000000e+00 1.000000e+00
    outer loop
      vertex   3.614770e+01 -3.623467e-01 -1.050000e+01
      vertex   3.000000e+01 -2.900000e+00 -1.050000e+01
      vertex   3.628756e+01 -7.000000e-01 -1.050000e+01
    endloop
  endfacet
  facet normal 0.000000e+00 0.000000e+00 1.000000e+00
    outer loop
      vertex   3.628756e+01 -7.000000e-01 -1.050000e+01
      vertex   3.000000e+01 -2.900000e+00 -1.050000e+01
      vertex   3.651005e+01 -9.899495e-01 -1.050000e+01
    endloop
  endfacet
  facet normal 0.000000e+00 0.000000e+00 1.000000e+00
    outer loop
      vertex   3.651005e+01 -9.899495e-01 -1.050000e+01
      vertex   3.000000e+01 -2.900000e+00 -1.050000e+01
      vertex   3.680000e+01 -1.212436e+00 -1.050000e+01
    endloop
  endfacet
  facet normal 0.000000e+00 0.000000e+00 1.000000e+00
    outer loop
      vertex   3.680000e+01 -1.212436e+00 -1.050000e+01
      vertex   3.000000e+01 -2.900000e+00 -1.050000e+01
      vertex   3.713765e+01 -1.352296e+00 -1.050000e+01
    endloop
  endfacet
  facet normal 0.000000e+00 0.000000e+00 1.000000e+00
    outer loop
      vertex   3.713765e+01 -1.352296e+00 -1.050000e+01
      vertex   3.000000e+01 -2.900000e+00 -1.050000e+01
      vertex   3.750000e+01 -1.400000e+00 -1.050000e+01
    endloop
  endfacet
  facet normal 0.000000e+00 0.000000e+00 1.000000e+00
    outer loop
      vertex   3.750000e+01 -1.400000e+00 -1.050000e+01
      vertex   3.000000e+01 -2.900000e+00 -1.050000e+01
      vertex   4.200000e+01 -2.900000e+00 -1.050000e+01
    endloop
  endfacet
  facet normal -0.000000e+00 0.000000e+00 1.000000e+00
    outer loop
      vertex   3.750000e+01 -1.400000e+00 -1.050000e+01
      vertex   4.200000e+01 -2.900000e+00 -1.050000e+01
      vertex   3.786235e+01 -1.352296e+00 -1.050000e+01
    endloop
  endfacet
  facet normal -0.000000e+00 0.000000e+00 1.000000e+00
    outer loop
      vertex   3.786235e+01 -1.352296e+00 -1.050000e+01
      vertex   4.200000e+01 -2.900000e+00 -1.050000e+01
      vertex   3.820000e+01 -1.212436e+00 -1.050000e+01
    endloop
  endfacet
  facet normal -0.000000e+00 0.000000e+00 1.000000e+00
    outer loop
      vertex   3.820000e+01 -1.212436e+00 -1.050000e+01
      vertex   4.200000e+01 -2.900000e+00 -1.050000e+01
      vertex   3.848995e+01 -9.899495e-01 -1.050000e+01
    endloop
  endfacet
  facet normal -0.000000e+00 0.000000e+00 1.000000e+00
    outer loop
      vertex   3.848995e+01 -9.899495e-01 -1.050000e+01
      vertex   4.200000e+01 -2.900000e+00 -1.050000e+01
      vertex   3.871244e+01 -7.000000e-01 -1.050000e+01
    endloop
  endfacet
  facet normal -0.000000e+00 0.000000e+00 1.000000e+00
    outer loop
      vertex   3.871244e+01 -7.000000e-01 -1.050000e+01
      vertex   4.200000e+01 -2.900000e+00 -1.050000e+01
      vertex   3.885230e+01 -3.623467e-01 -1.050000e+01
    endloop
  endfacet
  facet normal -1.000000e+00 0.000000e+00 0.000000e+00
    outer loop
      vertex   4.200000e+01 -2.900000e+00 -1.050000e+01
      vertex   4.200000e+01 -2.900000e+00 -7.700000e+00
      vertex   4.200000e+01 2.900000e+00 -1.050000e+01
    endloop
  endfacet
  facet normal -1.000000e+00 0.000000e+00 0.000000e+00
    outer loop
      vertex   4.200000e+01 2.900000e+00 -1.050000e+01
      vertex   4.200000e+01 -2.900000e+00 -7.700000e+00
      vertex   4.200000e+01 2.900000e+00 -7.700000e+00
    endloop
  endfacet
  facet normal -9.914449e-01 1.305262e-01 1.252336e-17
    outer loop
      vertex   3.885230e+01 -3.623467e-01 -2.670000e+01
      vertex   3.885230e+01 -3.623467e-01 -1.860000e+01
      vertex   3.890000e+01 2.582044e-15 -2.670000e+01
    endloop
  endfacet
  facet normal -9.914449e-01 1.305262e-01 1.196371e-17
    outer loop
      vertex   3.890000e+01 2.582044e-15 -2.670000e+01
      vertex   3.885230e+01 -3.623467e-01 -1.860000e+01
      vertex   3.890000e+01 1.839618e-15 -1.860000e+01
    endloop
  endfacet
  facet normal -9.914449e-01 -1.305262e-01 -1.196371e-17
    outer loop
      vertex   3.890000e+01 2.582044e-15 -2.670000e+01
      vertex   3.890000e+01 1.839618e-15 -1.860000e+01
      vertex   3.885230e+01 3.623467e-01 -2.670000e+01
    endloop
  endfacet
  facet normal -9.914449e-01 -1.305262e-01 -1.789052e-18
    outer loop
      vertex   3.885230e+01 3.623467e-01 -2.670000e+01
      vertex   3.890000e+01 1.839618e-15 -1.860000e+01
      vertex   3.885230e+01 3.623467e-01 -1.860000e+01
    endloop
  endfacet
  facet normal -9.238795e-01 -3.826834e-01 -5.245234e-18
    outer loop
      vertex   3.885230e+01 3.623467e-01 -2.670000e+01
      vertex   3.885230e+01 3.623467e-01 -1.860000e+01
      vertex   3.871244e+01 7.000000e-01 -2.670000e+01
    endloop
  endfacet
  facet normal -9.238795e-01 -3.826834e-01 -3.147140e-17
    outer loop
      vertex   3.871244e+01 7.000000e-01 -2.670000e+01
      vertex   3.885230e+01 3.623467e-01 -1.860000e+01
      vertex   3.871244e+01 7.000000e-01 -1.860000e+01
    endloop
  endfacet
  facet normal -7.933533e-01 -6.087614e-01 -5.006377e-17
    outer loop
      vertex   3.871244e+01 7.000000e-01 -2.670000e+01
      vertex   3.871244e+01 7.000000e-01 -1.860000e+01
      vertex   3.848995e+01 9.899495e-01 -2.670000e+01
    endloop
  endfacet
  facet normal -7.933533e-01 -6.087614e-01 -1.668792e-17
    outer loop
      vertex   3.848995e+01 9.899495e-01 -2.670000e+01
      vertex   3.871244e+01 7.000000e-01 -1.860000e+01
      vertex   3.848995e+01 9.899495e-01 -1.860000e+01
    endloop
  endfacet
  facet normal -6.087614e-01 -7.933533e-01 -2.174813e-17
    outer loop
      vertex   3.848995e+01 9.899495e-01 -2.670000e+01
      vertex   3.848995e+01 9.899495e-01 -1.860000e+01
      vertex   3.820000e+01 1.212436e+00 -2.670000e+01
    endloop
  endfacet
  facet normal -6.087614e-01 -7.933533e-01 -1.739850e-16
    outer loop
      vertex   3.820000e+01 1.212436e+00 -2.670000e+01
      vertex   3.848995e+01 9.899495e-01 -1.860000e+01
      vertex   3.820000e+01 1.212436e+00 -1.860000e+01
    endloop
  endfacet
  facet normal -3.826834e-01 -9.238795e-01 -2.026098e-16
    outer loop
      vertex   3.820000e+01 1.212436e+00 -2.670000e+01
      vertex   3.820000e+01 1.212436e+00 -1.860000e+01
      vertex   3.786235e+01 1.352296e+00 -2.670000e+01
    endloop
  endfacet
  facet normal -3.826834e-01 -9.238795e-01 -1.013049e-16
    outer loop
      vertex   3.786235e+01 1.352296e+00 -2.670000e+01
      vertex   3.820000e+01 1.212436e+00 -1.860000e+01
      vertex   3.786235e+01 1.352296e+00 -1.860000e+01
    endloop
  endfacet
  facet normal -1.305262e-01 -9.914449e-01 -1.087136e-16
    outer loop
      vertex   3.786235e+01 1.352296e+00 -2.670000e+01
      vertex   3.786235e+01 1.352296e+00 -1.860000e+01
      vertex   3.750000e+01 1.400000e+00 -2.670000e+01
    endloop
  endfacet
  facet normal -1.305262e-01 -9.914449e-01 -8.153518e-17
    outer loop
      vertex   3.750000e+01 1.400000e+00 -2.670000e+01
      vertex   3.786235e+01 1.352296e+00 -1.860000e+01
      vertex   3.750000e+01 1.400000e+00 -1.860000e+01
    endloop
  endfacet
  facet normal 1.305262e-01 -9.914449e-01 -8.153518e-17
    outer loop
      vertex   3.750000e+01 1.400000e+00 -2.670000e+01
      vertex   3.750000e+01 1.400000e+00 -1.860000e+01
      vertex   3.713765e+01 1.352296e+00 -2.670000e+01
    endloop
  endfacet
  facet normal 1.305262e-01 -9.914449e-01 -1.087136e-16
    outer loop
      vertex   3.713765e+01 1.352296e+00 -2.670000e+01
      vertex   3.750000e+01 1.400000e+00 -1.860000e+01
      vertex   3.713765e+01 1.352296e+00 -1.860000e+01
    endloop
  endfacet
  facet normal 3.826834e-01 -9.238795e-01 -1.013049e-16
    outer loop
      vertex   3.713765e+01 1.352296e+00 -2.670000e+01
      vertex   3.713765e+01 1.352296e+00 -1.860000e+01
      vertex   3.680000e+01 1.212436e+00 -2.670000e+01
    endloop
  endfacet
  facet normal 3.826834e-01 -9.238795e-01 5.065246e-17
    outer loop
      vertex   3.680000e+01 1.212436e+00 -2.670000e+01
      vertex   3.713765e+01 1.352296e+00 -1.860000e+01
      vertex   3.680000e+01 1.212436e+00 -1.860000e+01
    endloop
  endfacet
  facet normal 6.087614e-01 -7.933533e-01 4.349625e-17
    outer loop
      vertex   3.680000e+01 1.212436e+00 -2.670000e+01
      vertex   3.680000e+01 1.212436e+00 -1.860000e+01
      vertex   3.651005e+01 9.899495e-01 -2.670000e+01
    endloop
  endfacet
  facet normal 6.087614e-01 -7.933533e-01 -2.174813e-17
    outer loop
      vertex   3.651005e+01 9.899495e-01 -2.670000e+01
      vertex   3.680000e+01 1.212436e+00 -1.860000e+01
      vertex   3.651005e+01 9.899495e-01 -1.860000e+01
    endloop
  endfacet
  facet normal 7.933533e-01 -6.087614e-01 -1.668792e-17
    outer loop
      vertex   3.651005e+01 9.899495e-01 -2.670000e+01
      vertex   3.651005e+01 9.899495e-01 -1.860000e+01
      vertex   3.628756e+01 7.000000e-01 -2.670000e+01
    endloop
  endfacet
  facet normal 7.933533e-01 -6.087614e-01 -7.509566e-17
    outer loop
      vertex   3.628756e+01 7.000000e-01 -2.670000e+01
      vertex   3.651005e+01 9.899495e-01 -1.860000e+01
      vertex   3.628756e+01 7.000000e-01 -1.860000e+01
    endloop
  endfacet
  facet normal 9.238795e-01 -3.826834e-01 -4.720711e-17
    outer loop
      vertex   3.628756e+01 7.000000e-01 -2.670000e+01
      vertex   3.628756e+01 7.000000e-01 -1.860000e+01
      vertex   3.614770e+01 3.623467e-01 -2.670000e+01
    endloop
  endfacet
  facet normal 9.238795e-01 -3.826834e-01 -1.573570e-17
    outer loop
      vertex   3.614770e+01 3.623467e-01 -2.670000e+01
      vertex   3.628756e+01 7.000000e-01 -1.860000e+01
      vertex   3.614770e+01 3.623467e-01 -1.860000e+01
    endloop
  endfacet
  facet normal 9.914449e-01 -1.305262e-01 -5.367155e-18
    outer loop
      vertex   3.614770e+01 3.623467e-01 -2.670000e+01
      vertex   3.614770e+01 3.623467e-01 -1.860000e+01
      vertex   3.610000e+01 2.410594e-15 -2.670000e+01
    endloop
  endfacet
  facet normal 9.914449e-01 -1.305262e-01 -1.196371e-17
    outer loop
      vertex   3.610000e+01 2.410594e-15 -2.670000e+01
      vertex   3.614770e+01 3.623467e-01 -1.860000e+01
      vertex   3.610000e+01 1.668168e-15 -1.860000e+01
    endloop
  endfacet
  facet normal 9.914449e-01 1.305262e-01 1.196371e-17
    outer loop
      vertex   3.610000e+01 2.410594e-15 -2.670000e+01
      vertex   3.610000e+01 1.668168e-15 -1.860000e+01
      vertex   3.614770e+01 -3.623467e-01 -2.670000e+01
    endloop
  endfacet
  facet normal 9.914449e-01 1.305262e-01 1.878504e-17
    outer loop
      vertex   3.614770e+01 -3.623467e-01 -2.670000e+01
      vertex   3.610000e+01 1.668168e-15 -1.860000e+01
      vertex   3.614770e+01 -3.623467e-01 -1.860000e+01
    endloop
  endfacet
  facet normal 9.238795e-01 3.826834e-01 5.507496e-17
    outer loop
      vertex   3.614770e+01 -3.623467e-01 -2.670000e+01
      vertex   3.614770e+01 -3.623467e-01 -1.860000e+01
      vertex   3.628756e+01 -7.000000e-01 -2.670000e+01
    endloop
  endfacet
  facet normal 9.238795e-01 3.826834e-01 3.147140e-17
    outer loop
      vertex   3.628756e+01 -7.000000e-01 -2.670000e+01
      vertex   3.614770e+01 -3.623467e-01 -1.860000e+01
      vertex   3.628756e+01 -7.000000e-01 -1.860000e+01
    endloop
  endfacet
  facet normal 7.933533e-01 6.087614e-01 5.006377e-17
    outer loop
      vertex   3.628756e+01 -7.000000e-01 -2.670000e+01
      vertex   3.628756e+01 -7.000000e-01 -1.860000e+01
      vertex   3.651005e+01 -9.899495e-01 -2.670000e+01
    endloop
  endfacet
  facet normal 7.933533e-01 6.087614e-01 9.178359e-17
    outer loop
      vertex   3.651005e+01 -9.899495e-01 -2.670000e+01
      vertex   3.628756e+01 -7.000000e-01 -1.860000e+01
      vertex   3.651005e+01 -9.899495e-01 -1.860000e+01
    endloop
  endfacet
  facet normal 6.087614e-01 7.933533e-01 1.196147e-16
    outer loop
      vertex   3.651005e+01 -9.899495e-01 -2.670000e+01
      vertex   3.651005e+01 -9.899495e-01 -1.860000e+01
      vertex   3.680000e+01 -1.212436e+00 -2.670000e+01
    endloop
  endfacet
  facet normal 6.087614e-01 7.933533e-01 -2.174813e-17
    outer loop
      vertex   3.680000e+01 -1.212436e+00 -2.670000e+01
      vertex   3.651005e+01 -9.899495e-01 -1.860000e+01
      vertex   3.680000e+01 -1.212436e+00 -1.860000e+01
    endloop
  endfacet
  facet normal 3.826834e-01 9.238795e-01 -2.532623e-17
    outer loop
      vertex   3.680000e+01 -1.212436e+00 -2.670000e+01
      vertex   3.680000e+01 -1.212436e+00 -1.860000e+01
      vertex   3.713765e+01 -1.352296e+00 -2.670000e+01
    endloop
  endfacet
  facet normal 3.826834e-01 9.238795e-01 1.266312e-16
    outer loop
      vertex   3.713765e+01 -1.352296e+00 -2.670000e+01
      vertex   3.680000e+01 -1.212436e+00 -1.860000e+01
      vertex   3.713765e+01 -1.352296e+00 -1.860000e+01
    endloop
  endfacet
  facet normal 1.305262e-01 9.914449e-01 1.358920e-16
    outer loop
      vertex   3.713765e+01 -1.352296e+00 -2.670000e+01
      vertex   3.713765e+01 -1.352296e+00 -1.860000e+01
      vertex   3.750000e+01 -1.400000e+00 -2.670000e+01
    endloop
  endfacet
  facet normal 1.305262e-01 9.914449e-01 8.153518e-17
    outer loop
      vertex   3.750000e+01 -1.400000e+00 -2.670000e+01
      vertex   3.713765e+01 -1.352296e+00 -1.860000e+01
      vertex   3.750000e+01 -1.400000e+00 -1.860000e+01
    endloop
  endfacet
  facet normal -1.305262e-01 9.914449e-01 8.153518e-17
    outer loop
      vertex   3.750000e+01 -1.400000e+00 -2.670000e+01
      vertex   3.750000e+01 -1.400000e+00 -1.860000e+01
      vertex   3.786235e+01 -1.352296e+00 -2.670000e+01
    endloop
  endfacet
  facet normal -1.305262e-01 9.914449e-01 1.087136e-16
    outer loop
      vertex   3.786235e+01 -1.352296e+00 -2.670000e+01
      vertex   3.750000e+01 -1.400000e+00 -1.860000e+01
      vertex   3.786235e+01 -1.352296e+00 -1.860000e+01
    endloop
  endfacet
  facet normal -3.826834e-01 9.238795e-01 1.013049e-16
    outer loop
      vertex   3.786235e+01 -1.352296e+00 -2.670000e+01
      vertex   3.786235e+01 -1.352296e+00 -1.860000e+01
      vertex   3.820000e+01 -1.212436e+00 -2.670000e+01
    endloop
  endfacet
  facet normal -3.826834e-01 9.238795e-01 1.266312e-16
    outer loop
      vertex   3.820000e+01 -1.212436e+00 -2.670000e+01
      vertex   3.786235e+01 -1.352296e+00 -1.860000e+01
      vertex   3.820000e+01 -1.212436e+00 -1.860000e+01
    endloop
  endfacet
  facet normal -6.087614e-01 7.933533e-01 1.087406e-16
    outer loop
      vertex   3.820000e+01 -1.212436e+00 -2.670000e+01
      vertex   3.820000e+01 -1.212436e+00 -1.860000e+01
      vertex   3.848995e+01 -9.899495e-01 -2.670000e+01
    endloop
  endfacet
  facet normal -6.087614e-01 7.933533e-01 1.087406e-16
    outer loop
      vertex   3.848995e+01 -9.899495e-01 -2.670000e+01
      vertex   3.820000e+01 -1.212436e+00 -1.860000e+01
      vertex   3.848995e+01 -9.899495e-01 -1.860000e+01
    endloop
  endfacet
  facet normal -7.933533e-01 6.087614e-01 8.343962e-17
    outer loop
      vertex   3.848995e+01 -9.899495e-01 -2.670000e+01
      vertex   3.848995e+01 -9.899495e-01 -1.860000e+01
      vertex   3.871244e+01 -7.000000e-01 -2.670000e+01
    endloop
  endfacet
  facet normal -7.933533e-01 6.087614e-01 1.668792e-17
    outer loop
      vertex   3.871244e+01 -7.000000e-01 -2.670000e+01
      vertex   3.848995e+01 -9.899495e-01 -1.860000e+01
      vertex   3.871244e+01 -7.000000e-01 -1.860000e+01
    endloop
  endfacet
  facet normal -9.238795e-01 3.826834e-01 1.049047e-17
    outer loop
      vertex   3.871244e+01 -7.000000e-01 -2.670000e+01
      vertex   3.871244e+01 -7.000000e-01 -1.860000e+01
      vertex   3.885230e+01 -3.623467e-01 -2.670000e+01
    endloop
  endfacet
  facet normal -9.238795e-01 3.826834e-01 3.671664e-17
    outer loop
      vertex   3.885230e+01 -3.623467e-01 -2.670000e+01
      vertex   3.871244e+01 -7.000000e-01 -1.860000e+01
      vertex   3.885230e+01 -3.623467e-01 -1.860000e+01
    endloop
  endfacet
  facet normal -9.914449e-01 -1.305262e-01 -2.236315e-17
    outer loop
      vertex   3.885230e+01 3.623467e-01 -1.050000e+01
      vertex   3.885230e+01 3.623467e-01 -1.860000e+01
      vertex   3.890000e+01 1.097192e-15 -1.050000e+01
    endloop
  endfacet
  facet normal -9.914449e-01 -1.305262e-01 -1.196371e-17
    outer loop
      vertex   3.890000e+01 1.097192e-15 -1.050000e+01
      vertex   3.885230e+01 3.623467e-01 -1.860000e+01
      vertex   3.890000e+01 1.839618e-15 -1.860000e+01
    endloop
  endfacet
  facet normal -9.914449e-01 1.305262e-01 1.196371e-17
    outer loop
      vertex   3.890000e+01 1.097192e-15 -1.050000e+01
      vertex   3.890000e+01 1.839618e-15 -1.860000e+01
      vertex   3.885230e+01 -3.623467e-01 -1.050000e+01
    endloop
  endfacet
  facet normal -9.914449e-01 1.305262e-01 1.252336e-17
    outer loop
      vertex   3.885230e+01 -3.623467e-01 -1.050000e+01
      vertex   3.890000e+01 1.839618e-15 -1.860000e+01
      vertex   3.885230e+01 -3.623467e-01 -1.860000e+01
    endloop
  endfacet
  facet normal -9.238795e-01 3.826834e-01 3.671664e-17
    outer loop
      vertex   3.885230e+01 -3.623467e-01 -1.050000e+01
      vertex   3.885230e+01 -3.623467e-01 -1.860000e+01
      vertex   3.871244e+01 -7.000000e-01 -1.050000e+01
    endloop
  endfacet
  facet normal -9.238795e-01 3.826834e-01 5.769757e-17
    outer loop
      vertex   3.871244e+01 -7.000000e-01 -1.050000e+01
      vertex   3.885230e+01 -3.623467e-01 -1.860000e+01
      vertex   3.871244e+01 -7.000000e-01 -1.860000e+01
    endloop
  endfacet
  facet normal -7.933533e-01 6.087614e-01 9.178359e-17
    outer loop
      vertex   3.871244e+01 -7.000000e-01 -1.050000e+01
      vertex   3.871244e+01 -7.000000e-01 -1.860000e+01
      vertex   3.848995e+01 -9.899495e-01 -1.050000e+01
    endloop
  endfacet
  facet normal -7.933533e-01 6.087614e-01 1.668792e-17
    outer loop
      vertex   3.848995e+01 -9.899495e-01 -1.050000e+01
      vertex   3.871244e+01 -7.000000e-01 -1.860000e+01
      vertex   3.848995e+01 -9.899495e-01 -1.860000e+01
    endloop
  endfacet
  facet normal -6.087614e-01 7.933533e-01 2.174813e-17
    outer loop
      vertex   3.848995e+01 -9.899495e-01 -1.050000e+01
      vertex   3.848995e+01 -9.899495e-01 -1.860000e+01
      vertex   3.820000e+01 -1.212436e+00 -1.050000e+01
    endloop
  endfacet
  facet normal -6.087614e-01 7.933533e-01 2.174813e-17
    outer loop
      vertex   3.820000e+01 -1.212436e+00 -1.050000e+01
      vertex   3.848995e+01 -9.899495e-01 -1.860000e+01
      vertex   3.820000e+01 -1.212436e+00 -1.860000e+01
    endloop
  endfacet
  facet normal -3.826834e-01 9.238795e-01 2.532623e-17
    outer loop
      vertex   3.820000e+01 -1.212436e+00 -1.050000e+01
      vertex   3.820000e+01 -1.212436e+00 -1.860000e+01
      vertex   3.786235e+01 -1.352296e+00 -1.050000e+01
    endloop
  endfacet
  facet normal -3.826834e-01 9.238795e-01 1.013049e-16
    outer loop
      vertex   3.786235e+01 -1.352296e+00 -1.050000e+01
      vertex   3.820000e+01 -1.212436e+00 -1.860000e+01
      vertex   3.786235e+01 -1.352296e+00 -1.860000e+01
    endloop
  endfacet
  facet normal -1.305262e-01 9.914449e-01 1.087136e-16
    outer loop
      vertex   3.786235e+01 -1.352296e+00 -1.050000e+01
      vertex   3.786235e+01 -1.352296e+00 -1.860000e+01
      vertex   3.750000e+01 -1.400000e+00 -1.050000e+01
    endloop
  endfacet
  facet normal -1.305262e-01 9.914449e-01 1.087136e-16
    outer loop
      vertex   3.750000e+01 -1.400000e+00 -1.050000e+01
      vertex   3.786235e+01 -1.352296e+00 -1.860000e+01
      vertex   3.750000e+01 -1.400000e+00 -1.860000e+01
    endloop
  endfacet
  facet normal 1.305262e-01 9.914449e-01 1.087136e-16
    outer loop
      vertex   3.750000e+01 -1.400000e+00 -1.050000e+01
      vertex   3.750000e+01 -1.400000e+00 -1.860000e+01
      vertex   3.713765e+01 -1.352296e+00 -1.050000e+01
    endloop
  endfacet
  facet normal 1.305262e-01 9.914449e-01 5.435679e-17
    outer loop
      vertex   3.713765e+01 -1.352296e+00 -1.050000e+01
      vertex   3.750000e+01 -1.400000e+00 -1.860000e+01
      vertex   3.713765e+01 -1.352296e+00 -1.860000e+01
    endloop
  endfacet
  facet normal 3.826834e-01 9.238795e-01 5.065246e-17
    outer loop
      vertex   3.713765e+01 -1.352296e+00 -1.050000e+01
      vertex   3.713765e+01 -1.352296e+00 -1.860000e+01
      vertex   3.680000e+01 -1.212436e+00 -1.050000e+01
    endloop
  endfacet
  facet normal 3.826834e-01 9.238795e-01 1.772836e-16
    outer loop
      vertex   3.680000e+01 -1.212436e+00 -1.050000e+01
      vertex   3.713765e+01 -1.352296e+00 -1.860000e+01
      vertex   3.680000e+01 -1.212436e+00 -1.860000e+01
    endloop
  endfacet
  facet normal 6.087614e-01 7.933533e-01 1.522369e-16
    outer loop
      vertex   3.680000e+01 -1.212436e+00 -1.050000e+01
      vertex   3.680000e+01 -1.212436e+00 -1.860000e+01
      vertex   3.651005e+01 -9.899495e-01 -1.050000e+01
    endloop
  endfacet
  facet normal 6.087614e-01 7.933533e-01 2.174813e-17
    outer loop
      vertex   3.651005e+01 -9.899495e-01 -1.050000e+01
      vertex   3.680000e+01 -1.212436e+00 -1.860000e+01
      vertex   3.651005e+01 -9.899495e-01 -1.860000e+01
    endloop
  endfacet
  facet normal 7.933533e-01 6.087614e-01 1.668792e-17
    outer loop
      vertex   3.651005e+01 -9.899495e-01 -1.050000e+01
      vertex   3.651005e+01 -9.899495e-01 -1.860000e+01
      vertex   3.628756e+01 -7.000000e-01 -1.050000e+01
    endloop
  endfacet
  facet normal 7.933533e-01 6.087614e-01 5.840774e-17
    outer loop
      vertex   3.628756e+01 -7.000000e-01 -1.050000e+01
      vertex   3.651005e+01 -9.899495e-01 -1.860000e+01
      vertex   3.628756e+01 -7.000000e-01 -1.860000e+01
    endloop
  endfacet
  facet normal 9.238795e-01 3.826834e-01 3.671664e-17
    outer loop
      vertex   3.628756e+01 -7.000000e-01 -1.050000e+01
      vertex   3.628756e+01 -7.000000e-01 -1.860000e+01
      vertex   3.614770e+01 -3.623467e-01 -1.050000e+01
    endloop
  endfacet
  facet normal 9.238795e-01 3.826834e-01 1.573570e-17
    outer loop
      vertex   3.614770e+01 -3.623467e-01 -1.050000e+01
      vertex   3.628756e+01 -7.000000e-01 -1.860000e+01
      vertex   3.614770e+01 -3.623467e-01 -1.860000e+01
    endloop
  endfacet
  facet normal 9.914449e-01 1.305262e-01 5.367155e-18
    outer loop
      vertex   3.614770e+01 -3.623467e-01 -1.050000e+01
      vertex   3.614770e+01 -3.623467e-01 -1.860000e+01
      vertex   3.610000e+01 9.257414e-16 -1.050000e+01
    endloop
  endfacet
  facet normal 9.914449e-01 1.305262e-01 1.196371e-17
    outer loop
      vertex   3.610000e+01 9.257414e-16 -1.050000e+01
      vertex   3.614770e+01 -3.623467e-01 -1.860000e+01
      vertex   3.610000e+01 1.668168e-15 -1.860000e+01
    endloop
  endfacet
  facet normal 9.914449e-01 -1.305262e-01 -1.196371e-17
    outer loop
      vertex   3.610000e+01 9.257414e-16 -1.050000e+01
      vertex   3.610000e+01 1.668168e-15 -1.860000e+01
      vertex   3.614770e+01 3.623467e-01 -1.050000e+01
    endloop
  endfacet
  facet normal 9.914449e-01 -1.305262e-01 -1.967957e-17
    outer loop
      vertex   3.614770e+01 3.623467e-01 -1.050000e+01
      vertex   3.610000e+01 1.668168e-15 -1.860000e+01
      vertex   3.614770e+01 3.623467e-01 -1.860000e+01
    endloop
  endfacet
  facet normal 9.238795e-01 -3.826834e-01 -5.769757e-17
    outer loop
      vertex   3.614770e+01 3.623467e-01 -1.050000e+01
      vertex   3.614770e+01 3.623467e-01 -1.860000e+01
      vertex   3.628756e+01 7.000000e-01 -1.050000e+01
    endloop
  endfacet
  facet normal 9.238795e-01 -3.826834e-01 -2.098094e-17
    outer loop
      vertex   3.628756e+01 7.000000e-01 -1.050000e+01
      vertex   3.614770e+01 3.623467e-01 -1.860000e+01
      vertex   3.628756e+01 7.000000e-01 -1.860000e+01
    endloop
  endfacet
  facet normal 7.933533e-01 -6.087614e-01 -3.337585e-17
    outer loop
      vertex   3.628756e+01 7.000000e-01 -1.050000e+01
      vertex   3.628756e+01 7.000000e-01 -1.860000e+01
      vertex   3.651005e+01 9.899495e-01 -1.050000e+01
    endloop
  endfacet
  facet normal 7.933533e-01 -6.087614e-01 -8.343962e-17
    outer loop
      vertex   3.651005e+01 9.899495e-01 -1.050000e+01
      vertex   3.628756e+01 7.000000e-01 -1.860000e+01
      vertex   3.651005e+01 9.899495e-01 -1.860000e+01
    endloop
  endfacet
  facet normal 6.087614e-01 -7.933533e-01 -1.087406e-16
    outer loop
      vertex   3.651005e+01 9.899495e-01 -1.050000e+01
      vertex   3.651005e+01 9.899495e-01 -1.860000e+01
      vertex   3.680000e+01 1.212436e+00 -1.050000e+01
    endloop
  endfacet
  facet normal 6.087614e-01 -7.933533e-01 -1.739850e-16
    outer loop
      vertex   3.680000e+01 1.212436e+00 -1.050000e+01
      vertex   3.651005e+01 9.899495e-01 -1.860000e+01
      vertex   3.680000e+01 1.212436e+00 -1.860000e+01
    endloop
  endfacet
  facet normal 3.826834e-01 -9.238795e-01 -2.026098e-16
    outer loop
      vertex   3.680000e+01 1.212436e+00 -1.050000e+01
      vertex   3.680000e+01 1.212436e+00 -1.860000e+01
      vertex   3.713765e+01 1.352296e+00 -1.050000e+01
    endloop
  endfacet
  facet normal 3.826834e-01 -9.238795e-01 -1.013049e-16
    outer loop
      vertex   3.713765e+01 1.352296e+00 -1.050000e+01
      vertex   3.680000e+01 1.212436e+00 -1.860000e+01
      vertex   3.713765e+01 1.352296e+00 -1.860000e+01
    endloop
  endfacet
  facet normal 1.305262e-01 -9.914449e-01 -1.087136e-16
    outer loop
      vertex   3.713765e+01 1.352296e+00 -1.050000e+01
      vertex   3.713765e+01 1.352296e+00 -1.860000e+01
      vertex   3.750000e+01 1.400000e+00 -1.050000e+01
    endloop
  endfacet
  facet normal 1.305262e-01 -9.914449e-01 -1.087136e-16
    outer loop
      vertex   3.750000e+01 1.400000e+00 -1.050000e+01
      vertex   3.713765e+01 1.352296e+00 -1.860000e+01
      vertex   3.750000e+01 1.400000e+00 -1.860000e+01
    endloop
  endfacet
  facet normal -1.305262e-01 -9.914449e-01 -1.087136e-16
    outer loop
      vertex   3.750000e+01 1.400000e+00 -1.050000e+01
      vertex   3.750000e+01 1.400000e+00 -1.860000e+01
      vertex   3.786235e+01 1.352296e+00 -1.050000e+01
    endloop
  endfacet
  facet normal -1.305262e-01 -9.914449e-01 -1.087136e-16
    outer loop
      vertex   3.786235e+01 1.352296e+00 -1.050000e+01
      vertex   3.750000e+01 1.400000e+00 -1.860000e+01
      vertex   3.786235e+01 1.352296e+00 -1.860000e+01
    endloop
  endfacet
  facet normal -3.826834e-01 -9.238795e-01 -1.013049e-16
    outer loop
      vertex   3.786235e+01 1.352296e+00 -1.050000e+01
      vertex   3.786235e+01 1.352296e+00 -1.860000e+01
      vertex   3.820000e+01 1.212436e+00 -1.050000e+01
    endloop
  endfacet
  facet normal -3.826834e-01 -9.238795e-01 2.532623e-17
    outer loop
      vertex   3.820000e+01 1.212436e+00 -1.050000e+01
      vertex   3.786235e+01 1.352296e+00 -1.860000e+01
      vertex   3.820000e+01 1.212436e+00 -1.860000e+01
    endloop
  endfacet
  facet normal -6.087614e-01 -7.933533e-01 2.174813e-17
    outer loop
      vertex   3.820000e+01 1.212436e+00 -1.050000e+01
      vertex   3.820000e+01 1.212436e+00 -1.860000e+01
      vertex   3.848995e+01 9.899495e-01 -1.050000e+01
    endloop
  endfacet
  facet normal -6.087614e-01 -7.933533e-01 -1.087406e-16
    outer loop
      vertex   3.848995e+01 9.899495e-01 -1.050000e+01
      vertex   3.820000e+01 1.212436e+00 -1.860000e+01
      vertex   3.848995e+01 9.899495e-01 -1.860000e+01
    endloop
  endfacet
  facet normal -7.933533e-01 -6.087614e-01 -8.343962e-17
    outer loop
      vertex   3.848995e+01 9.899495e-01 -1.050000e+01
      vertex   3.848995e+01 9.899495e-01 -1.860000e+01
      vertex   3.871244e+01 7.000000e-01 -1.050000e+01
    endloop
  endfacet
  facet normal -7.933533e-01 -6.087614e-01 -5.006377e-17
    outer loop
      vertex   3.871244e+01 7.000000e-01 -1.050000e+01
      vertex   3.848995e+01 9.899495e-01 -1.860000e+01
      vertex   3.871244e+01 7.000000e-01 -1.860000e+01
    endloop
  endfacet
  facet normal -9.238795e-01 -3.826834e-01 -3.147140e-17
    outer loop
      vertex   3.871244e+01 7.000000e-01 -1.050000e+01
      vertex   3.871244e+01 7.000000e-01 -1.860000e+01
      vertex   3.885230e+01 3.623467e-01 -1.050000e+01
    endloop
  endfacet
  facet normal -9.238795e-01 -3.826834e-01 -6.556543e-17
    outer loop
      vertex   3.885230e+01 3.623467e-01 -1.050000e+01
      vertex   3.871244e+01 7.000000e-01 -1.860000e+01
      vertex   3.885230e+01 3.623467e-01 -1.860000e+01
    endloop
  endfacet
  facet normal -6.994642e-01 8.493033e-02 7.096032e-01
    outer loop
      vertex   3.944188e+01 -5.094423e+01 -2.370000e+01
      vertex   4.146376e+01 -5.100282e+01 -2.170000e+01
      vertex   3.950000e+01 -5.046560e+01 -2.370000e+01
    endloop
  endfacet
  facet normal -7.082906e-01 3.561124e-02 7.050221e-01
    outer loop
      vertex   3.950000e+01 -5.046560e+01 -2.370000e+01
      vertex   4.146376e+01 -5.100282e+01 -2.170000e+01
      vertex   4.149766e+01 -5.032867e+01 -2.170000e+01
    endloop
  endfacet
  facet normal -7.021627e-01 -8.375162e-02 7.070737e-01
    outer loop
      vertex   3.950000e+01 -5.046560e+01 -2.370000e+01
      vertex   4.149766e+01 -5.032867e+01 -2.170000e+01
      vertex   4.141771e+01 -4.965842e+01 -2.170000e+01
    endloop
  endfacet
  facet normal -6.925671e-01 1.542801e-01 7.046620e-01
    outer loop
      vertex   4.146376e+01 -5.100282e+01 -2.170000e+01
      vertex   3.944188e+01 -5.094423e+01 -2.370000e+01
      vertex   4.131699e+01 -5.166167e+01 -2.170000e+01
    endloop
  endfacet
  facet normal -6.598910e-01 2.502637e-01 7.084574e-01
    outer loop
      vertex   4.131699e+01 -5.166167e+01 -2.170000e+01
      vertex   3.944188e+01 -5.094423e+01 -2.370000e+01
      vertex   3.927091e+01 -5.139505e+01 -2.370000e+01
    endloop
  endfacet
  facet normal -6.553621e-01 2.679643e-01 7.061839e-01
    outer loop
      vertex   4.131699e+01 -5.166167e+01 -2.170000e+01
      vertex   3.927091e+01 -5.139505e+01 -2.370000e+01
      vertex   4.106153e+01 -5.228646e+01 -2.170000e+01
    endloop
  endfacet
  facet normal -6.015162e-01 3.746855e-01 7.055416e-01
    outer loop
      vertex   4.106153e+01 -5.228646e+01 -2.170000e+01
      vertex   3.927091e+01 -5.139505e+01 -2.370000e+01
      vertex   4.070464e+01 -5.285940e+01 -2.170000e+01
    endloop
  endfacet
  facet normal -5.802257e-01 4.005009e-01 7.091806e-01
    outer loop
      vertex   4.070464e+01 -5.285940e+01 -2.170000e+01
      vertex   3.927091e+01 -5.139505e+01 -2.370000e+01
      vertex   3.899702e+01 -5.179185e+01 -2.370000e+01
    endloop
  endfacet
  facet normal -5.306697e-01 4.711348e-01 7.045719e-01
    outer loop
      vertex   4.070464e+01 -5.285940e+01 -2.170000e+01
      vertex   3.899702e+01 -5.179185e+01 -2.370000e+01
      vertex   4.025650e+01 -5.336417e+01 -2.170000e+01
    endloop
  endfacet
  facet normal -4.674834e-01 5.276796e-01 7.092345e-01
    outer loop
      vertex   4.025650e+01 -5.336417e+01 -2.170000e+01
      vertex   3.899702e+01 -5.179185e+01 -2.370000e+01
      vertex   3.863613e+01 -5.211157e+01 -2.370000e+01
    endloop
  endfacet
  facet normal -4.433242e-01 5.529483e-01 7.054869e-01
    outer loop
      vertex   4.025650e+01 -5.336417e+01 -2.170000e+01
      vertex   3.863613e+01 -5.211157e+01 -2.370000e+01
      vertex   3.972986e+01 -5.378640e+01 -2.170000e+01
    endloop
  endfacet
  facet normal -3.436625e-01 6.189495e-01 7.062560e-01
    outer loop
      vertex   3.972986e+01 -5.378640e+01 -2.170000e+01
      vertex   3.863613e+01 -5.211157e+01 -2.370000e+01
      vertex   3.913972e+01 -5.411407e+01 -2.170000e+01
    endloop
  endfacet
  facet normal -3.280215e-01 6.249928e-01 7.083684e-01
    outer loop
      vertex   3.913972e+01 -5.411407e+01 -2.170000e+01
      vertex   3.863613e+01 -5.211157e+01 -2.370000e+01
      vertex   3.820921e+01 -5.233563e+01 -2.370000e+01
    endloop
  endfacet
  facet normal -2.352140e-01 6.694033e-01 7.046797e-01
    outer loop
      vertex   3.913972e+01 -5.411407e+01 -2.170000e+01
      vertex   3.820921e+01 -5.233563e+01 -2.370000e+01
      vertex   3.850289e+01 -5.433784e+01 -2.170000e+01
    endloop
  endfacet
  facet normal -1.686176e-01 6.841086e-01 7.096221e-01
    outer loop
      vertex   3.850289e+01 -5.433784e+01 -2.170000e+01
      vertex   3.820921e+01 -5.233563e+01 -2.370000e+01
      vertex   3.774107e+01 -5.245102e+01 -2.370000e+01
    endloop
  endfacet
  facet normal -1.192547e-01 6.991240e-01 7.049851e-01
    outer loop
      vertex   3.850289e+01 -5.433784e+01 -2.170000e+01
      vertex   3.774107e+01 -5.245102e+01 -2.370000e+01
      vertex   3.783750e+01 -5.445134e+01 -2.170000e+01
    endloop
  endfacet
  facet normal 0.000000e+00 7.070505e-01 7.071631e-01
    outer loop
      vertex   3.783750e+01 -5.445134e+01 -2.170000e+01
      vertex   3.774107e+01 -5.245102e+01 -2.370000e+01
      vertex   3.725893e+01 -5.245102e+01 -2.370000e+01
    endloop
  endfacet
  facet normal 0.000000e+00 7.070505e-01 7.071631e-01
    outer loop
      vertex   3.783750e+01 -5.445134e+01 -2.170000e+01
      vertex   3.725893e+01 -5.245102e+01 -2.370000e+01
      vertex   3.716250e+01 -5.445134e+01 -2.170000e+01
    endloop
  endfacet
  facet normal 1.192547e-01 6.991240e-01 7.049851e-01
    outer loop
      vertex   3.716250e+01 -5.445134e+01 -2.170000e+01
      vertex   3.725893e+01 -5.245102e+01 -2.370000e+01
      vertex   3.649711e+01 -5.433784e+01 -2.170000e+01
    endloop
  endfacet
  facet normal 1.686176e-01 6.841086e-01 7.096221e-01
    outer loop
      vertex   3.649711e+01 -5.433784e+01 -2.170000e+01
      vertex   3.725893e+01 -5.245102e+01 -2.370000e+01
      vertex   3.679079e+01 -5.233563e+01 -2.370000e+01
    endloop
  endfacet
  facet normal 2.352140e-01 6.694033e-01 7.046797e-01
    outer loop
      vertex   3.649711e+01 -5.433784e+01 -2.170000e+01
      vertex   3.679079e+01 -5.233563e+01 -2.370000e+01
      vertex   3.586028e+01 -5.411407e+01 -2.170000e+01
    endloop
  endfacet
  facet normal 3.280215e-01 6.249928e-01 7.083684e-01
    outer loop
      vertex   3.586028e+01 -5.411407e+01 -2.170000e+01
      vertex   3.679079e+01 -5.233563e+01 -2.370000e+01
      vertex   3.636387e+01 -5.211157e+01 -2.370000e+01
    endloop
  endfacet
  facet normal 3.436625e-01 6.189495e-01 7.062560e-01
    outer loop
      vertex   3.586028e+01 -5.411407e+01 -2.170000e+01
      vertex   3.636387e+01 -5.211157e+01 -2.370000e+01
      vertex   3.527014e+01 -5.378640e+01 -2.170000e+01
    endloop
  endfacet
  facet normal 4.433242e-01 5.529483e-01 7.054869e-01
    outer loop
      vertex   3.527014e+01 -5.378640e+01 -2.170000e+01
      vertex   3.636387e+01 -5.211157e+01 -2.370000e+01
      vertex   3.474350e+01 -5.336417e+01 -2.170000e+01
    endloop
  endfacet
  facet normal 4.674834e-01 5.276796e-01 7.092345e-01
    outer loop
      vertex   3.474350e+01 -5.336417e+01 -2.170000e+01
      vertex   3.636387e+01 -5.211157e+01 -2.370000e+01
      vertex   3.600298e+01 -5.179185e+01 -2.370000e+01
    endloop
  endfacet
  facet normal 5.306697e-01 4.711348e-01 7.045719e-01
    outer loop
      vertex   3.474350e+01 -5.336417e+01 -2.170000e+01
      vertex   3.600298e+01 -5.179185e+01 -2.370000e+01
      vertex   3.429536e+01 -5.285940e+01 -2.170000e+01
    endloop
  endfacet
  facet normal 5.802257e-01 4.005009e-01 7.091806e-01
    outer loop
      vertex   3.429536e+01 -5.285940e+01 -2.170000e+01
      vertex   3.600298e+01 -5.179185e+01 -2.370000e+01
      vertex   3.572909e+01 -5.139505e+01 -2.370000e+01
    endloop
  endfacet
  facet normal 6.015162e-01 3.746855e-01 7.055416e-01
    outer loop
      vertex   3.429536e+01 -5.285940e+01 -2.170000e+01
      vertex   3.572909e+01 -5.139505e+01 -2.370000e+01
      vertex   3.393847e+01 -5.228646e+01 -2.170000e+01
    endloop
  endfacet
  facet normal 6.553621e-01 2.679643e-01 7.061839e-01
    outer loop
      vertex   3.393847e+01 -5.228646e+01 -2.170000e+01
      vertex   3.572909e+01 -5.139505e+01 -2.370000e+01
      vertex   3.368301e+01 -5.166167e+01 -2.170000e+01
    endloop
  endfacet
  facet normal 6.598910e-01 2.502637e-01 7.084574e-01
    outer loop
      vertex   3.368301e+01 -5.166167e+01 -2.170000e+01
      vertex   3.572909e+01 -5.139505e+01 -2.370000e+01
      vertex   3.555812e+01 -5.094423e+01 -2.370000e+01
    endloop
  endfacet
  facet normal 6.925671e-01 1.542801e-01 7.046620e-01
    outer loop
      vertex   3.368301e+01 -5.166167e+01 -2.170000e+01
      vertex   3.555812e+01 -5.094423e+01 -2.370000e+01
      vertex   3.353624e+01 -5.100282e+01 -2.170000e+01
    endloop
  endfacet
  facet normal 6.994642e-01 8.493033e-02 7.096032e-01
    outer loop
      vertex   3.353624e+01 -5.100282e+01 -2.170000e+01
      vertex   3.555812e+01 -5.094423e+01 -2.370000e+01
      vertex   3.550000e+01 -5.046560e+01 -2.370000e+01
    endloop
  endfacet
  facet normal 7.082906e-01 3.561124e-02 7.050221e-01
    outer loop
      vertex   3.353624e+01 -5.100282e+01 -2.170000e+01
      vertex   3.550000e+01 -5.046560e+01 -2.370000e+01
      vertex   3.350234e+01 -5.032867e+01 -2.170000e+01
    endloop
  endfacet
  facet normal 7.021627e-01 -8.375162e-02 7.070737e-01
    outer loop
      vertex   3.350234e+01 -5.032867e+01 -2.170000e+01
      vertex   3.550000e+01 -5.046560e+01 -2.370000e+01
      vertex   3.358229e+01 -4.965842e+01 -2.170000e+01
    endloop
  endfacet
  facet normal 7.017716e-01 -8.521050e-02 7.072876e-01
    outer loop
      vertex   3.358229e+01 -4.965842e+01 -2.170000e+01
      vertex   3.550000e+01 -5.046560e+01 -2.370000e+01
      vertex   3.555812e+01 -4.998697e+01 -2.370000e+01
    endloop
  endfacet
  facet normal 6.801129e-01 -2.012276e-01 7.049496e-01
    outer loop
      vertex   3.358229e+01 -4.965842e+01 -2.170000e+01
      vertex   3.555812e+01 -4.998697e+01 -2.370000e+01
      vertex   3.377380e+01 -4.901115e+01 -2.170000e+01
    endloop
  endfacet
  facet normal 6.587811e-01 -2.498427e-01 7.096380e-01
    outer loop
      vertex   3.377380e+01 -4.901115e+01 -2.170000e+01
      vertex   3.555812e+01 -4.998697e+01 -2.370000e+01
      vertex   3.572909e+01 -4.953615e+01 -2.370000e+01
    endloop
  endfacet
  facet normal 6.368164e-01 -3.128322e-01 7.046991e-01
    outer loop
      vertex   3.377380e+01 -4.901115e+01 -2.170000e+01
      vertex   3.572909e+01 -4.953615e+01 -2.370000e+01
      vertex   3.407142e+01 -4.840530e+01 -2.170000e+01
    endloop
  endfacet
  facet normal 5.809734e-01 -4.010170e-01 7.082763e-01
    outer loop
      vertex   3.407142e+01 -4.840530e+01 -2.170000e+01
      vertex   3.572909e+01 -4.953615e+01 -2.370000e+01
      vertex   3.600298e+01 -4.913936e+01 -2.370000e+01
    endloop
  endfacet
  facet normal 5.738311e-01 -4.145073e-01 7.063297e-01
    outer loop
      vertex   3.407142e+01 -4.840530e+01 -2.170000e+01
      vertex   3.600298e+01 -4.913936e+01 -2.370000e+01
      vertex   3.446667e+01 -4.785813e+01 -2.170000e+01
    endloop
  endfacet
  facet normal 4.965874e-01 -5.057313e-01 7.054338e-01
    outer loop
      vertex   3.446667e+01 -4.785813e+01 -2.170000e+01
      vertex   3.600298e+01 -4.913936e+01 -2.370000e+01
      vertex   3.494830e+01 -4.738520e+01 -2.170000e+01
    endloop
  endfacet
  facet normal 4.674495e-01 -5.276414e-01 7.092852e-01
    outer loop
      vertex   3.494830e+01 -4.738520e+01 -2.170000e+01
      vertex   3.600298e+01 -4.913936e+01 -2.370000e+01
      vertex   3.636387e+01 -4.881963e+01 -2.370000e+01
    endloop
  endfacet
  facet normal 4.049668e-01 -5.827332e-01 7.045735e-01
    outer loop
      vertex   3.494830e+01 -4.738520e+01 -2.170000e+01
      vertex   3.636387e+01 -4.881963e+01 -2.370000e+01
      vertex   3.550260e+01 -4.700000e+01 -2.170000e+01
    endloop
  endfacet
  facet normal 3.276690e-01 -6.243211e-01 7.091236e-01
    outer loop
      vertex   3.550260e+01 -4.700000e+01 -2.170000e+01
      vertex   3.636387e+01 -4.881963e+01 -2.370000e+01
      vertex   3.679079e+01 -4.859557e+01 -2.370000e+01
    endloop
  endfacet
  facet normal 3.103497e-01 -6.355559e-01 7.069313e-01
    outer loop
      vertex   3.550260e+01 -4.700000e+01 -2.170000e+01
      vertex   3.679079e+01 -4.859557e+01 -2.370000e+01
      vertex   3.598516e+01 -4.673860e+01 -2.167684e+01
    endloop
  endfacet
  facet normal 2.228785e-01 -6.723561e-01 7.058771e-01
    outer loop
      vertex   3.598516e+01 -4.673860e+01 -2.167684e+01
      vertex   3.679079e+01 -4.859557e+01 -2.370000e+01
      vertex   3.647621e+01 -4.651582e+01 -2.161969e+01
    endloop
  endfacet
  facet normal 1.686417e-01 -6.842061e-01 7.095224e-01
    outer loop
      vertex   3.647621e+01 -4.651582e+01 -2.161969e+01
      vertex   3.679079e+01 -4.859557e+01 -2.370000e+01
      vertex   3.725893e+01 -4.848018e+01 -2.370000e+01
    endloop
  endfacet
  facet normal 1.341617e-01 -6.948135e-01 7.065655e-01
    outer loop
      vertex   3.647621e+01 -4.651582e+01 -2.161969e+01
      vertex   3.725893e+01 -4.848018e+01 -2.370000e+01
      vertex   3.697686e+01 -4.635034e+01 -2.155202e+01
    endloop
  endfacet
  facet normal 6.677171e-02 -7.041152e-01 7.069394e-01
    outer loop
      vertex   3.697686e+01 -4.635034e+01 -2.155202e+01
      vertex   3.725893e+01 -4.848018e+01 -2.370000e+01
      vertex   3.723444e+01 -4.630118e+01 -2.152739e+01
    endloop
  endfacet
  facet normal 2.168219e-02 -7.057792e-01 7.081000e-01
    outer loop
      vertex   3.723444e+01 -4.630118e+01 -2.152739e+01
      vertex   3.725893e+01 -4.848018e+01 -2.370000e+01
      vertex   3.750000e+01 -4.628331e+01 -2.151771e+01
    endloop
  endfacet
  facet normal 0.000000e+00 -7.047483e-01 7.094575e-01
    outer loop
      vertex   3.750000e+01 -4.628331e+01 -2.151771e+01
      vertex   3.725893e+01 -4.848018e+01 -2.370000e+01
      vertex   3.774107e+01 -4.848018e+01 -2.370000e+01
    endloop
  endfacet
  facet normal -2.168219e-02 -7.057792e-01 7.081000e-01
    outer loop
      vertex   3.750000e+01 -4.628331e+01 -2.151771e+01
      vertex   3.774107e+01 -4.848018e+01 -2.370000e+01
      vertex   3.776556e+01 -4.630118e+01 -2.152739e+01
    endloop
  endfacet
  facet normal -6.677171e-02 -7.041152e-01 7.069394e-01
    outer loop
      vertex   3.776556e+01 -4.630118e+01 -2.152739e+01
      vertex   3.774107e+01 -4.848018e+01 -2.370000e+01
      vertex   3.802314e+01 -4.635034e+01 -2.155202e+01
    endloop
  endfacet
  facet normal -1.341617e-01 -6.948135e-01 7.065655e-01
    outer loop
      vertex   3.802314e+01 -4.635034e+01 -2.155202e+01
      vertex   3.774107e+01 -4.848018e+01 -2.370000e+01
      vertex   3.852379e+01 -4.651582e+01 -2.161969e+01
    endloop
  endfacet
  facet normal -1.686417e-01 -6.842061e-01 7.095224e-01
    outer loop
      vertex   3.852379e+01 -4.651582e+01 -2.161969e+01
      vertex   3.774107e+01 -4.848018e+01 -2.370000e+01
      vertex   3.820921e+01 -4.859557e+01 -2.370000e+01
    endloop
  endfacet
  facet normal -2.228785e-01 -6.723561e-01 7.058771e-01
    outer loop
      vertex   3.852379e+01 -4.651582e+01 -2.161969e+01
      vertex   3.820921e+01 -4.859557e+01 -2.370000e+01
      vertex   3.901484e+01 -4.673860e+01 -2.167684e+01
    endloop
  endfacet
  facet normal -3.103497e-01 -6.355559e-01 7.069313e-01
    outer loop
      vertex   3.901484e+01 -4.673860e+01 -2.167684e+01
      vertex   3.820921e+01 -4.859557e+01 -2.370000e+01
      vertex   3.949740e+01 -4.700000e+01 -2.170000e+01
    endloop
  endfacet
  facet normal -3.276690e-01 -6.243211e-01 7.091236e-01
    outer loop
      vertex   3.949740e+01 -4.700000e+01 -2.170000e+01
      vertex   3.820921e+01 -4.859557e+01 -2.370000e+01
      vertex   3.863613e+01 -4.881963e+01 -2.370000e+01
    endloop
  endfacet
  facet normal -4.049668e-01 -5.827332e-01 7.045735e-01
    outer loop
      vertex   3.949740e+01 -4.700000e+01 -2.170000e+01
      vertex   3.863613e+01 -4.881963e+01 -2.370000e+01
      vertex   4.005170e+01 -4.738520e+01 -2.170000e+01
    endloop
  endfacet
  facet normal -4.674495e-01 -5.276414e-01 7.092852e-01
    outer loop
      vertex   4.005170e+01 -4.738520e+01 -2.170000e+01
      vertex   3.863613e+01 -4.881963e+01 -2.370000e+01
      vertex   3.899702e+01 -4.913936e+01 -2.370000e+01
    endloop
  endfacet
  facet normal -4.965874e-01 -5.057313e-01 7.054338e-01
    outer loop
      vertex   4.005170e+01 -4.738520e+01 -2.170000e+01
      vertex   3.899702e+01 -4.913936e+01 -2.370000e+01
      vertex   4.053333e+01 -4.785813e+01 -2.170000e+01
    endloop
  endfacet
  facet normal -5.738311e-01 -4.145073e-01 7.063297e-01
    outer loop
      vertex   4.053333e+01 -4.785813e+01 -2.170000e+01
      vertex   3.899702e+01 -4.913936e+01 -2.370000e+01
      vertex   4.092858e+01 -4.840530e+01 -2.170000e+01
    endloop
  endfacet
  facet normal -5.809734e-01 -4.010170e-01 7.082763e-01
    outer loop
      vertex   4.092858e+01 -4.840530e+01 -2.170000e+01
      vertex   3.899702e+01 -4.913936e+01 -2.370000e+01
      vertex   3.927091e+01 -4.953615e+01 -2.370000e+01
    endloop
  endfacet
  facet normal -6.368164e-01 -3.128322e-01 7.046991e-01
    outer loop
      vertex   4.092858e+01 -4.840530e+01 -2.170000e+01
      vertex   3.927091e+01 -4.953615e+01 -2.370000e+01
      vertex   4.122620e+01 -4.901115e+01 -2.170000e+01
    endloop
  endfacet
  facet normal -6.587811e-01 -2.498427e-01 7.096380e-01
    outer loop
      vertex   4.122620e+01 -4.901115e+01 -2.170000e+01
      vertex   3.927091e+01 -4.953615e+01 -2.370000e+01
      vertex   3.944188e+01 -4.998697e+01 -2.370000e+01
    endloop
  endfacet
  facet normal -6.801129e-01 -2.012276e-01 7.049496e-01
    outer loop
      vertex   4.122620e+01 -4.901115e+01 -2.170000e+01
      vertex   3.944188e+01 -4.998697e+01 -2.370000e+01
      vertex   4.141771e+01 -4.965842e+01 -2.170000e+01
    endloop
  endfacet
  facet normal -7.017716e-01 -8.521050e-02 7.072876e-01
    outer loop
      vertex   4.141771e+01 -4.965842e+01 -2.170000e+01
      vertex   3.944188e+01 -4.998697e+01 -2.370000e+01
      vertex   3.950000e+01 -5.046560e+01 -2.370000e+01
    endloop
  endfacet
  facet normal -9.927089e-01 1.205367e-01 2.854882e-16
    outer loop
      vertex   3.944188e+01 -5.094423e+01 -2.670000e+01
      vertex   3.944188e+01 -5.094423e+01 -2.370000e+01
      vertex   3.950000e+01 -5.046560e+01 -2.670000e+01
    endloop
  endfacet
  facet normal -9.927089e-01 1.205367e-01 2.854882e-16
    outer loop
      vertex   3.950000e+01 -5.046560e+01 -2.670000e+01
      vertex   3.944188e+01 -5.094423e+01 -2.370000e+01
      vertex   3.950000e+01 -5.046560e+01 -2.370000e+01
    endloop
  endfacet
  facet normal -9.927089e-01 -1.205367e-01 -2.854882e-16
    outer loop
      vertex   3.950000e+01 -5.046560e+01 -2.670000e+01
      vertex   3.950000e+01 -5.046560e+01 -2.370000e+01
      vertex   3.944188e+01 -4.998697e+01 -2.670000e+01
    endloop
  endfacet
  facet normal -9.927089e-01 -1.205367e-01 0.000000e+00
    outer loop
      vertex   3.944188e+01 -4.998697e+01 -2.670000e+01
      vertex   3.950000e+01 -5.046560e+01 -2.370000e+01
      vertex   3.944188e+01 -4.998697e+01 -2.370000e+01
    endloop
  endfacet
  facet normal -9.350162e-01 -3.546049e-01 0.000000e+00
    outer loop
      vertex   3.944188e+01 -4.998697e+01 -2.670000e+01
      vertex   3.944188e+01 -4.998697e+01 -2.370000e+01
      vertex   3.927091e+01 -4.953615e+01 -2.670000e+01
    endloop
  endfacet
  facet normal -9.350162e-01 -3.546049e-01 0.000000e+00
    outer loop
      vertex   3.927091e+01 -4.953615e+01 -2.670000e+01
      vertex   3.944188e+01 -4.998697e+01 -2.370000e+01
      vertex   3.927091e+01 -4.953615e+01 -2.370000e+01
    endloop
  endfacet
  facet normal -8.229839e-01 -5.680647e-01 0.000000e+00
    outer loop
      vertex   3.927091e+01 -4.953615e+01 -2.670000e+01
      vertex   3.927091e+01 -4.953615e+01 -2.370000e+01
      vertex   3.899702e+01 -4.913936e+01 -2.670000e+01
    endloop
  endfacet
  facet normal -8.229839e-01 -5.680647e-01 -1.345448e-15
    outer loop
      vertex   3.899702e+01 -4.913936e+01 -2.670000e+01
      vertex   3.927091e+01 -4.953615e+01 -2.370000e+01
      vertex   3.899702e+01 -4.913936e+01 -2.370000e+01
    endloop
  endfacet
  facet normal -6.631227e-01 -7.485107e-01 -1.772830e-15
    outer loop
      vertex   3.899702e+01 -4.913936e+01 -2.670000e+01
      vertex   3.899702e+01 -4.913936e+01 -2.370000e+01
      vertex   3.863613e+01 -4.881963e+01 -2.670000e+01
    endloop
  endfacet
  facet normal -6.631227e-01 -7.485107e-01 -1.772830e-15
    outer loop
      vertex   3.863613e+01 -4.881963e+01 -2.670000e+01
      vertex   3.899702e+01 -4.913936e+01 -2.370000e+01
      vertex   3.863613e+01 -4.881963e+01 -2.370000e+01
    endloop
  endfacet
  facet normal -4.647232e-01 -8.854560e-01 -2.097181e-15
    outer loop
      vertex   3.863613e+01 -4.881963e+01 -2.670000e+01
      vertex   3.863613e+01 -4.881963e+01 -2.370000e+01
      vertex   3.820921e+01 -4.859557e+01 -2.670000e+01
    endloop
  endfacet
  facet normal -4.647232e-01 -8.854560e-01 -4.194362e-15
    outer loop
      vertex   3.820921e+01 -4.859557e+01 -2.670000e+01
      vertex   3.863613e+01 -4.881963e+01 -2.370000e+01
      vertex   3.820921e+01 -4.859557e+01 -2.370000e+01
    endloop
  endfacet
  facet normal -2.393157e-01 -9.709418e-01 -4.599304e-15
    outer loop
      vertex   3.820921e+01 -4.859557e+01 -2.670000e+01
      vertex   3.820921e+01 -4.859557e+01 -2.370000e+01
      vertex   3.774107e+01 -4.848018e+01 -2.670000e+01
    endloop
  endfacet
  facet normal -2.393157e-01 -9.709418e-01 -2.299652e-15
    outer loop
      vertex   3.774107e+01 -4.848018e+01 -2.670000e+01
      vertex   3.820921e+01 -4.859557e+01 -2.370000e+01
      vertex   3.774107e+01 -4.848018e+01 -2.370000e+01
    endloop
  endfacet
  facet normal -0.000000e+00 -1.000000e+00 -2.368476e-15
    outer loop
      vertex   3.774107e+01 -4.848018e+01 -2.670000e+01
      vertex   3.774107e+01 -4.848018e+01 -2.370000e+01
      vertex   3.725893e+01 -4.848018e+01 -2.670000e+01
    endloop
  endfacet
  facet normal 0.000000e+00 -1.000000e+00 -2.368476e-15
    outer loop
      vertex   3.725893e+01 -4.848018e+01 -2.670000e+01
      vertex   3.774107e+01 -4.848018e+01 -2.370000e+01
      vertex   3.725893e+01 -4.848018e+01 -2.370000e+01
    endloop
  endfacet
  facet normal 2.393157e-01 -9.709418e-01 -2.299652e-15
    outer loop
      vertex   3.725893e+01 -4.848018e+01 -2.670000e+01
      vertex   3.725893e+01 -4.848018e+01 -2.370000e+01
      vertex   3.679079e+01 -4.859557e+01 -2.670000e+01
    endloop
  endfacet
  facet normal 2.393157e-01 -9.709418e-01 -4.599304e-15
    outer loop
      vertex   3.679079e+01 -4.859557e+01 -2.670000e+01
      vertex   3.725893e+01 -4.848018e+01 -2.370000e+01
      vertex   3.679079e+01 -4.859557e+01 -2.370000e+01
    endloop
  endfacet
  facet normal 4.647232e-01 -8.854560e-01 -4.194362e-15
    outer loop
      vertex   3.679079e+01 -4.859557e+01 -2.670000e+01
      vertex   3.679079e+01 -4.859557e+01 -2.370000e+01
      vertex   3.636387e+01 -4.881963e+01 -2.670000e+01
    endloop
  endfacet
  facet normal 4.647232e-01 -8.854560e-01 -2.097181e-15
    outer loop
      vertex   3.636387e+01 -4.881963e+01 -2.670000e+01
      vertex   3.679079e+01 -4.859557e+01 -2.370000e+01
      vertex   3.636387e+01 -4.881963e+01 -2.370000e+01
    endloop
  endfacet
  facet normal 6.631227e-01 -7.485107e-01 -1.772830e-15
    outer loop
      vertex   3.636387e+01 -4.881963e+01 -2.670000e+01
      vertex   3.636387e+01 -4.881963e+01 -2.370000e+01
      vertex   3.600298e+01 -4.913936e+01 -2.670000e+01
    endloop
  endfacet
  facet normal 6.631227e-01 -7.485107e-01 -1.772830e-15
    outer loop
      vertex   3.600298e+01 -4.913936e+01 -2.670000e+01
      vertex   3.636387e+01 -4.881963e+01 -2.370000e+01
      vertex   3.600298e+01 -4.913936e+01 -2.370000e+01
    endloop
  endfacet
  facet normal 8.229839e-01 -5.680647e-01 -1.345448e-15
    outer loop
      vertex   3.600298e+01 -4.913936e+01 -2.670000e+01
      vertex   3.600298e+01 -4.913936e+01 -2.370000e+01
      vertex   3.572909e+01 -4.953615e+01 -2.670000e+01
    endloop
  endfacet
  facet normal 8.229839e-01 -5.680647e-01 -1.345448e-15
    outer loop
      vertex   3.572909e+01 -4.953615e+01 -2.670000e+01
      vertex   3.600298e+01 -4.913936e+01 -2.370000e+01
      vertex   3.572909e+01 -4.953615e+01 -2.370000e+01
    endloop
  endfacet
  facet normal 9.350162e-01 -3.546049e-01 -8.398731e-16
    outer loop
      vertex   3.572909e+01 -4.953615e+01 -2.670000e+01
      vertex   3.572909e+01 -4.953615e+01 -2.370000e+01
      vertex   3.555812e+01 -4.998697e+01 -2.670000e+01
    endloop
  endfacet
  facet normal 9.350162e-01 -3.546049e-01 -8.398731e-16
    outer loop
      vertex   3.555812e+01 -4.998697e+01 -2.670000e+01
      vertex   3.572909e+01 -4.953615e+01 -2.370000e+01
      vertex   3.555812e+01 -4.998697e+01 -2.370000e+01
    endloop
  endfacet
  facet normal 9.927089e-01 -1.205367e-01 -2.854882e-16
    outer loop
      vertex   3.555812e+01 -4.998697e+01 -2.670000e+01
      vertex   3.555812e+01 -4.998697e+01 -2.370000e+01
      vertex   3.550000e+01 -5.046560e+01 -2.670000e+01
    endloop
  endfacet
  facet normal 9.927089e-01 -1.205367e-01 -2.854882e-16
    outer loop
      vertex   3.550000e+01 -5.046560e+01 -2.670000e+01
      vertex   3.555812e+01 -4.998697e+01 -2.370000e+01
      vertex   3.550000e+01 -5.046560e+01 -2.370000e+01
    endloop
  endfacet
  facet normal 9.927089e-01 1.205367e-01 2.854882e-16
    outer loop
      vertex   3.550000e+01 -5.046560e+01 -2.670000e+01
      vertex   3.550000e+01 -5.046560e+01 -2.370000e+01
      vertex   3.555812e+01 -5.094423e+01 -2.670000e+01
    endloop
  endfacet
  facet normal 9.927089e-01 1.205367e-01 2.854882e-16
    outer loop
      vertex   3.555812e+01 -5.094423e+01 -2.670000e+01
      vertex   3.550000e+01 -5.046560e+01 -2.370000e+01
      vertex   3.555812e+01 -5.094423e+01 -2.370000e+01
    endloop
  endfacet
  facet normal 9.350162e-01 3.546049e-01 8.398731e-16
    outer loop
      vertex   3.555812e+01 -5.094423e+01 -2.670000e+01
      vertex   3.555812e+01 -5.094423e+01 -2.370000e+01
      vertex   3.572909e+01 -5.139505e+01 -2.670000e+01
    endloop
  endfacet
  facet normal 9.350162e-01 3.546049e-01 8.398731e-16
    outer loop
      vertex   3.572909e+01 -5.139505e+01 -2.670000e+01
      vertex   3.555812e+01 -5.094423e+01 -2.370000e+01
      vertex   3.572909e+01 -5.139505e+01 -2.370000e+01
    endloop
  endfacet
  facet normal 8.229839e-01 5.680647e-01 1.345448e-15
    outer loop
      vertex   3.572909e+01 -5.139505e+01 -2.670000e+01
      vertex   3.572909e+01 -5.139505e+01 -2.370000e+01
      vertex   3.600298e+01 -5.179185e+01 -2.670000e+01
    endloop
  endfacet
  facet normal 8.229839e-01 5.680647e-01 2.690895e-15
    outer loop
      vertex   3.600298e+01 -5.179185e+01 -2.670000e+01
      vertex   3.572909e+01 -5.139505e+01 -2.370000e+01
      vertex   3.600298e+01 -5.179185e+01 -2.370000e+01
    endloop
  endfacet
  facet normal 6.631227e-01 7.485107e-01 3.545659e-15
    outer loop
      vertex   3.600298e+01 -5.179185e+01 -2.670000e+01
      vertex   3.600298e+01 -5.179185e+01 -2.370000e+01
      vertex   3.636387e+01 -5.211157e+01 -2.670000e+01
    endloop
  endfacet
  facet normal 6.631227e-01 7.485107e-01 3.545659e-15
    outer loop
      vertex   3.636387e+01 -5.211157e+01 -2.670000e+01
      vertex   3.600298e+01 -5.179185e+01 -2.370000e+01
      vertex   3.636387e+01 -5.211157e+01 -2.370000e+01
    endloop
  endfacet
  facet normal 4.647232e-01 8.854560e-01 4.194362e-15
    outer loop
      vertex   3.636387e+01 -5.211157e+01 -2.670000e+01
      vertex   3.636387e+01 -5.211157e+01 -2.370000e+01
      vertex   3.679079e+01 -5.233563e+01 -2.670000e+01
    endloop
  endfacet
  facet normal 4.647232e-01 8.854560e-01 2.097181e-15
    outer loop
      vertex   3.679079e+01 -5.233563e+01 -2.670000e+01
      vertex   3.636387e+01 -5.211157e+01 -2.370000e+01
      vertex   3.679079e+01 -5.233563e+01 -2.370000e+01
    endloop
  endfacet
  facet normal 2.393157e-01 9.709418e-01 2.299652e-15
    outer loop
      vertex   3.679079e+01 -5.233563e+01 -2.670000e+01
      vertex   3.679079e+01 -5.233563e+01 -2.370000e+01
      vertex   3.725893e+01 -5.245102e+01 -2.670000e+01
    endloop
  endfacet
  facet normal 2.393157e-01 9.709418e-01 2.299652e-15
    outer loop
      vertex   3.725893e+01 -5.245102e+01 -2.670000e+01
      vertex   3.679079e+01 -5.233563e+01 -2.370000e+01
      vertex   3.725893e+01 -5.245102e+01 -2.370000e+01
    endloop
  endfacet
  facet normal -0.000000e+00 1.000000e+00 2.368476e-15
    outer loop
      vertex   3.725893e+01 -5.245102e+01 -2.670000e+01
      vertex   3.725893e+01 -5.245102e+01 -2.370000e+01
      vertex   3.774107e+01 -5.245102e+01 -2.670000e+01
    endloop
  endfacet
  facet normal 0.000000e+00 1.000000e+00 2.368476e-15
    outer loop
      vertex   3.774107e+01 -5.245102e+01 -2.670000e+01
      vertex   3.725893e+01 -5.245102e+01 -2.370000e+01
      vertex   3.774107e+01 -5.245102e+01 -2.370000e+01
    endloop
  endfacet
  facet normal -2.393157e-01 9.709418e-01 2.299652e-15
    outer loop
      vertex   3.774107e+01 -5.245102e+01 -2.670000e+01
      vertex   3.774107e+01 -5.245102e+01 -2.370000e+01
      vertex   3.820921e+01 -5.233563e+01 -2.670000e+01
    endloop
  endfacet
  facet normal -2.393157e-01 9.709418e-01 0.000000e+00
    outer loop
      vertex   3.820921e+01 -5.233563e+01 -2.670000e+01
      vertex   3.774107e+01 -5.245102e+01 -2.370000e+01
      vertex   3.820921e+01 -5.233563e+01 -2.370000e+01
    endloop
  endfacet
  facet normal -4.647232e-01 8.854560e-01 0.000000e+00
    outer loop
      vertex   3.820921e+01 -5.233563e+01 -2.670000e+01
      vertex   3.820921e+01 -5.233563e+01 -2.370000e+01
      vertex   3.863613e+01 -5.211157e+01 -2.670000e+01
    endloop
  endfacet
  facet normal -4.647232e-01 8.854560e-01 4.194362e-15
    outer loop
      vertex   3.863613e+01 -5.211157e+01 -2.670000e+01
      vertex   3.820921e+01 -5.233563e+01 -2.370000e+01
      vertex   3.863613e+01 -5.211157e+01 -2.370000e+01
    endloop
  endfacet
  facet normal -6.631227e-01 7.485107e-01 3.545659e-15
    outer loop
      vertex   3.863613e+01 -5.211157e+01 -2.670000e+01
      vertex   3.863613e+01 -5.211157e+01 -2.370000e+01
      vertex   3.899702e+01 -5.179185e+01 -2.670000e+01
    endloop
  endfacet
  facet normal -6.631227e-01 7.485107e-01 3.545659e-15
    outer loop
      vertex   3.899702e+01 -5.179185e+01 -2.670000e+01
      vertex   3.863613e+01 -5.211157e+01 -2.370000e+01
      vertex   3.899702e+01 -5.179185e+01 -2.370000e+01
    endloop
  endfacet
  facet normal -8.229839e-01 5.680647e-01 2.690895e-15
    outer loop
      vertex   3.899702e+01 -5.179185e+01 -2.670000e+01
      vertex   3.899702e+01 -5.179185e+01 -2.370000e+01
      vertex   3.927091e+01 -5.139505e+01 -2.670000e+01
    endloop
  endfacet
  facet normal -8.229839e-01 5.680647e-01 0.000000e+00
    outer loop
      vertex   3.927091e+01 -5.139505e+01 -2.670000e+01
      vertex   3.899702e+01 -5.179185e+01 -2.370000e+01
      vertex   3.927091e+01 -5.139505e+01 -2.370000e+01
    endloop
  endfacet
  facet normal -9.350162e-01 3.546049e-01 0.000000e+00
    outer loop
      vertex   3.927091e+01 -5.139505e+01 -2.670000e+01
      vertex   3.927091e+01 -5.139505e+01 -2.370000e+01
      vertex   3.944188e+01 -5.094423e+01 -2.670000e+01
    endloop
  endfacet
  facet normal -9.350162e-01 3.546049e-01 8.398731e-16
    outer loop
      vertex   3.944188e+01 -5.094423e+01 -2.670000e+01
      vertex   3.927091e+01 -5.139505e+01 -2.370000e+01
      vertex   3.944188e+01 -5.094423e+01 -2.370000e+01
    endloop
  endfacet
  facet normal -6.456429e-16 9.290578e-16 1.000000e+00
    outer loop
      vertex   3.550260e+01 -4.700000e+01 -2.170000e+01
      vertex   3.000000e+01 -4.700000e+01 -2.170000e+01
      vertex   3.494830e+01 -4.738520e+01 -2.170000e+01
    endloop
  endfacet
  facet normal -1.233885e-16 7.637889e-15 1.000000e+00
    outer loop
      vertex   3.494830e+01 -4.738520e+01 -2.170000e+01
      vertex   3.000000e+01 -4.700000e+01 -2.170000e+01
      vertex   3.446667e+01 -4.785813e+01 -2.170000e+01
    endloop
  endfacet
  facet normal 7.938430e-16 1.241220e-14 1.000000e+00
    outer loop
      vertex   3.446667e+01 -4.785813e+01 -2.170000e+01
      vertex   3.000000e+01 -4.700000e+01 -2.170000e+01
      vertex   3.407142e+01 -4.840530e+01 -2.170000e+01
    endloop
  endfacet
  facet normal -1.253753e-15 6.479947e-15 1.000000e+00
    outer loop
      vertex   3.407142e+01 -4.840530e+01 -2.170000e+01
      vertex   3.000000e+01 -4.700000e+01 -2.170000e+01
      vertex   3.377380e+01 -4.901115e+01 -2.170000e+01
    endloop
  endfacet
  facet normal -1.539247e-15 5.944236e-15 1.000000e+00
    outer loop
      vertex   3.377380e+01 -4.901115e+01 -2.170000e+01
      vertex   3.000000e+01 -4.700000e+01 -2.170000e+01
      vertex   3.358229e+01 -4.965842e+01 -2.170000e+01
    endloop
  endfacet
  facet normal 1.760793e-15 1.039113e-14 1.000000e+00
    outer loop
      vertex   3.358229e+01 -4.965842e+01 -2.170000e+01
      vertex   3.000000e+01 -4.700000e+01 -2.170000e+01
      vertex   3.350234e+01 -5.032867e+01 -2.170000e+01
    endloop
  endfacet
  facet normal 1.997574e-15 1.064027e-14 1.000000e+00
    outer loop
      vertex   3.350234e+01 -5.032867e+01 -2.170000e+01
      vertex   3.000000e+01 -4.700000e+01 -2.170000e+01
      vertex   3.353624e+01 -5.100282e+01 -2.170000e+01
    endloop
  endfacet
  facet normal -1.112048e-16 8.777293e-15 1.000000e+00
    outer loop
      vertex   3.353624e+01 -5.100282e+01 -2.170000e+01
      vertex   3.000000e+01 -4.700000e+01 -2.170000e+01
      vertex   3.000000e+01 -5.550000e+01 -2.170000e+01
    endloop
  endfacet
  facet normal 3.267868e-15 6.120250e-15 1.000000e+00
    outer loop
      vertex   3.353624e+01 -5.100282e+01 -2.170000e+01
      vertex   3.000000e+01 -5.550000e+01 -2.170000e+01
      vertex   3.368301e+01 -5.166167e+01 -2.170000e+01
    endloop
  endfacet
  facet normal -5.702102e-15 1.472724e-14 1.000000e+00
    outer loop
      vertex   3.368301e+01 -5.166167e+01 -2.170000e+01
      vertex   3.000000e+01 -5.550000e+01 -2.170000e+01
      vertex   3.393847e+01 -5.228646e+01 -2.170000e+01
    endloop
  endfacet
  facet normal 8.320116e-16 6.719113e-15 1.000000e+00
    outer loop
      vertex   3.393847e+01 -5.228646e+01 -2.170000e+01
      vertex   3.000000e+01 -5.550000e+01 -2.170000e+01
      vertex   3.429536e+01 -5.285940e+01 -2.170000e+01
    endloop
  endfacet
  facet normal 4.113236e-16 7.403429e-15 1.000000e+00
    outer loop
      vertex   3.429536e+01 -5.285940e+01 -2.170000e+01
      vertex   3.000000e+01 -5.550000e+01 -2.170000e+01
      vertex   3.474350e+01 -5.336417e+01 -2.170000e+01
    endloop
  endfacet
  facet normal 2.398061e-15 2.991047e-15 1.000000e+00
    outer loop
      vertex   3.474350e+01 -5.336417e+01 -2.170000e+01
      vertex   3.000000e+01 -5.550000e+01 -2.170000e+01
      vertex   3.527014e+01 -5.378640e+01 -2.170000e+01
    endloop
  endfacet
  facet normal -9.766647e-17 1.066661e-14 1.000000e+00
    outer loop
      vertex   3.527014e+01 -5.378640e+01 -2.170000e+01
      vertex   3.000000e+01 -5.550000e+01 -2.170000e+01
      vertex   3.586028e+01 -5.411407e+01 -2.170000e+01
    endloop
  endfacet
  facet normal -7.948548e-16 1.361460e-14 1.000000e+00
    outer loop
      vertex   3.586028e+01 -5.411407e+01 -2.170000e+01
      vertex   3.000000e+01 -5.550000e+01 -2.170000e+01
      vertex   3.649711e+01 -5.433784e+01 -2.170000e+01
    endloop
  endfacet
  facet normal 8.007481e-16 4.694341e-15 1.000000e+00
    outer loop
      vertex   3.649711e+01 -5.433784e+01 -2.170000e+01
      vertex   3.000000e+01 -5.550000e+01 -2.170000e+01
      vertex   3.716250e+01 -5.445134e+01 -2.170000e+01
    endloop
  endfacet
  facet normal -0.000000e+00 1.016355e-14 1.000000e+00
    outer loop
      vertex   3.716250e+01 -5.445134e+01 -2.170000e+01
      vertex   3.000000e+01 -5.550000e+01 -2.170000e+01
      vertex   3.783750e+01 -5.445134e+01 -2.170000e+01
    endloop
  endfacet
  facet normal 0.000000e+00 1.016355e-14 1.000000e+00
    outer loop
      vertex   3.783750e+01 -5.445134e+01 -2.170000e+01
      vertex   3.000000e+01 -5.550000e+01 -2.170000e+01
      vertex   4.500000e+01 -5.550000e+01 -2.170000e+01
    endloop
  endfacet
  facet normal -8.007481e-16 4.694341e-15 1.000000e+00
    outer loop
      vertex   3.783750e+01 -5.445134e+01 -2.170000e+01
      vertex   4.500000e+01 -5.550000e+01 -2.170000e+01
      vertex   3.850289e+01 -5.433784e+01 -2.170000e+01
    endloop
  endfacet
  facet normal 7.948548e-16 1.361460e-14 1.000000e+00
    outer loop
      vertex   3.850289e+01 -5.433784e+01 -2.170000e+01
      vertex   4.500000e+01 -5.550000e+01 -2.170000e+01
      vertex   3.913972e+01 -5.411407e+01 -2.170000e+01
    endloop
  endfacet
  facet normal 9.766647e-17 1.066661e-14 1.000000e+00
    outer loop
      vertex   3.913972e+01 -5.411407e+01 -2.170000e+01
      vertex   4.500000e+01 -5.550000e+01 -2.170000e+01
      vertex   3.972986e+01 -5.378640e+01 -2.170000e+01
    endloop
  endfacet
  facet normal -2.398061e-15 2.991047e-15 1.000000e+00
    outer loop
      vertex   3.972986e+01 -5.378640e+01 -2.170000e+01
      vertex   4.500000e+01 -5.550000e+01 -2.170000e+01
      vertex   4.025650e+01 -5.336417e+01 -2.170000e+01
    endloop
  endfacet
  facet normal -4.113236e-16 7.403429e-15 1.000000e+00
    outer loop
      vertex   4.025650e+01 -5.336417e+01 -2.170000e+01
      vertex   4.500000e+01 -5.550000e+01 -2.170000e+01
      vertex   4.070464e+01 -5.285940e+01 -2.170000e+01
    endloop
  endfacet
  facet normal -8.320116e-16 6.719113e-15 1.000000e+00
    outer loop
      vertex   4.070464e+01 -5.285940e+01 -2.170000e+01
      vertex   4.500000e+01 -5.550000e+01 -2.170000e+01
      vertex   4.106153e+01 -5.228646e+01 -2.170000e+01
    endloop
  endfacet
  facet normal 5.702102e-15 1.472724e-14 1.000000e+00
    outer loop
      vertex   4.106153e+01 -5.228646e+01 -2.170000e+01
      vertex   4.500000e+01 -5.550000e+01 -2.170000e+01
      vertex   4.131699e+01 -5.166167e+01 -2.170000e+01
    endloop
  endfacet
  facet normal -3.267868e-15 6.120250e-15 1.000000e+00
    outer loop
      vertex   4.131699e+01 -5.166167e+01 -2.170000e+01
      vertex   4.500000e+01 -5.550000e+01 -2.170000e+01
      vertex   4.146376e+01 -5.100282e+01 -2.170000e+01
    endloop
  endfacet
  facet normal 1.112048e-16 8.777293e-15 1.000000e+00
    outer loop
      vertex   4.146376e+01 -5.100282e+01 -2.170000e+01
      vertex   4.500000e+01 -5.550000e+01 -2.170000e+01
      vertex   4.500000e+01 -4.700000e+01 -2.170000e+01
    endloop
  endfacet
  facet normal -1.997574e-15 1.064027e-14 1.000000e+00
    outer loop
      vertex   4.146376e+01 -5.100282e+01 -2.170000e+01
      vertex   4.500000e+01 -4.700000e+01 -2.170000e+01
      vertex   4.149766e+01 -5.032867e+01 -2.170000e+01
    endloop
  endfacet
  facet normal -1.760793e-15 1.039113e-14 1.000000e+00
    outer loop
      vertex   4.149766e+01 -5.032867e+01 -2.170000e+01
      vertex   4.500000e+01 -4.700000e+01 -2.170000e+01
      vertex   4.141771e+01 -4.965842e+01 -2.170000e+01
    endloop
  endfacet
  facet normal 1.539247e-15 5.944236e-15 1.000000e+00
    outer loop
      vertex   4.141771e+01 -4.965842e+01 -2.170000e+01
      vertex   4.500000e+01 -4.700000e+01 -2.170000e+01
      vertex   4.122620e+01 -4.901115e+01 -2.170000e+01
    endloop
  endfacet
  facet normal 1.253753e-15 6.479947e-15 1.000000e+00
    outer loop
      vertex   4.122620e+01 -4.901115e+01 -2.170000e+01
      vertex   4.500000e+01 -4.700000e+01 -2.170000e+01
      vertex   4.092858e+01 -4.840530e+01 -2.170000e+01
    endloop
  endfacet
  facet normal -7.938430e-16 1.241220e-14 1.000000e+00
    outer loop
      vertex   4.092858e+01 -4.840530e+01 -2.170000e+01
      vertex   4.500000e+01 -4.700000e+01 -2.170000e+01
      vertex   4.053333e+01 -4.785813e+01 -2.170000e+01
    endloop
  endfacet
  facet normal 1.233885e-16 7.637889e-15 1.000000e+00
    outer loop
      vertex   4.053333e+01 -4.785813e+01 -2.170000e+01
      vertex   4.500000e+01 -4.700000e+01 -2.170000e+01
      vertex   4.005170e+01 -4.738520e+01 -2.170000e+01
    endloop
  endfacet
  facet normal 6.456429e-16 9.290578e-16 1.000000e+00
    outer loop
      vertex   4.005170e+01 -4.738520e+01 -2.170000e+01
      vertex   4.500000e+01 -4.700000e+01 -2.170000e+01
      vertex   3.949740e+01 -4.700000e+01 -2.170000e+01
    endloop
  endfacet
  facet normal -7.012727e-01 8.514992e-02 7.077896e-01
    outer loop
      vertex   3.944188e+01 2.453912e+01 -2.370000e+01
      vertex   4.142493e+01 2.424646e+01 -2.170000e+01
      vertex   3.950000e+01 2.501775e+01 -2.370000e+01
    endloop
  endfacet
  facet normal -7.031898e-01 7.766386e-02 7.067478e-01
    outer loop
      vertex   3.950000e+01 2.501775e+01 -2.370000e+01
      vertex   4.142493e+01 2.424646e+01 -2.170000e+01
      vertex   4.149865e+01 2.491393e+01 -2.170000e+01
    endloop
  endfacet
  facet normal -7.078132e-01 -4.115629e-02 7.051997e-01
    outer loop
      vertex   3.950000e+01 2.501775e+01 -2.370000e+01
      vertex   4.149865e+01 2.491393e+01 -2.170000e+01
      vertex   4.145967e+01 2.558432e+01 -2.170000e+01
    endloop
  endfacet
  facet normal -6.821207e-01 1.947287e-01 7.048348e-01
    outer loop
      vertex   4.142493e+01 2.424646e+01 -2.170000e+01
      vertex   3.944188e+01 2.453912e+01 -2.370000e+01
      vertex   4.124059e+01 2.360073e+01 -2.170000e+01
    endloop
  endfacet
  facet normal -6.587505e-01 2.498311e-01 7.096705e-01
    outer loop
      vertex   4.124059e+01 2.360073e+01 -2.170000e+01
      vertex   3.944188e+01 2.453912e+01 -2.370000e+01
      vertex   3.927091e+01 2.408831e+01 -2.370000e+01
    endloop
  endfacet
  facet normal -6.399234e-01 3.060919e-01 7.048446e-01
    outer loop
      vertex   4.124059e+01 2.360073e+01 -2.170000e+01
      vertex   3.927091e+01 2.408831e+01 -2.370000e+01
      vertex   4.095083e+01 2.299494e+01 -2.170000e+01
    endloop
  endfacet
  facet normal -5.814069e-01 4.013162e-01 7.077509e-01
    outer loop
      vertex   4.095083e+01 2.299494e+01 -2.170000e+01
      vertex   3.927091e+01 2.408831e+01 -2.370000e+01
      vertex   3.899702e+01 2.369151e+01 -2.370000e+01
    endloop
  endfacet
  facet normal -5.781263e-01 4.077211e-01 7.067768e-01
    outer loop
      vertex   4.095083e+01 2.299494e+01 -2.170000e+01
      vertex   3.899702e+01 2.369151e+01 -2.370000e+01
      vertex   4.056380e+01 2.244616e+01 -2.170000e+01
    endloop
  endfacet
  facet normal -5.028978e-01 4.998088e-01 7.051844e-01
    outer loop
      vertex   4.056380e+01 2.244616e+01 -2.170000e+01
      vertex   3.899702e+01 2.369151e+01 -2.370000e+01
      vertex   4.009043e+01 2.196985e+01 -2.170000e+01
    endloop
  endfacet
  facet normal -4.672909e-01 5.274623e-01 7.095229e-01
    outer loop
      vertex   4.009043e+01 2.196985e+01 -2.170000e+01
      vertex   3.899702e+01 2.369151e+01 -2.370000e+01
      vertex   3.863613e+01 2.337179e+01 -2.370000e+01
    endloop
  endfacet
  facet normal -4.125098e-01 5.773309e-01 7.046451e-01
    outer loop
      vertex   4.009043e+01 2.196985e+01 -2.170000e+01
      vertex   3.863613e+01 2.337179e+01 -2.370000e+01
      vertex   3.954404e+01 2.157945e+01 -2.170000e+01
    endloop
  endfacet
  facet normal -3.278738e-01 6.247114e-01 7.086850e-01
    outer loop
      vertex   3.954404e+01 2.157945e+01 -2.170000e+01
      vertex   3.863613e+01 2.337179e+01 -2.370000e+01
      vertex   3.820921e+01 2.314772e+01 -2.370000e+01
    endloop
  endfacet
  facet normal -3.188491e-01 6.307835e-01 7.074231e-01
    outer loop
      vertex   3.954404e+01 2.157945e+01 -2.170000e+01
      vertex   3.820921e+01 2.314772e+01 -2.370000e+01
      vertex   3.906206e+01 2.132349e+01 -2.168900e+01
    endloop
  endfacet
  facet normal -2.318819e-01 6.695160e-01 7.056763e-01
    outer loop
      vertex   3.906206e+01 2.132349e+01 -2.168900e+01
      vertex   3.820921e+01 2.314772e+01 -2.370000e+01
      vertex   3.856053e+01 2.112505e+01 -2.166553e+01
    endloop
  endfacet
  facet normal -1.686610e-01 6.842847e-01 7.094420e-01
    outer loop
      vertex   3.856053e+01 2.112505e+01 -2.166553e+01
      vertex   3.820921e+01 2.314772e+01 -2.370000e+01
      vertex   3.774107e+01 2.303234e+01 -2.370000e+01
    endloop
  endfacet
  facet normal -1.406017e-01 6.934085e-01 7.066935e-01
    outer loop
      vertex   3.856053e+01 2.112505e+01 -2.166553e+01
      vertex   3.774107e+01 2.303234e+01 -2.370000e+01
      vertex   3.803971e+01 2.099678e+01 -2.164329e+01
    endloop
  endfacet
  facet normal -4.678778e-02 7.065685e-01 7.060962e-01
    outer loop
      vertex   3.803971e+01 2.099678e+01 -2.164329e+01
      vertex   3.774107e+01 2.303234e+01 -2.370000e+01
      vertex   3.750000e+01 2.095124e+01 -2.163349e+01
    endloop
  endfacet
  facet normal 0.000000e+00 7.046164e-01 7.095885e-01
    outer loop
      vertex   3.750000e+01 2.095124e+01 -2.163349e+01
      vertex   3.774107e+01 2.303234e+01 -2.370000e+01
      vertex   3.725893e+01 2.303234e+01 -2.370000e+01
    endloop
  endfacet
  facet normal 4.678778e-02 7.065685e-01 7.060962e-01
    outer loop
      vertex   3.750000e+01 2.095124e+01 -2.163349e+01
      vertex   3.725893e+01 2.303234e+01 -2.370000e+01
      vertex   3.696029e+01 2.099678e+01 -2.164329e+01
    endloop
  endfacet
  facet normal 1.406017e-01 6.934085e-01 7.066935e-01
    outer loop
      vertex   3.696029e+01 2.099678e+01 -2.164329e+01
      vertex   3.725893e+01 2.303234e+01 -2.370000e+01
      vertex   3.643947e+01 2.112505e+01 -2.166553e+01
    endloop
  endfacet
  facet normal 1.686610e-01 6.842847e-01 7.094420e-01
    outer loop
      vertex   3.643947e+01 2.112505e+01 -2.166553e+01
      vertex   3.725893e+01 2.303234e+01 -2.370000e+01
      vertex   3.679079e+01 2.314772e+01 -2.370000e+01
    endloop
  endfacet
  facet normal 2.318819e-01 6.695160e-01 7.056763e-01
    outer loop
      vertex   3.643947e+01 2.112505e+01 -2.166553e+01
      vertex   3.679079e+01 2.314772e+01 -2.370000e+01
      vertex   3.593794e+01 2.132349e+01 -2.168900e+01
    endloop
  endfacet
  facet normal 3.188491e-01 6.307835e-01 7.074231e-01
    outer loop
      vertex   3.593794e+01 2.132349e+01 -2.168900e+01
      vertex   3.679079e+01 2.314772e+01 -2.370000e+01
      vertex   3.545596e+01 2.157945e+01 -2.170000e+01
    endloop
  endfacet
  facet normal 3.278738e-01 6.247114e-01 7.086850e-01
    outer loop
      vertex   3.545596e+01 2.157945e+01 -2.170000e+01
      vertex   3.679079e+01 2.314772e+01 -2.370000e+01
      vertex   3.636387e+01 2.337179e+01 -2.370000e+01
    endloop
  endfacet
  facet normal 4.125098e-01 5.773309e-01 7.046451e-01
    outer loop
      vertex   3.545596e+01 2.157945e+01 -2.170000e+01
      vertex   3.636387e+01 2.337179e+01 -2.370000e+01
      vertex   3.490957e+01 2.196985e+01 -2.170000e+01
    endloop
  endfacet
  facet normal 4.672909e-01 5.274623e-01 7.095229e-01
    outer loop
      vertex   3.490957e+01 2.196985e+01 -2.170000e+01
      vertex   3.636387e+01 2.337179e+01 -2.370000e+01
      vertex   3.600298e+01 2.369151e+01 -2.370000e+01
    endloop
  endfacet
  facet normal 5.028978e-01 4.998088e-01 7.051844e-01
    outer loop
      vertex   3.490957e+01 2.196985e+01 -2.170000e+01
      vertex   3.600298e+01 2.369151e+01 -2.370000e+01
      vertex   3.443620e+01 2.244616e+01 -2.170000e+01
    endloop
  endfacet
  facet normal 5.781263e-01 4.077211e-01 7.067768e-01
    outer loop
      vertex   3.443620e+01 2.244616e+01 -2.170000e+01
      vertex   3.600298e+01 2.369151e+01 -2.370000e+01
      vertex   3.404917e+01 2.299494e+01 -2.170000e+01
    endloop
  endfacet
  facet normal 5.814069e-01 4.013162e-01 7.077509e-01
    outer loop
      vertex   3.404917e+01 2.299494e+01 -2.170000e+01
      vertex   3.600298e+01 2.369151e+01 -2.370000e+01
      vertex   3.572909e+01 2.408831e+01 -2.370000e+01
    endloop
  endfacet
  facet normal 6.399234e-01 3.060919e-01 7.048446e-01
    outer loop
      vertex   3.404917e+01 2.299494e+01 -2.170000e+01
      vertex   3.572909e+01 2.408831e+01 -2.370000e+01
      vertex   3.375941e+01 2.360073e+01 -2.170000e+01
    endloop
  endfacet
  facet normal 6.587505e-01 2.498311e-01 7.096705e-01
    outer loop
      vertex   3.375941e+01 2.360073e+01 -2.170000e+01
      vertex   3.572909e+01 2.408831e+01 -2.370000e+01
      vertex   3.555812e+01 2.453912e+01 -2.370000e+01
    endloop
  endfacet
  facet normal 6.821207e-01 1.947287e-01 7.048348e-01
    outer loop
      vertex   3.375941e+01 2.360073e+01 -2.170000e+01
      vertex   3.555812e+01 2.453912e+01 -2.370000e+01
      vertex   3.357507e+01 2.424646e+01 -2.170000e+01
    endloop
  endfacet
  facet normal 7.012727e-01 8.514992e-02 7.077896e-01
    outer loop
      vertex   3.357507e+01 2.424646e+01 -2.170000e+01
      vertex   3.555812e+01 2.453912e+01 -2.370000e+01
      vertex   3.550000e+01 2.501775e+01 -2.370000e+01
    endloop
  endfacet
  facet normal 7.031898e-01 7.766386e-02 7.067478e-01
    outer loop
      vertex   3.357507e+01 2.424646e+01 -2.170000e+01
      vertex   3.550000e+01 2.501775e+01 -2.370000e+01
      vertex   3.350135e+01 2.491393e+01 -2.170000e+01
    endloop
  endfacet
  facet normal 7.078132e-01 -4.115629e-02 7.051997e-01
    outer loop
      vertex   3.350135e+01 2.491393e+01 -2.170000e+01
      vertex   3.550000e+01 2.501775e+01 -2.370000e+01
      vertex   3.354033e+01 2.558432e+01 -2.170000e+01
    endloop
  endfacet
  facet normal 6.995554e-01 -8.494140e-02 7.095120e-01
    outer loop
      vertex   3.354033e+01 2.558432e+01 -2.170000e+01
      vertex   3.550000e+01 2.501775e+01 -2.370000e+01
      vertex   3.555812e+01 2.549638e+01 -2.370000e+01
    endloop
  endfacet
  facet normal 6.914948e-01 -1.591104e-01 7.046409e-01
    outer loop
      vertex   3.354033e+01 2.558432e+01 -2.170000e+01
      vertex   3.555812e+01 2.549638e+01 -2.370000e+01
      vertex   3.369091e+01 2.623875e+01 -2.170000e+01
    endloop
  endfacet
  facet normal 6.596515e-01 -2.501728e-01 7.087125e-01
    outer loop
      vertex   3.369091e+01 2.623875e+01 -2.170000e+01
      vertex   3.555812e+01 2.549638e+01 -2.370000e+01
      vertex   3.572909e+01 2.594720e+01 -2.370000e+01
    endloop
  endfacet
  facet normal 6.538744e-01 -2.720244e-01 7.060106e-01
    outer loop
      vertex   3.369091e+01 2.623875e+01 -2.170000e+01
      vertex   3.572909e+01 2.594720e+01 -2.370000e+01
      vertex   3.394885e+01 2.685876e+01 -2.170000e+01
    endloop
  endfacet
  facet normal 5.994068e-01 -3.777370e-01 7.057097e-01
    outer loop
      vertex   3.394885e+01 2.685876e+01 -2.170000e+01
      vertex   3.572909e+01 2.594720e+01 -2.370000e+01
      vertex   3.430687e+01 2.742689e+01 -2.170000e+01
    endloop
  endfacet
  facet normal 5.803364e-01 -4.005773e-01 7.090468e-01
    outer loop
      vertex   3.430687e+01 2.742689e+01 -2.170000e+01
      vertex   3.572909e+01 2.594720e+01 -2.370000e+01
      vertex   3.600298e+01 2.634400e+01 -2.370000e+01
    endloop
  endfacet
  facet normal 5.285883e-01 -4.734224e-01 7.046032e-01
    outer loop
      vertex   3.430687e+01 2.742689e+01 -2.170000e+01
      vertex   3.600298e+01 2.634400e+01 -2.370000e+01
      vertex   3.475489e+01 2.792711e+01 -2.170000e+01
    endloop
  endfacet
  facet normal 4.674222e-01 -5.276106e-01 7.093261e-01
    outer loop
      vertex   3.475489e+01 2.792711e+01 -2.170000e+01
      vertex   3.600298e+01 2.634400e+01 -2.370000e+01
      vertex   3.636387e+01 2.666372e+01 -2.370000e+01
    endloop
  endfacet
  facet normal 4.414312e-01 -5.545378e-01 7.054263e-01
    outer loop
      vertex   3.475489e+01 2.792711e+01 -2.170000e+01
      vertex   3.636387e+01 2.666372e+01 -2.370000e+01
      vertex   3.528028e+01 2.834534e+01 -2.170000e+01
    endloop
  endfacet
  facet normal 3.419863e-01 -6.197436e-01 7.063733e-01
    outer loop
      vertex   3.528028e+01 2.834534e+01 -2.170000e+01
      vertex   3.636387e+01 2.666372e+01 -2.370000e+01
      vertex   3.586823e+01 2.866978e+01 -2.170000e+01
    endloop
  endfacet
  facet normal 3.280658e-01 -6.250773e-01 7.082734e-01
    outer loop
      vertex   3.586823e+01 2.866978e+01 -2.170000e+01
      vertex   3.636387e+01 2.666372e+01 -2.370000e+01
      vertex   3.679079e+01 2.688779e+01 -2.370000e+01
    endloop
  endfacet
  facet normal 2.340329e-01 -6.697729e-01 7.047218e-01
    outer loop
      vertex   3.586823e+01 2.866978e+01 -2.170000e+01
      vertex   3.679079e+01 2.688779e+01 -2.370000e+01
      vertex   3.650217e+01 2.889130e+01 -2.170000e+01
    endloop
  endfacet
  facet normal 1.686152e-01 -6.840986e-01 7.096323e-01
    outer loop
      vertex   3.650217e+01 2.889130e+01 -2.170000e+01
      vertex   3.679079e+01 2.688779e+01 -2.370000e+01
      vertex   3.725893e+01 2.700317e+01 -2.370000e+01
    endloop
  endfacet
  facet normal 1.186434e-01 -6.992166e-01 7.049964e-01
    outer loop
      vertex   3.650217e+01 2.889130e+01 -2.170000e+01
      vertex   3.725893e+01 2.700317e+01 -2.370000e+01
      vertex   3.716424e+01 2.900364e+01 -2.170000e+01
    endloop
  endfacet
  facet normal 0.000000e+00 -7.070246e-01 7.071890e-01
    outer loop
      vertex   3.716424e+01 2.900364e+01 -2.170000e+01
      vertex   3.725893e+01 2.700317e+01 -2.370000e+01
      vertex   3.774107e+01 2.700317e+01 -2.370000e+01
    endloop
  endfacet
  facet normal 0.000000e+00 -7.070246e-01 7.071890e-01
    outer loop
      vertex   3.716424e+01 2.900364e+01 -2.170000e+01
      vertex   3.774107e+01 2.700317e+01 -2.370000e+01
      vertex   3.783576e+01 2.900364e+01 -2.170000e+01
    endloop
  endfacet
  facet normal -1.186434e-01 -6.992166e-01 7.049964e-01
    outer loop
      vertex   3.783576e+01 2.900364e+01 -2.170000e+01
      vertex   3.774107e+01 2.700317e+01 -2.370000e+01
      vertex   3.849783e+01 2.889130e+01 -2.170000e+01
    endloop
  endfacet
  facet normal -1.686152e-01 -6.840986e-01 7.096323e-01
    outer loop
      vertex   3.849783e+01 2.889130e+01 -2.170000e+01
      vertex   3.774107e+01 2.700317e+01 -2.370000e+01
      vertex   3.820921e+01 2.688779e+01 -2.370000e+01
    endloop
  endfacet
  facet normal -2.340329e-01 -6.697729e-01 7.047218e-01
    outer loop
      vertex   3.849783e+01 2.889130e+01 -2.170000e+01
      vertex   3.820921e+01 2.688779e+01 -2.370000e+01
      vertex   3.913177e+01 2.866978e+01 -2.170000e+01
    endloop
  endfacet
  facet normal -3.280658e-01 -6.250773e-01 7.082734e-01
    outer loop
      vertex   3.913177e+01 2.866978e+01 -2.170000e+01
      vertex   3.820921e+01 2.688779e+01 -2.370000e+01
      vertex   3.863613e+01 2.666372e+01 -2.370000e+01
    endloop
  endfacet
  facet normal -3.419863e-01 -6.197436e-01 7.063733e-01
    outer loop
      vertex   3.913177e+01 2.866978e+01 -2.170000e+01
      vertex   3.863613e+01 2.666372e+01 -2.370000e+01
      vertex   3.971972e+01 2.834534e+01 -2.170000e+01
    endloop
  endfacet
  facet normal -4.414312e-01 -5.545378e-01 7.054263e-01
    outer loop
      vertex   3.971972e+01 2.834534e+01 -2.170000e+01
      vertex   3.863613e+01 2.666372e+01 -2.370000e+01
      vertex   4.024511e+01 2.792711e+01 -2.170000e+01
    endloop
  endfacet
  facet normal -4.674222e-01 -5.276106e-01 7.093261e-01
    outer loop
      vertex   4.024511e+01 2.792711e+01 -2.170000e+01
      vertex   3.863613e+01 2.666372e+01 -2.370000e+01
      vertex   3.899702e+01 2.634400e+01 -2.370000e+01
    endloop
  endfacet
  facet normal -5.285883e-01 -4.734224e-01 7.046032e-01
    outer loop
      vertex   4.024511e+01 2.792711e+01 -2.170000e+01
      vertex   3.899702e+01 2.634400e+01 -2.370000e+01
      vertex   4.069313e+01 2.742689e+01 -2.170000e+01
    endloop
  endfacet
  facet normal -5.803364e-01 -4.005773e-01 7.090468e-01
    outer loop
      vertex   4.069313e+01 2.742689e+01 -2.170000e+01
      vertex   3.899702e+01 2.634400e+01 -2.370000e+01
      vertex   3.927091e+01 2.594720e+01 -2.370000e+01
    endloop
  endfacet
  facet normal -5.994068e-01 -3.777370e-01 7.057097e-01
    outer loop
      vertex   4.069313e+01 2.742689e+01 -2.170000e+01
      vertex   3.927091e+01 2.594720e+01 -2.370000e+01
      vertex   4.105115e+01 2.685876e+01 -2.170000e+01
    endloop
  endfacet
  facet normal -6.538744e-01 -2.720244e-01 7.060106e-01
    outer loop
      vertex   4.105115e+01 2.685876e+01 -2.170000e+01
      vertex   3.927091e+01 2.594720e+01 -2.370000e+01
      vertex   4.130909e+01 2.623875e+01 -2.170000e+01
    endloop
  endfacet
  facet normal -6.596515e-01 -2.501728e-01 7.087125e-01
    outer loop
      vertex   4.130909e+01 2.623875e+01 -2.170000e+01
      vertex   3.927091e+01 2.594720e+01 -2.370000e+01
      vertex   3.944188e+01 2.549638e+01 -2.370000e+01
    endloop
  endfacet
  facet normal -6.914948e-01 -1.591104e-01 7.046409e-01
    outer loop
      vertex   4.130909e+01 2.623875e+01 -2.170000e+01
      vertex   3.944188e+01 2.549638e+01 -2.370000e+01
      vertex   4.145967e+01 2.558432e+01 -2.170000e+01
    endloop
  endfacet
  facet normal -6.995554e-01 -8.494140e-02 7.095120e-01
    outer loop
      vertex   4.145967e+01 2.558432e+01 -2.170000e+01
      vertex   3.944188e+01 2.549638e+01 -2.370000e+01
      vertex   3.950000e+01 2.501775e+01 -2.370000e+01
    endloop
  endfacet
  facet normal -9.927089e-01 1.205367e-01 4.282323e-16
    outer loop
      vertex   3.944188e+01 2.453912e+01 -2.670000e+01
      vertex   3.944188e+01 2.453912e+01 -2.370000e+01
      vertex   3.950000e+01 2.501775e+01 -2.670000e+01
    endloop
  endfacet
  facet normal -9.927089e-01 1.205367e-01 5.709764e-16
    outer loop
      vertex   3.950000e+01 2.501775e+01 -2.670000e+01
      vertex   3.944188e+01 2.453912e+01 -2.370000e+01
      vertex   3.950000e+01 2.501775e+01 -2.370000e+01
    endloop
  endfacet
  facet normal -9.927089e-01 -1.205367e-01 -5.709764e-16
    outer loop
      vertex   3.950000e+01 2.501775e+01 -2.670000e+01
      vertex   3.950000e+01 2.501775e+01 -2.370000e+01
      vertex   3.944188e+01 2.549638e+01 -2.670000e+01
    endloop
  endfacet
  facet normal -9.927089e-01 -1.205367e-01 -5.709764e-16
    outer loop
      vertex   3.944188e+01 2.549638e+01 -2.670000e+01
      vertex   3.950000e+01 2.501775e+01 -2.370000e+01
      vertex   3.944188e+01 2.549638e+01 -2.370000e+01
    endloop
  endfacet
  facet normal -9.350162e-01 -3.546049e-01 -1.679746e-15
    outer loop
      vertex   3.944188e+01 2.549638e+01 -2.670000e+01
      vertex   3.944188e+01 2.549638e+01 -2.370000e+01
      vertex   3.927091e+01 2.594720e+01 -2.670000e+01
    endloop
  endfacet
  facet normal -9.350162e-01 -3.546049e-01 -1.259810e-15
    outer loop
      vertex   3.927091e+01 2.594720e+01 -2.670000e+01
      vertex   3.944188e+01 2.549638e+01 -2.370000e+01
      vertex   3.927091e+01 2.594720e+01 -2.370000e+01
    endloop
  endfacet
  facet normal -8.229839e-01 -5.680647e-01 -2.018171e-15
    outer loop
      vertex   3.927091e+01 2.594720e+01 -2.670000e+01
      vertex   3.927091e+01 2.594720e+01 -2.370000e+01
      vertex   3.899702e+01 2.634400e+01 -2.670000e+01
    endloop
  endfacet
  facet normal -8.229839e-01 -5.680647e-01 -4.640113e-15
    outer loop
      vertex   3.899702e+01 2.634400e+01 -2.670000e+01
      vertex   3.927091e+01 2.594720e+01 -2.370000e+01
      vertex   3.899702e+01 2.634400e+01 -2.370000e+01
    endloop
  endfacet
  facet normal -6.631227e-01 -7.485107e-01 -5.116249e-15
    outer loop
      vertex   3.899702e+01 2.634400e+01 -2.670000e+01
      vertex   3.899702e+01 2.634400e+01 -2.370000e+01
      vertex   3.863613e+01 2.666372e+01 -2.670000e+01
    endloop
  endfacet
  facet normal -6.631227e-01 -7.485107e-01 -4.432074e-15
    outer loop
      vertex   3.863613e+01 2.666372e+01 -2.670000e+01
      vertex   3.899702e+01 2.634400e+01 -2.370000e+01
      vertex   3.863613e+01 2.666372e+01 -2.370000e+01
    endloop
  endfacet
  facet normal -4.647232e-01 -8.854560e-01 -5.242953e-15
    outer loop
      vertex   3.863613e+01 2.666372e+01 -2.670000e+01
      vertex   3.863613e+01 2.666372e+01 -2.370000e+01
      vertex   3.820921e+01 2.688779e+01 -2.670000e+01
    endloop
  endfacet
  facet normal -4.647232e-01 -8.854560e-01 -4.194362e-15
    outer loop
      vertex   3.820921e+01 2.688779e+01 -2.670000e+01
      vertex   3.863613e+01 2.666372e+01 -2.370000e+01
      vertex   3.820921e+01 2.688779e+01 -2.370000e+01
    endloop
  endfacet
  facet normal -2.393157e-01 -9.709418e-01 -4.599304e-15
    outer loop
      vertex   3.820921e+01 2.688779e+01 -2.670000e+01
      vertex   3.820921e+01 2.688779e+01 -2.370000e+01
      vertex   3.774107e+01 2.700317e+01 -2.670000e+01
    endloop
  endfacet
  facet normal -2.393157e-01 -9.709418e-01 -4.599304e-15
    outer loop
      vertex   3.774107e+01 2.700317e+01 -2.670000e+01
      vertex   3.820921e+01 2.688779e+01 -2.370000e+01
      vertex   3.774107e+01 2.700317e+01 -2.370000e+01
    endloop
  endfacet
  facet normal -0.000000e+00 -1.000000e+00 -4.736952e-15
    outer loop
      vertex   3.774107e+01 2.700317e+01 -2.670000e+01
      vertex   3.774107e+01 2.700317e+01 -2.370000e+01
      vertex   3.725893e+01 2.700317e+01 -2.670000e+01
    endloop
  endfacet
  facet normal 0.000000e+00 -1.000000e+00 -4.736952e-15
    outer loop
      vertex   3.725893e+01 2.700317e+01 -2.670000e+01
      vertex   3.774107e+01 2.700317e+01 -2.370000e+01
      vertex   3.725893e+01 2.700317e+01 -2.370000e+01
    endloop
  endfacet
  facet normal 2.393157e-01 -9.709418e-01 -4.599304e-15
    outer loop
      vertex   3.725893e+01 2.700317e+01 -2.670000e+01
      vertex   3.725893e+01 2.700317e+01 -2.370000e+01
      vertex   3.679079e+01 2.688779e+01 -2.670000e+01
    endloop
  endfacet
  facet normal 2.393157e-01 -9.709418e-01 -4.599304e-15
    outer loop
      vertex   3.679079e+01 2.688779e+01 -2.670000e+01
      vertex   3.725893e+01 2.700317e+01 -2.370000e+01
      vertex   3.679079e+01 2.688779e+01 -2.370000e+01
    endloop
  endfacet
  facet normal 4.647232e-01 -8.854560e-01 -4.194362e-15
    outer loop
      vertex   3.679079e+01 2.688779e+01 -2.670000e+01
      vertex   3.679079e+01 2.688779e+01 -2.370000e+01
      vertex   3.636387e+01 2.666372e+01 -2.670000e+01
    endloop
  endfacet
  facet normal 4.647232e-01 -8.854560e-01 -5.242953e-15
    outer loop
      vertex   3.636387e+01 2.666372e+01 -2.670000e+01
      vertex   3.679079e+01 2.688779e+01 -2.370000e+01
      vertex   3.636387e+01 2.666372e+01 -2.370000e+01
    endloop
  endfacet
  facet normal 6.631227e-01 -7.485107e-01 -4.432074e-15
    outer loop
      vertex   3.636387e+01 2.666372e+01 -2.670000e+01
      vertex   3.636387e+01 2.666372e+01 -2.370000e+01
      vertex   3.600298e+01 2.634400e+01 -2.670000e+01
    endloop
  endfacet
  facet normal 6.631227e-01 -7.485107e-01 -1.975069e-15
    outer loop
      vertex   3.600298e+01 2.634400e+01 -2.670000e+01
      vertex   3.636387e+01 2.666372e+01 -2.370000e+01
      vertex   3.600298e+01 2.634400e+01 -2.370000e+01
    endloop
  endfacet
  facet normal 8.229839e-01 -5.680647e-01 -7.416778e-16
    outer loop
      vertex   3.600298e+01 2.634400e+01 -2.670000e+01
      vertex   3.600298e+01 2.634400e+01 -2.370000e+01
      vertex   3.572909e+01 2.594720e+01 -2.670000e+01
    endloop
  endfacet
  facet normal 8.229839e-01 -5.680647e-01 -2.690895e-15
    outer loop
      vertex   3.572909e+01 2.594720e+01 -2.670000e+01
      vertex   3.600298e+01 2.634400e+01 -2.370000e+01
      vertex   3.572909e+01 2.594720e+01 -2.370000e+01
    endloop
  endfacet
  facet normal 9.350162e-01 -3.546049e-01 -1.679746e-15
    outer loop
      vertex   3.572909e+01 2.594720e+01 -2.670000e+01
      vertex   3.572909e+01 2.594720e+01 -2.370000e+01
      vertex   3.555812e+01 2.549638e+01 -2.670000e+01
    endloop
  endfacet
  facet normal 9.350162e-01 -3.546049e-01 -1.679746e-15
    outer loop
      vertex   3.555812e+01 2.549638e+01 -2.670000e+01
      vertex   3.572909e+01 2.594720e+01 -2.370000e+01
      vertex   3.555812e+01 2.549638e+01 -2.370000e+01
    endloop
  endfacet
  facet normal 9.927089e-01 -1.205367e-01 -5.709764e-16
    outer loop
      vertex   3.555812e+01 2.549638e+01 -2.670000e+01
      vertex   3.555812e+01 2.549638e+01 -2.370000e+01
      vertex   3.550000e+01 2.501775e+01 -2.670000e+01
    endloop
  endfacet
  facet normal 9.927089e-01 -1.205367e-01 -5.709764e-16
    outer loop
      vertex   3.550000e+01 2.501775e+01 -2.670000e+01
      vertex   3.555812e+01 2.549638e+01 -2.370000e+01
      vertex   3.550000e+01 2.501775e+01 -2.370000e+01
    endloop
  endfacet
  facet normal 9.927089e-01 1.205367e-01 5.709764e-16
    outer loop
      vertex   3.550000e+01 2.501775e+01 -2.670000e+01
      vertex   3.550000e+01 2.501775e+01 -2.370000e+01
      vertex   3.555812e+01 2.453912e+01 -2.670000e+01
    endloop
  endfacet
  facet normal 9.927089e-01 1.205367e-01 4.282323e-16
    outer loop
      vertex   3.555812e+01 2.453912e+01 -2.670000e+01
      vertex   3.550000e+01 2.501775e+01 -2.370000e+01
      vertex   3.555812e+01 2.453912e+01 -2.370000e+01
    endloop
  endfacet
  facet normal 9.350162e-01 3.546049e-01 1.259810e-15
    outer loop
      vertex   3.555812e+01 2.453912e+01 -2.670000e+01
      vertex   3.555812e+01 2.453912e+01 -2.370000e+01
      vertex   3.572909e+01 2.408831e+01 -2.670000e+01
    endloop
  endfacet
  facet normal 9.350162e-01 3.546049e-01 1.679746e-15
    outer loop
      vertex   3.572909e+01 2.408831e+01 -2.670000e+01
      vertex   3.555812e+01 2.453912e+01 -2.370000e+01
      vertex   3.572909e+01 2.408831e+01 -2.370000e+01
    endloop
  endfacet
  facet normal 8.229839e-01 5.680647e-01 2.690895e-15
    outer loop
      vertex   3.572909e+01 2.408831e+01 -2.670000e+01
      vertex   3.572909e+01 2.408831e+01 -2.370000e+01
      vertex   3.600298e+01 2.369151e+01 -2.670000e+01
    endloop
  endfacet
  facet normal 8.229839e-01 5.680647e-01 6.895404e-17
    outer loop
      vertex   3.600298e+01 2.369151e+01 -2.670000e+01
      vertex   3.572909e+01 2.408831e+01 -2.370000e+01
      vertex   3.600298e+01 2.369151e+01 -2.370000e+01
    endloop
  endfacet
  facet normal 6.631227e-01 7.485107e-01 1.088654e-15
    outer loop
      vertex   3.600298e+01 2.369151e+01 -2.670000e+01
      vertex   3.600298e+01 2.369151e+01 -2.370000e+01
      vertex   3.636387e+01 2.337179e+01 -2.670000e+01
    endloop
  endfacet
  facet normal 6.631227e-01 7.485107e-01 2.659244e-15
    outer loop
      vertex   3.636387e+01 2.337179e+01 -2.670000e+01
      vertex   3.600298e+01 2.369151e+01 -2.370000e+01
      vertex   3.636387e+01 2.337179e+01 -2.370000e+01
    endloop
  endfacet
  facet normal 4.647232e-01 8.854560e-01 3.145772e-15
    outer loop
      vertex   3.636387e+01 2.337179e+01 -2.670000e+01
      vertex   3.636387e+01 2.337179e+01 -2.370000e+01
      vertex   3.679079e+01 2.314772e+01 -2.670000e+01
    endloop
  endfacet
  facet normal 4.647232e-01 8.854560e-01 4.194362e-15
    outer loop
      vertex   3.679079e+01 2.314772e+01 -2.670000e+01
      vertex   3.636387e+01 2.337179e+01 -2.370000e+01
      vertex   3.679079e+01 2.314772e+01 -2.370000e+01
    endloop
  endfacet
  facet normal 2.393157e-01 9.709418e-01 4.599304e-15
    outer loop
      vertex   3.679079e+01 2.314772e+01 -2.670000e+01
      vertex   3.679079e+01 2.314772e+01 -2.370000e+01
      vertex   3.725893e+01 2.303234e+01 -2.670000e+01
    endloop
  endfacet
  facet normal 2.393157e-01 9.709418e-01 3.449478e-15
    outer loop
      vertex   3.725893e+01 2.303234e+01 -2.670000e+01
      vertex   3.679079e+01 2.314772e+01 -2.370000e+01
      vertex   3.725893e+01 2.303234e+01 -2.370000e+01
    endloop
  endfacet
  facet normal 7.368532e-15 1.000000e+00 3.552714e-15
    outer loop
      vertex   3.725893e+01 2.303234e+01 -2.670000e+01
      vertex   3.725893e+01 2.303234e+01 -2.370000e+01
      vertex   3.774107e+01 2.303234e+01 -2.670000e+01
    endloop
  endfacet
  facet normal 0.000000e+00 1.000000e+00 2.368476e-15
    outer loop
      vertex   3.774107e+01 2.303234e+01 -2.670000e+01
      vertex   3.725893e+01 2.303234e+01 -2.370000e+01
      vertex   3.774107e+01 2.303234e+01 -2.370000e+01
    endloop
  endfacet
  facet normal -2.393157e-01 9.709418e-01 2.299652e-15
    outer loop
      vertex   3.774107e+01 2.303234e+01 -2.670000e+01
      vertex   3.774107e+01 2.303234e+01 -2.370000e+01
      vertex   3.820921e+01 2.314772e+01 -2.670000e+01
    endloop
  endfacet
  facet normal -2.393157e-01 9.709418e-01 4.599304e-15
    outer loop
      vertex   3.820921e+01 2.314772e+01 -2.670000e+01
      vertex   3.774107e+01 2.303234e+01 -2.370000e+01
      vertex   3.820921e+01 2.314772e+01 -2.370000e+01
    endloop
  endfacet
  facet normal -4.647232e-01 8.854560e-01 4.194362e-15
    outer loop
      vertex   3.820921e+01 2.314772e+01 -2.670000e+01
      vertex   3.820921e+01 2.314772e+01 -2.370000e+01
      vertex   3.863613e+01 2.337179e+01 -2.670000e+01
    endloop
  endfacet
  facet normal -4.647232e-01 8.854560e-01 3.145772e-15
    outer loop
      vertex   3.863613e+01 2.337179e+01 -2.670000e+01
      vertex   3.820921e+01 2.314772e+01 -2.370000e+01
      vertex   3.863613e+01 2.337179e+01 -2.370000e+01
    endloop
  endfacet
  facet normal -6.631227e-01 7.485107e-01 2.659244e-15
    outer loop
      vertex   3.863613e+01 2.337179e+01 -2.670000e+01
      vertex   3.863613e+01 2.337179e+01 -2.370000e+01
      vertex   3.899702e+01 2.369151e+01 -2.670000e+01
    endloop
  endfacet
  facet normal -6.631227e-01 7.485107e-01 4.229834e-15
    outer loop
      vertex   3.899702e+01 2.369151e+01 -2.670000e+01
      vertex   3.863613e+01 2.337179e+01 -2.370000e+01
      vertex   3.899702e+01 2.369151e+01 -2.370000e+01
    endloop
  endfacet
  facet normal -8.229839e-01 5.680647e-01 3.967389e-15
    outer loop
      vertex   3.899702e+01 2.369151e+01 -2.670000e+01
      vertex   3.899702e+01 2.369151e+01 -2.370000e+01
      vertex   3.927091e+01 2.408831e+01 -2.670000e+01
    endloop
  endfacet
  facet normal -8.229839e-01 5.680647e-01 2.690895e-15
    outer loop
      vertex   3.927091e+01 2.408831e+01 -2.670000e+01
      vertex   3.899702e+01 2.369151e+01 -2.370000e+01
      vertex   3.927091e+01 2.408831e+01 -2.370000e+01
    endloop
  endfacet
  facet normal -9.350162e-01 3.546049e-01 1.679746e-15
    outer loop
      vertex   3.927091e+01 2.408831e+01 -2.670000e+01
      vertex   3.927091e+01 2.408831e+01 -2.370000e+01
      vertex   3.944188e+01 2.453912e+01 -2.670000e+01
    endloop
  endfacet
  facet normal -9.350162e-01 3.546049e-01 1.259810e-15
    outer loop
      vertex   3.944188e+01 2.453912e+01 -2.670000e+01
      vertex   3.927091e+01 2.408831e+01 -2.370000e+01
      vertex   3.944188e+01 2.453912e+01 -2.370000e+01
    endloop
  endfacet
  facet normal 0.000000e+00 0.000000e+00 1.000000e+00
    outer loop
      vertex   3.954404e+01 2.157945e+01 -2.170000e+01
      vertex   4.500000e+01 2.157945e+01 -2.170000e+01
      vertex   4.009043e+01 2.196985e+01 -2.170000e+01
    endloop
  endfacet
  facet normal -0.000000e+00 0.000000e+00 1.000000e+00
    outer loop
      vertex   4.009043e+01 2.196985e+01 -2.170000e+01
      vertex   4.500000e+01 2.157945e+01 -2.170000e+01
      vertex   4.056380e+01 2.244616e+01 -2.170000e+01
    endloop
  endfacet
  facet normal -1.111629e-15 -5.689860e-15 1.000000e+00
    outer loop
      vertex   4.056380e+01 2.244616e+01 -2.170000e+01
      vertex   4.500000e+01 2.157945e+01 -2.170000e+01
      vertex   4.095083e+01 2.299494e+01 -2.170000e+01
    endloop
  endfacet
  facet normal 7.517008e-16 -3.595579e-16 1.000000e+00
    outer loop
      vertex   4.095083e+01 2.299494e+01 -2.170000e+01
      vertex   4.500000e+01 2.157945e+01 -2.170000e+01
      vertex   4.124059e+01 2.360073e+01 -2.170000e+01
    endloop
  endfacet
  facet normal 8.192714e-16 -2.338819e-16 1.000000e+00
    outer loop
      vertex   4.124059e+01 2.360073e+01 -2.170000e+01
      vertex   4.500000e+01 2.157945e+01 -2.170000e+01
      vertex   4.142493e+01 2.424646e+01 -2.170000e+01
    endloop
  endfacet
  facet normal -2.750362e-15 -5.018905e-15 1.000000e+00
    outer loop
      vertex   4.142493e+01 2.424646e+01 -2.170000e+01
      vertex   4.500000e+01 2.157945e+01 -2.170000e+01
      vertex   4.149865e+01 2.491393e+01 -2.170000e+01
    endloop
  endfacet
  facet normal 2.148302e-15 1.249145e-16 1.000000e+00
    outer loop
      vertex   4.149865e+01 2.491393e+01 -2.170000e+01
      vertex   4.500000e+01 2.157945e+01 -2.170000e+01
      vertex   4.145967e+01 2.558432e+01 -2.170000e+01
    endloop
  endfacet
  facet normal -1.326868e-15 -2.947158e-15 1.000000e+00
    outer loop
      vertex   4.145967e+01 2.558432e+01 -2.170000e+01
      vertex   4.500000e+01 2.157945e+01 -2.170000e+01
      vertex   4.500000e+01 3.001775e+01 -2.170000e+01
    endloop
  endfacet
  facet normal 1.382408e-15 -5.110657e-15 1.000000e+00
    outer loop
      vertex   4.145967e+01 2.558432e+01 -2.170000e+01
      vertex   4.500000e+01 3.001775e+01 -2.170000e+01
      vertex   4.130909e+01 2.623875e+01 -2.170000e+01
    endloop
  endfacet
  facet normal -2.700119e-15 -1.123301e-15 1.000000e+00
    outer loop
      vertex   4.130909e+01 2.623875e+01 -2.170000e+01
      vertex   4.500000e+01 3.001775e+01 -2.170000e+01
      vertex   4.105115e+01 2.685876e+01 -2.170000e+01
    endloop
  endfacet
  facet normal 9.333211e-16 -5.665225e-15 1.000000e+00
    outer loop
      vertex   4.105115e+01 2.685876e+01 -2.170000e+01
      vertex   4.500000e+01 3.001775e+01 -2.170000e+01
      vertex   4.069313e+01 2.742689e+01 -2.170000e+01
    endloop
  endfacet
  facet normal -1.608207e-15 -1.440368e-15 1.000000e+00
    outer loop
      vertex   4.069313e+01 2.742689e+01 -2.170000e+01
      vertex   4.500000e+01 3.001775e+01 -2.170000e+01
      vertex   4.024511e+01 2.792711e+01 -2.170000e+01
    endloop
  endfacet
  facet normal -1.443956e-15 -1.813937e-15 1.000000e+00
    outer loop
      vertex   4.024511e+01 2.792711e+01 -2.170000e+01
      vertex   4.500000e+01 3.001775e+01 -2.170000e+01
      vertex   3.971972e+01 2.834534e+01 -2.170000e+01
    endloop
  endfacet
  facet normal 3.124578e-15 -1.623811e-14 1.000000e+00
    outer loop
      vertex   3.971972e+01 2.834534e+01 -2.170000e+01
      vertex   4.500000e+01 3.001775e+01 -2.170000e+01
      vertex   3.913177e+01 2.866978e+01 -2.170000e+01
    endloop
  endfacet
  facet normal -3.652819e-16 -1.045391e-15 1.000000e+00
    outer loop
      vertex   3.913177e+01 2.866978e+01 -2.170000e+01
      vertex   4.500000e+01 3.001775e+01 -2.170000e+01
      vertex   3.849783e+01 2.889130e+01 -2.170000e+01
    endloop
  endfacet
  facet normal -2.703561e-16 -1.593325e-15 1.000000e+00
    outer loop
      vertex   3.849783e+01 2.889130e+01 -2.170000e+01
      vertex   4.500000e+01 3.001775e+01 -2.170000e+01
      vertex   3.783576e+01 2.900364e+01 -2.170000e+01
    endloop
  endfacet
  facet normal 0.000000e+00 -3.503258e-15 1.000000e+00
    outer loop
      vertex   3.783576e+01 2.900364e+01 -2.170000e+01
      vertex   4.500000e+01 3.001775e+01 -2.170000e+01
      vertex   3.000000e+01 3.001775e+01 -2.170000e+01
    endloop
  endfacet
  facet normal 0.000000e+00 -3.503258e-15 1.000000e+00
    outer loop
      vertex   3.783576e+01 2.900364e+01 -2.170000e+01
      vertex   3.000000e+01 3.001775e+01 -2.170000e+01
      vertex   3.716424e+01 2.900364e+01 -2.170000e+01
    endloop
  endfacet
  facet normal 2.703561e-16 -1.593325e-15 1.000000e+00
    outer loop
      vertex   3.716424e+01 2.900364e+01 -2.170000e+01
      vertex   3.000000e+01 3.001775e+01 -2.170000e+01
      vertex   3.650217e+01 2.889130e+01 -2.170000e+01
    endloop
  endfacet
  facet normal 3.652819e-16 -1.045391e-15 1.000000e+00
    outer loop
      vertex   3.650217e+01 2.889130e+01 -2.170000e+01
      vertex   3.000000e+01 3.001775e+01 -2.170000e+01
      vertex   3.586823e+01 2.866978e+01 -2.170000e+01
    endloop
  endfacet
  facet normal -3.124578e-15 -1.623811e-14 1.000000e+00
    outer loop
      vertex   3.586823e+01 2.866978e+01 -2.170000e+01
      vertex   3.000000e+01 3.001775e+01 -2.170000e+01
      vertex   3.528028e+01 2.834534e+01 -2.170000e+01
    endloop
  endfacet
  facet normal 1.443956e-15 -1.813937e-15 1.000000e+00
    outer loop
      vertex   3.528028e+01 2.834534e+01 -2.170000e+01
      vertex   3.000000e+01 3.001775e+01 -2.170000e+01
      vertex   3.475489e+01 2.792711e+01 -2.170000e+01
    endloop
  endfacet
  facet normal 1.608207e-15 -1.440368e-15 1.000000e+00
    outer loop
      vertex   3.475489e+01 2.792711e+01 -2.170000e+01
      vertex   3.000000e+01 3.001775e+01 -2.170000e+01
      vertex   3.430687e+01 2.742689e+01 -2.170000e+01
    endloop
  endfacet
  facet normal -9.333211e-16 -5.665225e-15 1.000000e+00
    outer loop
      vertex   3.430687e+01 2.742689e+01 -2.170000e+01
      vertex   3.000000e+01 3.001775e+01 -2.170000e+01
      vertex   3.394885e+01 2.685876e+01 -2.170000e+01
    endloop
  endfacet
  facet normal 2.700119e-15 -1.123301e-15 1.000000e+00
    outer loop
      vertex   3.394885e+01 2.685876e+01 -2.170000e+01
      vertex   3.000000e+01 3.001775e+01 -2.170000e+01
      vertex   3.369091e+01 2.623875e+01 -2.170000e+01
    endloop
  endfacet
  facet normal -1.382408e-15 -5.110657e-15 1.000000e+00
    outer loop
      vertex   3.369091e+01 2.623875e+01 -2.170000e+01
      vertex   3.000000e+01 3.001775e+01 -2.170000e+01
      vertex   3.354033e+01 2.558432e+01 -2.170000e+01
    endloop
  endfacet
  facet normal 1.326868e-15 -2.947158e-15 1.000000e+00
    outer loop
      vertex   3.354033e+01 2.558432e+01 -2.170000e+01
      vertex   3.000000e+01 3.001775e+01 -2.170000e+01
      vertex   3.000000e+01 2.157945e+01 -2.170000e+01
    endloop
  endfacet
  facet normal -2.148302e-15 1.249145e-16 1.000000e+00
    outer loop
      vertex   3.354033e+01 2.558432e+01 -2.170000e+01
      vertex   3.000000e+01 2.157945e+01 -2.170000e+01
      vertex   3.350135e+01 2.491393e+01 -2.170000e+01
    endloop
  endfacet
  facet normal 2.750362e-15 -5.018905e-15 1.000000e+00
    outer loop
      vertex   3.350135e+01 2.491393e+01 -2.170000e+01
      vertex   3.000000e+01 2.157945e+01 -2.170000e+01
      vertex   3.357507e+01 2.424646e+01 -2.170000e+01
    endloop
  endfacet
  facet normal -8.192714e-16 -2.338819e-16 1.000000e+00
    outer loop
      vertex   3.357507e+01 2.424646e+01 -2.170000e+01
      vertex   3.000000e+01 2.157945e+01 -2.170000e+01
      vertex   3.375941e+01 2.360073e+01 -2.170000e+01
    endloop
  endfacet
  facet normal -7.517008e-16 -3.595579e-16 1.000000e+00
    outer loop
      vertex   3.375941e+01 2.360073e+01 -2.170000e+01
      vertex   3.000000e+01 2.157945e+01 -2.170000e+01
      vertex   3.404917e+01 2.299494e+01 -2.170000e+01
    endloop
  endfacet
  facet normal 1.111629e-15 -5.689860e-15 1.000000e+00
    outer loop
      vertex   3.404917e+01 2.299494e+01 -2.170000e+01
      vertex   3.000000e+01 2.157945e+01 -2.170000e+01
      vertex   3.443620e+01 2.244616e+01 -2.170000e+01
    endloop
  endfacet
  facet normal 0.000000e+00 0.000000e+00 1.000000e+00
    outer loop
      vertex   3.443620e+01 2.244616e+01 -2.170000e+01
      vertex   3.000000e+01 2.157945e+01 -2.170000e+01
      vertex   3.490957e+01 2.196985e+01 -2.170000e+01
    endloop
  endfacet
  facet normal 0.000000e+00 0.000000e+00 1.000000e+00
    outer loop
      vertex   3.490957e+01 2.196985e+01 -2.170000e+01
      vertex   3.000000e+01 2.157945e+01 -2.170000e+01
      vertex   3.545596e+01 2.157945e+01 -2.170000e+01
    endloop
  endfacet
  facet normal 6.995964e-01 -8.494638e-02 7.094709e-01
    outer loop
      vertex   3.944188e+01 -4.786313e-01 -4.880000e+00
      vertex   3.976183e+01 -5.162486e-01 -5.200000e+00
      vertex   3.950000e+01 6.555552e-16 -4.880000e+00
    endloop
  endfacet
  facet normal 7.048732e-01 -7.942014e-02 7.048732e-01
    outer loop
      vertex   3.950000e+01 6.555552e-16 -4.880000e+00
      vertex   3.976183e+01 -5.162486e-01 -5.200000e+00
      vertex   3.982000e+01 6.654135e-16 -5.200000e+00
    endloop
  endfacet
  facet normal 7.048732e-01 7.942014e-02 7.048732e-01
    outer loop
      vertex   3.950000e+01 6.555552e-16 -4.880000e+00
      vertex   3.982000e+01 6.654135e-16 -5.200000e+00
      vertex   3.976183e+01 5.162486e-01 -5.200000e+00
    endloop
  endfacet
  facet normal 6.732718e-01 -2.355880e-01 7.008590e-01
    outer loop
      vertex   3.976183e+01 -5.162486e-01 -5.200000e+00
      vertex   3.944188e+01 -4.786313e-01 -4.880000e+00
      vertex   3.959025e+01 -1.006610e+00 -5.200000e+00
    endloop
  endfacet
  facet normal 6.550417e-01 -2.484246e-01 7.135864e-01
    outer loop
      vertex   3.959025e+01 -1.006610e+00 -5.200000e+00
      vertex   3.944188e+01 -4.786313e-01 -4.880000e+00
      vertex   3.927091e+01 -9.294463e-01 -4.880000e+00
    endloop
  endfacet
  facet normal 6.067824e-01 -3.812666e-01 6.974603e-01
    outer loop
      vertex   3.959025e+01 -1.006610e+00 -5.200000e+00
      vertex   3.927091e+01 -9.294463e-01 -4.880000e+00
      vertex   3.931385e+01 -1.446496e+00 -5.200000e+00
    endloop
  endfacet
  facet normal 5.737636e-01 -3.960404e-01 7.169012e-01
    outer loop
      vertex   3.931385e+01 -1.446496e+00 -5.200000e+00
      vertex   3.927091e+01 -9.294463e-01 -4.880000e+00
      vertex   3.899702e+01 -1.326245e+00 -4.880000e+00
    endloop
  endfacet
  facet normal 5.086176e-01 -5.086176e-01 6.947058e-01
    outer loop
      vertex   3.931385e+01 -1.446496e+00 -5.200000e+00
      vertex   3.899702e+01 -1.326245e+00 -4.880000e+00
      vertex   3.894650e+01 -1.813849e+00 -5.200000e+00
    endloop
  endfacet
  facet normal 4.605699e-01 -5.198760e-01 7.194472e-01
    outer loop
      vertex   3.894650e+01 -1.813849e+00 -5.200000e+00
      vertex   3.899702e+01 -1.326245e+00 -4.880000e+00
      vertex   3.863613e+01 -1.645968e+00 -4.880000e+00
    endloop
  endfacet
  facet normal 3.837567e-01 -6.107453e-01 6.926190e-01
    outer loop
      vertex   3.894650e+01 -1.813849e+00 -5.200000e+00
      vertex   3.863613e+01 -1.645968e+00 -4.880000e+00
      vertex   3.850661e+01 -2.090248e+00 -5.200000e+00
    endloop
  endfacet
  facet normal 3.219027e-01 -6.133343e-01 7.212487e-01
    outer loop
      vertex   3.850661e+01 -2.090248e+00 -5.200000e+00
      vertex   3.863613e+01 -1.645968e+00 -4.880000e+00
      vertex   3.820921e+01 -1.870032e+00 -4.880000e+00
    endloop
  endfacet
  facet normal 2.386751e-01 -6.820941e-01 6.912176e-01
    outer loop
      vertex   3.850661e+01 -2.090248e+00 -5.200000e+00
      vertex   3.820921e+01 -1.870032e+00 -4.880000e+00
      vertex   3.801625e+01 -2.261833e+00 -5.200000e+00
    endloop
  endfacet
  facet normal 1.655002e-01 -6.714606e-01 7.223229e-01
    outer loop
      vertex   3.801625e+01 -2.261833e+00 -5.200000e+00
      vertex   3.820921e+01 -1.870032e+00 -4.880000e+00
      vertex   3.774107e+01 -1.985418e+00 -4.880000e+00
    endloop
  endfacet
  facet normal 8.098605e-02 -7.187710e-01 6.905139e-01
    outer loop
      vertex   3.801625e+01 -2.261833e+00 -5.200000e+00
      vertex   3.774107e+01 -1.985418e+00 -4.880000e+00
      vertex   3.750000e+01 -2.320000e+00 -5.200000e+00
    endloop
  endfacet
  facet normal -3.108523e-16 -6.911829e-01 7.226798e-01
    outer loop
      vertex   3.750000e+01 -2.320000e+00 -5.200000e+00
      vertex   3.774107e+01 -1.985418e+00 -4.880000e+00
      vertex   3.725893e+01 -1.985418e+00 -4.880000e+00
    endloop
  endfacet
  facet normal -8.098605e-02 -7.187710e-01 6.905139e-01
    outer loop
      vertex   3.750000e+01 -2.320000e+00 -5.200000e+00
      vertex   3.725893e+01 -1.985418e+00 -4.880000e+00
      vertex   3.698375e+01 -2.261833e+00 -5.200000e+00
    endloop
  endfacet
  facet normal -1.655002e-01 -6.714606e-01 7.223229e-01
    outer loop
      vertex   3.698375e+01 -2.261833e+00 -5.200000e+00
      vertex   3.725893e+01 -1.985418e+00 -4.880000e+00
      vertex   3.679079e+01 -1.870032e+00 -4.880000e+00
    endloop
  endfacet
  facet normal -2.386751e-01 -6.820941e-01 6.912176e-01
    outer loop
      vertex   3.698375e+01 -2.261833e+00 -5.200000e+00
      vertex   3.679079e+01 -1.870032e+00 -4.880000e+00
      vertex   3.649339e+01 -2.090248e+00 -5.200000e+00
    endloop
  endfacet
  facet normal -3.219027e-01 -6.133343e-01 7.212487e-01
    outer loop
      vertex   3.649339e+01 -2.090248e+00 -5.200000e+00
      vertex   3.679079e+01 -1.870032e+00 -4.880000e+00
      vertex   3.636387e+01 -1.645968e+00 -4.880000e+00
    endloop
  endfacet
  facet normal -3.837567e-01 -6.107453e-01 6.926190e-01
    outer loop
      vertex   3.649339e+01 -2.090248e+00 -5.200000e+00
      vertex   3.636387e+01 -1.645968e+00 -4.880000e+00
      vertex   3.605350e+01 -1.813849e+00 -5.200000e+00
    endloop
  endfacet
  facet normal -4.605699e-01 -5.198760e-01 7.194472e-01
    outer loop
      vertex   3.605350e+01 -1.813849e+00 -5.200000e+00
      vertex   3.636387e+01 -1.645968e+00 -4.880000e+00
      vertex   3.600298e+01 -1.326245e+00 -4.880000e+00
    endloop
  endfacet
  facet normal -5.086176e-01 -5.086176e-01 6.947058e-01
    outer loop
      vertex   3.605350e+01 -1.813849e+00 -5.200000e+00
      vertex   3.600298e+01 -1.326245e+00 -4.880000e+00
      vertex   3.568615e+01 -1.446496e+00 -5.200000e+00
    endloop
  endfacet
  facet normal -5.737636e-01 -3.960404e-01 7.169012e-01
    outer loop
      vertex   3.568615e+01 -1.446496e+00 -5.200000e+00
      vertex   3.600298e+01 -1.326245e+00 -4.880000e+00
      vertex   3.572909e+01 -9.294463e-01 -4.880000e+00
    endloop
  endfacet
  facet normal -6.067824e-01 -3.812666e-01 6.974603e-01
    outer loop
      vertex   3.568615e+01 -1.446496e+00 -5.200000e+00
      vertex   3.572909e+01 -9.294463e-01 -4.880000e+00
      vertex   3.540975e+01 -1.006610e+00 -5.200000e+00
    endloop
  endfacet
  facet normal -6.550417e-01 -2.484246e-01 7.135864e-01
    outer loop
      vertex   3.540975e+01 -1.006610e+00 -5.200000e+00
      vertex   3.572909e+01 -9.294463e-01 -4.880000e+00
      vertex   3.555812e+01 -4.786313e-01 -4.880000e+00
    endloop
  endfacet
  facet normal -6.732718e-01 -2.355880e-01 7.008590e-01
    outer loop
      vertex   3.540975e+01 -1.006610e+00 -5.200000e+00
      vertex   3.555812e+01 -4.786313e-01 -4.880000e+00
      vertex   3.523817e+01 -5.162486e-01 -5.200000e+00
    endloop
  endfacet
  facet normal -6.995964e-01 -8.494638e-02 7.094709e-01
    outer loop
      vertex   3.523817e+01 -5.162486e-01 -5.200000e+00
      vertex   3.555812e+01 -4.786313e-01 -4.880000e+00
      vertex   3.550000e+01 4.106259e-16 -4.880000e+00
    endloop
  endfacet
  facet normal -7.048732e-01 -7.942014e-02 7.048732e-01
    outer loop
      vertex   3.523817e+01 -5.162486e-01 -5.200000e+00
      vertex   3.550000e+01 4.106259e-16 -4.880000e+00
      vertex   3.518000e+01 3.812955e-16 -5.200000e+00
    endloop
  endfacet
  facet normal -7.048732e-01 7.942014e-02 7.048732e-01
    outer loop
      vertex   3.518000e+01 3.812955e-16 -5.200000e+00
      vertex   3.550000e+01 4.106259e-16 -4.880000e+00
      vertex   3.523817e+01 5.162486e-01 -5.200000e+00
    endloop
  endfacet
  facet normal -6.995964e-01 8.494638e-02 7.094709e-01
    outer loop
      vertex   3.523817e+01 5.162486e-01 -5.200000e+00
      vertex   3.550000e+01 4.106259e-16 -4.880000e+00
      vertex   3.555812e+01 4.786313e-01 -4.880000e+00
    endloop
  endfacet
  facet normal -6.732718e-01 2.355880e-01 7.008590e-01
    outer loop
      vertex   3.523817e+01 5.162486e-01 -5.200000e+00
      vertex   3.555812e+01 4.786313e-01 -4.880000e+00
      vertex   3.540975e+01 1.006610e+00 -5.200000e+00
    endloop
  endfacet
  facet normal -6.550417e-01 2.484246e-01 7.135864e-01
    outer loop
      vertex   3.540975e+01 1.006610e+00 -5.200000e+00
      vertex   3.555812e+01 4.786313e-01 -4.880000e+00
      vertex   3.572909e+01 9.294463e-01 -4.880000e+00
    endloop
  endfacet
  facet normal -6.067824e-01 3.812666e-01 6.974603e-01
    outer loop
      vertex   3.540975e+01 1.006610e+00 -5.200000e+00
      vertex   3.572909e+01 9.294463e-01 -4.880000e+00
      vertex   3.568615e+01 1.446496e+00 -5.200000e+00
    endloop
  endfacet
  facet normal -5.737636e-01 3.960404e-01 7.169012e-01
    outer loop
      vertex   3.568615e+01 1.446496e+00 -5.200000e+00
      vertex   3.572909e+01 9.294463e-01 -4.880000e+00
      vertex   3.600298e+01 1.326245e+00 -4.880000e+00
    endloop
  endfacet
  facet normal -5.086176e-01 5.086176e-01 6.947058e-01
    outer loop
      vertex   3.568615e+01 1.446496e+00 -5.200000e+00
      vertex   3.600298e+01 1.326245e+00 -4.880000e+00
      vertex   3.605350e+01 1.813849e+00 -5.200000e+00
    endloop
  endfacet
  facet normal -4.605699e-01 5.198760e-01 7.194472e-01
    outer loop
      vertex   3.605350e+01 1.813849e+00 -5.200000e+00
      vertex   3.600298e+01 1.326245e+00 -4.880000e+00
      vertex   3.636387e+01 1.645968e+00 -4.880000e+00
    endloop
  endfacet
  facet normal -3.837567e-01 6.107453e-01 6.926190e-01
    outer loop
      vertex   3.605350e+01 1.813849e+00 -5.200000e+00
      vertex   3.636387e+01 1.645968e+00 -4.880000e+00
      vertex   3.649339e+01 2.090248e+00 -5.200000e+00
    endloop
  endfacet
  facet normal -3.219027e-01 6.133343e-01 7.212487e-01
    outer loop
      vertex   3.649339e+01 2.090248e+00 -5.200000e+00
      vertex   3.636387e+01 1.645968e+00 -4.880000e+00
      vertex   3.679079e+01 1.870032e+00 -4.880000e+00
    endloop
  endfacet
  facet normal -2.386751e-01 6.820941e-01 6.912176e-01
    outer loop
      vertex   3.649339e+01 2.090248e+00 -5.200000e+00
      vertex   3.679079e+01 1.870032e+00 -4.880000e+00
      vertex   3.698375e+01 2.261833e+00 -5.200000e+00
    endloop
  endfacet
  facet normal -1.655002e-01 6.714606e-01 7.223229e-01
    outer loop
      vertex   3.698375e+01 2.261833e+00 -5.200000e+00
      vertex   3.679079e+01 1.870032e+00 -4.880000e+00
      vertex   3.725893e+01 1.985418e+00 -4.880000e+00
    endloop
  endfacet
  facet normal -8.098605e-02 7.187710e-01 6.905139e-01
    outer loop
      vertex   3.698375e+01 2.261833e+00 -5.200000e+00
      vertex   3.725893e+01 1.985418e+00 -4.880000e+00
      vertex   3.750000e+01 2.320000e+00 -5.200000e+00
    endloop
  endfacet
  facet normal 0.000000e+00 6.911829e-01 7.226798e-01
    outer loop
      vertex   3.750000e+01 2.320000e+00 -5.200000e+00
      vertex   3.725893e+01 1.985418e+00 -4.880000e+00
      vertex   3.774107e+01 1.985418e+00 -4.880000e+00
    endloop
  endfacet
  facet normal 8.098605e-02 7.187710e-01 6.905139e-01
    outer loop
      vertex   3.750000e+01 2.320000e+00 -5.200000e+00
      vertex   3.774107e+01 1.985418e+00 -4.880000e+00
      vertex   3.801625e+01 2.261833e+00 -5.200000e+00
    endloop
  endfacet
  facet normal 1.655002e-01 6.714606e-01 7.223229e-01
    outer loop
      vertex   3.801625e+01 2.261833e+00 -5.200000e+00
      vertex   3.774107e+01 1.985418e+00 -4.880000e+00
      vertex   3.820921e+01 1.870032e+00 -4.880000e+00
    endloop
  endfacet
  facet normal 2.386751e-01 6.820941e-01 6.912176e-01
    outer loop
      vertex   3.801625e+01 2.261833e+00 -5.200000e+00
      vertex   3.820921e+01 1.870032e+00 -4.880000e+00
      vertex   3.850661e+01 2.090248e+00 -5.200000e+00
    endloop
  endfacet
  facet normal 3.219027e-01 6.133343e-01 7.212487e-01
    outer loop
      vertex   3.850661e+01 2.090248e+00 -5.200000e+00
      vertex   3.820921e+01 1.870032e+00 -4.880000e+00
      vertex   3.863613e+01 1.645968e+00 -4.880000e+00
    endloop
  endfacet
  facet normal 3.837567e-01 6.107453e-01 6.926190e-01
    outer loop
      vertex   3.850661e+01 2.090248e+00 -5.200000e+00
      vertex   3.863613e+01 1.645968e+00 -4.880000e+00
      vertex   3.894650e+01 1.813849e+00 -5.200000e+00
    endloop
  endfacet
  facet normal 4.605699e-01 5.198760e-01 7.194472e-01
    outer loop
      vertex   3.894650e+01 1.813849e+00 -5.200000e+00
      vertex   3.863613e+01 1.645968e+00 -4.880000e+00
      vertex   3.899702e+01 1.326245e+00 -4.880000e+00
    endloop
  endfacet
  facet normal 5.086176e-01 5.086176e-01 6.947058e-01
    outer loop
      vertex   3.894650e+01 1.813849e+00 -5.200000e+00
      vertex   3.899702e+01 1.326245e+00 -4.880000e+00
      vertex   3.931385e+01 1.446496e+00 -5.200000e+00
    endloop
  endfacet
  facet normal 5.737636e-01 3.960404e-01 7.169012e-01
    outer loop
      vertex   3.931385e+01 1.446496e+00 -5.200000e+00
      vertex   3.899702e+01 1.326245e+00 -4.880000e+00
      vertex   3.927091e+01 9.294463e-01 -4.880000e+00
    endloop
  endfacet
  facet normal 6.067824e-01 3.812666e-01 6.974603e-01
    outer loop
      vertex   3.931385e+01 1.446496e+00 -5.200000e+00
      vertex   3.927091e+01 9.294463e-01 -4.880000e+00
      vertex   3.959025e+01 1.006610e+00 -5.200000e+00
    endloop
  endfacet
  facet normal 6.550417e-01 2.484246e-01 7.135864e-01
    outer loop
      vertex   3.959025e+01 1.006610e+00 -5.200000e+00
      vertex   3.927091e+01 9.294463e-01 -4.880000e+00
      vertex   3.944188e+01 4.786313e-01 -4.880000e+00
    endloop
  endfacet
  facet normal 6.732718e-01 2.355880e-01 7.008590e-01
    outer loop
      vertex   3.959025e+01 1.006610e+00 -5.200000e+00
      vertex   3.944188e+01 4.786313e-01 -4.880000e+00
      vertex   3.976183e+01 5.162486e-01 -5.200000e+00
    endloop
  endfacet
  facet normal 6.995964e-01 8.494638e-02 7.094709e-01
    outer loop
      vertex   3.976183e+01 5.162486e-01 -5.200000e+00
      vertex   3.944188e+01 4.786313e-01 -4.880000e+00
      vertex   3.950000e+01 6.555552e-16 -4.880000e+00
    endloop
  endfacet
  facet normal -5.993916e-16 2.933042e-16 1.000000e+00
    outer loop
      vertex   3.000000e+01 -2.114644e+01 -5.200000e+00
      vertex   3.540975e+01 -1.006610e+00 -5.200000e+00
      vertex   3.000000e+01 3.079018e+00 -5.200000e+00
    endloop
  endfacet
  facet normal -1.115766e-15 -3.904234e-16 1.000000e+00
    outer loop
      vertex   3.000000e+01 3.079018e+00 -5.200000e+00
      vertex   3.540975e+01 -1.006610e+00 -5.200000e+00
      vertex   3.523817e+01 -5.162486e-01 -5.200000e+00
    endloop
  endfacet
  facet normal -9.188538e-16 -1.035300e-16 1.000000e+00
    outer loop
      vertex   3.000000e+01 3.079018e+00 -5.200000e+00
      vertex   3.523817e+01 -5.162486e-01 -5.200000e+00
      vertex   3.518000e+01 3.812955e-16 -5.200000e+00
    endloop
  endfacet
  facet normal 0.000000e+00 1.415316e-16 1.000000e+00
    outer loop
      vertex   4.500000e+01 -2.114644e+01 -5.200000e+00
      vertex   3.750000e+01 -2.320000e+00 -5.200000e+00
      vertex   3.000000e+01 -2.114644e+01 -5.200000e+00
    endloop
  endfacet
  facet normal 1.526174e-17 1.354517e-16 1.000000e+00
    outer loop
      vertex   3.000000e+01 -2.114644e+01 -5.200000e+00
      vertex   3.750000e+01 -2.320000e+00 -5.200000e+00
      vertex   3.698375e+01 -2.261833e+00 -5.200000e+00
    endloop
  endfacet
  facet normal 4.371470e-17 1.249294e-16 1.000000e+00
    outer loop
      vertex   3.000000e+01 -2.114644e+01 -5.200000e+00
      vertex   3.698375e+01 -2.261833e+00 -5.200000e+00
      vertex   3.649339e+01 -2.090248e+00 -5.200000e+00
    endloop
  endfacet
  facet normal 5.993916e-16 2.933042e-16 1.000000e+00
    outer loop
      vertex   4.500000e+01 3.079018e+00 -5.200000e+00
      vertex   3.959025e+01 -1.006610e+00 -5.200000e+00
      vertex   4.500000e+01 -2.114644e+01 -5.200000e+00
    endloop
  endfacet
  facet normal -1.475017e-16 9.268143e-17 1.000000e+00
    outer loop
      vertex   4.500000e+01 -2.114644e+01 -5.200000e+00
      vertex   3.959025e+01 -1.006610e+00 -5.200000e+00
      vertex   3.931385e+01 -1.446496e+00 -5.200000e+00
    endloop
  endfacet
  facet normal -1.049604e-16 1.049604e-16 1.000000e+00
    outer loop
      vertex   4.500000e+01 -2.114644e+01 -5.200000e+00
      vertex   3.931385e+01 -1.446496e+00 -5.200000e+00
      vertex   3.894650e+01 -1.813849e+00 -5.200000e+00
    endloop
  endfacet
  facet normal -3.464393e-31 5.850840e-15 1.000000e+00
    outer loop
      vertex   3.000000e+01 3.079018e+00 -5.200000e+00
      vertex   3.750000e+01 2.320000e+00 -5.200000e+00
      vertex   4.500000e+01 3.079018e+00 -5.200000e+00
    endloop
  endfacet
  facet normal 3.119377e-16 2.768524e-15 1.000000e+00
    outer loop
      vertex   4.500000e+01 3.079018e+00 -5.200000e+00
      vertex   3.750000e+01 2.320000e+00 -5.200000e+00
      vertex   3.801625e+01 2.261833e+00 -5.200000e+00
    endloop
  endfacet
  facet normal 4.765349e-16 1.361859e-15 1.000000e+00
    outer loop
      vertex   4.500000e+01 3.079018e+00 -5.200000e+00
      vertex   3.801625e+01 2.261833e+00 -5.200000e+00
      vertex   3.850661e+01 2.090248e+00 -5.200000e+00
    endloop
  endfacet
  facet normal 8.035019e-16 9.053292e-17 1.000000e+00
    outer loop
      vertex   3.976183e+01 5.162486e-01 -5.200000e+00
      vertex   3.982000e+01 6.654135e-16 -5.200000e+00
      vertex   4.500000e+01 3.079018e+00 -5.200000e+00
    endloop
  endfacet
  facet normal 9.188538e-16 -1.035300e-16 1.000000e+00
    outer loop
      vertex   4.500000e+01 3.079018e+00 -5.200000e+00
      vertex   3.982000e+01 6.654135e-16 -5.200000e+00
      vertex   3.976183e+01 -5.162486e-01 -5.200000e+00
    endloop
  endfacet
  facet normal 1.115766e-15 -3.904234e-16 1.000000e+00
    outer loop
      vertex   4.500000e+01 3.079018e+00 -5.200000e+00
      vertex   3.976183e+01 -5.162486e-01 -5.200000e+00
      vertex   3.959025e+01 -1.006610e+00 -5.200000e+00
    endloop
  endfacet
  facet normal -7.236428e-17 1.151671e-16 1.000000e+00
    outer loop
      vertex   3.894650e+01 -1.813849e+00 -5.200000e+00
      vertex   3.850661e+01 -2.090248e+00 -5.200000e+00
      vertex   4.500000e+01 -2.114644e+01 -5.200000e+00
    endloop
  endfacet
  facet normal -4.371470e-17 1.249294e-16 1.000000e+00
    outer loop
      vertex   4.500000e+01 -2.114644e+01 -5.200000e+00
      vertex   3.850661e+01 -2.090248e+00 -5.200000e+00
      vertex   3.801625e+01 -2.261833e+00 -5.200000e+00
    endloop
  endfacet
  facet normal -1.526174e-17 1.354517e-16 1.000000e+00
    outer loop
      vertex   4.500000e+01 -2.114644e+01 -5.200000e+00
      vertex   3.801625e+01 -2.261833e+00 -5.200000e+00
      vertex   3.750000e+01 -2.320000e+00 -5.200000e+00
    endloop
  endfacet
  facet normal 7.236428e-17 1.151671e-16 1.000000e+00
    outer loop
      vertex   3.649339e+01 -2.090248e+00 -5.200000e+00
      vertex   3.605350e+01 -1.813849e+00 -5.200000e+00
      vertex   3.000000e+01 -2.114644e+01 -5.200000e+00
    endloop
  endfacet
  facet normal 1.049604e-16 1.049604e-16 1.000000e+00
    outer loop
      vertex   3.000000e+01 -2.114644e+01 -5.200000e+00
      vertex   3.605350e+01 -1.813849e+00 -5.200000e+00
      vertex   3.568615e+01 -1.446496e+00 -5.200000e+00
    endloop
  endfacet
  facet normal 1.475017e-16 9.268143e-17 1.000000e+00
    outer loop
      vertex   3.000000e+01 -2.114644e+01 -5.200000e+00
      vertex   3.568615e+01 -1.446496e+00 -5.200000e+00
      vertex   3.540975e+01 -1.006610e+00 -5.200000e+00
    endloop
  endfacet
  facet normal -8.035019e-16 9.053292e-17 1.000000e+00
    outer loop
      vertex   3.518000e+01 3.812955e-16 -5.200000e+00
      vertex   3.523817e+01 5.162486e-01 -5.200000e+00
      vertex   3.000000e+01 3.079018e+00 -5.200000e+00
    endloop
  endfacet
  facet normal -7.238713e-16 2.532935e-16 1.000000e+00
    outer loop
      vertex   3.000000e+01 3.079018e+00 -5.200000e+00
      vertex   3.523817e+01 5.162486e-01 -5.200000e+00
      vertex   3.540975e+01 1.006610e+00 -5.200000e+00
    endloop
  endfacet
  facet normal -6.616414e-16 4.157368e-16 1.000000e+00
    outer loop
      vertex   3.000000e+01 3.079018e+00 -5.200000e+00
      vertex   3.540975e+01 1.006610e+00 -5.200000e+00
      vertex   3.568615e+01 1.446496e+00 -5.200000e+00
    endloop
  endfacet
  facet normal -6.067893e-16 6.067893e-16 1.000000e+00
    outer loop
      vertex   3.568615e+01 1.446496e+00 -5.200000e+00
      vertex   3.605350e+01 1.813849e+00 -5.200000e+00
      vertex   3.000000e+01 3.079018e+00 -5.200000e+00
    endloop
  endfacet
  facet normal -5.505005e-16 8.761165e-16 1.000000e+00
    outer loop
      vertex   3.000000e+01 3.079018e+00 -5.200000e+00
      vertex   3.605350e+01 1.813849e+00 -5.200000e+00
      vertex   3.649339e+01 2.090248e+00 -5.200000e+00
    endloop
  endfacet
  facet normal -4.765349e-16 1.361859e-15 1.000000e+00
    outer loop
      vertex   3.000000e+01 3.079018e+00 -5.200000e+00
      vertex   3.649339e+01 2.090248e+00 -5.200000e+00
      vertex   3.698375e+01 2.261833e+00 -5.200000e+00
    endloop
  endfacet
  facet normal -3.119377e-16 2.768524e-15 1.000000e+00
    outer loop
      vertex   3.698375e+01 2.261833e+00 -5.200000e+00
      vertex   3.750000e+01 2.320000e+00 -5.200000e+00
      vertex   3.000000e+01 3.079018e+00 -5.200000e+00
    endloop
  endfacet
  facet normal 5.505005e-16 8.761165e-16 1.000000e+00
    outer loop
      vertex   3.850661e+01 2.090248e+00 -5.200000e+00
      vertex   3.894650e+01 1.813849e+00 -5.200000e+00
      vertex   4.500000e+01 3.079018e+00 -5.200000e+00
    endloop
  endfacet
  facet normal 6.067893e-16 6.067893e-16 1.000000e+00
    outer loop
      vertex   4.500000e+01 3.079018e+00 -5.200000e+00
      vertex   3.894650e+01 1.813849e+00 -5.200000e+00
      vertex   3.931385e+01 1.446496e+00 -5.200000e+00
    endloop
  endfacet
  facet normal 6.616414e-16 4.157368e-16 1.000000e+00
    outer loop
      vertex   4.500000e+01 3.079018e+00 -5.200000e+00
      vertex   3.931385e+01 1.446496e+00 -5.200000e+00
      vertex   3.959025e+01 1.006610e+00 -5.200000e+00
    endloop
  endfacet
  facet normal 7.238713e-16 2.532935e-16 1.000000e+00
    outer loop
      vertex   3.959025e+01 1.006610e+00 -5.200000e+00
      vertex   3.976183e+01 5.162486e-01 -5.200000e+00
      vertex   4.500000e+01 3.079018e+00 -5.200000e+00
    endloop
  endfacet
  facet normal -0.000000e+00 0.000000e+00 1.000000e+00
    outer loop
      vertex   3.885230e+01 -3.623467e-01 -4.880000e+00
      vertex   3.944188e+01 -4.786313e-01 -4.880000e+00
      vertex   3.890000e+01 5.820764e-16 -4.880000e+00
    endloop
  endfacet
  facet normal -0.000000e+00 0.000000e+00 1.000000e+00
    outer loop
      vertex   3.890000e+01 5.820764e-16 -4.880000e+00
      vertex   3.944188e+01 -4.786313e-01 -4.880000e+00
      vertex   3.950000e+01 6.555552e-16 -4.880000e+00
    endloop
  endfacet
  facet normal 0.000000e+00 0.000000e+00 1.000000e+00
    outer loop
      vertex   3.890000e+01 5.820764e-16 -4.880000e+00
      vertex   3.950000e+01 6.555552e-16 -4.880000e+00
      vertex   3.944188e+01 4.786313e-01 -4.880000e+00
    endloop
  endfacet
  facet normal 0.000000e+00 0.000000e+00 1.000000e+00
    outer loop
      vertex   3.944188e+01 -4.786313e-01 -4.880000e+00
      vertex   3.885230e+01 -3.623467e-01 -4.880000e+00
      vertex   3.927091e+01 -9.294463e-01 -4.880000e+00
    endloop
  endfacet
  facet normal 0.000000e+00 0.000000e+00 1.000000e+00
    outer loop
      vertex   3.927091e+01 -9.294463e-01 -4.880000e+00
      vertex   3.885230e+01 -3.623467e-01 -4.880000e+00
      vertex   3.871244e+01 -7.000000e-01 -4.880000e+00
    endloop
  endfacet
  facet normal 0.000000e+00 0.000000e+00 1.000000e+00
    outer loop
      vertex   3.927091e+01 -9.294463e-01 -4.880000e+00
      vertex   3.871244e+01 -7.000000e-01 -4.880000e+00
      vertex   3.899702e+01 -1.326245e+00 -4.880000e+00
    endloop
  endfacet
  facet normal 0.000000e+00 0.000000e+00 1.000000e+00
    outer loop
      vertex   3.899702e+01 -1.326245e+00 -4.880000e+00
      vertex   3.871244e+01 -7.000000e-01 -4.880000e+00
      vertex   3.848995e+01 -9.899495e-01 -4.880000e+00
    endloop
  endfacet
  facet normal 0.000000e+00 0.000000e+00 1.000000e+00
    outer loop
      vertex   3.899702e+01 -1.326245e+00 -4.880000e+00
      vertex   3.848995e+01 -9.899495e-01 -4.880000e+00
      vertex   3.863613e+01 -1.645968e+00 -4.880000e+00
    endloop
  endfacet
  facet normal 0.000000e+00 0.000000e+00 1.000000e+00
    outer loop
      vertex   3.863613e+01 -1.645968e+00 -4.880000e+00
      vertex   3.848995e+01 -9.899495e-01 -4.880000e+00
      vertex   3.820000e+01 -1.212436e+00 -4.880000e+00
    endloop
  endfacet
  facet normal 0.000000e+00 0.000000e+00 1.000000e+00
    outer loop
      vertex   3.863613e+01 -1.645968e+00 -4.880000e+00
      vertex   3.820000e+01 -1.212436e+00 -4.880000e+00
      vertex   3.820921e+01 -1.870032e+00 -4.880000e+00
    endloop
  endfacet
  facet normal 0.000000e+00 0.000000e+00 1.000000e+00
    outer loop
      vertex   3.820921e+01 -1.870032e+00 -4.880000e+00
      vertex   3.820000e+01 -1.212436e+00 -4.880000e+00
      vertex   3.786235e+01 -1.352296e+00 -4.880000e+00
    endloop
  endfacet
  facet normal 0.000000e+00 0.000000e+00 1.000000e+00
    outer loop
      vertex   3.820921e+01 -1.870032e+00 -4.880000e+00
      vertex   3.786235e+01 -1.352296e+00 -4.880000e+00
      vertex   3.774107e+01 -1.985418e+00 -4.880000e+00
    endloop
  endfacet
  facet normal 0.000000e+00 -0.000000e+00 1.000000e+00
    outer loop
      vertex   3.774107e+01 -1.985418e+00 -4.880000e+00
      vertex   3.786235e+01 -1.352296e+00 -4.880000e+00
      vertex   3.750000e+01 -1.400000e+00 -4.880000e+00
    endloop
  endfacet
  facet normal 0.000000e+00 0.000000e+00 1.000000e+00
    outer loop
      vertex   3.774107e+01 -1.985418e+00 -4.880000e+00
      vertex   3.750000e+01 -1.400000e+00 -4.880000e+00
      vertex   3.725893e+01 -1.985418e+00 -4.880000e+00
    endloop
  endfacet
  facet normal 0.000000e+00 -0.000000e+00 1.000000e+00
    outer loop
      vertex   3.725893e+01 -1.985418e+00 -4.880000e+00
      vertex   3.750000e+01 -1.400000e+00 -4.880000e+00
      vertex   3.713765e+01 -1.352296e+00 -4.880000e+00
    endloop
  endfacet
  facet normal 0.000000e+00 0.000000e+00 1.000000e+00
    outer loop
      vertex   3.725893e+01 -1.985418e+00 -4.880000e+00
      vertex   3.713765e+01 -1.352296e+00 -4.880000e+00
      vertex   3.679079e+01 -1.870032e+00 -4.880000e+00
    endloop
  endfacet
  facet normal 0.000000e+00 0.000000e+00 1.000000e+00
    outer loop
      vertex   3.679079e+01 -1.870032e+00 -4.880000e+00
      vertex   3.713765e+01 -1.352296e+00 -4.880000e+00
      vertex   3.680000e+01 -1.212436e+00 -4.880000e+00
    endloop
  endfacet
  facet normal 0.000000e+00 -0.000000e+00 1.000000e+00
    outer loop
      vertex   3.679079e+01 -1.870032e+00 -4.880000e+00
      vertex   3.680000e+01 -1.212436e+00 -4.880000e+00
      vertex   3.636387e+01 -1.645968e+00 -4.880000e+00
    endloop
  endfacet
  facet normal 0.000000e+00 0.000000e+00 1.000000e+00
    outer loop
      vertex   3.636387e+01 -1.645968e+00 -4.880000e+00
      vertex   3.680000e+01 -1.212436e+00 -4.880000e+00
      vertex   3.651005e+01 -9.899495e-01 -4.880000e+00
    endloop
  endfacet
  facet normal 0.000000e+00 -0.000000e+00 1.000000e+00
    outer loop
      vertex   3.636387e+01 -1.645968e+00 -4.880000e+00
      vertex   3.651005e+01 -9.899495e-01 -4.880000e+00
      vertex   3.600298e+01 -1.326245e+00 -4.880000e+00
    endloop
  endfacet
  facet normal 0.000000e+00 0.000000e+00 1.000000e+00
    outer loop
      vertex   3.600298e+01 -1.326245e+00 -4.880000e+00
      vertex   3.651005e+01 -9.899495e-01 -4.880000e+00
      vertex   3.628756e+01 -7.000000e-01 -4.880000e+00
    endloop
  endfacet
  facet normal 0.000000e+00 -0.000000e+00 1.000000e+00
    outer loop
      vertex   3.600298e+01 -1.326245e+00 -4.880000e+00
      vertex   3.628756e+01 -7.000000e-01 -4.880000e+00
      vertex   3.572909e+01 -9.294463e-01 -4.880000e+00
    endloop
  endfacet
  facet normal 0.000000e+00 0.000000e+00 1.000000e+00
    outer loop
      vertex   3.572909e+01 -9.294463e-01 -4.880000e+00
      vertex   3.628756e+01 -7.000000e-01 -4.880000e+00
      vertex   3.614770e+01 -3.623467e-01 -4.880000e+00
    endloop
  endfacet
  facet normal 0.000000e+00 -0.000000e+00 1.000000e+00
    outer loop
      vertex   3.572909e+01 -9.294463e-01 -4.880000e+00
      vertex   3.614770e+01 -3.623467e-01 -4.880000e+00
      vertex   3.555812e+01 -4.786313e-01 -4.880000e+00
    endloop
  endfacet
  facet normal 0.000000e+00 0.000000e+00 1.000000e+00
    outer loop
      vertex   3.555812e+01 -4.786313e-01 -4.880000e+00
      vertex   3.614770e+01 -3.623467e-01 -4.880000e+00
      vertex   3.610000e+01 4.106259e-16 -4.880000e+00
    endloop
  endfacet
  facet normal 0.000000e+00 -0.000000e+00 1.000000e+00
    outer loop
      vertex   3.555812e+01 -4.786313e-01 -4.880000e+00
      vertex   3.610000e+01 4.106259e-16 -4.880000e+00
      vertex   3.550000e+01 4.106259e-16 -4.880000e+00
    endloop
  endfacet
  facet normal 0.000000e+00 0.000000e+00 1.000000e+00
    outer loop
      vertex   3.550000e+01 4.106259e-16 -4.880000e+00
      vertex   3.610000e+01 4.106259e-16 -4.880000e+00
      vertex   3.555812e+01 4.786313e-01 -4.880000e+00
    endloop
  endfacet
  facet normal 0.000000e+00 0.000000e+00 1.000000e+00
    outer loop
      vertex   3.555812e+01 4.786313e-01 -4.880000e+00
      vertex   3.610000e+01 4.106259e-16 -4.880000e+00
      vertex   3.614770e+01 3.623467e-01 -4.880000e+00
    endloop
  endfacet
  facet normal -0.000000e+00 0.000000e+00 1.000000e+00
    outer loop
      vertex   3.555812e+01 4.786313e-01 -4.880000e+00
      vertex   3.614770e+01 3.623467e-01 -4.880000e+00
      vertex   3.572909e+01 9.294463e-01 -4.880000e+00
    endloop
  endfacet
  facet normal 0.000000e+00 0.000000e+00 1.000000e+00
    outer loop
      vertex   3.572909e+01 9.294463e-01 -4.880000e+00
      vertex   3.614770e+01 3.623467e-01 -4.880000e+00
      vertex   3.628756e+01 7.000000e-01 -4.880000e+00
    endloop
  endfacet
  facet normal -0.000000e+00 0.000000e+00 1.000000e+00
    outer loop
      vertex   3.572909e+01 9.294463e-01 -4.880000e+00
      vertex   3.628756e+01 7.000000e-01 -4.880000e+00
      vertex   3.600298e+01 1.326245e+00 -4.880000e+00
    endloop
  endfacet
  facet normal 0.000000e+00 0.000000e+00 1.000000e+00
    outer loop
      vertex   3.600298e+01 1.326245e+00 -4.880000e+00
      vertex   3.628756e+01 7.000000e-01 -4.880000e+00
      vertex   3.651005e+01 9.899495e-01 -4.880000e+00
    endloop
  endfacet
  facet normal -0.000000e+00 0.000000e+00 1.000000e+00
    outer loop
      vertex   3.600298e+01 1.326245e+00 -4.880000e+00
      vertex   3.651005e+01 9.899495e-01 -4.880000e+00
      vertex   3.636387e+01 1.645968e+00 -4.880000e+00
    endloop
  endfacet
  facet normal 0.000000e+00 0.000000e+00 1.000000e+00
    outer loop
      vertex   3.636387e+01 1.645968e+00 -4.880000e+00
      vertex   3.651005e+01 9.899495e-01 -4.880000e+00
      vertex   3.680000e+01 1.212436e+00 -4.880000e+00
    endloop
  endfacet
  facet normal -0.000000e+00 0.000000e+00 1.000000e+00
    outer loop
      vertex   3.636387e+01 1.645968e+00 -4.880000e+00
      vertex   3.680000e+01 1.212436e+00 -4.880000e+00
      vertex   3.679079e+01 1.870032e+00 -4.880000e+00
    endloop
  endfacet
  facet normal 0.000000e+00 0.000000e+00 1.000000e+00
    outer loop
      vertex   3.679079e+01 1.870032e+00 -4.880000e+00
      vertex   3.680000e+01 1.212436e+00 -4.880000e+00
      vertex   3.713765e+01 1.352296e+00 -4.880000e+00
    endloop
  endfacet
  facet normal -0.000000e+00 0.000000e+00 1.000000e+00
    outer loop
      vertex   3.679079e+01 1.870032e+00 -4.880000e+00
      vertex   3.713765e+01 1.352296e+00 -4.880000e+00
      vertex   3.725893e+01 1.985418e+00 -4.880000e+00
    endloop
  endfacet
  facet normal 0.000000e+00 0.000000e+00 1.000000e+00
    outer loop
      vertex   3.725893e+01 1.985418e+00 -4.880000e+00
      vertex   3.713765e+01 1.352296e+00 -4.880000e+00
      vertex   3.750000e+01 1.400000e+00 -4.880000e+00
    endloop
  endfacet
  facet normal -0.000000e+00 0.000000e+00 1.000000e+00
    outer loop
      vertex   3.725893e+01 1.985418e+00 -4.880000e+00
      vertex   3.750000e+01 1.400000e+00 -4.880000e+00
      vertex   3.774107e+01 1.985418e+00 -4.880000e+00
    endloop
  endfacet
  facet normal 0.000000e+00 0.000000e+00 1.000000e+00
    outer loop
      vertex   3.774107e+01 1.985418e+00 -4.880000e+00
      vertex   3.750000e+01 1.400000e+00 -4.880000e+00
      vertex   3.786235e+01 1.352296e+00 -4.880000e+00
    endloop
  endfacet
  facet normal 0.000000e+00 0.000000e+00 1.000000e+00
    outer loop
      vertex   3.774107e+01 1.985418e+00 -4.880000e+00
      vertex   3.786235e+01 1.352296e+00 -4.880000e+00
      vertex   3.820921e+01 1.870032e+00 -4.880000e+00
    endloop
  endfacet
  facet normal 0.000000e+00 0.000000e+00 1.000000e+00
    outer loop
      vertex   3.820921e+01 1.870032e+00 -4.880000e+00
      vertex   3.786235e+01 1.352296e+00 -4.880000e+00
      vertex   3.820000e+01 1.212436e+00 -4.880000e+00
    endloop
  endfacet
  facet normal 0.000000e+00 0.000000e+00 1.000000e+00
    outer loop
      vertex   3.820921e+01 1.870032e+00 -4.880000e+00
      vertex   3.820000e+01 1.212436e+00 -4.880000e+00
      vertex   3.863613e+01 1.645968e+00 -4.880000e+00
    endloop
  endfacet
  facet normal 0.000000e+00 0.000000e+00 1.000000e+00
    outer loop
      vertex   3.863613e+01 1.645968e+00 -4.880000e+00
      vertex   3.820000e+01 1.212436e+00 -4.880000e+00
      vertex   3.848995e+01 9.899495e-01 -4.880000e+00
    endloop
  endfacet
  facet normal 0.000000e+00 0.000000e+00 1.000000e+00
    outer loop
      vertex   3.863613e+01 1.645968e+00 -4.880000e+00
      vertex   3.848995e+01 9.899495e-01 -4.880000e+00
      vertex   3.899702e+01 1.326245e+00 -4.880000e+00
    endloop
  endfacet
  facet normal 0.000000e+00 0.000000e+00 1.000000e+00
    outer loop
      vertex   3.899702e+01 1.326245e+00 -4.880000e+00
      vertex   3.848995e+01 9.899495e-01 -4.880000e+00
      vertex   3.871244e+01 7.000000e-01 -4.880000e+00
    endloop
  endfacet
  facet normal 0.000000e+00 0.000000e+00 1.000000e+00
    outer loop
      vertex   3.899702e+01 1.326245e+00 -4.880000e+00
      vertex   3.871244e+01 7.000000e-01 -4.880000e+00
      vertex   3.927091e+01 9.294463e-01 -4.880000e+00
    endloop
  endfacet
  facet normal 0.000000e+00 0.000000e+00 1.000000e+00
    outer loop
      vertex   3.927091e+01 9.294463e-01 -4.880000e+00
      vertex   3.871244e+01 7.000000e-01 -4.880000e+00
      vertex   3.885230e+01 3.623467e-01 -4.880000e+00
    endloop
  endfacet
  facet normal 0.000000e+00 0.000000e+00 1.000000e+00
    outer loop
      vertex   3.927091e+01 9.294463e-01 -4.880000e+00
      vertex   3.885230e+01 3.623467e-01 -4.880000e+00
      vertex   3.944188e+01 4.786313e-01 -4.880000e+00
    endloop
  endfacet
  facet normal 0.000000e+00 0.000000e+00 1.000000e+00
    outer loop
      vertex   3.944188e+01 4.786313e-01 -4.880000e+00
      vertex   3.885230e+01 3.623467e-01 -4.880000e+00
      vertex   3.890000e+01 5.820764e-16 -4.880000e+00
    endloop
  endfacet
  facet normal -9.914449e-01 1.305262e-01 1.284691e-17
    outer loop
      vertex   3.885230e+01 -3.623467e-01 -7.700000e+00
      vertex   3.885230e+01 -3.623467e-01 -4.880000e+00
      vertex   3.890000e+01 4.976497e-16 -7.700000e+00
    endloop
  endfacet
  facet normal -9.914449e-01 1.305262e-01 -3.907768e-18
    outer loop
      vertex   3.890000e+01 4.976497e-16 -7.700000e+00
      vertex   3.885230e+01 -3.623467e-01 -4.880000e+00
      vertex   3.890000e+01 5.820764e-16 -4.880000e+00
    endloop
  endfacet
  facet normal -9.914449e-01 -1.305262e-01 3.907768e-18
    outer loop
      vertex   3.890000e+01 4.976497e-16 -7.700000e+00
      vertex   3.890000e+01 5.820764e-16 -4.880000e+00
      vertex   3.885230e+01 3.623467e-01 -7.700000e+00
    endloop
  endfacet
  facet normal -9.914449e-01 -1.305262e-01 -1.284691e-17
    outer loop
      vertex   3.885230e+01 3.623467e-01 -7.700000e+00
      vertex   3.890000e+01 5.820764e-16 -4.880000e+00
      vertex   3.885230e+01 3.623467e-01 -4.880000e+00
    endloop
  endfacet
  facet normal -9.238795e-01 -3.826834e-01 -3.766524e-17
    outer loop
      vertex   3.885230e+01 3.623467e-01 -7.700000e+00
      vertex   3.885230e+01 3.623467e-01 -4.880000e+00
      vertex   3.871244e+01 7.000000e-01 -7.700000e+00
    endloop
  endfacet
  facet normal -9.238795e-01 -3.826834e-01 -3.013220e-17
    outer loop
      vertex   3.871244e+01 7.000000e-01 -7.700000e+00
      vertex   3.885230e+01 3.623467e-01 -4.880000e+00
      vertex   3.871244e+01 7.000000e-01 -4.880000e+00
    endloop
  endfacet
  facet normal -7.933533e-01 -6.087614e-01 -4.793340e-17
    outer loop
      vertex   3.871244e+01 7.000000e-01 -7.700000e+00
      vertex   3.871244e+01 7.000000e-01 -4.880000e+00
      vertex   3.848995e+01 9.899495e-01 -7.700000e+00
    endloop
  endfacet
  facet normal -7.933533e-01 -6.087614e-01 -4.793340e-17
    outer loop
      vertex   3.848995e+01 9.899495e-01 -7.700000e+00
      vertex   3.871244e+01 7.000000e-01 -4.880000e+00
      vertex   3.848995e+01 9.899495e-01 -4.880000e+00
    endloop
  endfacet
  facet normal -6.087614e-01 -7.933533e-01 -6.246802e-17
    outer loop
      vertex   3.848995e+01 9.899495e-01 -7.700000e+00
      vertex   3.848995e+01 9.899495e-01 -4.880000e+00
      vertex   3.820000e+01 1.212436e+00 -7.700000e+00
    endloop
  endfacet
  facet normal -6.087614e-01 -7.933533e-01 -6.246802e-17
    outer loop
      vertex   3.820000e+01 1.212436e+00 -7.700000e+00
      vertex   3.848995e+01 9.899495e-01 -4.880000e+00
      vertex   3.820000e+01 1.212436e+00 -4.880000e+00
    endloop
  endfacet
  facet normal -3.826834e-01 -9.238795e-01 -7.274556e-17
    outer loop
      vertex   3.820000e+01 1.212436e+00 -7.700000e+00
      vertex   3.820000e+01 1.212436e+00 -4.880000e+00
      vertex   3.786235e+01 1.352296e+00 -7.700000e+00
    endloop
  endfacet
  facet normal -3.826834e-01 -9.238795e-01 -7.274556e-17
    outer loop
      vertex   3.786235e+01 1.352296e+00 -7.700000e+00
      vertex   3.820000e+01 1.212436e+00 -4.880000e+00
      vertex   3.786235e+01 1.352296e+00 -4.880000e+00
    endloop
  endfacet
  facet normal -1.305262e-01 -9.914449e-01 -7.806560e-17
    outer loop
      vertex   3.786235e+01 1.352296e+00 -7.700000e+00
      vertex   3.786235e+01 1.352296e+00 -4.880000e+00
      vertex   3.750000e+01 1.400000e+00 -7.700000e+00
    endloop
  endfacet
  facet normal -1.305262e-01 -9.914449e-01 -7.806560e-17
    outer loop
      vertex   3.750000e+01 1.400000e+00 -7.700000e+00
      vertex   3.786235e+01 1.352296e+00 -4.880000e+00
      vertex   3.750000e+01 1.400000e+00 -4.880000e+00
    endloop
  endfacet
  facet normal 1.305262e-01 -9.914449e-01 -7.806560e-17
    outer loop
      vertex   3.750000e+01 1.400000e+00 -7.700000e+00
      vertex   3.750000e+01 1.400000e+00 -4.880000e+00
      vertex   3.713765e+01 1.352296e+00 -7.700000e+00
    endloop
  endfacet
  facet normal 1.305262e-01 -9.914449e-01 -1.561312e-16
    outer loop
      vertex   3.713765e+01 1.352296e+00 -7.700000e+00
      vertex   3.750000e+01 1.400000e+00 -4.880000e+00
      vertex   3.713765e+01 1.352296e+00 -4.880000e+00
    endloop
  endfacet
  facet normal 3.826834e-01 -9.238795e-01 -1.454911e-16
    outer loop
      vertex   3.713765e+01 1.352296e+00 -7.700000e+00
      vertex   3.713765e+01 1.352296e+00 -4.880000e+00
      vertex   3.680000e+01 1.212436e+00 -7.700000e+00
    endloop
  endfacet
  facet normal 3.826834e-01 -9.238795e-01 -1.454911e-16
    outer loop
      vertex   3.680000e+01 1.212436e+00 -7.700000e+00
      vertex   3.713765e+01 1.352296e+00 -4.880000e+00
      vertex   3.680000e+01 1.212436e+00 -4.880000e+00
    endloop
  endfacet
  facet normal 6.087614e-01 -7.933533e-01 -1.249360e-16
    outer loop
      vertex   3.680000e+01 1.212436e+00 -7.700000e+00
      vertex   3.680000e+01 1.212436e+00 -4.880000e+00
      vertex   3.651005e+01 9.899495e-01 -7.700000e+00
    endloop
  endfacet
  facet normal 6.087614e-01 -7.933533e-01 -6.246802e-17
    outer loop
      vertex   3.651005e+01 9.899495e-01 -7.700000e+00
      vertex   3.680000e+01 1.212436e+00 -4.880000e+00
      vertex   3.651005e+01 9.899495e-01 -4.880000e+00
    endloop
  endfacet
  facet normal 7.933533e-01 -6.087614e-01 -4.793340e-17
    outer loop
      vertex   3.651005e+01 9.899495e-01 -7.700000e+00
      vertex   3.651005e+01 9.899495e-01 -4.880000e+00
      vertex   3.628756e+01 7.000000e-01 -7.700000e+00
    endloop
  endfacet
  facet normal 7.933533e-01 -6.087614e-01 -7.190010e-17
    outer loop
      vertex   3.628756e+01 7.000000e-01 -7.700000e+00
      vertex   3.651005e+01 9.899495e-01 -4.880000e+00
      vertex   3.628756e+01 7.000000e-01 -4.880000e+00
    endloop
  endfacet
  facet normal 9.238795e-01 -3.826834e-01 -4.519829e-17
    outer loop
      vertex   3.628756e+01 7.000000e-01 -7.700000e+00
      vertex   3.628756e+01 7.000000e-01 -4.880000e+00
      vertex   3.614770e+01 3.623467e-01 -7.700000e+00
    endloop
  endfacet
  facet normal 9.238795e-01 -3.826834e-01 -3.766524e-17
    outer loop
      vertex   3.614770e+01 3.623467e-01 -7.700000e+00
      vertex   3.628756e+01 7.000000e-01 -4.880000e+00
      vertex   3.614770e+01 3.623467e-01 -4.880000e+00
    endloop
  endfacet
  facet normal 9.914449e-01 -1.305262e-01 -1.284691e-17
    outer loop
      vertex   3.614770e+01 3.623467e-01 -7.700000e+00
      vertex   3.614770e+01 3.623467e-01 -4.880000e+00
      vertex   3.610000e+01 6.691002e-16 -7.700000e+00
    endloop
  endfacet
  facet normal 9.914449e-01 -1.305262e-01 -1.196371e-17
    outer loop
      vertex   3.610000e+01 6.691002e-16 -7.700000e+00
      vertex   3.614770e+01 3.623467e-01 -4.880000e+00
      vertex   3.610000e+01 4.106259e-16 -4.880000e+00
    endloop
  endfacet
  facet normal 9.914449e-01 1.305262e-01 1.196371e-17
    outer loop
      vertex   3.610000e+01 6.691002e-16 -7.700000e+00
      vertex   3.610000e+01 4.106259e-16 -4.880000e+00
      vertex   3.614770e+01 -3.623467e-01 -7.700000e+00
    endloop
  endfacet
  facet normal 9.914449e-01 1.305262e-01 1.027753e-17
    outer loop
      vertex   3.614770e+01 -3.623467e-01 -7.700000e+00
      vertex   3.610000e+01 4.106259e-16 -4.880000e+00
      vertex   3.614770e+01 -3.623467e-01 -4.880000e+00
    endloop
  endfacet
  facet normal 9.238795e-01 3.826834e-01 3.013220e-17
    outer loop
      vertex   3.614770e+01 -3.623467e-01 -7.700000e+00
      vertex   3.614770e+01 -3.623467e-01 -4.880000e+00
      vertex   3.628756e+01 -7.000000e-01 -7.700000e+00
    endloop
  endfacet
  facet normal 9.238795e-01 3.826834e-01 4.519829e-17
    outer loop
      vertex   3.628756e+01 -7.000000e-01 -7.700000e+00
      vertex   3.614770e+01 -3.623467e-01 -4.880000e+00
      vertex   3.628756e+01 -7.000000e-01 -4.880000e+00
    endloop
  endfacet
  facet normal 7.933533e-01 6.087614e-01 7.190010e-17
    outer loop
      vertex   3.628756e+01 -7.000000e-01 -7.700000e+00
      vertex   3.628756e+01 -7.000000e-01 -4.880000e+00
      vertex   3.651005e+01 -9.899495e-01 -7.700000e+00
    endloop
  endfacet
  facet normal 7.933533e-01 6.087614e-01 4.793340e-17
    outer loop
      vertex   3.651005e+01 -9.899495e-01 -7.700000e+00
      vertex   3.628756e+01 -7.000000e-01 -4.880000e+00
      vertex   3.651005e+01 -9.899495e-01 -4.880000e+00
    endloop
  endfacet
  facet normal 6.087614e-01 7.933533e-01 6.246802e-17
    outer loop
      vertex   3.651005e+01 -9.899495e-01 -7.700000e+00
      vertex   3.651005e+01 -9.899495e-01 -4.880000e+00
      vertex   3.680000e+01 -1.212436e+00 -7.700000e+00
    endloop
  endfacet
  facet normal 6.087614e-01 7.933533e-01 6.246802e-17
    outer loop
      vertex   3.680000e+01 -1.212436e+00 -7.700000e+00
      vertex   3.651005e+01 -9.899495e-01 -4.880000e+00
      vertex   3.680000e+01 -1.212436e+00 -4.880000e+00
    endloop
  endfacet
  facet normal 3.826834e-01 9.238795e-01 7.274556e-17
    outer loop
      vertex   3.680000e+01 -1.212436e+00 -7.700000e+00
      vertex   3.680000e+01 -1.212436e+00 -4.880000e+00
      vertex   3.713765e+01 -1.352296e+00 -7.700000e+00
    endloop
  endfacet
  facet normal 3.826834e-01 9.238795e-01 7.274556e-17
    outer loop
      vertex   3.713765e+01 -1.352296e+00 -7.700000e+00
      vertex   3.680000e+01 -1.212436e+00 -4.880000e+00
      vertex   3.713765e+01 -1.352296e+00 -4.880000e+00
    endloop
  endfacet
  facet normal 1.305262e-01 9.914449e-01 7.806560e-17
    outer loop
      vertex   3.713765e+01 -1.352296e+00 -7.700000e+00
      vertex   3.713765e+01 -1.352296e+00 -4.880000e+00
      vertex   3.750000e+01 -1.400000e+00 -7.700000e+00
    endloop
  endfacet
  facet normal 1.305262e-01 9.914449e-01 7.806560e-17
    outer loop
      vertex   3.750000e+01 -1.400000e+00 -7.700000e+00
      vertex   3.713765e+01 -1.352296e+00 -4.880000e+00
      vertex   3.750000e+01 -1.400000e+00 -4.880000e+00
    endloop
  endfacet
  facet normal -1.305262e-01 9.914449e-01 7.806560e-17
    outer loop
      vertex   3.750000e+01 -1.400000e+00 -7.700000e+00
      vertex   3.750000e+01 -1.400000e+00 -4.880000e+00
      vertex   3.786235e+01 -1.352296e+00 -7.700000e+00
    endloop
  endfacet
  facet normal -1.305262e-01 9.914449e-01 7.806560e-17
    outer loop
      vertex   3.786235e+01 -1.352296e+00 -7.700000e+00
      vertex   3.750000e+01 -1.400000e+00 -4.880000e+00
      vertex   3.786235e+01 -1.352296e+00 -4.880000e+00
    endloop
  endfacet
  facet normal -3.826834e-01 9.238795e-01 7.274556e-17
    outer loop
      vertex   3.786235e+01 -1.352296e+00 -7.700000e+00
      vertex   3.786235e+01 -1.352296e+00 -4.880000e+00
      vertex   3.820000e+01 -1.212436e+00 -7.700000e+00
    endloop
  endfacet
  facet normal -3.826834e-01 9.238795e-01 7.274556e-17
    outer loop
      vertex   3.820000e+01 -1.212436e+00 -7.700000e+00
      vertex   3.786235e+01 -1.352296e+00 -4.880000e+00
      vertex   3.820000e+01 -1.212436e+00 -4.880000e+00
    endloop
  endfacet
  facet normal -6.087614e-01 7.933533e-01 6.246802e-17
    outer loop
      vertex   3.820000e+01 -1.212436e+00 -7.700000e+00
      vertex   3.820000e+01 -1.212436e+00 -4.880000e+00
      vertex   3.848995e+01 -9.899495e-01 -7.700000e+00
    endloop
  endfacet
  facet normal -6.087614e-01 7.933533e-01 6.246802e-17
    outer loop
      vertex   3.848995e+01 -9.899495e-01 -7.700000e+00
      vertex   3.820000e+01 -1.212436e+00 -4.880000e+00
      vertex   3.848995e+01 -9.899495e-01 -4.880000e+00
    endloop
  endfacet
  facet normal -7.933533e-01 6.087614e-01 4.793340e-17
    outer loop
      vertex   3.848995e+01 -9.899495e-01 -7.700000e+00
      vertex   3.848995e+01 -9.899495e-01 -4.880000e+00
      vertex   3.871244e+01 -7.000000e-01 -7.700000e+00
    endloop
  endfacet
  facet normal -7.933533e-01 6.087614e-01 7.190010e-17
    outer loop
      vertex   3.871244e+01 -7.000000e-01 -7.700000e+00
      vertex   3.848995e+01 -9.899495e-01 -4.880000e+00
      vertex   3.871244e+01 -7.000000e-01 -4.880000e+00
    endloop
  endfacet
  facet normal -9.238795e-01 3.826834e-01 4.519829e-17
    outer loop
      vertex   3.871244e+01 -7.000000e-01 -7.700000e+00
      vertex   3.871244e+01 -7.000000e-01 -4.880000e+00
      vertex   3.885230e+01 -3.623467e-01 -7.700000e+00
    endloop
  endfacet
  facet normal -9.238795e-01 3.826834e-01 3.766524e-17
    outer loop
      vertex   3.885230e+01 -3.623467e-01 -7.700000e+00
      vertex   3.871244e+01 -7.000000e-01 -4.880000e+00
      vertex   3.885230e+01 -3.623467e-01 -4.880000e+00
    endloop
  endfacet
  facet normal -1.000000e+00 0.000000e+00 0.000000e+00
    outer loop
      vertex   4.200000e+01 1.950000e+00 -1.420000e+01
      vertex   4.200000e+01 2.008605e+00 -1.360497e+01
      vertex   4.200000e+01 2.008605e+00 -1.479503e+01
    endloop
  endfacet
  facet normal -1.000000e+00 0.000000e+00 0.000000e+00
    outer loop
      vertex   4.200000e+01 2.008605e+00 -1.479503e+01
      vertex   4.200000e+01 2.008605e+00 -1.360497e+01
      vertex   4.200000e+01 2.182167e+00 -1.536718e+01
    endloop
  endfacet
  facet normal -1.000000e+00 0.000000e+00 0.000000e+00
    outer loop
      vertex   4.200000e+01 2.182167e+00 -1.536718e+01
      vertex   4.200000e+01 2.008605e+00 -1.360497e+01
      vertex   4.200000e+01 2.182167e+00 -1.303282e+01
    endloop
  endfacet
  facet normal -1.000000e+00 0.000000e+00 0.000000e+00
    outer loop
      vertex   4.200000e+01 2.182167e+00 -1.536718e+01
      vertex   4.200000e+01 2.182167e+00 -1.303282e+01
      vertex   4.200000e+01 2.464018e+00 -1.589449e+01
    endloop
  endfacet
  facet normal -1.000000e+00 0.000000e+00 0.000000e+00
    outer loop
      vertex   4.200000e+01 2.464018e+00 -1.589449e+01
      vertex   4.200000e+01 2.182167e+00 -1.303282e+01
      vertex   4.200000e+01 2.464018e+00 -1.250551e+01
    endloop
  endfacet
  facet normal -1.000000e+00 0.000000e+00 0.000000e+00
    outer loop
      vertex   4.200000e+01 2.464018e+00 -1.589449e+01
      vertex   4.200000e+01 2.464018e+00 -1.250551e+01
      vertex   4.200000e+01 2.843324e+00 -1.635668e+01
    endloop
  endfacet
  facet normal -1.000000e+00 0.000000e+00 0.000000e+00
    outer loop
      vertex   4.200000e+01 2.843324e+00 -1.635668e+01
      vertex   4.200000e+01 2.464018e+00 -1.250551e+01
      vertex   4.200000e+01 2.843324e+00 -1.204332e+01
    endloop
  endfacet
  facet normal -1.000000e+00 0.000000e+00 0.000000e+00
    outer loop
      vertex   4.200000e+01 2.843324e+00 -1.635668e+01
      vertex   4.200000e+01 2.843324e+00 -1.204332e+01
      vertex   4.200000e+01 3.305511e+00 -1.673598e+01
    endloop
  endfacet
  facet normal -1.000000e+00 0.000000e+00 0.000000e+00
    outer loop
      vertex   4.200000e+01 3.305511e+00 -1.673598e+01
      vertex   4.200000e+01 2.843324e+00 -1.204332e+01
      vertex   4.200000e+01 3.305511e+00 -1.166402e+01
    endloop
  endfacet
  facet normal -1.000000e+00 0.000000e+00 0.000000e+00
    outer loop
      vertex   4.200000e+01 3.305511e+00 -1.673598e+01
      vertex   4.200000e+01 3.305511e+00 -1.166402e+01
      vertex   4.200000e+01 3.832816e+00 -1.701783e+01
    endloop
  endfacet
  facet normal -1.000000e+00 0.000000e+00 0.000000e+00
    outer loop
      vertex   4.200000e+01 3.832816e+00 -1.701783e+01
      vertex   4.200000e+01 3.305511e+00 -1.166402e+01
      vertex   4.200000e+01 3.832816e+00 -1.138217e+01
    endloop
  endfacet
  facet normal -1.000000e+00 0.000000e+00 0.000000e+00
    outer loop
      vertex   4.200000e+01 3.832816e+00 -1.701783e+01
      vertex   4.200000e+01 3.832816e+00 -1.138217e+01
      vertex   4.200000e+01 4.404975e+00 -1.719140e+01
    endloop
  endfacet
  facet normal -1.000000e+00 0.000000e+00 0.000000e+00
    outer loop
      vertex   4.200000e+01 4.404975e+00 -1.719140e+01
      vertex   4.200000e+01 3.832816e+00 -1.138217e+01
      vertex   4.200000e+01 4.404975e+00 -1.120860e+01
    endloop
  endfacet
  facet normal -1.000000e+00 0.000000e+00 0.000000e+00
    outer loop
      vertex   4.200000e+01 4.404975e+00 -1.719140e+01
      vertex   4.200000e+01 4.404975e+00 -1.120860e+01
      vertex   4.200000e+01 5.000000e+00 -1.725000e+01
    endloop
  endfacet
  facet normal -1.000000e+00 0.000000e+00 0.000000e+00
    outer loop
      vertex   4.200000e+01 5.000000e+00 -1.725000e+01
      vertex   4.200000e+01 4.404975e+00 -1.120860e+01
      vertex   4.200000e+01 5.000000e+00 -1.115000e+01
    endloop
  endfacet
  facet normal -1.000000e+00 0.000000e+00 0.000000e+00
    outer loop
      vertex   4.200000e+01 5.000000e+00 -1.725000e+01
      vertex   4.200000e+01 5.000000e+00 -1.115000e+01
      vertex   4.200000e+01 5.595025e+00 -1.719140e+01
    endloop
  endfacet
  facet normal -1.000000e+00 0.000000e+00 0.000000e+00
    outer loop
      vertex   4.200000e+01 5.595025e+00 -1.719140e+01
      vertex   4.200000e+01 5.000000e+00 -1.115000e+01
      vertex   4.200000e+01 5.595025e+00 -1.120860e+01
    endloop
  endfacet
  facet normal -1.000000e+00 0.000000e+00 0.000000e+00
    outer loop
      vertex   4.200000e+01 5.595025e+00 -1.719140e+01
      vertex   4.200000e+01 5.595025e+00 -1.120860e+01
      vertex   4.200000e+01 6.167184e+00 -1.701783e+01
    endloop
  endfacet
  facet normal -1.000000e+00 0.000000e+00 0.000000e+00
    outer loop
      vertex   4.200000e+01 6.167184e+00 -1.701783e+01
      vertex   4.200000e+01 5.595025e+00 -1.120860e+01
      vertex   4.200000e+01 6.167184e+00 -1.138217e+01
    endloop
  endfacet
  facet normal -1.000000e+00 0.000000e+00 0.000000e+00
    outer loop
      vertex   4.200000e+01 6.167184e+00 -1.701783e+01
      vertex   4.200000e+01 6.167184e+00 -1.138217e+01
      vertex   4.200000e+01 6.694489e+00 -1.673598e+01
    endloop
  endfacet
  facet normal -1.000000e+00 0.000000e+00 0.000000e+00
    outer loop
      vertex   4.200000e+01 6.694489e+00 -1.673598e+01
      vertex   4.200000e+01 6.167184e+00 -1.138217e+01
      vertex   4.200000e+01 6.694489e+00 -1.166402e+01
    endloop
  endfacet
  facet normal -1.000000e+00 0.000000e+00 0.000000e+00
    outer loop
      vertex   4.200000e+01 6.694489e+00 -1.673598e+01
      vertex   4.200000e+01 6.694489e+00 -1.166402e+01
      vertex   4.200000e+01 7.156676e+00 -1.635668e+01
    endloop
  endfacet
  facet normal -1.000000e+00 0.000000e+00 0.000000e+00
    outer loop
      vertex   4.200000e+01 7.156676e+00 -1.635668e+01
      vertex   4.200000e+01 6.694489e+00 -1.166402e+01
      vertex   4.200000e+01 7.156676e+00 -1.204332e+01
    endloop
  endfacet
  facet normal -1.000000e+00 0.000000e+00 0.000000e+00
    outer loop
      vertex   4.200000e+01 7.156676e+00 -1.635668e+01
      vertex   4.200000e+01 7.156676e+00 -1.204332e+01
      vertex   4.200000e+01 7.535982e+00 -1.589449e+01
    endloop
  endfacet
  facet normal -1.000000e+00 0.000000e+00 0.000000e+00
    outer loop
      vertex   4.200000e+01 7.535982e+00 -1.589449e+01
      vertex   4.200000e+01 7.156676e+00 -1.204332e+01
      vertex   4.200000e+01 7.535982e+00 -1.250551e+01
    endloop
  endfacet
  facet normal -1.000000e+00 0.000000e+00 0.000000e+00
    outer loop
      vertex   4.200000e+01 7.535982e+00 -1.589449e+01
      vertex   4.200000e+01 7.535982e+00 -1.250551e+01
      vertex   4.200000e+01 7.817833e+00 -1.536718e+01
    endloop
  endfacet
  facet normal -1.000000e+00 0.000000e+00 0.000000e+00
    outer loop
      vertex   4.200000e+01 7.817833e+00 -1.536718e+01
      vertex   4.200000e+01 7.535982e+00 -1.250551e+01
      vertex   4.200000e+01 7.817833e+00 -1.303282e+01
    endloop
  endfacet
  facet normal -1.000000e+00 0.000000e+00 0.000000e+00
    outer loop
      vertex   4.200000e+01 7.817833e+00 -1.536718e+01
      vertex   4.200000e+01 7.817833e+00 -1.303282e+01
      vertex   4.200000e+01 7.991395e+00 -1.479503e+01
    endloop
  endfacet
  facet normal -1.000000e+00 0.000000e+00 0.000000e+00
    outer loop
      vertex   4.200000e+01 7.991395e+00 -1.479503e+01
      vertex   4.200000e+01 7.817833e+00 -1.303282e+01
      vertex   4.200000e+01 7.991395e+00 -1.360497e+01
    endloop
  endfacet
  facet normal -1.000000e+00 0.000000e+00 0.000000e+00
    outer loop
      vertex   4.200000e+01 7.991395e+00 -1.479503e+01
      vertex   4.200000e+01 7.991395e+00 -1.360497e+01
      vertex   4.200000e+01 8.050000e+00 -1.420000e+01
    endloop
  endfacet
  facet normal -1.000000e+00 0.000000e+00 0.000000e+00
    outer loop
      vertex   4.200000e+01 -2.605000e+01 -1.420000e+01
      vertex   4.200000e+01 -2.599140e+01 -1.360497e+01
      vertex   4.200000e+01 -2.599140e+01 -1.479503e+01
    endloop
  endfacet
  facet normal -1.000000e+00 0.000000e+00 0.000000e+00
    outer loop
      vertex   4.200000e+01 -2.599140e+01 -1.479503e+01
      vertex   4.200000e+01 -2.599140e+01 -1.360497e+01
      vertex   4.200000e+01 -2.581783e+01 -1.536718e+01
    endloop
  endfacet
  facet normal -1.000000e+00 0.000000e+00 0.000000e+00
    outer loop
      vertex   4.200000e+01 -2.581783e+01 -1.536718e+01
      vertex   4.200000e+01 -2.599140e+01 -1.360497e+01
      vertex   4.200000e+01 -2.581783e+01 -1.303282e+01
    endloop
  endfacet
  facet normal -1.000000e+00 0.000000e+00 0.000000e+00
    outer loop
      vertex   4.200000e+01 -2.581783e+01 -1.536718e+01
      vertex   4.200000e+01 -2.581783e+01 -1.303282e+01
      vertex   4.200000e+01 -2.553598e+01 -1.589449e+01
    endloop
  endfacet
  facet normal -1.000000e+00 0.000000e+00 0.000000e+00
    outer loop
      vertex   4.200000e+01 -2.553598e+01 -1.589449e+01
      vertex   4.200000e+01 -2.581783e+01 -1.303282e+01
      vertex   4.200000e+01 -2.553598e+01 -1.250551e+01
    endloop
  endfacet
  facet normal -1.000000e+00 0.000000e+00 0.000000e+00
    outer loop
      vertex   4.200000e+01 -2.553598e+01 -1.589449e+01
      vertex   4.200000e+01 -2.553598e+01 -1.250551e+01
      vertex   4.200000e+01 -2.515668e+01 -1.635668e+01
    endloop
  endfacet
  facet normal -1.000000e+00 0.000000e+00 0.000000e+00
    outer loop
      vertex   4.200000e+01 -2.515668e+01 -1.635668e+01
      vertex   4.200000e+01 -2.553598e+01 -1.250551e+01
      vertex   4.200000e+01 -2.515668e+01 -1.204332e+01
    endloop
  endfacet
  facet normal -1.000000e+00 0.000000e+00 0.000000e+00
    outer loop
      vertex   4.200000e+01 -2.515668e+01 -1.635668e+01
      vertex   4.200000e+01 -2.515668e+01 -1.204332e+01
      vertex   4.200000e+01 -2.469449e+01 -1.673598e+01
    endloop
  endfacet
  facet normal -1.000000e+00 0.000000e+00 0.000000e+00
    outer loop
      vertex   4.200000e+01 -2.469449e+01 -1.673598e+01
      vertex   4.200000e+01 -2.515668e+01 -1.204332e+01
      vertex   4.200000e+01 -2.469449e+01 -1.166402e+01
    endloop
  endfacet
  facet normal -1.000000e+00 0.000000e+00 0.000000e+00
    outer loop
      vertex   4.200000e+01 -2.469449e+01 -1.673598e+01
      vertex   4.200000e+01 -2.469449e+01 -1.166402e+01
      vertex   4.200000e+01 -2.416718e+01 -1.701783e+01
    endloop
  endfacet
  facet normal -1.000000e+00 0.000000e+00 0.000000e+00
    outer loop
      vertex   4.200000e+01 -2.416718e+01 -1.701783e+01
      vertex   4.200000e+01 -2.469449e+01 -1.166402e+01
      vertex   4.200000e+01 -2.416718e+01 -1.138217e+01
    endloop
  endfacet
  facet normal -1.000000e+00 0.000000e+00 0.000000e+00
    outer loop
      vertex   4.200000e+01 -2.416718e+01 -1.701783e+01
      vertex   4.200000e+01 -2.416718e+01 -1.138217e+01
      vertex   4.200000e+01 -2.359503e+01 -1.719140e+01
    endloop
  endfacet
  facet normal -1.000000e+00 0.000000e+00 0.000000e+00
    outer loop
      vertex   4.200000e+01 -2.359503e+01 -1.719140e+01
      vertex   4.200000e+01 -2.416718e+01 -1.138217e+01
      vertex   4.200000e+01 -2.359503e+01 -1.120860e+01
    endloop
  endfacet
  facet normal -1.000000e+00 0.000000e+00 0.000000e+00
    outer loop
      vertex   4.200000e+01 -2.359503e+01 -1.719140e+01
      vertex   4.200000e+01 -2.359503e+01 -1.120860e+01
      vertex   4.200000e+01 -2.300000e+01 -1.725000e+01
    endloop
  endfacet
  facet normal -1.000000e+00 0.000000e+00 0.000000e+00
    outer loop
      vertex   4.200000e+01 -2.300000e+01 -1.725000e+01
      vertex   4.200000e+01 -2.359503e+01 -1.120860e+01
      vertex   4.200000e+01 -2.300000e+01 -1.115000e+01
    endloop
  endfacet
  facet normal -1.000000e+00 0.000000e+00 0.000000e+00
    outer loop
      vertex   4.200000e+01 -2.300000e+01 -1.725000e+01
      vertex   4.200000e+01 -2.300000e+01 -1.115000e+01
      vertex   4.200000e+01 -2.240497e+01 -1.719140e+01
    endloop
  endfacet
  facet normal -1.000000e+00 0.000000e+00 0.000000e+00
    outer loop
      vertex   4.200000e+01 -2.240497e+01 -1.719140e+01
      vertex   4.200000e+01 -2.300000e+01 -1.115000e+01
      vertex   4.200000e+01 -2.240497e+01 -1.120860e+01
    endloop
  endfacet
  facet normal -1.000000e+00 0.000000e+00 0.000000e+00
    outer loop
      vertex   4.200000e+01 -2.240497e+01 -1.719140e+01
      vertex   4.200000e+01 -2.240497e+01 -1.120860e+01
      vertex   4.200000e+01 -2.183282e+01 -1.701783e+01
    endloop
  endfacet
  facet normal -1.000000e+00 0.000000e+00 0.000000e+00
    outer loop
      vertex   4.200000e+01 -2.183282e+01 -1.701783e+01
      vertex   4.200000e+01 -2.240497e+01 -1.120860e+01
      vertex   4.200000e+01 -2.183282e+01 -1.138217e+01
    endloop
  endfacet
  facet normal -1.000000e+00 0.000000e+00 0.000000e+00
    outer loop
      vertex   4.200000e+01 -2.183282e+01 -1.701783e+01
      vertex   4.200000e+01 -2.183282e+01 -1.138217e+01
      vertex   4.200000e+01 -2.130551e+01 -1.673598e+01
    endloop
  endfacet
  facet normal -1.000000e+00 0.000000e+00 0.000000e+00
    outer loop
      vertex   4.200000e+01 -2.130551e+01 -1.673598e+01
      vertex   4.200000e+01 -2.183282e+01 -1.138217e+01
      vertex   4.200000e+01 -2.130551e+01 -1.166402e+01
    endloop
  endfacet
  facet normal -1.000000e+00 0.000000e+00 0.000000e+00
    outer loop
      vertex   4.200000e+01 -2.130551e+01 -1.673598e+01
      vertex   4.200000e+01 -2.130551e+01 -1.166402e+01
      vertex   4.200000e+01 -2.084332e+01 -1.635668e+01
    endloop
  endfacet
  facet normal -1.000000e+00 0.000000e+00 0.000000e+00
    outer loop
      vertex   4.200000e+01 -2.084332e+01 -1.635668e+01
      vertex   4.200000e+01 -2.130551e+01 -1.166402e+01
      vertex   4.200000e+01 -2.084332e+01 -1.204332e+01
    endloop
  endfacet
  facet normal -1.000000e+00 0.000000e+00 0.000000e+00
    outer loop
      vertex   4.200000e+01 -2.084332e+01 -1.635668e+01
      vertex   4.200000e+01 -2.084332e+01 -1.204332e+01
      vertex   4.200000e+01 -2.046402e+01 -1.589449e+01
    endloop
  endfacet
  facet normal -1.000000e+00 0.000000e+00 0.000000e+00
    outer loop
      vertex   4.200000e+01 -2.046402e+01 -1.589449e+01
      vertex   4.200000e+01 -2.084332e+01 -1.204332e+01
      vertex   4.200000e+01 -2.046402e+01 -1.250551e+01
    endloop
  endfacet
  facet normal -1.000000e+00 0.000000e+00 0.000000e+00
    outer loop
      vertex   4.200000e+01 -2.046402e+01 -1.589449e+01
      vertex   4.200000e+01 -2.046402e+01 -1.250551e+01
      vertex   4.200000e+01 -2.018217e+01 -1.536718e+01
    endloop
  endfacet
  facet normal -1.000000e+00 0.000000e+00 0.000000e+00
    outer loop
      vertex   4.200000e+01 -2.018217e+01 -1.536718e+01
      vertex   4.200000e+01 -2.046402e+01 -1.250551e+01
      vertex   4.200000e+01 -2.018217e+01 -1.303282e+01
    endloop
  endfacet
  facet normal -1.000000e+00 0.000000e+00 0.000000e+00
    outer loop
      vertex   4.200000e+01 -2.018217e+01 -1.536718e+01
      vertex   4.200000e+01 -2.018217e+01 -1.303282e+01
      vertex   4.200000e+01 -2.000860e+01 -1.479503e+01
    endloop
  endfacet
  facet normal -1.000000e+00 0.000000e+00 0.000000e+00
    outer loop
      vertex   4.200000e+01 -2.000860e+01 -1.479503e+01
      vertex   4.200000e+01 -2.018217e+01 -1.303282e+01
      vertex   4.200000e+01 -2.000860e+01 -1.360497e+01
    endloop
  endfacet
  facet normal -1.000000e+00 0.000000e+00 0.000000e+00
    outer loop
      vertex   4.200000e+01 -2.000860e+01 -1.479503e+01
      vertex   4.200000e+01 -2.000860e+01 -1.360497e+01
      vertex   4.200000e+01 -1.995000e+01 -1.420000e+01
    endloop
  endfacet
  facet normal 0.000000e+00 9.951847e-01 9.801714e-02
    outer loop
      vertex   4.200000e+01 2.008605e+00 -1.479503e+01
      vertex   3.000000e+01 2.008605e+00 -1.479503e+01
      vertex   4.200000e+01 1.950000e+00 -1.420000e+01
    endloop
  endfacet
  facet normal 0.000000e+00 9.951847e-01 9.801714e-02
    outer loop
      vertex   4.200000e+01 1.950000e+00 -1.420000e+01
      vertex   3.000000e+01 2.008605e+00 -1.479503e+01
      vertex   3.000000e+01 1.950000e+00 -1.420000e+01
    endloop
  endfacet
  facet normal 0.000000e+00 9.951847e-01 -9.801714e-02
    outer loop
      vertex   4.200000e+01 1.950000e+00 -1.420000e+01
      vertex   3.000000e+01 1.950000e+00 -1.420000e+01
      vertex   4.200000e+01 2.008605e+00 -1.360497e+01
    endloop
  endfacet
  facet normal 0.000000e+00 9.951847e-01 -9.801714e-02
    outer loop
      vertex   4.200000e+01 2.008605e+00 -1.360497e+01
      vertex   3.000000e+01 1.950000e+00 -1.420000e+01
      vertex   3.000000e+01 2.008605e+00 -1.360497e+01
    endloop
  endfacet
  facet normal 0.000000e+00 9.569403e-01 -2.902847e-01
    outer loop
      vertex   4.200000e+01 2.008605e+00 -1.360497e+01
      vertex   3.000000e+01 2.008605e+00 -1.360497e+01
      vertex   4.200000e+01 2.182167e+00 -1.303282e+01
    endloop
  endfacet
  facet normal -7.082781e-17 9.569403e-01 -2.902847e-01
    outer loop
      vertex   4.200000e+01 2.182167e+00 -1.303282e+01
      vertex   3.000000e+01 2.008605e+00 -1.360497e+01
      vertex   3.000000e+01 2.182167e+00 -1.303282e+01
    endloop
  endfacet
  facet normal -6.527529e-17 8.819213e-01 -4.713967e-01
    outer loop
      vertex   4.200000e+01 2.182167e+00 -1.303282e+01
      vertex   3.000000e+01 2.182167e+00 -1.303282e+01
      vertex   4.200000e+01 2.464018e+00 -1.250551e+01
    endloop
  endfacet
  facet normal 0.000000e+00 8.819213e-01 -4.713967e-01
    outer loop
      vertex   4.200000e+01 2.464018e+00 -1.250551e+01
      vertex   3.000000e+01 2.182167e+00 -1.303282e+01
      vertex   3.000000e+01 2.464018e+00 -1.250551e+01
    endloop
  endfacet
  facet normal 0.000000e+00 7.730105e-01 -6.343933e-01
    outer loop
      vertex   4.200000e+01 2.464018e+00 -1.250551e+01
      vertex   3.000000e+01 2.464018e+00 -1.250551e+01
      vertex   4.200000e+01 2.843324e+00 -1.204332e+01
    endloop
  endfacet
  facet normal 0.000000e+00 7.730105e-01 -6.343933e-01
    outer loop
      vertex   4.200000e+01 2.843324e+00 -1.204332e+01
      vertex   3.000000e+01 2.464018e+00 -1.250551e+01
      vertex   3.000000e+01 2.843324e+00 -1.204332e+01
    endloop
  endfacet
  facet normal 0.000000e+00 6.343933e-01 -7.730105e-01
    outer loop
      vertex   4.200000e+01 2.843324e+00 -1.204332e+01
      vertex   3.000000e+01 2.843324e+00 -1.204332e+01
      vertex   4.200000e+01 3.305511e+00 -1.166402e+01
    endloop
  endfacet
  facet normal 0.000000e+00 6.343933e-01 -7.730105e-01
    outer loop
      vertex   4.200000e+01 3.305511e+00 -1.166402e+01
      vertex   3.000000e+01 2.843324e+00 -1.204332e+01
      vertex   3.000000e+01 3.305511e+00 -1.166402e+01
    endloop
  endfacet
  facet normal 0.000000e+00 4.713967e-01 -8.819213e-01
    outer loop
      vertex   4.200000e+01 3.305511e+00 -1.166402e+01
      vertex   3.000000e+01 3.305511e+00 -1.166402e+01
      vertex   4.200000e+01 3.832816e+00 -1.138217e+01
    endloop
  endfacet
  facet normal -2.262108e-16 4.713967e-01 -8.819213e-01
    outer loop
      vertex   4.200000e+01 3.832816e+00 -1.138217e+01
      vertex   3.000000e+01 3.305511e+00 -1.166402e+01
      vertex   3.000000e+01 3.832816e+00 -1.138217e+01
    endloop
  endfacet
  facet normal -2.618259e-16 2.902847e-01 -9.569403e-01
    outer loop
      vertex   4.200000e+01 3.832816e+00 -1.138217e+01
      vertex   3.000000e+01 3.832816e+00 -1.138217e+01
      vertex   4.200000e+01 4.404975e+00 -1.120860e+01
    endloop
  endfacet
  facet normal 2.148538e-17 2.902847e-01 -9.569403e-01
    outer loop
      vertex   4.200000e+01 4.404975e+00 -1.120860e+01
      vertex   3.000000e+01 3.832816e+00 -1.138217e+01
      vertex   3.000000e+01 4.404975e+00 -1.120860e+01
    endloop
  endfacet
  facet normal 7.254726e-18 9.801714e-02 -9.951847e-01
    outer loop
      vertex   4.200000e+01 4.404975e+00 -1.120860e+01
      vertex   3.000000e+01 4.404975e+00 -1.120860e+01
      vertex   4.200000e+01 5.000000e+00 -1.115000e+01
    endloop
  endfacet
  facet normal 0.000000e+00 9.801714e-02 -9.951847e-01
    outer loop
      vertex   4.200000e+01 5.000000e+00 -1.115000e+01
      vertex   3.000000e+01 4.404975e+00 -1.120860e+01
      vertex   3.000000e+01 5.000000e+00 -1.115000e+01
    endloop
  endfacet
  facet normal -0.000000e+00 -9.801714e-02 -9.951847e-01
    outer loop
      vertex   4.200000e+01 5.000000e+00 -1.115000e+01
      vertex   3.000000e+01 5.000000e+00 -1.115000e+01
      vertex   4.200000e+01 5.595025e+00 -1.120860e+01
    endloop
  endfacet
  facet normal -0.000000e+00 -9.801714e-02 -9.951847e-01
    outer loop
      vertex   4.200000e+01 5.595025e+00 -1.120860e+01
      vertex   3.000000e+01 5.000000e+00 -1.115000e+01
      vertex   3.000000e+01 5.595025e+00 -1.120860e+01
    endloop
  endfacet
  facet normal -0.000000e+00 -2.902847e-01 -9.569403e-01
    outer loop
      vertex   4.200000e+01 5.595025e+00 -1.120860e+01
      vertex   3.000000e+01 5.595025e+00 -1.120860e+01
      vertex   4.200000e+01 6.167184e+00 -1.138217e+01
    endloop
  endfacet
  facet normal -2.618259e-16 -2.902847e-01 -9.569403e-01
    outer loop
      vertex   4.200000e+01 6.167184e+00 -1.138217e+01
      vertex   3.000000e+01 5.595025e+00 -1.120860e+01
      vertex   3.000000e+01 6.167184e+00 -1.138217e+01
    endloop
  endfacet
  facet normal -2.262108e-16 -4.713967e-01 -8.819213e-01
    outer loop
      vertex   4.200000e+01 6.167184e+00 -1.138217e+01
      vertex   3.000000e+01 6.167184e+00 -1.138217e+01
      vertex   4.200000e+01 6.694489e+00 -1.166402e+01
    endloop
  endfacet
  facet normal -0.000000e+00 -4.713967e-01 -8.819213e-01
    outer loop
      vertex   4.200000e+01 6.694489e+00 -1.166402e+01
      vertex   3.000000e+01 6.167184e+00 -1.138217e+01
      vertex   3.000000e+01 6.694489e+00 -1.166402e+01
    endloop
  endfacet
  facet normal -0.000000e+00 -6.343933e-01 -7.730105e-01
    outer loop
      vertex   4.200000e+01 6.694489e+00 -1.166402e+01
      vertex   3.000000e+01 6.694489e+00 -1.166402e+01
      vertex   4.200000e+01 7.156676e+00 -1.204332e+01
    endloop
  endfacet
  facet normal -0.000000e+00 -6.343933e-01 -7.730105e-01
    outer loop
      vertex   4.200000e+01 7.156676e+00 -1.204332e+01
      vertex   3.000000e+01 6.694489e+00 -1.166402e+01
      vertex   3.000000e+01 7.156676e+00 -1.204332e+01
    endloop
  endfacet
  facet normal -0.000000e+00 -7.730105e-01 -6.343933e-01
    outer loop
      vertex   4.200000e+01 7.156676e+00 -1.204332e+01
      vertex   3.000000e+01 7.156676e+00 -1.204332e+01
      vertex   4.200000e+01 7.535982e+00 -1.250551e+01
    endloop
  endfacet
  facet normal -0.000000e+00 -7.730105e-01 -6.343933e-01
    outer loop
      vertex   4.200000e+01 7.535982e+00 -1.250551e+01
      vertex   3.000000e+01 7.156676e+00 -1.204332e+01
      vertex   3.000000e+01 7.535982e+00 -1.250551e+01
    endloop
  endfacet
  facet normal -0.000000e+00 -8.819213e-01 -4.713967e-01
    outer loop
      vertex   4.200000e+01 7.535982e+00 -1.250551e+01
      vertex   3.000000e+01 7.535982e+00 -1.250551e+01
      vertex   4.200000e+01 7.817833e+00 -1.303282e+01
    endloop
  endfacet
  facet normal -0.000000e+00 -8.819213e-01 -4.713967e-01
    outer loop
      vertex   4.200000e+01 7.817833e+00 -1.303282e+01
      vertex   3.000000e+01 7.535982e+00 -1.250551e+01
      vertex   3.000000e+01 7.817833e+00 -1.303282e+01
    endloop
  endfacet
  facet normal -0.000000e+00 -9.569403e-01 -2.902847e-01
    outer loop
      vertex   4.200000e+01 7.817833e+00 -1.303282e+01
      vertex   3.000000e+01 7.817833e+00 -1.303282e+01
      vertex   4.200000e+01 7.991395e+00 -1.360497e+01
    endloop
  endfacet
  facet normal -0.000000e+00 -9.569403e-01 -2.902847e-01
    outer loop
      vertex   4.200000e+01 7.991395e+00 -1.360497e+01
      vertex   3.000000e+01 7.817833e+00 -1.303282e+01
      vertex   3.000000e+01 7.991395e+00 -1.360497e+01
    endloop
  endfacet
  facet normal -0.000000e+00 -9.951847e-01 -9.801714e-02
    outer loop
      vertex   4.200000e+01 7.991395e+00 -1.360497e+01
      vertex   3.000000e+01 7.991395e+00 -1.360497e+01
      vertex   4.200000e+01 8.050000e+00 -1.420000e+01
    endloop
  endfacet
  facet normal -0.000000e+00 -9.951847e-01 -9.801714e-02
    outer loop
      vertex   4.200000e+01 8.050000e+00 -1.420000e+01
      vertex   3.000000e+01 7.991395e+00 -1.360497e+01
      vertex   3.000000e+01 8.050000e+00 -1.420000e+01
    endloop
  endfacet
  facet normal 0.000000e+00 -9.951847e-01 9.801714e-02
    outer loop
      vertex   4.200000e+01 8.050000e+00 -1.420000e+01
      vertex   3.000000e+01 8.050000e+00 -1.420000e+01
      vertex   4.200000e+01 7.991395e+00 -1.479503e+01
    endloop
  endfacet
  facet normal 0.000000e+00 -9.951847e-01 9.801714e-02
    outer loop
      vertex   4.200000e+01 7.991395e+00 -1.479503e+01
      vertex   3.000000e+01 8.050000e+00 -1.420000e+01
      vertex   3.000000e+01 7.991395e+00 -1.479503e+01
    endloop
  endfacet
  facet normal 0.000000e+00 -9.569403e-01 2.902847e-01
    outer loop
      vertex   4.200000e+01 7.991395e+00 -1.479503e+01
      vertex   3.000000e+01 7.991395e+00 -1.479503e+01
      vertex   4.200000e+01 7.817833e+00 -1.536718e+01
    endloop
  endfacet
  facet normal 0.000000e+00 -9.569403e-01 2.902847e-01
    outer loop
      vertex   4.200000e+01 7.817833e+00 -1.536718e+01
      vertex   3.000000e+01 7.991395e+00 -1.479503e+01
      vertex   3.000000e+01 7.817833e+00 -1.536718e+01
    endloop
  endfacet
  facet normal 0.000000e+00 -8.819213e-01 4.713967e-01
    outer loop
      vertex   4.200000e+01 7.817833e+00 -1.536718e+01
      vertex   3.000000e+01 7.817833e+00 -1.536718e+01
      vertex   4.200000e+01 7.535982e+00 -1.589449e+01
    endloop
  endfacet
  facet normal 0.000000e+00 -8.819213e-01 4.713967e-01
    outer loop
      vertex   4.200000e+01 7.535982e+00 -1.589449e+01
      vertex   3.000000e+01 7.817833e+00 -1.536718e+01
      vertex   3.000000e+01 7.535982e+00 -1.589449e+01
    endloop
  endfacet
  facet normal 0.000000e+00 -7.730105e-01 6.343933e-01
    outer loop
      vertex   4.200000e+01 7.535982e+00 -1.589449e+01
      vertex   3.000000e+01 7.535982e+00 -1.589449e+01
      vertex   4.200000e+01 7.156676e+00 -1.635668e+01
    endloop
  endfacet
  facet normal 0.000000e+00 -7.730105e-01 6.343933e-01
    outer loop
      vertex   4.200000e+01 7.156676e+00 -1.635668e+01
      vertex   3.000000e+01 7.535982e+00 -1.589449e+01
      vertex   3.000000e+01 7.156676e+00 -1.635668e+01
    endloop
  endfacet
  facet normal 0.000000e+00 -6.343933e-01 7.730105e-01
    outer loop
      vertex   4.200000e+01 7.156676e+00 -1.635668e+01
      vertex   3.000000e+01 7.156676e+00 -1.635668e+01
      vertex   4.200000e+01 6.694489e+00 -1.673598e+01
    endloop
  endfacet
  facet normal 0.000000e+00 -6.343933e-01 7.730105e-01
    outer loop
      vertex   4.200000e+01 6.694489e+00 -1.673598e+01
      vertex   3.000000e+01 7.156676e+00 -1.635668e+01
      vertex   3.000000e+01 6.694489e+00 -1.673598e+01
    endloop
  endfacet
  facet normal 0.000000e+00 -4.713967e-01 8.819213e-01
    outer loop
      vertex   4.200000e+01 6.694489e+00 -1.673598e+01
      vertex   3.000000e+01 6.694489e+00 -1.673598e+01
      vertex   4.200000e+01 6.167184e+00 -1.701783e+01
    endloop
  endfacet
  facet normal 2.262108e-16 -4.713967e-01 8.819213e-01
    outer loop
      vertex   4.200000e+01 6.167184e+00 -1.701783e+01
      vertex   3.000000e+01 6.694489e+00 -1.673598e+01
      vertex   3.000000e+01 6.167184e+00 -1.701783e+01
    endloop
  endfacet
  facet normal 2.618259e-16 -2.902847e-01 9.569403e-01
    outer loop
      vertex   4.200000e+01 6.167184e+00 -1.701783e+01
      vertex   3.000000e+01 6.167184e+00 -1.701783e+01
      vertex   4.200000e+01 5.595025e+00 -1.719140e+01
    endloop
  endfacet
  facet normal 0.000000e+00 -2.902847e-01 9.569403e-01
    outer loop
      vertex   4.200000e+01 5.595025e+00 -1.719140e+01
      vertex   3.000000e+01 6.167184e+00 -1.701783e+01
      vertex   3.000000e+01 5.595025e+00 -1.719140e+01
    endloop
  endfacet
  facet normal 0.000000e+00 -9.801714e-02 9.951847e-01
    outer loop
      vertex   4.200000e+01 5.595025e+00 -1.719140e+01
      vertex   3.000000e+01 5.595025e+00 -1.719140e+01
      vertex   4.200000e+01 5.000000e+00 -1.725000e+01
    endloop
  endfacet
  facet normal 0.000000e+00 -9.801714e-02 9.951847e-01
    outer loop
      vertex   4.200000e+01 5.000000e+00 -1.725000e+01
      vertex   3.000000e+01 5.595025e+00 -1.719140e+01
      vertex   3.000000e+01 5.000000e+00 -1.725000e+01
    endloop
  endfacet
  facet normal 0.000000e+00 9.801714e-02 9.951847e-01
    outer loop
      vertex   4.200000e+01 5.000000e+00 -1.725000e+01
      vertex   3.000000e+01 5.000000e+00 -1.725000e+01
      vertex   4.200000e+01 4.404975e+00 -1.719140e+01
    endloop
  endfacet
  facet normal -7.254726e-18 9.801714e-02 9.951847e-01
    outer loop
      vertex   4.200000e+01 4.404975e+00 -1.719140e+01
      vertex   3.000000e+01 5.000000e+00 -1.725000e+01
      vertex   3.000000e+01 4.404975e+00 -1.719140e+01
    endloop
  endfacet
  facet normal -2.148538e-17 2.902847e-01 9.569403e-01
    outer loop
      vertex   4.200000e+01 4.404975e+00 -1.719140e+01
      vertex   3.000000e+01 4.404975e+00 -1.719140e+01
      vertex   4.200000e+01 3.832816e+00 -1.701783e+01
    endloop
  endfacet
  facet normal 2.618259e-16 2.902847e-01 9.569403e-01
    outer loop
      vertex   4.200000e+01 3.832816e+00 -1.701783e+01
      vertex   3.000000e+01 4.404975e+00 -1.719140e+01
      vertex   3.000000e+01 3.832816e+00 -1.701783e+01
    endloop
  endfacet
  facet normal 2.262108e-16 4.713967e-01 8.819213e-01
    outer loop
      vertex   4.200000e+01 3.832816e+00 -1.701783e+01
      vertex   3.000000e+01 3.832816e+00 -1.701783e+01
      vertex   4.200000e+01 3.305511e+00 -1.673598e+01
    endloop
  endfacet
  facet normal 0.000000e+00 4.713967e-01 8.819213e-01
    outer loop
      vertex   4.200000e+01 3.305511e+00 -1.673598e+01
      vertex   3.000000e+01 3.832816e+00 -1.701783e+01
      vertex   3.000000e+01 3.305511e+00 -1.673598e+01
    endloop
  endfacet
  facet normal 0.000000e+00 6.343933e-01 7.730105e-01
    outer loop
      vertex   4.200000e+01 3.305511e+00 -1.673598e+01
      vertex   3.000000e+01 3.305511e+00 -1.673598e+01
      vertex   4.200000e+01 2.843324e+00 -1.635668e+01
    endloop
  endfacet
  facet normal 0.000000e+00 6.343933e-01 7.730105e-01
    outer loop
      vertex   4.200000e+01 2.843324e+00 -1.635668e+01
      vertex   3.000000e+01 3.305511e+00 -1.673598e+01
      vertex   3.000000e+01 2.843324e+00 -1.635668e+01
    endloop
  endfacet
  facet normal 0.000000e+00 7.730105e-01 6.343933e-01
    outer loop
      vertex   4.200000e+01 2.843324e+00 -1.635668e+01
      vertex   3.000000e+01 2.843324e+00 -1.635668e+01
      vertex   4.200000e+01 2.464018e+00 -1.589449e+01
    endloop
  endfacet
  facet normal 0.000000e+00 7.730105e-01 6.343933e-01
    outer loop
      vertex   4.200000e+01 2.464018e+00 -1.589449e+01
      vertex   3.000000e+01 2.843324e+00 -1.635668e+01
      vertex   3.000000e+01 2.464018e+00 -1.589449e+01
    endloop
  endfacet
  facet normal 0.000000e+00 8.819213e-01 4.713967e-01
    outer loop
      vertex   4.200000e+01 2.464018e+00 -1.589449e+01
      vertex   3.000000e+01 2.464018e+00 -1.589449e+01
      vertex   4.200000e+01 2.182167e+00 -1.536718e+01
    endloop
  endfacet
  facet normal 6.527529e-17 8.819213e-01 4.713967e-01
    outer loop
      vertex   4.200000e+01 2.182167e+00 -1.536718e+01
      vertex   3.000000e+01 2.464018e+00 -1.589449e+01
      vertex   3.000000e+01 2.182167e+00 -1.536718e+01
    endloop
  endfacet
  facet normal 7.082781e-17 9.569403e-01 2.902847e-01
    outer loop
      vertex   4.200000e+01 2.182167e+00 -1.536718e+01
      vertex   3.000000e+01 2.182167e+00 -1.536718e+01
      vertex   4.200000e+01 2.008605e+00 -1.479503e+01
    endloop
  endfacet
  facet normal 0.000000e+00 9.569403e-01 2.902847e-01
    outer loop
      vertex   4.200000e+01 2.008605e+00 -1.479503e+01
      vertex   3.000000e+01 2.182167e+00 -1.536718e+01
      vertex   3.000000e+01 2.008605e+00 -1.479503e+01
    endloop
  endfacet
  facet normal 0.000000e+00 9.951847e-01 9.801714e-02
    outer loop
      vertex   4.200000e+01 -2.599140e+01 -1.479503e+01
      vertex   3.000000e+01 -2.599140e+01 -1.479503e+01
      vertex   4.200000e+01 -2.605000e+01 -1.420000e+01
    endloop
  endfacet
  facet normal 0.000000e+00 9.951847e-01 9.801714e-02
    outer loop
      vertex   4.200000e+01 -2.605000e+01 -1.420000e+01
      vertex   3.000000e+01 -2.599140e+01 -1.479503e+01
      vertex   3.000000e+01 -2.605000e+01 -1.420000e+01
    endloop
  endfacet
  facet normal 0.000000e+00 9.951847e-01 -9.801714e-02
    outer loop
      vertex   4.200000e+01 -2.605000e+01 -1.420000e+01
      vertex   3.000000e+01 -2.605000e+01 -1.420000e+01
      vertex   4.200000e+01 -2.599140e+01 -1.360497e+01
    endloop
  endfacet
  facet normal 0.000000e+00 9.951847e-01 -9.801714e-02
    outer loop
      vertex   4.200000e+01 -2.599140e+01 -1.360497e+01
      vertex   3.000000e+01 -2.605000e+01 -1.420000e+01
      vertex   3.000000e+01 -2.599140e+01 -1.360497e+01
    endloop
  endfacet
  facet normal 0.000000e+00 9.569403e-01 -2.902847e-01
    outer loop
      vertex   4.200000e+01 -2.599140e+01 -1.360497e+01
      vertex   3.000000e+01 -2.599140e+01 -1.360497e+01
      vertex   4.200000e+01 -2.581783e+01 -1.303282e+01
    endloop
  endfacet
  facet normal 0.000000e+00 9.569403e-01 -2.902847e-01
    outer loop
      vertex   4.200000e+01 -2.581783e+01 -1.303282e+01
      vertex   3.000000e+01 -2.599140e+01 -1.360497e+01
      vertex   3.000000e+01 -2.581783e+01 -1.303282e+01
    endloop
  endfacet
  facet normal 0.000000e+00 8.819213e-01 -4.713967e-01
    outer loop
      vertex   4.200000e+01 -2.581783e+01 -1.303282e+01
      vertex   3.000000e+01 -2.581783e+01 -1.303282e+01
      vertex   4.200000e+01 -2.553598e+01 -1.250551e+01
    endloop
  endfacet
  facet normal 0.000000e+00 8.819213e-01 -4.713967e-01
    outer loop
      vertex   4.200000e+01 -2.553598e+01 -1.250551e+01
      vertex   3.000000e+01 -2.581783e+01 -1.303282e+01
      vertex   3.000000e+01 -2.553598e+01 -1.250551e+01
    endloop
  endfacet
  facet normal 0.000000e+00 7.730105e-01 -6.343933e-01
    outer loop
      vertex   4.200000e+01 -2.553598e+01 -1.250551e+01
      vertex   3.000000e+01 -2.553598e+01 -1.250551e+01
      vertex   4.200000e+01 -2.515668e+01 -1.204332e+01
    endloop
  endfacet
  facet normal 0.000000e+00 7.730105e-01 -6.343933e-01
    outer loop
      vertex   4.200000e+01 -2.515668e+01 -1.204332e+01
      vertex   3.000000e+01 -2.553598e+01 -1.250551e+01
      vertex   3.000000e+01 -2.515668e+01 -1.204332e+01
    endloop
  endfacet
  facet normal 0.000000e+00 6.343933e-01 -7.730105e-01
    outer loop
      vertex   4.200000e+01 -2.515668e+01 -1.204332e+01
      vertex   3.000000e+01 -2.515668e+01 -1.204332e+01
      vertex   4.200000e+01 -2.469449e+01 -1.166402e+01
    endloop
  endfacet
  facet normal 0.000000e+00 6.343933e-01 -7.730105e-01
    outer loop
      vertex   4.200000e+01 -2.469449e+01 -1.166402e+01
      vertex   3.000000e+01 -2.515668e+01 -1.204332e+01
      vertex   3.000000e+01 -2.469449e+01 -1.166402e+01
    endloop
  endfacet
  facet normal 0.000000e+00 4.713967e-01 -8.819213e-01
    outer loop
      vertex   4.200000e+01 -2.469449e+01 -1.166402e+01
      vertex   3.000000e+01 -2.469449e+01 -1.166402e+01
      vertex   4.200000e+01 -2.416718e+01 -1.138217e+01
    endloop
  endfacet
  facet normal -2.611011e-16 4.713967e-01 -8.819213e-01
    outer loop
      vertex   4.200000e+01 -2.416718e+01 -1.138217e+01
      vertex   3.000000e+01 -2.469449e+01 -1.166402e+01
      vertex   3.000000e+01 -2.416718e+01 -1.138217e+01
    endloop
  endfacet
  facet normal -2.833113e-16 2.902847e-01 -9.569403e-01
    outer loop
      vertex   4.200000e+01 -2.416718e+01 -1.138217e+01
      vertex   3.000000e+01 -2.416718e+01 -1.138217e+01
      vertex   4.200000e+01 -2.359503e+01 -1.120860e+01
    endloop
  endfacet
  facet normal 0.000000e+00 2.902847e-01 -9.569403e-01
    outer loop
      vertex   4.200000e+01 -2.359503e+01 -1.120860e+01
      vertex   3.000000e+01 -2.416718e+01 -1.138217e+01
      vertex   3.000000e+01 -2.359503e+01 -1.120860e+01
    endloop
  endfacet
  facet normal 0.000000e+00 9.801714e-02 -9.951847e-01
    outer loop
      vertex   4.200000e+01 -2.359503e+01 -1.120860e+01
      vertex   3.000000e+01 -2.359503e+01 -1.120860e+01
      vertex   4.200000e+01 -2.300000e+01 -1.115000e+01
    endloop
  endfacet
  facet normal 0.000000e+00 9.801714e-02 -9.951847e-01
    outer loop
      vertex   4.200000e+01 -2.300000e+01 -1.115000e+01
      vertex   3.000000e+01 -2.359503e+01 -1.120860e+01
      vertex   3.000000e+01 -2.300000e+01 -1.115000e+01
    endloop
  endfacet
  facet normal -0.000000e+00 -9.801714e-02 -9.951847e-01
    outer loop
      vertex   4.200000e+01 -2.300000e+01 -1.115000e+01
      vertex   3.000000e+01 -2.300000e+01 -1.115000e+01
      vertex   4.200000e+01 -2.240497e+01 -1.120860e+01
    endloop
  endfacet
  facet normal 2.901890e-17 -9.801714e-02 -9.951847e-01
    outer loop
      vertex   4.200000e+01 -2.240497e+01 -1.120860e+01
      vertex   3.000000e+01 -2.300000e+01 -1.115000e+01
      vertex   3.000000e+01 -2.240497e+01 -1.120860e+01
    endloop
  endfacet
  facet normal 8.594153e-17 -2.902847e-01 -9.569403e-01
    outer loop
      vertex   4.200000e+01 -2.240497e+01 -1.120860e+01
      vertex   3.000000e+01 -2.240497e+01 -1.120860e+01
      vertex   4.200000e+01 -2.183282e+01 -1.138217e+01
    endloop
  endfacet
  facet normal -2.833113e-16 -2.902847e-01 -9.569403e-01
    outer loop
      vertex   4.200000e+01 -2.183282e+01 -1.138217e+01
      vertex   3.000000e+01 -2.240497e+01 -1.120860e+01
      vertex   3.000000e+01 -2.183282e+01 -1.138217e+01
    endloop
  endfacet
  facet normal -2.611011e-16 -4.713967e-01 -8.819213e-01
    outer loop
      vertex   4.200000e+01 -2.183282e+01 -1.138217e+01
      vertex   3.000000e+01 -2.183282e+01 -1.138217e+01
      vertex   4.200000e+01 -2.130551e+01 -1.166402e+01
    endloop
  endfacet
  facet normal -0.000000e+00 -4.713967e-01 -8.819213e-01
    outer loop
      vertex   4.200000e+01 -2.130551e+01 -1.166402e+01
      vertex   3.000000e+01 -2.183282e+01 -1.138217e+01
      vertex   3.000000e+01 -2.130551e+01 -1.166402e+01
    endloop
  endfacet
  facet normal -0.000000e+00 -6.343933e-01 -7.730105e-01
    outer loop
      vertex   4.200000e+01 -2.130551e+01 -1.166402e+01
      vertex   3.000000e+01 -2.130551e+01 -1.166402e+01
      vertex   4.200000e+01 -2.084332e+01 -1.204332e+01
    endloop
  endfacet
  facet normal -0.000000e+00 -6.343933e-01 -7.730105e-01
    outer loop
      vertex   4.200000e+01 -2.084332e+01 -1.204332e+01
      vertex   3.000000e+01 -2.130551e+01 -1.166402e+01
      vertex   3.000000e+01 -2.084332e+01 -1.204332e+01
    endloop
  endfacet
  facet normal -0.000000e+00 -7.730105e-01 -6.343933e-01
    outer loop
      vertex   4.200000e+01 -2.084332e+01 -1.204332e+01
      vertex   3.000000e+01 -2.084332e+01 -1.204332e+01
      vertex   4.200000e+01 -2.046402e+01 -1.250551e+01
    endloop
  endfacet
  facet normal -0.000000e+00 -7.730105e-01 -6.343933e-01
    outer loop
      vertex   4.200000e+01 -2.046402e+01 -1.250551e+01
      vertex   3.000000e+01 -2.084332e+01 -1.204332e+01
      vertex   3.000000e+01 -2.046402e+01 -1.250551e+01
    endloop
  endfacet
  facet normal -0.000000e+00 -8.819213e-01 -4.713967e-01
    outer loop
      vertex   4.200000e+01 -2.046402e+01 -1.250551e+01
      vertex   3.000000e+01 -2.046402e+01 -1.250551e+01
      vertex   4.200000e+01 -2.018217e+01 -1.303282e+01
    endloop
  endfacet
  facet normal -0.000000e+00 -8.819213e-01 -4.713967e-01
    outer loop
      vertex   4.200000e+01 -2.018217e+01 -1.303282e+01
      vertex   3.000000e+01 -2.046402e+01 -1.250551e+01
      vertex   3.000000e+01 -2.018217e+01 -1.303282e+01
    endloop
  endfacet
  facet normal -0.000000e+00 -9.569403e-01 -2.902847e-01
    outer loop
      vertex   4.200000e+01 -2.018217e+01 -1.303282e+01
      vertex   3.000000e+01 -2.018217e+01 -1.303282e+01
      vertex   4.200000e+01 -2.000860e+01 -1.360497e+01
    endloop
  endfacet
  facet normal -0.000000e+00 -9.569403e-01 -2.902847e-01
    outer loop
      vertex   4.200000e+01 -2.000860e+01 -1.360497e+01
      vertex   3.000000e+01 -2.018217e+01 -1.303282e+01
      vertex   3.000000e+01 -2.000860e+01 -1.360497e+01
    endloop
  endfacet
  facet normal -0.000000e+00 -9.951847e-01 -9.801714e-02
    outer loop
      vertex   4.200000e+01 -2.000860e+01 -1.360497e+01
      vertex   3.000000e+01 -2.000860e+01 -1.360497e+01
      vertex   4.200000e+01 -1.995000e+01 -1.420000e+01
    endloop
  endfacet
  facet normal -0.000000e+00 -9.951847e-01 -9.801714e-02
    outer loop
      vertex   4.200000e+01 -1.995000e+01 -1.420000e+01
      vertex   3.000000e+01 -2.000860e+01 -1.360497e+01
      vertex   3.000000e+01 -1.995000e+01 -1.420000e+01
    endloop
  endfacet
  facet normal 0.000000e+00 -9.951847e-01 9.801714e-02
    outer loop
      vertex   4.200000e+01 -1.995000e+01 -1.420000e+01
      vertex   3.000000e+01 -1.995000e+01 -1.420000e+01
      vertex   4.200000e+01 -2.000860e+01 -1.479503e+01
    endloop
  endfacet
  facet normal 0.000000e+00 -9.951847e-01 9.801714e-02
    outer loop
      vertex   4.200000e+01 -2.000860e+01 -1.479503e+01
      vertex   3.000000e+01 -1.995000e+01 -1.420000e+01
      vertex   3.000000e+01 -2.000860e+01 -1.479503e+01
    endloop
  endfacet
  facet normal 0.000000e+00 -9.569403e-01 2.902847e-01
    outer loop
      vertex   4.200000e+01 -2.000860e+01 -1.479503e+01
      vertex   3.000000e+01 -2.000860e+01 -1.479503e+01
      vertex   4.200000e+01 -2.018217e+01 -1.536718e+01
    endloop
  endfacet
  facet normal 0.000000e+00 -9.569403e-01 2.902847e-01
    outer loop
      vertex   4.200000e+01 -2.018217e+01 -1.536718e+01
      vertex   3.000000e+01 -2.000860e+01 -1.479503e+01
      vertex   3.000000e+01 -2.018217e+01 -1.536718e+01
    endloop
  endfacet
  facet normal 0.000000e+00 -8.819213e-01 4.713967e-01
    outer loop
      vertex   4.200000e+01 -2.018217e+01 -1.536718e+01
      vertex   3.000000e+01 -2.018217e+01 -1.536718e+01
      vertex   4.200000e+01 -2.046402e+01 -1.589449e+01
    endloop
  endfacet
  facet normal 0.000000e+00 -8.819213e-01 4.713967e-01
    outer loop
      vertex   4.200000e+01 -2.046402e+01 -1.589449e+01
      vertex   3.000000e+01 -2.018217e+01 -1.536718e+01
      vertex   3.000000e+01 -2.046402e+01 -1.589449e+01
    endloop
  endfacet
  facet normal 0.000000e+00 -7.730105e-01 6.343933e-01
    outer loop
      vertex   4.200000e+01 -2.046402e+01 -1.589449e+01
      vertex   3.000000e+01 -2.046402e+01 -1.589449e+01
      vertex   4.200000e+01 -2.084332e+01 -1.635668e+01
    endloop
  endfacet
  facet normal 0.000000e+00 -7.730105e-01 6.343933e-01
    outer loop
      vertex   4.200000e+01 -2.084332e+01 -1.635668e+01
      vertex   3.000000e+01 -2.046402e+01 -1.589449e+01
      vertex   3.000000e+01 -2.084332e+01 -1.635668e+01
    endloop
  endfacet
  facet normal 0.000000e+00 -6.343933e-01 7.730105e-01
    outer loop
      vertex   4.200000e+01 -2.084332e+01 -1.635668e+01
      vertex   3.000000e+01 -2.084332e+01 -1.635668e+01
      vertex   4.200000e+01 -2.130551e+01 -1.673598e+01
    endloop
  endfacet
  facet normal 0.000000e+00 -6.343933e-01 7.730105e-01
    outer loop
      vertex   4.200000e+01 -2.130551e+01 -1.673598e+01
      vertex   3.000000e+01 -2.084332e+01 -1.635668e+01
      vertex   3.000000e+01 -2.130551e+01 -1.673598e+01
    endloop
  endfacet
  facet normal 0.000000e+00 -4.713967e-01 8.819213e-01
    outer loop
      vertex   4.200000e+01 -2.130551e+01 -1.673598e+01
      vertex   3.000000e+01 -2.130551e+01 -1.673598e+01
      vertex   4.200000e+01 -2.183282e+01 -1.701783e+01
    endloop
  endfacet
  facet normal 2.611011e-16 -4.713967e-01 8.819213e-01
    outer loop
      vertex   4.200000e+01 -2.183282e+01 -1.701783e+01
      vertex   3.000000e+01 -2.130551e+01 -1.673598e+01
      vertex   3.000000e+01 -2.183282e+01 -1.701783e+01
    endloop
  endfacet
  facet normal 2.833113e-16 -2.902847e-01 9.569403e-01
    outer loop
      vertex   4.200000e+01 -2.183282e+01 -1.701783e+01
      vertex   3.000000e+01 -2.183282e+01 -1.701783e+01
      vertex   4.200000e+01 -2.240497e+01 -1.719140e+01
    endloop
  endfacet
  facet normal -8.594153e-17 -2.902847e-01 9.569403e-01
    outer loop
      vertex   4.200000e+01 -2.240497e+01 -1.719140e+01
      vertex   3.000000e+01 -2.183282e+01 -1.701783e+01
      vertex   3.000000e+01 -2.240497e+01 -1.719140e+01
    endloop
  endfacet
  facet normal -2.901890e-17 -9.801714e-02 9.951847e-01
    outer loop
      vertex   4.200000e+01 -2.240497e+01 -1.719140e+01
      vertex   3.000000e+01 -2.240497e+01 -1.719140e+01
      vertex   4.200000e+01 -2.300000e+01 -1.725000e+01
    endloop
  endfacet
  facet normal 0.000000e+00 -9.801714e-02 9.951847e-01
    outer loop
      vertex   4.200000e+01 -2.300000e+01 -1.725000e+01
      vertex   3.000000e+01 -2.240497e+01 -1.719140e+01
      vertex   3.000000e+01 -2.300000e+01 -1.725000e+01
    endloop
  endfacet
  facet normal 0.000000e+00 9.801714e-02 9.951847e-01
    outer loop
      vertex   4.200000e+01 -2.300000e+01 -1.725000e+01
      vertex   3.000000e+01 -2.300000e+01 -1.725000e+01
      vertex   4.200000e+01 -2.359503e+01 -1.719140e+01
    endloop
  endfacet
  facet normal 0.000000e+00 9.801714e-02 9.951847e-01
    outer loop
      vertex   4.200000e+01 -2.359503e+01 -1.719140e+01
      vertex   3.000000e+01 -2.300000e+01 -1.725000e+01
      vertex   3.000000e+01 -2.359503e+01 -1.719140e+01
    endloop
  endfacet
  facet normal 0.000000e+00 2.902847e-01 9.569403e-01
    outer loop
      vertex   4.200000e+01 -2.359503e+01 -1.719140e+01
      vertex   3.000000e+01 -2.359503e+01 -1.719140e+01
      vertex   4.200000e+01 -2.416718e+01 -1.701783e+01
    endloop
  endfacet
  facet normal 2.833113e-16 2.902847e-01 9.569403e-01
    outer loop
      vertex   4.200000e+01 -2.416718e+01 -1.701783e+01
      vertex   3.000000e+01 -2.359503e+01 -1.719140e+01
      vertex   3.000000e+01 -2.416718e+01 -1.701783e+01
    endloop
  endfacet
  facet normal 2.611011e-16 4.713967e-01 8.819213e-01
    outer loop
      vertex   4.200000e+01 -2.416718e+01 -1.701783e+01
      vertex   3.000000e+01 -2.416718e+01 -1.701783e+01
      vertex   4.200000e+01 -2.469449e+01 -1.673598e+01
    endloop
  endfacet
  facet normal 0.000000e+00 4.713967e-01 8.819213e-01
    outer loop
      vertex   4.200000e+01 -2.469449e+01 -1.673598e+01
      vertex   3.000000e+01 -2.416718e+01 -1.701783e+01
      vertex   3.000000e+01 -2.469449e+01 -1.673598e+01
    endloop
  endfacet
  facet normal 0.000000e+00 6.343933e-01 7.730105e-01
    outer loop
      vertex   4.200000e+01 -2.469449e+01 -1.673598e+01
      vertex   3.000000e+01 -2.469449e+01 -1.673598e+01
      vertex   4.200000e+01 -2.515668e+01 -1.635668e+01
    endloop
  endfacet
  facet normal 0.000000e+00 6.343933e-01 7.730105e-01
    outer loop
      vertex   4.200000e+01 -2.515668e+01 -1.635668e+01
      vertex   3.000000e+01 -2.469449e+01 -1.673598e+01
      vertex   3.000000e+01 -2.515668e+01 -1.635668e+01
    endloop
  endfacet
  facet normal 0.000000e+00 7.730105e-01 6.343933e-01
    outer loop
      vertex   4.200000e+01 -2.515668e+01 -1.635668e+01
      vertex   3.000000e+01 -2.515668e+01 -1.635668e+01
      vertex   4.200000e+01 -2.553598e+01 -1.589449e+01
    endloop
  endfacet
  facet normal 0.000000e+00 7.730105e-01 6.343933e-01
    outer loop
      vertex   4.200000e+01 -2.553598e+01 -1.589449e+01
      vertex   3.000000e+01 -2.515668e+01 -1.635668e+01
      vertex   3.000000e+01 -2.553598e+01 -1.589449e+01
    endloop
  endfacet
  facet normal 0.000000e+00 8.819213e-01 4.713967e-01
    outer loop
      vertex   4.200000e+01 -2.553598e+01 -1.589449e+01
      vertex   3.000000e+01 -2.553598e+01 -1.589449e+01
      vertex   4.200000e+01 -2.581783e+01 -1.536718e+01
    endloop
  endfacet
  facet normal 0.000000e+00 8.819213e-01 4.713967e-01
    outer loop
      vertex   4.200000e+01 -2.581783e+01 -1.536718e+01
      vertex   3.000000e+01 -2.553598e+01 -1.589449e+01
      vertex   3.000000e+01 -2.581783e+01 -1.536718e+01
    endloop
  endfacet
  facet normal 0.000000e+00 9.569403e-01 2.902847e-01
    outer loop
      vertex   4.200000e+01 -2.581783e+01 -1.536718e+01
      vertex   3.000000e+01 -2.581783e+01 -1.536718e+01
      vertex   4.200000e+01 -2.599140e+01 -1.479503e+01
    endloop
  endfacet
  facet normal 0.000000e+00 9.569403e-01 2.902847e-01
    outer loop
      vertex   4.200000e+01 -2.599140e+01 -1.479503e+01
      vertex   3.000000e+01 -2.581783e+01 -1.536718e+01
      vertex   3.000000e+01 -2.599140e+01 -1.479503e+01
    endloop
  endfacet
  facet normal 0.000000e+00 -8.357481e-01 5.491130e-01
    outer loop
      vertex   4.500000e+01 -3.199276e+01 -1.331799e+01
      vertex   4.500000e+01 -2.968598e+01 -9.807096e+00
      vertex   3.000000e+01 -3.199276e+01 -1.331799e+01
    endloop
  endfacet
  facet normal 0.000000e+00 -8.357481e-01 5.491130e-01
    outer loop
      vertex   3.000000e+01 -3.199276e+01 -1.331799e+01
      vertex   4.500000e+01 -2.968598e+01 -9.807096e+00
      vertex   3.000000e+01 -2.968598e+01 -9.807096e+00
    endloop
  endfacet
  facet normal 0.000000e+00 -4.945451e-02 9.987764e-01
    outer loop
      vertex   4.500000e+01 -2.114644e+01 -5.200000e+00
      vertex   3.000000e+01 -2.114644e+01 -5.200000e+00
      vertex   4.500000e+01 -2.215584e+01 -5.249981e+00
    endloop
  endfacet
  facet normal 0.000000e+00 -4.945451e-02 9.987764e-01
    outer loop
      vertex   4.500000e+01 -2.215584e+01 -5.249981e+00
      vertex   3.000000e+01 -2.114644e+01 -5.200000e+00
      vertex   3.000000e+01 -2.215584e+01 -5.249981e+00
    endloop
  endfacet
  facet normal 0.000000e+00 -1.478797e-01 9.890054e-01
    outer loop
      vertex   4.500000e+01 -2.215584e+01 -5.249981e+00
      vertex   3.000000e+01 -2.215584e+01 -5.249981e+00
      vertex   4.500000e+01 -2.315536e+01 -5.399433e+00
    endloop
  endfacet
  facet normal 0.000000e+00 -1.478797e-01 9.890054e-01
    outer loop
      vertex   4.500000e+01 -2.315536e+01 -5.399433e+00
      vertex   3.000000e+01 -2.215584e+01 -5.249981e+00
      vertex   3.000000e+01 -2.315536e+01 -5.399433e+00
    endloop
  endfacet
  facet normal 0.000000e+00 -2.448582e-01 9.695589e-01
    outer loop
      vertex   4.500000e+01 -2.315536e+01 -5.399433e+00
      vertex   3.000000e+01 -2.315536e+01 -5.399433e+00
      vertex   4.500000e+01 -2.413523e+01 -5.646896e+00
    endloop
  endfacet
  facet normal 0.000000e+00 -2.448582e-01 9.695589e-01
    outer loop
      vertex   4.500000e+01 -2.413523e+01 -5.646896e+00
      vertex   3.000000e+01 -2.315536e+01 -5.399433e+00
      vertex   3.000000e+01 -2.413523e+01 -5.646896e+00
    endloop
  endfacet
  facet normal 0.000000e+00 -3.394413e-01 9.406273e-01
    outer loop
      vertex   4.500000e+01 -2.413523e+01 -5.646896e+00
      vertex   3.000000e+01 -2.413523e+01 -5.646896e+00
      vertex   4.500000e+01 -2.508587e+01 -5.989948e+00
    endloop
  endfacet
  facet normal 0.000000e+00 -3.394413e-01 9.406273e-01
    outer loop
      vertex   4.500000e+01 -2.508587e+01 -5.989948e+00
      vertex   3.000000e+01 -2.413523e+01 -5.646896e+00
      vertex   3.000000e+01 -2.508587e+01 -5.989948e+00
    endloop
  endfacet
  facet normal 0.000000e+00 -4.307036e-01 9.024935e-01
    outer loop
      vertex   4.500000e+01 -2.508587e+01 -5.989948e+00
      vertex   3.000000e+01 -2.508587e+01 -5.989948e+00
      vertex   4.500000e+01 -2.599796e+01 -6.425234e+00
    endloop
  endfacet
  facet normal 0.000000e+00 -4.307036e-01 9.024935e-01
    outer loop
      vertex   4.500000e+01 -2.599796e+01 -6.425234e+00
      vertex   3.000000e+01 -2.508587e+01 -5.989948e+00
      vertex   3.000000e+01 -2.599796e+01 -6.425234e+00
    endloop
  endfacet
  facet normal 0.000000e+00 -5.177523e-01 8.555306e-01
    outer loop
      vertex   4.500000e+01 -2.599796e+01 -6.425234e+00
      vertex   3.000000e+01 -2.599796e+01 -6.425234e+00
      vertex   4.500000e+01 -2.686259e+01 -6.948493e+00
    endloop
  endfacet
  facet normal 0.000000e+00 -5.177523e-01 8.555306e-01
    outer loop
      vertex   4.500000e+01 -2.686259e+01 -6.948493e+00
      vertex   3.000000e+01 -2.599796e+01 -6.425234e+00
      vertex   3.000000e+01 -2.686259e+01 -6.948493e+00
    endloop
  endfacet
  facet normal 0.000000e+00 -5.997358e-01 8.001981e-01
    outer loop
      vertex   4.500000e+01 -2.686259e+01 -6.948493e+00
      vertex   3.000000e+01 -2.686259e+01 -6.948493e+00
      vertex   4.500000e+01 -2.767130e+01 -7.554609e+00
    endloop
  endfacet
  facet normal 0.000000e+00 -5.997358e-01 8.001981e-01
    outer loop
      vertex   4.500000e+01 -2.767130e+01 -7.554609e+00
      vertex   3.000000e+01 -2.686259e+01 -6.948493e+00
      vertex   3.000000e+01 -2.767130e+01 -7.554609e+00
    endloop
  endfacet
  facet normal 0.000000e+00 -6.758522e-01 7.370372e-01
    outer loop
      vertex   4.500000e+01 -2.767130e+01 -7.554609e+00
      vertex   3.000000e+01 -2.767130e+01 -7.554609e+00
      vertex   4.500000e+01 -2.841618e+01 -8.237651e+00
    endloop
  endfacet
  facet normal 0.000000e+00 -6.758522e-01 7.370372e-01
    outer loop
      vertex   4.500000e+01 -2.841618e+01 -8.237651e+00
      vertex   3.000000e+01 -2.767130e+01 -7.554609e+00
      vertex   3.000000e+01 -2.841618e+01 -8.237651e+00
    endloop
  endfacet
  facet normal 0.000000e+00 -7.453567e-01 6.666659e-01
    outer loop
      vertex   4.500000e+01 -2.841618e+01 -8.237651e+00
      vertex   3.000000e+01 -2.841618e+01 -8.237651e+00
      vertex   4.500000e+01 -2.908994e+01 -8.990936e+00
    endloop
  endfacet
  facet normal 0.000000e+00 -7.453567e-01 6.666659e-01
    outer loop
      vertex   4.500000e+01 -2.908994e+01 -8.990936e+00
      vertex   3.000000e+01 -2.841618e+01 -8.237651e+00
      vertex   3.000000e+01 -2.908994e+01 -8.990936e+00
    endloop
  endfacet
  facet normal 0.000000e+00 -8.075694e-01 5.897726e-01
    outer loop
      vertex   4.500000e+01 -2.908994e+01 -8.990936e+00
      vertex   3.000000e+01 -2.908994e+01 -8.990936e+00
      vertex   4.500000e+01 -2.968598e+01 -9.807096e+00
    endloop
  endfacet
  facet normal 0.000000e+00 -8.075694e-01 5.897726e-01
    outer loop
      vertex   4.500000e+01 -2.968598e+01 -9.807096e+00
      vertex   3.000000e+01 -2.908994e+01 -8.990936e+00
      vertex   3.000000e+01 -2.968598e+01 -9.807096e+00
    endloop
  endfacet
  facet normal 9.324848e-17 7.874134e-01 6.164253e-01
    outer loop
      vertex   4.500000e+01 1.155322e+01 -9.611389e+00
      vertex   3.000000e+01 1.155322e+01 -9.611389e+00
      vertex   4.500000e+01 1.087338e+01 -8.742971e+00
    endloop
  endfacet
  facet normal 0.000000e+00 7.874134e-01 6.164253e-01
    outer loop
      vertex   4.500000e+01 1.087338e+01 -8.742971e+00
      vertex   3.000000e+01 1.155322e+01 -9.611389e+00
      vertex   3.000000e+01 1.087338e+01 -8.742971e+00
    endloop
  endfacet
  facet normal 0.000000e+00 7.173161e-01 6.967479e-01
    outer loop
      vertex   4.500000e+01 1.087338e+01 -8.742971e+00
      vertex   3.000000e+01 1.087338e+01 -8.742971e+00
      vertex   4.500000e+01 1.010495e+01 -7.951862e+00
    endloop
  endfacet
  facet normal 0.000000e+00 7.173161e-01 6.967479e-01
    outer loop
      vertex   4.500000e+01 1.010495e+01 -7.951862e+00
      vertex   3.000000e+01 1.087338e+01 -8.742971e+00
      vertex   3.000000e+01 1.010495e+01 -7.951862e+00
    endloop
  endfacet
  facet normal 0.000000e+00 6.390662e-01 7.691518e-01
    outer loop
      vertex   4.500000e+01 1.010495e+01 -7.951862e+00
      vertex   3.000000e+01 1.010495e+01 -7.951862e+00
      vertex   4.500000e+01 9.256675e+00 -7.247053e+00
    endloop
  endfacet
  facet normal 0.000000e+00 6.390662e-01 7.691518e-01
    outer loop
      vertex   4.500000e+01 9.256675e+00 -7.247053e+00
      vertex   3.000000e+01 1.010495e+01 -7.951862e+00
      vertex   3.000000e+01 9.256675e+00 -7.247053e+00
    endloop
  endfacet
  facet normal 0.000000e+00 5.535531e-01 8.328139e-01
    outer loop
      vertex   4.500000e+01 9.256675e+00 -7.247053e+00
      vertex   3.000000e+01 9.256675e+00 -7.247053e+00
      vertex   4.500000e+01 8.338186e+00 -6.636554e+00
    endloop
  endfacet
  facet normal 0.000000e+00 5.535531e-01 8.328139e-01
    outer loop
      vertex   4.500000e+01 8.338186e+00 -6.636554e+00
      vertex   3.000000e+01 9.256675e+00 -7.247053e+00
      vertex   3.000000e+01 8.338186e+00 -6.636554e+00
    endloop
  endfacet
  facet normal 0.000000e+00 4.617486e-01 8.870108e-01
    outer loop
      vertex   4.500000e+01 8.338186e+00 -6.636554e+00
      vertex   3.000000e+01 8.338186e+00 -6.636554e+00
      vertex   4.500000e+01 7.359925e+00 -6.127303e+00
    endloop
  endfacet
  facet normal 0.000000e+00 4.617486e-01 8.870108e-01
    outer loop
      vertex   4.500000e+01 7.359925e+00 -6.127303e+00
      vertex   3.000000e+01 8.338186e+00 -6.636554e+00
      vertex   3.000000e+01 7.359925e+00 -6.127303e+00
    endloop
  endfacet
  facet normal 0.000000e+00 3.646962e-01 9.311266e-01
    outer loop
      vertex   4.500000e+01 7.359925e+00 -6.127303e+00
      vertex   3.000000e+01 7.359925e+00 -6.127303e+00
      vertex   4.500000e+01 6.333010e+00 -5.725089e+00
    endloop
  endfacet
  facet normal 0.000000e+00 3.646962e-01 9.311266e-01
    outer loop
      vertex   4.500000e+01 6.333010e+00 -5.725089e+00
      vertex   3.000000e+01 7.359925e+00 -6.127303e+00
      vertex   3.000000e+01 6.333010e+00 -5.725089e+00
    endloop
  endfacet
  facet normal 0.000000e+00 2.634989e-01 9.646597e-01
    outer loop
      vertex   4.500000e+01 6.333010e+00 -5.725089e+00
      vertex   3.000000e+01 6.333010e+00 -5.725089e+00
      vertex   4.500000e+01 5.269113e+00 -5.434483e+00
    endloop
  endfacet
  facet normal 0.000000e+00 2.634989e-01 9.646597e-01
    outer loop
      vertex   4.500000e+01 5.269113e+00 -5.434483e+00
      vertex   3.000000e+01 6.333010e+00 -5.725089e+00
      vertex   3.000000e+01 5.269113e+00 -5.434483e+00
    endloop
  endfacet
  facet normal 0.000000e+00 1.593069e-01 9.872291e-01
    outer loop
      vertex   4.500000e+01 5.269113e+00 -5.434483e+00
      vertex   3.000000e+01 5.269113e+00 -5.434483e+00
      vertex   4.500000e+01 4.180324e+00 -5.258788e+00
    endloop
  endfacet
  facet normal 0.000000e+00 1.593069e-01 9.872291e-01
    outer loop
      vertex   4.500000e+01 4.180324e+00 -5.258788e+00
      vertex   3.000000e+01 5.269113e+00 -5.434483e+00
      vertex   3.000000e+01 4.180324e+00 -5.258788e+00
    endloop
  endfacet
  facet normal 0.000000e+00 5.330423e-02 9.985783e-01
    outer loop
      vertex   4.500000e+01 4.180324e+00 -5.258788e+00
      vertex   3.000000e+01 4.180324e+00 -5.258788e+00
      vertex   4.500000e+01 3.079018e+00 -5.200000e+00
    endloop
  endfacet
  facet normal -3.156244e-18 5.330423e-02 9.985783e-01
    outer loop
      vertex   4.500000e+01 3.079018e+00 -5.200000e+00
      vertex   3.000000e+01 4.180324e+00 -5.258788e+00
      vertex   3.000000e+01 3.079018e+00 -5.200000e+00
    endloop
  endfacet
  facet normal 0.000000e+00 1.000000e+00 0.000000e+00
    outer loop
      vertex   3.000000e+01 3.001775e+01 -2.670000e+01
      vertex   3.000000e+01 3.001775e+01 -2.170000e+01
      vertex   4.500000e+01 3.001775e+01 -2.670000e+01
    endloop
  endfacet
  facet normal 0.000000e+00 1.000000e+00 -0.000000e+00
    outer loop
      vertex   4.500000e+01 3.001775e+01 -2.670000e+01
      vertex   3.000000e+01 3.001775e+01 -2.170000e+01
      vertex   4.500000e+01 3.001775e+01 -2.170000e+01
    endloop
  endfacet
  facet normal -5.155290e-14 6.259655e-15 -1.000000e+00
    outer loop
      vertex   3.944188e+01 2.453912e+01 -2.670000e+01
      vertex   3.950000e+01 2.501775e+01 -2.670000e+01
      vertex   4.500000e+01 3.001775e+01 -2.670000e+01
    endloop
  endfacet
  facet normal -4.130312e-14 -5.015106e-15 -1.000000e+00
    outer loop
      vertex   4.500000e+01 3.001775e+01 -2.670000e+01
      vertex   3.950000e+01 2.501775e+01 -2.670000e+01
      vertex   3.944188e+01 2.549638e+01 -2.670000e+01
    endloop
  endfacet
  facet normal -3.468280e-14 -1.315345e-14 -1.000000e+00
    outer loop
      vertex   4.500000e+01 3.001775e+01 -2.670000e+01
      vertex   3.944188e+01 2.549638e+01 -2.670000e+01
      vertex   3.927091e+01 2.594720e+01 -2.670000e+01
    endloop
  endfacet
  facet normal -2.954080e-14 -2.039054e-14 -1.000000e+00
    outer loop
      vertex   3.927091e+01 2.594720e+01 -2.670000e+01
      vertex   3.899702e+01 2.634400e+01 -2.670000e+01
      vertex   4.500000e+01 3.001775e+01 -2.670000e+01
    endloop
  endfacet
  facet normal -2.485201e-14 -2.805212e-14 -1.000000e+00
    outer loop
      vertex   4.500000e+01 3.001775e+01 -2.670000e+01
      vertex   3.899702e+01 2.634400e+01 -2.670000e+01
      vertex   3.863613e+01 2.666372e+01 -2.670000e+01
    endloop
  endfacet
  facet normal -1.977684e-14 -3.768163e-14 -1.000000e+00
    outer loop
      vertex   4.500000e+01 3.001775e+01 -2.670000e+01
      vertex   3.863613e+01 2.666372e+01 -2.670000e+01
      vertex   3.820921e+01 2.688779e+01 -2.670000e+01
    endloop
  endfacet
  facet normal -1.294245e-14 -5.250957e-14 -1.000000e+00
    outer loop
      vertex   3.820921e+01 2.688779e+01 -2.670000e+01
      vertex   3.774107e+01 2.700317e+01 -2.670000e+01
      vertex   4.500000e+01 3.001775e+01 -2.670000e+01
    endloop
  endfacet
  facet normal -0.000000e+00 -8.367417e-14 -1.000000e+00
    outer loop
      vertex   4.500000e+01 3.001775e+01 -2.670000e+01
      vertex   3.774107e+01 2.700317e+01 -2.670000e+01
      vertex   3.000000e+01 3.001775e+01 -2.670000e+01
    endloop
  endfacet
  facet normal 0.000000e+00 -8.367417e-14 -1.000000e+00
    outer loop
      vertex   3.000000e+01 3.001775e+01 -2.670000e+01
      vertex   3.774107e+01 2.700317e+01 -2.670000e+01
      vertex   3.725893e+01 2.700317e+01 -2.670000e+01
    endloop
  endfacet
  facet normal 1.294245e-14 -5.250957e-14 -1.000000e+00
    outer loop
      vertex   3.000000e+01 3.001775e+01 -2.670000e+01
      vertex   3.725893e+01 2.700317e+01 -2.670000e+01
      vertex   3.679079e+01 2.688779e+01 -2.670000e+01
    endloop
  endfacet
  facet normal 1.977684e-14 -3.768163e-14 -1.000000e+00
    outer loop
      vertex   3.679079e+01 2.688779e+01 -2.670000e+01
      vertex   3.636387e+01 2.666372e+01 -2.670000e+01
      vertex   3.000000e+01 3.001775e+01 -2.670000e+01
    endloop
  endfacet
  facet normal 2.485201e-14 -2.805212e-14 -1.000000e+00
    outer loop
      vertex   3.000000e+01 3.001775e+01 -2.670000e+01
      vertex   3.636387e+01 2.666372e+01 -2.670000e+01
      vertex   3.600298e+01 2.634400e+01 -2.670000e+01
    endloop
  endfacet
  facet normal 2.954080e-14 -2.039054e-14 -1.000000e+00
    outer loop
      vertex   3.000000e+01 3.001775e+01 -2.670000e+01
      vertex   3.600298e+01 2.634400e+01 -2.670000e+01
      vertex   3.572909e+01 2.594720e+01 -2.670000e+01
    endloop
  endfacet
  facet normal 3.468280e-14 -1.315345e-14 -1.000000e+00
    outer loop
      vertex   3.572909e+01 2.594720e+01 -2.670000e+01
      vertex   3.555812e+01 2.549638e+01 -2.670000e+01
      vertex   3.000000e+01 3.001775e+01 -2.670000e+01
    endloop
  endfacet
  facet normal 4.130312e-14 -5.015106e-15 -1.000000e+00
    outer loop
      vertex   3.000000e+01 3.001775e+01 -2.670000e+01
      vertex   3.555812e+01 2.549638e+01 -2.670000e+01
      vertex   3.550000e+01 2.501775e+01 -2.670000e+01
    endloop
  endfacet
  facet normal 5.155290e-14 6.259655e-15 -1.000000e+00
    outer loop
      vertex   3.000000e+01 3.001775e+01 -2.670000e+01
      vertex   3.550000e+01 2.501775e+01 -2.670000e+01
      vertex   3.555812e+01 2.453912e+01 -2.670000e+01
    endloop
  endfacet
  facet normal 2.898669e-14 1.099320e-14 -1.000000e+00
    outer loop
      vertex   3.572909e+01 2.408831e+01 -2.670000e+01
      vertex   3.614770e+01 3.623467e-01 -2.670000e+01
      vertex   3.555812e+01 2.453912e+01 -2.670000e+01
    endloop
  endfacet
  facet normal -6.592144e-14 8.678722e-15 -1.000000e+00
    outer loop
      vertex   3.555812e+01 2.453912e+01 -2.670000e+01
      vertex   3.614770e+01 3.623467e-01 -2.670000e+01
      vertex   3.610000e+01 2.410594e-15 -2.670000e+01
    endloop
  endfacet
  facet normal 5.660435e-14 1.138439e-14 -1.000000e+00
    outer loop
      vertex   3.555812e+01 2.453912e+01 -2.670000e+01
      vertex   3.610000e+01 2.410594e-15 -2.670000e+01
      vertex   3.000000e+01 3.001775e+01 -2.670000e+01
    endloop
  endfacet
  facet normal 5.824121e-16 0.000000e+00 -1.000000e+00
    outer loop
      vertex   3.000000e+01 3.001775e+01 -2.670000e+01
      vertex   3.610000e+01 2.410594e-15 -2.670000e+01
      vertex   3.000000e+01 -5.550000e+01 -2.670000e+01
    endloop
  endfacet
  facet normal 2.649951e-16 3.488727e-17 -1.000000e+00
    outer loop
      vertex   3.000000e+01 -5.550000e+01 -2.670000e+01
      vertex   3.610000e+01 2.410594e-15 -2.670000e+01
      vertex   3.614770e+01 -3.623467e-01 -2.670000e+01
    endloop
  endfacet
  facet normal 3.521513e-15 -3.282059e-16 -1.000000e+00
    outer loop
      vertex   3.000000e+01 -5.550000e+01 -2.670000e+01
      vertex   3.614770e+01 -3.623467e-01 -2.670000e+01
      vertex   3.555812e+01 -4.998697e+01 -2.670000e+01
    endloop
  endfacet
  facet normal 7.795078e-16 -2.956283e-16 -1.000000e+00
    outer loop
      vertex   3.555812e+01 -4.998697e+01 -2.670000e+01
      vertex   3.614770e+01 -3.623467e-01 -2.670000e+01
      vertex   3.572909e+01 -4.953615e+01 -2.670000e+01
    endloop
  endfacet
  facet normal -6.836390e-16 -2.831726e-16 -1.000000e+00
    outer loop
      vertex   3.572909e+01 -4.953615e+01 -2.670000e+01
      vertex   3.614770e+01 -3.623467e-01 -2.670000e+01
      vertex   3.628756e+01 -7.000000e-01 -2.670000e+01
    endloop
  endfacet
  facet normal 4.286745e-16 -2.958927e-16 -1.000000e+00
    outer loop
      vertex   3.572909e+01 -4.953615e+01 -2.670000e+01
      vertex   3.628756e+01 -7.000000e-01 -2.670000e+01
      vertex   3.600298e+01 -4.913936e+01 -2.670000e+01
    endloop
  endfacet
  facet normal -3.794275e-16 -2.911450e-16 -1.000000e+00
    outer loop
      vertex   3.600298e+01 -4.913936e+01 -2.670000e+01
      vertex   3.628756e+01 -7.000000e-01 -2.670000e+01
      vertex   3.651005e+01 -9.899495e-01 -2.670000e+01
    endloop
  endfacet
  facet normal 2.639344e-16 -2.979204e-16 -1.000000e+00
    outer loop
      vertex   3.600298e+01 -4.913936e+01 -2.670000e+01
      vertex   3.651005e+01 -9.899495e-01 -2.670000e+01
      vertex   3.636387e+01 -4.881963e+01 -2.670000e+01
    endloop
  endfacet
  facet normal -2.274500e-16 -2.964186e-16 -1.000000e+00
    outer loop
      vertex   3.636387e+01 -4.881963e+01 -2.670000e+01
      vertex   3.651005e+01 -9.899495e-01 -2.670000e+01
      vertex   3.680000e+01 -1.212436e+00 -2.670000e+01
    endloop
  endfacet
  facet normal 1.574230e-16 -2.999444e-16 -1.000000e+00
    outer loop
      vertex   3.636387e+01 -4.881963e+01 -2.670000e+01
      vertex   3.680000e+01 -1.212436e+00 -2.670000e+01
      vertex   3.679079e+01 -4.859557e+01 -2.670000e+01
    endloop
  endfacet
  facet normal -1.242184e-16 -2.998896e-16 -1.000000e+00
    outer loop
      vertex   3.679079e+01 -4.859557e+01 -2.670000e+01
      vertex   3.680000e+01 -1.212436e+00 -2.670000e+01
      vertex   3.713765e+01 -1.352296e+00 -2.670000e+01
    endloop
  endfacet
  facet normal 7.427536e-17 -3.013470e-16 -1.000000e+00
    outer loop
      vertex   3.679079e+01 -4.859557e+01 -2.670000e+01
      vertex   3.713765e+01 -1.352296e+00 -2.670000e+01
      vertex   3.725893e+01 -4.848018e+01 -2.670000e+01
    endloop
  endfacet
  facet normal -3.971170e-17 -3.016403e-16 -1.000000e+00
    outer loop
      vertex   3.725893e+01 -4.848018e+01 -2.670000e+01
      vertex   3.713765e+01 -1.352296e+00 -2.670000e+01
      vertex   3.750000e+01 -1.400000e+00 -2.670000e+01
    endloop
  endfacet
  facet normal 0.000000e+00 -3.018437e-16 -1.000000e+00
    outer loop
      vertex   3.725893e+01 -4.848018e+01 -2.670000e+01
      vertex   3.750000e+01 -1.400000e+00 -2.670000e+01
      vertex   3.774107e+01 -4.848018e+01 -2.670000e+01
    endloop
  endfacet
  facet normal 3.971170e-17 -3.016403e-16 -1.000000e+00
    outer loop
      vertex   3.774107e+01 -4.848018e+01 -2.670000e+01
      vertex   3.750000e+01 -1.400000e+00 -2.670000e+01
      vertex   3.786235e+01 -1.352296e+00 -2.670000e+01
    endloop
  endfacet
  facet normal -7.427536e-17 -3.013470e-16 -1.000000e+00
    outer loop
      vertex   3.774107e+01 -4.848018e+01 -2.670000e+01
      vertex   3.786235e+01 -1.352296e+00 -2.670000e+01
      vertex   3.820921e+01 -4.859557e+01 -2.670000e+01
    endloop
  endfacet
  facet normal 1.242184e-16 -2.998896e-16 -1.000000e+00
    outer loop
      vertex   3.820921e+01 -4.859557e+01 -2.670000e+01
      vertex   3.786235e+01 -1.352296e+00 -2.670000e+01
      vertex   3.820000e+01 -1.212436e+00 -2.670000e+01
    endloop
  endfacet
  facet normal -1.574230e-16 -2.999444e-16 -1.000000e+00
    outer loop
      vertex   3.820921e+01 -4.859557e+01 -2.670000e+01
      vertex   3.820000e+01 -1.212436e+00 -2.670000e+01
      vertex   3.863613e+01 -4.881963e+01 -2.670000e+01
    endloop
  endfacet
  facet normal 2.274500e-16 -2.964186e-16 -1.000000e+00
    outer loop
      vertex   3.863613e+01 -4.881963e+01 -2.670000e+01
      vertex   3.820000e+01 -1.212436e+00 -2.670000e+01
      vertex   3.848995e+01 -9.899495e-01 -2.670000e+01
    endloop
  endfacet
  facet normal -2.639344e-16 -2.979204e-16 -1.000000e+00
    outer loop
      vertex   3.863613e+01 -4.881963e+01 -2.670000e+01
      vertex   3.848995e+01 -9.899495e-01 -2.670000e+01
      vertex   3.899702e+01 -4.913936e+01 -2.670000e+01
    endloop
  endfacet
  facet normal 3.794275e-16 -2.911450e-16 -1.000000e+00
    outer loop
      vertex   3.899702e+01 -4.913936e+01 -2.670000e+01
      vertex   3.848995e+01 -9.899495e-01 -2.670000e+01
      vertex   3.871244e+01 -7.000000e-01 -2.670000e+01
    endloop
  endfacet
  facet normal -4.286745e-16 -2.958927e-16 -1.000000e+00
    outer loop
      vertex   3.899702e+01 -4.913936e+01 -2.670000e+01
      vertex   3.871244e+01 -7.000000e-01 -2.670000e+01
      vertex   3.927091e+01 -4.953615e+01 -2.670000e+01
    endloop
  endfacet
  facet normal 6.836390e-16 -2.831726e-16 -1.000000e+00
    outer loop
      vertex   3.927091e+01 -4.953615e+01 -2.670000e+01
      vertex   3.871244e+01 -7.000000e-01 -2.670000e+01
      vertex   3.885230e+01 -3.623467e-01 -2.670000e+01
    endloop
  endfacet
  facet normal -7.795078e-16 -2.956283e-16 -1.000000e+00
    outer loop
      vertex   3.927091e+01 -4.953615e+01 -2.670000e+01
      vertex   3.885230e+01 -3.623467e-01 -2.670000e+01
      vertex   3.944188e+01 -4.998697e+01 -2.670000e+01
    endloop
  endfacet
  facet normal -3.521513e-15 -3.282059e-16 -1.000000e+00
    outer loop
      vertex   3.944188e+01 -4.998697e+01 -2.670000e+01
      vertex   3.885230e+01 -3.623467e-01 -2.670000e+01
      vertex   4.500000e+01 -5.550000e+01 -2.670000e+01
    endloop
  endfacet
  facet normal -3.633588e-15 -4.411974e-16 -1.000000e+00
    outer loop
      vertex   3.944188e+01 -4.998697e+01 -2.670000e+01
      vertex   4.500000e+01 -5.550000e+01 -2.670000e+01
      vertex   3.950000e+01 -5.046560e+01 -2.670000e+01
    endloop
  endfacet
  facet normal -2.906682e-15 3.529351e-16 -1.000000e+00
    outer loop
      vertex   3.950000e+01 -5.046560e+01 -2.670000e+01
      vertex   4.500000e+01 -5.550000e+01 -2.670000e+01
      vertex   3.944188e+01 -5.094423e+01 -2.670000e+01
    endloop
  endfacet
  facet normal -2.438078e-15 9.246409e-16 -1.000000e+00
    outer loop
      vertex   3.944188e+01 -5.094423e+01 -2.670000e+01
      vertex   4.500000e+01 -5.550000e+01 -2.670000e+01
      vertex   3.927091e+01 -5.139505e+01 -2.670000e+01
    endloop
  endfacet
  facet normal -2.074569e-15 1.431972e-15 -1.000000e+00
    outer loop
      vertex   3.927091e+01 -5.139505e+01 -2.670000e+01
      vertex   4.500000e+01 -5.550000e+01 -2.670000e+01
      vertex   3.899702e+01 -5.179185e+01 -2.670000e+01
    endloop
  endfacet
  facet normal -1.743472e-15 1.967973e-15 -1.000000e+00
    outer loop
      vertex   3.899702e+01 -5.179185e+01 -2.670000e+01
      vertex   4.500000e+01 -5.550000e+01 -2.670000e+01
      vertex   3.863613e+01 -5.211157e+01 -2.670000e+01
    endloop
  endfacet
  facet normal -1.385615e-15 2.640069e-15 -1.000000e+00
    outer loop
      vertex   3.863613e+01 -5.211157e+01 -2.670000e+01
      vertex   4.500000e+01 -5.550000e+01 -2.670000e+01
      vertex   3.820921e+01 -5.233563e+01 -2.670000e+01
    endloop
  endfacet
  facet normal -9.049594e-16 3.671565e-15 -1.000000e+00
    outer loop
      vertex   3.820921e+01 -5.233563e+01 -2.670000e+01
      vertex   4.500000e+01 -5.550000e+01 -2.670000e+01
      vertex   3.774107e+01 -5.245102e+01 -2.670000e+01
    endloop
  endfacet
  facet normal 0.000000e+00 5.826066e-15 -1.000000e+00
    outer loop
      vertex   3.774107e+01 -5.245102e+01 -2.670000e+01
      vertex   4.500000e+01 -5.550000e+01 -2.670000e+01
      vertex   3.000000e+01 -5.550000e+01 -2.670000e+01
    endloop
  endfacet
  facet normal 0.000000e+00 5.826066e-15 -1.000000e+00
    outer loop
      vertex   3.774107e+01 -5.245102e+01 -2.670000e+01
      vertex   3.000000e+01 -5.550000e+01 -2.670000e+01
      vertex   3.725893e+01 -5.245102e+01 -2.670000e+01
    endloop
  endfacet
  facet normal 9.049594e-16 3.671565e-15 -1.000000e+00
    outer loop
      vertex   3.725893e+01 -5.245102e+01 -2.670000e+01
      vertex   3.000000e+01 -5.550000e+01 -2.670000e+01
      vertex   3.679079e+01 -5.233563e+01 -2.670000e+01
    endloop
  endfacet
  facet normal 1.385615e-15 2.640069e-15 -1.000000e+00
    outer loop
      vertex   3.679079e+01 -5.233563e+01 -2.670000e+01
      vertex   3.000000e+01 -5.550000e+01 -2.670000e+01
      vertex   3.636387e+01 -5.211157e+01 -2.670000e+01
    endloop
  endfacet
  facet normal 1.743472e-15 1.967973e-15 -1.000000e+00
    outer loop
      vertex   3.636387e+01 -5.211157e+01 -2.670000e+01
      vertex   3.000000e+01 -5.550000e+01 -2.670000e+01
      vertex   3.600298e+01 -5.179185e+01 -2.670000e+01
    endloop
  endfacet
  facet normal 2.074569e-15 1.431972e-15 -1.000000e+00
    outer loop
      vertex   3.600298e+01 -5.179185e+01 -2.670000e+01
      vertex   3.000000e+01 -5.550000e+01 -2.670000e+01
      vertex   3.572909e+01 -5.139505e+01 -2.670000e+01
    endloop
  endfacet
  facet normal 2.438078e-15 9.246409e-16 -1.000000e+00
    outer loop
      vertex   3.572909e+01 -5.139505e+01 -2.670000e+01
      vertex   3.000000e+01 -5.550000e+01 -2.670000e+01
      vertex   3.555812e+01 -5.094423e+01 -2.670000e+01
    endloop
  endfacet
  facet normal 2.906682e-15 3.529351e-16 -1.000000e+00
    outer loop
      vertex   3.555812e+01 -5.094423e+01 -2.670000e+01
      vertex   3.000000e+01 -5.550000e+01 -2.670000e+01
      vertex   3.550000e+01 -5.046560e+01 -2.670000e+01
    endloop
  endfacet
  facet normal 3.633588e-15 -4.411974e-16 -1.000000e+00
    outer loop
      vertex   3.550000e+01 -5.046560e+01 -2.670000e+01
      vertex   3.000000e+01 -5.550000e+01 -2.670000e+01
      vertex   3.555812e+01 -4.998697e+01 -2.670000e+01
    endloop
  endfacet
  facet normal 1.558380e-14 1.075672e-14 -1.000000e+00
    outer loop
      vertex   3.572909e+01 2.408831e+01 -2.670000e+01
      vertex   3.600298e+01 2.369151e+01 -2.670000e+01
      vertex   3.614770e+01 3.623467e-01 -2.670000e+01
    endloop
  endfacet
  facet normal -2.535588e-14 1.050275e-14 -1.000000e+00
    outer loop
      vertex   3.614770e+01 3.623467e-01 -2.670000e+01
      vertex   3.600298e+01 2.369151e+01 -2.670000e+01
      vertex   3.628756e+01 7.000000e-01 -2.670000e+01
    endloop
  endfacet
  facet normal 9.688919e-15 1.093653e-14 -1.000000e+00
    outer loop
      vertex   3.628756e+01 7.000000e-01 -2.670000e+01
      vertex   3.600298e+01 2.369151e+01 -2.670000e+01
      vertex   3.636387e+01 2.337179e+01 -2.670000e+01
    endloop
  endfacet
  facet normal -1.435824e-14 1.101746e-14 -1.000000e+00
    outer loop
      vertex   3.628756e+01 7.000000e-01 -2.670000e+01
      vertex   3.636387e+01 2.337179e+01 -2.670000e+01
      vertex   3.651005e+01 9.899495e-01 -2.670000e+01
    endloop
  endfacet
  facet normal -8.483439e-15 1.105583e-14 -1.000000e+00
    outer loop
      vertex   3.651005e+01 9.899495e-01 -2.670000e+01
      vertex   3.636387e+01 2.337179e+01 -2.670000e+01
      vertex   3.680000e+01 1.212436e+00 -2.670000e+01
    endloop
  endfacet
  facet normal 5.951659e-15 1.133994e-14 -1.000000e+00
    outer loop
      vertex   3.680000e+01 1.212436e+00 -2.670000e+01
      vertex   3.636387e+01 2.337179e+01 -2.670000e+01
      vertex   3.679079e+01 2.314772e+01 -2.670000e+01
    endloop
  endfacet
  facet normal -4.695304e-15 1.133547e-14 -1.000000e+00
    outer loop
      vertex   3.680000e+01 1.212436e+00 -2.670000e+01
      vertex   3.679079e+01 2.314772e+01 -2.670000e+01
      vertex   3.713765e+01 1.352296e+00 -2.670000e+01
    endloop
  endfacet
  facet normal 2.823435e-15 1.145512e-14 -1.000000e+00
    outer loop
      vertex   3.713765e+01 1.352296e+00 -2.670000e+01
      vertex   3.679079e+01 2.314772e+01 -2.670000e+01
      vertex   3.725893e+01 2.303234e+01 -2.670000e+01
    endloop
  endfacet
  facet normal -1.511288e-15 1.147937e-14 -1.000000e+00
    outer loop
      vertex   3.713765e+01 1.352296e+00 -2.670000e+01
      vertex   3.725893e+01 2.303234e+01 -2.670000e+01
      vertex   3.750000e+01 1.400000e+00 -2.670000e+01
    endloop
  endfacet
  facet normal 7.744935e-29 1.149621e-14 -1.000000e+00
    outer loop
      vertex   3.750000e+01 1.400000e+00 -2.670000e+01
      vertex   3.725893e+01 2.303234e+01 -2.670000e+01
      vertex   3.774107e+01 2.303234e+01 -2.670000e+01
    endloop
  endfacet
  facet normal 1.511288e-15 1.147937e-14 -1.000000e+00
    outer loop
      vertex   3.750000e+01 1.400000e+00 -2.670000e+01
      vertex   3.774107e+01 2.303234e+01 -2.670000e+01
      vertex   3.786235e+01 1.352296e+00 -2.670000e+01
    endloop
  endfacet
  facet normal -2.823435e-15 1.145512e-14 -1.000000e+00
    outer loop
      vertex   3.786235e+01 1.352296e+00 -2.670000e+01
      vertex   3.774107e+01 2.303234e+01 -2.670000e+01
      vertex   3.820921e+01 2.314772e+01 -2.670000e+01
    endloop
  endfacet
  facet normal 4.695304e-15 1.133547e-14 -1.000000e+00
    outer loop
      vertex   3.786235e+01 1.352296e+00 -2.670000e+01
      vertex   3.820921e+01 2.314772e+01 -2.670000e+01
      vertex   3.820000e+01 1.212436e+00 -2.670000e+01
    endloop
  endfacet
  facet normal -5.951659e-15 1.133994e-14 -1.000000e+00
    outer loop
      vertex   3.820000e+01 1.212436e+00 -2.670000e+01
      vertex   3.820921e+01 2.314772e+01 -2.670000e+01
      vertex   3.863613e+01 2.337179e+01 -2.670000e+01
    endloop
  endfacet
  facet normal 8.483439e-15 1.105583e-14 -1.000000e+00
    outer loop
      vertex   3.820000e+01 1.212436e+00 -2.670000e+01
      vertex   3.863613e+01 2.337179e+01 -2.670000e+01
      vertex   3.848995e+01 9.899495e-01 -2.670000e+01
    endloop
  endfacet
  facet normal 1.435824e-14 1.101746e-14 -1.000000e+00
    outer loop
      vertex   3.848995e+01 9.899495e-01 -2.670000e+01
      vertex   3.863613e+01 2.337179e+01 -2.670000e+01
      vertex   3.871244e+01 7.000000e-01 -2.670000e+01
    endloop
  endfacet
  facet normal -9.688919e-15 1.093653e-14 -1.000000e+00
    outer loop
      vertex   3.871244e+01 7.000000e-01 -2.670000e+01
      vertex   3.863613e+01 2.337179e+01 -2.670000e+01
      vertex   3.899702e+01 2.369151e+01 -2.670000e+01
    endloop
  endfacet
  facet normal 2.535588e-14 1.050275e-14 -1.000000e+00
    outer loop
      vertex   3.871244e+01 7.000000e-01 -2.670000e+01
      vertex   3.899702e+01 2.369151e+01 -2.670000e+01
      vertex   3.885230e+01 3.623467e-01 -2.670000e+01
    endloop
  endfacet
  facet normal -1.558380e-14 1.075672e-14 -1.000000e+00
    outer loop
      vertex   3.885230e+01 3.623467e-01 -2.670000e+01
      vertex   3.899702e+01 2.369151e+01 -2.670000e+01
      vertex   3.927091e+01 2.408831e+01 -2.670000e+01
    endloop
  endfacet
  facet normal -2.898669e-14 1.099320e-14 -1.000000e+00
    outer loop
      vertex   3.885230e+01 3.623467e-01 -2.670000e+01
      vertex   3.927091e+01 2.408831e+01 -2.670000e+01
      vertex   3.944188e+01 2.453912e+01 -2.670000e+01
    endloop
  endfacet
  facet normal 6.592144e-14 8.678722e-15 -1.000000e+00
    outer loop
      vertex   3.885230e+01 3.623467e-01 -2.670000e+01
      vertex   3.944188e+01 2.453912e+01 -2.670000e+01
      vertex   3.890000e+01 2.582044e-15 -2.670000e+01
    endloop
  endfacet
  facet normal -5.660435e-14 1.138439e-14 -1.000000e+00
    outer loop
      vertex   3.890000e+01 2.582044e-15 -2.670000e+01
      vertex   3.944188e+01 2.453912e+01 -2.670000e+01
      vertex   4.500000e+01 3.001775e+01 -2.670000e+01
    endloop
  endfacet
  facet normal -5.824121e-16 0.000000e+00 -1.000000e+00
    outer loop
      vertex   3.890000e+01 2.582044e-15 -2.670000e+01
      vertex   4.500000e+01 3.001775e+01 -2.670000e+01
      vertex   4.500000e+01 -5.550000e+01 -2.670000e+01
    endloop
  endfacet
  facet normal -2.649951e-16 3.488727e-17 -1.000000e+00
    outer loop
      vertex   3.885230e+01 -3.623467e-01 -2.670000e+01
      vertex   3.890000e+01 2.582044e-15 -2.670000e+01
      vertex   4.500000e+01 -5.550000e+01 -2.670000e+01
    endloop
  endfacet
  facet normal 0.000000e+00 -1.000000e+00 -1.421085e-15
    outer loop
      vertex   3.000000e+01 -5.550000e+01 -2.170000e+01
      vertex   3.000000e+01 -5.550000e+01 -2.670000e+01
      vertex   4.500000e+01 -5.550000e+01 -2.170000e+01
    endloop
  endfacet
  facet normal 0.000000e+00 -1.000000e+00 -1.421085e-15
    outer loop
      vertex   4.500000e+01 -5.550000e+01 -2.170000e+01
      vertex   3.000000e+01 -5.550000e+01 -2.670000e+01
      vertex   4.500000e+01 -5.550000e+01 -2.670000e+01
    endloop
  endfacet
  facet normal 1.000000e+00 0.000000e+00 0.000000e+00
    outer loop
      vertex   4.500000e+01 -3.755014e+01 5.745042e+00
      vertex   4.500000e+01 -4.544986e+01 5.745042e+00
      vertex   4.500000e+01 -3.750000e+01 5.300000e+00
    endloop
  endfacet
  facet normal 1.000000e+00 0.000000e+00 0.000000e+00
    outer loop
      vertex   4.500000e+01 -3.750000e+01 5.300000e+00
      vertex   4.500000e+01 -4.544986e+01 5.745042e+00
      vertex   4.500000e+01 -4.550000e+01 5.300000e+00
    endloop
  endfacet
  facet normal 1.000000e+00 0.000000e+00 0.000000e+00
    outer loop
      vertex   4.500000e+01 -3.750000e+01 5.300000e+00
      vertex   4.500000e+01 -4.550000e+01 5.300000e+00
      vertex   4.500000e+01 -3.750000e+01 -1.167065e+01
    endloop
  endfacet
  facet normal 1.000000e+00 0.000000e+00 0.000000e+00
    outer loop
      vertex   4.500000e+01 -3.750000e+01 -1.167065e+01
      vertex   4.500000e+01 -4.550000e+01 5.300000e+00
      vertex   4.500000e+01 -4.550000e+01 -2.020000e+01
    endloop
  endfacet
  facet normal 1.000000e+00 0.000000e+00 0.000000e+00
    outer loop
      vertex   4.500000e+01 -3.750000e+01 -1.167065e+01
      vertex   4.500000e+01 -4.550000e+01 -2.020000e+01
      vertex   4.500000e+01 -3.744201e+01 -1.225768e+01
    endloop
  endfacet
  facet normal 1.000000e+00 0.000000e+00 0.000000e+00
    outer loop
      vertex   4.500000e+01 -3.744201e+01 -1.225768e+01
      vertex   4.500000e+01 -4.550000e+01 -2.020000e+01
      vertex   4.500000e+01 -3.727027e+01 -1.282201e+01
    endloop
  endfacet
  facet normal 1.000000e+00 0.000000e+00 0.000000e+00
    outer loop
      vertex   4.500000e+01 -3.727027e+01 -1.282201e+01
      vertex   4.500000e+01 -4.550000e+01 -2.020000e+01
      vertex   4.500000e+01 -3.699143e+01 -1.334182e+01
    endloop
  endfacet
  facet normal 1.000000e+00 0.000000e+00 0.000000e+00
    outer loop
      vertex   4.500000e+01 -3.699143e+01 -1.334182e+01
      vertex   4.500000e+01 -4.550000e+01 -2.020000e+01
      vertex   4.500000e+01 -3.661626e+01 -1.379702e+01
    endloop
  endfacet
  facet normal 1.000000e+00 0.000000e+00 0.000000e+00
    outer loop
      vertex   4.500000e+01 -3.661626e+01 -1.379702e+01
      vertex   4.500000e+01 -4.550000e+01 -2.020000e+01
      vertex   4.500000e+01 -3.615927e+01 -1.417002e+01
    endloop
  endfacet
  facet normal 1.000000e+00 0.000000e+00 0.000000e+00
    outer loop
      vertex   4.500000e+01 -3.615927e+01 -1.417002e+01
      vertex   4.500000e+01 -4.550000e+01 -2.020000e+01
      vertex   4.500000e+01 -3.563813e+01 -1.444638e+01
    endloop
  endfacet
  facet normal 1.000000e+00 0.000000e+00 0.000000e+00
    outer loop
      vertex   4.500000e+01 -3.563813e+01 -1.444638e+01
      vertex   4.500000e+01 -4.550000e+01 -2.020000e+01
      vertex   4.500000e+01 -3.507299e+01 -1.461543e+01
    endloop
  endfacet
  facet normal 1.000000e+00 0.000000e+00 0.000000e+00
    outer loop
      vertex   4.500000e+01 -3.507299e+01 -1.461543e+01
      vertex   4.500000e+01 -4.550000e+01 -2.020000e+01
      vertex   4.500000e+01 -3.448570e+01 -1.467062e+01
    endloop
  endfacet
  facet normal 1.000000e+00 -0.000000e+00 0.000000e+00
    outer loop
      vertex   4.500000e+01 -3.448570e+01 -1.467062e+01
      vertex   4.500000e+01 -4.550000e+01 -2.020000e+01
      vertex   4.500000e+01 -3.389896e+01 -1.460983e+01
    endloop
  endfacet
  facet normal 1.000000e+00 0.000000e+00 0.000000e+00
    outer loop
      vertex   4.500000e+01 -3.389896e+01 -1.460983e+01
      vertex   4.500000e+01 -4.550000e+01 -2.020000e+01
      vertex   4.500000e+01 -4.555111e+01 -2.058823e+01
    endloop
  endfacet
  facet normal 1.000000e+00 0.000000e+00 0.000000e+00
    outer loop
      vertex   4.500000e+01 -3.389896e+01 -1.460983e+01
      vertex   4.500000e+01 -4.555111e+01 -2.058823e+01
      vertex   4.500000e+01 -4.570096e+01 -2.095000e+01
    endloop
  endfacet
  facet normal 1.000000e+00 0.000000e+00 0.000000e+00
    outer loop
      vertex   4.500000e+01 -4.544986e+01 5.745042e+00
      vertex   4.500000e+01 -3.755014e+01 5.745042e+00
      vertex   4.500000e+01 -4.530194e+01 6.167767e+00
    endloop
  endfacet
  facet normal 1.000000e+00 -0.000000e+00 0.000000e+00
    outer loop
      vertex   4.500000e+01 -4.530194e+01 6.167767e+00
      vertex   4.500000e+01 -3.755014e+01 5.745042e+00
      vertex   4.500000e+01 -3.769806e+01 6.167767e+00
    endloop
  endfacet
  facet normal 1.000000e+00 0.000000e+00 0.000000e+00
    outer loop
      vertex   4.500000e+01 -4.530194e+01 6.167767e+00
      vertex   4.500000e+01 -3.769806e+01 6.167767e+00
      vertex   4.500000e+01 -4.506366e+01 6.546980e+00
    endloop
  endfacet
  facet normal 1.000000e+00 -0.000000e+00 0.000000e+00
    outer loop
      vertex   4.500000e+01 -4.506366e+01 6.546980e+00
      vertex   4.500000e+01 -3.769806e+01 6.167767e+00
      vertex   4.500000e+01 -3.793634e+01 6.546980e+00
    endloop
  endfacet
  facet normal 1.000000e+00 0.000000e+00 0.000000e+00
    outer loop
      vertex   4.500000e+01 -4.506366e+01 6.546980e+00
      vertex   4.500000e+01 -3.793634e+01 6.546980e+00
      vertex   4.500000e+01 -4.350000e+01 7.300000e+00
    endloop
  endfacet
  facet normal 1.000000e+00 0.000000e+00 0.000000e+00
    outer loop
      vertex   4.500000e+01 -4.350000e+01 7.300000e+00
      vertex   4.500000e+01 -3.793634e+01 6.546980e+00
      vertex   4.500000e+01 -3.950000e+01 7.300000e+00
    endloop
  endfacet
  facet normal 1.000000e+00 0.000000e+00 0.000000e+00
    outer loop
      vertex   4.500000e+01 -3.950000e+01 7.300000e+00
      vertex   4.500000e+01 -3.793634e+01 6.546980e+00
      vertex   4.500000e+01 -3.825302e+01 6.863663e+00
    endloop
  endfacet
  facet normal 1.000000e+00 0.000000e+00 0.000000e+00
    outer loop
      vertex   4.500000e+01 -3.950000e+01 7.300000e+00
      vertex   4.500000e+01 -3.825302e+01 6.863663e+00
      vertex   4.500000e+01 -3.863223e+01 7.101938e+00
    endloop
  endfacet
  facet normal 1.000000e+00 0.000000e+00 0.000000e+00
    outer loop
      vertex   4.500000e+01 -3.863223e+01 7.101938e+00
      vertex   4.500000e+01 -3.905496e+01 7.249856e+00
      vertex   4.500000e+01 -3.950000e+01 7.300000e+00
    endloop
  endfacet
  facet normal 1.000000e+00 -0.000000e+00 0.000000e+00
    outer loop
      vertex   4.500000e+01 -4.394504e+01 7.249856e+00
      vertex   4.500000e+01 -4.436777e+01 7.101938e+00
      vertex   4.500000e+01 -4.350000e+01 7.300000e+00
    endloop
  endfacet
  facet normal 1.000000e+00 0.000000e+00 0.000000e+00
    outer loop
      vertex   4.500000e+01 -4.350000e+01 7.300000e+00
      vertex   4.500000e+01 -4.436777e+01 7.101938e+00
      vertex   4.500000e+01 -4.474698e+01 6.863663e+00
    endloop
  endfacet
  facet normal 1.000000e+00 0.000000e+00 0.000000e+00
    outer loop
      vertex   4.500000e+01 -4.350000e+01 7.300000e+00
      vertex   4.500000e+01 -4.474698e+01 6.863663e+00
      vertex   4.500000e+01 -4.506366e+01 6.546980e+00
    endloop
  endfacet
  facet normal 1.000000e+00 -0.000000e+00 0.000000e+00
    outer loop
      vertex   4.500000e+01 -4.570096e+01 -2.095000e+01
      vertex   4.500000e+01 -4.593934e+01 -2.126066e+01
      vertex   4.500000e+01 -3.389896e+01 -1.460983e+01
    endloop
  endfacet
  facet normal 1.000000e+00 0.000000e+00 0.000000e+00
    outer loop
      vertex   4.500000e+01 -3.389896e+01 -1.460983e+01
      vertex   4.500000e+01 -4.593934e+01 -2.126066e+01
      vertex   4.500000e+01 1.949548e+01 -2.085802e+01
    endloop
  endfacet
  facet normal 1.000000e+00 -0.000000e+00 0.000000e+00
    outer loop
      vertex   4.500000e+01 -3.389896e+01 -1.460983e+01
      vertex   4.500000e+01 1.949548e+01 -2.085802e+01
      vertex   4.500000e+01 -3.333546e+01 -1.443540e+01
    endloop
  endfacet
  facet normal 1.000000e+00 0.000000e+00 0.000000e+00
    outer loop
      vertex   4.500000e+01 -3.333546e+01 -1.443540e+01
      vertex   4.500000e+01 1.949548e+01 -2.085802e+01
      vertex   4.500000e+01 1.912200e+01 -2.042073e+01
    endloop
  endfacet
  facet normal 1.000000e+00 -0.000000e+00 0.000000e+00
    outer loop
      vertex   4.500000e+01 -3.333546e+01 -1.443540e+01
      vertex   4.500000e+01 1.912200e+01 -2.042073e+01
      vertex   4.500000e+01 -3.281698e+01 -1.415409e+01
    endloop
  endfacet
  facet normal 1.000000e+00 -0.000000e+00 0.000000e+00
    outer loop
      vertex   4.500000e+01 -3.281698e+01 -1.415409e+01
      vertex   4.500000e+01 1.912200e+01 -2.042073e+01
      vertex   4.500000e+01 -3.236357e+01 -1.377675e+01
    endloop
  endfacet
  facet normal 1.000000e+00 -0.000000e+00 0.000000e+00
    outer loop
      vertex   4.500000e+01 -3.236357e+01 -1.377675e+01
      vertex   4.500000e+01 1.912200e+01 -2.042073e+01
      vertex   4.500000e+01 1.155322e+01 -9.611389e+00
    endloop
  endfacet
  facet normal 1.000000e+00 0.000000e+00 0.000000e+00
    outer loop
      vertex   4.500000e+01 -3.236357e+01 -1.377675e+01
      vertex   4.500000e+01 1.155322e+01 -9.611389e+00
      vertex   4.500000e+01 -3.199276e+01 -1.331799e+01
    endloop
  endfacet
  facet normal 1.000000e+00 0.000000e+00 0.000000e+00
    outer loop
      vertex   4.500000e+01 -3.199276e+01 -1.331799e+01
      vertex   4.500000e+01 1.155322e+01 -9.611389e+00
      vertex   4.500000e+01 -2.968598e+01 -9.807096e+00
    endloop
  endfacet
  facet normal 1.000000e+00 0.000000e+00 0.000000e+00
    outer loop
      vertex   4.500000e+01 -2.968598e+01 -9.807096e+00
      vertex   4.500000e+01 1.155322e+01 -9.611389e+00
      vertex   4.500000e+01 3.079018e+00 -5.200000e+00
    endloop
  endfacet
  facet normal 1.000000e+00 0.000000e+00 0.000000e+00
    outer loop
      vertex   4.500000e+01 -2.968598e+01 -9.807096e+00
      vertex   4.500000e+01 3.079018e+00 -5.200000e+00
      vertex   4.500000e+01 -2.114644e+01 -5.200000e+00
    endloop
  endfacet
  facet normal 1.000000e+00 0.000000e+00 0.000000e+00
    outer loop
      vertex   4.500000e+01 1.949548e+01 -2.085802e+01
      vertex   4.500000e+01 -4.593934e+01 -2.126066e+01
      vertex   4.500000e+01 1.994554e+01 -2.121601e+01
    endloop
  endfacet
  facet normal 1.000000e+00 0.000000e+00 0.000000e+00
    outer loop
      vertex   4.500000e+01 1.994554e+01 -2.121601e+01
      vertex   4.500000e+01 -4.593934e+01 -2.126066e+01
      vertex   4.500000e+01 -4.625000e+01 -2.149904e+01
    endloop
  endfacet
  facet normal 1.000000e+00 0.000000e+00 0.000000e+00
    outer loop
      vertex   4.500000e+01 1.994554e+01 -2.121601e+01
      vertex   4.500000e+01 -4.625000e+01 -2.149904e+01
      vertex   4.500000e+01 2.045563e+01 -2.148155e+01
    endloop
  endfacet
  facet normal 1.000000e+00 0.000000e+00 0.000000e+00
    outer loop
      vertex   4.500000e+01 2.045563e+01 -2.148155e+01
      vertex   4.500000e+01 -4.625000e+01 -2.149904e+01
      vertex   4.500000e+01 -4.661177e+01 -2.164889e+01
    endloop
  endfacet
  facet normal 1.000000e+00 0.000000e+00 0.000000e+00
    outer loop
      vertex   4.500000e+01 2.045563e+01 -2.148155e+01
      vertex   4.500000e+01 -4.661177e+01 -2.164889e+01
      vertex   4.500000e+01 3.001775e+01 -2.670000e+01
    endloop
  endfacet
  facet normal 1.000000e+00 0.000000e+00 0.000000e+00
    outer loop
      vertex   4.500000e+01 3.001775e+01 -2.670000e+01
      vertex   4.500000e+01 -4.661177e+01 -2.164889e+01
      vertex   4.500000e+01 -5.550000e+01 -2.670000e+01
    endloop
  endfacet
  facet normal 1.000000e+00 0.000000e+00 0.000000e+00
    outer loop
      vertex   4.500000e+01 -5.550000e+01 -2.670000e+01
      vertex   4.500000e+01 -4.661177e+01 -2.164889e+01
      vertex   4.500000e+01 -4.700000e+01 -2.170000e+01
    endloop
  endfacet
  facet normal 1.000000e+00 0.000000e+00 -0.000000e+00
    outer loop
      vertex   4.500000e+01 -5.550000e+01 -2.670000e+01
      vertex   4.500000e+01 -4.700000e+01 -2.170000e+01
      vertex   4.500000e+01 -5.550000e+01 -2.170000e+01
    endloop
  endfacet
  facet normal 1.000000e+00 0.000000e+00 0.000000e+00
    outer loop
      vertex   4.500000e+01 3.001775e+01 -2.170000e+01
      vertex   4.500000e+01 2.157945e+01 -2.170000e+01
      vertex   4.500000e+01 3.001775e+01 -2.670000e+01
    endloop
  endfacet
  facet normal 1.000000e+00 0.000000e+00 0.000000e+00
    outer loop
      vertex   4.500000e+01 3.001775e+01 -2.670000e+01
      vertex   4.500000e+01 2.157945e+01 -2.170000e+01
      vertex   4.500000e+01 2.100703e+01 -2.164488e+01
    endloop
  endfacet
  facet normal 1.000000e+00 0.000000e+00 0.000000e+00
    outer loop
      vertex   4.500000e+01 3.001775e+01 -2.670000e+01
      vertex   4.500000e+01 2.100703e+01 -2.164488e+01
      vertex   4.500000e+01 2.045563e+01 -2.148155e+01
    endloop
  endfacet
  facet normal 1.000000e+00 0.000000e+00 0.000000e+00
    outer loop
      vertex   4.500000e+01 1.155322e+01 -9.611389e+00
      vertex   4.500000e+01 1.087338e+01 -8.742971e+00
      vertex   4.500000e+01 3.079018e+00 -5.200000e+00
    endloop
  endfacet
  facet normal 1.000000e+00 0.000000e+00 0.000000e+00
    outer loop
      vertex   4.500000e+01 3.079018e+00 -5.200000e+00
      vertex   4.500000e+01 1.087338e+01 -8.742971e+00
      vertex   4.500000e+01 1.010495e+01 -7.951862e+00
    endloop
  endfacet
  facet normal 1.000000e+00 0.000000e+00 0.000000e+00
    outer loop
      vertex   4.500000e+01 3.079018e+00 -5.200000e+00
      vertex   4.500000e+01 1.010495e+01 -7.951862e+00
      vertex   4.500000e+01 9.256675e+00 -7.247053e+00
    endloop
  endfacet
  facet normal 1.000000e+00 0.000000e+00 0.000000e+00
    outer loop
      vertex   4.500000e+01 9.256675e+00 -7.247053e+00
      vertex   4.500000e+01 8.338186e+00 -6.636554e+00
      vertex   4.500000e+01 3.079018e+00 -5.200000e+00
    endloop
  endfacet
  facet normal 1.000000e+00 0.000000e+00 0.000000e+00
    outer loop
      vertex   4.500000e+01 3.079018e+00 -5.200000e+00
      vertex   4.500000e+01 8.338186e+00 -6.636554e+00
      vertex   4.500000e+01 7.359925e+00 -6.127303e+00
    endloop
  endfacet
  facet normal 1.000000e+00 0.000000e+00 0.000000e+00
    outer loop
      vertex   4.500000e+01 3.079018e+00 -5.200000e+00
      vertex   4.500000e+01 7.359925e+00 -6.127303e+00
      vertex   4.500000e+01 6.333010e+00 -5.725089e+00
    endloop
  endfacet
  facet normal 1.000000e+00 0.000000e+00 0.000000e+00
    outer loop
      vertex   4.500000e+01 6.333010e+00 -5.725089e+00
      vertex   4.500000e+01 5.269113e+00 -5.434483e+00
      vertex   4.500000e+01 3.079018e+00 -5.200000e+00
    endloop
  endfacet
  facet normal 1.000000e+00 0.000000e+00 0.000000e+00
    outer loop
      vertex   4.500000e+01 3.079018e+00 -5.200000e+00
      vertex   4.500000e+01 5.269113e+00 -5.434483e+00
      vertex   4.500000e+01 4.180324e+00 -5.258788e+00
    endloop
  endfacet
  facet normal 1.000000e+00 -0.000000e+00 0.000000e+00
    outer loop
      vertex   4.500000e+01 -2.215584e+01 -5.249981e+00
      vertex   4.500000e+01 -2.315536e+01 -5.399433e+00
      vertex   4.500000e+01 -2.114644e+01 -5.200000e+00
    endloop
  endfacet
  facet normal 1.000000e+00 0.000000e+00 0.000000e+00
    outer loop
      vertex   4.500000e+01 -2.114644e+01 -5.200000e+00
      vertex   4.500000e+01 -2.315536e+01 -5.399433e+00
      vertex   4.500000e+01 -2.413523e+01 -5.646896e+00
    endloop
  endfacet
  facet normal 1.000000e+00 0.000000e+00 0.000000e+00
    outer loop
      vertex   4.500000e+01 -2.114644e+01 -5.200000e+00
      vertex   4.500000e+01 -2.413523e+01 -5.646896e+00
      vertex   4.500000e+01 -2.508587e+01 -5.989948e+00
    endloop
  endfacet
  facet normal 1.000000e+00 -0.000000e+00 0.000000e+00
    outer loop
      vertex   4.500000e+01 -2.508587e+01 -5.989948e+00
      vertex   4.500000e+01 -2.599796e+01 -6.425234e+00
      vertex   4.500000e+01 -2.114644e+01 -5.200000e+00
    endloop
  endfacet
  facet normal 1.000000e+00 0.000000e+00 0.000000e+00
    outer loop
      vertex   4.500000e+01 -2.114644e+01 -5.200000e+00
      vertex   4.500000e+01 -2.599796e+01 -6.425234e+00
      vertex   4.500000e+01 -2.686259e+01 -6.948493e+00
    endloop
  endfacet
  facet normal 1.000000e+00 0.000000e+00 0.000000e+00
    outer loop
      vertex   4.500000e+01 -2.114644e+01 -5.200000e+00
      vertex   4.500000e+01 -2.686259e+01 -6.948493e+00
      vertex   4.500000e+01 -2.767130e+01 -7.554609e+00
    endloop
  endfacet
  facet normal 1.000000e+00 -0.000000e+00 0.000000e+00
    outer loop
      vertex   4.500000e+01 -2.767130e+01 -7.554609e+00
      vertex   4.500000e+01 -2.841618e+01 -8.237651e+00
      vertex   4.500000e+01 -2.114644e+01 -5.200000e+00
    endloop
  endfacet
  facet normal 1.000000e+00 0.000000e+00 0.000000e+00
    outer loop
      vertex   4.500000e+01 -2.114644e+01 -5.200000e+00
      vertex   4.500000e+01 -2.841618e+01 -8.237651e+00
      vertex   4.500000e+01 -2.908994e+01 -8.990936e+00
    endloop
  endfacet
  facet normal 1.000000e+00 0.000000e+00 0.000000e+00
    outer loop
      vertex   4.500000e+01 -2.114644e+01 -5.200000e+00
      vertex   4.500000e+01 -2.908994e+01 -8.990936e+00
      vertex   4.500000e+01 -2.968598e+01 -9.807096e+00
    endloop
  endfacet
endsolid
