solid ASCII
  facet normal 0.000000e+00 -7.071068e-01 -7.071068e-01
    outer loop
      vertex   -6.000000e+00 6.600000e+01 -1.970000e+01
      vertex   6.000000e+00 6.600000e+01 -1.970000e+01
      vertex   -6.000000e+00 6.400000e+01 -1.770000e+01
    endloop
  endfacet
  facet normal 0.000000e+00 -7.071068e-01 -7.071068e-01
    outer loop
      vertex   -6.000000e+00 6.400000e+01 -1.770000e+01
      vertex   6.000000e+00 6.600000e+01 -1.970000e+01
      vertex   6.000000e+00 6.400000e+01 -1.770000e+01
    endloop
  endfacet
  facet normal -4.629653e-02 -7.063486e-01 -7.063486e-01
    outer loop
      vertex   -6.000000e+00 6.400000e+01 -1.770000e+01
      vertex   -6.652631e+00 6.404278e+01 -1.770000e+01
      vertex   -6.000000e+00 6.600000e+01 -1.970000e+01
    endloop
  endfacet
  facet normal -6.152594e-02 -7.032447e-01 -7.082807e-01
    outer loop
      vertex   -6.000000e+00 6.600000e+01 -1.970000e+01
      vertex   -6.652631e+00 6.404278e+01 -1.770000e+01
      vertex   -6.520945e+00 6.604558e+01 -1.970000e+01
    endloop
  endfacet
  facet normal -1.382947e-01 -6.952544e-01 -7.053339e-01
    outer loop
      vertex   -6.520945e+00 6.604558e+01 -1.970000e+01
      vertex   -6.652631e+00 6.404278e+01 -1.770000e+01
      vertex   -7.294095e+00 6.417037e+01 -1.770000e+01
    endloop
  endfacet
  facet normal -1.824911e-01 -6.810662e-01 -7.091162e-01
    outer loop
      vertex   -6.520945e+00 6.604558e+01 -1.970000e+01
      vertex   -7.294095e+00 6.417037e+01 -1.770000e+01
      vertex   -7.026061e+00 6.618092e+01 -1.970000e+01
    endloop
  endfacet
  facet normal -2.278605e-01 -6.712553e-01 -7.053339e-01
    outer loop
      vertex   -7.026061e+00 6.618092e+01 -1.970000e+01
      vertex   -7.294095e+00 6.417037e+01 -1.770000e+01
      vertex   -7.913417e+00 6.438060e+01 -1.770000e+01
    endloop
  endfacet
  facet normal -2.983393e-01 -6.397907e-01 -7.082807e-01
    outer loop
      vertex   -7.026061e+00 6.618092e+01 -1.970000e+01
      vertex   -7.913417e+00 6.438060e+01 -1.770000e+01
      vertex   -7.500000e+00 6.640192e+01 -1.970000e+01
    endloop
  endfacet
  facet normal -3.130803e-01 -6.348641e-01 -7.063486e-01
    outer loop
      vertex   -7.500000e+00 6.640192e+01 -1.970000e+01
      vertex   -7.913417e+00 6.438060e+01 -1.770000e+01
      vertex   -8.500000e+00 6.466987e+01 -1.770000e+01
    endloop
  endfacet
  facet normal -3.932683e-01 -5.885675e-01 -7.063486e-01
    outer loop
      vertex   -7.500000e+00 6.640192e+01 -1.970000e+01
      vertex   -8.500000e+00 6.466987e+01 -1.770000e+01
      vertex   -9.043807e+00 6.503323e+01 -1.770000e+01
    endloop
  endfacet
  facet normal -4.049054e-01 -5.782648e-01 -7.082807e-01
    outer loop
      vertex   -7.500000e+00 6.640192e+01 -1.970000e+01
      vertex   -9.043807e+00 6.503323e+01 -1.770000e+01
      vertex   -7.928363e+00 6.670187e+01 -1.970000e+01
    endloop
  endfacet
  facet normal -4.673939e-01 -5.329606e-01 -7.053339e-01
    outer loop
      vertex   -7.928363e+00 6.670187e+01 -1.970000e+01
      vertex   -9.043807e+00 6.503323e+01 -1.770000e+01
      vertex   -9.535534e+00 6.546447e+01 -1.770000e+01
    endloop
  endfacet
  facet normal -4.985751e-01 -4.985751e-01 -7.091162e-01
    outer loop
      vertex   -7.928363e+00 6.670187e+01 -1.970000e+01
      vertex   -9.535534e+00 6.546447e+01 -1.770000e+01
      vertex   -8.298133e+00 6.707164e+01 -1.970000e+01
    endloop
  endfacet
  facet normal -5.329606e-01 -4.673939e-01 -7.053339e-01
    outer loop
      vertex   -8.298133e+00 6.707164e+01 -1.970000e+01
      vertex   -9.535534e+00 6.546447e+01 -1.770000e+01
      vertex   -9.966767e+00 6.595619e+01 -1.770000e+01
    endloop
  endfacet
  facet normal -5.782648e-01 -4.049054e-01 -7.082807e-01
    outer loop
      vertex   -8.298133e+00 6.707164e+01 -1.970000e+01
      vertex   -9.966767e+00 6.595619e+01 -1.770000e+01
      vertex   -8.598076e+00 6.750000e+01 -1.970000e+01
    endloop
  endfacet
  facet normal -5.885675e-01 -3.932683e-01 -7.063486e-01
    outer loop
      vertex   -8.598076e+00 6.750000e+01 -1.970000e+01
      vertex   -9.966767e+00 6.595619e+01 -1.770000e+01
      vertex   -1.033013e+01 6.650000e+01 -1.770000e+01
    endloop
  endfacet
  facet normal -6.348641e-01 -3.130803e-01 -7.063486e-01
    outer loop
      vertex   -8.598076e+00 6.750000e+01 -1.970000e+01
      vertex   -1.033013e+01 6.650000e+01 -1.770000e+01
      vertex   -1.061940e+01 6.708658e+01 -1.770000e+01
    endloop
  endfacet
  facet normal -6.397907e-01 -2.983393e-01 -7.082807e-01
    outer loop
      vertex   -8.598076e+00 6.750000e+01 -1.970000e+01
      vertex   -1.061940e+01 6.708658e+01 -1.770000e+01
      vertex   -8.819078e+00 6.797394e+01 -1.970000e+01
    endloop
  endfacet
  facet normal -6.712553e-01 -2.278605e-01 -7.053339e-01
    outer loop
      vertex   -8.819078e+00 6.797394e+01 -1.970000e+01
      vertex   -1.061940e+01 6.708658e+01 -1.770000e+01
      vertex   -1.082963e+01 6.770590e+01 -1.770000e+01
    endloop
  endfacet
  facet normal -6.810662e-01 -1.824911e-01 -7.091162e-01
    outer loop
      vertex   -8.819078e+00 6.797394e+01 -1.970000e+01
      vertex   -1.082963e+01 6.770590e+01 -1.770000e+01
      vertex   -8.954423e+00 6.847906e+01 -1.970000e+01
    endloop
  endfacet
  facet normal -6.952544e-01 -1.382947e-01 -7.053339e-01
    outer loop
      vertex   -8.954423e+00 6.847906e+01 -1.970000e+01
      vertex   -1.082963e+01 6.770590e+01 -1.770000e+01
      vertex   -1.095722e+01 6.834737e+01 -1.770000e+01
    endloop
  endfacet
  facet normal -7.032447e-01 -6.152594e-02 -7.082807e-01
    outer loop
      vertex   -8.954423e+00 6.847906e+01 -1.970000e+01
      vertex   -1.095722e+01 6.834737e+01 -1.770000e+01
      vertex   -9.000000e+00 6.900000e+01 -1.970000e+01
    endloop
  endfacet
  facet normal -7.063486e-01 -4.629653e-02 -7.063486e-01
    outer loop
      vertex   -9.000000e+00 6.900000e+01 -1.970000e+01
      vertex   -1.095722e+01 6.834737e+01 -1.770000e+01
      vertex   -1.100000e+01 6.900000e+01 -1.770000e+01
    endloop
  endfacet
  facet normal -7.071068e-01 -1.439910e-12 -7.071068e-01
    outer loop
      vertex   -1.100000e+01 7.167107e+01 -1.770000e+01
      vertex   -9.000000e+00 7.167107e+01 -1.970000e+01
      vertex   -1.100000e+01 6.900000e+01 -1.770000e+01
    endloop
  endfacet
  facet normal -7.071068e-01 -6.898589e-13 -7.071068e-01
    outer loop
      vertex   -1.100000e+01 6.900000e+01 -1.770000e+01
      vertex   -9.000000e+00 7.167107e+01 -1.970000e+01
      vertex   -9.000000e+00 6.900000e+01 -1.970000e+01
    endloop
  endfacet
  facet normal 7.067292e-01 3.267406e-02 -7.067292e-01
    outer loop
      vertex   1.100000e+01 7.167107e+01 -1.770000e+01
      vertex   9.000000e+00 7.167107e+01 -1.970000e+01
      vertex   1.095308e+01 7.268602e+01 -1.770000e+01
    endloop
  endfacet
  facet normal 7.058505e-01 3.579669e-02 -7.074558e-01
    outer loop
      vertex   1.095308e+01 7.268602e+01 -1.770000e+01
      vertex   9.000000e+00 7.167107e+01 -1.970000e+01
      vertex   8.953824e+00 7.258158e+01 -1.970000e+01
    endloop
  endfacet
  facet normal 7.012880e-01 9.782550e-02 -7.061340e-01
    outer loop
      vertex   1.095308e+01 7.268602e+01 -1.770000e+01
      vertex   8.953824e+00 7.258158e+01 -1.970000e+01
      vertex   1.081270e+01 7.369231e+01 -1.770000e+01
    endloop
  endfacet
  facet normal 6.979679e-01 1.069248e-01 -7.081016e-01
    outer loop
      vertex   1.081270e+01 7.369231e+01 -1.770000e+01
      vertex   8.953824e+00 7.258158e+01 -1.970000e+01
      vertex   8.815770e+00 7.348276e+01 -1.970000e+01
    endloop
  endfacet
  facet normal 6.897250e-01 1.622218e-01 -7.056653e-01
    outer loop
      vertex   1.081270e+01 7.369231e+01 -1.770000e+01
      vertex   8.815770e+00 7.348276e+01 -1.970000e+01
      vertex   1.058008e+01 7.468136e+01 -1.770000e+01
    endloop
  endfacet
  facet normal 6.830937e-01 1.768652e-01 -7.085913e-01
    outer loop
      vertex   1.058008e+01 7.468136e+01 -1.770000e+01
      vertex   8.815770e+00 7.348276e+01 -1.970000e+01
      vertex   8.587253e+00 7.436534e+01 -1.970000e+01
    endloop
  endfacet
  facet normal 6.721371e-01 2.252777e-01 -7.053238e-01
    outer loop
      vertex   1.058008e+01 7.468136e+01 -1.770000e+01
      vertex   8.587253e+00 7.436534e+01 -1.970000e+01
      vertex   1.025719e+01 7.564473e+01 -1.770000e+01
    endloop
  endfacet
  facet normal 6.613807e-01 2.449485e-01 -7.089258e-01
    outer loop
      vertex   1.025719e+01 7.564473e+01 -1.770000e+01
      vertex   8.587253e+00 7.436534e+01 -1.970000e+01
      vertex   8.270620e+00 7.522027e+01 -1.970000e+01
    endloop
  endfacet
  facet normal 6.486784e-01 2.864195e-01 -7.051101e-01
    outer loop
      vertex   1.025719e+01 7.564473e+01 -1.770000e+01
      vertex   8.270620e+00 7.522027e+01 -1.970000e+01
      vertex   9.846796e+00 7.657419e+01 -1.770000e+01
    endloop
  endfacet
  facet normal 6.330439e-01 3.105229e-01 -7.091057e-01
    outer loop
      vertex   9.846796e+00 7.657419e+01 -1.770000e+01
      vertex   8.270620e+00 7.522027e+01 -1.970000e+01
      vertex   7.869120e+00 7.603879e+01 -1.970000e+01
    endloop
  endfacet
  facet normal 6.195581e-01 3.450916e-01 -7.050245e-01
    outer loop
      vertex   9.846796e+00 7.657419e+01 -1.770000e+01
      vertex   7.869120e+00 7.603879e+01 -1.970000e+01
      vertex   9.352389e+00 7.746182e+01 -1.770000e+01
    endloop
  endfacet
  facet normal 5.983590e-01 3.729600e-01 -7.091314e-01
    outer loop
      vertex   9.352389e+00 7.746182e+01 -1.770000e+01
      vertex   7.869120e+00 7.603879e+01 -1.970000e+01
      vertex   7.386871e+00 7.681248e+01 -1.970000e+01
    endloop
  endfacet
  facet normal 5.850390e-01 4.007611e-01 -7.050673e-01
    outer loop
      vertex   9.352389e+00 7.746182e+01 -1.770000e+01
      vertex   7.386871e+00 7.681248e+01 -1.970000e+01
      vertex   8.778190e+00 7.830005e+01 -1.770000e+01
    endloop
  endfacet
  facet normal 5.576594e-01 4.316605e-01 -7.090029e-01
    outer loop
      vertex   8.778190e+00 7.830005e+01 -1.770000e+01
      vertex   7.386871e+00 7.681248e+01 -1.970000e+01
      vertex   6.828823e+00 7.753342e+01 -1.970000e+01
    endloop
  endfacet
  facet normal 5.454350e-01 4.529234e-01 -7.052383e-01
    outer loop
      vertex   8.778190e+00 7.830005e+01 -1.770000e+01
      vertex   6.828823e+00 7.753342e+01 -1.970000e+01
      vertex   8.129098e+00 7.908172e+01 -1.770000e+01
    endloop
  endfacet
  facet normal 5.113340e-01 4.860592e-01 -7.087200e-01
    outer loop
      vertex   8.129098e+00 7.908172e+01 -1.770000e+01
      vertex   6.828823e+00 7.753342e+01 -1.970000e+01
      vertex   6.200702e+00 7.819420e+01 -1.970000e+01
    endloop
  endfacet
  facet normal 5.011073e-01 5.011073e-01 -7.055373e-01
    outer loop
      vertex   8.129098e+00 7.908172e+01 -1.770000e+01
      vertex   6.200702e+00 7.819420e+01 -1.970000e+01
      vertex   7.410652e+00 7.980017e+01 -1.770000e+01
    endloop
  endfacet
  facet normal 4.598230e-01 5.356297e-01 -7.082821e-01
    outer loop
      vertex   7.410652e+00 7.980017e+01 -1.770000e+01
      vertex   6.200702e+00 7.819420e+01 -1.970000e+01
      vertex   5.508954e+00 7.878805e+01 -1.970000e+01
    endloop
  endfacet
  facet normal 4.524620e-01 5.448793e-01 -7.059637e-01
    outer loop
      vertex   7.410652e+00 7.980017e+01 -1.770000e+01
      vertex   5.508954e+00 7.878805e+01 -1.970000e+01
      vertex   6.628981e+00 8.044926e+01 -1.770000e+01
    endloop
  endfacet
  facet normal 4.036151e-01 5.798896e-01 -7.076885e-01
    outer loop
      vertex   6.628981e+00 8.044926e+01 -1.770000e+01
      vertex   5.508954e+00 7.878805e+01 -1.970000e+01
      vertex   4.760676e+00 7.930887e+01 -1.970000e+01
    endloop
  endfacet
  facet normal 3.999449e-01 5.838476e-01 -7.065168e-01
    outer loop
      vertex   6.628981e+00 8.044926e+01 -1.770000e+01
      vertex   4.760676e+00 7.930887e+01 -1.970000e+01
      vertex   5.790754e+00 8.102346e+01 -1.770000e+01
    endloop
  endfacet
  facet normal 3.441549e-01 6.178764e-01 -7.069556e-01
    outer loop
      vertex   5.790754e+00 8.102346e+01 -1.770000e+01
      vertex   4.760676e+00 7.930887e+01 -1.970000e+01
      vertex   4.903122e+00 8.151787e+01 -1.770000e+01
    endloop
  endfacet
  facet normal 3.431123e-01 6.181700e-01 -7.072056e-01
    outer loop
      vertex   4.903122e+00 8.151787e+01 -1.770000e+01
      vertex   4.760676e+00 7.930887e+01 -1.970000e+01
      vertex   3.963547e+00 7.975131e+01 -1.970000e+01
    endloop
  endfacet
  facet normal 2.859334e-01 6.475773e-01 -7.063184e-01
    outer loop
      vertex   4.903122e+00 8.151787e+01 -1.770000e+01
      vertex   3.963547e+00 7.975131e+01 -1.970000e+01
      vertex   3.973658e+00 8.192826e+01 -1.770000e+01
    endloop
  endfacet
  facet normal 2.785371e-01 6.490681e-01 -7.079037e-01
    outer loop
      vertex   3.973658e+00 8.192826e+01 -1.770000e+01
      vertex   3.963547e+00 7.975131e+01 -1.970000e+01
      vertex   3.125747e+00 8.011084e+01 -1.970000e+01
    endloop
  endfacet
  facet normal 2.251246e-01 6.716805e-01 -7.058074e-01
    outer loop
      vertex   3.973658e+00 8.192826e+01 -1.770000e+01
      vertex   3.125747e+00 8.011084e+01 -1.970000e+01
      vertex   3.010293e+00 8.225115e+01 -1.770000e+01
    endloop
  endfacet
  facet normal 2.112802e-01 6.733987e-01 -7.084454e-01
    outer loop
      vertex   3.010293e+00 8.225115e+01 -1.770000e+01
      vertex   3.125747e+00 8.011084e+01 -1.970000e+01
      vertex   2.255873e+00 8.038376e+01 -1.970000e+01
    endloop
  endfacet
  facet normal 1.622770e-01 6.899594e-01 -7.054234e-01
    outer loop
      vertex   3.010293e+00 8.225115e+01 -1.770000e+01
      vertex   2.255873e+00 8.038376e+01 -1.970000e+01
      vertex   2.021245e+00 8.248377e+01 -1.770000e+01
    endloop
  endfacet
  facet normal 1.419915e-01 6.909387e-01 -7.088315e-01
    outer loop
      vertex   2.021245e+00 8.248377e+01 -1.770000e+01
      vertex   2.255873e+00 8.038376e+01 -1.970000e+01
      vertex   1.362850e+00 8.056728e+01 -1.970000e+01
    endloop
  endfacet
  facet normal 9.795854e-02 7.022418e-01 -7.051671e-01
    outer loop
      vertex   2.021245e+00 8.248377e+01 -1.770000e+01
      vertex   1.362850e+00 8.056728e+01 -1.970000e+01
      vertex   1.014952e+00 8.262414e+01 -1.770000e+01
    endloop
  endfacet
  facet normal 7.133836e-02 7.015274e-01 -7.090629e-01
    outer loop
      vertex   1.014952e+00 8.262414e+01 -1.770000e+01
      vertex   1.362850e+00 8.056728e+01 -1.970000e+01
      vertex   4.558425e-01 8.065952e+01 -1.970000e+01
    endloop
  endfacet
  facet normal 3.275187e-02 7.084120e-01 -7.050388e-01
    outer loop
      vertex   1.014952e+00 8.262414e+01 -1.770000e+01
      vertex   4.558425e-01 8.065952e+01 -1.970000e+01
      vertex   -8.518570e-12 8.267107e+01 -1.770000e+01
    endloop
  endfacet
  facet normal 6.594129e-14 7.050677e-01 -7.091400e-01
    outer loop
      vertex   -8.518570e-12 8.267107e+01 -1.770000e+01
      vertex   4.558425e-01 8.065952e+01 -1.970000e+01
      vertex   -4.558425e-01 8.065952e+01 -1.970000e+01
    endloop
  endfacet
  facet normal -3.275187e-02 7.084120e-01 -7.050388e-01
    outer loop
      vertex   -8.518570e-12 8.267107e+01 -1.770000e+01
      vertex   -4.558425e-01 8.065952e+01 -1.970000e+01
      vertex   -1.014952e+00 8.262414e+01 -1.770000e+01
    endloop
  endfacet
  facet normal -7.133836e-02 7.015274e-01 -7.090629e-01
    outer loop
      vertex   -1.014952e+00 8.262414e+01 -1.770000e+01
      vertex   -4.558425e-01 8.065952e+01 -1.970000e+01
      vertex   -1.362850e+00 8.056728e+01 -1.970000e+01
    endloop
  endfacet
  facet normal -9.795854e-02 7.022418e-01 -7.051671e-01
    outer loop
      vertex   -1.014952e+00 8.262414e+01 -1.770000e+01
      vertex   -1.362850e+00 8.056728e+01 -1.970000e+01
      vertex   -2.021245e+00 8.248377e+01 -1.770000e+01
    endloop
  endfacet
  facet normal -1.419915e-01 6.909387e-01 -7.088315e-01
    outer loop
      vertex   -2.021245e+00 8.248377e+01 -1.770000e+01
      vertex   -1.362850e+00 8.056728e+01 -1.970000e+01
      vertex   -2.255873e+00 8.038376e+01 -1.970000e+01
    endloop
  endfacet
  facet normal -1.622770e-01 6.899594e-01 -7.054234e-01
    outer loop
      vertex   -2.021245e+00 8.248377e+01 -1.770000e+01
      vertex   -2.255873e+00 8.038376e+01 -1.970000e+01
      vertex   -3.010293e+00 8.225115e+01 -1.770000e+01
    endloop
  endfacet
  facet normal -2.112802e-01 6.733987e-01 -7.084454e-01
    outer loop
      vertex   -3.010293e+00 8.225115e+01 -1.770000e+01
      vertex   -2.255873e+00 8.038376e+01 -1.970000e+01
      vertex   -3.125747e+00 8.011084e+01 -1.970000e+01
    endloop
  endfacet
  facet normal -2.251246e-01 6.716805e-01 -7.058074e-01
    outer loop
      vertex   -3.010293e+00 8.225115e+01 -1.770000e+01
      vertex   -3.125747e+00 8.011084e+01 -1.970000e+01
      vertex   -3.973658e+00 8.192826e+01 -1.770000e+01
    endloop
  endfacet
  facet normal -2.785371e-01 6.490681e-01 -7.079037e-01
    outer loop
      vertex   -3.973658e+00 8.192826e+01 -1.770000e+01
      vertex   -3.125747e+00 8.011084e+01 -1.970000e+01
      vertex   -3.963547e+00 7.975131e+01 -1.970000e+01
    endloop
  endfacet
  facet normal -2.859334e-01 6.475773e-01 -7.063184e-01
    outer loop
      vertex   -3.973658e+00 8.192826e+01 -1.770000e+01
      vertex   -3.963547e+00 7.975131e+01 -1.970000e+01
      vertex   -4.903122e+00 8.151787e+01 -1.770000e+01
    endloop
  endfacet
  facet normal -3.431123e-01 6.181700e-01 -7.072056e-01
    outer loop
      vertex   -4.903122e+00 8.151787e+01 -1.770000e+01
      vertex   -3.963547e+00 7.975131e+01 -1.970000e+01
      vertex   -4.760676e+00 7.930887e+01 -1.970000e+01
    endloop
  endfacet
  facet normal -3.441549e-01 6.178764e-01 -7.069556e-01
    outer loop
      vertex   -4.903122e+00 8.151787e+01 -1.770000e+01
      vertex   -4.760676e+00 7.930887e+01 -1.970000e+01
      vertex   -5.790754e+00 8.102346e+01 -1.770000e+01
    endloop
  endfacet
  facet normal -3.999449e-01 5.838476e-01 -7.065168e-01
    outer loop
      vertex   -5.790754e+00 8.102346e+01 -1.770000e+01
      vertex   -4.760676e+00 7.930887e+01 -1.970000e+01
      vertex   -6.628981e+00 8.044926e+01 -1.770000e+01
    endloop
  endfacet
  facet normal -4.036151e-01 5.798896e-01 -7.076885e-01
    outer loop
      vertex   -6.628981e+00 8.044926e+01 -1.770000e+01
      vertex   -4.760676e+00 7.930887e+01 -1.970000e+01
      vertex   -5.508954e+00 7.878805e+01 -1.970000e+01
    endloop
  endfacet
  facet normal -4.524620e-01 5.448793e-01 -7.059637e-01
    outer loop
      vertex   -6.628981e+00 8.044926e+01 -1.770000e+01
      vertex   -5.508954e+00 7.878805e+01 -1.970000e+01
      vertex   -7.410652e+00 7.980017e+01 -1.770000e+01
    endloop
  endfacet
  facet normal -4.598230e-01 5.356297e-01 -7.082821e-01
    outer loop
      vertex   -7.410652e+00 7.980017e+01 -1.770000e+01
      vertex   -5.508954e+00 7.878805e+01 -1.970000e+01
      vertex   -6.200702e+00 7.819420e+01 -1.970000e+01
    endloop
  endfacet
  facet normal -5.011073e-01 5.011073e-01 -7.055373e-01
    outer loop
      vertex   -7.410652e+00 7.980017e+01 -1.770000e+01
      vertex   -6.200702e+00 7.819420e+01 -1.970000e+01
      vertex   -8.129098e+00 7.908172e+01 -1.770000e+01
    endloop
  endfacet
  facet normal -5.113340e-01 4.860592e-01 -7.087200e-01
    outer loop
      vertex   -8.129098e+00 7.908172e+01 -1.770000e+01
      vertex   -6.200702e+00 7.819420e+01 -1.970000e+01
      vertex   -6.828823e+00 7.753342e+01 -1.970000e+01
    endloop
  endfacet
  facet normal -5.454350e-01 4.529234e-01 -7.052383e-01
    outer loop
      vertex   -8.129098e+00 7.908172e+01 -1.770000e+01
      vertex   -6.828823e+00 7.753342e+01 -1.970000e+01
      vertex   -8.778190e+00 7.830005e+01 -1.770000e+01
    endloop
  endfacet
  facet normal -5.576594e-01 4.316605e-01 -7.090029e-01
    outer loop
      vertex   -8.778190e+00 7.830005e+01 -1.770000e+01
      vertex   -6.828823e+00 7.753342e+01 -1.970000e+01
      vertex   -7.386871e+00 7.681248e+01 -1.970000e+01
    endloop
  endfacet
  facet normal -5.850390e-01 4.007611e-01 -7.050673e-01
    outer loop
      vertex   -8.778190e+00 7.830005e+01 -1.770000e+01
      vertex   -7.386871e+00 7.681248e+01 -1.970000e+01
      vertex   -9.352389e+00 7.746182e+01 -1.770000e+01
    endloop
  endfacet
  facet normal -5.983590e-01 3.729600e-01 -7.091314e-01
    outer loop
      vertex   -9.352389e+00 7.746182e+01 -1.770000e+01
      vertex   -7.386871e+00 7.681248e+01 -1.970000e+01
      vertex   -7.869120e+00 7.603879e+01 -1.970000e+01
    endloop
  endfacet
  facet normal -6.195581e-01 3.450916e-01 -7.050245e-01
    outer loop
      vertex   -9.352389e+00 7.746182e+01 -1.770000e+01
      vertex   -7.869120e+00 7.603879e+01 -1.970000e+01
      vertex   -9.846796e+00 7.657419e+01 -1.770000e+01
    endloop
  endfacet
  facet normal -6.330439e-01 3.105229e-01 -7.091057e-01
    outer loop
      vertex   -9.846796e+00 7.657419e+01 -1.770000e+01
      vertex   -7.869120e+00 7.603879e+01 -1.970000e+01
      vertex   -8.270620e+00 7.522027e+01 -1.970000e+01
    endloop
  endfacet
  facet normal -6.486784e-01 2.864195e-01 -7.051101e-01
    outer loop
      vertex   -9.846796e+00 7.657419e+01 -1.770000e+01
      vertex   -8.270620e+00 7.522027e+01 -1.970000e+01
      vertex   -1.025719e+01 7.564473e+01 -1.770000e+01
    endloop
  endfacet
  facet normal -6.613807e-01 2.449485e-01 -7.089258e-01
    outer loop
      vertex   -1.025719e+01 7.564473e+01 -1.770000e+01
      vertex   -8.270620e+00 7.522027e+01 -1.970000e+01
      vertex   -8.587253e+00 7.436534e+01 -1.970000e+01
    endloop
  endfacet
  facet normal -6.721371e-01 2.252777e-01 -7.053238e-01
    outer loop
      vertex   -1.025719e+01 7.564473e+01 -1.770000e+01
      vertex   -8.587253e+00 7.436534e+01 -1.970000e+01
      vertex   -1.058008e+01 7.468136e+01 -1.770000e+01
    endloop
  endfacet
  facet normal -6.830937e-01 1.768652e-01 -7.085913e-01
    outer loop
      vertex   -1.058008e+01 7.468136e+01 -1.770000e+01
      vertex   -8.587253e+00 7.436534e+01 -1.970000e+01
      vertex   -8.815770e+00 7.348276e+01 -1.970000e+01
    endloop
  endfacet
  facet normal -6.897250e-01 1.622218e-01 -7.056653e-01
    outer loop
      vertex   -1.058008e+01 7.468136e+01 -1.770000e+01
      vertex   -8.815770e+00 7.348276e+01 -1.970000e+01
      vertex   -1.081270e+01 7.369231e+01 -1.770000e+01
    endloop
  endfacet
  facet normal -6.979679e-01 1.069248e-01 -7.081016e-01
    outer loop
      vertex   -1.081270e+01 7.369231e+01 -1.770000e+01
      vertex   -8.815770e+00 7.348276e+01 -1.970000e+01
      vertex   -8.953824e+00 7.258158e+01 -1.970000e+01
    endloop
  endfacet
  facet normal -7.012880e-01 9.782550e-02 -7.061340e-01
    outer loop
      vertex   -1.081270e+01 7.369231e+01 -1.770000e+01
      vertex   -8.953824e+00 7.258158e+01 -1.970000e+01
      vertex   -1.095308e+01 7.268602e+01 -1.770000e+01
    endloop
  endfacet
  facet normal -7.058505e-01 3.579669e-02 -7.074558e-01
    outer loop
      vertex   -1.095308e+01 7.268602e+01 -1.770000e+01
      vertex   -8.953824e+00 7.258158e+01 -1.970000e+01
      vertex   -9.000000e+00 7.167107e+01 -1.970000e+01
    endloop
  endfacet
  facet normal -7.067292e-01 3.267406e-02 -7.067292e-01
    outer loop
      vertex   -1.095308e+01 7.268602e+01 -1.770000e+01
      vertex   -9.000000e+00 7.167107e+01 -1.970000e+01
      vertex   -1.100000e+01 7.167107e+01 -1.770000e+01
    endloop
  endfacet
  facet normal 7.071068e-01 6.207319e-13 -7.071068e-01
    outer loop
      vertex   1.100000e+01 6.900000e+01 -1.770000e+01
      vertex   9.000000e+00 6.900000e+01 -1.970000e+01
      vertex   1.100000e+01 7.167107e+01 -1.770000e+01
    endloop
  endfacet
  facet normal 7.071068e-01 6.179104e-13 -7.071068e-01
    outer loop
      vertex   1.100000e+01 7.167107e+01 -1.770000e+01
      vertex   9.000000e+00 6.900000e+01 -1.970000e+01
      vertex   9.000000e+00 7.167107e+01 -1.970000e+01
    endloop
  endfacet
  facet normal 7.063486e-01 -4.629653e-02 -7.063486e-01
    outer loop
      vertex   1.100000e+01 6.900000e+01 -1.770000e+01
      vertex   1.095722e+01 6.834737e+01 -1.770000e+01
      vertex   9.000000e+00 6.900000e+01 -1.970000e+01
    endloop
  endfacet
  facet normal 7.032447e-01 -6.152594e-02 -7.082807e-01
    outer loop
      vertex   9.000000e+00 6.900000e+01 -1.970000e+01
      vertex   1.095722e+01 6.834737e+01 -1.770000e+01
      vertex   8.954423e+00 6.847906e+01 -1.970000e+01
    endloop
  endfacet
  facet normal 6.952544e-01 -1.382947e-01 -7.053339e-01
    outer loop
      vertex   8.954423e+00 6.847906e+01 -1.970000e+01
      vertex   1.095722e+01 6.834737e+01 -1.770000e+01
      vertex   1.082963e+01 6.770590e+01 -1.770000e+01
    endloop
  endfacet
  facet normal 6.810662e-01 -1.824911e-01 -7.091162e-01
    outer loop
      vertex   8.954423e+00 6.847906e+01 -1.970000e+01
      vertex   1.082963e+01 6.770590e+01 -1.770000e+01
      vertex   8.819078e+00 6.797394e+01 -1.970000e+01
    endloop
  endfacet
  facet normal 6.712553e-01 -2.278605e-01 -7.053339e-01
    outer loop
      vertex   8.819078e+00 6.797394e+01 -1.970000e+01
      vertex   1.082963e+01 6.770590e+01 -1.770000e+01
      vertex   1.061940e+01 6.708658e+01 -1.770000e+01
    endloop
  endfacet
  facet normal 6.397907e-01 -2.983393e-01 -7.082807e-01
    outer loop
      vertex   8.819078e+00 6.797394e+01 -1.970000e+01
      vertex   1.061940e+01 6.708658e+01 -1.770000e+01
      vertex   8.598076e+00 6.750000e+01 -1.970000e+01
    endloop
  endfacet
  facet normal 6.348641e-01 -3.130803e-01 -7.063486e-01
    outer loop
      vertex   8.598076e+00 6.750000e+01 -1.970000e+01
      vertex   1.061940e+01 6.708658e+01 -1.770000e+01
      vertex   1.033013e+01 6.650000e+01 -1.770000e+01
    endloop
  endfacet
  facet normal 5.885675e-01 -3.932683e-01 -7.063486e-01
    outer loop
      vertex   8.598076e+00 6.750000e+01 -1.970000e+01
      vertex   1.033013e+01 6.650000e+01 -1.770000e+01
      vertex   9.966767e+00 6.595619e+01 -1.770000e+01
    endloop
  endfacet
  facet normal 5.782648e-01 -4.049054e-01 -7.082807e-01
    outer loop
      vertex   8.598076e+00 6.750000e+01 -1.970000e+01
      vertex   9.966767e+00 6.595619e+01 -1.770000e+01
      vertex   8.298133e+00 6.707164e+01 -1.970000e+01
    endloop
  endfacet
  facet normal 5.329606e-01 -4.673939e-01 -7.053339e-01
    outer loop
      vertex   8.298133e+00 6.707164e+01 -1.970000e+01
      vertex   9.966767e+00 6.595619e+01 -1.770000e+01
      vertex   9.535534e+00 6.546447e+01 -1.770000e+01
    endloop
  endfacet
  facet normal 4.985751e-01 -4.985751e-01 -7.091162e-01
    outer loop
      vertex   8.298133e+00 6.707164e+01 -1.970000e+01
      vertex   9.535534e+00 6.546447e+01 -1.770000e+01
      vertex   7.928363e+00 6.670187e+01 -1.970000e+01
    endloop
  endfacet
  facet normal 4.673939e-01 -5.329606e-01 -7.053339e-01
    outer loop
      vertex   7.928363e+00 6.670187e+01 -1.970000e+01
      vertex   9.535534e+00 6.546447e+01 -1.770000e+01
      vertex   9.043807e+00 6.503323e+01 -1.770000e+01
    endloop
  endfacet
  facet normal 4.049054e-01 -5.782648e-01 -7.082807e-01
    outer loop
      vertex   7.928363e+00 6.670187e+01 -1.970000e+01
      vertex   9.043807e+00 6.503323e+01 -1.770000e+01
      vertex   7.500000e+00 6.640192e+01 -1.970000e+01
    endloop
  endfacet
  facet normal 3.932683e-01 -5.885675e-01 -7.063486e-01
    outer loop
      vertex   7.500000e+00 6.640192e+01 -1.970000e+01
      vertex   9.043807e+00 6.503323e+01 -1.770000e+01
      vertex   8.500000e+00 6.466987e+01 -1.770000e+01
    endloop
  endfacet
  facet normal 3.130803e-01 -6.348641e-01 -7.063486e-01
    outer loop
      vertex   7.500000e+00 6.640192e+01 -1.970000e+01
      vertex   8.500000e+00 6.466987e+01 -1.770000e+01
      vertex   7.913417e+00 6.438060e+01 -1.770000e+01
    endloop
  endfacet
  facet normal 2.983393e-01 -6.397907e-01 -7.082807e-01
    outer loop
      vertex   7.500000e+00 6.640192e+01 -1.970000e+01
      vertex   7.913417e+00 6.438060e+01 -1.770000e+01
      vertex   7.026061e+00 6.618092e+01 -1.970000e+01
    endloop
  endfacet
  facet normal 2.278605e-01 -6.712553e-01 -7.053339e-01
    outer loop
      vertex   7.026061e+00 6.618092e+01 -1.970000e+01
      vertex   7.913417e+00 6.438060e+01 -1.770000e+01
      vertex   7.294095e+00 6.417037e+01 -1.770000e+01
    endloop
  endfacet
  facet normal 1.824911e-01 -6.810662e-01 -7.091162e-01
    outer loop
      vertex   7.026061e+00 6.618092e+01 -1.970000e+01
      vertex   7.294095e+00 6.417037e+01 -1.770000e+01
      vertex   6.520945e+00 6.604558e+01 -1.970000e+01
    endloop
  endfacet
  facet normal 1.382947e-01 -6.952544e-01 -7.053339e-01
    outer loop
      vertex   6.520945e+00 6.604558e+01 -1.970000e+01
      vertex   7.294095e+00 6.417037e+01 -1.770000e+01
      vertex   6.652631e+00 6.404278e+01 -1.770000e+01
    endloop
  endfacet
  facet normal 6.152594e-02 -7.032447e-01 -7.082807e-01
    outer loop
      vertex   6.520945e+00 6.604558e+01 -1.970000e+01
      vertex   6.652631e+00 6.404278e+01 -1.770000e+01
      vertex   6.000000e+00 6.600000e+01 -1.970000e+01
    endloop
  endfacet
  facet normal 4.629653e-02 -7.063486e-01 -7.063486e-01
    outer loop
      vertex   6.000000e+00 6.600000e+01 -1.970000e+01
      vertex   6.652631e+00 6.404278e+01 -1.770000e+01
      vertex   6.000000e+00 6.400000e+01 -1.770000e+01
    endloop
  endfacet
  facet normal -1.000000e+00 -5.875223e-12 -0.000000e+00
    outer loop
      vertex   -1.100000e+01 7.167107e+01 5.000000e+00
      vertex   -1.100000e+01 7.167107e+01 -1.770000e+01
      vertex   -1.100000e+01 6.991443e+01 -5.000000e+00
    endloop
  endfacet
  facet normal -1.000000e+00 -2.036340e-12 5.309861e-13
    outer loop
      vertex   -1.100000e+01 6.991443e+01 -5.000000e+00
      vertex   -1.100000e+01 7.167107e+01 -1.770000e+01
      vertex   -1.100000e+01 6.900000e+01 -1.770000e+01
    endloop
  endfacet
  facet normal -1.000000e+00 5.338209e-12 0.000000e+00
    outer loop
      vertex   -1.100000e+01 6.991443e+01 -5.000000e+00
      vertex   -1.100000e+01 6.900000e+01 -1.770000e+01
      vertex   -1.100000e+01 6.900000e+01 -5.000000e+00
    endloop
  endfacet
  facet normal -1.000000e+00 -5.875223e-12 0.000000e+00
    outer loop
      vertex   -1.100000e+01 6.991443e+01 -5.000000e+00
      vertex   -1.100000e+01 6.991443e+01 5.000000e+00
      vertex   -1.100000e+01 7.167107e+01 5.000000e+00
    endloop
  endfacet
  facet normal -9.978589e-01 -6.540313e-02 -0.000000e+00
    outer loop
      vertex   -1.100000e+01 6.900000e+01 -5.000000e+00
      vertex   -1.100000e+01 6.900000e+01 -1.770000e+01
      vertex   -1.095722e+01 6.834737e+01 -5.000000e+00
    endloop
  endfacet
  facet normal -9.978589e-01 -6.540313e-02 -0.000000e+00
    outer loop
      vertex   -1.095722e+01 6.834737e+01 -5.000000e+00
      vertex   -1.100000e+01 6.900000e+01 -1.770000e+01
      vertex   -1.095722e+01 6.834737e+01 -1.770000e+01
    endloop
  endfacet
  facet normal -9.807853e-01 -1.950903e-01 -0.000000e+00
    outer loop
      vertex   -1.095722e+01 6.834737e+01 -5.000000e+00
      vertex   -1.095722e+01 6.834737e+01 -1.770000e+01
      vertex   -1.082963e+01 6.770590e+01 -5.000000e+00
    endloop
  endfacet
  facet normal -9.807853e-01 -1.950903e-01 -0.000000e+00
    outer loop
      vertex   -1.082963e+01 6.770590e+01 -5.000000e+00
      vertex   -1.095722e+01 6.834737e+01 -1.770000e+01
      vertex   -1.082963e+01 6.770590e+01 -1.770000e+01
    endloop
  endfacet
  facet normal -9.469301e-01 -3.214395e-01 -0.000000e+00
    outer loop
      vertex   -1.082963e+01 6.770590e+01 -5.000000e+00
      vertex   -1.082963e+01 6.770590e+01 -1.770000e+01
      vertex   -1.061940e+01 6.708658e+01 -5.000000e+00
    endloop
  endfacet
  facet normal -9.469301e-01 -3.214395e-01 -0.000000e+00
    outer loop
      vertex   -1.061940e+01 6.708658e+01 -5.000000e+00
      vertex   -1.082963e+01 6.770590e+01 -1.770000e+01
      vertex   -1.061940e+01 6.708658e+01 -1.770000e+01
    endloop
  endfacet
  facet normal -8.968727e-01 -4.422887e-01 -0.000000e+00
    outer loop
      vertex   -1.061940e+01 6.708658e+01 -5.000000e+00
      vertex   -1.061940e+01 6.708658e+01 -1.770000e+01
      vertex   -1.033013e+01 6.650000e+01 -5.000000e+00
    endloop
  endfacet
  facet normal -8.968727e-01 -4.422887e-01 -0.000000e+00
    outer loop
      vertex   -1.033013e+01 6.650000e+01 -5.000000e+00
      vertex   -1.061940e+01 6.708658e+01 -1.770000e+01
      vertex   -1.033013e+01 6.650000e+01 -1.770000e+01
    endloop
  endfacet
  facet normal -8.314696e-01 -5.555702e-01 -0.000000e+00
    outer loop
      vertex   -1.033013e+01 6.650000e+01 -5.000000e+00
      vertex   -1.033013e+01 6.650000e+01 -1.770000e+01
      vertex   -9.966767e+00 6.595619e+01 -5.000000e+00
    endloop
  endfacet
  facet normal -8.314696e-01 -5.555702e-01 -0.000000e+00
    outer loop
      vertex   -9.966767e+00 6.595619e+01 -5.000000e+00
      vertex   -1.033013e+01 6.650000e+01 -1.770000e+01
      vertex   -9.966767e+00 6.595619e+01 -1.770000e+01
    endloop
  endfacet
  facet normal -7.518398e-01 -6.593458e-01 -0.000000e+00
    outer loop
      vertex   -9.966767e+00 6.595619e+01 -5.000000e+00
      vertex   -9.966767e+00 6.595619e+01 -1.770000e+01
      vertex   -9.535534e+00 6.546447e+01 -5.000000e+00
    endloop
  endfacet
  facet normal -7.518398e-01 -6.593458e-01 -0.000000e+00
    outer loop
      vertex   -9.535534e+00 6.546447e+01 -5.000000e+00
      vertex   -9.966767e+00 6.595619e+01 -1.770000e+01
      vertex   -9.535534e+00 6.546447e+01 -1.770000e+01
    endloop
  endfacet
  facet normal -6.593458e-01 -7.518398e-01 -0.000000e+00
    outer loop
      vertex   -9.535534e+00 6.546447e+01 -5.000000e+00
      vertex   -9.535534e+00 6.546447e+01 -1.770000e+01
      vertex   -9.043807e+00 6.503323e+01 -5.000000e+00
    endloop
  endfacet
  facet normal -6.593458e-01 -7.518398e-01 -0.000000e+00
    outer loop
      vertex   -9.043807e+00 6.503323e+01 -5.000000e+00
      vertex   -9.535534e+00 6.546447e+01 -1.770000e+01
      vertex   -9.043807e+00 6.503323e+01 -1.770000e+01
    endloop
  endfacet
  facet normal -5.555702e-01 -8.314696e-01 -0.000000e+00
    outer loop
      vertex   -9.043807e+00 6.503323e+01 -5.000000e+00
      vertex   -9.043807e+00 6.503323e+01 -1.770000e+01
      vertex   -8.500000e+00 6.466987e+01 -5.000000e+00
    endloop
  endfacet
  facet normal -5.555702e-01 -8.314696e-01 -0.000000e+00
    outer loop
      vertex   -8.500000e+00 6.466987e+01 -5.000000e+00
      vertex   -9.043807e+00 6.503323e+01 -1.770000e+01
      vertex   -8.500000e+00 6.466987e+01 -1.770000e+01
    endloop
  endfacet
  facet normal -4.422887e-01 -8.968727e-01 -0.000000e+00
    outer loop
      vertex   -8.500000e+00 6.466987e+01 -5.000000e+00
      vertex   -8.500000e+00 6.466987e+01 -1.770000e+01
      vertex   -7.913417e+00 6.438060e+01 -5.000000e+00
    endloop
  endfacet
  facet normal -4.422887e-01 -8.968727e-01 -6.186319e-17
    outer loop
      vertex   -7.913417e+00 6.438060e+01 -5.000000e+00
      vertex   -8.500000e+00 6.466987e+01 -1.770000e+01
      vertex   -7.913417e+00 6.438060e+01 -1.770000e+01
    endloop
  endfacet
  facet normal -3.214395e-01 -9.469301e-01 -4.495994e-17
    outer loop
      vertex   -7.913417e+00 6.438060e+01 -5.000000e+00
      vertex   -7.913417e+00 6.438060e+01 -1.770000e+01
      vertex   -7.294095e+00 6.417037e+01 -5.000000e+00
    endloop
  endfacet
  facet normal -3.214395e-01 -9.469301e-01 -0.000000e+00
    outer loop
      vertex   -7.294095e+00 6.417037e+01 -5.000000e+00
      vertex   -7.913417e+00 6.438060e+01 -1.770000e+01
      vertex   -7.294095e+00 6.417037e+01 -1.770000e+01
    endloop
  endfacet
  facet normal -1.950903e-01 -9.807853e-01 -0.000000e+00
    outer loop
      vertex   -7.294095e+00 6.417037e+01 -5.000000e+00
      vertex   -7.294095e+00 6.417037e+01 -1.770000e+01
      vertex   -6.652631e+00 6.404278e+01 -5.000000e+00
    endloop
  endfacet
  facet normal -1.950903e-01 -9.807853e-01 -0.000000e+00
    outer loop
      vertex   -6.652631e+00 6.404278e+01 -5.000000e+00
      vertex   -7.294095e+00 6.417037e+01 -1.770000e+01
      vertex   -6.652631e+00 6.404278e+01 -1.770000e+01
    endloop
  endfacet
  facet normal -6.540313e-02 -9.978589e-01 -0.000000e+00
    outer loop
      vertex   -6.652631e+00 6.404278e+01 -5.000000e+00
      vertex   -6.652631e+00 6.404278e+01 -1.770000e+01
      vertex   -6.000000e+00 6.400000e+01 -5.000000e+00
    endloop
  endfacet
  facet normal -6.540313e-02 -9.978589e-01 -9.147976e-18
    outer loop
      vertex   -6.000000e+00 6.400000e+01 -5.000000e+00
      vertex   -6.652631e+00 6.404278e+01 -1.770000e+01
      vertex   -6.000000e+00 6.400000e+01 -1.770000e+01
    endloop
  endfacet
  facet normal 0.000000e+00 -1.000000e+00 0.000000e+00
    outer loop
      vertex   -6.000000e+00 6.400000e+01 -1.770000e+01
      vertex   6.000000e+00 6.400000e+01 -1.770000e+01
      vertex   -6.000000e+00 6.400000e+01 -5.000000e+00
    endloop
  endfacet
  facet normal 0.000000e+00 -1.000000e+00 0.000000e+00
    outer loop
      vertex   -6.000000e+00 6.400000e+01 -5.000000e+00
      vertex   6.000000e+00 6.400000e+01 -1.770000e+01
      vertex   6.000000e+00 6.400000e+01 -5.000000e+00
    endloop
  endfacet
  facet normal 0.000000e+00 0.000000e+00 -1.000000e+00
    outer loop
      vertex   5.737777e-01 6.770410e+01 -1.970000e+01
      vertex   1.139974e+00 6.780276e+01 -1.970000e+01
      vertex   6.000000e+00 6.600000e+01 -1.970000e+01
    endloop
  endfacet
  facet normal 0.000000e+00 0.000000e+00 -1.000000e+00
    outer loop
      vertex   6.000000e+00 6.600000e+01 -1.970000e+01
      vertex   1.139974e+00 6.780276e+01 -1.970000e+01
      vertex   2.886377e+00 7.117731e+01 -1.970000e+01
    endloop
  endfacet
  facet normal 0.000000e+00 0.000000e+00 -1.000000e+00
    outer loop
      vertex   6.000000e+00 6.600000e+01 -1.970000e+01
      vertex   2.886377e+00 7.117731e+01 -1.970000e+01
      vertex   8.954423e+00 6.847906e+01 -1.970000e+01
    endloop
  endfacet
  facet normal 0.000000e+00 0.000000e+00 -1.000000e+00
    outer loop
      vertex   8.954423e+00 6.847906e+01 -1.970000e+01
      vertex   2.886377e+00 7.117731e+01 -1.970000e+01
      vertex   9.000000e+00 6.900000e+01 -1.970000e+01
    endloop
  endfacet
  facet normal 0.000000e+00 0.000000e+00 -1.000000e+00
    outer loop
      vertex   9.000000e+00 6.900000e+01 -1.970000e+01
      vertex   2.886377e+00 7.117731e+01 -1.970000e+01
      vertex   9.000000e+00 7.167107e+01 -1.970000e+01
    endloop
  endfacet
  facet normal -0.000000e+00 0.000000e+00 -1.000000e+00
    outer loop
      vertex   9.000000e+00 7.167107e+01 -1.970000e+01
      vertex   2.886377e+00 7.117731e+01 -1.970000e+01
      vertex   3.098172e+00 7.168932e+01 -1.970000e+01
    endloop
  endfacet
  facet normal 0.000000e+00 0.000000e+00 -1.000000e+00
    outer loop
      vertex   9.000000e+00 7.167107e+01 -1.970000e+01
      vertex   3.098172e+00 7.168932e+01 -1.970000e+01
      vertex   3.219914e+00 7.222987e+01 -1.970000e+01
    endloop
  endfacet
  facet normal 0.000000e+00 0.000000e+00 -1.000000e+00
    outer loop
      vertex   9.000000e+00 7.167107e+01 -1.970000e+01
      vertex   3.219914e+00 7.222987e+01 -1.970000e+01
      vertex   8.953824e+00 7.258158e+01 -1.970000e+01
    endloop
  endfacet
  facet normal -0.000000e+00 0.000000e+00 -1.000000e+00
    outer loop
      vertex   8.953824e+00 7.258158e+01 -1.970000e+01
      vertex   3.219914e+00 7.222987e+01 -1.970000e+01
      vertex   3.248063e+00 7.278325e+01 -1.970000e+01
    endloop
  endfacet
  facet normal 0.000000e+00 0.000000e+00 -1.000000e+00
    outer loop
      vertex   8.953824e+00 7.258158e+01 -1.970000e+01
      vertex   3.248063e+00 7.278325e+01 -1.970000e+01
      vertex   8.815770e+00 7.348276e+01 -1.970000e+01
    endloop
  endfacet
  facet normal 0.000000e+00 0.000000e+00 -1.000000e+00
    outer loop
      vertex   8.815770e+00 7.348276e+01 -1.970000e+01
      vertex   3.248063e+00 7.278325e+01 -1.970000e+01
      vertex   3.181802e+00 7.333337e+01 -1.970000e+01
    endloop
  endfacet
  facet normal -0.000000e+00 0.000000e+00 -1.000000e+00
    outer loop
      vertex   8.815770e+00 7.348276e+01 -1.970000e+01
      vertex   3.181802e+00 7.333337e+01 -1.970000e+01
      vertex   8.587253e+00 7.436534e+01 -1.970000e+01
    endloop
  endfacet
  facet normal 0.000000e+00 0.000000e+00 -1.000000e+00
    outer loop
      vertex   8.587253e+00 7.436534e+01 -1.970000e+01
      vertex   3.181802e+00 7.333337e+01 -1.970000e+01
      vertex   3.023056e+00 7.386423e+01 -1.970000e+01
    endloop
  endfacet
  facet normal -0.000000e+00 0.000000e+00 -1.000000e+00
    outer loop
      vertex   8.587253e+00 7.436534e+01 -1.970000e+01
      vertex   3.023056e+00 7.386423e+01 -1.970000e+01
      vertex   8.270620e+00 7.522027e+01 -1.970000e+01
    endloop
  endfacet
  facet normal -0.000000e+00 0.000000e+00 -1.000000e+00
    outer loop
      vertex   8.270620e+00 7.522027e+01 -1.970000e+01
      vertex   3.023056e+00 7.386423e+01 -1.970000e+01
      vertex   7.869120e+00 7.603879e+01 -1.970000e+01
    endloop
  endfacet
  facet normal 0.000000e+00 0.000000e+00 -1.000000e+00
    outer loop
      vertex   7.869120e+00 7.603879e+01 -1.970000e+01
      vertex   3.023056e+00 7.386423e+01 -1.970000e+01
      vertex   2.776439e+00 7.436041e+01 -1.970000e+01
    endloop
  endfacet
  facet normal -0.000000e+00 0.000000e+00 -1.000000e+00
    outer loop
      vertex   7.869120e+00 7.603879e+01 -1.970000e+01
      vertex   2.776439e+00 7.436041e+01 -1.970000e+01
      vertex   7.386871e+00 7.681248e+01 -1.970000e+01
    endloop
  endfacet
  facet normal 0.000000e+00 0.000000e+00 -1.000000e+00
    outer loop
      vertex   7.386871e+00 7.681248e+01 -1.970000e+01
      vertex   2.776439e+00 7.436041e+01 -1.970000e+01
      vertex   2.449121e+00 7.480749e+01 -1.970000e+01
    endloop
  endfacet
  facet normal -0.000000e+00 0.000000e+00 -1.000000e+00
    outer loop
      vertex   7.386871e+00 7.681248e+01 -1.970000e+01
      vertex   2.449121e+00 7.480749e+01 -1.970000e+01
      vertex   6.828823e+00 7.753342e+01 -1.970000e+01
    endloop
  endfacet
  facet normal 0.000000e+00 0.000000e+00 -1.000000e+00
    outer loop
      vertex   6.828823e+00 7.753342e+01 -1.970000e+01
      vertex   2.449121e+00 7.480749e+01 -1.970000e+01
      vertex   2.050614e+00 7.519247e+01 -1.970000e+01
    endloop
  endfacet
  facet normal -0.000000e+00 0.000000e+00 -1.000000e+00
    outer loop
      vertex   6.828823e+00 7.753342e+01 -1.970000e+01
      vertex   2.050614e+00 7.519247e+01 -1.970000e+01
      vertex   6.200702e+00 7.819420e+01 -1.970000e+01
    endloop
  endfacet
  facet normal -0.000000e+00 0.000000e+00 -1.000000e+00
    outer loop
      vertex   6.200702e+00 7.819420e+01 -1.970000e+01
      vertex   2.050614e+00 7.519247e+01 -1.970000e+01
      vertex   5.508954e+00 7.878805e+01 -1.970000e+01
    endloop
  endfacet
  facet normal 0.000000e+00 0.000000e+00 -1.000000e+00
    outer loop
      vertex   5.508954e+00 7.878805e+01 -1.970000e+01
      vertex   2.050614e+00 7.519247e+01 -1.970000e+01
      vertex   1.592503e+00 7.550417e+01 -1.970000e+01
    endloop
  endfacet
  facet normal -0.000000e+00 0.000000e+00 -1.000000e+00
    outer loop
      vertex   5.508954e+00 7.878805e+01 -1.970000e+01
      vertex   1.592503e+00 7.550417e+01 -1.970000e+01
      vertex   4.760676e+00 7.930887e+01 -1.970000e+01
    endloop
  endfacet
  facet normal -0.000000e+00 0.000000e+00 -1.000000e+00
    outer loop
      vertex   4.760676e+00 7.930887e+01 -1.970000e+01
      vertex   1.592503e+00 7.550417e+01 -1.970000e+01
      vertex   3.963547e+00 7.975131e+01 -1.970000e+01
    endloop
  endfacet
  facet normal 0.000000e+00 0.000000e+00 -1.000000e+00
    outer loop
      vertex   3.963547e+00 7.975131e+01 -1.970000e+01
      vertex   1.592503e+00 7.550417e+01 -1.970000e+01
      vertex   1.088103e+00 7.573351e+01 -1.970000e+01
    endloop
  endfacet
  facet normal -0.000000e+00 0.000000e+00 -1.000000e+00
    outer loop
      vertex   3.963547e+00 7.975131e+01 -1.970000e+01
      vertex   1.088103e+00 7.573351e+01 -1.970000e+01
      vertex   3.125747e+00 8.011084e+01 -1.970000e+01
    endloop
  endfacet
  facet normal 0.000000e+00 0.000000e+00 -1.000000e+00
    outer loop
      vertex   3.125747e+00 8.011084e+01 -1.970000e+01
      vertex   1.088103e+00 7.573351e+01 -1.970000e+01
      vertex   5.520748e-01 7.587384e+01 -1.970000e+01
    endloop
  endfacet
  facet normal -0.000000e+00 0.000000e+00 -1.000000e+00
    outer loop
      vertex   3.125747e+00 8.011084e+01 -1.970000e+01
      vertex   5.520748e-01 7.587384e+01 -1.970000e+01
      vertex   2.255873e+00 8.038376e+01 -1.970000e+01
    endloop
  endfacet
  facet normal -0.000000e+00 0.000000e+00 -1.000000e+00
    outer loop
      vertex   2.255873e+00 8.038376e+01 -1.970000e+01
      vertex   5.520748e-01 7.587384e+01 -1.970000e+01
      vertex   1.362850e+00 8.056728e+01 -1.970000e+01
    endloop
  endfacet
  facet normal 0.000000e+00 0.000000e+00 -1.000000e+00
    outer loop
      vertex   1.362850e+00 8.056728e+01 -1.970000e+01
      vertex   5.520748e-01 7.587384e+01 -1.970000e+01
      vertex   -8.858745e-15 7.592107e+01 -1.970000e+01
    endloop
  endfacet
  facet normal -0.000000e+00 0.000000e+00 -1.000000e+00
    outer loop
      vertex   1.362850e+00 8.056728e+01 -1.970000e+01
      vertex   -8.858745e-15 7.592107e+01 -1.970000e+01
      vertex   4.558425e-01 8.065952e+01 -1.970000e+01
    endloop
  endfacet
  facet normal -0.000000e+00 0.000000e+00 -1.000000e+00
    outer loop
      vertex   4.558425e-01 8.065952e+01 -1.970000e+01
      vertex   -8.858745e-15 7.592107e+01 -1.970000e+01
      vertex   -4.558425e-01 8.065952e+01 -1.970000e+01
    endloop
  endfacet
  facet normal 0.000000e+00 -0.000000e+00 -1.000000e+00
    outer loop
      vertex   -4.558425e-01 8.065952e+01 -1.970000e+01
      vertex   -8.858745e-15 7.592107e+01 -1.970000e+01
      vertex   -1.362850e+00 8.056728e+01 -1.970000e+01
    endloop
  endfacet
  facet normal 0.000000e+00 0.000000e+00 -1.000000e+00
    outer loop
      vertex   -1.362850e+00 8.056728e+01 -1.970000e+01
      vertex   -8.858745e-15 7.592107e+01 -1.970000e+01
      vertex   -5.520748e-01 7.587384e+01 -1.970000e+01
    endloop
  endfacet
  facet normal 0.000000e+00 -0.000000e+00 -1.000000e+00
    outer loop
      vertex   -1.362850e+00 8.056728e+01 -1.970000e+01
      vertex   -5.520748e-01 7.587384e+01 -1.970000e+01
      vertex   -2.255873e+00 8.038376e+01 -1.970000e+01
    endloop
  endfacet
  facet normal 0.000000e+00 -0.000000e+00 -1.000000e+00
    outer loop
      vertex   -2.255873e+00 8.038376e+01 -1.970000e+01
      vertex   -5.520748e-01 7.587384e+01 -1.970000e+01
      vertex   -3.125747e+00 8.011084e+01 -1.970000e+01
    endloop
  endfacet
  facet normal 0.000000e+00 0.000000e+00 -1.000000e+00
    outer loop
      vertex   -3.125747e+00 8.011084e+01 -1.970000e+01
      vertex   -5.520748e-01 7.587384e+01 -1.970000e+01
      vertex   -1.088103e+00 7.573351e+01 -1.970000e+01
    endloop
  endfacet
  facet normal 0.000000e+00 -0.000000e+00 -1.000000e+00
    outer loop
      vertex   -3.125747e+00 8.011084e+01 -1.970000e+01
      vertex   -1.088103e+00 7.573351e+01 -1.970000e+01
      vertex   -3.963547e+00 7.975131e+01 -1.970000e+01
    endloop
  endfacet
  facet normal 0.000000e+00 0.000000e+00 -1.000000e+00
    outer loop
      vertex   -3.963547e+00 7.975131e+01 -1.970000e+01
      vertex   -1.088103e+00 7.573351e+01 -1.970000e+01
      vertex   -1.592503e+00 7.550417e+01 -1.970000e+01
    endloop
  endfacet
  facet normal 0.000000e+00 -0.000000e+00 -1.000000e+00
    outer loop
      vertex   -3.963547e+00 7.975131e+01 -1.970000e+01
      vertex   -1.592503e+00 7.550417e+01 -1.970000e+01
      vertex   -4.760676e+00 7.930887e+01 -1.970000e+01
    endloop
  endfacet
  facet normal 0.000000e+00 -0.000000e+00 -1.000000e+00
    outer loop
      vertex   -4.760676e+00 7.930887e+01 -1.970000e+01
      vertex   -1.592503e+00 7.550417e+01 -1.970000e+01
      vertex   -5.508954e+00 7.878805e+01 -1.970000e+01
    endloop
  endfacet
  facet normal 0.000000e+00 0.000000e+00 -1.000000e+00
    outer loop
      vertex   -5.508954e+00 7.878805e+01 -1.970000e+01
      vertex   -1.592503e+00 7.550417e+01 -1.970000e+01
      vertex   -2.050614e+00 7.519247e+01 -1.970000e+01
    endloop
  endfacet
  facet normal 0.000000e+00 -0.000000e+00 -1.000000e+00
    outer loop
      vertex   -5.508954e+00 7.878805e+01 -1.970000e+01
      vertex   -2.050614e+00 7.519247e+01 -1.970000e+01
      vertex   -6.200702e+00 7.819420e+01 -1.970000e+01
    endloop
  endfacet
  facet normal 0.000000e+00 -0.000000e+00 -1.000000e+00
    outer loop
      vertex   -6.200702e+00 7.819420e+01 -1.970000e+01
      vertex   -2.050614e+00 7.519247e+01 -1.970000e+01
      vertex   -6.828823e+00 7.753342e+01 -1.970000e+01
    endloop
  endfacet
  facet normal 0.000000e+00 0.000000e+00 -1.000000e+00
    outer loop
      vertex   -6.828823e+00 7.753342e+01 -1.970000e+01
      vertex   -2.050614e+00 7.519247e+01 -1.970000e+01
      vertex   -2.449121e+00 7.480749e+01 -1.970000e+01
    endloop
  endfacet
  facet normal 0.000000e+00 -0.000000e+00 -1.000000e+00
    outer loop
      vertex   -6.828823e+00 7.753342e+01 -1.970000e+01
      vertex   -2.449121e+00 7.480749e+01 -1.970000e+01
      vertex   -7.386871e+00 7.681248e+01 -1.970000e+01
    endloop
  endfacet
  facet normal 0.000000e+00 0.000000e+00 -1.000000e+00
    outer loop
      vertex   -7.386871e+00 7.681248e+01 -1.970000e+01
      vertex   -2.449121e+00 7.480749e+01 -1.970000e+01
      vertex   -2.776439e+00 7.436041e+01 -1.970000e+01
    endloop
  endfacet
  facet normal 0.000000e+00 -0.000000e+00 -1.000000e+00
    outer loop
      vertex   -7.386871e+00 7.681248e+01 -1.970000e+01
      vertex   -2.776439e+00 7.436041e+01 -1.970000e+01
      vertex   -7.869120e+00 7.603879e+01 -1.970000e+01
    endloop
  endfacet
  facet normal 0.000000e+00 0.000000e+00 -1.000000e+00
    outer loop
      vertex   -7.869120e+00 7.603879e+01 -1.970000e+01
      vertex   -2.776439e+00 7.436041e+01 -1.970000e+01
      vertex   -3.023056e+00 7.386423e+01 -1.970000e+01
    endloop
  endfacet
  facet normal 0.000000e+00 -0.000000e+00 -1.000000e+00
    outer loop
      vertex   -7.869120e+00 7.603879e+01 -1.970000e+01
      vertex   -3.023056e+00 7.386423e+01 -1.970000e+01
      vertex   -8.270620e+00 7.522027e+01 -1.970000e+01
    endloop
  endfacet
  facet normal 0.000000e+00 -0.000000e+00 -1.000000e+00
    outer loop
      vertex   -8.270620e+00 7.522027e+01 -1.970000e+01
      vertex   -3.023056e+00 7.386423e+01 -1.970000e+01
      vertex   -8.587253e+00 7.436534e+01 -1.970000e+01
    endloop
  endfacet
  facet normal 0.000000e+00 0.000000e+00 -1.000000e+00
    outer loop
      vertex   -8.587253e+00 7.436534e+01 -1.970000e+01
      vertex   -3.023056e+00 7.386423e+01 -1.970000e+01
      vertex   -3.181802e+00 7.333337e+01 -1.970000e+01
    endloop
  endfacet
  facet normal 0.000000e+00 -0.000000e+00 -1.000000e+00
    outer loop
      vertex   -8.587253e+00 7.436534e+01 -1.970000e+01
      vertex   -3.181802e+00 7.333337e+01 -1.970000e+01
      vertex   -8.815770e+00 7.348276e+01 -1.970000e+01
    endloop
  endfacet
  facet normal 0.000000e+00 0.000000e+00 -1.000000e+00
    outer loop
      vertex   -8.815770e+00 7.348276e+01 -1.970000e+01
      vertex   -3.181802e+00 7.333337e+01 -1.970000e+01
      vertex   -3.248063e+00 7.278325e+01 -1.970000e+01
    endloop
  endfacet
  facet normal 0.000000e+00 -0.000000e+00 -1.000000e+00
    outer loop
      vertex   -8.815770e+00 7.348276e+01 -1.970000e+01
      vertex   -3.248063e+00 7.278325e+01 -1.970000e+01
      vertex   -8.953824e+00 7.258158e+01 -1.970000e+01
    endloop
  endfacet
  facet normal 0.000000e+00 0.000000e+00 -1.000000e+00
    outer loop
      vertex   -8.953824e+00 7.258158e+01 -1.970000e+01
      vertex   -3.248063e+00 7.278325e+01 -1.970000e+01
      vertex   -3.219914e+00 7.222987e+01 -1.970000e+01
    endloop
  endfacet
  facet normal 0.000000e+00 -0.000000e+00 -1.000000e+00
    outer loop
      vertex   -8.953824e+00 7.258158e+01 -1.970000e+01
      vertex   -3.219914e+00 7.222987e+01 -1.970000e+01
      vertex   -9.000000e+00 7.167107e+01 -1.970000e+01
    endloop
  endfacet
  facet normal 0.000000e+00 0.000000e+00 -1.000000e+00
    outer loop
      vertex   -9.000000e+00 7.167107e+01 -1.970000e+01
      vertex   -3.219914e+00 7.222987e+01 -1.970000e+01
      vertex   -3.098172e+00 7.168932e+01 -1.970000e+01
    endloop
  endfacet
  facet normal 0.000000e+00 0.000000e+00 -1.000000e+00
    outer loop
      vertex   -9.000000e+00 7.167107e+01 -1.970000e+01
      vertex   -3.098172e+00 7.168932e+01 -1.970000e+01
      vertex   -2.886377e+00 7.117731e+01 -1.970000e+01
    endloop
  endfacet
  facet normal -0.000000e+00 0.000000e+00 -1.000000e+00
    outer loop
      vertex   -1.139974e+00 6.780276e+01 -1.970000e+01
      vertex   -6.000000e+00 6.600000e+01 -1.970000e+01
      vertex   -2.886377e+00 7.117731e+01 -1.970000e+01
    endloop
  endfacet
  facet normal 0.000000e+00 0.000000e+00 -1.000000e+00
    outer loop
      vertex   -2.886377e+00 7.117731e+01 -1.970000e+01
      vertex   -6.000000e+00 6.600000e+01 -1.970000e+01
      vertex   -8.954423e+00 6.847906e+01 -1.970000e+01
    endloop
  endfacet
  facet normal 0.000000e+00 0.000000e+00 -1.000000e+00
    outer loop
      vertex   -2.886377e+00 7.117731e+01 -1.970000e+01
      vertex   -8.954423e+00 6.847906e+01 -1.970000e+01
      vertex   -9.000000e+00 6.900000e+01 -1.970000e+01
    endloop
  endfacet
  facet normal 0.000000e+00 -0.000000e+00 -1.000000e+00
    outer loop
      vertex   -1.139974e+00 6.780276e+01 -1.970000e+01
      vertex   -5.737777e-01 6.770410e+01 -1.970000e+01
      vertex   -6.000000e+00 6.600000e+01 -1.970000e+01
    endloop
  endfacet
  facet normal 0.000000e+00 0.000000e+00 -1.000000e+00
    outer loop
      vertex   -6.000000e+00 6.600000e+01 -1.970000e+01
      vertex   -5.737777e-01 6.770410e+01 -1.970000e+01
      vertex   -3.061617e-16 6.767107e+01 -1.970000e+01
    endloop
  endfacet
  facet normal 0.000000e+00 0.000000e+00 -1.000000e+00
    outer loop
      vertex   -6.000000e+00 6.600000e+01 -1.970000e+01
      vertex   -3.061617e-16 6.767107e+01 -1.970000e+01
      vertex   6.000000e+00 6.600000e+01 -1.970000e+01
    endloop
  endfacet
  facet normal 0.000000e+00 0.000000e+00 -1.000000e+00
    outer loop
      vertex   6.000000e+00 6.600000e+01 -1.970000e+01
      vertex   -3.061617e-16 6.767107e+01 -1.970000e+01
      vertex   5.737777e-01 6.770410e+01 -1.970000e+01
    endloop
  endfacet
  facet normal 0.000000e+00 0.000000e+00 -1.000000e+00
    outer loop
      vertex   -6.520945e+00 6.604558e+01 -1.970000e+01
      vertex   -7.026061e+00 6.618092e+01 -1.970000e+01
      vertex   -6.000000e+00 6.600000e+01 -1.970000e+01
    endloop
  endfacet
  facet normal 0.000000e+00 0.000000e+00 -1.000000e+00
    outer loop
      vertex   -6.000000e+00 6.600000e+01 -1.970000e+01
      vertex   -7.026061e+00 6.618092e+01 -1.970000e+01
      vertex   -7.500000e+00 6.640192e+01 -1.970000e+01
    endloop
  endfacet
  facet normal 0.000000e+00 0.000000e+00 -1.000000e+00
    outer loop
      vertex   -6.000000e+00 6.600000e+01 -1.970000e+01
      vertex   -7.500000e+00 6.640192e+01 -1.970000e+01
      vertex   -7.928363e+00 6.670187e+01 -1.970000e+01
    endloop
  endfacet
  facet normal 0.000000e+00 0.000000e+00 -1.000000e+00
    outer loop
      vertex   -7.928363e+00 6.670187e+01 -1.970000e+01
      vertex   -8.298133e+00 6.707164e+01 -1.970000e+01
      vertex   -6.000000e+00 6.600000e+01 -1.970000e+01
    endloop
  endfacet
  facet normal 0.000000e+00 0.000000e+00 -1.000000e+00
    outer loop
      vertex   -6.000000e+00 6.600000e+01 -1.970000e+01
      vertex   -8.298133e+00 6.707164e+01 -1.970000e+01
      vertex   -8.598076e+00 6.750000e+01 -1.970000e+01
    endloop
  endfacet
  facet normal 0.000000e+00 0.000000e+00 -1.000000e+00
    outer loop
      vertex   -6.000000e+00 6.600000e+01 -1.970000e+01
      vertex   -8.598076e+00 6.750000e+01 -1.970000e+01
      vertex   -8.819078e+00 6.797394e+01 -1.970000e+01
    endloop
  endfacet
  facet normal 0.000000e+00 0.000000e+00 -1.000000e+00
    outer loop
      vertex   -8.819078e+00 6.797394e+01 -1.970000e+01
      vertex   -8.954423e+00 6.847906e+01 -1.970000e+01
      vertex   -6.000000e+00 6.600000e+01 -1.970000e+01
    endloop
  endfacet
  facet normal 0.000000e+00 0.000000e+00 -1.000000e+00
    outer loop
      vertex   -9.000000e+00 6.900000e+01 -1.970000e+01
      vertex   -9.000000e+00 7.167107e+01 -1.970000e+01
      vertex   -2.886377e+00 7.117731e+01 -1.970000e+01
    endloop
  endfacet
  facet normal 0.000000e+00 0.000000e+00 -1.000000e+00
    outer loop
      vertex   8.954423e+00 6.847906e+01 -1.970000e+01
      vertex   8.819078e+00 6.797394e+01 -1.970000e+01
      vertex   6.000000e+00 6.600000e+01 -1.970000e+01
    endloop
  endfacet
  facet normal 0.000000e+00 0.000000e+00 -1.000000e+00
    outer loop
      vertex   6.000000e+00 6.600000e+01 -1.970000e+01
      vertex   8.819078e+00 6.797394e+01 -1.970000e+01
      vertex   8.598076e+00 6.750000e+01 -1.970000e+01
    endloop
  endfacet
  facet normal 0.000000e+00 0.000000e+00 -1.000000e+00
    outer loop
      vertex   6.000000e+00 6.600000e+01 -1.970000e+01
      vertex   8.598076e+00 6.750000e+01 -1.970000e+01
      vertex   8.298133e+00 6.707164e+01 -1.970000e+01
    endloop
  endfacet
  facet normal 0.000000e+00 0.000000e+00 -1.000000e+00
    outer loop
      vertex   8.298133e+00 6.707164e+01 -1.970000e+01
      vertex   7.928363e+00 6.670187e+01 -1.970000e+01
      vertex   6.000000e+00 6.600000e+01 -1.970000e+01
    endloop
  endfacet
  facet normal 0.000000e+00 0.000000e+00 -1.000000e+00
    outer loop
      vertex   6.000000e+00 6.600000e+01 -1.970000e+01
      vertex   7.928363e+00 6.670187e+01 -1.970000e+01
      vertex   7.500000e+00 6.640192e+01 -1.970000e+01
    endloop
  endfacet
  facet normal 0.000000e+00 0.000000e+00 -1.000000e+00
    outer loop
      vertex   6.000000e+00 6.600000e+01 -1.970000e+01
      vertex   7.500000e+00 6.640192e+01 -1.970000e+01
      vertex   7.026061e+00 6.618092e+01 -1.970000e+01
    endloop
  endfacet
  facet normal 0.000000e+00 0.000000e+00 -1.000000e+00
    outer loop
      vertex   7.026061e+00 6.618092e+01 -1.970000e+01
      vertex   6.520945e+00 6.604558e+01 -1.970000e+01
      vertex   6.000000e+00 6.600000e+01 -1.970000e+01
    endloop
  endfacet
  facet normal 6.540313e-02 -9.978589e-01 4.573988e-18
    outer loop
      vertex   6.000000e+00 6.400000e+01 -5.000000e+00
      vertex   6.000000e+00 6.400000e+01 -1.770000e+01
      vertex   6.652631e+00 6.404278e+01 -5.000000e+00
    endloop
  endfacet
  facet normal 6.540313e-02 -9.978589e-01 9.147976e-18
    outer loop
      vertex   6.652631e+00 6.404278e+01 -5.000000e+00
      vertex   6.000000e+00 6.400000e+01 -1.770000e+01
      vertex   6.652631e+00 6.404278e+01 -1.770000e+01
    endloop
  endfacet
  facet normal 1.950903e-01 -9.807853e-01 2.728740e-17
    outer loop
      vertex   6.652631e+00 6.404278e+01 -5.000000e+00
      vertex   6.652631e+00 6.404278e+01 -1.770000e+01
      vertex   7.294095e+00 6.417037e+01 -5.000000e+00
    endloop
  endfacet
  facet normal 1.950903e-01 -9.807853e-01 2.728740e-17
    outer loop
      vertex   7.294095e+00 6.417037e+01 -5.000000e+00
      vertex   6.652631e+00 6.404278e+01 -1.770000e+01
      vertex   7.294095e+00 6.417037e+01 -1.770000e+01
    endloop
  endfacet
  facet normal 3.214395e-01 -9.469301e-01 4.495994e-17
    outer loop
      vertex   7.294095e+00 6.417037e+01 -5.000000e+00
      vertex   7.294095e+00 6.417037e+01 -1.770000e+01
      vertex   7.913417e+00 6.438060e+01 -5.000000e+00
    endloop
  endfacet
  facet normal 3.214395e-01 -9.469301e-01 2.247997e-17
    outer loop
      vertex   7.913417e+00 6.438060e+01 -5.000000e+00
      vertex   7.294095e+00 6.417037e+01 -1.770000e+01
      vertex   7.913417e+00 6.438060e+01 -1.770000e+01
    endloop
  endfacet
  facet normal 4.422887e-01 -8.968727e-01 3.093160e-17
    outer loop
      vertex   7.913417e+00 6.438060e+01 -5.000000e+00
      vertex   7.913417e+00 6.438060e+01 -1.770000e+01
      vertex   8.500000e+00 6.466987e+01 -5.000000e+00
    endloop
  endfacet
  facet normal 4.422887e-01 -8.968727e-01 6.186319e-17
    outer loop
      vertex   8.500000e+00 6.466987e+01 -5.000000e+00
      vertex   7.913417e+00 6.438060e+01 -1.770000e+01
      vertex   8.500000e+00 6.466987e+01 -1.770000e+01
    endloop
  endfacet
  facet normal 5.555702e-01 -8.314696e-01 7.770795e-17
    outer loop
      vertex   8.500000e+00 6.466987e+01 -5.000000e+00
      vertex   8.500000e+00 6.466987e+01 -1.770000e+01
      vertex   9.043807e+00 6.503323e+01 -5.000000e+00
    endloop
  endfacet
  facet normal 5.555702e-01 -8.314696e-01 0.000000e+00
    outer loop
      vertex   9.043807e+00 6.503323e+01 -5.000000e+00
      vertex   8.500000e+00 6.466987e+01 -1.770000e+01
      vertex   9.043807e+00 6.503323e+01 -1.770000e+01
    endloop
  endfacet
  facet normal 6.593458e-01 -7.518398e-01 0.000000e+00
    outer loop
      vertex   9.043807e+00 6.503323e+01 -5.000000e+00
      vertex   9.043807e+00 6.503323e+01 -1.770000e+01
      vertex   9.535534e+00 6.546447e+01 -5.000000e+00
    endloop
  endfacet
  facet normal 6.593458e-01 -7.518398e-01 0.000000e+00
    outer loop
      vertex   9.535534e+00 6.546447e+01 -5.000000e+00
      vertex   9.043807e+00 6.503323e+01 -1.770000e+01
      vertex   9.535534e+00 6.546447e+01 -1.770000e+01
    endloop
  endfacet
  facet normal 7.518398e-01 -6.593458e-01 0.000000e+00
    outer loop
      vertex   9.535534e+00 6.546447e+01 -5.000000e+00
      vertex   9.535534e+00 6.546447e+01 -1.770000e+01
      vertex   9.966767e+00 6.595619e+01 -5.000000e+00
    endloop
  endfacet
  facet normal 7.518398e-01 -6.593458e-01 0.000000e+00
    outer loop
      vertex   9.966767e+00 6.595619e+01 -5.000000e+00
      vertex   9.535534e+00 6.546447e+01 -1.770000e+01
      vertex   9.966767e+00 6.595619e+01 -1.770000e+01
    endloop
  endfacet
  facet normal 8.314696e-01 -5.555702e-01 0.000000e+00
    outer loop
      vertex   9.966767e+00 6.595619e+01 -5.000000e+00
      vertex   9.966767e+00 6.595619e+01 -1.770000e+01
      vertex   1.033013e+01 6.650000e+01 -5.000000e+00
    endloop
  endfacet
  facet normal 8.314696e-01 -5.555702e-01 0.000000e+00
    outer loop
      vertex   1.033013e+01 6.650000e+01 -5.000000e+00
      vertex   9.966767e+00 6.595619e+01 -1.770000e+01
      vertex   1.033013e+01 6.650000e+01 -1.770000e+01
    endloop
  endfacet
  facet normal 8.968727e-01 -4.422887e-01 0.000000e+00
    outer loop
      vertex   1.033013e+01 6.650000e+01 -5.000000e+00
      vertex   1.033013e+01 6.650000e+01 -1.770000e+01
      vertex   1.061940e+01 6.708658e+01 -5.000000e+00
    endloop
  endfacet
  facet normal 8.968727e-01 -4.422887e-01 0.000000e+00
    outer loop
      vertex   1.061940e+01 6.708658e+01 -5.000000e+00
      vertex   1.033013e+01 6.650000e+01 -1.770000e+01
      vertex   1.061940e+01 6.708658e+01 -1.770000e+01
    endloop
  endfacet
  facet normal 9.469301e-01 -3.214395e-01 0.000000e+00
    outer loop
      vertex   1.061940e+01 6.708658e+01 -5.000000e+00
      vertex   1.061940e+01 6.708658e+01 -1.770000e+01
      vertex   1.082963e+01 6.770590e+01 -5.000000e+00
    endloop
  endfacet
  facet normal 9.469301e-01 -3.214395e-01 0.000000e+00
    outer loop
      vertex   1.082963e+01 6.770590e+01 -5.000000e+00
      vertex   1.061940e+01 6.708658e+01 -1.770000e+01
      vertex   1.082963e+01 6.770590e+01 -1.770000e+01
    endloop
  endfacet
  facet normal 9.807853e-01 -1.950903e-01 0.000000e+00
    outer loop
      vertex   1.082963e+01 6.770590e+01 -5.000000e+00
      vertex   1.082963e+01 6.770590e+01 -1.770000e+01
      vertex   1.095722e+01 6.834737e+01 -5.000000e+00
    endloop
  endfacet
  facet normal 9.807853e-01 -1.950903e-01 0.000000e+00
    outer loop
      vertex   1.095722e+01 6.834737e+01 -5.000000e+00
      vertex   1.082963e+01 6.770590e+01 -1.770000e+01
      vertex   1.095722e+01 6.834737e+01 -1.770000e+01
    endloop
  endfacet
  facet normal 9.978589e-01 -6.540313e-02 0.000000e+00
    outer loop
      vertex   1.095722e+01 6.834737e+01 -5.000000e+00
      vertex   1.095722e+01 6.834737e+01 -1.770000e+01
      vertex   1.100000e+01 6.900000e+01 -5.000000e+00
    endloop
  endfacet
  facet normal 9.978589e-01 -6.540313e-02 0.000000e+00
    outer loop
      vertex   1.100000e+01 6.900000e+01 -5.000000e+00
      vertex   1.095722e+01 6.834737e+01 -1.770000e+01
      vertex   1.100000e+01 6.900000e+01 -1.770000e+01
    endloop
  endfacet
  facet normal 7.071068e-01 7.071068e-01 -4.775593e-13
    outer loop
      vertex   1.400000e+01 6.991443e+01 -5.000000e+00
      vertex   1.400000e+01 6.991443e+01 5.000000e+00
      vertex   2.100000e+01 6.291443e+01 -5.000000e+00
    endloop
  endfacet
  facet normal 7.071068e-01 7.071068e-01 1.306317e-15
    outer loop
      vertex   2.100000e+01 6.291443e+01 -5.000000e+00
      vertex   1.400000e+01 6.991443e+01 5.000000e+00
      vertex   2.400000e+01 5.991443e+01 5.000000e+00
    endloop
  endfacet
  facet normal 7.071068e-01 7.071068e-01 1.239753e-15
    outer loop
      vertex   2.100000e+01 6.291443e+01 -5.000000e+00
      vertex   2.400000e+01 5.991443e+01 5.000000e+00
      vertex   2.400000e+01 5.991443e+01 -1.121063e+01
    endloop
  endfacet
  facet normal 7.071068e-01 7.071068e-01 -5.778453e-16
    outer loop
      vertex   2.400000e+01 5.991443e+01 -1.121063e+01
      vertex   2.100000e+01 6.291443e+01 -9.347440e+00
      vertex   2.100000e+01 6.291443e+01 -5.000000e+00
    endloop
  endfacet
  facet normal -3.211653e-12 1.000000e+00 -6.750156e-13
    outer loop
      vertex   1.400000e+01 6.991443e+01 5.000000e+00
      vertex   1.400000e+01 6.991443e+01 -5.000000e+00
      vertex   1.100000e+01 6.991443e+01 5.000000e+00
    endloop
  endfacet
  facet normal -9.616012e-13 1.000000e+00 0.000000e+00
    outer loop
      vertex   1.100000e+01 6.991443e+01 5.000000e+00
      vertex   1.400000e+01 6.991443e+01 -5.000000e+00
      vertex   1.100000e+01 6.991443e+01 -5.000000e+00
    endloop
  endfacet
  facet normal -2.989874e-15 -3.751170e-15 -1.000000e+00
    outer loop
      vertex   2.100000e+01 6.291443e+01 -5.000000e+00
      vertex   1.082963e+01 6.770590e+01 -5.000000e+00
      vertex   1.400000e+01 6.991443e+01 -5.000000e+00
    endloop
  endfacet
  facet normal -6.504259e-15 1.293777e-15 -1.000000e+00
    outer loop
      vertex   1.400000e+01 6.991443e+01 -5.000000e+00
      vertex   1.082963e+01 6.770590e+01 -5.000000e+00
      vertex   1.095722e+01 6.834737e+01 -5.000000e+00
    endloop
  endfacet
  facet normal 7.740212e-15 -2.636480e-14 -1.000000e+00
    outer loop
      vertex   1.400000e+01 6.991443e+01 -5.000000e+00
      vertex   1.095722e+01 6.834737e+01 -5.000000e+00
      vertex   1.100000e+01 6.900000e+01 -5.000000e+00
    endloop
  endfacet
  facet normal -1.184694e-15 -8.951417e-16 -1.000000e+00
    outer loop
      vertex   2.100000e+01 5.200000e+01 -5.000000e+00
      vertex   6.652631e+00 6.404278e+01 -5.000000e+00
      vertex   2.100000e+01 6.291443e+01 -5.000000e+00
    endloop
  endfacet
  facet normal -7.985646e-16 4.014655e-15 -1.000000e+00
    outer loop
      vertex   2.100000e+01 6.291443e+01 -5.000000e+00
      vertex   6.652631e+00 6.404278e+01 -5.000000e+00
      vertex   7.294095e+00 6.417037e+01 -5.000000e+00
    endloop
  endfacet
  facet normal -9.185001e-16 2.705814e-15 -1.000000e+00
    outer loop
      vertex   2.100000e+01 6.291443e+01 -5.000000e+00
      vertex   7.294095e+00 6.417037e+01 -5.000000e+00
      vertex   7.913417e+00 6.438060e+01 -5.000000e+00
    endloop
  endfacet
  facet normal 2.269087e-14 2.754943e-14 -1.000000e+00
    outer loop
      vertex   6.652631e+00 6.404278e+01 -5.000000e+00
      vertex   2.100000e+01 5.200000e+01 -5.000000e+00
      vertex   6.000000e+00 6.400000e+01 -5.000000e+00
    endloop
  endfacet
  facet normal -1.138690e-16 -9.564998e-16 -1.000000e+00
    outer loop
      vertex   6.000000e+00 6.400000e+01 -5.000000e+00
      vertex   2.100000e+01 5.200000e+01 -5.000000e+00
      vertex   -1.800000e+01 5.200000e+01 -5.000000e+00
    endloop
  endfacet
  facet normal -7.401487e-17 -1.036208e-15 -1.000000e+00
    outer loop
      vertex   6.000000e+00 6.400000e+01 -5.000000e+00
      vertex   -1.800000e+01 5.200000e+01 -5.000000e+00
      vertex   -6.000000e+00 6.400000e+01 -5.000000e+00
    endloop
  endfacet
  facet normal -2.178082e-14 2.067059e-14 -1.000000e+00
    outer loop
      vertex   -6.000000e+00 6.400000e+01 -5.000000e+00
      vertex   -1.800000e+01 5.200000e+01 -5.000000e+00
      vertex   -6.652631e+00 6.404278e+01 -5.000000e+00
    endloop
  endfacet
  facet normal 1.192906e-15 -9.765182e-16 -1.000000e+00
    outer loop
      vertex   -6.652631e+00 6.404278e+01 -5.000000e+00
      vertex   -1.800000e+01 5.200000e+01 -5.000000e+00
      vertex   -1.800000e+01 6.291443e+01 -5.000000e+00
    endloop
  endfacet
  facet normal 7.305843e-16 3.672895e-15 -1.000000e+00
    outer loop
      vertex   -6.652631e+00 6.404278e+01 -5.000000e+00
      vertex   -1.800000e+01 6.291443e+01 -5.000000e+00
      vertex   -7.294095e+00 6.417037e+01 -5.000000e+00
    endloop
  endfacet
  facet normal 1.231488e-15 -5.969183e-16 -1.000000e+00
    outer loop
      vertex   -7.294095e+00 6.417037e+01 -5.000000e+00
      vertex   -1.800000e+01 6.291443e+01 -5.000000e+00
      vertex   -7.913417e+00 6.438060e+01 -5.000000e+00
    endloop
  endfacet
  facet normal 8.841195e-16 1.792817e-15 -1.000000e+00
    outer loop
      vertex   -7.913417e+00 6.438060e+01 -5.000000e+00
      vertex   -1.800000e+01 6.291443e+01 -5.000000e+00
      vertex   -8.500000e+00 6.466987e+01 -5.000000e+00
    endloop
  endfacet
  facet normal 9.521008e-16 1.424920e-15 -1.000000e+00
    outer loop
      vertex   -8.500000e+00 6.466987e+01 -5.000000e+00
      vertex   -1.800000e+01 6.291443e+01 -5.000000e+00
      vertex   -9.043807e+00 6.503323e+01 -5.000000e+00
    endloop
  endfacet
  facet normal 1.399046e-15 -4.643205e-16 -1.000000e+00
    outer loop
      vertex   -9.043807e+00 6.503323e+01 -5.000000e+00
      vertex   -1.800000e+01 6.291443e+01 -5.000000e+00
      vertex   -9.535534e+00 6.546447e+01 -5.000000e+00
    endloop
  endfacet
  facet normal 1.426449e-15 -5.552817e-16 -1.000000e+00
    outer loop
      vertex   -9.535534e+00 6.546447e+01 -5.000000e+00
      vertex   -1.800000e+01 6.291443e+01 -5.000000e+00
      vertex   -9.966767e+00 6.595619e+01 -5.000000e+00
    endloop
  endfacet
  facet normal 9.706219e-16 6.485488e-16 -1.000000e+00
    outer loop
      vertex   -9.966767e+00 6.595619e+01 -5.000000e+00
      vertex   -1.800000e+01 6.291443e+01 -5.000000e+00
      vertex   -1.033013e+01 6.650000e+01 -5.000000e+00
    endloop
  endfacet
  facet normal 1.035164e-15 5.104865e-16 -1.000000e+00
    outer loop
      vertex   -1.033013e+01 6.650000e+01 -5.000000e+00
      vertex   -1.800000e+01 6.291443e+01 -5.000000e+00
      vertex   -1.061940e+01 6.708658e+01 -5.000000e+00
    endloop
  endfacet
  facet normal 1.790788e-15 -8.262237e-16 -1.000000e+00
    outer loop
      vertex   -1.061940e+01 6.708658e+01 -5.000000e+00
      vertex   -1.800000e+01 6.291443e+01 -5.000000e+00
      vertex   -1.082963e+01 6.770590e+01 -5.000000e+00
    endloop
  endfacet
  facet normal 1.093351e-15 2.174810e-16 -1.000000e+00
    outer loop
      vertex   -1.082963e+01 6.770590e+01 -5.000000e+00
      vertex   -1.800000e+01 6.291443e+01 -5.000000e+00
      vertex   -1.095722e+01 6.834737e+01 -5.000000e+00
    endloop
  endfacet
  facet normal 1.718945e-14 -2.064806e-14 -1.000000e+00
    outer loop
      vertex   -1.095722e+01 6.834737e+01 -5.000000e+00
      vertex   -1.800000e+01 6.291443e+01 -5.000000e+00
      vertex   -1.100000e+01 6.900000e+01 -5.000000e+00
    endloop
  endfacet
  facet normal 9.275187e-16 -1.942580e-15 -1.000000e+00
    outer loop
      vertex   -1.100000e+01 6.900000e+01 -5.000000e+00
      vertex   -1.800000e+01 6.291443e+01 -5.000000e+00
      vertex   -1.100000e+01 6.991443e+01 -5.000000e+00
    endloop
  endfacet
  facet normal -1.275800e-15 -4.833389e-16 -1.000000e+00
    outer loop
      vertex   7.913417e+00 6.438060e+01 -5.000000e+00
      vertex   8.500000e+00 6.466987e+01 -5.000000e+00
      vertex   2.100000e+01 6.291443e+01 -5.000000e+00
    endloop
  endfacet
  facet normal -9.981378e-16 1.493819e-15 -1.000000e+00
    outer loop
      vertex   2.100000e+01 6.291443e+01 -5.000000e+00
      vertex   8.500000e+00 6.466987e+01 -5.000000e+00
      vertex   9.043807e+00 6.503323e+01 -5.000000e+00
    endloop
  endfacet
  facet normal -1.354208e-15 -5.154486e-16 -1.000000e+00
    outer loop
      vertex   2.100000e+01 6.291443e+01 -5.000000e+00
      vertex   9.043807e+00 6.503323e+01 -5.000000e+00
      vertex   9.535534e+00 6.546447e+01 -5.000000e+00
    endloop
  endfacet
  facet normal -1.373413e-15 -6.017929e-16 -1.000000e+00
    outer loop
      vertex   9.535534e+00 6.546447e+01 -5.000000e+00
      vertex   9.966767e+00 6.595619e+01 -5.000000e+00
      vertex   2.100000e+01 6.291443e+01 -5.000000e+00
    endloop
  endfacet
  facet normal -1.019670e-15 6.813218e-16 -1.000000e+00
    outer loop
      vertex   2.100000e+01 6.291443e+01 -5.000000e+00
      vertex   9.966767e+00 6.595619e+01 -5.000000e+00
      vertex   1.033013e+01 6.650000e+01 -5.000000e+00
    endloop
  endfacet
  facet normal -1.507611e-15 -7.706852e-16 -1.000000e+00
    outer loop
      vertex   2.100000e+01 6.291443e+01 -5.000000e+00
      vertex   1.033013e+01 6.650000e+01 -5.000000e+00
      vertex   1.061940e+01 6.708658e+01 -5.000000e+00
    endloop
  endfacet
  facet normal -1.054052e-15 3.578024e-16 -1.000000e+00
    outer loop
      vertex   1.061940e+01 6.708658e+01 -5.000000e+00
      vertex   1.082963e+01 6.770590e+01 -5.000000e+00
      vertex   2.100000e+01 6.291443e+01 -5.000000e+00
    endloop
  endfacet
  facet normal 9.339935e-28 -9.712898e-16 -1.000000e+00
    outer loop
      vertex   1.100000e+01 6.900000e+01 -5.000000e+00
      vertex   1.100000e+01 6.991443e+01 -5.000000e+00
      vertex   1.400000e+01 6.991443e+01 -5.000000e+00
    endloop
  endfacet
  facet normal -1.000000e+00 1.333910e-16 1.685120e-17
    outer loop
      vertex   2.100000e+01 3.745287e+01 -1.862697e+01
      vertex   2.100000e+01 6.291443e+01 -9.347440e+00
      vertex   2.100000e+01 3.750000e+01 -1.900000e+01
    endloop
  endfacet
  facet normal -1.000000e+00 1.243572e-16 4.063639e-17
    outer loop
      vertex   2.100000e+01 3.750000e+01 -1.900000e+01
      vertex   2.100000e+01 6.291443e+01 -9.347440e+00
      vertex   2.100000e+01 3.916555e+01 -2.409699e+01
    endloop
  endfacet
  facet normal -1.000000e+00 0.000000e+00 -0.000000e+00
    outer loop
      vertex   2.100000e+01 3.750000e+01 -1.900000e+01
      vertex   2.100000e+01 3.916555e+01 -2.409699e+01
      vertex   2.100000e+01 3.745287e+01 -1.937303e+01
    endloop
  endfacet
  facet normal -1.000000e+00 0.000000e+00 -0.000000e+00
    outer loop
      vertex   2.100000e+01 3.745287e+01 -1.937303e+01
      vertex   2.100000e+01 3.916555e+01 -2.409699e+01
      vertex   2.100000e+01 3.731446e+01 -1.972263e+01
    endloop
  endfacet
  facet normal -1.000000e+00 0.000000e+00 -0.000000e+00
    outer loop
      vertex   2.100000e+01 3.731446e+01 -1.972263e+01
      vertex   2.100000e+01 3.916555e+01 -2.409699e+01
      vertex   2.100000e+01 3.709345e+01 -2.002682e+01
    endloop
  endfacet
  facet normal -1.000000e+00 0.000000e+00 -0.000000e+00
    outer loop
      vertex   2.100000e+01 3.709345e+01 -2.002682e+01
      vertex   2.100000e+01 3.916555e+01 -2.409699e+01
      vertex   2.100000e+01 3.680374e+01 -2.026649e+01
    endloop
  endfacet
  facet normal -1.000000e+00 0.000000e+00 -0.000000e+00
    outer loop
      vertex   2.100000e+01 3.680374e+01 -2.026649e+01
      vertex   2.100000e+01 3.916555e+01 -2.409699e+01
      vertex   2.100000e+01 3.646353e+01 -2.042658e+01
    endloop
  endfacet
  facet normal -1.000000e+00 0.000000e+00 -0.000000e+00
    outer loop
      vertex   2.100000e+01 3.646353e+01 -2.042658e+01
      vertex   2.100000e+01 3.916555e+01 -2.409699e+01
      vertex   2.100000e+01 3.609419e+01 -2.049704e+01
    endloop
  endfacet
  facet normal -1.000000e+00 0.000000e+00 0.000000e+00
    outer loop
      vertex   2.100000e+01 3.609419e+01 -2.049704e+01
      vertex   2.100000e+01 3.916555e+01 -2.409699e+01
      vertex   2.100000e+01 3.850177e+01 -2.445355e+01
    endloop
  endfacet
  facet normal -1.000000e+00 0.000000e+00 0.000000e+00
    outer loop
      vertex   2.100000e+01 3.609419e+01 -2.049704e+01
      vertex   2.100000e+01 3.850177e+01 -2.445355e+01
      vertex   2.100000e+01 3.779853e+01 -2.472410e+01
    endloop
  endfacet
  facet normal -1.000000e+00 1.219373e-16 4.827839e-17
    outer loop
      vertex   2.100000e+01 3.745287e+01 -1.862697e+01
      vertex   2.100000e+01 3.731446e+01 -1.827737e+01
      vertex   2.100000e+01 6.291443e+01 -9.347440e+00
    endloop
  endfacet
  facet normal -1.000000e+00 2.259572e-16 -2.499217e-16
    outer loop
      vertex   2.100000e+01 6.291443e+01 -9.347440e+00
      vertex   2.100000e+01 3.731446e+01 -1.827737e+01
      vertex   2.100000e+01 5.200000e+01 -5.000000e+00
    endloop
  endfacet
  facet normal -1.000000e+00 -7.315068e-31 -8.171967e-16
    outer loop
      vertex   2.100000e+01 6.291443e+01 -9.347440e+00
      vertex   2.100000e+01 5.200000e+01 -5.000000e+00
      vertex   2.100000e+01 6.291443e+01 -5.000000e+00
    endloop
  endfacet
  facet normal -1.000000e+00 0.000000e+00 0.000000e+00
    outer loop
      vertex   2.100000e+01 3.731446e+01 -1.827737e+01
      vertex   2.100000e+01 3.709345e+01 -1.797318e+01
      vertex   2.100000e+01 5.200000e+01 -5.000000e+00
    endloop
  endfacet
  facet normal -1.000000e+00 0.000000e+00 0.000000e+00
    outer loop
      vertex   2.100000e+01 5.200000e+01 -5.000000e+00
      vertex   2.100000e+01 3.709345e+01 -1.797318e+01
      vertex   2.100000e+01 3.680374e+01 -1.773351e+01
    endloop
  endfacet
  facet normal -1.000000e+00 0.000000e+00 0.000000e+00
    outer loop
      vertex   2.100000e+01 5.200000e+01 -5.000000e+00
      vertex   2.100000e+01 3.680374e+01 -1.773351e+01
      vertex   2.100000e+01 3.283445e+01 -1.390301e+01
    endloop
  endfacet
  facet normal -1.000000e+00 0.000000e+00 0.000000e+00
    outer loop
      vertex   2.100000e+01 3.283445e+01 -1.390301e+01
      vertex   2.100000e+01 3.680374e+01 -1.773351e+01
      vertex   2.100000e+01 3.646353e+01 -1.757342e+01
    endloop
  endfacet
  facet normal -1.000000e+00 0.000000e+00 0.000000e+00
    outer loop
      vertex   2.100000e+01 3.283445e+01 -1.390301e+01
      vertex   2.100000e+01 3.646353e+01 -1.757342e+01
      vertex   2.100000e+01 3.609419e+01 -1.750296e+01
    endloop
  endfacet
  facet normal -1.000000e+00 -0.000000e+00 0.000000e+00
    outer loop
      vertex   2.100000e+01 3.609419e+01 -1.750296e+01
      vertex   2.100000e+01 3.571893e+01 -1.752657e+01
      vertex   2.100000e+01 3.283445e+01 -1.390301e+01
    endloop
  endfacet
  facet normal -1.000000e+00 0.000000e+00 -0.000000e+00
    outer loop
      vertex   2.100000e+01 3.283445e+01 -1.390301e+01
      vertex   2.100000e+01 3.571893e+01 -1.752657e+01
      vertex   2.100000e+01 3.222059e+01 -1.433995e+01
    endloop
  endfacet
  facet normal -1.000000e+00 0.000000e+00 0.000000e+00
    outer loop
      vertex   2.100000e+01 3.222059e+01 -1.433995e+01
      vertex   2.100000e+01 3.571893e+01 -1.752657e+01
      vertex   2.100000e+01 3.536133e+01 -1.764276e+01
    endloop
  endfacet
  facet normal -1.000000e+00 0.000000e+00 -0.000000e+00
    outer loop
      vertex   2.100000e+01 3.222059e+01 -1.433995e+01
      vertex   2.100000e+01 3.536133e+01 -1.764276e+01
      vertex   2.100000e+01 3.166633e+01 -1.485038e+01
    endloop
  endfacet
  facet normal -1.000000e+00 0.000000e+00 -0.000000e+00
    outer loop
      vertex   2.100000e+01 3.166633e+01 -1.485038e+01
      vertex   2.100000e+01 3.536133e+01 -1.764276e+01
      vertex   2.100000e+01 3.118042e+01 -1.542626e+01
    endloop
  endfacet
  facet normal -1.000000e+00 0.000000e+00 0.000000e+00
    outer loop
      vertex   2.100000e+01 3.118042e+01 -1.542626e+01
      vertex   2.100000e+01 3.536133e+01 -1.764276e+01
      vertex   2.100000e+01 3.504386e+01 -1.784423e+01
    endloop
  endfacet
  facet normal -1.000000e+00 0.000000e+00 -0.000000e+00
    outer loop
      vertex   2.100000e+01 3.118042e+01 -1.542626e+01
      vertex   2.100000e+01 3.504386e+01 -1.784423e+01
      vertex   2.100000e+01 3.077051e+01 -1.605849e+01
    endloop
  endfacet
  facet normal -1.000000e+00 0.000000e+00 -0.000000e+00
    outer loop
      vertex   2.100000e+01 3.077051e+01 -1.605849e+01
      vertex   2.100000e+01 3.504386e+01 -1.784423e+01
      vertex   2.100000e+01 3.044308e+01 -1.673711e+01
    endloop
  endfacet
  facet normal -1.000000e+00 0.000000e+00 0.000000e+00
    outer loop
      vertex   2.100000e+01 3.044308e+01 -1.673711e+01
      vertex   2.100000e+01 3.504386e+01 -1.784423e+01
      vertex   2.100000e+01 3.478647e+01 -1.811832e+01
    endloop
  endfacet
  facet normal -1.000000e+00 0.000000e+00 -0.000000e+00
    outer loop
      vertex   2.100000e+01 3.044308e+01 -1.673711e+01
      vertex   2.100000e+01 3.478647e+01 -1.811832e+01
      vertex   2.100000e+01 3.020328e+01 -1.745142e+01
    endloop
  endfacet
  facet normal -1.000000e+00 0.000000e+00 0.000000e+00
    outer loop
      vertex   2.100000e+01 3.020328e+01 -1.745142e+01
      vertex   2.100000e+01 3.478647e+01 -1.811832e+01
      vertex   2.100000e+01 3.460534e+01 -1.844781e+01
    endloop
  endfacet
  facet normal -1.000000e+00 0.000000e+00 -0.000000e+00
    outer loop
      vertex   2.100000e+01 3.020328e+01 -1.745142e+01
      vertex   2.100000e+01 3.460534e+01 -1.844781e+01
      vertex   2.100000e+01 3.005491e+01 -1.819016e+01
    endloop
  endfacet
  facet normal -1.000000e+00 0.000000e+00 0.000000e+00
    outer loop
      vertex   2.100000e+01 3.005491e+01 -1.819016e+01
      vertex   2.100000e+01 3.460534e+01 -1.844781e+01
      vertex   2.100000e+01 3.451183e+01 -1.881200e+01
    endloop
  endfacet
  facet normal -1.000000e+00 0.000000e+00 -0.000000e+00
    outer loop
      vertex   2.100000e+01 3.005491e+01 -1.819016e+01
      vertex   2.100000e+01 3.451183e+01 -1.881200e+01
      vertex   2.100000e+01 3.000028e+01 -1.894166e+01
    endloop
  endfacet
  facet normal -1.000000e+00 0.000000e+00 0.000000e+00
    outer loop
      vertex   2.100000e+01 3.000028e+01 -1.894166e+01
      vertex   2.100000e+01 3.451183e+01 -1.881200e+01
      vertex   2.100000e+01 3.451183e+01 -1.918800e+01
    endloop
  endfacet
  facet normal -1.000000e+00 0.000000e+00 0.000000e+00
    outer loop
      vertex   2.100000e+01 3.000028e+01 -1.894166e+01
      vertex   2.100000e+01 3.451183e+01 -1.918800e+01
      vertex   2.100000e+01 3.004028e+01 -1.969408e+01
    endloop
  endfacet
  facet normal -1.000000e+00 0.000000e+00 0.000000e+00
    outer loop
      vertex   2.100000e+01 3.004028e+01 -1.969408e+01
      vertex   2.100000e+01 3.451183e+01 -1.918800e+01
      vertex   2.100000e+01 3.460534e+01 -1.955219e+01
    endloop
  endfacet
  facet normal -1.000000e+00 0.000000e+00 0.000000e+00
    outer loop
      vertex   2.100000e+01 3.004028e+01 -1.969408e+01
      vertex   2.100000e+01 3.460534e+01 -1.955219e+01
      vertex   2.100000e+01 3.017427e+01 -2.043556e+01
    endloop
  endfacet
  facet normal -1.000000e+00 0.000000e+00 0.000000e+00
    outer loop
      vertex   2.100000e+01 3.017427e+01 -2.043556e+01
      vertex   2.100000e+01 3.460534e+01 -1.955219e+01
      vertex   2.100000e+01 3.478647e+01 -1.988168e+01
    endloop
  endfacet
  facet normal -1.000000e+00 0.000000e+00 0.000000e+00
    outer loop
      vertex   2.100000e+01 3.017427e+01 -2.043556e+01
      vertex   2.100000e+01 3.478647e+01 -1.988168e+01
      vertex   2.100000e+01 3.040013e+01 -2.115440e+01
    endloop
  endfacet
  facet normal -1.000000e+00 0.000000e+00 0.000000e+00
    outer loop
      vertex   2.100000e+01 3.040013e+01 -2.115440e+01
      vertex   2.100000e+01 3.478647e+01 -1.988168e+01
      vertex   2.100000e+01 3.504386e+01 -2.015577e+01
    endloop
  endfacet
  facet normal -1.000000e+00 0.000000e+00 0.000000e+00
    outer loop
      vertex   2.100000e+01 3.040013e+01 -2.115440e+01
      vertex   2.100000e+01 3.504386e+01 -2.015577e+01
      vertex   2.100000e+01 3.071430e+01 -2.183926e+01
    endloop
  endfacet
  facet normal -1.000000e+00 0.000000e+00 0.000000e+00
    outer loop
      vertex   2.100000e+01 3.071430e+01 -2.183926e+01
      vertex   2.100000e+01 3.504386e+01 -2.015577e+01
      vertex   2.100000e+01 3.111184e+01 -2.247935e+01
    endloop
  endfacet
  facet normal -1.000000e+00 0.000000e+00 0.000000e+00
    outer loop
      vertex   2.100000e+01 3.111184e+01 -2.247935e+01
      vertex   2.100000e+01 3.504386e+01 -2.015577e+01
      vertex   2.100000e+01 3.536133e+01 -2.035724e+01
    endloop
  endfacet
  facet normal -1.000000e+00 0.000000e+00 0.000000e+00
    outer loop
      vertex   2.100000e+01 3.111184e+01 -2.247935e+01
      vertex   2.100000e+01 3.536133e+01 -2.035724e+01
      vertex   2.100000e+01 3.158646e+01 -2.306456e+01
    endloop
  endfacet
  facet normal -1.000000e+00 0.000000e+00 0.000000e+00
    outer loop
      vertex   2.100000e+01 3.158646e+01 -2.306456e+01
      vertex   2.100000e+01 3.536133e+01 -2.035724e+01
      vertex   2.100000e+01 3.213068e+01 -2.358567e+01
    endloop
  endfacet
  facet normal -1.000000e+00 0.000000e+00 0.000000e+00
    outer loop
      vertex   2.100000e+01 3.213068e+01 -2.358567e+01
      vertex   2.100000e+01 3.536133e+01 -2.035724e+01
      vertex   2.100000e+01 3.571893e+01 -2.047343e+01
    endloop
  endfacet
  facet normal -1.000000e+00 0.000000e+00 0.000000e+00
    outer loop
      vertex   2.100000e+01 3.213068e+01 -2.358567e+01
      vertex   2.100000e+01 3.571893e+01 -2.047343e+01
      vertex   2.100000e+01 3.273593e+01 -2.403447e+01
    endloop
  endfacet
  facet normal -1.000000e+00 0.000000e+00 0.000000e+00
    outer loop
      vertex   2.100000e+01 3.273593e+01 -2.403447e+01
      vertex   2.100000e+01 3.571893e+01 -2.047343e+01
      vertex   2.100000e+01 3.339266e+01 -2.440387e+01
    endloop
  endfacet
  facet normal -1.000000e+00 0.000000e+00 0.000000e+00
    outer loop
      vertex   2.100000e+01 3.339266e+01 -2.440387e+01
      vertex   2.100000e+01 3.571893e+01 -2.047343e+01
      vertex   2.100000e+01 3.409050e+01 -2.468804e+01
    endloop
  endfacet
  facet normal -1.000000e+00 0.000000e+00 0.000000e+00
    outer loop
      vertex   2.100000e+01 3.409050e+01 -2.468804e+01
      vertex   2.100000e+01 3.571893e+01 -2.047343e+01
      vertex   2.100000e+01 3.481846e+01 -2.488251e+01
    endloop
  endfacet
  facet normal -1.000000e+00 0.000000e+00 0.000000e+00
    outer loop
      vertex   2.100000e+01 3.481846e+01 -2.488251e+01
      vertex   2.100000e+01 3.571893e+01 -2.047343e+01
      vertex   2.100000e+01 3.609419e+01 -2.049704e+01
    endloop
  endfacet
  facet normal -1.000000e+00 0.000000e+00 0.000000e+00
    outer loop
      vertex   2.100000e+01 3.481846e+01 -2.488251e+01
      vertex   2.100000e+01 3.609419e+01 -2.049704e+01
      vertex   2.100000e+01 3.556505e+01 -2.498421e+01
    endloop
  endfacet
  facet normal -1.000000e+00 0.000000e+00 0.000000e+00
    outer loop
      vertex   2.100000e+01 3.556505e+01 -2.498421e+01
      vertex   2.100000e+01 3.609419e+01 -2.049704e+01
      vertex   2.100000e+01 3.631850e+01 -2.499154e+01
    endloop
  endfacet
  facet normal -1.000000e+00 0.000000e+00 0.000000e+00
    outer loop
      vertex   2.100000e+01 3.631850e+01 -2.499154e+01
      vertex   2.100000e+01 3.609419e+01 -2.049704e+01
      vertex   2.100000e+01 3.706693e+01 -2.490438e+01
    endloop
  endfacet
  facet normal -1.000000e+00 0.000000e+00 0.000000e+00
    outer loop
      vertex   2.100000e+01 3.706693e+01 -2.490438e+01
      vertex   2.100000e+01 3.609419e+01 -2.049704e+01
      vertex   2.100000e+01 3.779853e+01 -2.472410e+01
    endloop
  endfacet
  facet normal -1.000000e+00 -5.501164e-16 1.184238e-15
    outer loop
      vertex   2.100000e+01 3.283445e+01 -1.390301e+01
      vertex   2.100000e+01 5.200000e+01 -2.000000e+00
      vertex   2.100000e+01 5.200000e+01 -5.000000e+00
    endloop
  endfacet
  facet normal -7.071068e-01 7.071068e-01 1.155691e-15
    outer loop
      vertex   -1.800000e+01 6.291443e+01 -9.347440e+00
      vertex   -2.100000e+01 5.991443e+01 -1.121063e+01
      vertex   -1.800000e+01 6.291443e+01 -5.000000e+00
    endloop
  endfacet
  facet normal -7.071068e-01 7.071068e-01 1.394723e-15
    outer loop
      vertex   -1.800000e+01 6.291443e+01 -5.000000e+00
      vertex   -2.100000e+01 5.991443e+01 -1.121063e+01
      vertex   -2.100000e+01 5.991443e+01 5.000000e+00
    endloop
  endfacet
  facet normal -7.071068e-01 7.071068e-01 -3.477258e-09
    outer loop
      vertex   -1.800000e+01 6.291443e+01 -5.000000e+00
      vertex   -2.100000e+01 5.991443e+01 5.000000e+00
      vertex   -1.100000e+01 6.991443e+01 5.000000e+00
    endloop
  endfacet
  facet normal -7.071068e-01 7.071068e-01 0.000000e+00
    outer loop
      vertex   -1.100000e+01 6.991443e+01 5.000000e+00
      vertex   -1.100000e+01 6.991443e+01 -5.000000e+00
      vertex   -1.800000e+01 6.291443e+01 -5.000000e+00
    endloop
  endfacet
  facet normal -2.368476e-15 -2.457294e-15 1.000000e+00
    outer loop
      vertex   1.400000e+01 6.991443e+01 5.000000e+00
      vertex   1.100000e+01 6.991443e+01 5.000000e+00
      vertex   2.400000e+01 5.991443e+01 5.000000e+00
    endloop
  endfacet
  facet normal -1.615045e-16 4.117691e-16 1.000000e+00
    outer loop
      vertex   2.400000e+01 5.991443e+01 5.000000e+00
      vertex   1.100000e+01 6.991443e+01 5.000000e+00
      vertex   0.000000e+00 6.560000e+01 5.000000e+00
    endloop
  endfacet
  facet normal -2.324666e-16 1.122226e-16 1.000000e+00
    outer loop
      vertex   2.400000e+01 5.991443e+01 5.000000e+00
      vertex   0.000000e+00 6.560000e+01 5.000000e+00
      vertex   2.400000e+01 5.200000e+01 5.000000e+00
    endloop
  endfacet
  facet normal 9.868649e-17 6.966105e-16 1.000000e+00
    outer loop
      vertex   2.400000e+01 5.200000e+01 5.000000e+00
      vertex   0.000000e+00 6.560000e+01 5.000000e+00
      vertex   -2.100000e+01 5.200000e+01 5.000000e+00
    endloop
  endfacet
  facet normal 4.771472e-16 1.122226e-16 1.000000e+00
    outer loop
      vertex   -2.100000e+01 5.200000e+01 5.000000e+00
      vertex   0.000000e+00 6.560000e+01 5.000000e+00
      vertex   -2.100000e+01 5.991443e+01 5.000000e+00
    endloop
  endfacet
  facet normal 3.002646e-16 7.655495e-16 1.000000e+00
    outer loop
      vertex   -2.100000e+01 5.991443e+01 5.000000e+00
      vertex   0.000000e+00 6.560000e+01 5.000000e+00
      vertex   -1.100000e+01 6.991443e+01 5.000000e+00
    endloop
  endfacet
  facet normal -0.000000e+00 0.000000e+00 1.000000e+00
    outer loop
      vertex   -1.100000e+01 6.991443e+01 5.000000e+00
      vertex   0.000000e+00 6.560000e+01 5.000000e+00
      vertex   -7.071068e+00 7.267107e+01 5.000000e+00
    endloop
  endfacet
  facet normal 0.000000e+00 -0.000000e+00 1.000000e+00
    outer loop
      vertex   -1.100000e+01 6.991443e+01 5.000000e+00
      vertex   -7.071068e+00 7.267107e+01 5.000000e+00
      vertex   -1.100000e+01 7.167107e+01 5.000000e+00
    endloop
  endfacet
  facet normal 0.000000e+00 0.000000e+00 1.000000e+00
    outer loop
      vertex   -1.100000e+01 7.167107e+01 5.000000e+00
      vertex   -7.071068e+00 7.267107e+01 5.000000e+00
      vertex   -1.095308e+01 7.268602e+01 5.000000e+00
    endloop
  endfacet
  facet normal -0.000000e+00 0.000000e+00 1.000000e+00
    outer loop
      vertex   -1.095308e+01 7.268602e+01 5.000000e+00
      vertex   -7.071068e+00 7.267107e+01 5.000000e+00
      vertex   -1.081270e+01 7.369231e+01 5.000000e+00
    endloop
  endfacet
  facet normal 0.000000e+00 0.000000e+00 1.000000e+00
    outer loop
      vertex   -1.081270e+01 7.369231e+01 5.000000e+00
      vertex   -7.071068e+00 7.267107e+01 5.000000e+00
      vertex   -6.855732e+00 7.346213e+01 5.000000e+00
    endloop
  endfacet
  facet normal -0.000000e+00 0.000000e+00 1.000000e+00
    outer loop
      vertex   -1.081270e+01 7.369231e+01 5.000000e+00
      vertex   -6.855732e+00 7.346213e+01 5.000000e+00
      vertex   -1.058008e+01 7.468136e+01 5.000000e+00
    endloop
  endfacet
  facet normal 0.000000e+00 0.000000e+00 1.000000e+00
    outer loop
      vertex   -1.058008e+01 7.468136e+01 5.000000e+00
      vertex   -6.855732e+00 7.346213e+01 5.000000e+00
      vertex   -6.552204e+00 7.422371e+01 5.000000e+00
    endloop
  endfacet
  facet normal -0.000000e+00 0.000000e+00 1.000000e+00
    outer loop
      vertex   -1.058008e+01 7.468136e+01 5.000000e+00
      vertex   -6.552204e+00 7.422371e+01 5.000000e+00
      vertex   -1.025719e+01 7.564473e+01 5.000000e+00
    endloop
  endfacet
  facet normal 0.000000e+00 0.000000e+00 1.000000e+00
    outer loop
      vertex   -1.025719e+01 7.564473e+01 5.000000e+00
      vertex   -6.552204e+00 7.422371e+01 5.000000e+00
      vertex   -6.164388e+00 7.494603e+01 5.000000e+00
    endloop
  endfacet
  facet normal -0.000000e+00 0.000000e+00 1.000000e+00
    outer loop
      vertex   -1.025719e+01 7.564473e+01 5.000000e+00
      vertex   -6.164388e+00 7.494603e+01 5.000000e+00
      vertex   -9.846796e+00 7.657419e+01 5.000000e+00
    endloop
  endfacet
  facet normal 0.000000e+00 0.000000e+00 1.000000e+00
    outer loop
      vertex   -9.846796e+00 7.657419e+01 5.000000e+00
      vertex   -6.164388e+00 7.494603e+01 5.000000e+00
      vertex   -5.697275e+00 7.561978e+01 5.000000e+00
    endloop
  endfacet
  facet normal -0.000000e+00 0.000000e+00 1.000000e+00
    outer loop
      vertex   -9.846796e+00 7.657419e+01 5.000000e+00
      vertex   -5.697275e+00 7.561978e+01 5.000000e+00
      vertex   -9.352389e+00 7.746182e+01 5.000000e+00
    endloop
  endfacet
  facet normal 0.000000e+00 0.000000e+00 1.000000e+00
    outer loop
      vertex   -9.352389e+00 7.746182e+01 5.000000e+00
      vertex   -5.697275e+00 7.561978e+01 5.000000e+00
      vertex   -5.156871e+00 7.623631e+01 5.000000e+00
    endloop
  endfacet
  facet normal -0.000000e+00 0.000000e+00 1.000000e+00
    outer loop
      vertex   -9.352389e+00 7.746182e+01 5.000000e+00
      vertex   -5.156871e+00 7.623631e+01 5.000000e+00
      vertex   -8.778190e+00 7.830005e+01 5.000000e+00
    endloop
  endfacet
  facet normal 0.000000e+00 0.000000e+00 1.000000e+00
    outer loop
      vertex   -8.778190e+00 7.830005e+01 5.000000e+00
      vertex   -5.156871e+00 7.623631e+01 5.000000e+00
      vertex   -4.550131e+00 7.678768e+01 5.000000e+00
    endloop
  endfacet
  facet normal -0.000000e+00 0.000000e+00 1.000000e+00
    outer loop
      vertex   -8.778190e+00 7.830005e+01 5.000000e+00
      vertex   -4.550131e+00 7.678768e+01 5.000000e+00
      vertex   -8.129098e+00 7.908172e+01 5.000000e+00
    endloop
  endfacet
  facet normal 0.000000e+00 0.000000e+00 1.000000e+00
    outer loop
      vertex   -8.129098e+00 7.908172e+01 5.000000e+00
      vertex   -4.550131e+00 7.678768e+01 5.000000e+00
      vertex   -3.884857e+00 7.726680e+01 5.000000e+00
    endloop
  endfacet
  facet normal -0.000000e+00 0.000000e+00 1.000000e+00
    outer loop
      vertex   -8.129098e+00 7.908172e+01 5.000000e+00
      vertex   -3.884857e+00 7.726680e+01 5.000000e+00
      vertex   -7.410652e+00 7.980017e+01 5.000000e+00
    endloop
  endfacet
  facet normal 0.000000e+00 0.000000e+00 1.000000e+00
    outer loop
      vertex   -7.410652e+00 7.980017e+01 5.000000e+00
      vertex   -3.884857e+00 7.726680e+01 5.000000e+00
      vertex   -3.169609e+00 7.766750e+01 5.000000e+00
    endloop
  endfacet
  facet normal -0.000000e+00 0.000000e+00 1.000000e+00
    outer loop
      vertex   -7.410652e+00 7.980017e+01 5.000000e+00
      vertex   -3.169609e+00 7.766750e+01 5.000000e+00
      vertex   -6.628981e+00 8.044926e+01 5.000000e+00
    endloop
  endfacet
  facet normal -0.000000e+00 0.000000e+00 1.000000e+00
    outer loop
      vertex   -6.628981e+00 8.044926e+01 5.000000e+00
      vertex   -3.169609e+00 7.766750e+01 5.000000e+00
      vertex   -5.790754e+00 8.102346e+01 5.000000e+00
    endloop
  endfacet
  facet normal 0.000000e+00 0.000000e+00 1.000000e+00
    outer loop
      vertex   -5.790754e+00 8.102346e+01 5.000000e+00
      vertex   -3.169609e+00 7.766750e+01 5.000000e+00
      vertex   -2.413587e+00 7.798463e+01 5.000000e+00
    endloop
  endfacet
  facet normal -0.000000e+00 0.000000e+00 1.000000e+00
    outer loop
      vertex   -5.790754e+00 8.102346e+01 5.000000e+00
      vertex   -2.413587e+00 7.798463e+01 5.000000e+00
      vertex   -4.903122e+00 8.151787e+01 5.000000e+00
    endloop
  endfacet
  facet normal 0.000000e+00 0.000000e+00 1.000000e+00
    outer loop
      vertex   -4.903122e+00 8.151787e+01 5.000000e+00
      vertex   -2.413587e+00 7.798463e+01 5.000000e+00
      vertex   -1.626517e+00 7.821411e+01 5.000000e+00
    endloop
  endfacet
  facet normal -0.000000e+00 0.000000e+00 1.000000e+00
    outer loop
      vertex   -4.903122e+00 8.151787e+01 5.000000e+00
      vertex   -1.626517e+00 7.821411e+01 5.000000e+00
      vertex   -3.973658e+00 8.192826e+01 5.000000e+00
    endloop
  endfacet
  facet normal -0.000000e+00 0.000000e+00 1.000000e+00
    outer loop
      vertex   -3.973658e+00 8.192826e+01 5.000000e+00
      vertex   -1.626517e+00 7.821411e+01 5.000000e+00
      vertex   -3.010293e+00 8.225115e+01 5.000000e+00
    endloop
  endfacet
  facet normal 0.000000e+00 0.000000e+00 1.000000e+00
    outer loop
      vertex   -3.010293e+00 8.225115e+01 5.000000e+00
      vertex   -1.626517e+00 7.821411e+01 5.000000e+00
      vertex   -8.185231e-01 7.835299e+01 5.000000e+00
    endloop
  endfacet
  facet normal -0.000000e+00 0.000000e+00 1.000000e+00
    outer loop
      vertex   -3.010293e+00 8.225115e+01 5.000000e+00
      vertex   -8.185231e-01 7.835299e+01 5.000000e+00
      vertex   -2.021245e+00 8.248377e+01 5.000000e+00
    endloop
  endfacet
  facet normal -0.000000e+00 0.000000e+00 1.000000e+00
    outer loop
      vertex   -2.021245e+00 8.248377e+01 5.000000e+00
      vertex   -8.185231e-01 7.835299e+01 5.000000e+00
      vertex   -1.014952e+00 8.262414e+01 5.000000e+00
    endloop
  endfacet
  facet normal 0.000000e+00 0.000000e+00 1.000000e+00
    outer loop
      vertex   -1.014952e+00 8.262414e+01 5.000000e+00
      vertex   -8.185231e-01 7.835299e+01 5.000000e+00
      vertex   5.273559e-15 7.839948e+01 5.000000e+00
    endloop
  endfacet
  facet normal -0.000000e+00 0.000000e+00 1.000000e+00
    outer loop
      vertex   -1.014952e+00 8.262414e+01 5.000000e+00
      vertex   5.273559e-15 7.839948e+01 5.000000e+00
      vertex   -8.515876e-12 8.267107e+01 5.000000e+00
    endloop
  endfacet
  facet normal 0.000000e+00 0.000000e+00 1.000000e+00
    outer loop
      vertex   -8.515876e-12 8.267107e+01 5.000000e+00
      vertex   5.273559e-15 7.839948e+01 5.000000e+00
      vertex   1.014952e+00 8.262414e+01 5.000000e+00
    endloop
  endfacet
  facet normal 0.000000e+00 0.000000e+00 1.000000e+00
    outer loop
      vertex   1.014952e+00 8.262414e+01 5.000000e+00
      vertex   5.273559e-15 7.839948e+01 5.000000e+00
      vertex   8.185231e-01 7.835299e+01 5.000000e+00
    endloop
  endfacet
  facet normal 0.000000e+00 0.000000e+00 1.000000e+00
    outer loop
      vertex   1.014952e+00 8.262414e+01 5.000000e+00
      vertex   8.185231e-01 7.835299e+01 5.000000e+00
      vertex   2.021245e+00 8.248377e+01 5.000000e+00
    endloop
  endfacet
  facet normal 0.000000e+00 0.000000e+00 1.000000e+00
    outer loop
      vertex   2.021245e+00 8.248377e+01 5.000000e+00
      vertex   8.185231e-01 7.835299e+01 5.000000e+00
      vertex   3.010293e+00 8.225115e+01 5.000000e+00
    endloop
  endfacet
  facet normal 0.000000e+00 0.000000e+00 1.000000e+00
    outer loop
      vertex   3.010293e+00 8.225115e+01 5.000000e+00
      vertex   8.185231e-01 7.835299e+01 5.000000e+00
      vertex   1.626517e+00 7.821411e+01 5.000000e+00
    endloop
  endfacet
  facet normal 0.000000e+00 0.000000e+00 1.000000e+00
    outer loop
      vertex   3.010293e+00 8.225115e+01 5.000000e+00
      vertex   1.626517e+00 7.821411e+01 5.000000e+00
      vertex   3.973658e+00 8.192826e+01 5.000000e+00
    endloop
  endfacet
  facet normal 0.000000e+00 0.000000e+00 1.000000e+00
    outer loop
      vertex   3.973658e+00 8.192826e+01 5.000000e+00
      vertex   1.626517e+00 7.821411e+01 5.000000e+00
      vertex   4.903122e+00 8.151787e+01 5.000000e+00
    endloop
  endfacet
  facet normal 0.000000e+00 0.000000e+00 1.000000e+00
    outer loop
      vertex   4.903122e+00 8.151787e+01 5.000000e+00
      vertex   1.626517e+00 7.821411e+01 5.000000e+00
      vertex   2.413587e+00 7.798463e+01 5.000000e+00
    endloop
  endfacet
  facet normal 0.000000e+00 0.000000e+00 1.000000e+00
    outer loop
      vertex   4.903122e+00 8.151787e+01 5.000000e+00
      vertex   2.413587e+00 7.798463e+01 5.000000e+00
      vertex   5.790754e+00 8.102346e+01 5.000000e+00
    endloop
  endfacet
  facet normal 0.000000e+00 0.000000e+00 1.000000e+00
    outer loop
      vertex   5.790754e+00 8.102346e+01 5.000000e+00
      vertex   2.413587e+00 7.798463e+01 5.000000e+00
      vertex   3.169609e+00 7.766750e+01 5.000000e+00
    endloop
  endfacet
  facet normal 0.000000e+00 0.000000e+00 1.000000e+00
    outer loop
      vertex   5.790754e+00 8.102346e+01 5.000000e+00
      vertex   3.169609e+00 7.766750e+01 5.000000e+00
      vertex   6.628981e+00 8.044926e+01 5.000000e+00
    endloop
  endfacet
  facet normal 0.000000e+00 0.000000e+00 1.000000e+00
    outer loop
      vertex   6.628981e+00 8.044926e+01 5.000000e+00
      vertex   3.169609e+00 7.766750e+01 5.000000e+00
      vertex   7.410652e+00 7.980017e+01 5.000000e+00
    endloop
  endfacet
  facet normal 0.000000e+00 0.000000e+00 1.000000e+00
    outer loop
      vertex   7.410652e+00 7.980017e+01 5.000000e+00
      vertex   3.169609e+00 7.766750e+01 5.000000e+00
      vertex   3.884857e+00 7.726680e+01 5.000000e+00
    endloop
  endfacet
  facet normal 0.000000e+00 0.000000e+00 1.000000e+00
    outer loop
      vertex   7.410652e+00 7.980017e+01 5.000000e+00
      vertex   3.884857e+00 7.726680e+01 5.000000e+00
      vertex   8.129098e+00 7.908172e+01 5.000000e+00
    endloop
  endfacet
  facet normal 0.000000e+00 0.000000e+00 1.000000e+00
    outer loop
      vertex   8.129098e+00 7.908172e+01 5.000000e+00
      vertex   3.884857e+00 7.726680e+01 5.000000e+00
      vertex   4.550131e+00 7.678768e+01 5.000000e+00
    endloop
  endfacet
  facet normal 0.000000e+00 0.000000e+00 1.000000e+00
    outer loop
      vertex   8.129098e+00 7.908172e+01 5.000000e+00
      vertex   4.550131e+00 7.678768e+01 5.000000e+00
      vertex   8.778190e+00 7.830005e+01 5.000000e+00
    endloop
  endfacet
  facet normal 0.000000e+00 0.000000e+00 1.000000e+00
    outer loop
      vertex   8.778190e+00 7.830005e+01 5.000000e+00
      vertex   4.550131e+00 7.678768e+01 5.000000e+00
      vertex   5.156871e+00 7.623631e+01 5.000000e+00
    endloop
  endfacet
  facet normal 0.000000e+00 0.000000e+00 1.000000e+00
    outer loop
      vertex   8.778190e+00 7.830005e+01 5.000000e+00
      vertex   5.156871e+00 7.623631e+01 5.000000e+00
      vertex   9.352389e+00 7.746182e+01 5.000000e+00
    endloop
  endfacet
  facet normal 0.000000e+00 0.000000e+00 1.000000e+00
    outer loop
      vertex   9.352389e+00 7.746182e+01 5.000000e+00
      vertex   5.156871e+00 7.623631e+01 5.000000e+00
      vertex   5.697275e+00 7.561978e+01 5.000000e+00
    endloop
  endfacet
  facet normal 0.000000e+00 0.000000e+00 1.000000e+00
    outer loop
      vertex   9.352389e+00 7.746182e+01 5.000000e+00
      vertex   5.697275e+00 7.561978e+01 5.000000e+00
      vertex   9.846796e+00 7.657419e+01 5.000000e+00
    endloop
  endfacet
  facet normal 0.000000e+00 0.000000e+00 1.000000e+00
    outer loop
      vertex   9.846796e+00 7.657419e+01 5.000000e+00
      vertex   5.697275e+00 7.561978e+01 5.000000e+00
      vertex   6.164388e+00 7.494603e+01 5.000000e+00
    endloop
  endfacet
  facet normal 0.000000e+00 0.000000e+00 1.000000e+00
    outer loop
      vertex   9.846796e+00 7.657419e+01 5.000000e+00
      vertex   6.164388e+00 7.494603e+01 5.000000e+00
      vertex   1.025719e+01 7.564473e+01 5.000000e+00
    endloop
  endfacet
  facet normal 0.000000e+00 0.000000e+00 1.000000e+00
    outer loop
      vertex   1.025719e+01 7.564473e+01 5.000000e+00
      vertex   6.164388e+00 7.494603e+01 5.000000e+00
      vertex   6.552204e+00 7.422371e+01 5.000000e+00
    endloop
  endfacet
  facet normal 0.000000e+00 0.000000e+00 1.000000e+00
    outer loop
      vertex   1.025719e+01 7.564473e+01 5.000000e+00
      vertex   6.552204e+00 7.422371e+01 5.000000e+00
      vertex   1.058008e+01 7.468136e+01 5.000000e+00
    endloop
  endfacet
  facet normal 0.000000e+00 0.000000e+00 1.000000e+00
    outer loop
      vertex   1.058008e+01 7.468136e+01 5.000000e+00
      vertex   6.552204e+00 7.422371e+01 5.000000e+00
      vertex   6.855732e+00 7.346213e+01 5.000000e+00
    endloop
  endfacet
  facet normal 0.000000e+00 0.000000e+00 1.000000e+00
    outer loop
      vertex   1.058008e+01 7.468136e+01 5.000000e+00
      vertex   6.855732e+00 7.346213e+01 5.000000e+00
      vertex   1.081270e+01 7.369231e+01 5.000000e+00
    endloop
  endfacet
  facet normal 0.000000e+00 0.000000e+00 1.000000e+00
    outer loop
      vertex   1.081270e+01 7.369231e+01 5.000000e+00
      vertex   6.855732e+00 7.346213e+01 5.000000e+00
      vertex   7.071068e+00 7.267107e+01 5.000000e+00
    endloop
  endfacet
  facet normal 0.000000e+00 0.000000e+00 1.000000e+00
    outer loop
      vertex   1.081270e+01 7.369231e+01 5.000000e+00
      vertex   7.071068e+00 7.267107e+01 5.000000e+00
      vertex   1.095308e+01 7.268602e+01 5.000000e+00
    endloop
  endfacet
  facet normal 0.000000e+00 0.000000e+00 1.000000e+00
    outer loop
      vertex   1.095308e+01 7.268602e+01 5.000000e+00
      vertex   7.071068e+00 7.267107e+01 5.000000e+00
      vertex   1.100000e+01 7.167107e+01 5.000000e+00
    endloop
  endfacet
  facet normal 0.000000e+00 0.000000e+00 1.000000e+00
    outer loop
      vertex   1.100000e+01 7.167107e+01 5.000000e+00
      vertex   7.071068e+00 7.267107e+01 5.000000e+00
      vertex   1.100000e+01 6.991443e+01 5.000000e+00
    endloop
  endfacet
  facet normal 0.000000e+00 0.000000e+00 1.000000e+00
    outer loop
      vertex   1.100000e+01 6.991443e+01 5.000000e+00
      vertex   7.071068e+00 7.267107e+01 5.000000e+00
      vertex   0.000000e+00 6.560000e+01 5.000000e+00
    endloop
  endfacet
  facet normal -1.000000e+00 0.000000e+00 -0.000000e+00
    outer loop
      vertex   -2.100000e+01 5.200000e+01 5.000000e+00
      vertex   -2.100000e+01 5.991443e+01 5.000000e+00
      vertex   -2.100000e+01 5.200000e+01 -2.000000e+00
    endloop
  endfacet
  facet normal -1.000000e+00 -1.938379e-16 2.191595e-16
    outer loop
      vertex   -2.100000e+01 5.200000e+01 -2.000000e+00
      vertex   -2.100000e+01 5.991443e+01 5.000000e+00
      vertex   -2.100000e+01 5.991443e+01 -1.121063e+01
    endloop
  endfacet
  facet normal -1.000000e+00 -9.506677e-17 3.040307e-16
    outer loop
      vertex   -2.100000e+01 5.200000e+01 -2.000000e+00
      vertex   -2.100000e+01 5.991443e+01 -1.121063e+01
      vertex   -2.100000e+01 3.731446e+01 -1.827737e+01
    endloop
  endfacet
  facet normal -1.000000e+00 0.000000e+00 0.000000e+00
    outer loop
      vertex   -2.100000e+01 3.731446e+01 -1.827737e+01
      vertex   -2.100000e+01 5.991443e+01 -1.121063e+01
      vertex   -2.100000e+01 3.745287e+01 -1.862697e+01
    endloop
  endfacet
  facet normal -1.000000e+00 0.000000e+00 0.000000e+00
    outer loop
      vertex   -2.100000e+01 3.745287e+01 -1.862697e+01
      vertex   -2.100000e+01 5.991443e+01 -1.121063e+01
      vertex   -2.100000e+01 3.750000e+01 -1.900000e+01
    endloop
  endfacet
  facet normal -1.000000e+00 0.000000e+00 0.000000e+00
    outer loop
      vertex   -2.100000e+01 3.750000e+01 -1.900000e+01
      vertex   -2.100000e+01 5.991443e+01 -1.121063e+01
      vertex   -2.100000e+01 3.916555e+01 -2.409699e+01
    endloop
  endfacet
  facet normal -1.000000e+00 0.000000e+00 -0.000000e+00
    outer loop
      vertex   -2.100000e+01 3.750000e+01 -1.900000e+01
      vertex   -2.100000e+01 3.916555e+01 -2.409699e+01
      vertex   -2.100000e+01 3.745287e+01 -1.937303e+01
    endloop
  endfacet
  facet normal -1.000000e+00 0.000000e+00 -0.000000e+00
    outer loop
      vertex   -2.100000e+01 3.745287e+01 -1.937303e+01
      vertex   -2.100000e+01 3.916555e+01 -2.409699e+01
      vertex   -2.100000e+01 3.731446e+01 -1.972263e+01
    endloop
  endfacet
  facet normal -1.000000e+00 0.000000e+00 -0.000000e+00
    outer loop
      vertex   -2.100000e+01 3.731446e+01 -1.972263e+01
      vertex   -2.100000e+01 3.916555e+01 -2.409699e+01
      vertex   -2.100000e+01 3.709345e+01 -2.002682e+01
    endloop
  endfacet
  facet normal -1.000000e+00 0.000000e+00 -0.000000e+00
    outer loop
      vertex   -2.100000e+01 3.709345e+01 -2.002682e+01
      vertex   -2.100000e+01 3.916555e+01 -2.409699e+01
      vertex   -2.100000e+01 3.680374e+01 -2.026649e+01
    endloop
  endfacet
  facet normal -1.000000e+00 0.000000e+00 0.000000e+00
    outer loop
      vertex   -2.100000e+01 3.680374e+01 -2.026649e+01
      vertex   -2.100000e+01 3.916555e+01 -2.409699e+01
      vertex   -2.100000e+01 3.850177e+01 -2.445355e+01
    endloop
  endfacet
  facet normal -1.000000e+00 0.000000e+00 -0.000000e+00
    outer loop
      vertex   -2.100000e+01 3.680374e+01 -2.026649e+01
      vertex   -2.100000e+01 3.850177e+01 -2.445355e+01
      vertex   -2.100000e+01 3.646353e+01 -2.042658e+01
    endloop
  endfacet
  facet normal -1.000000e+00 0.000000e+00 0.000000e+00
    outer loop
      vertex   -2.100000e+01 3.646353e+01 -2.042658e+01
      vertex   -2.100000e+01 3.850177e+01 -2.445355e+01
      vertex   -2.100000e+01 3.779853e+01 -2.472410e+01
    endloop
  endfacet
  facet normal -1.000000e+00 0.000000e+00 0.000000e+00
    outer loop
      vertex   -2.100000e+01 3.646353e+01 -2.042658e+01
      vertex   -2.100000e+01 3.779853e+01 -2.472410e+01
      vertex   -2.100000e+01 3.706693e+01 -2.490438e+01
    endloop
  endfacet
  facet normal -1.000000e+00 0.000000e+00 -0.000000e+00
    outer loop
      vertex   -2.100000e+01 3.646353e+01 -2.042658e+01
      vertex   -2.100000e+01 3.706693e+01 -2.490438e+01
      vertex   -2.100000e+01 3.609419e+01 -2.049704e+01
    endloop
  endfacet
  facet normal -1.000000e+00 0.000000e+00 0.000000e+00
    outer loop
      vertex   -2.100000e+01 3.609419e+01 -2.049704e+01
      vertex   -2.100000e+01 3.706693e+01 -2.490438e+01
      vertex   -2.100000e+01 3.631850e+01 -2.499154e+01
    endloop
  endfacet
  facet normal -1.000000e+00 0.000000e+00 -0.000000e+00
    outer loop
      vertex   -2.100000e+01 3.609419e+01 -2.049704e+01
      vertex   -2.100000e+01 3.631850e+01 -2.499154e+01
      vertex   -2.100000e+01 3.556505e+01 -2.498421e+01
    endloop
  endfacet
  facet normal -1.000000e+00 -0.000000e+00 0.000000e+00
    outer loop
      vertex   -2.100000e+01 3.609419e+01 -2.049704e+01
      vertex   -2.100000e+01 3.556505e+01 -2.498421e+01
      vertex   -2.100000e+01 3.571893e+01 -2.047343e+01
    endloop
  endfacet
  facet normal -1.000000e+00 0.000000e+00 0.000000e+00
    outer loop
      vertex   -2.100000e+01 3.571893e+01 -2.047343e+01
      vertex   -2.100000e+01 3.556505e+01 -2.498421e+01
      vertex   -2.100000e+01 3.481846e+01 -2.488251e+01
    endloop
  endfacet
  facet normal -1.000000e+00 0.000000e+00 0.000000e+00
    outer loop
      vertex   -2.100000e+01 3.571893e+01 -2.047343e+01
      vertex   -2.100000e+01 3.481846e+01 -2.488251e+01
      vertex   -2.100000e+01 3.409050e+01 -2.468804e+01
    endloop
  endfacet
  facet normal -1.000000e+00 -0.000000e+00 0.000000e+00
    outer loop
      vertex   -2.100000e+01 3.571893e+01 -2.047343e+01
      vertex   -2.100000e+01 3.409050e+01 -2.468804e+01
      vertex   -2.100000e+01 3.536133e+01 -2.035724e+01
    endloop
  endfacet
  facet normal -1.000000e+00 0.000000e+00 0.000000e+00
    outer loop
      vertex   -2.100000e+01 3.536133e+01 -2.035724e+01
      vertex   -2.100000e+01 3.409050e+01 -2.468804e+01
      vertex   -2.100000e+01 3.339266e+01 -2.440387e+01
    endloop
  endfacet
  facet normal -1.000000e+00 0.000000e+00 0.000000e+00
    outer loop
      vertex   -2.100000e+01 3.536133e+01 -2.035724e+01
      vertex   -2.100000e+01 3.339266e+01 -2.440387e+01
      vertex   -2.100000e+01 3.273593e+01 -2.403447e+01
    endloop
  endfacet
  facet normal -1.000000e+00 -0.000000e+00 0.000000e+00
    outer loop
      vertex   -2.100000e+01 3.536133e+01 -2.035724e+01
      vertex   -2.100000e+01 3.273593e+01 -2.403447e+01
      vertex   -2.100000e+01 3.504386e+01 -2.015577e+01
    endloop
  endfacet
  facet normal -1.000000e+00 0.000000e+00 0.000000e+00
    outer loop
      vertex   -2.100000e+01 3.504386e+01 -2.015577e+01
      vertex   -2.100000e+01 3.273593e+01 -2.403447e+01
      vertex   -2.100000e+01 3.213068e+01 -2.358567e+01
    endloop
  endfacet
  facet normal -1.000000e+00 0.000000e+00 0.000000e+00
    outer loop
      vertex   -2.100000e+01 3.504386e+01 -2.015577e+01
      vertex   -2.100000e+01 3.213068e+01 -2.358567e+01
      vertex   -2.100000e+01 3.158646e+01 -2.306456e+01
    endloop
  endfacet
  facet normal -1.000000e+00 -0.000000e+00 0.000000e+00
    outer loop
      vertex   -2.100000e+01 3.504386e+01 -2.015577e+01
      vertex   -2.100000e+01 3.158646e+01 -2.306456e+01
      vertex   -2.100000e+01 3.478647e+01 -1.988168e+01
    endloop
  endfacet
  facet normal -1.000000e+00 0.000000e+00 0.000000e+00
    outer loop
      vertex   -2.100000e+01 3.478647e+01 -1.988168e+01
      vertex   -2.100000e+01 3.158646e+01 -2.306456e+01
      vertex   -2.100000e+01 3.111184e+01 -2.247935e+01
    endloop
  endfacet
  facet normal -1.000000e+00 0.000000e+00 0.000000e+00
    outer loop
      vertex   -2.100000e+01 3.478647e+01 -1.988168e+01
      vertex   -2.100000e+01 3.111184e+01 -2.247935e+01
      vertex   -2.100000e+01 3.071430e+01 -2.183926e+01
    endloop
  endfacet
  facet normal -1.000000e+00 -0.000000e+00 0.000000e+00
    outer loop
      vertex   -2.100000e+01 3.478647e+01 -1.988168e+01
      vertex   -2.100000e+01 3.071430e+01 -2.183926e+01
      vertex   -2.100000e+01 3.460534e+01 -1.955219e+01
    endloop
  endfacet
  facet normal -1.000000e+00 0.000000e+00 0.000000e+00
    outer loop
      vertex   -2.100000e+01 3.460534e+01 -1.955219e+01
      vertex   -2.100000e+01 3.071430e+01 -2.183926e+01
      vertex   -2.100000e+01 3.040013e+01 -2.115440e+01
    endloop
  endfacet
  facet normal -1.000000e+00 0.000000e+00 0.000000e+00
    outer loop
      vertex   -2.100000e+01 3.460534e+01 -1.955219e+01
      vertex   -2.100000e+01 3.040013e+01 -2.115440e+01
      vertex   -2.100000e+01 3.017427e+01 -2.043556e+01
    endloop
  endfacet
  facet normal -1.000000e+00 -0.000000e+00 0.000000e+00
    outer loop
      vertex   -2.100000e+01 3.460534e+01 -1.955219e+01
      vertex   -2.100000e+01 3.017427e+01 -2.043556e+01
      vertex   -2.100000e+01 3.451183e+01 -1.918800e+01
    endloop
  endfacet
  facet normal -1.000000e+00 0.000000e+00 0.000000e+00
    outer loop
      vertex   -2.100000e+01 3.451183e+01 -1.918800e+01
      vertex   -2.100000e+01 3.017427e+01 -2.043556e+01
      vertex   -2.100000e+01 3.004028e+01 -1.969408e+01
    endloop
  endfacet
  facet normal -1.000000e+00 -0.000000e+00 0.000000e+00
    outer loop
      vertex   -2.100000e+01 3.451183e+01 -1.918800e+01
      vertex   -2.100000e+01 3.004028e+01 -1.969408e+01
      vertex   -2.100000e+01 3.000028e+01 -1.894166e+01
    endloop
  endfacet
  facet normal -1.000000e+00 0.000000e+00 0.000000e+00
    outer loop
      vertex   -2.100000e+01 3.451183e+01 -1.918800e+01
      vertex   -2.100000e+01 3.000028e+01 -1.894166e+01
      vertex   -2.100000e+01 3.451183e+01 -1.881200e+01
    endloop
  endfacet
  facet normal -1.000000e+00 -0.000000e+00 0.000000e+00
    outer loop
      vertex   -2.100000e+01 3.451183e+01 -1.881200e+01
      vertex   -2.100000e+01 3.000028e+01 -1.894166e+01
      vertex   -2.100000e+01 3.005491e+01 -1.819016e+01
    endloop
  endfacet
  facet normal -1.000000e+00 0.000000e+00 0.000000e+00
    outer loop
      vertex   -2.100000e+01 3.451183e+01 -1.881200e+01
      vertex   -2.100000e+01 3.005491e+01 -1.819016e+01
      vertex   -2.100000e+01 3.020328e+01 -1.745142e+01
    endloop
  endfacet
  facet normal -1.000000e+00 0.000000e+00 0.000000e+00
    outer loop
      vertex   -2.100000e+01 3.451183e+01 -1.881200e+01
      vertex   -2.100000e+01 3.020328e+01 -1.745142e+01
      vertex   -2.100000e+01 3.460534e+01 -1.844781e+01
    endloop
  endfacet
  facet normal -1.000000e+00 0.000000e+00 0.000000e+00
    outer loop
      vertex   -2.100000e+01 3.460534e+01 -1.844781e+01
      vertex   -2.100000e+01 3.020328e+01 -1.745142e+01
      vertex   -2.100000e+01 3.044308e+01 -1.673711e+01
    endloop
  endfacet
  facet normal -1.000000e+00 0.000000e+00 0.000000e+00
    outer loop
      vertex   -2.100000e+01 3.460534e+01 -1.844781e+01
      vertex   -2.100000e+01 3.044308e+01 -1.673711e+01
      vertex   -2.100000e+01 3.077051e+01 -1.605849e+01
    endloop
  endfacet
  facet normal -1.000000e+00 0.000000e+00 0.000000e+00
    outer loop
      vertex   -2.100000e+01 3.460534e+01 -1.844781e+01
      vertex   -2.100000e+01 3.077051e+01 -1.605849e+01
      vertex   -2.100000e+01 3.478647e+01 -1.811832e+01
    endloop
  endfacet
  facet normal -1.000000e+00 0.000000e+00 0.000000e+00
    outer loop
      vertex   -2.100000e+01 3.478647e+01 -1.811832e+01
      vertex   -2.100000e+01 3.077051e+01 -1.605849e+01
      vertex   -2.100000e+01 3.118042e+01 -1.542626e+01
    endloop
  endfacet
  facet normal -1.000000e+00 0.000000e+00 0.000000e+00
    outer loop
      vertex   -2.100000e+01 3.478647e+01 -1.811832e+01
      vertex   -2.100000e+01 3.118042e+01 -1.542626e+01
      vertex   -2.100000e+01 3.166633e+01 -1.485038e+01
    endloop
  endfacet
  facet normal -1.000000e+00 0.000000e+00 0.000000e+00
    outer loop
      vertex   -2.100000e+01 3.478647e+01 -1.811832e+01
      vertex   -2.100000e+01 3.166633e+01 -1.485038e+01
      vertex   -2.100000e+01 3.504386e+01 -1.784423e+01
    endloop
  endfacet
  facet normal -1.000000e+00 0.000000e+00 0.000000e+00
    outer loop
      vertex   -2.100000e+01 3.504386e+01 -1.784423e+01
      vertex   -2.100000e+01 3.166633e+01 -1.485038e+01
      vertex   -2.100000e+01 3.222059e+01 -1.433995e+01
    endloop
  endfacet
  facet normal -1.000000e+00 0.000000e+00 0.000000e+00
    outer loop
      vertex   -2.100000e+01 3.504386e+01 -1.784423e+01
      vertex   -2.100000e+01 3.222059e+01 -1.433995e+01
      vertex   -2.100000e+01 3.283445e+01 -1.390301e+01
    endloop
  endfacet
  facet normal -1.000000e+00 1.127851e-16 1.168717e-16
    outer loop
      vertex   -2.100000e+01 5.200000e+01 -2.000000e+00
      vertex   -2.100000e+01 3.680374e+01 -1.773351e+01
      vertex   -2.100000e+01 3.283445e+01 -1.390301e+01
    endloop
  endfacet
  facet normal -1.000000e+00 0.000000e+00 0.000000e+00
    outer loop
      vertex   -2.100000e+01 3.283445e+01 -1.390301e+01
      vertex   -2.100000e+01 3.680374e+01 -1.773351e+01
      vertex   -2.100000e+01 3.646353e+01 -1.757342e+01
    endloop
  endfacet
  facet normal -1.000000e+00 0.000000e+00 0.000000e+00
    outer loop
      vertex   -2.100000e+01 3.283445e+01 -1.390301e+01
      vertex   -2.100000e+01 3.646353e+01 -1.757342e+01
      vertex   -2.100000e+01 3.609419e+01 -1.750296e+01
    endloop
  endfacet
  facet normal -1.000000e+00 1.340053e-16 9.736055e-17
    outer loop
      vertex   -2.100000e+01 3.731446e+01 -1.827737e+01
      vertex   -2.100000e+01 3.709345e+01 -1.797318e+01
      vertex   -2.100000e+01 5.200000e+01 -2.000000e+00
    endloop
  endfacet
  facet normal -1.000000e+00 1.038356e-16 1.255156e-16
    outer loop
      vertex   -2.100000e+01 5.200000e+01 -2.000000e+00
      vertex   -2.100000e+01 3.709345e+01 -1.797318e+01
      vertex   -2.100000e+01 3.680374e+01 -1.773351e+01
    endloop
  endfacet
  facet normal -1.000000e+00 -0.000000e+00 0.000000e+00
    outer loop
      vertex   -2.100000e+01 3.609419e+01 -1.750296e+01
      vertex   -2.100000e+01 3.571893e+01 -1.752657e+01
      vertex   -2.100000e+01 3.283445e+01 -1.390301e+01
    endloop
  endfacet
  facet normal -1.000000e+00 0.000000e+00 0.000000e+00
    outer loop
      vertex   -2.100000e+01 3.283445e+01 -1.390301e+01
      vertex   -2.100000e+01 3.571893e+01 -1.752657e+01
      vertex   -2.100000e+01 3.536133e+01 -1.764276e+01
    endloop
  endfacet
  facet normal -1.000000e+00 0.000000e+00 0.000000e+00
    outer loop
      vertex   -2.100000e+01 3.283445e+01 -1.390301e+01
      vertex   -2.100000e+01 3.536133e+01 -1.764276e+01
      vertex   -2.100000e+01 3.504386e+01 -1.784423e+01
    endloop
  endfacet
  facet normal -1.016645e-15 5.275917e-01 -8.494981e-01
    outer loop
      vertex   -1.800000e+01 6.291443e+01 -9.347440e+00
      vertex   -1.800000e+01 3.916555e+01 -2.409699e+01
      vertex   -2.100000e+01 5.991443e+01 -1.121063e+01
    endloop
  endfacet
  facet normal 0.000000e+00 5.275917e-01 -8.494981e-01
    outer loop
      vertex   -2.100000e+01 5.991443e+01 -1.121063e+01
      vertex   -1.800000e+01 3.916555e+01 -2.409699e+01
      vertex   -2.100000e+01 3.916555e+01 -2.409699e+01
    endloop
  endfacet
  facet normal -9.984366e-01 -2.682095e-02 -4.904034e-02
    outer loop
      vertex   2.985186e+00 7.775433e+01 -2.702101e+00
      vertex   2.963405e+00 7.826453e+01 -2.537700e+00
      vertex   3.000000e+00 7.774754e+01 -3.000000e+00
    endloop
  endfacet
  facet normal -9.968817e-01 0.000000e+00 -7.891115e-02
    outer loop
      vertex   3.000000e+00 7.774754e+01 -3.000000e+00
      vertex   2.963405e+00 7.826453e+01 -2.537700e+00
      vertex   2.963405e+00 7.876453e+01 -2.537700e+00
    endloop
  endfacet
  facet normal -9.968817e-01 0.000000e+00 -7.891115e-02
    outer loop
      vertex   3.000000e+00 7.774754e+01 -3.000000e+00
      vertex   2.963405e+00 7.876453e+01 -2.537700e+00
      vertex   2.963405e+00 7.926453e+01 -2.537700e+00
    endloop
  endfacet
  facet normal -9.729035e-01 -0.000000e+00 -2.312117e-01
    outer loop
      vertex   2.963405e+00 7.926453e+01 -2.537700e+00
      vertex   2.963405e+00 7.876453e+01 -2.537700e+00
      vertex   2.853321e+00 7.879463e+01 -2.074482e+00
    endloop
  endfacet
  facet normal -9.729035e-01 0.000000e+00 -2.312117e-01
    outer loop
      vertex   2.963405e+00 7.926453e+01 -2.537700e+00
      vertex   2.853321e+00 7.879463e+01 -2.074482e+00
      vertex   2.853321e+00 7.929463e+01 -2.074482e+00
    endloop
  endfacet
  facet normal -9.235533e-01 -0.000000e+00 -3.834701e-01
    outer loop
      vertex   2.853321e+00 7.929463e+01 -2.074482e+00
      vertex   2.853321e+00 7.879463e+01 -2.074482e+00
      vertex   2.669657e+00 7.884216e+01 -1.632145e+00
    endloop
  endfacet
  facet normal -9.235533e-01 0.000000e+00 -3.834701e-01
    outer loop
      vertex   2.853321e+00 7.929463e+01 -2.074482e+00
      vertex   2.669657e+00 7.884216e+01 -1.632145e+00
      vertex   2.669657e+00 7.934216e+01 -1.632145e+00
    endloop
  endfacet
  facet normal -8.506981e-01 -0.000000e+00 -5.256546e-01
    outer loop
      vertex   2.669657e+00 7.934216e+01 -1.632145e+00
      vertex   2.669657e+00 7.884216e+01 -1.632145e+00
      vertex   2.420396e+00 7.890139e+01 -1.228750e+00
    endloop
  endfacet
  facet normal -8.506981e-01 0.000000e+00 -5.256546e-01
    outer loop
      vertex   2.669657e+00 7.934216e+01 -1.632145e+00
      vertex   2.420396e+00 7.890139e+01 -1.228750e+00
      vertex   2.420396e+00 7.940139e+01 -1.228750e+00
    endloop
  endfacet
  facet normal -7.603373e-01 -0.000000e+00 -6.495285e-01
    outer loop
      vertex   2.420396e+00 7.940139e+01 -1.228750e+00
      vertex   2.420396e+00 7.890139e+01 -1.228750e+00
      vertex   2.121480e+00 7.896455e+01 -8.788392e-01
    endloop
  endfacet
  facet normal -7.603373e-01 0.000000e+00 -6.495285e-01
    outer loop
      vertex   2.420396e+00 7.940139e+01 -1.228750e+00
      vertex   2.121480e+00 7.896455e+01 -8.788392e-01
      vertex   2.121480e+00 7.946455e+01 -8.788392e-01
    endloop
  endfacet
  facet normal -6.496350e-01 -0.000000e+00 -7.602462e-01
    outer loop
      vertex   2.121480e+00 7.946455e+01 -8.788392e-01
      vertex   2.121480e+00 7.896455e+01 -8.788392e-01
      vertex   1.771585e+00 7.902733e+01 -5.798524e-01
    endloop
  endfacet
  facet normal -6.496350e-01 0.000000e+00 -7.602462e-01
    outer loop
      vertex   2.121480e+00 7.946455e+01 -8.788392e-01
      vertex   1.771585e+00 7.902733e+01 -5.798524e-01
      vertex   1.771585e+00 7.952733e+01 -5.798524e-01
    endloop
  endfacet
  facet normal -5.257572e-01 -0.000000e+00 -8.506347e-01
    outer loop
      vertex   1.771585e+00 7.952733e+01 -5.798524e-01
      vertex   1.771585e+00 7.902733e+01 -5.798524e-01
      vertex   1.368124e+00 7.908559e+01 -3.304823e-01
    endloop
  endfacet
  facet normal -5.257572e-01 0.000000e+00 -8.506347e-01
    outer loop
      vertex   1.771585e+00 7.952733e+01 -5.798524e-01
      vertex   1.368124e+00 7.908559e+01 -3.304823e-01
      vertex   1.368124e+00 7.958559e+01 -3.304823e-01
    endloop
  endfacet
  facet normal -3.835442e-01 -0.000000e+00 -9.235225e-01
    outer loop
      vertex   1.368124e+00 7.958559e+01 -3.304823e-01
      vertex   1.368124e+00 7.908559e+01 -3.304823e-01
      vertex   9.256710e-01 7.913190e+01 -1.467291e-01
    endloop
  endfacet
  facet normal -3.835442e-01 0.000000e+00 -9.235225e-01
    outer loop
      vertex   1.368124e+00 7.958559e+01 -3.304823e-01
      vertex   9.256710e-01 7.913190e+01 -1.467291e-01
      vertex   9.256710e-01 7.963190e+01 -1.467291e-01
    endloop
  endfacet
  facet normal -2.312427e-01 -0.000000e+00 -9.728961e-01
    outer loop
      vertex   9.256710e-01 7.963190e+01 -1.467291e-01
      vertex   9.256710e-01 7.913190e+01 -1.467291e-01
      vertex   4.623470e-01 7.916101e+01 -3.660396e-02
    endloop
  endfacet
  facet normal -2.312427e-01 0.000000e+00 -9.728961e-01
    outer loop
      vertex   9.256710e-01 7.963190e+01 -1.467291e-01
      vertex   4.623470e-01 7.916101e+01 -3.660396e-02
      vertex   4.623470e-01 7.966101e+01 -3.660396e-02
    endloop
  endfacet
  facet normal -7.892285e-02 -0.000000e+00 -9.968807e-01
    outer loop
      vertex   4.623470e-01 7.966101e+01 -3.660396e-02
      vertex   4.623470e-01 7.916101e+01 -3.660396e-02
      vertex   2.163547e-13 7.917107e+01 -4.470348e-08
    endloop
  endfacet
  facet normal -7.892285e-02 0.000000e+00 -9.968807e-01
    outer loop
      vertex   4.623470e-01 7.966101e+01 -3.660396e-02
      vertex   2.163547e-13 7.917107e+01 -4.470348e-08
      vertex   2.163547e-13 7.967107e+01 -4.470348e-08
    endloop
  endfacet
  facet normal 7.892285e-02 0.000000e+00 -9.968807e-01
    outer loop
      vertex   2.163547e-13 7.967107e+01 -4.470348e-08
      vertex   2.163547e-13 7.917107e+01 -4.470348e-08
      vertex   -4.623470e-01 7.916101e+01 -3.660396e-02
    endloop
  endfacet
  facet normal 7.892285e-02 0.000000e+00 -9.968807e-01
    outer loop
      vertex   2.163547e-13 7.967107e+01 -4.470348e-08
      vertex   -4.623470e-01 7.916101e+01 -3.660396e-02
      vertex   -4.623470e-01 7.966101e+01 -3.660396e-02
    endloop
  endfacet
  facet normal 2.312427e-01 0.000000e+00 -9.728961e-01
    outer loop
      vertex   -4.623470e-01 7.966101e+01 -3.660396e-02
      vertex   -4.623470e-01 7.916101e+01 -3.660396e-02
      vertex   -9.256710e-01 7.913190e+01 -1.467291e-01
    endloop
  endfacet
  facet normal 2.312427e-01 0.000000e+00 -9.728961e-01
    outer loop
      vertex   -4.623470e-01 7.966101e+01 -3.660396e-02
      vertex   -9.256710e-01 7.913190e+01 -1.467291e-01
      vertex   -9.256710e-01 7.963190e+01 -1.467291e-01
    endloop
  endfacet
  facet normal 3.835442e-01 0.000000e+00 -9.235225e-01
    outer loop
      vertex   -9.256710e-01 7.963190e+01 -1.467291e-01
      vertex   -9.256710e-01 7.913190e+01 -1.467291e-01
      vertex   -1.368124e+00 7.908559e+01 -3.304823e-01
    endloop
  endfacet
  facet normal 3.835442e-01 0.000000e+00 -9.235225e-01
    outer loop
      vertex   -9.256710e-01 7.963190e+01 -1.467291e-01
      vertex   -1.368124e+00 7.908559e+01 -3.304823e-01
      vertex   -1.368124e+00 7.958559e+01 -3.304823e-01
    endloop
  endfacet
  facet normal 5.257572e-01 0.000000e+00 -8.506347e-01
    outer loop
      vertex   -1.368124e+00 7.958559e+01 -3.304823e-01
      vertex   -1.368124e+00 7.908559e+01 -3.304823e-01
      vertex   -1.771585e+00 7.902733e+01 -5.798524e-01
    endloop
  endfacet
  facet normal 5.257572e-01 0.000000e+00 -8.506347e-01
    outer loop
      vertex   -1.368124e+00 7.958559e+01 -3.304823e-01
      vertex   -1.771585e+00 7.902733e+01 -5.798524e-01
      vertex   -1.771585e+00 7.952733e+01 -5.798524e-01
    endloop
  endfacet
  facet normal 6.496350e-01 0.000000e+00 -7.602462e-01
    outer loop
      vertex   -1.771585e+00 7.952733e+01 -5.798524e-01
      vertex   -1.771585e+00 7.902733e+01 -5.798524e-01
      vertex   -2.121480e+00 7.896455e+01 -8.788392e-01
    endloop
  endfacet
  facet normal 6.496350e-01 0.000000e+00 -7.602462e-01
    outer loop
      vertex   -1.771585e+00 7.952733e+01 -5.798524e-01
      vertex   -2.121480e+00 7.896455e+01 -8.788392e-01
      vertex   -2.121480e+00 7.946455e+01 -8.788392e-01
    endloop
  endfacet
  facet normal 7.603373e-01 0.000000e+00 -6.495285e-01
    outer loop
      vertex   -2.121480e+00 7.946455e+01 -8.788392e-01
      vertex   -2.121480e+00 7.896455e+01 -8.788392e-01
      vertex   -2.420396e+00 7.890139e+01 -1.228750e+00
    endloop
  endfacet
  facet normal 7.603373e-01 0.000000e+00 -6.495285e-01
    outer loop
      vertex   -2.121480e+00 7.946455e+01 -8.788392e-01
      vertex   -2.420396e+00 7.890139e+01 -1.228750e+00
      vertex   -2.420396e+00 7.940139e+01 -1.228750e+00
    endloop
  endfacet
  facet normal 8.506981e-01 0.000000e+00 -5.256546e-01
    outer loop
      vertex   -2.420396e+00 7.940139e+01 -1.228750e+00
      vertex   -2.420396e+00 7.890139e+01 -1.228750e+00
      vertex   -2.669657e+00 7.884216e+01 -1.632145e+00
    endloop
  endfacet
  facet normal 8.506981e-01 0.000000e+00 -5.256546e-01
    outer loop
      vertex   -2.420396e+00 7.940139e+01 -1.228750e+00
      vertex   -2.669657e+00 7.884216e+01 -1.632145e+00
      vertex   -2.669657e+00 7.934216e+01 -1.632145e+00
    endloop
  endfacet
  facet normal 9.235533e-01 0.000000e+00 -3.834701e-01
    outer loop
      vertex   -2.669657e+00 7.934216e+01 -1.632145e+00
      vertex   -2.669657e+00 7.884216e+01 -1.632145e+00
      vertex   -2.853321e+00 7.879463e+01 -2.074482e+00
    endloop
  endfacet
  facet normal 9.235533e-01 0.000000e+00 -3.834701e-01
    outer loop
      vertex   -2.669657e+00 7.934216e+01 -1.632145e+00
      vertex   -2.853321e+00 7.879463e+01 -2.074482e+00
      vertex   -2.853321e+00 7.929463e+01 -2.074482e+00
    endloop
  endfacet
  facet normal 9.729035e-01 0.000000e+00 -2.312117e-01
    outer loop
      vertex   -2.853321e+00 7.929463e+01 -2.074482e+00
      vertex   -2.853321e+00 7.879463e+01 -2.074482e+00
      vertex   -2.963405e+00 7.876453e+01 -2.537700e+00
    endloop
  endfacet
  facet normal 9.729035e-01 0.000000e+00 -2.312117e-01
    outer loop
      vertex   -2.853321e+00 7.929463e+01 -2.074482e+00
      vertex   -2.963405e+00 7.876453e+01 -2.537700e+00
      vertex   -2.963405e+00 7.926453e+01 -2.537700e+00
    endloop
  endfacet
  facet normal 9.968817e-01 0.000000e+00 -7.891115e-02
    outer loop
      vertex   -2.963405e+00 7.926453e+01 -2.537700e+00
      vertex   -2.963405e+00 7.876453e+01 -2.537700e+00
      vertex   -3.000000e+00 7.875407e+01 -3.000000e+00
    endloop
  endfacet
  facet normal 9.968817e-01 0.000000e+00 -7.891115e-02
    outer loop
      vertex   -2.963405e+00 7.926453e+01 -2.537700e+00
      vertex   -3.000000e+00 7.875407e+01 -3.000000e+00
      vertex   -3.000000e+00 7.925407e+01 -3.000000e+00
    endloop
  endfacet
  facet normal 9.968817e-01 0.000000e+00 7.891115e-02
    outer loop
      vertex   -3.000000e+00 7.925407e+01 -3.000000e+00
      vertex   -3.000000e+00 7.875407e+01 -3.000000e+00
      vertex   -2.963405e+00 7.876453e+01 -3.462300e+00
    endloop
  endfacet
  facet normal 9.968817e-01 0.000000e+00 7.891115e-02
    outer loop
      vertex   -3.000000e+00 7.925407e+01 -3.000000e+00
      vertex   -2.963405e+00 7.876453e+01 -3.462300e+00
      vertex   -2.963405e+00 7.926453e+01 -3.462300e+00
    endloop
  endfacet
  facet normal 9.729035e-01 0.000000e+00 2.312117e-01
    outer loop
      vertex   -2.963405e+00 7.926453e+01 -3.462300e+00
      vertex   -2.963405e+00 7.876453e+01 -3.462300e+00
      vertex   -2.853321e+00 7.879463e+01 -3.925518e+00
    endloop
  endfacet
  facet normal 9.729035e-01 0.000000e+00 2.312117e-01
    outer loop
      vertex   -2.963405e+00 7.926453e+01 -3.462300e+00
      vertex   -2.853321e+00 7.879463e+01 -3.925518e+00
      vertex   -2.853321e+00 7.929463e+01 -3.925518e+00
    endloop
  endfacet
  facet normal 9.235533e-01 0.000000e+00 3.834701e-01
    outer loop
      vertex   -2.853321e+00 7.929463e+01 -3.925518e+00
      vertex   -2.853321e+00 7.879463e+01 -3.925518e+00
      vertex   -2.669657e+00 7.884216e+01 -4.367855e+00
    endloop
  endfacet
  facet normal 9.235533e-01 0.000000e+00 3.834701e-01
    outer loop
      vertex   -2.853321e+00 7.929463e+01 -3.925518e+00
      vertex   -2.669657e+00 7.884216e+01 -4.367855e+00
      vertex   -2.669657e+00 7.934216e+01 -4.367855e+00
    endloop
  endfacet
  facet normal 8.506981e-01 0.000000e+00 5.256546e-01
    outer loop
      vertex   -2.669657e+00 7.934216e+01 -4.367855e+00
      vertex   -2.669657e+00 7.884216e+01 -4.367855e+00
      vertex   -2.420396e+00 7.890139e+01 -4.771250e+00
    endloop
  endfacet
  facet normal 8.506981e-01 0.000000e+00 5.256546e-01
    outer loop
      vertex   -2.669657e+00 7.934216e+01 -4.367855e+00
      vertex   -2.420396e+00 7.890139e+01 -4.771250e+00
      vertex   -2.420396e+00 7.940139e+01 -4.771250e+00
    endloop
  endfacet
  facet normal 7.603373e-01 0.000000e+00 6.495285e-01
    outer loop
      vertex   -2.420396e+00 7.940139e+01 -4.771250e+00
      vertex   -2.420396e+00 7.890139e+01 -4.771250e+00
      vertex   -2.121480e+00 7.896455e+01 -5.121161e+00
    endloop
  endfacet
  facet normal 7.603373e-01 0.000000e+00 6.495285e-01
    outer loop
      vertex   -2.420396e+00 7.940139e+01 -4.771250e+00
      vertex   -2.121480e+00 7.896455e+01 -5.121161e+00
      vertex   -2.121480e+00 7.946455e+01 -5.121161e+00
    endloop
  endfacet
  facet normal 6.496350e-01 0.000000e+00 7.602462e-01
    outer loop
      vertex   -2.121480e+00 7.946455e+01 -5.121161e+00
      vertex   -2.121480e+00 7.896455e+01 -5.121161e+00
      vertex   -1.771585e+00 7.902733e+01 -5.420148e+00
    endloop
  endfacet
  facet normal 6.496350e-01 0.000000e+00 7.602462e-01
    outer loop
      vertex   -2.121480e+00 7.946455e+01 -5.121161e+00
      vertex   -1.771585e+00 7.902733e+01 -5.420148e+00
      vertex   -1.771585e+00 7.952733e+01 -5.420148e+00
    endloop
  endfacet
  facet normal 5.257572e-01 0.000000e+00 8.506347e-01
    outer loop
      vertex   -1.771585e+00 7.952733e+01 -5.420148e+00
      vertex   -1.771585e+00 7.902733e+01 -5.420148e+00
      vertex   -1.368124e+00 7.908559e+01 -5.669518e+00
    endloop
  endfacet
  facet normal 5.257572e-01 0.000000e+00 8.506347e-01
    outer loop
      vertex   -1.771585e+00 7.952733e+01 -5.420148e+00
      vertex   -1.368124e+00 7.908559e+01 -5.669518e+00
      vertex   -1.368124e+00 7.958559e+01 -5.669518e+00
    endloop
  endfacet
  facet normal 3.835442e-01 0.000000e+00 9.235225e-01
    outer loop
      vertex   -1.368124e+00 7.958559e+01 -5.669518e+00
      vertex   -1.368124e+00 7.908559e+01 -5.669518e+00
      vertex   -9.256710e-01 7.913190e+01 -5.853271e+00
    endloop
  endfacet
  facet normal 3.835442e-01 0.000000e+00 9.235225e-01
    outer loop
      vertex   -1.368124e+00 7.958559e+01 -5.669518e+00
      vertex   -9.256710e-01 7.913190e+01 -5.853271e+00
      vertex   -9.256710e-01 7.963190e+01 -5.853271e+00
    endloop
  endfacet
  facet normal 2.312427e-01 0.000000e+00 9.728961e-01
    outer loop
      vertex   -9.256710e-01 7.963190e+01 -5.853271e+00
      vertex   -9.256710e-01 7.913190e+01 -5.853271e+00
      vertex   -4.623470e-01 7.916101e+01 -5.963396e+00
    endloop
  endfacet
  facet normal 2.312427e-01 0.000000e+00 9.728961e-01
    outer loop
      vertex   -9.256710e-01 7.963190e+01 -5.853271e+00
      vertex   -4.623470e-01 7.916101e+01 -5.963396e+00
      vertex   -4.623470e-01 7.966101e+01 -5.963396e+00
    endloop
  endfacet
  facet normal 7.892285e-02 0.000000e+00 9.968807e-01
    outer loop
      vertex   -4.623470e-01 7.966101e+01 -5.963396e+00
      vertex   -4.623470e-01 7.916101e+01 -5.963396e+00
      vertex   2.167710e-13 7.917107e+01 -6.000000e+00
    endloop
  endfacet
  facet normal 7.892285e-02 0.000000e+00 9.968807e-01
    outer loop
      vertex   -4.623470e-01 7.966101e+01 -5.963396e+00
      vertex   2.167710e-13 7.917107e+01 -6.000000e+00
      vertex   2.167710e-13 7.967107e+01 -6.000000e+00
    endloop
  endfacet
  facet normal -7.892285e-02 0.000000e+00 9.968807e-01
    outer loop
      vertex   2.167710e-13 7.967107e+01 -6.000000e+00
      vertex   2.167710e-13 7.917107e+01 -6.000000e+00
      vertex   4.623470e-01 7.916101e+01 -5.963396e+00
    endloop
  endfacet
  facet normal -7.892285e-02 0.000000e+00 9.968807e-01
    outer loop
      vertex   2.167710e-13 7.967107e+01 -6.000000e+00
      vertex   4.623470e-01 7.916101e+01 -5.963396e+00
      vertex   4.623470e-01 7.966101e+01 -5.963396e+00
    endloop
  endfacet
  facet normal -2.312427e-01 0.000000e+00 9.728961e-01
    outer loop
      vertex   4.623470e-01 7.966101e+01 -5.963396e+00
      vertex   4.623470e-01 7.916101e+01 -5.963396e+00
      vertex   9.256710e-01 7.913190e+01 -5.853271e+00
    endloop
  endfacet
  facet normal -2.312427e-01 0.000000e+00 9.728961e-01
    outer loop
      vertex   4.623470e-01 7.966101e+01 -5.963396e+00
      vertex   9.256710e-01 7.913190e+01 -5.853271e+00
      vertex   9.256710e-01 7.963190e+01 -5.853271e+00
    endloop
  endfacet
  facet normal -3.835442e-01 0.000000e+00 9.235225e-01
    outer loop
      vertex   9.256710e-01 7.963190e+01 -5.853271e+00
      vertex   9.256710e-01 7.913190e+01 -5.853271e+00
      vertex   1.368124e+00 7.908559e+01 -5.669518e+00
    endloop
  endfacet
  facet normal -3.835442e-01 0.000000e+00 9.235225e-01
    outer loop
      vertex   9.256710e-01 7.963190e+01 -5.853271e+00
      vertex   1.368124e+00 7.908559e+01 -5.669518e+00
      vertex   1.368124e+00 7.958559e+01 -5.669518e+00
    endloop
  endfacet
  facet normal -5.257572e-01 0.000000e+00 8.506347e-01
    outer loop
      vertex   1.368124e+00 7.958559e+01 -5.669518e+00
      vertex   1.368124e+00 7.908559e+01 -5.669518e+00
      vertex   1.771585e+00 7.902733e+01 -5.420148e+00
    endloop
  endfacet
  facet normal -5.257572e-01 0.000000e+00 8.506347e-01
    outer loop
      vertex   1.368124e+00 7.958559e+01 -5.669518e+00
      vertex   1.771585e+00 7.902733e+01 -5.420148e+00
      vertex   1.771585e+00 7.952733e+01 -5.420148e+00
    endloop
  endfacet
  facet normal -6.496350e-01 0.000000e+00 7.602462e-01
    outer loop
      vertex   1.771585e+00 7.952733e+01 -5.420148e+00
      vertex   1.771585e+00 7.902733e+01 -5.420148e+00
      vertex   2.121480e+00 7.896455e+01 -5.121161e+00
    endloop
  endfacet
  facet normal -6.496350e-01 0.000000e+00 7.602462e-01
    outer loop
      vertex   1.771585e+00 7.952733e+01 -5.420148e+00
      vertex   2.121480e+00 7.896455e+01 -5.121161e+00
      vertex   2.121480e+00 7.946455e+01 -5.121161e+00
    endloop
  endfacet
  facet normal -7.603373e-01 0.000000e+00 6.495285e-01
    outer loop
      vertex   2.121480e+00 7.946455e+01 -5.121161e+00
      vertex   2.121480e+00 7.896455e+01 -5.121161e+00
      vertex   2.420396e+00 7.890139e+01 -4.771250e+00
    endloop
  endfacet
  facet normal -7.603373e-01 0.000000e+00 6.495285e-01
    outer loop
      vertex   2.121480e+00 7.946455e+01 -5.121161e+00
      vertex   2.420396e+00 7.890139e+01 -4.771250e+00
      vertex   2.420396e+00 7.940139e+01 -4.771250e+00
    endloop
  endfacet
  facet normal -8.506981e-01 0.000000e+00 5.256546e-01
    outer loop
      vertex   2.420396e+00 7.940139e+01 -4.771250e+00
      vertex   2.420396e+00 7.890139e+01 -4.771250e+00
      vertex   2.669657e+00 7.884216e+01 -4.367855e+00
    endloop
  endfacet
  facet normal -8.506981e-01 0.000000e+00 5.256546e-01
    outer loop
      vertex   2.420396e+00 7.940139e+01 -4.771250e+00
      vertex   2.669657e+00 7.884216e+01 -4.367855e+00
      vertex   2.669657e+00 7.934216e+01 -4.367855e+00
    endloop
  endfacet
  facet normal -9.235533e-01 0.000000e+00 3.834701e-01
    outer loop
      vertex   2.669657e+00 7.934216e+01 -4.367855e+00
      vertex   2.669657e+00 7.884216e+01 -4.367855e+00
      vertex   2.853321e+00 7.879463e+01 -3.925518e+00
    endloop
  endfacet
  facet normal -9.235533e-01 0.000000e+00 3.834701e-01
    outer loop
      vertex   2.669657e+00 7.934216e+01 -4.367855e+00
      vertex   2.853321e+00 7.879463e+01 -3.925518e+00
      vertex   2.853321e+00 7.929463e+01 -3.925518e+00
    endloop
  endfacet
  facet normal -9.729035e-01 0.000000e+00 2.312117e-01
    outer loop
      vertex   2.853321e+00 7.929463e+01 -3.925518e+00
      vertex   2.853321e+00 7.879463e+01 -3.925518e+00
      vertex   2.963405e+00 7.876453e+01 -3.462300e+00
    endloop
  endfacet
  facet normal -9.729035e-01 0.000000e+00 2.312117e-01
    outer loop
      vertex   2.853321e+00 7.929463e+01 -3.925518e+00
      vertex   2.963405e+00 7.876453e+01 -3.462300e+00
      vertex   2.963405e+00 7.926453e+01 -3.462300e+00
    endloop
  endfacet
  facet normal -9.913529e-01 0.000000e+00 1.312232e-01
    outer loop
      vertex   2.963405e+00 7.926453e+01 -3.462300e+00
      vertex   2.963405e+00 7.876453e+01 -3.462300e+00
      vertex   2.985243e+00 7.775429e+01 -3.297320e+00
    endloop
  endfacet
  facet normal -9.913529e-01 0.000000e+00 1.312232e-01
    outer loop
      vertex   2.963405e+00 7.926453e+01 -3.462300e+00
      vertex   2.985243e+00 7.775429e+01 -3.297320e+00
      vertex   2.963405e+00 7.976453e+01 -3.462300e+00
    endloop
  endfacet
  facet normal -9.916252e-01 -1.731832e-04 1.291490e-01
    outer loop
      vertex   2.963405e+00 7.976453e+01 -3.462300e+00
      vertex   2.985243e+00 7.775429e+01 -3.297320e+00
      vertex   2.985716e+00 8.225821e+01 -3.287650e+00
    endloop
  endfacet
  facet normal -9.919390e-01 0.000000e+00 1.267164e-01
    outer loop
      vertex   2.963405e+00 7.976453e+01 -3.462300e+00
      vertex   2.985716e+00 8.225821e+01 -3.287650e+00
      vertex   2.963405e+00 8.026453e+01 -3.462300e+00
    endloop
  endfacet
  facet normal -9.919390e-01 0.000000e+00 1.267164e-01
    outer loop
      vertex   2.963405e+00 8.026453e+01 -3.462300e+00
      vertex   2.985716e+00 8.225821e+01 -3.287650e+00
      vertex   2.963405e+00 8.076453e+01 -3.462300e+00
    endloop
  endfacet
  facet normal -9.729035e-01 0.000000e+00 2.312117e-01
    outer loop
      vertex   2.963405e+00 8.026453e+01 -3.462300e+00
      vertex   2.963405e+00 8.076453e+01 -3.462300e+00
      vertex   2.853321e+00 8.079463e+01 -3.925518e+00
    endloop
  endfacet
  facet normal -9.729035e-01 0.000000e+00 2.312117e-01
    outer loop
      vertex   2.853321e+00 8.079463e+01 -3.925518e+00
      vertex   2.963405e+00 8.076453e+01 -3.462300e+00
      vertex   2.853321e+00 8.129463e+01 -3.925518e+00
    endloop
  endfacet
  facet normal -9.235533e-01 0.000000e+00 3.834701e-01
    outer loop
      vertex   2.853321e+00 8.079463e+01 -3.925518e+00
      vertex   2.853321e+00 8.129463e+01 -3.925518e+00
      vertex   2.669657e+00 8.134216e+01 -4.367855e+00
    endloop
  endfacet
  facet normal -9.235533e-01 0.000000e+00 3.834701e-01
    outer loop
      vertex   2.669657e+00 8.134216e+01 -4.367855e+00
      vertex   2.853321e+00 8.129463e+01 -3.925518e+00
      vertex   2.669657e+00 8.184216e+01 -4.367855e+00
    endloop
  endfacet
  facet normal -8.506981e-01 0.000000e+00 5.256546e-01
    outer loop
      vertex   2.669657e+00 8.134216e+01 -4.367855e+00
      vertex   2.669657e+00 8.184216e+01 -4.367855e+00
      vertex   2.420396e+00 8.190139e+01 -4.771250e+00
    endloop
  endfacet
  facet normal -8.497174e-01 1.370259e-02 5.270603e-01
    outer loop
      vertex   2.420396e+00 8.190139e+01 -4.771250e+00
      vertex   2.669657e+00 8.184216e+01 -4.367855e+00
      vertex   2.488002e+00 8.238591e+01 -4.674853e+00
    endloop
  endfacet
  facet normal -8.025402e-01 -6.707395e-03 5.965604e-01
    outer loop
      vertex   2.420396e+00 8.190139e+01 -4.771250e+00
      vertex   2.488002e+00 8.238591e+01 -4.674853e+00
      vertex   2.313247e+00 8.242503e+01 -4.909508e+00
    endloop
  endfacet
  facet normal -9.888840e-01 5.661527e-03 -1.485809e-01
    outer loop
      vertex   2.985186e+00 7.775433e+01 -2.702101e+00
      vertex   2.941268e+00 7.777420e+01 -2.409050e+00
      vertex   2.963405e+00 7.826453e+01 -2.537700e+00
    endloop
  endfacet
  facet normal -9.730117e-01 -1.646102e-02 -2.301680e-01
    outer loop
      vertex   2.963405e+00 7.826453e+01 -2.537700e+00
      vertex   2.941268e+00 7.777420e+01 -2.409050e+00
      vertex   2.853321e+00 7.829463e+01 -2.074482e+00
    endloop
  endfacet
  facet normal -9.729035e-01 0.000000e+00 -2.312117e-01
    outer loop
      vertex   2.963405e+00 7.826453e+01 -2.537700e+00
      vertex   2.853321e+00 7.829463e+01 -2.074482e+00
      vertex   2.963405e+00 7.876453e+01 -2.537700e+00
    endloop
  endfacet
  facet normal -9.729035e-01 0.000000e+00 -2.312117e-01
    outer loop
      vertex   2.963405e+00 7.876453e+01 -2.537700e+00
      vertex   2.853321e+00 7.829463e+01 -2.074482e+00
      vertex   2.853321e+00 7.879463e+01 -2.074482e+00
    endloop
  endfacet
  facet normal -9.696902e-01 -6.852293e-03 -2.442416e-01
    outer loop
      vertex   2.941268e+00 7.777420e+01 -2.409050e+00
      vertex   2.869032e+00 7.780587e+01 -2.123146e+00
      vertex   2.853321e+00 7.829463e+01 -2.074482e+00
    endloop
  endfacet
  facet normal -9.406219e-01 3.560333e-03 -3.394374e-01
    outer loop
      vertex   2.853321e+00 7.829463e+01 -2.074482e+00
      vertex   2.869032e+00 7.780587e+01 -2.123146e+00
      vertex   2.769246e+00 7.784800e+01 -1.846184e+00
    endloop
  endfacet
  facet normal -9.241472e-01 -2.102005e-02 -3.814578e-01
    outer loop
      vertex   2.853321e+00 7.829463e+01 -2.074482e+00
      vertex   2.769246e+00 7.784800e+01 -1.846184e+00
      vertex   2.669657e+00 7.834216e+01 -1.632145e+00
    endloop
  endfacet
  facet normal -9.028008e-01 4.323256e-03 -4.300371e-01
    outer loop
      vertex   2.669657e+00 7.834216e+01 -1.632145e+00
      vertex   2.769246e+00 7.784800e+01 -1.846184e+00
      vertex   2.643040e+00 7.789896e+01 -1.580721e+00
    endloop
  endfacet
  facet normal -8.577005e-01 -8.137187e-03 -5.140852e-01
    outer loop
      vertex   2.669657e+00 7.834216e+01 -1.632145e+00
      vertex   2.643040e+00 7.789896e+01 -1.580721e+00
      vertex   2.492293e+00 7.795625e+01 -1.330122e+00
    endloop
  endfacet
  facet normal -8.517563e-01 -1.832924e-02 -5.236174e-01
    outer loop
      vertex   2.669657e+00 7.834216e+01 -1.632145e+00
      vertex   2.492293e+00 7.795625e+01 -1.330122e+00
      vertex   2.420396e+00 7.840139e+01 -1.228750e+00
    endloop
  endfacet
  facet normal -8.018852e-01 6.538348e-03 -5.974424e-01
    outer loop
      vertex   2.420396e+00 7.840139e+01 -1.228750e+00
      vertex   2.492293e+00 7.795625e+01 -1.330122e+00
      vertex   2.318384e+00 7.801762e+01 -1.096030e+00
    endloop
  endfacet
  facet normal -7.620564e-01 -2.124318e-02 -6.471621e-01
    outer loop
      vertex   2.420396e+00 7.840139e+01 -1.228750e+00
      vertex   2.318384e+00 7.801762e+01 -1.096030e+00
      vertex   2.121480e+00 7.846455e+01 -8.788392e-01
    endloop
  endfacet
  facet normal -7.410791e-01 -2.142443e-04 -6.714177e-01
    outer loop
      vertex   2.121480e+00 7.846455e+01 -8.788392e-01
      vertex   2.318384e+00 7.801762e+01 -1.096030e+00
      vertex   2.122668e+00 7.808079e+01 -8.800281e-01
    endloop
  endfacet
  facet normal -6.723255e-01 2.118966e-04 -7.402556e-01
    outer loop
      vertex   2.121480e+00 7.846455e+01 -8.788392e-01
      vertex   2.122668e+00 7.808079e+01 -8.800281e-01
      vertex   1.906692e+00 7.814345e+01 -6.838533e-01
    endloop
  endfacet
  facet normal -6.519442e-01 -2.412541e-02 -7.578830e-01
    outer loop
      vertex   2.121480e+00 7.846455e+01 -8.788392e-01
      vertex   1.906692e+00 7.814345e+01 -6.838533e-01
      vertex   1.771585e+00 7.852733e+01 -5.798524e-01
    endloop
  endfacet
  facet normal -5.959546e-01 7.797890e-03 -8.029803e-01
    outer loop
      vertex   1.771585e+00 7.852733e+01 -5.798524e-01
      vertex   1.906692e+00 7.814345e+01 -6.838533e-01
      vertex   1.672517e+00 7.820325e+01 -5.094733e-01
    endloop
  endfacet
  facet normal -5.280144e-01 -2.294821e-02 -8.489253e-01
    outer loop
      vertex   1.771585e+00 7.852733e+01 -5.798524e-01
      vertex   1.672517e+00 7.820325e+01 -5.094733e-01
      vertex   1.368124e+00 7.858559e+01 -3.304823e-01
    endloop
  endfacet
  facet normal -5.182602e-01 -1.227565e-02 -8.551349e-01
    outer loop
      vertex   1.368124e+00 7.858559e+01 -3.304823e-01
      vertex   1.672517e+00 7.820325e+01 -5.094733e-01
      vertex   1.421763e+00 7.825823e+01 -3.582911e-01
    endloop
  endfacet
  facet normal -4.291719e-01 6.404537e-03 -9.032001e-01
    outer loop
      vertex   1.368124e+00 7.858559e+01 -3.304823e-01
      vertex   1.421763e+00 7.825823e+01 -3.582911e-01
      vertex   1.156008e+00 7.830645e+01 -2.316708e-01
    endloop
  endfacet
  facet normal -3.862630e-01 -3.278739e-02 -9.218058e-01
    outer loop
      vertex   1.368124e+00 7.858559e+01 -3.304823e-01
      vertex   1.156008e+00 7.830645e+01 -2.316708e-01
      vertex   9.256710e-01 7.863190e+01 -1.467291e-01
    endloop
  endfacet
  facet normal -3.387708e-01 5.795471e-03 -9.408511e-01
    outer loop
      vertex   9.256710e-01 7.863190e+01 -1.467291e-01
      vertex   1.156008e+00 7.830645e+01 -2.316708e-01
      vertex   8.781425e-01 7.834588e+01 -1.313774e-01
    endloop
  endfacet
  facet normal -2.463955e-01 -1.107107e-02 -9.691061e-01
    outer loop
      vertex   9.256710e-01 7.863190e+01 -1.467291e-01
      vertex   8.781425e-01 7.834588e+01 -1.313774e-01
      vertex   5.917795e-01 7.837509e+01 -5.890330e-02
    endloop
  endfacet
  facet normal -2.329023e-01 -2.962077e-02 -9.720489e-01
    outer loop
      vertex   9.256710e-01 7.863190e+01 -1.467291e-01
      vertex   5.917795e-01 7.837509e+01 -5.890330e-02
      vertex   4.623470e-01 7.866101e+01 -3.660396e-02
    endloop
  endfacet
  facet normal -1.479196e-01 1.016820e-02 -9.889471e-01
    outer loop
      vertex   4.623470e-01 7.866101e+01 -3.660396e-02
      vertex   5.917795e-01 7.837509e+01 -5.890330e-02
      vertex   2.988090e-01 7.839324e+01 -1.489626e-02
    endloop
  endfacet
  facet normal -7.957748e-02 -3.216851e-02 -9.963095e-01
    outer loop
      vertex   4.623470e-01 7.866101e+01 -3.660396e-02
      vertex   2.988090e-01 7.839324e+01 -1.489626e-02
      vertex   2.163547e-13 7.867107e+01 -4.470348e-08
    endloop
  endfacet
  facet normal -4.999168e-02 -2.173053e-04 -9.987496e-01
    outer loop
      vertex   2.163547e-13 7.867107e+01 -4.470348e-08
      vertex   2.988090e-01 7.839324e+01 -1.489626e-02
      vertex   1.164188e-03 7.839948e+01 7.738766e-07
    endloop
  endfacet
  facet normal 4.909042e-02 2.074213e-04 -9.987943e-01
    outer loop
      vertex   2.163547e-13 7.867107e+01 -4.470348e-08
      vertex   1.164188e-03 7.839948e+01 7.738766e-07
      vertex   -2.959962e-01 7.839333e+01 -1.460584e-02
    endloop
  endfacet
  facet normal 7.958228e-02 -3.242017e-02 -9.963010e-01
    outer loop
      vertex   2.163547e-13 7.867107e+01 -4.470348e-08
      vertex   -2.959962e-01 7.839333e+01 -1.460584e-02
      vertex   -4.623470e-01 7.866101e+01 -3.660396e-02
    endloop
  endfacet
  facet normal 1.470129e-01 1.007831e-02 -9.890832e-01
    outer loop
      vertex   -4.623470e-01 7.866101e+01 -3.660396e-02
      vertex   -2.959962e-01 7.839333e+01 -1.460584e-02
      vertex   -5.888617e-01 7.837534e+01 -5.831940e-02
    endloop
  endfacet
  facet normal 2.328825e-01 -2.924444e-02 -9.720651e-01
    outer loop
      vertex   -4.623470e-01 7.866101e+01 -3.660396e-02
      vertex   -5.888617e-01 7.837534e+01 -5.831940e-02
      vertex   -9.256710e-01 7.863190e+01 -1.467291e-01
    endloop
  endfacet
  facet normal 2.455532e-01 -1.166206e-02 -9.693130e-01
    outer loop
      vertex   -9.256710e-01 7.863190e+01 -1.467291e-01
      vertex   -5.888617e-01 7.837534e+01 -5.831940e-02
      vertex   -8.755363e-01 7.834623e+01 -1.305916e-01
    endloop
  endfacet
  facet normal 3.378921e-01 6.133280e-03 -9.411649e-01
    outer loop
      vertex   -9.256710e-01 7.863190e+01 -1.467291e-01
      vertex   -8.755363e-01 7.834623e+01 -1.305916e-01
      vertex   -1.153831e+00 7.830679e+01 -2.307605e-01
    endloop
  endfacet
  facet normal 3.862654e-01 -3.281827e-02 -9.218037e-01
    outer loop
      vertex   -9.256710e-01 7.863190e+01 -1.467291e-01
      vertex   -1.153831e+00 7.830679e+01 -2.307605e-01
      vertex   -1.368124e+00 7.858559e+01 -3.304823e-01
    endloop
  endfacet
  facet normal 4.284550e-01 6.140895e-03 -9.035422e-01
    outer loop
      vertex   -1.368124e+00 7.858559e+01 -3.304823e-01
      vertex   -1.153831e+00 7.830679e+01 -2.307605e-01
      vertex   -1.419450e+00 7.825865e+01 -3.570428e-01
    endloop
  endfacet
  facet normal 5.174053e-01 -1.171327e-02 -8.556603e-01
    outer loop
      vertex   -1.368124e+00 7.858559e+01 -3.304823e-01
      vertex   -1.419450e+00 7.825865e+01 -3.570428e-01
      vertex   -1.670207e+00 7.820378e+01 -5.079207e-01
    endloop
  endfacet
  facet normal 5.280443e-01 -2.327324e-02 -8.488979e-01
    outer loop
      vertex   -1.368124e+00 7.858559e+01 -3.304823e-01
      vertex   -1.670207e+00 7.820378e+01 -5.079207e-01
      vertex   -1.771585e+00 7.852733e+01 -5.798524e-01
    endloop
  endfacet
  facet normal 5.952000e-01 7.852375e-03 -8.035392e-01
    outer loop
      vertex   -1.771585e+00 7.852733e+01 -5.798524e-01
      vertex   -1.670207e+00 7.820378e+01 -5.079207e-01
      vertex   -1.904503e+00 7.814405e+01 -6.820533e-01
    endloop
  endfacet
  facet normal 6.519325e-01 -2.399207e-02 -7.578973e-01
    outer loop
      vertex   -1.771585e+00 7.852733e+01 -5.798524e-01
      vertex   -1.904503e+00 7.814405e+01 -6.820533e-01
      vertex   -2.121480e+00 7.846455e+01 -8.788392e-01
    endloop
  endfacet
  facet normal 6.716858e-01 -1.440753e-04 -7.408362e-01
    outer loop
      vertex   -2.121480e+00 7.846455e+01 -8.788392e-01
      vertex   -1.904503e+00 7.814405e+01 -6.820533e-01
      vertex   -2.120681e+00 7.808140e+01 -8.780400e-01
    endloop
  endfacet
  facet normal 7.404022e-01 1.424928e-04 -6.721641e-01
    outer loop
      vertex   -2.121480e+00 7.846455e+01 -8.788392e-01
      vertex   -2.120681e+00 7.808140e+01 -8.780400e-01
      vertex   -2.316625e+00 7.801820e+01 -1.093890e+00
    endloop
  endfacet
  facet normal 7.620665e-01 -2.138315e-02 -6.471455e-01
    outer loop
      vertex   -2.121480e+00 7.846455e+01 -8.788392e-01
      vertex   -2.316625e+00 7.801820e+01 -1.093890e+00
      vertex   -2.420396e+00 7.840139e+01 -1.228750e+00
    endloop
  endfacet
  facet normal 8.013504e-01 6.495609e-03 -5.981600e-01
    outer loop
      vertex   -2.420396e+00 7.840139e+01 -1.228750e+00
      vertex   -2.316625e+00 7.801820e+01 -1.093890e+00
      vertex   -2.490807e+00 7.795679e+01 -1.327907e+00
    endloop
  endfacet
  facet normal 8.517451e-01 -1.810447e-02 -5.236435e-01
    outer loop
      vertex   -2.420396e+00 7.840139e+01 -1.228750e+00
      vertex   -2.490807e+00 7.795679e+01 -1.327907e+00
      vertex   -2.669657e+00 7.834216e+01 -1.632145e+00
    endloop
  endfacet
  facet normal 8.572949e-01 -8.512054e-03 -5.147553e-01
    outer loop
      vertex   -2.669657e+00 7.834216e+01 -1.632145e+00
      vertex   -2.490807e+00 7.795679e+01 -1.327907e+00
      vertex   -2.641858e+00 7.789941e+01 -1.578525e+00
    endloop
  endfacet
  facet normal 9.024128e-01 4.482475e-03 -4.308492e-01
    outer loop
      vertex   -2.669657e+00 7.834216e+01 -1.632145e+00
      vertex   -2.641858e+00 7.789941e+01 -1.578525e+00
      vertex   -2.768268e+00 7.784844e+01 -1.843822e+00
    endloop
  endfacet
  facet normal 9.241475e-01 -2.103496e-02 -3.814564e-01
    outer loop
      vertex   -2.669657e+00 7.834216e+01 -1.632145e+00
      vertex   -2.768268e+00 7.784844e+01 -1.843822e+00
      vertex   -2.853321e+00 7.829463e+01 -2.074482e+00
    endloop
  endfacet
  facet normal 9.403413e-01 3.371198e-03 -3.402160e-01
    outer loop
      vertex   -2.853321e+00 7.829463e+01 -2.074482e+00
      vertex   -2.768268e+00 7.784844e+01 -1.843822e+00
      vertex   -2.868230e+00 7.780622e+01 -2.120531e+00
    endloop
  endfacet
  facet normal 9.694882e-01 -6.490795e-03 -2.450520e-01
    outer loop
      vertex   -2.853321e+00 7.829463e+01 -2.074482e+00
      vertex   -2.868230e+00 7.780622e+01 -2.120531e+00
      vertex   -2.940771e+00 7.777435e+01 -2.406675e+00
    endloop
  endfacet
  facet normal 9.730115e-01 -1.659183e-02 -2.301594e-01
    outer loop
      vertex   -2.853321e+00 7.829463e+01 -2.074482e+00
      vertex   -2.940771e+00 7.777435e+01 -2.406675e+00
      vertex   -2.963405e+00 7.826453e+01 -2.537700e+00
    endloop
  endfacet
  facet normal 9.887782e-01 5.755075e-03 -1.492804e-01
    outer loop
      vertex   -2.963405e+00 7.826453e+01 -2.537700e+00
      vertex   -2.940771e+00 7.777435e+01 -2.406675e+00
      vertex   -2.985010e+00 7.775436e+01 -2.700470e+00
    endloop
  endfacet
  facet normal 9.967653e-01 -1.716127e-02 -7.851369e-02
    outer loop
      vertex   -2.963405e+00 7.826453e+01 -2.537700e+00
      vertex   -2.985010e+00 7.775436e+01 -2.700470e+00
      vertex   -3.000000e+00 7.825407e+01 -3.000000e+00
    endloop
  endfacet
  facet normal 9.987264e-01 -2.831579e-04 -5.045372e-02
    outer loop
      vertex   -3.000000e+00 7.825407e+01 -3.000000e+00
      vertex   -2.985010e+00 7.775436e+01 -2.700470e+00
      vertex   -3.000037e+00 7.774764e+01 -2.997885e+00
    endloop
  endfacet
  facet normal 9.988191e-01 1.304415e-04 4.858381e-02
    outer loop
      vertex   -3.000000e+00 7.825407e+01 -3.000000e+00
      vertex   -3.000037e+00 7.774764e+01 -2.997885e+00
      vertex   -2.985642e+00 7.775428e+01 -3.293831e+00
    endloop
  endfacet
  facet normal 9.967598e-01 -1.751951e-02 7.850515e-02
    outer loop
      vertex   -3.000000e+00 7.825407e+01 -3.000000e+00
      vertex   -2.985642e+00 7.775428e+01 -3.293831e+00
      vertex   -2.963405e+00 7.826453e+01 -3.462300e+00
    endloop
  endfacet
  facet normal 9.890635e-01 5.557950e-03 1.473859e-01
    outer loop
      vertex   -2.963405e+00 7.826453e+01 -3.462300e+00
      vertex   -2.985642e+00 7.775428e+01 -3.293831e+00
      vertex   -2.942141e+00 7.777371e+01 -3.586492e+00
    endloop
  endfacet
  facet normal 9.730122e-01 -1.608980e-02 2.301922e-01
    outer loop
      vertex   -2.963405e+00 7.826453e+01 -3.462300e+00
      vertex   -2.942141e+00 7.777371e+01 -3.586492e+00
      vertex   -2.853321e+00 7.829463e+01 -3.925518e+00
    endloop
  endfacet
  facet normal 9.699913e-01 -7.217834e-03 2.430326e-01
    outer loop
      vertex   -2.853321e+00 7.829463e+01 -3.925518e+00
      vertex   -2.942141e+00 7.777371e+01 -3.586492e+00
      vertex   -2.869886e+00 7.780536e+01 -3.873933e+00
    endloop
  endfacet
  facet normal 9.409695e-01 3.826914e-03 3.384697e-01
    outer loop
      vertex   -2.853321e+00 7.829463e+01 -3.925518e+00
      vertex   -2.869886e+00 7.780536e+01 -3.873933e+00
      vertex   -2.770204e+00 7.784767e+01 -4.151536e+00
    endloop
  endfacet
  facet normal 9.241476e-01 -2.103856e-02 3.814560e-01
    outer loop
      vertex   -2.853321e+00 7.829463e+01 -3.925518e+00
      vertex   -2.770204e+00 7.784767e+01 -4.151536e+00
      vertex   -2.669657e+00 7.834216e+01 -4.367855e+00
    endloop
  endfacet
  facet normal 9.032241e-01 4.079857e-03 4.291499e-01
    outer loop
      vertex   -2.669657e+00 7.834216e+01 -4.367855e+00
      vertex   -2.770204e+00 7.784767e+01 -4.151536e+00
      vertex   -2.644547e+00 7.789844e+01 -4.416486e+00
    endloop
  endfacet
  facet normal 8.582000e-01 -7.686142e-03 5.132580e-01
    outer loop
      vertex   -2.669657e+00 7.834216e+01 -4.367855e+00
      vertex   -2.644547e+00 7.789844e+01 -4.416486e+00
      vertex   -2.494155e+00 7.795558e+01 -4.667095e+00
    endloop
  endfacet
  facet normal 8.517698e-01 -1.859985e-02 5.235860e-01
    outer loop
      vertex   -2.669657e+00 7.834216e+01 -4.367855e+00
      vertex   -2.494155e+00 7.795558e+01 -4.667095e+00
      vertex   -2.420396e+00 7.840139e+01 -4.771250e+00
    endloop
  endfacet
  facet normal 8.025077e-01 6.610286e-03 5.966052e-01
    outer loop
      vertex   -2.420396e+00 7.840139e+01 -4.771250e+00
      vertex   -2.494155e+00 7.795558e+01 -4.667095e+00
      vertex   -2.320296e+00 7.801696e+01 -4.901638e+00
    endloop
  endfacet
  facet normal 7.620445e-01 -2.107965e-02 6.471815e-01
    outer loop
      vertex   -2.420396e+00 7.840139e+01 -4.771250e+00
      vertex   -2.320296e+00 7.801696e+01 -4.901638e+00
      vertex   -2.121480e+00 7.846455e+01 -5.121161e+00
    endloop
  endfacet
  facet normal 7.417941e-01 -5.857360e-04 6.706275e-01
    outer loop
      vertex   -2.121480e+00 7.846455e+01 -5.121161e+00
      vertex   -2.320296e+00 7.801696e+01 -4.901638e+00
      vertex   -2.124737e+00 7.808011e+01 -5.117893e+00
    endloop
  endfacet
  facet normal 6.730116e-01 5.835810e-04 7.396317e-01
    outer loop
      vertex   -2.121480e+00 7.846455e+01 -5.121161e+00
      vertex   -2.124737e+00 7.808011e+01 -5.117893e+00
      vertex   -1.909109e+00 7.814276e+01 -5.314150e+00
    endloop
  endfacet
  facet normal 6.519552e-01 -2.425073e-02 7.578696e-01
    outer loop
      vertex   -2.121480e+00 7.846455e+01 -5.121161e+00
      vertex   -1.909109e+00 7.814276e+01 -5.314150e+00
      vertex   -1.771585e+00 7.852733e+01 -5.420148e+00
    endloop
  endfacet
  facet normal 5.967548e-01 7.759101e-03 8.023861e-01
    outer loop
      vertex   -1.771585e+00 7.852733e+01 -5.420148e+00
      vertex   -1.909109e+00 7.814276e+01 -5.314150e+00
      vertex   -1.674891e+00 7.820275e+01 -5.488923e+00
    endloop
  endfacet
  facet normal 5.279818e-01 -2.259584e-02 8.489550e-01
    outer loop
      vertex   -1.771585e+00 7.852733e+01 -5.420148e+00
      vertex   -1.674891e+00 7.820275e+01 -5.488923e+00
      vertex   -1.368124e+00 7.858559e+01 -5.669518e+00
    endloop
  endfacet
  facet normal 5.190816e-01 -1.278764e-02 8.546290e-01
    outer loop
      vertex   -1.368124e+00 7.858559e+01 -5.669518e+00
      vertex   -1.674891e+00 7.820275e+01 -5.488923e+00
      vertex   -1.423739e+00 7.825787e+01 -5.640642e+00
    endloop
  endfacet
  facet normal 4.299875e-01 6.577150e-03 9.028109e-01
    outer loop
      vertex   -1.368124e+00 7.858559e+01 -5.669518e+00
      vertex   -1.423739e+00 7.825787e+01 -5.640642e+00
      vertex   -1.158626e+00 7.830593e+01 -5.767259e+00
    endloop
  endfacet
  facet normal 3.862651e-01 -3.281402e-02 9.218040e-01
    outer loop
      vertex   -1.368124e+00 7.858559e+01 -5.669518e+00
      vertex   -1.158626e+00 7.830593e+01 -5.767259e+00
      vertex   -9.256710e-01 7.863190e+01 -5.853271e+00
    endloop
  endfacet
  facet normal 3.397683e-01 5.346266e-03 9.404940e-01
    outer loop
      vertex   -9.256710e-01 7.863190e+01 -5.853271e+00
      vertex   -1.158626e+00 7.830593e+01 -5.767259e+00
      vertex   -8.816049e-01 7.834543e+01 -5.867562e+00
    endloop
  endfacet
  facet normal 2.472222e-01 -1.030701e-02 9.689040e-01
    outer loop
      vertex   -9.256710e-01 7.863190e+01 -5.853271e+00
      vertex   -8.816049e-01 7.834543e+01 -5.867562e+00
      vertex   -5.944381e-01 7.837499e+01 -5.940520e+00
    endloop
  endfacet
  facet normal 2.329128e-01 -2.982118e-02 9.720403e-01
    outer loop
      vertex   -9.256710e-01 7.863190e+01 -5.853271e+00
      vertex   -5.944381e-01 7.837499e+01 -5.940520e+00
      vertex   -4.623470e-01 7.866101e+01 -5.963396e+00
    endloop
  endfacet
  facet normal 1.486811e-01 1.042232e-02 9.888303e-01
    outer loop
      vertex   -4.623470e-01 7.866101e+01 -5.963396e+00
      vertex   -5.944381e-01 7.837499e+01 -5.940520e+00
      vertex   -3.000773e-01 7.839321e+01 -5.984972e+00
    endloop
  endfacet
  facet normal 7.957530e-02 -3.205393e-02 9.963134e-01
    outer loop
      vertex   -4.623470e-01 7.866101e+01 -5.963396e+00
      vertex   -3.000773e-01 7.839321e+01 -5.984972e+00
      vertex   2.167710e-13 7.867107e+01 -6.000000e+00
    endloop
  endfacet
  facet normal 5.079129e-02 -8.389461e-04 9.987089e-01
    outer loop
      vertex   2.167710e-13 7.867107e+01 -6.000000e+00
      vertex   -3.000773e-01 7.839321e+01 -5.984972e+00
      vertex   -3.672618e-03 7.839937e+01 -6.000042e+00
    endloop
  endfacet
  facet normal -4.827516e-02 5.001431e-04 9.988339e-01
    outer loop
      vertex   2.167710e-13 7.867107e+01 -6.000000e+00
      vertex   -3.672618e-03 7.839937e+01 -6.000042e+00
      vertex   2.926455e-01 7.839350e+01 -5.985717e+00
    endloop
  endfacet
  facet normal -7.958651e-02 -3.264206e-02 9.962934e-01
    outer loop
      vertex   2.167710e-13 7.867107e+01 -6.000000e+00
      vertex   2.926455e-01 7.839350e+01 -5.985717e+00
      vertex   4.623470e-01 7.866101e+01 -5.963396e+00
    endloop
  endfacet
  facet normal -1.462377e-01 1.023107e-02 9.891966e-01
    outer loop
      vertex   4.623470e-01 7.866101e+01 -5.963396e+00
      vertex   2.926455e-01 7.839350e+01 -5.985717e+00
      vertex   5.869131e-01 7.837562e+01 -5.942029e+00
    endloop
  endfacet
  facet normal -2.328622e-01 -2.885946e-02 9.720814e-01
    outer loop
      vertex   4.623470e-01 7.866101e+01 -5.963396e+00
      vertex   5.869131e-01 7.837562e+01 -5.942029e+00
      vertex   9.256710e-01 7.863190e+01 -5.853271e+00
    endloop
  endfacet
  facet normal -2.449318e-01 -1.199998e-02 9.694660e-01
    outer loop
      vertex   9.256710e-01 7.863190e+01 -5.853271e+00
      vertex   5.869131e-01 7.837562e+01 -5.942029e+00
      vertex   8.745021e-01 7.834631e+01 -5.869734e+00
    endloop
  endfacet
  facet normal -3.373162e-01 6.171742e-03 9.413712e-01
    outer loop
      vertex   9.256710e-01 7.863190e+01 -5.853271e+00
      vertex   8.745021e-01 7.834631e+01 -5.869734e+00
      vertex   1.151787e+00 7.830701e+01 -5.770118e+00
    endloop
  endfacet
  facet normal -3.862724e-01 -3.290995e-02 9.217975e-01
    outer loop
      vertex   9.256710e-01 7.863190e+01 -5.853271e+00
      vertex   1.151787e+00 7.830701e+01 -5.770118e+00
      vertex   1.368124e+00 7.858559e+01 -5.669518e+00
    endloop
  endfacet
  facet normal -4.278309e-01 5.847696e-03 9.038399e-01
    outer loop
      vertex   1.368124e+00 7.858559e+01 -5.669518e+00
      vertex   1.151787e+00 7.830701e+01 -5.770118e+00
      vertex   1.417025e+00 7.825918e+01 -5.644259e+00
    endloop
  endfacet
  facet normal -5.166449e-01 -1.114994e-02 8.561272e-01
    outer loop
      vertex   1.368124e+00 7.858559e+01 -5.669518e+00
      vertex   1.417025e+00 7.825918e+01 -5.644259e+00
      vertex   1.668439e+00 7.820430e+01 -5.493253e+00
    endloop
  endfacet
  facet normal -5.280647e-01 -2.349515e-02 8.488790e-01
    outer loop
      vertex   1.368124e+00 7.858559e+01 -5.669518e+00
      vertex   1.668439e+00 7.820430e+01 -5.493253e+00
      vertex   1.771585e+00 7.852733e+01 -5.420148e+00
    endloop
  endfacet
  facet normal -5.946821e-01 7.950393e-03 8.039216e-01
    outer loop
      vertex   1.771585e+00 7.852733e+01 -5.420148e+00
      vertex   1.668439e+00 7.820430e+01 -5.493253e+00
      vertex   1.903365e+00 7.814438e+01 -5.318880e+00
    endloop
  endfacet
  facet normal -6.519259e-01 -2.391694e-02 7.579054e-01
    outer loop
      vertex   1.771585e+00 7.852733e+01 -5.420148e+00
      vertex   1.903365e+00 7.814438e+01 -5.318880e+00
      vertex   2.121480e+00 7.846455e+01 -5.121161e+00
    endloop
  endfacet
  facet normal -6.713728e-01 -3.028919e-04 7.411198e-01
    outer loop
      vertex   2.121480e+00 7.846455e+01 -5.121161e+00
      vertex   1.903365e+00 7.814438e+01 -5.318880e+00
      vertex   2.119806e+00 7.808167e+01 -5.122834e+00
    endloop
  endfacet
  facet normal -7.401251e-01 2.976501e-04 6.724691e-01
    outer loop
      vertex   2.121480e+00 7.846455e+01 -5.121161e+00
      vertex   2.119806e+00 7.808167e+01 -5.122834e+00
      vertex   2.315964e+00 7.801843e+01 -4.906912e+00
    endloop
  endfacet
  facet normal -7.620702e-01 -2.143357e-02 6.471396e-01
    outer loop
      vertex   2.121480e+00 7.846455e+01 -5.121161e+00
      vertex   2.315964e+00 7.801843e+01 -4.906912e+00
      vertex   2.420396e+00 7.840139e+01 -4.771250e+00
    endloop
  endfacet
  facet normal -8.011592e-01 6.486176e-03 5.984161e-01
    outer loop
      vertex   2.420396e+00 7.840139e+01 -4.771250e+00
      vertex   2.315964e+00 7.801843e+01 -4.906912e+00
      vertex   2.490315e+00 7.795697e+01 -4.672825e+00
    endloop
  endfacet
  facet normal -8.517414e-01 -1.802988e-02 5.236521e-01
    outer loop
      vertex   2.420396e+00 7.840139e+01 -4.771250e+00
      vertex   2.490315e+00 7.795697e+01 -4.672825e+00
      vertex   2.669657e+00 7.834216e+01 -4.367855e+00
    endloop
  endfacet
  facet normal -8.571640e-01 -8.632186e-03 5.149713e-01
    outer loop
      vertex   2.669657e+00 7.834216e+01 -4.367855e+00
      vertex   2.490315e+00 7.795697e+01 -4.672825e+00
      vertex   2.641494e+00 7.789956e+01 -4.422152e+00
    endloop
  endfacet
  facet normal -9.023303e-01 4.540346e-03 4.310214e-01
    outer loop
      vertex   2.669657e+00 7.834216e+01 -4.367855e+00
      vertex   2.641494e+00 7.789956e+01 -4.422152e+00
      vertex   2.768078e+00 7.784848e+01 -4.156614e+00
    endloop
  endfacet
  facet normal -9.241472e-01 -2.101686e-02 3.814582e-01
    outer loop
      vertex   2.669657e+00 7.834216e+01 -4.367855e+00
      vertex   2.768078e+00 7.784848e+01 -4.156614e+00
      vertex   2.853321e+00 7.829463e+01 -3.925518e+00
    endloop
  endfacet
  facet normal -9.403563e-01 3.464945e-03 3.401735e-01
    outer loop
      vertex   2.853321e+00 7.829463e+01 -3.925518e+00
      vertex   2.768078e+00 7.784848e+01 -4.156614e+00
      vertex   2.868322e+00 7.780606e+01 -3.879074e+00
    endloop
  endfacet
  facet normal -9.695776e-01 -6.508320e-03 2.446975e-01
    outer loop
      vertex   2.853321e+00 7.829463e+01 -3.925518e+00
      vertex   2.868322e+00 7.780606e+01 -3.879074e+00
      vertex   2.941098e+00 7.777409e+01 -3.591559e+00
    endloop
  endfacet
  facet normal -9.730118e-01 -1.640690e-02 2.301715e-01
    outer loop
      vertex   2.853321e+00 7.829463e+01 -3.925518e+00
      vertex   2.941098e+00 7.777409e+01 -3.591559e+00
      vertex   2.963405e+00 7.826453e+01 -3.462300e+00
    endloop
  endfacet
  facet normal -9.888582e-01 5.773370e-03 1.487486e-01
    outer loop
      vertex   2.963405e+00 7.826453e+01 -3.462300e+00
      vertex   2.941098e+00 7.777409e+01 -3.591559e+00
      vertex   2.985243e+00 7.775429e+01 -3.297320e+00
    endloop
  endfacet
  facet normal -9.913529e-01 0.000000e+00 1.312232e-01
    outer loop
      vertex   2.963405e+00 7.826453e+01 -3.462300e+00
      vertex   2.985243e+00 7.775429e+01 -3.297320e+00
      vertex   2.963405e+00 7.876453e+01 -3.462300e+00
    endloop
  endfacet
  facet normal -9.987706e-01 -1.575992e-06 4.957129e-02
    outer loop
      vertex   2.985243e+00 7.775429e+01 -3.297320e+00
      vertex   3.000000e+00 7.774754e+01 -3.000000e+00
      vertex   2.985716e+00 8.225821e+01 -3.287650e+00
    endloop
  endfacet
  facet normal -9.987694e-01 0.000000e+00 4.959594e-02
    outer loop
      vertex   2.985716e+00 8.225821e+01 -3.287650e+00
      vertex   3.000000e+00 7.774754e+01 -3.000000e+00
      vertex   3.000000e+00 8.225407e+01 -3.000000e+00
    endloop
  endfacet
  facet normal -9.893293e-01 -6.776845e-03 1.455387e-01
    outer loop
      vertex   2.942791e+00 8.227029e+01 -3.578877e+00
      vertex   2.963405e+00 8.176453e+01 -3.462300e+00
      vertex   2.985716e+00 8.225821e+01 -3.287650e+00
    endloop
  endfacet
  facet normal -9.919390e-01 0.000000e+00 1.267164e-01
    outer loop
      vertex   2.985716e+00 8.225821e+01 -3.287650e+00
      vertex   2.963405e+00 8.176453e+01 -3.462300e+00
      vertex   2.963405e+00 8.126453e+01 -3.462300e+00
    endloop
  endfacet
  facet normal -9.919390e-01 0.000000e+00 1.267164e-01
    outer loop
      vertex   2.985716e+00 8.225821e+01 -3.287650e+00
      vertex   2.963405e+00 8.126453e+01 -3.462300e+00
      vertex   2.963405e+00 8.076453e+01 -3.462300e+00
    endloop
  endfacet
  facet normal -9.729035e-01 0.000000e+00 2.312117e-01
    outer loop
      vertex   2.963405e+00 8.076453e+01 -3.462300e+00
      vertex   2.963405e+00 8.126453e+01 -3.462300e+00
      vertex   2.853321e+00 8.129463e+01 -3.925518e+00
    endloop
  endfacet
  facet normal -9.726075e-01 1.384336e-02 2.320408e-01
    outer loop
      vertex   2.963405e+00 8.176453e+01 -3.462300e+00
      vertex   2.942791e+00 8.227029e+01 -3.578877e+00
      vertex   2.853321e+00 8.179463e+01 -3.925518e+00
    endloop
  endfacet
  facet normal -9.705445e-01 7.058497e-03 2.408185e-01
    outer loop
      vertex   2.853321e+00 8.179463e+01 -3.925518e+00
      vertex   2.942791e+00 8.227029e+01 -3.578877e+00
      vertex   2.871116e+00 8.228986e+01 -3.868317e+00
    endloop
  endfacet
  facet normal -9.421713e-01 -4.850539e-03 3.350966e-01
    outer loop
      vertex   2.853321e+00 8.179463e+01 -3.925518e+00
      vertex   2.871116e+00 8.228986e+01 -3.868317e+00
      vertex   2.770580e+00 8.231644e+01 -4.150603e+00
    endloop
  endfacet
  facet normal -9.226130e-01 1.986945e-02 3.852148e-01
    outer loop
      vertex   2.853321e+00 8.179463e+01 -3.925518e+00
      vertex   2.770580e+00 8.231644e+01 -4.150603e+00
      vertex   2.669657e+00 8.184216e+01 -4.367855e+00
    endloop
  endfacet
  facet normal -9.028370e-01 -4.833343e-03 4.299559e-01
    outer loop
      vertex   2.669657e+00 8.184216e+01 -4.367855e+00
      vertex   2.770580e+00 8.231644e+01 -4.150603e+00
      vertex   2.641772e+00 8.234909e+01 -4.420712e+00
    endloop
  endfacet
  facet normal -8.551070e-01 7.014760e-03 5.184041e-01
    outer loop
      vertex   2.669657e+00 8.184216e+01 -4.367855e+00
      vertex   2.641772e+00 8.234909e+01 -4.420712e+00
      vertex   2.488002e+00 8.238591e+01 -4.674853e+00
    endloop
  endfacet
  facet normal -7.587429e-01 1.667503e-02 6.511767e-01
    outer loop
      vertex   2.420396e+00 8.190139e+01 -4.771250e+00
      vertex   2.313247e+00 8.242503e+01 -4.909508e+00
      vertex   2.121480e+00 8.196455e+01 -5.121161e+00
    endloop
  endfacet
  facet normal -7.410627e-01 -2.098270e-15 6.714359e-01
    outer loop
      vertex   2.121480e+00 8.196455e+01 -5.121161e+00
      vertex   2.313247e+00 8.242503e+01 -4.909508e+00
      vertex   2.121480e+00 8.246455e+01 -5.121161e+00
    endloop
  endfacet
  facet normal -6.715444e-01 -1.666039e-15 7.409643e-01
    outer loop
      vertex   2.121480e+00 8.196455e+01 -5.121161e+00
      vertex   2.121480e+00 8.246455e+01 -5.121161e+00
      vertex   1.909849e+00 8.250392e+01 -5.312965e+00
    endloop
  endfacet
  facet normal -6.478163e-01 1.665360e-02 7.616146e-01
    outer loop
      vertex   2.121480e+00 8.196455e+01 -5.121161e+00
      vertex   1.909849e+00 8.250392e+01 -5.312965e+00
      vertex   1.771585e+00 8.202733e+01 -5.420148e+00
    endloop
  endfacet
  facet normal -5.980980e-01 -6.716584e-03 8.013948e-01
    outer loop
      vertex   1.771585e+00 8.202733e+01 -5.420148e+00
      vertex   1.909849e+00 8.250392e+01 -5.312965e+00
      vertex   1.675178e+00 8.254261e+01 -5.487780e+00
    endloop
  endfacet
  facet normal -5.242799e-01 1.366276e-02 8.514364e-01
    outer loop
      vertex   1.771585e+00 8.202733e+01 -5.420148e+00
      vertex   1.675178e+00 8.254261e+01 -5.487780e+00
      vertex   1.368124e+00 8.208559e+01 -5.669518e+00
    endloop
  endfacet
  facet normal -5.170333e-01 7.004486e-03 8.559366e-01
    outer loop
      vertex   1.368124e+00 8.208559e+01 -5.669518e+00
      vertex   1.675178e+00 8.254261e+01 -5.487780e+00
      vertex   1.420993e+00 8.257881e+01 -5.641618e+00
    endloop
  endfacet
  facet normal -4.309867e-01 -4.844109e-03 9.023453e-01
    outer loop
      vertex   1.368124e+00 8.208559e+01 -5.669518e+00
      vertex   1.420993e+00 8.257881e+01 -5.641618e+00
      vertex   1.150817e+00 8.261070e+01 -5.770491e+00
    endloop
  endfacet
  facet normal -3.817078e-01 1.972683e-02 9.240725e-01
    outer loop
      vertex   1.368124e+00 8.208559e+01 -5.669518e+00
      vertex   1.150817e+00 8.261070e+01 -5.770491e+00
      vertex   9.256710e-01 8.213190e+01 -5.853271e+00
    endloop
  endfacet
  facet normal -3.359541e-01 -4.864058e-03 9.418658e-01
    outer loop
      vertex   9.256710e-01 8.213190e+01 -5.853271e+00
      vertex   1.150817e+00 8.261070e+01 -5.770491e+00
      vertex   8.684549e-01 8.263653e+01 -5.871073e+00
    endloop
  endfacet
  facet normal -2.399666e-01 7.038507e-03 9.707556e-01
    outer loop
      vertex   9.256710e-01 8.213190e+01 -5.853271e+00
      vertex   8.684549e-01 8.263653e+01 -5.871073e+00
      vertex   5.789467e-01 8.265546e+01 -5.942776e+00
    endloop
  endfacet
  facet normal -2.304027e-01 1.375555e-02 9.729981e-01
    outer loop
      vertex   9.256710e-01 8.213190e+01 -5.853271e+00
      vertex   5.789467e-01 8.265546e+01 -5.942776e+00
      vertex   4.623470e-01 8.216101e+01 -5.963396e+00
    endloop
  endfacet
  facet normal -1.460972e-01 -6.802919e-03 9.892469e-01
    outer loop
      vertex   4.623470e-01 8.216101e+01 -5.963396e+00
      vertex   5.789467e-01 8.265546e+01 -5.942776e+00
      vertex   2.876694e-01 8.266710e+01 -5.985713e+00
    endloop
  endfacet
  facet normal -7.854748e-02 1.684358e-02 9.967681e-01
    outer loop
      vertex   4.623470e-01 8.216101e+01 -5.963396e+00
      vertex   2.876694e-01 8.266710e+01 -5.985713e+00
      vertex   2.167710e-13 8.217107e+01 -6.000000e+00
    endloop
  endfacet
  facet normal -4.960327e-02 5.358077e-15 9.987690e-01
    outer loop
      vertex   2.167710e-13 8.217107e+01 -6.000000e+00
      vertex   2.876694e-01 8.266710e+01 -5.985713e+00
      vertex   2.171296e-13 8.267107e+01 -6.000000e+00
    endloop
  endfacet
  facet normal 4.960327e-02 5.286944e-15 9.987690e-01
    outer loop
      vertex   2.167710e-13 8.217107e+01 -6.000000e+00
      vertex   2.171296e-13 8.267107e+01 -6.000000e+00
      vertex   -2.876694e-01 8.266710e+01 -5.985713e+00
    endloop
  endfacet
  facet normal 7.854748e-02 1.684358e-02 9.967681e-01
    outer loop
      vertex   2.167710e-13 8.217107e+01 -6.000000e+00
      vertex   -2.876694e-01 8.266710e+01 -5.985713e+00
      vertex   -4.623470e-01 8.216101e+01 -5.963396e+00
    endloop
  endfacet
  facet normal 1.460972e-01 -6.802919e-03 9.892469e-01
    outer loop
      vertex   -4.623470e-01 8.216101e+01 -5.963396e+00
      vertex   -2.876694e-01 8.266710e+01 -5.985713e+00
      vertex   -5.789467e-01 8.265546e+01 -5.942776e+00
    endloop
  endfacet
  facet normal 2.304027e-01 1.375555e-02 9.729981e-01
    outer loop
      vertex   -4.623470e-01 8.216101e+01 -5.963396e+00
      vertex   -5.789467e-01 8.265546e+01 -5.942776e+00
      vertex   -9.256710e-01 8.213190e+01 -5.853271e+00
    endloop
  endfacet
  facet normal 2.399666e-01 7.038507e-03 9.707556e-01
    outer loop
      vertex   -9.256710e-01 8.213190e+01 -5.853271e+00
      vertex   -5.789467e-01 8.265546e+01 -5.942776e+00
      vertex   -8.684549e-01 8.263653e+01 -5.871073e+00
    endloop
  endfacet
  facet normal 3.359541e-01 -4.864058e-03 9.418658e-01
    outer loop
      vertex   -9.256710e-01 8.213190e+01 -5.853271e+00
      vertex   -8.684549e-01 8.263653e+01 -5.871073e+00
      vertex   -1.150817e+00 8.261070e+01 -5.770491e+00
    endloop
  endfacet
  facet normal 3.817078e-01 1.972683e-02 9.240725e-01
    outer loop
      vertex   -9.256710e-01 8.213190e+01 -5.853271e+00
      vertex   -1.150817e+00 8.261070e+01 -5.770491e+00
      vertex   -1.368124e+00 8.208559e+01 -5.669518e+00
    endloop
  endfacet
  facet normal 4.309867e-01 -4.844109e-03 9.023453e-01
    outer loop
      vertex   -1.368124e+00 8.208559e+01 -5.669518e+00
      vertex   -1.150817e+00 8.261070e+01 -5.770491e+00
      vertex   -1.420993e+00 8.257881e+01 -5.641618e+00
    endloop
  endfacet
  facet normal 5.170333e-01 7.004486e-03 8.559366e-01
    outer loop
      vertex   -1.368124e+00 8.208559e+01 -5.669518e+00
      vertex   -1.420993e+00 8.257881e+01 -5.641618e+00
      vertex   -1.675178e+00 8.254261e+01 -5.487780e+00
    endloop
  endfacet
  facet normal 5.242799e-01 1.366276e-02 8.514364e-01
    outer loop
      vertex   -1.368124e+00 8.208559e+01 -5.669518e+00
      vertex   -1.675178e+00 8.254261e+01 -5.487780e+00
      vertex   -1.771585e+00 8.202733e+01 -5.420148e+00
    endloop
  endfacet
  facet normal 5.980980e-01 -6.716584e-03 8.013948e-01
    outer loop
      vertex   -1.771585e+00 8.202733e+01 -5.420148e+00
      vertex   -1.675178e+00 8.254261e+01 -5.487780e+00
      vertex   -1.909849e+00 8.250392e+01 -5.312965e+00
    endloop
  endfacet
  facet normal 6.478163e-01 1.665360e-02 7.616146e-01
    outer loop
      vertex   -1.771585e+00 8.202733e+01 -5.420148e+00
      vertex   -1.909849e+00 8.250392e+01 -5.312965e+00
      vertex   -2.121480e+00 8.196455e+01 -5.121161e+00
    endloop
  endfacet
  facet normal 6.715444e-01 5.964512e-16 7.409643e-01
    outer loop
      vertex   -2.121480e+00 8.196455e+01 -5.121161e+00
      vertex   -1.909849e+00 8.250392e+01 -5.312965e+00
      vertex   -2.121480e+00 8.246455e+01 -5.121161e+00
    endloop
  endfacet
  facet normal 7.410627e-01 6.581959e-16 6.714359e-01
    outer loop
      vertex   -2.121480e+00 8.196455e+01 -5.121161e+00
      vertex   -2.121480e+00 8.246455e+01 -5.121161e+00
      vertex   -2.313247e+00 8.242503e+01 -4.909508e+00
    endloop
  endfacet
  facet normal 7.587429e-01 1.667503e-02 6.511767e-01
    outer loop
      vertex   -2.121480e+00 8.196455e+01 -5.121161e+00
      vertex   -2.313247e+00 8.242503e+01 -4.909508e+00
      vertex   -2.420396e+00 8.190139e+01 -4.771250e+00
    endloop
  endfacet
  facet normal 8.025402e-01 -6.707395e-03 5.965604e-01
    outer loop
      vertex   -2.420396e+00 8.190139e+01 -4.771250e+00
      vertex   -2.313247e+00 8.242503e+01 -4.909508e+00
      vertex   -2.488002e+00 8.238591e+01 -4.674853e+00
    endloop
  endfacet
  facet normal 8.497174e-01 1.370259e-02 5.270603e-01
    outer loop
      vertex   -2.420396e+00 8.190139e+01 -4.771250e+00
      vertex   -2.488002e+00 8.238591e+01 -4.674853e+00
      vertex   -2.669657e+00 8.184216e+01 -4.367855e+00
    endloop
  endfacet
  facet normal 8.551070e-01 7.014760e-03 5.184041e-01
    outer loop
      vertex   -2.669657e+00 8.184216e+01 -4.367855e+00
      vertex   -2.488002e+00 8.238591e+01 -4.674853e+00
      vertex   -2.641772e+00 8.234909e+01 -4.420712e+00
    endloop
  endfacet
  facet normal 9.028370e-01 -4.833343e-03 4.299559e-01
    outer loop
      vertex   -2.669657e+00 8.184216e+01 -4.367855e+00
      vertex   -2.641772e+00 8.234909e+01 -4.420712e+00
      vertex   -2.770580e+00 8.231644e+01 -4.150603e+00
    endloop
  endfacet
  facet normal 9.226130e-01 1.986945e-02 3.852148e-01
    outer loop
      vertex   -2.669657e+00 8.184216e+01 -4.367855e+00
      vertex   -2.770580e+00 8.231644e+01 -4.150603e+00
      vertex   -2.853321e+00 8.179463e+01 -3.925518e+00
    endloop
  endfacet
  facet normal 9.421713e-01 -4.850539e-03 3.350966e-01
    outer loop
      vertex   -2.853321e+00 8.179463e+01 -3.925518e+00
      vertex   -2.770580e+00 8.231644e+01 -4.150603e+00
      vertex   -2.871116e+00 8.228986e+01 -3.868317e+00
    endloop
  endfacet
  facet normal 9.705445e-01 7.058497e-03 2.408185e-01
    outer loop
      vertex   -2.853321e+00 8.179463e+01 -3.925518e+00
      vertex   -2.871116e+00 8.228986e+01 -3.868317e+00
      vertex   -2.942791e+00 8.227029e+01 -3.578877e+00
    endloop
  endfacet
  facet normal 9.726075e-01 1.384336e-02 2.320408e-01
    outer loop
      vertex   -2.853321e+00 8.179463e+01 -3.925518e+00
      vertex   -2.942791e+00 8.227029e+01 -3.578877e+00
      vertex   -2.963405e+00 8.176453e+01 -3.462300e+00
    endloop
  endfacet
  facet normal 9.893293e-01 -6.776845e-03 1.455387e-01
    outer loop
      vertex   -2.963405e+00 8.176453e+01 -3.462300e+00
      vertex   -2.942791e+00 8.227029e+01 -3.578877e+00
      vertex   -2.985716e+00 8.225821e+01 -3.287650e+00
    endloop
  endfacet
  facet normal 9.967073e-01 1.699675e-02 7.928187e-02
    outer loop
      vertex   -2.963405e+00 8.176453e+01 -3.462300e+00
      vertex   -2.985716e+00 8.225821e+01 -3.287650e+00
      vertex   -3.000000e+00 8.175407e+01 -3.000000e+00
    endloop
  endfacet
  facet normal 9.987694e-01 -1.321501e-16 4.959594e-02
    outer loop
      vertex   -3.000000e+00 8.175407e+01 -3.000000e+00
      vertex   -2.985716e+00 8.225821e+01 -3.287650e+00
      vertex   -3.000000e+00 8.225407e+01 -3.000000e+00
    endloop
  endfacet
  facet normal 9.987694e-01 1.321501e-16 -4.959594e-02
    outer loop
      vertex   -3.000000e+00 8.175407e+01 -3.000000e+00
      vertex   -3.000000e+00 8.225407e+01 -3.000000e+00
      vertex   -2.985716e+00 8.225821e+01 -2.712350e+00
    endloop
  endfacet
  facet normal 9.967073e-01 1.699675e-02 -7.928187e-02
    outer loop
      vertex   -3.000000e+00 8.175407e+01 -3.000000e+00
      vertex   -2.985716e+00 8.225821e+01 -2.712350e+00
      vertex   -2.963405e+00 8.176453e+01 -2.537700e+00
    endloop
  endfacet
  facet normal 9.893293e-01 -6.776845e-03 -1.455387e-01
    outer loop
      vertex   -2.963405e+00 8.176453e+01 -2.537700e+00
      vertex   -2.985716e+00 8.225821e+01 -2.712350e+00
      vertex   -2.942791e+00 8.227029e+01 -2.421123e+00
    endloop
  endfacet
  facet normal 9.726075e-01 1.384336e-02 -2.320408e-01
    outer loop
      vertex   -2.963405e+00 8.176453e+01 -2.537700e+00
      vertex   -2.942791e+00 8.227029e+01 -2.421123e+00
      vertex   -2.853321e+00 8.179463e+01 -2.074482e+00
    endloop
  endfacet
  facet normal 9.705445e-01 7.058497e-03 -2.408185e-01
    outer loop
      vertex   -2.853321e+00 8.179463e+01 -2.074482e+00
      vertex   -2.942791e+00 8.227029e+01 -2.421123e+00
      vertex   -2.871116e+00 8.228986e+01 -2.131684e+00
    endloop
  endfacet
  facet normal 9.421713e-01 -4.850539e-03 -3.350966e-01
    outer loop
      vertex   -2.853321e+00 8.179463e+01 -2.074482e+00
      vertex   -2.871116e+00 8.228986e+01 -2.131684e+00
      vertex   -2.770580e+00 8.231644e+01 -1.849397e+00
    endloop
  endfacet
  facet normal 9.226130e-01 1.986945e-02 -3.852148e-01
    outer loop
      vertex   -2.853321e+00 8.179463e+01 -2.074482e+00
      vertex   -2.770580e+00 8.231644e+01 -1.849397e+00
      vertex   -2.669657e+00 8.184216e+01 -1.632145e+00
    endloop
  endfacet
  facet normal 9.028370e-01 -4.833343e-03 -4.299559e-01
    outer loop
      vertex   -2.669657e+00 8.184216e+01 -1.632145e+00
      vertex   -2.770580e+00 8.231644e+01 -1.849397e+00
      vertex   -2.641772e+00 8.234909e+01 -1.579288e+00
    endloop
  endfacet
  facet normal 8.551070e-01 7.014760e-03 -5.184041e-01
    outer loop
      vertex   -2.669657e+00 8.184216e+01 -1.632145e+00
      vertex   -2.641772e+00 8.234909e+01 -1.579288e+00
      vertex   -2.488002e+00 8.238591e+01 -1.325147e+00
    endloop
  endfacet
  facet normal 8.497174e-01 1.370259e-02 -5.270603e-01
    outer loop
      vertex   -2.669657e+00 8.184216e+01 -1.632145e+00
      vertex   -2.488002e+00 8.238591e+01 -1.325147e+00
      vertex   -2.420396e+00 8.190139e+01 -1.228750e+00
    endloop
  endfacet
  facet normal 8.025402e-01 -6.707395e-03 -5.965604e-01
    outer loop
      vertex   -2.420396e+00 8.190139e+01 -1.228750e+00
      vertex   -2.488002e+00 8.238591e+01 -1.325147e+00
      vertex   -2.313247e+00 8.242503e+01 -1.090492e+00
    endloop
  endfacet
  facet normal 7.587429e-01 1.667503e-02 -6.511767e-01
    outer loop
      vertex   -2.420396e+00 8.190139e+01 -1.228750e+00
      vertex   -2.313247e+00 8.242503e+01 -1.090492e+00
      vertex   -2.121480e+00 8.196455e+01 -8.788392e-01
    endloop
  endfacet
  facet normal 7.410627e-01 6.581959e-16 -6.714359e-01
    outer loop
      vertex   -2.121480e+00 8.196455e+01 -8.788392e-01
      vertex   -2.313247e+00 8.242503e+01 -1.090492e+00
      vertex   -2.121480e+00 8.246455e+01 -8.788392e-01
    endloop
  endfacet
  facet normal 6.715444e-01 5.964512e-16 -7.409643e-01
    outer loop
      vertex   -2.121480e+00 8.196455e+01 -8.788392e-01
      vertex   -2.121480e+00 8.246455e+01 -8.788392e-01
      vertex   -1.909849e+00 8.250392e+01 -6.870355e-01
    endloop
  endfacet
  facet normal 6.478163e-01 1.665360e-02 -7.616146e-01
    outer loop
      vertex   -2.121480e+00 8.196455e+01 -8.788392e-01
      vertex   -1.909849e+00 8.250392e+01 -6.870355e-01
      vertex   -1.771585e+00 8.202733e+01 -5.798524e-01
    endloop
  endfacet
  facet normal 5.980980e-01 -6.716584e-03 -8.013948e-01
    outer loop
      vertex   -1.771585e+00 8.202733e+01 -5.798524e-01
      vertex   -1.909849e+00 8.250392e+01 -6.870355e-01
      vertex   -1.675178e+00 8.254261e+01 -5.122201e-01
    endloop
  endfacet
  facet normal 5.242799e-01 1.366276e-02 -8.514364e-01
    outer loop
      vertex   -1.771585e+00 8.202733e+01 -5.798524e-01
      vertex   -1.675178e+00 8.254261e+01 -5.122201e-01
      vertex   -1.368124e+00 8.208559e+01 -3.304823e-01
    endloop
  endfacet
  facet normal 5.170333e-01 7.004486e-03 -8.559366e-01
    outer loop
      vertex   -1.368124e+00 8.208559e+01 -3.304823e-01
      vertex   -1.675178e+00 8.254261e+01 -5.122201e-01
      vertex   -1.420993e+00 8.257881e+01 -3.583817e-01
    endloop
  endfacet
  facet normal 4.309867e-01 -4.844109e-03 -9.023453e-01
    outer loop
      vertex   -1.368124e+00 8.208559e+01 -3.304823e-01
      vertex   -1.420993e+00 8.257881e+01 -3.583817e-01
      vertex   -1.150817e+00 8.261070e+01 -2.295090e-01
    endloop
  endfacet
  facet normal 3.817078e-01 1.972683e-02 -9.240725e-01
    outer loop
      vertex   -1.368124e+00 8.208559e+01 -3.304823e-01
      vertex   -1.150817e+00 8.261070e+01 -2.295090e-01
      vertex   -9.256710e-01 8.213190e+01 -1.467291e-01
    endloop
  endfacet
  facet normal 3.359541e-01 -4.864058e-03 -9.418658e-01
    outer loop
      vertex   -9.256710e-01 8.213190e+01 -1.467291e-01
      vertex   -1.150817e+00 8.261070e+01 -2.295090e-01
      vertex   -8.684549e-01 8.263653e+01 -1.289267e-01
    endloop
  endfacet
  facet normal 2.399666e-01 7.038507e-03 -9.707556e-01
    outer loop
      vertex   -9.256710e-01 8.213190e+01 -1.467291e-01
      vertex   -8.684549e-01 8.263653e+01 -1.289267e-01
      vertex   -5.789467e-01 8.265546e+01 -5.722427e-02
    endloop
  endfacet
  facet normal 2.304027e-01 1.375555e-02 -9.729981e-01
    outer loop
      vertex   -9.256710e-01 8.213190e+01 -1.467291e-01
      vertex   -5.789467e-01 8.265546e+01 -5.722427e-02
      vertex   -4.623470e-01 8.216101e+01 -3.660396e-02
    endloop
  endfacet
  facet normal 1.460972e-01 -6.802919e-03 -9.892469e-01
    outer loop
      vertex   -4.623470e-01 8.216101e+01 -3.660396e-02
      vertex   -5.789467e-01 8.265546e+01 -5.722427e-02
      vertex   -2.876694e-01 8.266710e+01 -1.428698e-02
    endloop
  endfacet
  facet normal 7.854748e-02 1.684358e-02 -9.967681e-01
    outer loop
      vertex   -4.623470e-01 8.216101e+01 -3.660396e-02
      vertex   -2.876694e-01 8.266710e+01 -1.428698e-02
      vertex   2.163547e-13 8.217107e+01 -4.470348e-08
    endloop
  endfacet
  facet normal 4.960327e-02 -1.559713e-17 -9.987690e-01
    outer loop
      vertex   2.163547e-13 8.217107e+01 -4.470348e-08
      vertex   -2.876694e-01 8.266710e+01 -1.428698e-02
      vertex   2.172105e-13 8.267107e+01 -4.470348e-08
    endloop
  endfacet
  facet normal -4.960327e-02 1.542042e-16 -9.987690e-01
    outer loop
      vertex   2.163547e-13 8.217107e+01 -4.470348e-08
      vertex   2.172105e-13 8.267107e+01 -4.470348e-08
      vertex   2.876694e-01 8.266710e+01 -1.428698e-02
    endloop
  endfacet
  facet normal -7.854748e-02 1.684358e-02 -9.967681e-01
    outer loop
      vertex   2.163547e-13 8.217107e+01 -4.470348e-08
      vertex   2.876694e-01 8.266710e+01 -1.428698e-02
      vertex   4.623470e-01 8.216101e+01 -3.660396e-02
    endloop
  endfacet
  facet normal -1.460972e-01 -6.802919e-03 -9.892469e-01
    outer loop
      vertex   4.623470e-01 8.216101e+01 -3.660396e-02
      vertex   2.876694e-01 8.266710e+01 -1.428698e-02
      vertex   5.789467e-01 8.265546e+01 -5.722427e-02
    endloop
  endfacet
  facet normal -2.304027e-01 1.375555e-02 -9.729981e-01
    outer loop
      vertex   4.623470e-01 8.216101e+01 -3.660396e-02
      vertex   5.789467e-01 8.265546e+01 -5.722427e-02
      vertex   9.256710e-01 8.213190e+01 -1.467291e-01
    endloop
  endfacet
  facet normal -2.399666e-01 7.038507e-03 -9.707556e-01
    outer loop
      vertex   9.256710e-01 8.213190e+01 -1.467291e-01
      vertex   5.789467e-01 8.265546e+01 -5.722427e-02
      vertex   8.684549e-01 8.263653e+01 -1.289267e-01
    endloop
  endfacet
  facet normal -3.359541e-01 -4.864058e-03 -9.418658e-01
    outer loop
      vertex   9.256710e-01 8.213190e+01 -1.467291e-01
      vertex   8.684549e-01 8.263653e+01 -1.289267e-01
      vertex   1.150817e+00 8.261070e+01 -2.295090e-01
    endloop
  endfacet
  facet normal -3.817078e-01 1.972683e-02 -9.240725e-01
    outer loop
      vertex   9.256710e-01 8.213190e+01 -1.467291e-01
      vertex   1.150817e+00 8.261070e+01 -2.295090e-01
      vertex   1.368124e+00 8.208559e+01 -3.304823e-01
    endloop
  endfacet
  facet normal -4.309867e-01 -4.844109e-03 -9.023453e-01
    outer loop
      vertex   1.368124e+00 8.208559e+01 -3.304823e-01
      vertex   1.150817e+00 8.261070e+01 -2.295090e-01
      vertex   1.420993e+00 8.257881e+01 -3.583817e-01
    endloop
  endfacet
  facet normal -5.170333e-01 7.004486e-03 -8.559366e-01
    outer loop
      vertex   1.368124e+00 8.208559e+01 -3.304823e-01
      vertex   1.420993e+00 8.257881e+01 -3.583817e-01
      vertex   1.675178e+00 8.254261e+01 -5.122201e-01
    endloop
  endfacet
  facet normal -5.242799e-01 1.366276e-02 -8.514364e-01
    outer loop
      vertex   1.368124e+00 8.208559e+01 -3.304823e-01
      vertex   1.675178e+00 8.254261e+01 -5.122201e-01
      vertex   1.771585e+00 8.202733e+01 -5.798524e-01
    endloop
  endfacet
  facet normal -5.980980e-01 -6.716584e-03 -8.013948e-01
    outer loop
      vertex   1.771585e+00 8.202733e+01 -5.798524e-01
      vertex   1.675178e+00 8.254261e+01 -5.122201e-01
      vertex   1.909849e+00 8.250392e+01 -6.870355e-01
    endloop
  endfacet
  facet normal -6.478163e-01 1.665360e-02 -7.616146e-01
    outer loop
      vertex   1.771585e+00 8.202733e+01 -5.798524e-01
      vertex   1.909849e+00 8.250392e+01 -6.870355e-01
      vertex   2.121480e+00 8.196455e+01 -8.788392e-01
    endloop
  endfacet
  facet normal -6.715444e-01 -6.581085e-16 -7.409643e-01
    outer loop
      vertex   2.121480e+00 8.196455e+01 -8.788392e-01
      vertex   1.909849e+00 8.250392e+01 -6.870355e-01
      vertex   2.121480e+00 8.246455e+01 -8.788392e-01
    endloop
  endfacet
  facet normal -7.410627e-01 -5.963549e-16 -6.714359e-01
    outer loop
      vertex   2.121480e+00 8.196455e+01 -8.788392e-01
      vertex   2.121480e+00 8.246455e+01 -8.788392e-01
      vertex   2.313247e+00 8.242503e+01 -1.090492e+00
    endloop
  endfacet
  facet normal -7.587429e-01 1.667503e-02 -6.511767e-01
    outer loop
      vertex   2.121480e+00 8.196455e+01 -8.788392e-01
      vertex   2.313247e+00 8.242503e+01 -1.090492e+00
      vertex   2.420396e+00 8.190139e+01 -1.228750e+00
    endloop
  endfacet
  facet normal -8.025402e-01 -6.707395e-03 -5.965604e-01
    outer loop
      vertex   2.420396e+00 8.190139e+01 -1.228750e+00
      vertex   2.313247e+00 8.242503e+01 -1.090492e+00
      vertex   2.488002e+00 8.238591e+01 -1.325147e+00
    endloop
  endfacet
  facet normal -8.497174e-01 1.370259e-02 -5.270603e-01
    outer loop
      vertex   2.420396e+00 8.190139e+01 -1.228750e+00
      vertex   2.488002e+00 8.238591e+01 -1.325147e+00
      vertex   2.669657e+00 8.184216e+01 -1.632145e+00
    endloop
  endfacet
  facet normal -8.551070e-01 7.014760e-03 -5.184041e-01
    outer loop
      vertex   2.669657e+00 8.184216e+01 -1.632145e+00
      vertex   2.488002e+00 8.238591e+01 -1.325147e+00
      vertex   2.641772e+00 8.234909e+01 -1.579288e+00
    endloop
  endfacet
  facet normal -9.028370e-01 -4.833343e-03 -4.299559e-01
    outer loop
      vertex   2.669657e+00 8.184216e+01 -1.632145e+00
      vertex   2.641772e+00 8.234909e+01 -1.579288e+00
      vertex   2.770580e+00 8.231644e+01 -1.849397e+00
    endloop
  endfacet
  facet normal -9.226130e-01 1.986945e-02 -3.852148e-01
    outer loop
      vertex   2.669657e+00 8.184216e+01 -1.632145e+00
      vertex   2.770580e+00 8.231644e+01 -1.849397e+00
      vertex   2.853321e+00 8.179463e+01 -2.074482e+00
    endloop
  endfacet
  facet normal -9.421713e-01 -4.850539e-03 -3.350966e-01
    outer loop
      vertex   2.853321e+00 8.179463e+01 -2.074482e+00
      vertex   2.770580e+00 8.231644e+01 -1.849397e+00
      vertex   2.871116e+00 8.228986e+01 -2.131684e+00
    endloop
  endfacet
  facet normal -9.705445e-01 7.058497e-03 -2.408185e-01
    outer loop
      vertex   2.853321e+00 8.179463e+01 -2.074482e+00
      vertex   2.871116e+00 8.228986e+01 -2.131684e+00
      vertex   2.942791e+00 8.227029e+01 -2.421123e+00
    endloop
  endfacet
  facet normal -9.726075e-01 1.384336e-02 -2.320408e-01
    outer loop
      vertex   2.853321e+00 8.179463e+01 -2.074482e+00
      vertex   2.942791e+00 8.227029e+01 -2.421123e+00
      vertex   2.963405e+00 8.176453e+01 -2.537700e+00
    endloop
  endfacet
  facet normal -9.893293e-01 -6.776845e-03 -1.455387e-01
    outer loop
      vertex   2.963405e+00 8.176453e+01 -2.537700e+00
      vertex   2.942791e+00 8.227029e+01 -2.421123e+00
      vertex   2.985716e+00 8.225821e+01 -2.712350e+00
    endloop
  endfacet
  facet normal -9.983736e-01 2.744174e-02 -4.997052e-02
    outer loop
      vertex   2.963405e+00 8.176453e+01 -2.537700e+00
      vertex   2.985716e+00 8.225821e+01 -2.712350e+00
      vertex   3.000000e+00 8.225407e+01 -3.000000e+00
    endloop
  endfacet
  facet normal -9.968817e-01 0.000000e+00 -7.891115e-02
    outer loop
      vertex   3.000000e+00 7.774754e+01 -3.000000e+00
      vertex   2.963405e+00 7.976453e+01 -2.537700e+00
      vertex   3.000000e+00 8.225407e+01 -3.000000e+00
    endloop
  endfacet
  facet normal -9.968817e-01 0.000000e+00 -7.891115e-02
    outer loop
      vertex   3.000000e+00 8.225407e+01 -3.000000e+00
      vertex   2.963405e+00 7.976453e+01 -2.537700e+00
      vertex   2.963405e+00 8.026453e+01 -2.537700e+00
    endloop
  endfacet
  facet normal -9.968817e-01 0.000000e+00 -7.891115e-02
    outer loop
      vertex   3.000000e+00 8.225407e+01 -3.000000e+00
      vertex   2.963405e+00 8.026453e+01 -2.537700e+00
      vertex   2.963405e+00 8.076453e+01 -2.537700e+00
    endloop
  endfacet
  facet normal -9.729035e-01 -0.000000e+00 -2.312117e-01
    outer loop
      vertex   2.963405e+00 8.076453e+01 -2.537700e+00
      vertex   2.963405e+00 8.026453e+01 -2.537700e+00
      vertex   2.853321e+00 8.029463e+01 -2.074482e+00
    endloop
  endfacet
  facet normal -9.729035e-01 0.000000e+00 -2.312117e-01
    outer loop
      vertex   2.963405e+00 8.076453e+01 -2.537700e+00
      vertex   2.853321e+00 8.029463e+01 -2.074482e+00
      vertex   2.853321e+00 8.079463e+01 -2.074482e+00
    endloop
  endfacet
  facet normal -9.235533e-01 -0.000000e+00 -3.834701e-01
    outer loop
      vertex   2.853321e+00 8.079463e+01 -2.074482e+00
      vertex   2.853321e+00 8.029463e+01 -2.074482e+00
      vertex   2.669657e+00 8.034216e+01 -1.632145e+00
    endloop
  endfacet
  facet normal -9.235533e-01 0.000000e+00 -3.834701e-01
    outer loop
      vertex   2.853321e+00 8.079463e+01 -2.074482e+00
      vertex   2.669657e+00 8.034216e+01 -1.632145e+00
      vertex   2.669657e+00 8.084216e+01 -1.632145e+00
    endloop
  endfacet
  facet normal -8.506981e-01 -0.000000e+00 -5.256546e-01
    outer loop
      vertex   2.669657e+00 8.084216e+01 -1.632145e+00
      vertex   2.669657e+00 8.034216e+01 -1.632145e+00
      vertex   2.420396e+00 8.040139e+01 -1.228750e+00
    endloop
  endfacet
  facet normal -8.506981e-01 0.000000e+00 -5.256546e-01
    outer loop
      vertex   2.669657e+00 8.084216e+01 -1.632145e+00
      vertex   2.420396e+00 8.040139e+01 -1.228750e+00
      vertex   2.420396e+00 8.090139e+01 -1.228750e+00
    endloop
  endfacet
  facet normal -7.603373e-01 -0.000000e+00 -6.495285e-01
    outer loop
      vertex   2.420396e+00 8.090139e+01 -1.228750e+00
      vertex   2.420396e+00 8.040139e+01 -1.228750e+00
      vertex   2.121480e+00 8.046455e+01 -8.788392e-01
    endloop
  endfacet
  facet normal -7.603373e-01 0.000000e+00 -6.495285e-01
    outer loop
      vertex   2.420396e+00 8.090139e+01 -1.228750e+00
      vertex   2.121480e+00 8.046455e+01 -8.788392e-01
      vertex   2.121480e+00 8.096455e+01 -8.788392e-01
    endloop
  endfacet
  facet normal -6.496350e-01 -0.000000e+00 -7.602462e-01
    outer loop
      vertex   2.121480e+00 8.096455e+01 -8.788392e-01
      vertex   2.121480e+00 8.046455e+01 -8.788392e-01
      vertex   1.771585e+00 8.052733e+01 -5.798524e-01
    endloop
  endfacet
  facet normal -6.496350e-01 0.000000e+00 -7.602462e-01
    outer loop
      vertex   2.121480e+00 8.096455e+01 -8.788392e-01
      vertex   1.771585e+00 8.052733e+01 -5.798524e-01
      vertex   1.771585e+00 8.102733e+01 -5.798524e-01
    endloop
  endfacet
  facet normal -5.257572e-01 -0.000000e+00 -8.506347e-01
    outer loop
      vertex   1.771585e+00 8.102733e+01 -5.798524e-01
      vertex   1.771585e+00 8.052733e+01 -5.798524e-01
      vertex   1.368124e+00 8.058559e+01 -3.304823e-01
    endloop
  endfacet
  facet normal -5.257572e-01 0.000000e+00 -8.506347e-01
    outer loop
      vertex   1.771585e+00 8.102733e+01 -5.798524e-01
      vertex   1.368124e+00 8.058559e+01 -3.304823e-01
      vertex   1.368124e+00 8.108559e+01 -3.304823e-01
    endloop
  endfacet
  facet normal -3.835442e-01 -0.000000e+00 -9.235225e-01
    outer loop
      vertex   1.368124e+00 8.108559e+01 -3.304823e-01
      vertex   1.368124e+00 8.058559e+01 -3.304823e-01
      vertex   9.256710e-01 8.063190e+01 -1.467291e-01
    endloop
  endfacet
  facet normal -3.835442e-01 0.000000e+00 -9.235225e-01
    outer loop
      vertex   1.368124e+00 8.108559e+01 -3.304823e-01
      vertex   9.256710e-01 8.063190e+01 -1.467291e-01
      vertex   9.256710e-01 8.113190e+01 -1.467291e-01
    endloop
  endfacet
  facet normal -2.312427e-01 -0.000000e+00 -9.728961e-01
    outer loop
      vertex   9.256710e-01 8.113190e+01 -1.467291e-01
      vertex   9.256710e-01 8.063190e+01 -1.467291e-01
      vertex   4.623470e-01 8.066101e+01 -3.660396e-02
    endloop
  endfacet
  facet normal -2.312427e-01 0.000000e+00 -9.728961e-01
    outer loop
      vertex   9.256710e-01 8.113190e+01 -1.467291e-01
      vertex   4.623470e-01 8.066101e+01 -3.660396e-02
      vertex   4.623470e-01 8.116101e+01 -3.660396e-02
    endloop
  endfacet
  facet normal -7.892285e-02 -0.000000e+00 -9.968807e-01
    outer loop
      vertex   4.623470e-01 8.116101e+01 -3.660396e-02
      vertex   4.623470e-01 8.066101e+01 -3.660396e-02
      vertex   2.163547e-13 8.067107e+01 -4.470348e-08
    endloop
  endfacet
  facet normal -7.892285e-02 0.000000e+00 -9.968807e-01
    outer loop
      vertex   4.623470e-01 8.116101e+01 -3.660396e-02
      vertex   2.163547e-13 8.067107e+01 -4.470348e-08
      vertex   2.163547e-13 8.117107e+01 -4.470348e-08
    endloop
  endfacet
  facet normal 7.892285e-02 0.000000e+00 -9.968807e-01
    outer loop
      vertex   2.163547e-13 8.117107e+01 -4.470348e-08
      vertex   2.163547e-13 8.067107e+01 -4.470348e-08
      vertex   -4.623470e-01 8.066101e+01 -3.660396e-02
    endloop
  endfacet
  facet normal 7.892285e-02 0.000000e+00 -9.968807e-01
    outer loop
      vertex   2.163547e-13 8.117107e+01 -4.470348e-08
      vertex   -4.623470e-01 8.066101e+01 -3.660396e-02
      vertex   -4.623470e-01 8.116101e+01 -3.660396e-02
    endloop
  endfacet
  facet normal 2.312427e-01 0.000000e+00 -9.728961e-01
    outer loop
      vertex   -4.623470e-01 8.116101e+01 -3.660396e-02
      vertex   -4.623470e-01 8.066101e+01 -3.660396e-02
      vertex   -9.256710e-01 8.063190e+01 -1.467291e-01
    endloop
  endfacet
  facet normal 2.312427e-01 0.000000e+00 -9.728961e-01
    outer loop
      vertex   -4.623470e-01 8.116101e+01 -3.660396e-02
      vertex   -9.256710e-01 8.063190e+01 -1.467291e-01
      vertex   -9.256710e-01 8.113190e+01 -1.467291e-01
    endloop
  endfacet
  facet normal 3.835442e-01 0.000000e+00 -9.235225e-01
    outer loop
      vertex   -9.256710e-01 8.113190e+01 -1.467291e-01
      vertex   -9.256710e-01 8.063190e+01 -1.467291e-01
      vertex   -1.368124e+00 8.058559e+01 -3.304823e-01
    endloop
  endfacet
  facet normal 3.835442e-01 0.000000e+00 -9.235225e-01
    outer loop
      vertex   -9.256710e-01 8.113190e+01 -1.467291e-01
      vertex   -1.368124e+00 8.058559e+01 -3.304823e-01
      vertex   -1.368124e+00 8.108559e+01 -3.304823e-01
    endloop
  endfacet
  facet normal 5.257572e-01 0.000000e+00 -8.506347e-01
    outer loop
      vertex   -1.368124e+00 8.108559e+01 -3.304823e-01
      vertex   -1.368124e+00 8.058559e+01 -3.304823e-01
      vertex   -1.771585e+00 8.052733e+01 -5.798524e-01
    endloop
  endfacet
  facet normal 5.257572e-01 0.000000e+00 -8.506347e-01
    outer loop
      vertex   -1.368124e+00 8.108559e+01 -3.304823e-01
      vertex   -1.771585e+00 8.052733e+01 -5.798524e-01
      vertex   -1.771585e+00 8.102733e+01 -5.798524e-01
    endloop
  endfacet
  facet normal 6.496350e-01 0.000000e+00 -7.602462e-01
    outer loop
      vertex   -1.771585e+00 8.102733e+01 -5.798524e-01
      vertex   -1.771585e+00 8.052733e+01 -5.798524e-01
      vertex   -2.121480e+00 8.046455e+01 -8.788392e-01
    endloop
  endfacet
  facet normal 6.496350e-01 0.000000e+00 -7.602462e-01
    outer loop
      vertex   -1.771585e+00 8.102733e+01 -5.798524e-01
      vertex   -2.121480e+00 8.046455e+01 -8.788392e-01
      vertex   -2.121480e+00 8.096455e+01 -8.788392e-01
    endloop
  endfacet
  facet normal 7.603373e-01 0.000000e+00 -6.495285e-01
    outer loop
      vertex   -2.121480e+00 8.096455e+01 -8.788392e-01
      vertex   -2.121480e+00 8.046455e+01 -8.788392e-01
      vertex   -2.420396e+00 8.040139e+01 -1.228750e+00
    endloop
  endfacet
  facet normal 7.603373e-01 0.000000e+00 -6.495285e-01
    outer loop
      vertex   -2.121480e+00 8.096455e+01 -8.788392e-01
      vertex   -2.420396e+00 8.040139e+01 -1.228750e+00
      vertex   -2.420396e+00 8.090139e+01 -1.228750e+00
    endloop
  endfacet
  facet normal 8.506981e-01 0.000000e+00 -5.256546e-01
    outer loop
      vertex   -2.420396e+00 8.090139e+01 -1.228750e+00
      vertex   -2.420396e+00 8.040139e+01 -1.228750e+00
      vertex   -2.669657e+00 8.034216e+01 -1.632145e+00
    endloop
  endfacet
  facet normal 8.506981e-01 0.000000e+00 -5.256546e-01
    outer loop
      vertex   -2.420396e+00 8.090139e+01 -1.228750e+00
      vertex   -2.669657e+00 8.034216e+01 -1.632145e+00
      vertex   -2.669657e+00 8.084216e+01 -1.632145e+00
    endloop
  endfacet
  facet normal 9.235533e-01 0.000000e+00 -3.834701e-01
    outer loop
      vertex   -2.669657e+00 8.084216e+01 -1.632145e+00
      vertex   -2.669657e+00 8.034216e+01 -1.632145e+00
      vertex   -2.853321e+00 8.029463e+01 -2.074482e+00
    endloop
  endfacet
  facet normal 9.235533e-01 0.000000e+00 -3.834701e-01
    outer loop
      vertex   -2.669657e+00 8.084216e+01 -1.632145e+00
      vertex   -2.853321e+00 8.029463e+01 -2.074482e+00
      vertex   -2.853321e+00 8.079463e+01 -2.074482e+00
    endloop
  endfacet
  facet normal 9.729035e-01 0.000000e+00 -2.312117e-01
    outer loop
      vertex   -2.853321e+00 8.079463e+01 -2.074482e+00
      vertex   -2.853321e+00 8.029463e+01 -2.074482e+00
      vertex   -2.963405e+00 8.026453e+01 -2.537700e+00
    endloop
  endfacet
  facet normal 9.729035e-01 0.000000e+00 -2.312117e-01
    outer loop
      vertex   -2.853321e+00 8.079463e+01 -2.074482e+00
      vertex   -2.963405e+00 8.026453e+01 -2.537700e+00
      vertex   -2.963405e+00 8.076453e+01 -2.537700e+00
    endloop
  endfacet
  facet normal 9.968817e-01 0.000000e+00 -7.891115e-02
    outer loop
      vertex   -2.963405e+00 8.076453e+01 -2.537700e+00
      vertex   -2.963405e+00 8.026453e+01 -2.537700e+00
      vertex   -3.000000e+00 8.025407e+01 -3.000000e+00
    endloop
  endfacet
  facet normal 9.968817e-01 0.000000e+00 -7.891115e-02
    outer loop
      vertex   -2.963405e+00 8.076453e+01 -2.537700e+00
      vertex   -3.000000e+00 8.025407e+01 -3.000000e+00
      vertex   -3.000000e+00 8.075407e+01 -3.000000e+00
    endloop
  endfacet
  facet normal 9.968817e-01 0.000000e+00 7.891115e-02
    outer loop
      vertex   -3.000000e+00 8.075407e+01 -3.000000e+00
      vertex   -3.000000e+00 8.025407e+01 -3.000000e+00
      vertex   -2.963405e+00 8.026453e+01 -3.462300e+00
    endloop
  endfacet
  facet normal 9.968817e-01 0.000000e+00 7.891115e-02
    outer loop
      vertex   -3.000000e+00 8.075407e+01 -3.000000e+00
      vertex   -2.963405e+00 8.026453e+01 -3.462300e+00
      vertex   -2.963405e+00 8.076453e+01 -3.462300e+00
    endloop
  endfacet
  facet normal 9.729035e-01 0.000000e+00 2.312117e-01
    outer loop
      vertex   -2.963405e+00 8.076453e+01 -3.462300e+00
      vertex   -2.963405e+00 8.026453e+01 -3.462300e+00
      vertex   -2.853321e+00 8.029463e+01 -3.925518e+00
    endloop
  endfacet
  facet normal 9.729035e-01 0.000000e+00 2.312117e-01
    outer loop
      vertex   -2.963405e+00 8.076453e+01 -3.462300e+00
      vertex   -2.853321e+00 8.029463e+01 -3.925518e+00
      vertex   -2.853321e+00 8.079463e+01 -3.925518e+00
    endloop
  endfacet
  facet normal 9.235533e-01 0.000000e+00 3.834701e-01
    outer loop
      vertex   -2.853321e+00 8.079463e+01 -3.925518e+00
      vertex   -2.853321e+00 8.029463e+01 -3.925518e+00
      vertex   -2.669657e+00 8.034216e+01 -4.367855e+00
    endloop
  endfacet
  facet normal 9.235533e-01 0.000000e+00 3.834701e-01
    outer loop
      vertex   -2.853321e+00 8.079463e+01 -3.925518e+00
      vertex   -2.669657e+00 8.034216e+01 -4.367855e+00
      vertex   -2.669657e+00 8.084216e+01 -4.367855e+00
    endloop
  endfacet
  facet normal 8.506981e-01 0.000000e+00 5.256546e-01
    outer loop
      vertex   -2.669657e+00 8.084216e+01 -4.367855e+00
      vertex   -2.669657e+00 8.034216e+01 -4.367855e+00
      vertex   -2.420396e+00 8.040139e+01 -4.771250e+00
    endloop
  endfacet
  facet normal 8.506981e-01 0.000000e+00 5.256546e-01
    outer loop
      vertex   -2.669657e+00 8.084216e+01 -4.367855e+00
      vertex   -2.420396e+00 8.040139e+01 -4.771250e+00
      vertex   -2.420396e+00 8.090139e+01 -4.771250e+00
    endloop
  endfacet
  facet normal 7.603373e-01 0.000000e+00 6.495285e-01
    outer loop
      vertex   -2.420396e+00 8.090139e+01 -4.771250e+00
      vertex   -2.420396e+00 8.040139e+01 -4.771250e+00
      vertex   -2.121480e+00 8.046455e+01 -5.121161e+00
    endloop
  endfacet
  facet normal 7.603373e-01 0.000000e+00 6.495285e-01
    outer loop
      vertex   -2.420396e+00 8.090139e+01 -4.771250e+00
      vertex   -2.121480e+00 8.046455e+01 -5.121161e+00
      vertex   -2.121480e+00 8.096455e+01 -5.121161e+00
    endloop
  endfacet
  facet normal 6.496350e-01 0.000000e+00 7.602462e-01
    outer loop
      vertex   -2.121480e+00 8.096455e+01 -5.121161e+00
      vertex   -2.121480e+00 8.046455e+01 -5.121161e+00
      vertex   -1.771585e+00 8.052733e+01 -5.420148e+00
    endloop
  endfacet
  facet normal 6.496350e-01 0.000000e+00 7.602462e-01
    outer loop
      vertex   -2.121480e+00 8.096455e+01 -5.121161e+00
      vertex   -1.771585e+00 8.052733e+01 -5.420148e+00
      vertex   -1.771585e+00 8.102733e+01 -5.420148e+00
    endloop
  endfacet
  facet normal 5.257572e-01 0.000000e+00 8.506347e-01
    outer loop
      vertex   -1.771585e+00 8.102733e+01 -5.420148e+00
      vertex   -1.771585e+00 8.052733e+01 -5.420148e+00
      vertex   -1.368124e+00 8.058559e+01 -5.669518e+00
    endloop
  endfacet
  facet normal 5.257572e-01 0.000000e+00 8.506347e-01
    outer loop
      vertex   -1.771585e+00 8.102733e+01 -5.420148e+00
      vertex   -1.368124e+00 8.058559e+01 -5.669518e+00
      vertex   -1.368124e+00 8.108559e+01 -5.669518e+00
    endloop
  endfacet
  facet normal 3.835442e-01 0.000000e+00 9.235225e-01
    outer loop
      vertex   -1.368124e+00 8.108559e+01 -5.669518e+00
      vertex   -1.368124e+00 8.058559e+01 -5.669518e+00
      vertex   -9.256710e-01 8.063190e+01 -5.853271e+00
    endloop
  endfacet
  facet normal 3.835442e-01 0.000000e+00 9.235225e-01
    outer loop
      vertex   -1.368124e+00 8.108559e+01 -5.669518e+00
      vertex   -9.256710e-01 8.063190e+01 -5.853271e+00
      vertex   -9.256710e-01 8.113190e+01 -5.853271e+00
    endloop
  endfacet
  facet normal 2.312427e-01 0.000000e+00 9.728961e-01
    outer loop
      vertex   -9.256710e-01 8.113190e+01 -5.853271e+00
      vertex   -9.256710e-01 8.063190e+01 -5.853271e+00
      vertex   -4.623470e-01 8.066101e+01 -5.963396e+00
    endloop
  endfacet
  facet normal 2.312427e-01 0.000000e+00 9.728961e-01
    outer loop
      vertex   -9.256710e-01 8.113190e+01 -5.853271e+00
      vertex   -4.623470e-01 8.066101e+01 -5.963396e+00
      vertex   -4.623470e-01 8.116101e+01 -5.963396e+00
    endloop
  endfacet
  facet normal 7.892285e-02 0.000000e+00 9.968807e-01
    outer loop
      vertex   -4.623470e-01 8.116101e+01 -5.963396e+00
      vertex   -4.623470e-01 8.066101e+01 -5.963396e+00
      vertex   2.167710e-13 8.067107e+01 -6.000000e+00
    endloop
  endfacet
  facet normal 7.892285e-02 0.000000e+00 9.968807e-01
    outer loop
      vertex   -4.623470e-01 8.116101e+01 -5.963396e+00
      vertex   2.167710e-13 8.067107e+01 -6.000000e+00
      vertex   2.167710e-13 8.117107e+01 -6.000000e+00
    endloop
  endfacet
  facet normal -7.892285e-02 0.000000e+00 9.968807e-01
    outer loop
      vertex   2.167710e-13 8.117107e+01 -6.000000e+00
      vertex   2.167710e-13 8.067107e+01 -6.000000e+00
      vertex   4.623470e-01 8.066101e+01 -5.963396e+00
    endloop
  endfacet
  facet normal -7.892285e-02 0.000000e+00 9.968807e-01
    outer loop
      vertex   2.167710e-13 8.117107e+01 -6.000000e+00
      vertex   4.623470e-01 8.066101e+01 -5.963396e+00
      vertex   4.623470e-01 8.116101e+01 -5.963396e+00
    endloop
  endfacet
  facet normal -2.312427e-01 0.000000e+00 9.728961e-01
    outer loop
      vertex   4.623470e-01 8.116101e+01 -5.963396e+00
      vertex   4.623470e-01 8.066101e+01 -5.963396e+00
      vertex   9.256710e-01 8.063190e+01 -5.853271e+00
    endloop
  endfacet
  facet normal -2.312427e-01 0.000000e+00 9.728961e-01
    outer loop
      vertex   4.623470e-01 8.116101e+01 -5.963396e+00
      vertex   9.256710e-01 8.063190e+01 -5.853271e+00
      vertex   9.256710e-01 8.113190e+01 -5.853271e+00
    endloop
  endfacet
  facet normal -3.835442e-01 0.000000e+00 9.235225e-01
    outer loop
      vertex   9.256710e-01 8.113190e+01 -5.853271e+00
      vertex   9.256710e-01 8.063190e+01 -5.853271e+00
      vertex   1.368124e+00 8.058559e+01 -5.669518e+00
    endloop
  endfacet
  facet normal -3.835442e-01 0.000000e+00 9.235225e-01
    outer loop
      vertex   9.256710e-01 8.113190e+01 -5.853271e+00
      vertex   1.368124e+00 8.058559e+01 -5.669518e+00
      vertex   1.368124e+00 8.108559e+01 -5.669518e+00
    endloop
  endfacet
  facet normal -5.257572e-01 0.000000e+00 8.506347e-01
    outer loop
      vertex   1.368124e+00 8.108559e+01 -5.669518e+00
      vertex   1.368124e+00 8.058559e+01 -5.669518e+00
      vertex   1.771585e+00 8.052733e+01 -5.420148e+00
    endloop
  endfacet
  facet normal -5.257572e-01 0.000000e+00 8.506347e-01
    outer loop
      vertex   1.368124e+00 8.108559e+01 -5.669518e+00
      vertex   1.771585e+00 8.052733e+01 -5.420148e+00
      vertex   1.771585e+00 8.102733e+01 -5.420148e+00
    endloop
  endfacet
  facet normal -6.496350e-01 0.000000e+00 7.602462e-01
    outer loop
      vertex   1.771585e+00 8.102733e+01 -5.420148e+00
      vertex   1.771585e+00 8.052733e+01 -5.420148e+00
      vertex   2.121480e+00 8.046455e+01 -5.121161e+00
    endloop
  endfacet
  facet normal -6.496350e-01 0.000000e+00 7.602462e-01
    outer loop
      vertex   1.771585e+00 8.102733e+01 -5.420148e+00
      vertex   2.121480e+00 8.046455e+01 -5.121161e+00
      vertex   2.121480e+00 8.096455e+01 -5.121161e+00
    endloop
  endfacet
  facet normal -7.603373e-01 0.000000e+00 6.495285e-01
    outer loop
      vertex   2.121480e+00 8.096455e+01 -5.121161e+00
      vertex   2.121480e+00 8.046455e+01 -5.121161e+00
      vertex   2.420396e+00 8.040139e+01 -4.771250e+00
    endloop
  endfacet
  facet normal -7.603373e-01 0.000000e+00 6.495285e-01
    outer loop
      vertex   2.121480e+00 8.096455e+01 -5.121161e+00
      vertex   2.420396e+00 8.040139e+01 -4.771250e+00
      vertex   2.420396e+00 8.090139e+01 -4.771250e+00
    endloop
  endfacet
  facet normal -8.506981e-01 0.000000e+00 5.256546e-01
    outer loop
      vertex   2.420396e+00 8.090139e+01 -4.771250e+00
      vertex   2.420396e+00 8.040139e+01 -4.771250e+00
      vertex   2.669657e+00 8.034216e+01 -4.367855e+00
    endloop
  endfacet
  facet normal -8.506981e-01 0.000000e+00 5.256546e-01
    outer loop
      vertex   2.420396e+00 8.090139e+01 -4.771250e+00
      vertex   2.669657e+00 8.034216e+01 -4.367855e+00
      vertex   2.669657e+00 8.084216e+01 -4.367855e+00
    endloop
  endfacet
  facet normal -9.235533e-01 0.000000e+00 3.834701e-01
    outer loop
      vertex   2.669657e+00 8.084216e+01 -4.367855e+00
      vertex   2.669657e+00 8.034216e+01 -4.367855e+00
      vertex   2.853321e+00 8.029463e+01 -3.925518e+00
    endloop
  endfacet
  facet normal -9.235533e-01 0.000000e+00 3.834701e-01
    outer loop
      vertex   2.669657e+00 8.084216e+01 -4.367855e+00
      vertex   2.853321e+00 8.029463e+01 -3.925518e+00
      vertex   2.853321e+00 8.079463e+01 -3.925518e+00
    endloop
  endfacet
  facet normal -9.729035e-01 0.000000e+00 2.312117e-01
    outer loop
      vertex   2.853321e+00 8.079463e+01 -3.925518e+00
      vertex   2.853321e+00 8.029463e+01 -3.925518e+00
      vertex   2.963405e+00 8.026453e+01 -3.462300e+00
    endloop
  endfacet
  facet normal -9.968817e-01 0.000000e+00 -7.891115e-02
    outer loop
      vertex   3.000000e+00 8.225407e+01 -3.000000e+00
      vertex   2.963405e+00 8.126453e+01 -2.537700e+00
      vertex   2.963405e+00 8.176453e+01 -2.537700e+00
    endloop
  endfacet
  facet normal -9.729035e-01 -0.000000e+00 -2.312117e-01
    outer loop
      vertex   2.963405e+00 8.176453e+01 -2.537700e+00
      vertex   2.963405e+00 8.126453e+01 -2.537700e+00
      vertex   2.853321e+00 8.129463e+01 -2.074482e+00
    endloop
  endfacet
  facet normal -9.729035e-01 0.000000e+00 -2.312117e-01
    outer loop
      vertex   2.963405e+00 8.176453e+01 -2.537700e+00
      vertex   2.853321e+00 8.129463e+01 -2.074482e+00
      vertex   2.853321e+00 8.179463e+01 -2.074482e+00
    endloop
  endfacet
  facet normal -9.235533e-01 -0.000000e+00 -3.834701e-01
    outer loop
      vertex   2.853321e+00 8.179463e+01 -2.074482e+00
      vertex   2.853321e+00 8.129463e+01 -2.074482e+00
      vertex   2.669657e+00 8.134216e+01 -1.632145e+00
    endloop
  endfacet
  facet normal -9.235533e-01 0.000000e+00 -3.834701e-01
    outer loop
      vertex   2.853321e+00 8.179463e+01 -2.074482e+00
      vertex   2.669657e+00 8.134216e+01 -1.632145e+00
      vertex   2.669657e+00 8.184216e+01 -1.632145e+00
    endloop
  endfacet
  facet normal -8.506981e-01 -0.000000e+00 -5.256546e-01
    outer loop
      vertex   2.669657e+00 8.184216e+01 -1.632145e+00
      vertex   2.669657e+00 8.134216e+01 -1.632145e+00
      vertex   2.420396e+00 8.140139e+01 -1.228750e+00
    endloop
  endfacet
  facet normal -8.506981e-01 0.000000e+00 -5.256546e-01
    outer loop
      vertex   2.669657e+00 8.184216e+01 -1.632145e+00
      vertex   2.420396e+00 8.140139e+01 -1.228750e+00
      vertex   2.420396e+00 8.190139e+01 -1.228750e+00
    endloop
  endfacet
  facet normal -7.603373e-01 -0.000000e+00 -6.495285e-01
    outer loop
      vertex   2.420396e+00 8.190139e+01 -1.228750e+00
      vertex   2.420396e+00 8.140139e+01 -1.228750e+00
      vertex   2.121480e+00 8.146455e+01 -8.788392e-01
    endloop
  endfacet
  facet normal -7.603373e-01 0.000000e+00 -6.495285e-01
    outer loop
      vertex   2.420396e+00 8.190139e+01 -1.228750e+00
      vertex   2.121480e+00 8.146455e+01 -8.788392e-01
      vertex   2.121480e+00 8.196455e+01 -8.788392e-01
    endloop
  endfacet
  facet normal -6.496350e-01 -0.000000e+00 -7.602462e-01
    outer loop
      vertex   2.121480e+00 8.196455e+01 -8.788392e-01
      vertex   2.121480e+00 8.146455e+01 -8.788392e-01
      vertex   1.771585e+00 8.152733e+01 -5.798524e-01
    endloop
  endfacet
  facet normal -6.496350e-01 0.000000e+00 -7.602462e-01
    outer loop
      vertex   2.121480e+00 8.196455e+01 -8.788392e-01
      vertex   1.771585e+00 8.152733e+01 -5.798524e-01
      vertex   1.771585e+00 8.202733e+01 -5.798524e-01
    endloop
  endfacet
  facet normal -5.257572e-01 -0.000000e+00 -8.506347e-01
    outer loop
      vertex   1.771585e+00 8.202733e+01 -5.798524e-01
      vertex   1.771585e+00 8.152733e+01 -5.798524e-01
      vertex   1.368124e+00 8.158559e+01 -3.304823e-01
    endloop
  endfacet
  facet normal -5.257572e-01 0.000000e+00 -8.506347e-01
    outer loop
      vertex   1.771585e+00 8.202733e+01 -5.798524e-01
      vertex   1.368124e+00 8.158559e+01 -3.304823e-01
      vertex   1.368124e+00 8.208559e+01 -3.304823e-01
    endloop
  endfacet
  facet normal -3.835442e-01 -0.000000e+00 -9.235225e-01
    outer loop
      vertex   1.368124e+00 8.208559e+01 -3.304823e-01
      vertex   1.368124e+00 8.158559e+01 -3.304823e-01
      vertex   9.256710e-01 8.163190e+01 -1.467291e-01
    endloop
  endfacet
  facet normal -3.835442e-01 0.000000e+00 -9.235225e-01
    outer loop
      vertex   1.368124e+00 8.208559e+01 -3.304823e-01
      vertex   9.256710e-01 8.163190e+01 -1.467291e-01
      vertex   9.256710e-01 8.213190e+01 -1.467291e-01
    endloop
  endfacet
  facet normal -2.312427e-01 -0.000000e+00 -9.728961e-01
    outer loop
      vertex   9.256710e-01 8.213190e+01 -1.467291e-01
      vertex   9.256710e-01 8.163190e+01 -1.467291e-01
      vertex   4.623470e-01 8.166101e+01 -3.660396e-02
    endloop
  endfacet
  facet normal -2.312427e-01 0.000000e+00 -9.728961e-01
    outer loop
      vertex   9.256710e-01 8.213190e+01 -1.467291e-01
      vertex   4.623470e-01 8.166101e+01 -3.660396e-02
      vertex   4.623470e-01 8.216101e+01 -3.660396e-02
    endloop
  endfacet
  facet normal -7.892285e-02 -0.000000e+00 -9.968807e-01
    outer loop
      vertex   4.623470e-01 8.216101e+01 -3.660396e-02
      vertex   4.623470e-01 8.166101e+01 -3.660396e-02
      vertex   2.163547e-13 8.167107e+01 -4.470348e-08
    endloop
  endfacet
  facet normal -7.892285e-02 0.000000e+00 -9.968807e-01
    outer loop
      vertex   4.623470e-01 8.216101e+01 -3.660396e-02
      vertex   2.163547e-13 8.167107e+01 -4.470348e-08
      vertex   2.163547e-13 8.217107e+01 -4.470348e-08
    endloop
  endfacet
  facet normal 7.892285e-02 0.000000e+00 -9.968807e-01
    outer loop
      vertex   2.163547e-13 8.217107e+01 -4.470348e-08
      vertex   2.163547e-13 8.167107e+01 -4.470348e-08
      vertex   -4.623470e-01 8.166101e+01 -3.660396e-02
    endloop
  endfacet
  facet normal 7.892285e-02 0.000000e+00 -9.968807e-01
    outer loop
      vertex   2.163547e-13 8.217107e+01 -4.470348e-08
      vertex   -4.623470e-01 8.166101e+01 -3.660396e-02
      vertex   -4.623470e-01 8.216101e+01 -3.660396e-02
    endloop
  endfacet
  facet normal 2.312427e-01 0.000000e+00 -9.728961e-01
    outer loop
      vertex   -4.623470e-01 8.216101e+01 -3.660396e-02
      vertex   -4.623470e-01 8.166101e+01 -3.660396e-02
      vertex   -9.256710e-01 8.163190e+01 -1.467291e-01
    endloop
  endfacet
  facet normal 2.312427e-01 0.000000e+00 -9.728961e-01
    outer loop
      vertex   -4.623470e-01 8.216101e+01 -3.660396e-02
      vertex   -9.256710e-01 8.163190e+01 -1.467291e-01
      vertex   -9.256710e-01 8.213190e+01 -1.467291e-01
    endloop
  endfacet
  facet normal 3.835442e-01 0.000000e+00 -9.235225e-01
    outer loop
      vertex   -9.256710e-01 8.213190e+01 -1.467291e-01
      vertex   -9.256710e-01 8.163190e+01 -1.467291e-01
      vertex   -1.368124e+00 8.158559e+01 -3.304823e-01
    endloop
  endfacet
  facet normal 3.835442e-01 0.000000e+00 -9.235225e-01
    outer loop
      vertex   -9.256710e-01 8.213190e+01 -1.467291e-01
      vertex   -1.368124e+00 8.158559e+01 -3.304823e-01
      vertex   -1.368124e+00 8.208559e+01 -3.304823e-01
    endloop
  endfacet
  facet normal 5.257572e-01 0.000000e+00 -8.506347e-01
    outer loop
      vertex   -1.368124e+00 8.208559e+01 -3.304823e-01
      vertex   -1.368124e+00 8.158559e+01 -3.304823e-01
      vertex   -1.771585e+00 8.152733e+01 -5.798524e-01
    endloop
  endfacet
  facet normal 5.257572e-01 0.000000e+00 -8.506347e-01
    outer loop
      vertex   -1.368124e+00 8.208559e+01 -3.304823e-01
      vertex   -1.771585e+00 8.152733e+01 -5.798524e-01
      vertex   -1.771585e+00 8.202733e+01 -5.798524e-01
    endloop
  endfacet
  facet normal 6.496350e-01 0.000000e+00 -7.602462e-01
    outer loop
      vertex   -1.771585e+00 8.202733e+01 -5.798524e-01
      vertex   -1.771585e+00 8.152733e+01 -5.798524e-01
      vertex   -2.121480e+00 8.146455e+01 -8.788392e-01
    endloop
  endfacet
  facet normal 6.496350e-01 0.000000e+00 -7.602462e-01
    outer loop
      vertex   -1.771585e+00 8.202733e+01 -5.798524e-01
      vertex   -2.121480e+00 8.146455e+01 -8.788392e-01
      vertex   -2.121480e+00 8.196455e+01 -8.788392e-01
    endloop
  endfacet
  facet normal 7.603373e-01 0.000000e+00 -6.495285e-01
    outer loop
      vertex   -2.121480e+00 8.196455e+01 -8.788392e-01
      vertex   -2.121480e+00 8.146455e+01 -8.788392e-01
      vertex   -2.420396e+00 8.140139e+01 -1.228750e+00
    endloop
  endfacet
  facet normal 7.603373e-01 0.000000e+00 -6.495285e-01
    outer loop
      vertex   -2.121480e+00 8.196455e+01 -8.788392e-01
      vertex   -2.420396e+00 8.140139e+01 -1.228750e+00
      vertex   -2.420396e+00 8.190139e+01 -1.228750e+00
    endloop
  endfacet
  facet normal 8.506981e-01 0.000000e+00 -5.256546e-01
    outer loop
      vertex   -2.420396e+00 8.190139e+01 -1.228750e+00
      vertex   -2.420396e+00 8.140139e+01 -1.228750e+00
      vertex   -2.669657e+00 8.134216e+01 -1.632145e+00
    endloop
  endfacet
  facet normal 8.506981e-01 0.000000e+00 -5.256546e-01
    outer loop
      vertex   -2.420396e+00 8.190139e+01 -1.228750e+00
      vertex   -2.669657e+00 8.134216e+01 -1.632145e+00
      vertex   -2.669657e+00 8.184216e+01 -1.632145e+00
    endloop
  endfacet
  facet normal 9.235533e-01 0.000000e+00 -3.834701e-01
    outer loop
      vertex   -2.669657e+00 8.184216e+01 -1.632145e+00
      vertex   -2.669657e+00 8.134216e+01 -1.632145e+00
      vertex   -2.853321e+00 8.129463e+01 -2.074482e+00
    endloop
  endfacet
  facet normal 9.235533e-01 0.000000e+00 -3.834701e-01
    outer loop
      vertex   -2.669657e+00 8.184216e+01 -1.632145e+00
      vertex   -2.853321e+00 8.129463e+01 -2.074482e+00
      vertex   -2.853321e+00 8.179463e+01 -2.074482e+00
    endloop
  endfacet
  facet normal 9.729035e-01 0.000000e+00 -2.312117e-01
    outer loop
      vertex   -2.853321e+00 8.179463e+01 -2.074482e+00
      vertex   -2.853321e+00 8.129463e+01 -2.074482e+00
      vertex   -2.963405e+00 8.126453e+01 -2.537700e+00
    endloop
  endfacet
  facet normal 9.729035e-01 0.000000e+00 -2.312117e-01
    outer loop
      vertex   -2.853321e+00 8.179463e+01 -2.074482e+00
      vertex   -2.963405e+00 8.126453e+01 -2.537700e+00
      vertex   -2.963405e+00 8.176453e+01 -2.537700e+00
    endloop
  endfacet
  facet normal 9.968817e-01 0.000000e+00 -7.891115e-02
    outer loop
      vertex   -2.963405e+00 8.176453e+01 -2.537700e+00
      vertex   -2.963405e+00 8.126453e+01 -2.537700e+00
      vertex   -3.000000e+00 8.125407e+01 -3.000000e+00
    endloop
  endfacet
  facet normal 9.968817e-01 0.000000e+00 -7.891115e-02
    outer loop
      vertex   -2.963405e+00 8.176453e+01 -2.537700e+00
      vertex   -3.000000e+00 8.125407e+01 -3.000000e+00
      vertex   -3.000000e+00 8.175407e+01 -3.000000e+00
    endloop
  endfacet
  facet normal 9.968817e-01 0.000000e+00 7.891115e-02
    outer loop
      vertex   -3.000000e+00 8.175407e+01 -3.000000e+00
      vertex   -3.000000e+00 8.125407e+01 -3.000000e+00
      vertex   -2.963405e+00 8.126453e+01 -3.462300e+00
    endloop
  endfacet
  facet normal 9.968817e-01 0.000000e+00 7.891115e-02
    outer loop
      vertex   -3.000000e+00 8.175407e+01 -3.000000e+00
      vertex   -2.963405e+00 8.126453e+01 -3.462300e+00
      vertex   -2.963405e+00 8.176453e+01 -3.462300e+00
    endloop
  endfacet
  facet normal 9.729035e-01 0.000000e+00 2.312117e-01
    outer loop
      vertex   -2.963405e+00 8.176453e+01 -3.462300e+00
      vertex   -2.963405e+00 8.126453e+01 -3.462300e+00
      vertex   -2.853321e+00 8.129463e+01 -3.925518e+00
    endloop
  endfacet
  facet normal 9.729035e-01 0.000000e+00 2.312117e-01
    outer loop
      vertex   -2.963405e+00 8.176453e+01 -3.462300e+00
      vertex   -2.853321e+00 8.129463e+01 -3.925518e+00
      vertex   -2.853321e+00 8.179463e+01 -3.925518e+00
    endloop
  endfacet
  facet normal 9.235533e-01 0.000000e+00 3.834701e-01
    outer loop
      vertex   -2.853321e+00 8.179463e+01 -3.925518e+00
      vertex   -2.853321e+00 8.129463e+01 -3.925518e+00
      vertex   -2.669657e+00 8.134216e+01 -4.367855e+00
    endloop
  endfacet
  facet normal 9.235533e-01 0.000000e+00 3.834701e-01
    outer loop
      vertex   -2.853321e+00 8.179463e+01 -3.925518e+00
      vertex   -2.669657e+00 8.134216e+01 -4.367855e+00
      vertex   -2.669657e+00 8.184216e+01 -4.367855e+00
    endloop
  endfacet
  facet normal 8.506981e-01 0.000000e+00 5.256546e-01
    outer loop
      vertex   -2.669657e+00 8.184216e+01 -4.367855e+00
      vertex   -2.669657e+00 8.134216e+01 -4.367855e+00
      vertex   -2.420396e+00 8.140139e+01 -4.771250e+00
    endloop
  endfacet
  facet normal 8.506981e-01 0.000000e+00 5.256546e-01
    outer loop
      vertex   -2.669657e+00 8.184216e+01 -4.367855e+00
      vertex   -2.420396e+00 8.140139e+01 -4.771250e+00
      vertex   -2.420396e+00 8.190139e+01 -4.771250e+00
    endloop
  endfacet
  facet normal 7.603373e-01 0.000000e+00 6.495285e-01
    outer loop
      vertex   -2.420396e+00 8.190139e+01 -4.771250e+00
      vertex   -2.420396e+00 8.140139e+01 -4.771250e+00
      vertex   -2.121480e+00 8.146455e+01 -5.121161e+00
    endloop
  endfacet
  facet normal 7.603373e-01 0.000000e+00 6.495285e-01
    outer loop
      vertex   -2.420396e+00 8.190139e+01 -4.771250e+00
      vertex   -2.121480e+00 8.146455e+01 -5.121161e+00
      vertex   -2.121480e+00 8.196455e+01 -5.121161e+00
    endloop
  endfacet
  facet normal 6.496350e-01 0.000000e+00 7.602462e-01
    outer loop
      vertex   -2.121480e+00 8.196455e+01 -5.121161e+00
      vertex   -2.121480e+00 8.146455e+01 -5.121161e+00
      vertex   -1.771585e+00 8.152733e+01 -5.420148e+00
    endloop
  endfacet
  facet normal 6.496350e-01 0.000000e+00 7.602462e-01
    outer loop
      vertex   -2.121480e+00 8.196455e+01 -5.121161e+00
      vertex   -1.771585e+00 8.152733e+01 -5.420148e+00
      vertex   -1.771585e+00 8.202733e+01 -5.420148e+00
    endloop
  endfacet
  facet normal 5.257572e-01 0.000000e+00 8.506347e-01
    outer loop
      vertex   -1.771585e+00 8.202733e+01 -5.420148e+00
      vertex   -1.771585e+00 8.152733e+01 -5.420148e+00
      vertex   -1.368124e+00 8.158559e+01 -5.669518e+00
    endloop
  endfacet
  facet normal 5.257572e-01 0.000000e+00 8.506347e-01
    outer loop
      vertex   -1.771585e+00 8.202733e+01 -5.420148e+00
      vertex   -1.368124e+00 8.158559e+01 -5.669518e+00
      vertex   -1.368124e+00 8.208559e+01 -5.669518e+00
    endloop
  endfacet
  facet normal 3.835442e-01 0.000000e+00 9.235225e-01
    outer loop
      vertex   -1.368124e+00 8.208559e+01 -5.669518e+00
      vertex   -1.368124e+00 8.158559e+01 -5.669518e+00
      vertex   -9.256710e-01 8.163190e+01 -5.853271e+00
    endloop
  endfacet
  facet normal 3.835442e-01 0.000000e+00 9.235225e-01
    outer loop
      vertex   -1.368124e+00 8.208559e+01 -5.669518e+00
      vertex   -9.256710e-01 8.163190e+01 -5.853271e+00
      vertex   -9.256710e-01 8.213190e+01 -5.853271e+00
    endloop
  endfacet
  facet normal 2.312427e-01 0.000000e+00 9.728961e-01
    outer loop
      vertex   -9.256710e-01 8.213190e+01 -5.853271e+00
      vertex   -9.256710e-01 8.163190e+01 -5.853271e+00
      vertex   -4.623470e-01 8.166101e+01 -5.963396e+00
    endloop
  endfacet
  facet normal 2.312427e-01 0.000000e+00 9.728961e-01
    outer loop
      vertex   -9.256710e-01 8.213190e+01 -5.853271e+00
      vertex   -4.623470e-01 8.166101e+01 -5.963396e+00
      vertex   -4.623470e-01 8.216101e+01 -5.963396e+00
    endloop
  endfacet
  facet normal 7.892285e-02 0.000000e+00 9.968807e-01
    outer loop
      vertex   -4.623470e-01 8.216101e+01 -5.963396e+00
      vertex   -4.623470e-01 8.166101e+01 -5.963396e+00
      vertex   2.167710e-13 8.167107e+01 -6.000000e+00
    endloop
  endfacet
  facet normal 7.892285e-02 0.000000e+00 9.968807e-01
    outer loop
      vertex   -4.623470e-01 8.216101e+01 -5.963396e+00
      vertex   2.167710e-13 8.167107e+01 -6.000000e+00
      vertex   2.167710e-13 8.217107e+01 -6.000000e+00
    endloop
  endfacet
  facet normal -7.892285e-02 0.000000e+00 9.968807e-01
    outer loop
      vertex   2.167710e-13 8.217107e+01 -6.000000e+00
      vertex   2.167710e-13 8.167107e+01 -6.000000e+00
      vertex   4.623470e-01 8.166101e+01 -5.963396e+00
    endloop
  endfacet
  facet normal -7.892285e-02 0.000000e+00 9.968807e-01
    outer loop
      vertex   2.167710e-13 8.217107e+01 -6.000000e+00
      vertex   4.623470e-01 8.166101e+01 -5.963396e+00
      vertex   4.623470e-01 8.216101e+01 -5.963396e+00
    endloop
  endfacet
  facet normal -2.312427e-01 0.000000e+00 9.728961e-01
    outer loop
      vertex   4.623470e-01 8.216101e+01 -5.963396e+00
      vertex   4.623470e-01 8.166101e+01 -5.963396e+00
      vertex   9.256710e-01 8.163190e+01 -5.853271e+00
    endloop
  endfacet
  facet normal -2.312427e-01 0.000000e+00 9.728961e-01
    outer loop
      vertex   4.623470e-01 8.216101e+01 -5.963396e+00
      vertex   9.256710e-01 8.163190e+01 -5.853271e+00
      vertex   9.256710e-01 8.213190e+01 -5.853271e+00
    endloop
  endfacet
  facet normal -3.835442e-01 0.000000e+00 9.235225e-01
    outer loop
      vertex   9.256710e-01 8.213190e+01 -5.853271e+00
      vertex   9.256710e-01 8.163190e+01 -5.853271e+00
      vertex   1.368124e+00 8.158559e+01 -5.669518e+00
    endloop
  endfacet
  facet normal -3.835442e-01 0.000000e+00 9.235225e-01
    outer loop
      vertex   9.256710e-01 8.213190e+01 -5.853271e+00
      vertex   1.368124e+00 8.158559e+01 -5.669518e+00
      vertex   1.368124e+00 8.208559e+01 -5.669518e+00
    endloop
  endfacet
  facet normal -5.257572e-01 0.000000e+00 8.506347e-01
    outer loop
      vertex   1.368124e+00 8.208559e+01 -5.669518e+00
      vertex   1.368124e+00 8.158559e+01 -5.669518e+00
      vertex   1.771585e+00 8.152733e+01 -5.420148e+00
    endloop
  endfacet
  facet normal -5.257572e-01 0.000000e+00 8.506347e-01
    outer loop
      vertex   1.368124e+00 8.208559e+01 -5.669518e+00
      vertex   1.771585e+00 8.152733e+01 -5.420148e+00
      vertex   1.771585e+00 8.202733e+01 -5.420148e+00
    endloop
  endfacet
  facet normal -6.496350e-01 0.000000e+00 7.602462e-01
    outer loop
      vertex   1.771585e+00 8.202733e+01 -5.420148e+00
      vertex   1.771585e+00 8.152733e+01 -5.420148e+00
      vertex   2.121480e+00 8.146455e+01 -5.121161e+00
    endloop
  endfacet
  facet normal -6.496350e-01 0.000000e+00 7.602462e-01
    outer loop
      vertex   1.771585e+00 8.202733e+01 -5.420148e+00
      vertex   2.121480e+00 8.146455e+01 -5.121161e+00
      vertex   2.121480e+00 8.196455e+01 -5.121161e+00
    endloop
  endfacet
  facet normal -7.603373e-01 0.000000e+00 6.495285e-01
    outer loop
      vertex   2.121480e+00 8.196455e+01 -5.121161e+00
      vertex   2.121480e+00 8.146455e+01 -5.121161e+00
      vertex   2.420396e+00 8.140139e+01 -4.771250e+00
    endloop
  endfacet
  facet normal -7.603373e-01 0.000000e+00 6.495285e-01
    outer loop
      vertex   2.121480e+00 8.196455e+01 -5.121161e+00
      vertex   2.420396e+00 8.140139e+01 -4.771250e+00
      vertex   2.420396e+00 8.190139e+01 -4.771250e+00
    endloop
  endfacet
  facet normal -8.506981e-01 0.000000e+00 5.256546e-01
    outer loop
      vertex   2.420396e+00 8.190139e+01 -4.771250e+00
      vertex   2.420396e+00 8.140139e+01 -4.771250e+00
      vertex   2.669657e+00 8.134216e+01 -4.367855e+00
    endloop
  endfacet
  facet normal -9.729035e-01 0.000000e+00 2.312117e-01
    outer loop
      vertex   2.963405e+00 7.876453e+01 -3.462300e+00
      vertex   2.853321e+00 7.879463e+01 -3.925518e+00
      vertex   2.963405e+00 7.826453e+01 -3.462300e+00
    endloop
  endfacet
  facet normal -9.729035e-01 0.000000e+00 2.312117e-01
    outer loop
      vertex   2.963405e+00 7.826453e+01 -3.462300e+00
      vertex   2.853321e+00 7.879463e+01 -3.925518e+00
      vertex   2.853321e+00 7.829463e+01 -3.925518e+00
    endloop
  endfacet
  facet normal -9.235533e-01 0.000000e+00 3.834701e-01
    outer loop
      vertex   2.853321e+00 7.879463e+01 -3.925518e+00
      vertex   2.669657e+00 7.884216e+01 -4.367855e+00
      vertex   2.853321e+00 7.829463e+01 -3.925518e+00
    endloop
  endfacet
  facet normal -9.235533e-01 0.000000e+00 3.834701e-01
    outer loop
      vertex   2.853321e+00 7.829463e+01 -3.925518e+00
      vertex   2.669657e+00 7.884216e+01 -4.367855e+00
      vertex   2.669657e+00 7.834216e+01 -4.367855e+00
    endloop
  endfacet
  facet normal -8.506981e-01 0.000000e+00 5.256546e-01
    outer loop
      vertex   2.669657e+00 7.884216e+01 -4.367855e+00
      vertex   2.420396e+00 7.890139e+01 -4.771250e+00
      vertex   2.669657e+00 7.834216e+01 -4.367855e+00
    endloop
  endfacet
  facet normal -8.506981e-01 0.000000e+00 5.256546e-01
    outer loop
      vertex   2.669657e+00 7.834216e+01 -4.367855e+00
      vertex   2.420396e+00 7.890139e+01 -4.771250e+00
      vertex   2.420396e+00 7.840139e+01 -4.771250e+00
    endloop
  endfacet
  facet normal -7.603373e-01 0.000000e+00 6.495285e-01
    outer loop
      vertex   2.420396e+00 7.890139e+01 -4.771250e+00
      vertex   2.121480e+00 7.896455e+01 -5.121161e+00
      vertex   2.420396e+00 7.840139e+01 -4.771250e+00
    endloop
  endfacet
  facet normal -7.603373e-01 0.000000e+00 6.495285e-01
    outer loop
      vertex   2.420396e+00 7.840139e+01 -4.771250e+00
      vertex   2.121480e+00 7.896455e+01 -5.121161e+00
      vertex   2.121480e+00 7.846455e+01 -5.121161e+00
    endloop
  endfacet
  facet normal -6.496350e-01 0.000000e+00 7.602462e-01
    outer loop
      vertex   2.121480e+00 7.896455e+01 -5.121161e+00
      vertex   1.771585e+00 7.902733e+01 -5.420148e+00
      vertex   2.121480e+00 7.846455e+01 -5.121161e+00
    endloop
  endfacet
  facet normal -6.496350e-01 0.000000e+00 7.602462e-01
    outer loop
      vertex   2.121480e+00 7.846455e+01 -5.121161e+00
      vertex   1.771585e+00 7.902733e+01 -5.420148e+00
      vertex   1.771585e+00 7.852733e+01 -5.420148e+00
    endloop
  endfacet
  facet normal -5.257572e-01 0.000000e+00 8.506347e-01
    outer loop
      vertex   1.771585e+00 7.902733e+01 -5.420148e+00
      vertex   1.368124e+00 7.908559e+01 -5.669518e+00
      vertex   1.771585e+00 7.852733e+01 -5.420148e+00
    endloop
  endfacet
  facet normal -5.257572e-01 0.000000e+00 8.506347e-01
    outer loop
      vertex   1.771585e+00 7.852733e+01 -5.420148e+00
      vertex   1.368124e+00 7.908559e+01 -5.669518e+00
      vertex   1.368124e+00 7.858559e+01 -5.669518e+00
    endloop
  endfacet
  facet normal -3.835442e-01 0.000000e+00 9.235225e-01
    outer loop
      vertex   1.368124e+00 7.908559e+01 -5.669518e+00
      vertex   9.256710e-01 7.913190e+01 -5.853271e+00
      vertex   1.368124e+00 7.858559e+01 -5.669518e+00
    endloop
  endfacet
  facet normal -3.835442e-01 0.000000e+00 9.235225e-01
    outer loop
      vertex   1.368124e+00 7.858559e+01 -5.669518e+00
      vertex   9.256710e-01 7.913190e+01 -5.853271e+00
      vertex   9.256710e-01 7.863190e+01 -5.853271e+00
    endloop
  endfacet
  facet normal -2.312427e-01 0.000000e+00 9.728961e-01
    outer loop
      vertex   9.256710e-01 7.913190e+01 -5.853271e+00
      vertex   4.623470e-01 7.916101e+01 -5.963396e+00
      vertex   9.256710e-01 7.863190e+01 -5.853271e+00
    endloop
  endfacet
  facet normal -2.312427e-01 0.000000e+00 9.728961e-01
    outer loop
      vertex   9.256710e-01 7.863190e+01 -5.853271e+00
      vertex   4.623470e-01 7.916101e+01 -5.963396e+00
      vertex   4.623470e-01 7.866101e+01 -5.963396e+00
    endloop
  endfacet
  facet normal -7.892285e-02 0.000000e+00 9.968807e-01
    outer loop
      vertex   4.623470e-01 7.916101e+01 -5.963396e+00
      vertex   2.167710e-13 7.917107e+01 -6.000000e+00
      vertex   4.623470e-01 7.866101e+01 -5.963396e+00
    endloop
  endfacet
  facet normal -7.892285e-02 0.000000e+00 9.968807e-01
    outer loop
      vertex   4.623470e-01 7.866101e+01 -5.963396e+00
      vertex   2.167710e-13 7.917107e+01 -6.000000e+00
      vertex   2.167710e-13 7.867107e+01 -6.000000e+00
    endloop
  endfacet
  facet normal 7.892285e-02 0.000000e+00 9.968807e-01
    outer loop
      vertex   2.167710e-13 7.917107e+01 -6.000000e+00
      vertex   -4.623470e-01 7.916101e+01 -5.963396e+00
      vertex   2.167710e-13 7.867107e+01 -6.000000e+00
    endloop
  endfacet
  facet normal 7.892285e-02 0.000000e+00 9.968807e-01
    outer loop
      vertex   2.167710e-13 7.867107e+01 -6.000000e+00
      vertex   -4.623470e-01 7.916101e+01 -5.963396e+00
      vertex   -4.623470e-01 7.866101e+01 -5.963396e+00
    endloop
  endfacet
  facet normal 2.312427e-01 0.000000e+00 9.728961e-01
    outer loop
      vertex   -4.623470e-01 7.916101e+01 -5.963396e+00
      vertex   -9.256710e-01 7.913190e+01 -5.853271e+00
      vertex   -4.623470e-01 7.866101e+01 -5.963396e+00
    endloop
  endfacet
  facet normal 2.312427e-01 0.000000e+00 9.728961e-01
    outer loop
      vertex   -4.623470e-01 7.866101e+01 -5.963396e+00
      vertex   -9.256710e-01 7.913190e+01 -5.853271e+00
      vertex   -9.256710e-01 7.863190e+01 -5.853271e+00
    endloop
  endfacet
  facet normal 3.835442e-01 0.000000e+00 9.235225e-01
    outer loop
      vertex   -9.256710e-01 7.913190e+01 -5.853271e+00
      vertex   -1.368124e+00 7.908559e+01 -5.669518e+00
      vertex   -9.256710e-01 7.863190e+01 -5.853271e+00
    endloop
  endfacet
  facet normal 3.835442e-01 0.000000e+00 9.235225e-01
    outer loop
      vertex   -9.256710e-01 7.863190e+01 -5.853271e+00
      vertex   -1.368124e+00 7.908559e+01 -5.669518e+00
      vertex   -1.368124e+00 7.858559e+01 -5.669518e+00
    endloop
  endfacet
  facet normal 5.257572e-01 0.000000e+00 8.506347e-01
    outer loop
      vertex   -1.368124e+00 7.908559e+01 -5.669518e+00
      vertex   -1.771585e+00 7.902733e+01 -5.420148e+00
      vertex   -1.368124e+00 7.858559e+01 -5.669518e+00
    endloop
  endfacet
  facet normal 5.257572e-01 0.000000e+00 8.506347e-01
    outer loop
      vertex   -1.368124e+00 7.858559e+01 -5.669518e+00
      vertex   -1.771585e+00 7.902733e+01 -5.420148e+00
      vertex   -1.771585e+00 7.852733e+01 -5.420148e+00
    endloop
  endfacet
  facet normal 6.496350e-01 0.000000e+00 7.602462e-01
    outer loop
      vertex   -1.771585e+00 7.902733e+01 -5.420148e+00
      vertex   -2.121480e+00 7.896455e+01 -5.121161e+00
      vertex   -1.771585e+00 7.852733e+01 -5.420148e+00
    endloop
  endfacet
  facet normal 6.496350e-01 0.000000e+00 7.602462e-01
    outer loop
      vertex   -1.771585e+00 7.852733e+01 -5.420148e+00
      vertex   -2.121480e+00 7.896455e+01 -5.121161e+00
      vertex   -2.121480e+00 7.846455e+01 -5.121161e+00
    endloop
  endfacet
  facet normal 7.603373e-01 0.000000e+00 6.495285e-01
    outer loop
      vertex   -2.121480e+00 7.896455e+01 -5.121161e+00
      vertex   -2.420396e+00 7.890139e+01 -4.771250e+00
      vertex   -2.121480e+00 7.846455e+01 -5.121161e+00
    endloop
  endfacet
  facet normal 7.603373e-01 0.000000e+00 6.495285e-01
    outer loop
      vertex   -2.121480e+00 7.846455e+01 -5.121161e+00
      vertex   -2.420396e+00 7.890139e+01 -4.771250e+00
      vertex   -2.420396e+00 7.840139e+01 -4.771250e+00
    endloop
  endfacet
  facet normal 8.506981e-01 0.000000e+00 5.256546e-01
    outer loop
      vertex   -2.420396e+00 7.890139e+01 -4.771250e+00
      vertex   -2.669657e+00 7.884216e+01 -4.367855e+00
      vertex   -2.420396e+00 7.840139e+01 -4.771250e+00
    endloop
  endfacet
  facet normal 8.506981e-01 0.000000e+00 5.256546e-01
    outer loop
      vertex   -2.420396e+00 7.840139e+01 -4.771250e+00
      vertex   -2.669657e+00 7.884216e+01 -4.367855e+00
      vertex   -2.669657e+00 7.834216e+01 -4.367855e+00
    endloop
  endfacet
  facet normal 9.235533e-01 0.000000e+00 3.834701e-01
    outer loop
      vertex   -2.669657e+00 7.884216e+01 -4.367855e+00
      vertex   -2.853321e+00 7.879463e+01 -3.925518e+00
      vertex   -2.669657e+00 7.834216e+01 -4.367855e+00
    endloop
  endfacet
  facet normal 9.235533e-01 0.000000e+00 3.834701e-01
    outer loop
      vertex   -2.669657e+00 7.834216e+01 -4.367855e+00
      vertex   -2.853321e+00 7.879463e+01 -3.925518e+00
      vertex   -2.853321e+00 7.829463e+01 -3.925518e+00
    endloop
  endfacet
  facet normal 9.729035e-01 0.000000e+00 2.312117e-01
    outer loop
      vertex   -2.853321e+00 7.879463e+01 -3.925518e+00
      vertex   -2.963405e+00 7.876453e+01 -3.462300e+00
      vertex   -2.853321e+00 7.829463e+01 -3.925518e+00
    endloop
  endfacet
  facet normal 9.729035e-01 0.000000e+00 2.312117e-01
    outer loop
      vertex   -2.853321e+00 7.829463e+01 -3.925518e+00
      vertex   -2.963405e+00 7.876453e+01 -3.462300e+00
      vertex   -2.963405e+00 7.826453e+01 -3.462300e+00
    endloop
  endfacet
  facet normal 9.968817e-01 0.000000e+00 7.891115e-02
    outer loop
      vertex   -2.963405e+00 7.876453e+01 -3.462300e+00
      vertex   -3.000000e+00 7.875407e+01 -3.000000e+00
      vertex   -2.963405e+00 7.826453e+01 -3.462300e+00
    endloop
  endfacet
  facet normal 9.968817e-01 0.000000e+00 7.891115e-02
    outer loop
      vertex   -2.963405e+00 7.826453e+01 -3.462300e+00
      vertex   -3.000000e+00 7.875407e+01 -3.000000e+00
      vertex   -3.000000e+00 7.825407e+01 -3.000000e+00
    endloop
  endfacet
  facet normal 9.968817e-01 0.000000e+00 -7.891115e-02
    outer loop
      vertex   -3.000000e+00 7.875407e+01 -3.000000e+00
      vertex   -2.963405e+00 7.876453e+01 -2.537700e+00
      vertex   -3.000000e+00 7.825407e+01 -3.000000e+00
    endloop
  endfacet
  facet normal 9.968817e-01 0.000000e+00 -7.891115e-02
    outer loop
      vertex   -3.000000e+00 7.825407e+01 -3.000000e+00
      vertex   -2.963405e+00 7.876453e+01 -2.537700e+00
      vertex   -2.963405e+00 7.826453e+01 -2.537700e+00
    endloop
  endfacet
  facet normal 9.729035e-01 0.000000e+00 -2.312117e-01
    outer loop
      vertex   -2.963405e+00 7.876453e+01 -2.537700e+00
      vertex   -2.853321e+00 7.879463e+01 -2.074482e+00
      vertex   -2.963405e+00 7.826453e+01 -2.537700e+00
    endloop
  endfacet
  facet normal 9.729035e-01 0.000000e+00 -2.312117e-01
    outer loop
      vertex   -2.963405e+00 7.826453e+01 -2.537700e+00
      vertex   -2.853321e+00 7.879463e+01 -2.074482e+00
      vertex   -2.853321e+00 7.829463e+01 -2.074482e+00
    endloop
  endfacet
  facet normal 9.235533e-01 0.000000e+00 -3.834701e-01
    outer loop
      vertex   -2.853321e+00 7.879463e+01 -2.074482e+00
      vertex   -2.669657e+00 7.884216e+01 -1.632145e+00
      vertex   -2.853321e+00 7.829463e+01 -2.074482e+00
    endloop
  endfacet
  facet normal 9.235533e-01 0.000000e+00 -3.834701e-01
    outer loop
      vertex   -2.853321e+00 7.829463e+01 -2.074482e+00
      vertex   -2.669657e+00 7.884216e+01 -1.632145e+00
      vertex   -2.669657e+00 7.834216e+01 -1.632145e+00
    endloop
  endfacet
  facet normal 8.506981e-01 0.000000e+00 -5.256546e-01
    outer loop
      vertex   -2.669657e+00 7.884216e+01 -1.632145e+00
      vertex   -2.420396e+00 7.890139e+01 -1.228750e+00
      vertex   -2.669657e+00 7.834216e+01 -1.632145e+00
    endloop
  endfacet
  facet normal 8.506981e-01 0.000000e+00 -5.256546e-01
    outer loop
      vertex   -2.669657e+00 7.834216e+01 -1.632145e+00
      vertex   -2.420396e+00 7.890139e+01 -1.228750e+00
      vertex   -2.420396e+00 7.840139e+01 -1.228750e+00
    endloop
  endfacet
  facet normal 7.603373e-01 0.000000e+00 -6.495285e-01
    outer loop
      vertex   -2.420396e+00 7.890139e+01 -1.228750e+00
      vertex   -2.121480e+00 7.896455e+01 -8.788392e-01
      vertex   -2.420396e+00 7.840139e+01 -1.228750e+00
    endloop
  endfacet
  facet normal 7.603373e-01 0.000000e+00 -6.495285e-01
    outer loop
      vertex   -2.420396e+00 7.840139e+01 -1.228750e+00
      vertex   -2.121480e+00 7.896455e+01 -8.788392e-01
      vertex   -2.121480e+00 7.846455e+01 -8.788392e-01
    endloop
  endfacet
  facet normal 6.496350e-01 0.000000e+00 -7.602462e-01
    outer loop
      vertex   -2.121480e+00 7.896455e+01 -8.788392e-01
      vertex   -1.771585e+00 7.902733e+01 -5.798524e-01
      vertex   -2.121480e+00 7.846455e+01 -8.788392e-01
    endloop
  endfacet
  facet normal 6.496350e-01 0.000000e+00 -7.602462e-01
    outer loop
      vertex   -2.121480e+00 7.846455e+01 -8.788392e-01
      vertex   -1.771585e+00 7.902733e+01 -5.798524e-01
      vertex   -1.771585e+00 7.852733e+01 -5.798524e-01
    endloop
  endfacet
  facet normal 5.257572e-01 0.000000e+00 -8.506347e-01
    outer loop
      vertex   -1.771585e+00 7.902733e+01 -5.798524e-01
      vertex   -1.368124e+00 7.908559e+01 -3.304823e-01
      vertex   -1.771585e+00 7.852733e+01 -5.798524e-01
    endloop
  endfacet
  facet normal 5.257572e-01 0.000000e+00 -8.506347e-01
    outer loop
      vertex   -1.771585e+00 7.852733e+01 -5.798524e-01
      vertex   -1.368124e+00 7.908559e+01 -3.304823e-01
      vertex   -1.368124e+00 7.858559e+01 -3.304823e-01
    endloop
  endfacet
  facet normal 3.835442e-01 0.000000e+00 -9.235225e-01
    outer loop
      vertex   -1.368124e+00 7.908559e+01 -3.304823e-01
      vertex   -9.256710e-01 7.913190e+01 -1.467291e-01
      vertex   -1.368124e+00 7.858559e+01 -3.304823e-01
    endloop
  endfacet
  facet normal 3.835442e-01 0.000000e+00 -9.235225e-01
    outer loop
      vertex   -1.368124e+00 7.858559e+01 -3.304823e-01
      vertex   -9.256710e-01 7.913190e+01 -1.467291e-01
      vertex   -9.256710e-01 7.863190e+01 -1.467291e-01
    endloop
  endfacet
  facet normal 2.312427e-01 0.000000e+00 -9.728961e-01
    outer loop
      vertex   -9.256710e-01 7.913190e+01 -1.467291e-01
      vertex   -4.623470e-01 7.916101e+01 -3.660396e-02
      vertex   -9.256710e-01 7.863190e+01 -1.467291e-01
    endloop
  endfacet
  facet normal 2.312427e-01 0.000000e+00 -9.728961e-01
    outer loop
      vertex   -9.256710e-01 7.863190e+01 -1.467291e-01
      vertex   -4.623470e-01 7.916101e+01 -3.660396e-02
      vertex   -4.623470e-01 7.866101e+01 -3.660396e-02
    endloop
  endfacet
  facet normal 7.892285e-02 0.000000e+00 -9.968807e-01
    outer loop
      vertex   -4.623470e-01 7.916101e+01 -3.660396e-02
      vertex   2.163547e-13 7.917107e+01 -4.470348e-08
      vertex   -4.623470e-01 7.866101e+01 -3.660396e-02
    endloop
  endfacet
  facet normal 7.892285e-02 0.000000e+00 -9.968807e-01
    outer loop
      vertex   -4.623470e-01 7.866101e+01 -3.660396e-02
      vertex   2.163547e-13 7.917107e+01 -4.470348e-08
      vertex   2.163547e-13 7.867107e+01 -4.470348e-08
    endloop
  endfacet
  facet normal -7.892285e-02 -0.000000e+00 -9.968807e-01
    outer loop
      vertex   2.163547e-13 7.917107e+01 -4.470348e-08
      vertex   4.623470e-01 7.916101e+01 -3.660396e-02
      vertex   2.163547e-13 7.867107e+01 -4.470348e-08
    endloop
  endfacet
  facet normal -7.892285e-02 0.000000e+00 -9.968807e-01
    outer loop
      vertex   2.163547e-13 7.867107e+01 -4.470348e-08
      vertex   4.623470e-01 7.916101e+01 -3.660396e-02
      vertex   4.623470e-01 7.866101e+01 -3.660396e-02
    endloop
  endfacet
  facet normal -2.312427e-01 -0.000000e+00 -9.728961e-01
    outer loop
      vertex   4.623470e-01 7.916101e+01 -3.660396e-02
      vertex   9.256710e-01 7.913190e+01 -1.467291e-01
      vertex   4.623470e-01 7.866101e+01 -3.660396e-02
    endloop
  endfacet
  facet normal -2.312427e-01 0.000000e+00 -9.728961e-01
    outer loop
      vertex   4.623470e-01 7.866101e+01 -3.660396e-02
      vertex   9.256710e-01 7.913190e+01 -1.467291e-01
      vertex   9.256710e-01 7.863190e+01 -1.467291e-01
    endloop
  endfacet
  facet normal -3.835442e-01 -0.000000e+00 -9.235225e-01
    outer loop
      vertex   9.256710e-01 7.913190e+01 -1.467291e-01
      vertex   1.368124e+00 7.908559e+01 -3.304823e-01
      vertex   9.256710e-01 7.863190e+01 -1.467291e-01
    endloop
  endfacet
  facet normal -3.835442e-01 0.000000e+00 -9.235225e-01
    outer loop
      vertex   9.256710e-01 7.863190e+01 -1.467291e-01
      vertex   1.368124e+00 7.908559e+01 -3.304823e-01
      vertex   1.368124e+00 7.858559e+01 -3.304823e-01
    endloop
  endfacet
  facet normal -5.257572e-01 -0.000000e+00 -8.506347e-01
    outer loop
      vertex   1.368124e+00 7.908559e+01 -3.304823e-01
      vertex   1.771585e+00 7.902733e+01 -5.798524e-01
      vertex   1.368124e+00 7.858559e+01 -3.304823e-01
    endloop
  endfacet
  facet normal -5.257572e-01 0.000000e+00 -8.506347e-01
    outer loop
      vertex   1.368124e+00 7.858559e+01 -3.304823e-01
      vertex   1.771585e+00 7.902733e+01 -5.798524e-01
      vertex   1.771585e+00 7.852733e+01 -5.798524e-01
    endloop
  endfacet
  facet normal -6.496350e-01 -0.000000e+00 -7.602462e-01
    outer loop
      vertex   1.771585e+00 7.902733e+01 -5.798524e-01
      vertex   2.121480e+00 7.896455e+01 -8.788392e-01
      vertex   1.771585e+00 7.852733e+01 -5.798524e-01
    endloop
  endfacet
  facet normal -6.496350e-01 0.000000e+00 -7.602462e-01
    outer loop
      vertex   1.771585e+00 7.852733e+01 -5.798524e-01
      vertex   2.121480e+00 7.896455e+01 -8.788392e-01
      vertex   2.121480e+00 7.846455e+01 -8.788392e-01
    endloop
  endfacet
  facet normal -7.603373e-01 -0.000000e+00 -6.495285e-01
    outer loop
      vertex   2.121480e+00 7.896455e+01 -8.788392e-01
      vertex   2.420396e+00 7.890139e+01 -1.228750e+00
      vertex   2.121480e+00 7.846455e+01 -8.788392e-01
    endloop
  endfacet
  facet normal -7.603373e-01 0.000000e+00 -6.495285e-01
    outer loop
      vertex   2.121480e+00 7.846455e+01 -8.788392e-01
      vertex   2.420396e+00 7.890139e+01 -1.228750e+00
      vertex   2.420396e+00 7.840139e+01 -1.228750e+00
    endloop
  endfacet
  facet normal -9.235533e-01 -0.000000e+00 -3.834701e-01
    outer loop
      vertex   2.853321e+00 7.879463e+01 -2.074482e+00
      vertex   2.853321e+00 7.829463e+01 -2.074482e+00
      vertex   2.669657e+00 7.834216e+01 -1.632145e+00
    endloop
  endfacet
  facet normal -8.506981e-01 -0.000000e+00 -5.256546e-01
    outer loop
      vertex   2.420396e+00 7.890139e+01 -1.228750e+00
      vertex   2.669657e+00 7.884216e+01 -1.632145e+00
      vertex   2.420396e+00 7.840139e+01 -1.228750e+00
    endloop
  endfacet
  facet normal -8.506981e-01 0.000000e+00 -5.256546e-01
    outer loop
      vertex   2.420396e+00 7.840139e+01 -1.228750e+00
      vertex   2.669657e+00 7.884216e+01 -1.632145e+00
      vertex   2.669657e+00 7.834216e+01 -1.632145e+00
    endloop
  endfacet
  facet normal -9.235533e-01 -0.000000e+00 -3.834701e-01
    outer loop
      vertex   2.669657e+00 7.884216e+01 -1.632145e+00
      vertex   2.853321e+00 7.879463e+01 -2.074482e+00
      vertex   2.669657e+00 7.834216e+01 -1.632145e+00
    endloop
  endfacet
  facet normal -9.968817e-01 -0.000000e+00 -7.891115e-02
    outer loop
      vertex   2.963405e+00 7.976453e+01 -2.537700e+00
      vertex   3.000000e+00 7.774754e+01 -3.000000e+00
      vertex   2.963405e+00 7.926453e+01 -2.537700e+00
    endloop
  endfacet
  facet normal -9.729035e-01 0.000000e+00 2.312117e-01
    outer loop
      vertex   2.963405e+00 8.126453e+01 -3.462300e+00
      vertex   2.963405e+00 8.176453e+01 -3.462300e+00
      vertex   2.853321e+00 8.179463e+01 -3.925518e+00
    endloop
  endfacet
  facet normal -9.729035e-01 0.000000e+00 2.312117e-01
    outer loop
      vertex   2.963405e+00 8.126453e+01 -3.462300e+00
      vertex   2.853321e+00 8.179463e+01 -3.925518e+00
      vertex   2.853321e+00 8.129463e+01 -3.925518e+00
    endloop
  endfacet
  facet normal -9.235533e-01 0.000000e+00 3.834701e-01
    outer loop
      vertex   2.853321e+00 8.129463e+01 -3.925518e+00
      vertex   2.853321e+00 8.179463e+01 -3.925518e+00
      vertex   2.669657e+00 8.184216e+01 -4.367855e+00
    endloop
  endfacet
  facet normal -9.729035e-01 0.000000e+00 2.312117e-01
    outer loop
      vertex   2.853321e+00 7.929463e+01 -3.925518e+00
      vertex   2.963405e+00 7.926453e+01 -3.462300e+00
      vertex   2.853321e+00 7.979463e+01 -3.925518e+00
    endloop
  endfacet
  facet normal -9.729035e-01 0.000000e+00 2.312117e-01
    outer loop
      vertex   2.853321e+00 7.979463e+01 -3.925518e+00
      vertex   2.963405e+00 7.926453e+01 -3.462300e+00
      vertex   2.963405e+00 7.976453e+01 -3.462300e+00
    endloop
  endfacet
  facet normal -9.729035e-01 0.000000e+00 2.312117e-01
    outer loop
      vertex   2.853321e+00 7.979463e+01 -3.925518e+00
      vertex   2.963405e+00 7.976453e+01 -3.462300e+00
      vertex   2.853321e+00 8.029463e+01 -3.925518e+00
    endloop
  endfacet
  facet normal -9.729035e-01 0.000000e+00 2.312117e-01
    outer loop
      vertex   2.853321e+00 8.029463e+01 -3.925518e+00
      vertex   2.963405e+00 7.976453e+01 -3.462300e+00
      vertex   2.963405e+00 8.026453e+01 -3.462300e+00
    endloop
  endfacet
  facet normal -9.235533e-01 0.000000e+00 3.834701e-01
    outer loop
      vertex   2.669657e+00 7.934216e+01 -4.367855e+00
      vertex   2.853321e+00 7.929463e+01 -3.925518e+00
      vertex   2.669657e+00 7.984216e+01 -4.367855e+00
    endloop
  endfacet
  facet normal -9.235533e-01 0.000000e+00 3.834701e-01
    outer loop
      vertex   2.669657e+00 7.984216e+01 -4.367855e+00
      vertex   2.853321e+00 7.929463e+01 -3.925518e+00
      vertex   2.853321e+00 7.979463e+01 -3.925518e+00
    endloop
  endfacet
  facet normal -9.235533e-01 0.000000e+00 3.834701e-01
    outer loop
      vertex   2.669657e+00 7.984216e+01 -4.367855e+00
      vertex   2.853321e+00 7.979463e+01 -3.925518e+00
      vertex   2.669657e+00 8.034216e+01 -4.367855e+00
    endloop
  endfacet
  facet normal -9.235533e-01 0.000000e+00 3.834701e-01
    outer loop
      vertex   2.669657e+00 8.034216e+01 -4.367855e+00
      vertex   2.853321e+00 7.979463e+01 -3.925518e+00
      vertex   2.853321e+00 8.029463e+01 -3.925518e+00
    endloop
  endfacet
  facet normal -8.506981e-01 0.000000e+00 5.256546e-01
    outer loop
      vertex   2.420396e+00 7.940139e+01 -4.771250e+00
      vertex   2.669657e+00 7.934216e+01 -4.367855e+00
      vertex   2.420396e+00 7.990139e+01 -4.771250e+00
    endloop
  endfacet
  facet normal -8.506981e-01 0.000000e+00 5.256546e-01
    outer loop
      vertex   2.420396e+00 7.990139e+01 -4.771250e+00
      vertex   2.669657e+00 7.934216e+01 -4.367855e+00
      vertex   2.669657e+00 7.984216e+01 -4.367855e+00
    endloop
  endfacet
  facet normal -8.506981e-01 0.000000e+00 5.256546e-01
    outer loop
      vertex   2.420396e+00 7.990139e+01 -4.771250e+00
      vertex   2.669657e+00 7.984216e+01 -4.367855e+00
      vertex   2.420396e+00 8.040139e+01 -4.771250e+00
    endloop
  endfacet
  facet normal -8.506981e-01 0.000000e+00 5.256546e-01
    outer loop
      vertex   2.420396e+00 8.040139e+01 -4.771250e+00
      vertex   2.669657e+00 7.984216e+01 -4.367855e+00
      vertex   2.669657e+00 8.034216e+01 -4.367855e+00
    endloop
  endfacet
  facet normal -7.603373e-01 0.000000e+00 6.495285e-01
    outer loop
      vertex   2.121480e+00 7.946455e+01 -5.121161e+00
      vertex   2.420396e+00 7.940139e+01 -4.771250e+00
      vertex   2.121480e+00 7.996455e+01 -5.121161e+00
    endloop
  endfacet
  facet normal -7.603373e-01 0.000000e+00 6.495285e-01
    outer loop
      vertex   2.121480e+00 7.996455e+01 -5.121161e+00
      vertex   2.420396e+00 7.940139e+01 -4.771250e+00
      vertex   2.420396e+00 7.990139e+01 -4.771250e+00
    endloop
  endfacet
  facet normal -7.603373e-01 0.000000e+00 6.495285e-01
    outer loop
      vertex   2.121480e+00 7.996455e+01 -5.121161e+00
      vertex   2.420396e+00 7.990139e+01 -4.771250e+00
      vertex   2.121480e+00 8.046455e+01 -5.121161e+00
    endloop
  endfacet
  facet normal -7.603373e-01 0.000000e+00 6.495285e-01
    outer loop
      vertex   2.121480e+00 8.046455e+01 -5.121161e+00
      vertex   2.420396e+00 7.990139e+01 -4.771250e+00
      vertex   2.420396e+00 8.040139e+01 -4.771250e+00
    endloop
  endfacet
  facet normal -6.496350e-01 0.000000e+00 7.602462e-01
    outer loop
      vertex   1.771585e+00 7.952733e+01 -5.420148e+00
      vertex   2.121480e+00 7.946455e+01 -5.121161e+00
      vertex   1.771585e+00 8.002733e+01 -5.420148e+00
    endloop
  endfacet
  facet normal -6.496350e-01 0.000000e+00 7.602462e-01
    outer loop
      vertex   1.771585e+00 8.002733e+01 -5.420148e+00
      vertex   2.121480e+00 7.946455e+01 -5.121161e+00
      vertex   2.121480e+00 7.996455e+01 -5.121161e+00
    endloop
  endfacet
  facet normal -6.496350e-01 0.000000e+00 7.602462e-01
    outer loop
      vertex   1.771585e+00 8.002733e+01 -5.420148e+00
      vertex   2.121480e+00 7.996455e+01 -5.121161e+00
      vertex   1.771585e+00 8.052733e+01 -5.420148e+00
    endloop
  endfacet
  facet normal -6.496350e-01 0.000000e+00 7.602462e-01
    outer loop
      vertex   1.771585e+00 8.052733e+01 -5.420148e+00
      vertex   2.121480e+00 7.996455e+01 -5.121161e+00
      vertex   2.121480e+00 8.046455e+01 -5.121161e+00
    endloop
  endfacet
  facet normal -5.257572e-01 0.000000e+00 8.506347e-01
    outer loop
      vertex   1.368124e+00 7.958559e+01 -5.669518e+00
      vertex   1.771585e+00 7.952733e+01 -5.420148e+00
      vertex   1.368124e+00 8.008559e+01 -5.669518e+00
    endloop
  endfacet
  facet normal -5.257572e-01 0.000000e+00 8.506347e-01
    outer loop
      vertex   1.368124e+00 8.008559e+01 -5.669518e+00
      vertex   1.771585e+00 7.952733e+01 -5.420148e+00
      vertex   1.771585e+00 8.002733e+01 -5.420148e+00
    endloop
  endfacet
  facet normal -5.257572e-01 0.000000e+00 8.506347e-01
    outer loop
      vertex   1.368124e+00 8.008559e+01 -5.669518e+00
      vertex   1.771585e+00 8.002733e+01 -5.420148e+00
      vertex   1.368124e+00 8.058559e+01 -5.669518e+00
    endloop
  endfacet
  facet normal -5.257572e-01 0.000000e+00 8.506347e-01
    outer loop
      vertex   1.368124e+00 8.058559e+01 -5.669518e+00
      vertex   1.771585e+00 8.002733e+01 -5.420148e+00
      vertex   1.771585e+00 8.052733e+01 -5.420148e+00
    endloop
  endfacet
  facet normal -3.835442e-01 0.000000e+00 9.235225e-01
    outer loop
      vertex   9.256710e-01 7.963190e+01 -5.853271e+00
      vertex   1.368124e+00 7.958559e+01 -5.669518e+00
      vertex   9.256710e-01 8.013190e+01 -5.853271e+00
    endloop
  endfacet
  facet normal -3.835442e-01 0.000000e+00 9.235225e-01
    outer loop
      vertex   9.256710e-01 8.013190e+01 -5.853271e+00
      vertex   1.368124e+00 7.958559e+01 -5.669518e+00
      vertex   1.368124e+00 8.008559e+01 -5.669518e+00
    endloop
  endfacet
  facet normal -3.835442e-01 0.000000e+00 9.235225e-01
    outer loop
      vertex   9.256710e-01 8.013190e+01 -5.853271e+00
      vertex   1.368124e+00 8.008559e+01 -5.669518e+00
      vertex   9.256710e-01 8.063190e+01 -5.853271e+00
    endloop
  endfacet
  facet normal -3.835442e-01 0.000000e+00 9.235225e-01
    outer loop
      vertex   9.256710e-01 8.063190e+01 -5.853271e+00
      vertex   1.368124e+00 8.008559e+01 -5.669518e+00
      vertex   1.368124e+00 8.058559e+01 -5.669518e+00
    endloop
  endfacet
  facet normal -2.312427e-01 0.000000e+00 9.728961e-01
    outer loop
      vertex   4.623470e-01 7.966101e+01 -5.963396e+00
      vertex   9.256710e-01 7.963190e+01 -5.853271e+00
      vertex   4.623470e-01 8.016101e+01 -5.963396e+00
    endloop
  endfacet
  facet normal -2.312427e-01 0.000000e+00 9.728961e-01
    outer loop
      vertex   4.623470e-01 8.016101e+01 -5.963396e+00
      vertex   9.256710e-01 7.963190e+01 -5.853271e+00
      vertex   9.256710e-01 8.013190e+01 -5.853271e+00
    endloop
  endfacet
  facet normal -2.312427e-01 0.000000e+00 9.728961e-01
    outer loop
      vertex   4.623470e-01 8.016101e+01 -5.963396e+00
      vertex   9.256710e-01 8.013190e+01 -5.853271e+00
      vertex   4.623470e-01 8.066101e+01 -5.963396e+00
    endloop
  endfacet
  facet normal -2.312427e-01 0.000000e+00 9.728961e-01
    outer loop
      vertex   4.623470e-01 8.066101e+01 -5.963396e+00
      vertex   9.256710e-01 8.013190e+01 -5.853271e+00
      vertex   9.256710e-01 8.063190e+01 -5.853271e+00
    endloop
  endfacet
  facet normal -7.892285e-02 0.000000e+00 9.968807e-01
    outer loop
      vertex   2.167710e-13 7.967107e+01 -6.000000e+00
      vertex   4.623470e-01 7.966101e+01 -5.963396e+00
      vertex   2.167710e-13 8.017107e+01 -6.000000e+00
    endloop
  endfacet
  facet normal -7.892285e-02 0.000000e+00 9.968807e-01
    outer loop
      vertex   2.167710e-13 8.017107e+01 -6.000000e+00
      vertex   4.623470e-01 7.966101e+01 -5.963396e+00
      vertex   4.623470e-01 8.016101e+01 -5.963396e+00
    endloop
  endfacet
  facet normal -7.892285e-02 0.000000e+00 9.968807e-01
    outer loop
      vertex   2.167710e-13 8.017107e+01 -6.000000e+00
      vertex   4.623470e-01 8.016101e+01 -5.963396e+00
      vertex   2.167710e-13 8.067107e+01 -6.000000e+00
    endloop
  endfacet
  facet normal -7.892285e-02 0.000000e+00 9.968807e-01
    outer loop
      vertex   2.167710e-13 8.067107e+01 -6.000000e+00
      vertex   4.623470e-01 8.016101e+01 -5.963396e+00
      vertex   4.623470e-01 8.066101e+01 -5.963396e+00
    endloop
  endfacet
  facet normal 7.892285e-02 -0.000000e+00 9.968807e-01
    outer loop
      vertex   -4.623470e-01 7.966101e+01 -5.963396e+00
      vertex   2.167710e-13 7.967107e+01 -6.000000e+00
      vertex   -4.623470e-01 8.016101e+01 -5.963396e+00
    endloop
  endfacet
  facet normal 7.892285e-02 0.000000e+00 9.968807e-01
    outer loop
      vertex   -4.623470e-01 8.016101e+01 -5.963396e+00
      vertex   2.167710e-13 7.967107e+01 -6.000000e+00
      vertex   2.167710e-13 8.017107e+01 -6.000000e+00
    endloop
  endfacet
  facet normal 7.892285e-02 -0.000000e+00 9.968807e-01
    outer loop
      vertex   -4.623470e-01 8.016101e+01 -5.963396e+00
      vertex   2.167710e-13 8.017107e+01 -6.000000e+00
      vertex   -4.623470e-01 8.066101e+01 -5.963396e+00
    endloop
  endfacet
  facet normal 7.892285e-02 0.000000e+00 9.968807e-01
    outer loop
      vertex   -4.623470e-01 8.066101e+01 -5.963396e+00
      vertex   2.167710e-13 8.017107e+01 -6.000000e+00
      vertex   2.167710e-13 8.067107e+01 -6.000000e+00
    endloop
  endfacet
  facet normal 2.312427e-01 -0.000000e+00 9.728961e-01
    outer loop
      vertex   -9.256710e-01 7.963190e+01 -5.853271e+00
      vertex   -4.623470e-01 7.966101e+01 -5.963396e+00
      vertex   -9.256710e-01 8.013190e+01 -5.853271e+00
    endloop
  endfacet
  facet normal 2.312427e-01 0.000000e+00 9.728961e-01
    outer loop
      vertex   -9.256710e-01 8.013190e+01 -5.853271e+00
      vertex   -4.623470e-01 7.966101e+01 -5.963396e+00
      vertex   -4.623470e-01 8.016101e+01 -5.963396e+00
    endloop
  endfacet
  facet normal 2.312427e-01 -0.000000e+00 9.728961e-01
    outer loop
      vertex   -9.256710e-01 8.013190e+01 -5.853271e+00
      vertex   -4.623470e-01 8.016101e+01 -5.963396e+00
      vertex   -9.256710e-01 8.063190e+01 -5.853271e+00
    endloop
  endfacet
  facet normal 2.312427e-01 0.000000e+00 9.728961e-01
    outer loop
      vertex   -9.256710e-01 8.063190e+01 -5.853271e+00
      vertex   -4.623470e-01 8.016101e+01 -5.963396e+00
      vertex   -4.623470e-01 8.066101e+01 -5.963396e+00
    endloop
  endfacet
  facet normal 3.835442e-01 -0.000000e+00 9.235225e-01
    outer loop
      vertex   -1.368124e+00 7.958559e+01 -5.669518e+00
      vertex   -9.256710e-01 7.963190e+01 -5.853271e+00
      vertex   -1.368124e+00 8.008559e+01 -5.669518e+00
    endloop
  endfacet
  facet normal 3.835442e-01 0.000000e+00 9.235225e-01
    outer loop
      vertex   -1.368124e+00 8.008559e+01 -5.669518e+00
      vertex   -9.256710e-01 7.963190e+01 -5.853271e+00
      vertex   -9.256710e-01 8.013190e+01 -5.853271e+00
    endloop
  endfacet
  facet normal 3.835442e-01 -0.000000e+00 9.235225e-01
    outer loop
      vertex   -1.368124e+00 8.008559e+01 -5.669518e+00
      vertex   -9.256710e-01 8.013190e+01 -5.853271e+00
      vertex   -1.368124e+00 8.058559e+01 -5.669518e+00
    endloop
  endfacet
  facet normal 3.835442e-01 0.000000e+00 9.235225e-01
    outer loop
      vertex   -1.368124e+00 8.058559e+01 -5.669518e+00
      vertex   -9.256710e-01 8.013190e+01 -5.853271e+00
      vertex   -9.256710e-01 8.063190e+01 -5.853271e+00
    endloop
  endfacet
  facet normal 5.257572e-01 -0.000000e+00 8.506347e-01
    outer loop
      vertex   -1.771585e+00 7.952733e+01 -5.420148e+00
      vertex   -1.368124e+00 7.958559e+01 -5.669518e+00
      vertex   -1.771585e+00 8.002733e+01 -5.420148e+00
    endloop
  endfacet
  facet normal 5.257572e-01 0.000000e+00 8.506347e-01
    outer loop
      vertex   -1.771585e+00 8.002733e+01 -5.420148e+00
      vertex   -1.368124e+00 7.958559e+01 -5.669518e+00
      vertex   -1.368124e+00 8.008559e+01 -5.669518e+00
    endloop
  endfacet
  facet normal 5.257572e-01 -0.000000e+00 8.506347e-01
    outer loop
      vertex   -1.771585e+00 8.002733e+01 -5.420148e+00
      vertex   -1.368124e+00 8.008559e+01 -5.669518e+00
      vertex   -1.771585e+00 8.052733e+01 -5.420148e+00
    endloop
  endfacet
  facet normal 5.257572e-01 0.000000e+00 8.506347e-01
    outer loop
      vertex   -1.771585e+00 8.052733e+01 -5.420148e+00
      vertex   -1.368124e+00 8.008559e+01 -5.669518e+00
      vertex   -1.368124e+00 8.058559e+01 -5.669518e+00
    endloop
  endfacet
  facet normal 6.496350e-01 -0.000000e+00 7.602462e-01
    outer loop
      vertex   -2.121480e+00 7.946455e+01 -5.121161e+00
      vertex   -1.771585e+00 7.952733e+01 -5.420148e+00
      vertex   -2.121480e+00 7.996455e+01 -5.121161e+00
    endloop
  endfacet
  facet normal 6.496350e-01 0.000000e+00 7.602462e-01
    outer loop
      vertex   -2.121480e+00 7.996455e+01 -5.121161e+00
      vertex   -1.771585e+00 7.952733e+01 -5.420148e+00
      vertex   -1.771585e+00 8.002733e+01 -5.420148e+00
    endloop
  endfacet
  facet normal 6.496350e-01 -0.000000e+00 7.602462e-01
    outer loop
      vertex   -2.121480e+00 7.996455e+01 -5.121161e+00
      vertex   -1.771585e+00 8.002733e+01 -5.420148e+00
      vertex   -2.121480e+00 8.046455e+01 -5.121161e+00
    endloop
  endfacet
  facet normal 6.496350e-01 0.000000e+00 7.602462e-01
    outer loop
      vertex   -2.121480e+00 8.046455e+01 -5.121161e+00
      vertex   -1.771585e+00 8.002733e+01 -5.420148e+00
      vertex   -1.771585e+00 8.052733e+01 -5.420148e+00
    endloop
  endfacet
  facet normal 7.603373e-01 -0.000000e+00 6.495285e-01
    outer loop
      vertex   -2.420396e+00 7.940139e+01 -4.771250e+00
      vertex   -2.121480e+00 7.946455e+01 -5.121161e+00
      vertex   -2.420396e+00 7.990139e+01 -4.771250e+00
    endloop
  endfacet
  facet normal 7.603373e-01 0.000000e+00 6.495285e-01
    outer loop
      vertex   -2.420396e+00 7.990139e+01 -4.771250e+00
      vertex   -2.121480e+00 7.946455e+01 -5.121161e+00
      vertex   -2.121480e+00 7.996455e+01 -5.121161e+00
    endloop
  endfacet
  facet normal 7.603373e-01 -0.000000e+00 6.495285e-01
    outer loop
      vertex   -2.420396e+00 7.990139e+01 -4.771250e+00
      vertex   -2.121480e+00 7.996455e+01 -5.121161e+00
      vertex   -2.420396e+00 8.040139e+01 -4.771250e+00
    endloop
  endfacet
  facet normal 7.603373e-01 0.000000e+00 6.495285e-01
    outer loop
      vertex   -2.420396e+00 8.040139e+01 -4.771250e+00
      vertex   -2.121480e+00 7.996455e+01 -5.121161e+00
      vertex   -2.121480e+00 8.046455e+01 -5.121161e+00
    endloop
  endfacet
  facet normal 8.506981e-01 -0.000000e+00 5.256546e-01
    outer loop
      vertex   -2.669657e+00 7.934216e+01 -4.367855e+00
      vertex   -2.420396e+00 7.940139e+01 -4.771250e+00
      vertex   -2.669657e+00 7.984216e+01 -4.367855e+00
    endloop
  endfacet
  facet normal 8.506981e-01 0.000000e+00 5.256546e-01
    outer loop
      vertex   -2.669657e+00 7.984216e+01 -4.367855e+00
      vertex   -2.420396e+00 7.940139e+01 -4.771250e+00
      vertex   -2.420396e+00 7.990139e+01 -4.771250e+00
    endloop
  endfacet
  facet normal 8.506981e-01 -0.000000e+00 5.256546e-01
    outer loop
      vertex   -2.669657e+00 7.984216e+01 -4.367855e+00
      vertex   -2.420396e+00 7.990139e+01 -4.771250e+00
      vertex   -2.669657e+00 8.034216e+01 -4.367855e+00
    endloop
  endfacet
  facet normal 8.506981e-01 0.000000e+00 5.256546e-01
    outer loop
      vertex   -2.669657e+00 8.034216e+01 -4.367855e+00
      vertex   -2.420396e+00 7.990139e+01 -4.771250e+00
      vertex   -2.420396e+00 8.040139e+01 -4.771250e+00
    endloop
  endfacet
  facet normal 9.235533e-01 -0.000000e+00 3.834701e-01
    outer loop
      vertex   -2.853321e+00 7.929463e+01 -3.925518e+00
      vertex   -2.669657e+00 7.934216e+01 -4.367855e+00
      vertex   -2.853321e+00 7.979463e+01 -3.925518e+00
    endloop
  endfacet
  facet normal 9.235533e-01 0.000000e+00 3.834701e-01
    outer loop
      vertex   -2.853321e+00 7.979463e+01 -3.925518e+00
      vertex   -2.669657e+00 7.934216e+01 -4.367855e+00
      vertex   -2.669657e+00 7.984216e+01 -4.367855e+00
    endloop
  endfacet
  facet normal 9.235533e-01 -0.000000e+00 3.834701e-01
    outer loop
      vertex   -2.853321e+00 7.979463e+01 -3.925518e+00
      vertex   -2.669657e+00 7.984216e+01 -4.367855e+00
      vertex   -2.853321e+00 8.029463e+01 -3.925518e+00
    endloop
  endfacet
  facet normal 9.235533e-01 0.000000e+00 3.834701e-01
    outer loop
      vertex   -2.853321e+00 8.029463e+01 -3.925518e+00
      vertex   -2.669657e+00 7.984216e+01 -4.367855e+00
      vertex   -2.669657e+00 8.034216e+01 -4.367855e+00
    endloop
  endfacet
  facet normal 9.729035e-01 -0.000000e+00 2.312117e-01
    outer loop
      vertex   -2.963405e+00 7.926453e+01 -3.462300e+00
      vertex   -2.853321e+00 7.929463e+01 -3.925518e+00
      vertex   -2.963405e+00 7.976453e+01 -3.462300e+00
    endloop
  endfacet
  facet normal 9.729035e-01 0.000000e+00 2.312117e-01
    outer loop
      vertex   -2.963405e+00 7.976453e+01 -3.462300e+00
      vertex   -2.853321e+00 7.929463e+01 -3.925518e+00
      vertex   -2.853321e+00 7.979463e+01 -3.925518e+00
    endloop
  endfacet
  facet normal 9.729035e-01 -0.000000e+00 2.312117e-01
    outer loop
      vertex   -2.963405e+00 7.976453e+01 -3.462300e+00
      vertex   -2.853321e+00 7.979463e+01 -3.925518e+00
      vertex   -2.963405e+00 8.026453e+01 -3.462300e+00
    endloop
  endfacet
  facet normal 9.729035e-01 0.000000e+00 2.312117e-01
    outer loop
      vertex   -2.963405e+00 8.026453e+01 -3.462300e+00
      vertex   -2.853321e+00 7.979463e+01 -3.925518e+00
      vertex   -2.853321e+00 8.029463e+01 -3.925518e+00
    endloop
  endfacet
  facet normal 9.968817e-01 -0.000000e+00 7.891115e-02
    outer loop
      vertex   -3.000000e+00 7.925407e+01 -3.000000e+00
      vertex   -2.963405e+00 7.926453e+01 -3.462300e+00
      vertex   -3.000000e+00 7.975407e+01 -3.000000e+00
    endloop
  endfacet
  facet normal 9.968817e-01 0.000000e+00 7.891115e-02
    outer loop
      vertex   -3.000000e+00 7.975407e+01 -3.000000e+00
      vertex   -2.963405e+00 7.926453e+01 -3.462300e+00
      vertex   -2.963405e+00 7.976453e+01 -3.462300e+00
    endloop
  endfacet
  facet normal 9.968817e-01 -0.000000e+00 7.891115e-02
    outer loop
      vertex   -3.000000e+00 7.975407e+01 -3.000000e+00
      vertex   -2.963405e+00 7.976453e+01 -3.462300e+00
      vertex   -3.000000e+00 8.025407e+01 -3.000000e+00
    endloop
  endfacet
  facet normal 9.968817e-01 0.000000e+00 7.891115e-02
    outer loop
      vertex   -3.000000e+00 8.025407e+01 -3.000000e+00
      vertex   -2.963405e+00 7.976453e+01 -3.462300e+00
      vertex   -2.963405e+00 8.026453e+01 -3.462300e+00
    endloop
  endfacet
  facet normal 9.968817e-01 0.000000e+00 -7.891115e-02
    outer loop
      vertex   -2.963405e+00 7.926453e+01 -2.537700e+00
      vertex   -3.000000e+00 7.925407e+01 -3.000000e+00
      vertex   -2.963405e+00 7.976453e+01 -2.537700e+00
    endloop
  endfacet
  facet normal 9.968817e-01 0.000000e+00 -7.891115e-02
    outer loop
      vertex   -2.963405e+00 7.976453e+01 -2.537700e+00
      vertex   -3.000000e+00 7.925407e+01 -3.000000e+00
      vertex   -3.000000e+00 7.975407e+01 -3.000000e+00
    endloop
  endfacet
  facet normal 9.968817e-01 0.000000e+00 -7.891115e-02
    outer loop
      vertex   -2.963405e+00 7.976453e+01 -2.537700e+00
      vertex   -3.000000e+00 7.975407e+01 -3.000000e+00
      vertex   -2.963405e+00 8.026453e+01 -2.537700e+00
    endloop
  endfacet
  facet normal 9.968817e-01 0.000000e+00 -7.891115e-02
    outer loop
      vertex   -2.963405e+00 8.026453e+01 -2.537700e+00
      vertex   -3.000000e+00 7.975407e+01 -3.000000e+00
      vertex   -3.000000e+00 8.025407e+01 -3.000000e+00
    endloop
  endfacet
  facet normal 9.729035e-01 0.000000e+00 -2.312117e-01
    outer loop
      vertex   -2.853321e+00 7.929463e+01 -2.074482e+00
      vertex   -2.963405e+00 7.926453e+01 -2.537700e+00
      vertex   -2.853321e+00 7.979463e+01 -2.074482e+00
    endloop
  endfacet
  facet normal 9.729035e-01 0.000000e+00 -2.312117e-01
    outer loop
      vertex   -2.853321e+00 7.979463e+01 -2.074482e+00
      vertex   -2.963405e+00 7.926453e+01 -2.537700e+00
      vertex   -2.963405e+00 7.976453e+01 -2.537700e+00
    endloop
  endfacet
  facet normal 9.729035e-01 0.000000e+00 -2.312117e-01
    outer loop
      vertex   -2.853321e+00 7.979463e+01 -2.074482e+00
      vertex   -2.963405e+00 7.976453e+01 -2.537700e+00
      vertex   -2.853321e+00 8.029463e+01 -2.074482e+00
    endloop
  endfacet
  facet normal 9.729035e-01 0.000000e+00 -2.312117e-01
    outer loop
      vertex   -2.853321e+00 8.029463e+01 -2.074482e+00
      vertex   -2.963405e+00 7.976453e+01 -2.537700e+00
      vertex   -2.963405e+00 8.026453e+01 -2.537700e+00
    endloop
  endfacet
  facet normal 9.235533e-01 0.000000e+00 -3.834701e-01
    outer loop
      vertex   -2.669657e+00 7.934216e+01 -1.632145e+00
      vertex   -2.853321e+00 7.929463e+01 -2.074482e+00
      vertex   -2.669657e+00 7.984216e+01 -1.632145e+00
    endloop
  endfacet
  facet normal 9.235533e-01 0.000000e+00 -3.834701e-01
    outer loop
      vertex   -2.669657e+00 7.984216e+01 -1.632145e+00
      vertex   -2.853321e+00 7.929463e+01 -2.074482e+00
      vertex   -2.853321e+00 7.979463e+01 -2.074482e+00
    endloop
  endfacet
  facet normal 9.235533e-01 0.000000e+00 -3.834701e-01
    outer loop
      vertex   -2.669657e+00 7.984216e+01 -1.632145e+00
      vertex   -2.853321e+00 7.979463e+01 -2.074482e+00
      vertex   -2.669657e+00 8.034216e+01 -1.632145e+00
    endloop
  endfacet
  facet normal 9.235533e-01 0.000000e+00 -3.834701e-01
    outer loop
      vertex   -2.669657e+00 8.034216e+01 -1.632145e+00
      vertex   -2.853321e+00 7.979463e+01 -2.074482e+00
      vertex   -2.853321e+00 8.029463e+01 -2.074482e+00
    endloop
  endfacet
  facet normal 8.506981e-01 0.000000e+00 -5.256546e-01
    outer loop
      vertex   -2.420396e+00 7.940139e+01 -1.228750e+00
      vertex   -2.669657e+00 7.934216e+01 -1.632145e+00
      vertex   -2.420396e+00 7.990139e+01 -1.228750e+00
    endloop
  endfacet
  facet normal 8.506981e-01 0.000000e+00 -5.256546e-01
    outer loop
      vertex   -2.420396e+00 7.990139e+01 -1.228750e+00
      vertex   -2.669657e+00 7.934216e+01 -1.632145e+00
      vertex   -2.669657e+00 7.984216e+01 -1.632145e+00
    endloop
  endfacet
  facet normal 8.506981e-01 0.000000e+00 -5.256546e-01
    outer loop
      vertex   -2.420396e+00 7.990139e+01 -1.228750e+00
      vertex   -2.669657e+00 7.984216e+01 -1.632145e+00
      vertex   -2.420396e+00 8.040139e+01 -1.228750e+00
    endloop
  endfacet
  facet normal 8.506981e-01 0.000000e+00 -5.256546e-01
    outer loop
      vertex   -2.420396e+00 8.040139e+01 -1.228750e+00
      vertex   -2.669657e+00 7.984216e+01 -1.632145e+00
      vertex   -2.669657e+00 8.034216e+01 -1.632145e+00
    endloop
  endfacet
  facet normal 7.603373e-01 0.000000e+00 -6.495285e-01
    outer loop
      vertex   -2.121480e+00 7.946455e+01 -8.788392e-01
      vertex   -2.420396e+00 7.940139e+01 -1.228750e+00
      vertex   -2.121480e+00 7.996455e+01 -8.788392e-01
    endloop
  endfacet
  facet normal 7.603373e-01 0.000000e+00 -6.495285e-01
    outer loop
      vertex   -2.121480e+00 7.996455e+01 -8.788392e-01
      vertex   -2.420396e+00 7.940139e+01 -1.228750e+00
      vertex   -2.420396e+00 7.990139e+01 -1.228750e+00
    endloop
  endfacet
  facet normal 7.603373e-01 0.000000e+00 -6.495285e-01
    outer loop
      vertex   -2.121480e+00 7.996455e+01 -8.788392e-01
      vertex   -2.420396e+00 7.990139e+01 -1.228750e+00
      vertex   -2.121480e+00 8.046455e+01 -8.788392e-01
    endloop
  endfacet
  facet normal 7.603373e-01 0.000000e+00 -6.495285e-01
    outer loop
      vertex   -2.121480e+00 8.046455e+01 -8.788392e-01
      vertex   -2.420396e+00 7.990139e+01 -1.228750e+00
      vertex   -2.420396e+00 8.040139e+01 -1.228750e+00
    endloop
  endfacet
  facet normal 6.496350e-01 0.000000e+00 -7.602462e-01
    outer loop
      vertex   -1.771585e+00 7.952733e+01 -5.798524e-01
      vertex   -2.121480e+00 7.946455e+01 -8.788392e-01
      vertex   -1.771585e+00 8.002733e+01 -5.798524e-01
    endloop
  endfacet
  facet normal 6.496350e-01 0.000000e+00 -7.602462e-01
    outer loop
      vertex   -1.771585e+00 8.002733e+01 -5.798524e-01
      vertex   -2.121480e+00 7.946455e+01 -8.788392e-01
      vertex   -2.121480e+00 7.996455e+01 -8.788392e-01
    endloop
  endfacet
  facet normal 6.496350e-01 0.000000e+00 -7.602462e-01
    outer loop
      vertex   -1.771585e+00 8.002733e+01 -5.798524e-01
      vertex   -2.121480e+00 7.996455e+01 -8.788392e-01
      vertex   -1.771585e+00 8.052733e+01 -5.798524e-01
    endloop
  endfacet
  facet normal 6.496350e-01 0.000000e+00 -7.602462e-01
    outer loop
      vertex   -1.771585e+00 8.052733e+01 -5.798524e-01
      vertex   -2.121480e+00 7.996455e+01 -8.788392e-01
      vertex   -2.121480e+00 8.046455e+01 -8.788392e-01
    endloop
  endfacet
  facet normal 5.257572e-01 0.000000e+00 -8.506347e-01
    outer loop
      vertex   -1.368124e+00 7.958559e+01 -3.304823e-01
      vertex   -1.771585e+00 7.952733e+01 -5.798524e-01
      vertex   -1.368124e+00 8.008559e+01 -3.304823e-01
    endloop
  endfacet
  facet normal 5.257572e-01 0.000000e+00 -8.506347e-01
    outer loop
      vertex   -1.368124e+00 8.008559e+01 -3.304823e-01
      vertex   -1.771585e+00 7.952733e+01 -5.798524e-01
      vertex   -1.771585e+00 8.002733e+01 -5.798524e-01
    endloop
  endfacet
  facet normal 5.257572e-01 0.000000e+00 -8.506347e-01
    outer loop
      vertex   -1.368124e+00 8.008559e+01 -3.304823e-01
      vertex   -1.771585e+00 8.002733e+01 -5.798524e-01
      vertex   -1.368124e+00 8.058559e+01 -3.304823e-01
    endloop
  endfacet
  facet normal 5.257572e-01 0.000000e+00 -8.506347e-01
    outer loop
      vertex   -1.368124e+00 8.058559e+01 -3.304823e-01
      vertex   -1.771585e+00 8.002733e+01 -5.798524e-01
      vertex   -1.771585e+00 8.052733e+01 -5.798524e-01
    endloop
  endfacet
  facet normal 3.835442e-01 0.000000e+00 -9.235225e-01
    outer loop
      vertex   -9.256710e-01 7.963190e+01 -1.467291e-01
      vertex   -1.368124e+00 7.958559e+01 -3.304823e-01
      vertex   -9.256710e-01 8.013190e+01 -1.467291e-01
    endloop
  endfacet
  facet normal 3.835442e-01 0.000000e+00 -9.235225e-01
    outer loop
      vertex   -9.256710e-01 8.013190e+01 -1.467291e-01
      vertex   -1.368124e+00 7.958559e+01 -3.304823e-01
      vertex   -1.368124e+00 8.008559e+01 -3.304823e-01
    endloop
  endfacet
  facet normal 3.835442e-01 0.000000e+00 -9.235225e-01
    outer loop
      vertex   -9.256710e-01 8.013190e+01 -1.467291e-01
      vertex   -1.368124e+00 8.008559e+01 -3.304823e-01
      vertex   -9.256710e-01 8.063190e+01 -1.467291e-01
    endloop
  endfacet
  facet normal 3.835442e-01 0.000000e+00 -9.235225e-01
    outer loop
      vertex   -9.256710e-01 8.063190e+01 -1.467291e-01
      vertex   -1.368124e+00 8.008559e+01 -3.304823e-01
      vertex   -1.368124e+00 8.058559e+01 -3.304823e-01
    endloop
  endfacet
  facet normal 2.312427e-01 0.000000e+00 -9.728961e-01
    outer loop
      vertex   -4.623470e-01 7.966101e+01 -3.660396e-02
      vertex   -9.256710e-01 7.963190e+01 -1.467291e-01
      vertex   -4.623470e-01 8.016101e+01 -3.660396e-02
    endloop
  endfacet
  facet normal 2.312427e-01 0.000000e+00 -9.728961e-01
    outer loop
      vertex   -4.623470e-01 8.016101e+01 -3.660396e-02
      vertex   -9.256710e-01 7.963190e+01 -1.467291e-01
      vertex   -9.256710e-01 8.013190e+01 -1.467291e-01
    endloop
  endfacet
  facet normal 2.312427e-01 0.000000e+00 -9.728961e-01
    outer loop
      vertex   -4.623470e-01 8.016101e+01 -3.660396e-02
      vertex   -9.256710e-01 8.013190e+01 -1.467291e-01
      vertex   -4.623470e-01 8.066101e+01 -3.660396e-02
    endloop
  endfacet
  facet normal 2.312427e-01 0.000000e+00 -9.728961e-01
    outer loop
      vertex   -4.623470e-01 8.066101e+01 -3.660396e-02
      vertex   -9.256710e-01 8.013190e+01 -1.467291e-01
      vertex   -9.256710e-01 8.063190e+01 -1.467291e-01
    endloop
  endfacet
  facet normal 7.892285e-02 0.000000e+00 -9.968807e-01
    outer loop
      vertex   2.163547e-13 7.967107e+01 -4.470348e-08
      vertex   -4.623470e-01 7.966101e+01 -3.660396e-02
      vertex   2.163547e-13 8.017107e+01 -4.470348e-08
    endloop
  endfacet
  facet normal 7.892285e-02 0.000000e+00 -9.968807e-01
    outer loop
      vertex   2.163547e-13 8.017107e+01 -4.470348e-08
      vertex   -4.623470e-01 7.966101e+01 -3.660396e-02
      vertex   -4.623470e-01 8.016101e+01 -3.660396e-02
    endloop
  endfacet
  facet normal 7.892285e-02 0.000000e+00 -9.968807e-01
    outer loop
      vertex   2.163547e-13 8.017107e+01 -4.470348e-08
      vertex   -4.623470e-01 8.016101e+01 -3.660396e-02
      vertex   2.163547e-13 8.067107e+01 -4.470348e-08
    endloop
  endfacet
  facet normal 7.892285e-02 0.000000e+00 -9.968807e-01
    outer loop
      vertex   2.163547e-13 8.067107e+01 -4.470348e-08
      vertex   -4.623470e-01 8.016101e+01 -3.660396e-02
      vertex   -4.623470e-01 8.066101e+01 -3.660396e-02
    endloop
  endfacet
  facet normal -7.892285e-02 0.000000e+00 -9.968807e-01
    outer loop
      vertex   4.623470e-01 7.966101e+01 -3.660396e-02
      vertex   2.163547e-13 7.967107e+01 -4.470348e-08
      vertex   4.623470e-01 8.016101e+01 -3.660396e-02
    endloop
  endfacet
  facet normal -7.892285e-02 0.000000e+00 -9.968807e-01
    outer loop
      vertex   4.623470e-01 8.016101e+01 -3.660396e-02
      vertex   2.163547e-13 7.967107e+01 -4.470348e-08
      vertex   2.163547e-13 8.017107e+01 -4.470348e-08
    endloop
  endfacet
  facet normal -7.892285e-02 0.000000e+00 -9.968807e-01
    outer loop
      vertex   4.623470e-01 8.016101e+01 -3.660396e-02
      vertex   2.163547e-13 8.017107e+01 -4.470348e-08
      vertex   4.623470e-01 8.066101e+01 -3.660396e-02
    endloop
  endfacet
  facet normal -7.892285e-02 0.000000e+00 -9.968807e-01
    outer loop
      vertex   4.623470e-01 8.066101e+01 -3.660396e-02
      vertex   2.163547e-13 8.017107e+01 -4.470348e-08
      vertex   2.163547e-13 8.067107e+01 -4.470348e-08
    endloop
  endfacet
  facet normal -2.312427e-01 0.000000e+00 -9.728961e-01
    outer loop
      vertex   9.256710e-01 7.963190e+01 -1.467291e-01
      vertex   4.623470e-01 7.966101e+01 -3.660396e-02
      vertex   9.256710e-01 8.013190e+01 -1.467291e-01
    endloop
  endfacet
  facet normal -2.312427e-01 0.000000e+00 -9.728961e-01
    outer loop
      vertex   9.256710e-01 8.013190e+01 -1.467291e-01
      vertex   4.623470e-01 7.966101e+01 -3.660396e-02
      vertex   4.623470e-01 8.016101e+01 -3.660396e-02
    endloop
  endfacet
  facet normal -2.312427e-01 0.000000e+00 -9.728961e-01
    outer loop
      vertex   9.256710e-01 8.013190e+01 -1.467291e-01
      vertex   4.623470e-01 8.016101e+01 -3.660396e-02
      vertex   9.256710e-01 8.063190e+01 -1.467291e-01
    endloop
  endfacet
  facet normal -2.312427e-01 0.000000e+00 -9.728961e-01
    outer loop
      vertex   9.256710e-01 8.063190e+01 -1.467291e-01
      vertex   4.623470e-01 8.016101e+01 -3.660396e-02
      vertex   4.623470e-01 8.066101e+01 -3.660396e-02
    endloop
  endfacet
  facet normal -3.835442e-01 0.000000e+00 -9.235225e-01
    outer loop
      vertex   1.368124e+00 7.958559e+01 -3.304823e-01
      vertex   9.256710e-01 7.963190e+01 -1.467291e-01
      vertex   1.368124e+00 8.008559e+01 -3.304823e-01
    endloop
  endfacet
  facet normal -3.835442e-01 0.000000e+00 -9.235225e-01
    outer loop
      vertex   1.368124e+00 8.008559e+01 -3.304823e-01
      vertex   9.256710e-01 7.963190e+01 -1.467291e-01
      vertex   9.256710e-01 8.013190e+01 -1.467291e-01
    endloop
  endfacet
  facet normal -3.835442e-01 0.000000e+00 -9.235225e-01
    outer loop
      vertex   1.368124e+00 8.008559e+01 -3.304823e-01
      vertex   9.256710e-01 8.013190e+01 -1.467291e-01
      vertex   1.368124e+00 8.058559e+01 -3.304823e-01
    endloop
  endfacet
  facet normal -3.835442e-01 0.000000e+00 -9.235225e-01
    outer loop
      vertex   1.368124e+00 8.058559e+01 -3.304823e-01
      vertex   9.256710e-01 8.013190e+01 -1.467291e-01
      vertex   9.256710e-01 8.063190e+01 -1.467291e-01
    endloop
  endfacet
  facet normal -5.257572e-01 0.000000e+00 -8.506347e-01
    outer loop
      vertex   1.771585e+00 7.952733e+01 -5.798524e-01
      vertex   1.368124e+00 7.958559e+01 -3.304823e-01
      vertex   1.771585e+00 8.002733e+01 -5.798524e-01
    endloop
  endfacet
  facet normal -5.257572e-01 0.000000e+00 -8.506347e-01
    outer loop
      vertex   1.771585e+00 8.002733e+01 -5.798524e-01
      vertex   1.368124e+00 7.958559e+01 -3.304823e-01
      vertex   1.368124e+00 8.008559e+01 -3.304823e-01
    endloop
  endfacet
  facet normal -5.257572e-01 0.000000e+00 -8.506347e-01
    outer loop
      vertex   1.771585e+00 8.002733e+01 -5.798524e-01
      vertex   1.368124e+00 8.008559e+01 -3.304823e-01
      vertex   1.771585e+00 8.052733e+01 -5.798524e-01
    endloop
  endfacet
  facet normal -5.257572e-01 0.000000e+00 -8.506347e-01
    outer loop
      vertex   1.771585e+00 8.052733e+01 -5.798524e-01
      vertex   1.368124e+00 8.008559e+01 -3.304823e-01
      vertex   1.368124e+00 8.058559e+01 -3.304823e-01
    endloop
  endfacet
  facet normal -6.496350e-01 0.000000e+00 -7.602462e-01
    outer loop
      vertex   2.121480e+00 7.946455e+01 -8.788392e-01
      vertex   1.771585e+00 7.952733e+01 -5.798524e-01
      vertex   2.121480e+00 7.996455e+01 -8.788392e-01
    endloop
  endfacet
  facet normal -6.496350e-01 0.000000e+00 -7.602462e-01
    outer loop
      vertex   2.121480e+00 7.996455e+01 -8.788392e-01
      vertex   1.771585e+00 7.952733e+01 -5.798524e-01
      vertex   1.771585e+00 8.002733e+01 -5.798524e-01
    endloop
  endfacet
  facet normal -6.496350e-01 0.000000e+00 -7.602462e-01
    outer loop
      vertex   2.121480e+00 7.996455e+01 -8.788392e-01
      vertex   1.771585e+00 8.002733e+01 -5.798524e-01
      vertex   2.121480e+00 8.046455e+01 -8.788392e-01
    endloop
  endfacet
  facet normal -6.496350e-01 0.000000e+00 -7.602462e-01
    outer loop
      vertex   2.121480e+00 8.046455e+01 -8.788392e-01
      vertex   1.771585e+00 8.002733e+01 -5.798524e-01
      vertex   1.771585e+00 8.052733e+01 -5.798524e-01
    endloop
  endfacet
  facet normal -7.603373e-01 0.000000e+00 -6.495285e-01
    outer loop
      vertex   2.420396e+00 7.940139e+01 -1.228750e+00
      vertex   2.121480e+00 7.946455e+01 -8.788392e-01
      vertex   2.420396e+00 7.990139e+01 -1.228750e+00
    endloop
  endfacet
  facet normal -7.603373e-01 0.000000e+00 -6.495285e-01
    outer loop
      vertex   2.420396e+00 7.990139e+01 -1.228750e+00
      vertex   2.121480e+00 7.946455e+01 -8.788392e-01
      vertex   2.121480e+00 7.996455e+01 -8.788392e-01
    endloop
  endfacet
  facet normal -7.603373e-01 0.000000e+00 -6.495285e-01
    outer loop
      vertex   2.420396e+00 7.990139e+01 -1.228750e+00
      vertex   2.121480e+00 7.996455e+01 -8.788392e-01
      vertex   2.420396e+00 8.040139e+01 -1.228750e+00
    endloop
  endfacet
  facet normal -7.603373e-01 0.000000e+00 -6.495285e-01
    outer loop
      vertex   2.420396e+00 8.040139e+01 -1.228750e+00
      vertex   2.121480e+00 7.996455e+01 -8.788392e-01
      vertex   2.121480e+00 8.046455e+01 -8.788392e-01
    endloop
  endfacet
  facet normal -8.506981e-01 0.000000e+00 -5.256546e-01
    outer loop
      vertex   2.669657e+00 7.934216e+01 -1.632145e+00
      vertex   2.420396e+00 7.940139e+01 -1.228750e+00
      vertex   2.669657e+00 7.984216e+01 -1.632145e+00
    endloop
  endfacet
  facet normal -8.506981e-01 0.000000e+00 -5.256546e-01
    outer loop
      vertex   2.669657e+00 7.984216e+01 -1.632145e+00
      vertex   2.420396e+00 7.940139e+01 -1.228750e+00
      vertex   2.420396e+00 7.990139e+01 -1.228750e+00
    endloop
  endfacet
  facet normal -8.506981e-01 0.000000e+00 -5.256546e-01
    outer loop
      vertex   2.669657e+00 7.984216e+01 -1.632145e+00
      vertex   2.420396e+00 7.990139e+01 -1.228750e+00
      vertex   2.669657e+00 8.034216e+01 -1.632145e+00
    endloop
  endfacet
  facet normal -8.506981e-01 0.000000e+00 -5.256546e-01
    outer loop
      vertex   2.669657e+00 8.034216e+01 -1.632145e+00
      vertex   2.420396e+00 7.990139e+01 -1.228750e+00
      vertex   2.420396e+00 8.040139e+01 -1.228750e+00
    endloop
  endfacet
  facet normal -9.729035e-01 -0.000000e+00 -2.312117e-01
    outer loop
      vertex   2.963405e+00 7.976453e+01 -2.537700e+00
      vertex   2.963405e+00 7.926453e+01 -2.537700e+00
      vertex   2.853321e+00 7.929463e+01 -2.074482e+00
    endloop
  endfacet
  facet normal -9.235533e-01 0.000000e+00 -3.834701e-01
    outer loop
      vertex   2.853321e+00 7.929463e+01 -2.074482e+00
      vertex   2.669657e+00 7.934216e+01 -1.632145e+00
      vertex   2.853321e+00 7.979463e+01 -2.074482e+00
    endloop
  endfacet
  facet normal -9.235533e-01 0.000000e+00 -3.834701e-01
    outer loop
      vertex   2.853321e+00 7.979463e+01 -2.074482e+00
      vertex   2.669657e+00 7.934216e+01 -1.632145e+00
      vertex   2.669657e+00 7.984216e+01 -1.632145e+00
    endloop
  endfacet
  facet normal -9.235533e-01 0.000000e+00 -3.834701e-01
    outer loop
      vertex   2.853321e+00 7.979463e+01 -2.074482e+00
      vertex   2.669657e+00 7.984216e+01 -1.632145e+00
      vertex   2.853321e+00 8.029463e+01 -2.074482e+00
    endloop
  endfacet
  facet normal -9.235533e-01 0.000000e+00 -3.834701e-01
    outer loop
      vertex   2.853321e+00 8.029463e+01 -2.074482e+00
      vertex   2.669657e+00 7.984216e+01 -1.632145e+00
      vertex   2.669657e+00 8.034216e+01 -1.632145e+00
    endloop
  endfacet
  facet normal -9.968817e-01 -0.000000e+00 -7.891115e-02
    outer loop
      vertex   2.963405e+00 8.126453e+01 -2.537700e+00
      vertex   3.000000e+00 8.225407e+01 -3.000000e+00
      vertex   2.963405e+00 8.076453e+01 -2.537700e+00
    endloop
  endfacet
  facet normal -9.729035e-01 -0.000000e+00 -2.312117e-01
    outer loop
      vertex   2.963405e+00 8.026453e+01 -2.537700e+00
      vertex   2.963405e+00 7.976453e+01 -2.537700e+00
      vertex   2.853321e+00 7.979463e+01 -2.074482e+00
    endloop
  endfacet
  facet normal -9.729035e-01 -0.000000e+00 -2.312117e-01
    outer loop
      vertex   2.853321e+00 7.979463e+01 -2.074482e+00
      vertex   2.963405e+00 7.976453e+01 -2.537700e+00
      vertex   2.853321e+00 7.929463e+01 -2.074482e+00
    endloop
  endfacet
  facet normal -9.729035e-01 0.000000e+00 -2.312117e-01
    outer loop
      vertex   2.963405e+00 8.026453e+01 -2.537700e+00
      vertex   2.853321e+00 7.979463e+01 -2.074482e+00
      vertex   2.853321e+00 8.029463e+01 -2.074482e+00
    endloop
  endfacet
  facet normal -9.235533e-01 0.000000e+00 3.834701e-01
    outer loop
      vertex   2.853321e+00 8.079463e+01 -3.925518e+00
      vertex   2.669657e+00 8.134216e+01 -4.367855e+00
      vertex   2.669657e+00 8.084216e+01 -4.367855e+00
    endloop
  endfacet
  facet normal -8.506981e-01 0.000000e+00 5.256546e-01
    outer loop
      vertex   2.669657e+00 8.084216e+01 -4.367855e+00
      vertex   2.669657e+00 8.134216e+01 -4.367855e+00
      vertex   2.420396e+00 8.140139e+01 -4.771250e+00
    endloop
  endfacet
  facet normal -8.506981e-01 0.000000e+00 5.256546e-01
    outer loop
      vertex   2.669657e+00 8.084216e+01 -4.367855e+00
      vertex   2.420396e+00 8.140139e+01 -4.771250e+00
      vertex   2.420396e+00 8.090139e+01 -4.771250e+00
    endloop
  endfacet
  facet normal -7.603373e-01 0.000000e+00 6.495285e-01
    outer loop
      vertex   2.420396e+00 8.090139e+01 -4.771250e+00
      vertex   2.420396e+00 8.140139e+01 -4.771250e+00
      vertex   2.121480e+00 8.146455e+01 -5.121161e+00
    endloop
  endfacet
  facet normal -7.603373e-01 0.000000e+00 6.495285e-01
    outer loop
      vertex   2.420396e+00 8.090139e+01 -4.771250e+00
      vertex   2.121480e+00 8.146455e+01 -5.121161e+00
      vertex   2.121480e+00 8.096455e+01 -5.121161e+00
    endloop
  endfacet
  facet normal -6.496350e-01 0.000000e+00 7.602462e-01
    outer loop
      vertex   2.121480e+00 8.096455e+01 -5.121161e+00
      vertex   2.121480e+00 8.146455e+01 -5.121161e+00
      vertex   1.771585e+00 8.152733e+01 -5.420148e+00
    endloop
  endfacet
  facet normal -6.496350e-01 0.000000e+00 7.602462e-01
    outer loop
      vertex   2.121480e+00 8.096455e+01 -5.121161e+00
      vertex   1.771585e+00 8.152733e+01 -5.420148e+00
      vertex   1.771585e+00 8.102733e+01 -5.420148e+00
    endloop
  endfacet
  facet normal -5.257572e-01 0.000000e+00 8.506347e-01
    outer loop
      vertex   1.771585e+00 8.102733e+01 -5.420148e+00
      vertex   1.771585e+00 8.152733e+01 -5.420148e+00
      vertex   1.368124e+00 8.158559e+01 -5.669518e+00
    endloop
  endfacet
  facet normal -5.257572e-01 0.000000e+00 8.506347e-01
    outer loop
      vertex   1.771585e+00 8.102733e+01 -5.420148e+00
      vertex   1.368124e+00 8.158559e+01 -5.669518e+00
      vertex   1.368124e+00 8.108559e+01 -5.669518e+00
    endloop
  endfacet
  facet normal -3.835442e-01 0.000000e+00 9.235225e-01
    outer loop
      vertex   1.368124e+00 8.108559e+01 -5.669518e+00
      vertex   1.368124e+00 8.158559e+01 -5.669518e+00
      vertex   9.256710e-01 8.163190e+01 -5.853271e+00
    endloop
  endfacet
  facet normal -3.835442e-01 0.000000e+00 9.235225e-01
    outer loop
      vertex   1.368124e+00 8.108559e+01 -5.669518e+00
      vertex   9.256710e-01 8.163190e+01 -5.853271e+00
      vertex   9.256710e-01 8.113190e+01 -5.853271e+00
    endloop
  endfacet
  facet normal -2.312427e-01 0.000000e+00 9.728961e-01
    outer loop
      vertex   9.256710e-01 8.113190e+01 -5.853271e+00
      vertex   9.256710e-01 8.163190e+01 -5.853271e+00
      vertex   4.623470e-01 8.166101e+01 -5.963396e+00
    endloop
  endfacet
  facet normal -2.312427e-01 0.000000e+00 9.728961e-01
    outer loop
      vertex   9.256710e-01 8.113190e+01 -5.853271e+00
      vertex   4.623470e-01 8.166101e+01 -5.963396e+00
      vertex   4.623470e-01 8.116101e+01 -5.963396e+00
    endloop
  endfacet
  facet normal -7.892285e-02 0.000000e+00 9.968807e-01
    outer loop
      vertex   4.623470e-01 8.116101e+01 -5.963396e+00
      vertex   4.623470e-01 8.166101e+01 -5.963396e+00
      vertex   2.167710e-13 8.167107e+01 -6.000000e+00
    endloop
  endfacet
  facet normal -7.892285e-02 0.000000e+00 9.968807e-01
    outer loop
      vertex   4.623470e-01 8.116101e+01 -5.963396e+00
      vertex   2.167710e-13 8.167107e+01 -6.000000e+00
      vertex   2.167710e-13 8.117107e+01 -6.000000e+00
    endloop
  endfacet
  facet normal 7.892285e-02 -0.000000e+00 9.968807e-01
    outer loop
      vertex   2.167710e-13 8.117107e+01 -6.000000e+00
      vertex   2.167710e-13 8.167107e+01 -6.000000e+00
      vertex   -4.623470e-01 8.166101e+01 -5.963396e+00
    endloop
  endfacet
  facet normal 7.892285e-02 0.000000e+00 9.968807e-01
    outer loop
      vertex   2.167710e-13 8.117107e+01 -6.000000e+00
      vertex   -4.623470e-01 8.166101e+01 -5.963396e+00
      vertex   -4.623470e-01 8.116101e+01 -5.963396e+00
    endloop
  endfacet
  facet normal 2.312427e-01 -0.000000e+00 9.728961e-01
    outer loop
      vertex   -4.623470e-01 8.116101e+01 -5.963396e+00
      vertex   -4.623470e-01 8.166101e+01 -5.963396e+00
      vertex   -9.256710e-01 8.163190e+01 -5.853271e+00
    endloop
  endfacet
  facet normal 2.312427e-01 0.000000e+00 9.728961e-01
    outer loop
      vertex   -4.623470e-01 8.116101e+01 -5.963396e+00
      vertex   -9.256710e-01 8.163190e+01 -5.853271e+00
      vertex   -9.256710e-01 8.113190e+01 -5.853271e+00
    endloop
  endfacet
  facet normal 3.835442e-01 -0.000000e+00 9.235225e-01
    outer loop
      vertex   -9.256710e-01 8.113190e+01 -5.853271e+00
      vertex   -9.256710e-01 8.163190e+01 -5.853271e+00
      vertex   -1.368124e+00 8.158559e+01 -5.669518e+00
    endloop
  endfacet
  facet normal 3.835442e-01 0.000000e+00 9.235225e-01
    outer loop
      vertex   -9.256710e-01 8.113190e+01 -5.853271e+00
      vertex   -1.368124e+00 8.158559e+01 -5.669518e+00
      vertex   -1.368124e+00 8.108559e+01 -5.669518e+00
    endloop
  endfacet
  facet normal 5.257572e-01 -0.000000e+00 8.506347e-01
    outer loop
      vertex   -1.368124e+00 8.108559e+01 -5.669518e+00
      vertex   -1.368124e+00 8.158559e+01 -5.669518e+00
      vertex   -1.771585e+00 8.152733e+01 -5.420148e+00
    endloop
  endfacet
  facet normal 5.257572e-01 0.000000e+00 8.506347e-01
    outer loop
      vertex   -1.368124e+00 8.108559e+01 -5.669518e+00
      vertex   -1.771585e+00 8.152733e+01 -5.420148e+00
      vertex   -1.771585e+00 8.102733e+01 -5.420148e+00
    endloop
  endfacet
  facet normal 6.496350e-01 -0.000000e+00 7.602462e-01
    outer loop
      vertex   -1.771585e+00 8.102733e+01 -5.420148e+00
      vertex   -1.771585e+00 8.152733e+01 -5.420148e+00
      vertex   -2.121480e+00 8.146455e+01 -5.121161e+00
    endloop
  endfacet
  facet normal 6.496350e-01 0.000000e+00 7.602462e-01
    outer loop
      vertex   -1.771585e+00 8.102733e+01 -5.420148e+00
      vertex   -2.121480e+00 8.146455e+01 -5.121161e+00
      vertex   -2.121480e+00 8.096455e+01 -5.121161e+00
    endloop
  endfacet
  facet normal 7.603373e-01 -0.000000e+00 6.495285e-01
    outer loop
      vertex   -2.121480e+00 8.096455e+01 -5.121161e+00
      vertex   -2.121480e+00 8.146455e+01 -5.121161e+00
      vertex   -2.420396e+00 8.140139e+01 -4.771250e+00
    endloop
  endfacet
  facet normal 7.603373e-01 0.000000e+00 6.495285e-01
    outer loop
      vertex   -2.121480e+00 8.096455e+01 -5.121161e+00
      vertex   -2.420396e+00 8.140139e+01 -4.771250e+00
      vertex   -2.420396e+00 8.090139e+01 -4.771250e+00
    endloop
  endfacet
  facet normal 8.506981e-01 -0.000000e+00 5.256546e-01
    outer loop
      vertex   -2.420396e+00 8.090139e+01 -4.771250e+00
      vertex   -2.420396e+00 8.140139e+01 -4.771250e+00
      vertex   -2.669657e+00 8.134216e+01 -4.367855e+00
    endloop
  endfacet
  facet normal 8.506981e-01 0.000000e+00 5.256546e-01
    outer loop
      vertex   -2.420396e+00 8.090139e+01 -4.771250e+00
      vertex   -2.669657e+00 8.134216e+01 -4.367855e+00
      vertex   -2.669657e+00 8.084216e+01 -4.367855e+00
    endloop
  endfacet
  facet normal 9.235533e-01 -0.000000e+00 3.834701e-01
    outer loop
      vertex   -2.669657e+00 8.084216e+01 -4.367855e+00
      vertex   -2.669657e+00 8.134216e+01 -4.367855e+00
      vertex   -2.853321e+00 8.129463e+01 -3.925518e+00
    endloop
  endfacet
  facet normal 9.235533e-01 0.000000e+00 3.834701e-01
    outer loop
      vertex   -2.669657e+00 8.084216e+01 -4.367855e+00
      vertex   -2.853321e+00 8.129463e+01 -3.925518e+00
      vertex   -2.853321e+00 8.079463e+01 -3.925518e+00
    endloop
  endfacet
  facet normal 9.729035e-01 -0.000000e+00 2.312117e-01
    outer loop
      vertex   -2.853321e+00 8.079463e+01 -3.925518e+00
      vertex   -2.853321e+00 8.129463e+01 -3.925518e+00
      vertex   -2.963405e+00 8.126453e+01 -3.462300e+00
    endloop
  endfacet
  facet normal 9.729035e-01 0.000000e+00 2.312117e-01
    outer loop
      vertex   -2.853321e+00 8.079463e+01 -3.925518e+00
      vertex   -2.963405e+00 8.126453e+01 -3.462300e+00
      vertex   -2.963405e+00 8.076453e+01 -3.462300e+00
    endloop
  endfacet
  facet normal 9.968817e-01 -0.000000e+00 7.891115e-02
    outer loop
      vertex   -2.963405e+00 8.076453e+01 -3.462300e+00
      vertex   -2.963405e+00 8.126453e+01 -3.462300e+00
      vertex   -3.000000e+00 8.125407e+01 -3.000000e+00
    endloop
  endfacet
  facet normal 9.968817e-01 0.000000e+00 7.891115e-02
    outer loop
      vertex   -2.963405e+00 8.076453e+01 -3.462300e+00
      vertex   -3.000000e+00 8.125407e+01 -3.000000e+00
      vertex   -3.000000e+00 8.075407e+01 -3.000000e+00
    endloop
  endfacet
  facet normal 9.968817e-01 0.000000e+00 -7.891115e-02
    outer loop
      vertex   -3.000000e+00 8.075407e+01 -3.000000e+00
      vertex   -3.000000e+00 8.125407e+01 -3.000000e+00
      vertex   -2.963405e+00 8.126453e+01 -2.537700e+00
    endloop
  endfacet
  facet normal 9.968817e-01 0.000000e+00 -7.891115e-02
    outer loop
      vertex   -3.000000e+00 8.075407e+01 -3.000000e+00
      vertex   -2.963405e+00 8.126453e+01 -2.537700e+00
      vertex   -2.963405e+00 8.076453e+01 -2.537700e+00
    endloop
  endfacet
  facet normal 9.729035e-01 0.000000e+00 -2.312117e-01
    outer loop
      vertex   -2.963405e+00 8.076453e+01 -2.537700e+00
      vertex   -2.963405e+00 8.126453e+01 -2.537700e+00
      vertex   -2.853321e+00 8.129463e+01 -2.074482e+00
    endloop
  endfacet
  facet normal 9.729035e-01 0.000000e+00 -2.312117e-01
    outer loop
      vertex   -2.963405e+00 8.076453e+01 -2.537700e+00
      vertex   -2.853321e+00 8.129463e+01 -2.074482e+00
      vertex   -2.853321e+00 8.079463e+01 -2.074482e+00
    endloop
  endfacet
  facet normal 9.235533e-01 0.000000e+00 -3.834701e-01
    outer loop
      vertex   -2.853321e+00 8.079463e+01 -2.074482e+00
      vertex   -2.853321e+00 8.129463e+01 -2.074482e+00
      vertex   -2.669657e+00 8.134216e+01 -1.632145e+00
    endloop
  endfacet
  facet normal 9.235533e-01 0.000000e+00 -3.834701e-01
    outer loop
      vertex   -2.853321e+00 8.079463e+01 -2.074482e+00
      vertex   -2.669657e+00 8.134216e+01 -1.632145e+00
      vertex   -2.669657e+00 8.084216e+01 -1.632145e+00
    endloop
  endfacet
  facet normal 8.506981e-01 0.000000e+00 -5.256546e-01
    outer loop
      vertex   -2.669657e+00 8.084216e+01 -1.632145e+00
      vertex   -2.669657e+00 8.134216e+01 -1.632145e+00
      vertex   -2.420396e+00 8.140139e+01 -1.228750e+00
    endloop
  endfacet
  facet normal 8.506981e-01 0.000000e+00 -5.256546e-01
    outer loop
      vertex   -2.669657e+00 8.084216e+01 -1.632145e+00
      vertex   -2.420396e+00 8.140139e+01 -1.228750e+00
      vertex   -2.420396e+00 8.090139e+01 -1.228750e+00
    endloop
  endfacet
  facet normal 7.603373e-01 0.000000e+00 -6.495285e-01
    outer loop
      vertex   -2.420396e+00 8.090139e+01 -1.228750e+00
      vertex   -2.420396e+00 8.140139e+01 -1.228750e+00
      vertex   -2.121480e+00 8.146455e+01 -8.788392e-01
    endloop
  endfacet
  facet normal 7.603373e-01 0.000000e+00 -6.495285e-01
    outer loop
      vertex   -2.420396e+00 8.090139e+01 -1.228750e+00
      vertex   -2.121480e+00 8.146455e+01 -8.788392e-01
      vertex   -2.121480e+00 8.096455e+01 -8.788392e-01
    endloop
  endfacet
  facet normal 6.496350e-01 0.000000e+00 -7.602462e-01
    outer loop
      vertex   -2.121480e+00 8.096455e+01 -8.788392e-01
      vertex   -2.121480e+00 8.146455e+01 -8.788392e-01
      vertex   -1.771585e+00 8.152733e+01 -5.798524e-01
    endloop
  endfacet
  facet normal 6.496350e-01 0.000000e+00 -7.602462e-01
    outer loop
      vertex   -2.121480e+00 8.096455e+01 -8.788392e-01
      vertex   -1.771585e+00 8.152733e+01 -5.798524e-01
      vertex   -1.771585e+00 8.102733e+01 -5.798524e-01
    endloop
  endfacet
  facet normal 5.257572e-01 0.000000e+00 -8.506347e-01
    outer loop
      vertex   -1.771585e+00 8.102733e+01 -5.798524e-01
      vertex   -1.771585e+00 8.152733e+01 -5.798524e-01
      vertex   -1.368124e+00 8.158559e+01 -3.304823e-01
    endloop
  endfacet
  facet normal 5.257572e-01 0.000000e+00 -8.506347e-01
    outer loop
      vertex   -1.771585e+00 8.102733e+01 -5.798524e-01
      vertex   -1.368124e+00 8.158559e+01 -3.304823e-01
      vertex   -1.368124e+00 8.108559e+01 -3.304823e-01
    endloop
  endfacet
  facet normal 3.835442e-01 0.000000e+00 -9.235225e-01
    outer loop
      vertex   -1.368124e+00 8.108559e+01 -3.304823e-01
      vertex   -1.368124e+00 8.158559e+01 -3.304823e-01
      vertex   -9.256710e-01 8.163190e+01 -1.467291e-01
    endloop
  endfacet
  facet normal 3.835442e-01 0.000000e+00 -9.235225e-01
    outer loop
      vertex   -1.368124e+00 8.108559e+01 -3.304823e-01
      vertex   -9.256710e-01 8.163190e+01 -1.467291e-01
      vertex   -9.256710e-01 8.113190e+01 -1.467291e-01
    endloop
  endfacet
  facet normal 2.312427e-01 0.000000e+00 -9.728961e-01
    outer loop
      vertex   -9.256710e-01 8.113190e+01 -1.467291e-01
      vertex   -9.256710e-01 8.163190e+01 -1.467291e-01
      vertex   -4.623470e-01 8.166101e+01 -3.660396e-02
    endloop
  endfacet
  facet normal 2.312427e-01 0.000000e+00 -9.728961e-01
    outer loop
      vertex   -9.256710e-01 8.113190e+01 -1.467291e-01
      vertex   -4.623470e-01 8.166101e+01 -3.660396e-02
      vertex   -4.623470e-01 8.116101e+01 -3.660396e-02
    endloop
  endfacet
  facet normal 7.892285e-02 0.000000e+00 -9.968807e-01
    outer loop
      vertex   -4.623470e-01 8.116101e+01 -3.660396e-02
      vertex   -4.623470e-01 8.166101e+01 -3.660396e-02
      vertex   2.163547e-13 8.167107e+01 -4.470348e-08
    endloop
  endfacet
  facet normal 7.892285e-02 0.000000e+00 -9.968807e-01
    outer loop
      vertex   -4.623470e-01 8.116101e+01 -3.660396e-02
      vertex   2.163547e-13 8.167107e+01 -4.470348e-08
      vertex   2.163547e-13 8.117107e+01 -4.470348e-08
    endloop
  endfacet
  facet normal -7.892285e-02 0.000000e+00 -9.968807e-01
    outer loop
      vertex   2.163547e-13 8.117107e+01 -4.470348e-08
      vertex   2.163547e-13 8.167107e+01 -4.470348e-08
      vertex   4.623470e-01 8.166101e+01 -3.660396e-02
    endloop
  endfacet
  facet normal -7.892285e-02 0.000000e+00 -9.968807e-01
    outer loop
      vertex   2.163547e-13 8.117107e+01 -4.470348e-08
      vertex   4.623470e-01 8.166101e+01 -3.660396e-02
      vertex   4.623470e-01 8.116101e+01 -3.660396e-02
    endloop
  endfacet
  facet normal -2.312427e-01 0.000000e+00 -9.728961e-01
    outer loop
      vertex   4.623470e-01 8.116101e+01 -3.660396e-02
      vertex   4.623470e-01 8.166101e+01 -3.660396e-02
      vertex   9.256710e-01 8.163190e+01 -1.467291e-01
    endloop
  endfacet
  facet normal -2.312427e-01 0.000000e+00 -9.728961e-01
    outer loop
      vertex   4.623470e-01 8.116101e+01 -3.660396e-02
      vertex   9.256710e-01 8.163190e+01 -1.467291e-01
      vertex   9.256710e-01 8.113190e+01 -1.467291e-01
    endloop
  endfacet
  facet normal -3.835442e-01 0.000000e+00 -9.235225e-01
    outer loop
      vertex   9.256710e-01 8.113190e+01 -1.467291e-01
      vertex   9.256710e-01 8.163190e+01 -1.467291e-01
      vertex   1.368124e+00 8.158559e+01 -3.304823e-01
    endloop
  endfacet
  facet normal -3.835442e-01 0.000000e+00 -9.235225e-01
    outer loop
      vertex   9.256710e-01 8.113190e+01 -1.467291e-01
      vertex   1.368124e+00 8.158559e+01 -3.304823e-01
      vertex   1.368124e+00 8.108559e+01 -3.304823e-01
    endloop
  endfacet
  facet normal -5.257572e-01 0.000000e+00 -8.506347e-01
    outer loop
      vertex   1.368124e+00 8.108559e+01 -3.304823e-01
      vertex   1.368124e+00 8.158559e+01 -3.304823e-01
      vertex   1.771585e+00 8.152733e+01 -5.798524e-01
    endloop
  endfacet
  facet normal -5.257572e-01 0.000000e+00 -8.506347e-01
    outer loop
      vertex   1.368124e+00 8.108559e+01 -3.304823e-01
      vertex   1.771585e+00 8.152733e+01 -5.798524e-01
      vertex   1.771585e+00 8.102733e+01 -5.798524e-01
    endloop
  endfacet
  facet normal -6.496350e-01 0.000000e+00 -7.602462e-01
    outer loop
      vertex   1.771585e+00 8.102733e+01 -5.798524e-01
      vertex   1.771585e+00 8.152733e+01 -5.798524e-01
      vertex   2.121480e+00 8.146455e+01 -8.788392e-01
    endloop
  endfacet
  facet normal -6.496350e-01 0.000000e+00 -7.602462e-01
    outer loop
      vertex   1.771585e+00 8.102733e+01 -5.798524e-01
      vertex   2.121480e+00 8.146455e+01 -8.788392e-01
      vertex   2.121480e+00 8.096455e+01 -8.788392e-01
    endloop
  endfacet
  facet normal -7.603373e-01 0.000000e+00 -6.495285e-01
    outer loop
      vertex   2.121480e+00 8.096455e+01 -8.788392e-01
      vertex   2.121480e+00 8.146455e+01 -8.788392e-01
      vertex   2.420396e+00 8.140139e+01 -1.228750e+00
    endloop
  endfacet
  facet normal -7.603373e-01 0.000000e+00 -6.495285e-01
    outer loop
      vertex   2.121480e+00 8.096455e+01 -8.788392e-01
      vertex   2.420396e+00 8.140139e+01 -1.228750e+00
      vertex   2.420396e+00 8.090139e+01 -1.228750e+00
    endloop
  endfacet
  facet normal -8.506981e-01 0.000000e+00 -5.256546e-01
    outer loop
      vertex   2.420396e+00 8.090139e+01 -1.228750e+00
      vertex   2.420396e+00 8.140139e+01 -1.228750e+00
      vertex   2.669657e+00 8.134216e+01 -1.632145e+00
    endloop
  endfacet
  facet normal -8.506981e-01 0.000000e+00 -5.256546e-01
    outer loop
      vertex   2.420396e+00 8.090139e+01 -1.228750e+00
      vertex   2.669657e+00 8.134216e+01 -1.632145e+00
      vertex   2.669657e+00 8.084216e+01 -1.632145e+00
    endloop
  endfacet
  facet normal -9.235533e-01 0.000000e+00 -3.834701e-01
    outer loop
      vertex   2.669657e+00 8.084216e+01 -1.632145e+00
      vertex   2.669657e+00 8.134216e+01 -1.632145e+00
      vertex   2.853321e+00 8.129463e+01 -2.074482e+00
    endloop
  endfacet
  facet normal -9.235533e-01 0.000000e+00 -3.834701e-01
    outer loop
      vertex   2.669657e+00 8.084216e+01 -1.632145e+00
      vertex   2.853321e+00 8.129463e+01 -2.074482e+00
      vertex   2.853321e+00 8.079463e+01 -2.074482e+00
    endloop
  endfacet
  facet normal -9.729035e-01 0.000000e+00 -2.312117e-01
    outer loop
      vertex   2.853321e+00 8.079463e+01 -2.074482e+00
      vertex   2.853321e+00 8.129463e+01 -2.074482e+00
      vertex   2.963405e+00 8.126453e+01 -2.537700e+00
    endloop
  endfacet
  facet normal -9.729035e-01 0.000000e+00 -2.312117e-01
    outer loop
      vertex   2.853321e+00 8.079463e+01 -2.074482e+00
      vertex   2.963405e+00 8.126453e+01 -2.537700e+00
      vertex   2.963405e+00 8.076453e+01 -2.537700e+00
    endloop
  endfacet
  facet normal -7.071068e-01 7.071068e-01 0.000000e+00
    outer loop
      vertex   7.071068e+00 7.267107e+01 -1.870000e+01
      vertex   0.000000e+00 6.560000e+01 -1.870000e+01
      vertex   7.071068e+00 7.267107e+01 5.000000e+00
    endloop
  endfacet
  facet normal -7.071068e-01 7.071068e-01 0.000000e+00
    outer loop
      vertex   7.071068e+00 7.267107e+01 5.000000e+00
      vertex   0.000000e+00 6.560000e+01 -1.870000e+01
      vertex   0.000000e+00 6.560000e+01 5.000000e+00
    endloop
  endfacet
  facet normal 7.071068e-01 7.071068e-01 -0.000000e+00
    outer loop
      vertex   0.000000e+00 6.560000e+01 -1.870000e+01
      vertex   -7.071068e+00 7.267107e+01 -1.870000e+01
      vertex   0.000000e+00 6.560000e+01 5.000000e+00
    endloop
  endfacet
  facet normal 7.071068e-01 7.071068e-01 0.000000e+00
    outer loop
      vertex   0.000000e+00 6.560000e+01 5.000000e+00
      vertex   -7.071068e+00 7.267107e+01 -1.870000e+01
      vertex   -7.071068e+00 7.267107e+01 5.000000e+00
    endloop
  endfacet
  facet normal -4.210333e-01 -9.070451e-01 3.099828e-04
    outer loop
      vertex   2.985243e+00 7.775429e+01 -3.297320e+00
      vertex   3.169609e+00 7.766750e+01 -6.850000e+00
      vertex   3.000000e+00 7.774754e+01 -3.000000e+00
    endloop
  endfacet
  facet normal -4.267967e-01 -9.043476e-01 4.761337e-17
    outer loop
      vertex   3.000000e+00 7.774754e+01 -3.000000e+00
      vertex   3.169609e+00 7.766750e+01 -6.850000e+00
      vertex   3.169609e+00 7.766750e+01 5.000000e+00
    endloop
  endfacet
  facet normal -4.195639e-01 -9.077258e-01 -1.871435e-04
    outer loop
      vertex   3.000000e+00 7.774754e+01 -3.000000e+00
      vertex   3.169609e+00 7.766750e+01 5.000000e+00
      vertex   2.985186e+00 7.775433e+01 -2.702101e+00
    endloop
  endfacet
  facet normal -4.141084e-01 -9.102275e-01 -3.459757e-04
    outer loop
      vertex   2.985186e+00 7.775433e+01 -2.702101e+00
      vertex   3.169609e+00 7.766750e+01 5.000000e+00
      vertex   2.941268e+00 7.777420e+01 -2.409050e+00
    endloop
  endfacet
  facet normal -4.039233e-01 -9.147926e-01 -7.256167e-04
    outer loop
      vertex   2.941268e+00 7.777420e+01 -2.409050e+00
      vertex   3.169609e+00 7.766750e+01 5.000000e+00
      vertex   2.869032e+00 7.780587e+01 -2.123146e+00
    endloop
  endfacet
  facet normal -3.920965e-01 -9.199231e-01 -1.324333e-03
    outer loop
      vertex   2.869032e+00 7.780587e+01 -2.123146e+00
      vertex   3.169609e+00 7.766750e+01 5.000000e+00
      vertex   2.769246e+00 7.784800e+01 -1.846184e+00
    endloop
  endfacet
  facet normal -3.868197e-01 -9.221538e-01 -1.691736e-03
    outer loop
      vertex   2.769246e+00 7.784800e+01 -1.846184e+00
      vertex   3.169609e+00 7.766750e+01 5.000000e+00
      vertex   2.413587e+00 7.798463e+01 5.000000e+00
    endloop
  endfacet
  facet normal -3.763208e-01 -9.264888e-01 -1.059804e-03
    outer loop
      vertex   2.769246e+00 7.784800e+01 -1.846184e+00
      vertex   2.413587e+00 7.798463e+01 5.000000e+00
      vertex   2.643040e+00 7.789896e+01 -1.580721e+00
    endloop
  endfacet
  facet normal -3.556187e-01 -9.346311e-01 -2.319748e-04
    outer loop
      vertex   2.643040e+00 7.789896e+01 -1.580721e+00
      vertex   2.413587e+00 7.798463e+01 5.000000e+00
      vertex   2.492293e+00 7.795625e+01 -1.330122e+00
    endloop
  endfacet
  facet normal -3.326297e-01 -9.430575e-01 9.163559e-05
    outer loop
      vertex   2.492293e+00 7.795625e+01 -1.330122e+00
      vertex   2.413587e+00 7.798463e+01 5.000000e+00
      vertex   2.318384e+00 7.801762e+01 -1.096030e+00
    endloop
  endfacet
  facet normal -3.075369e-01 -9.515361e-01 -3.461213e-04
    outer loop
      vertex   2.318384e+00 7.801762e+01 -1.096030e+00
      vertex   2.413587e+00 7.798463e+01 5.000000e+00
      vertex   2.122668e+00 7.808079e+01 -8.800281e-01
    endloop
  endfacet
  facet normal -2.799098e-01 -9.600245e-01 -1.851814e-03
    outer loop
      vertex   2.122668e+00 7.808079e+01 -8.800281e-01
      vertex   2.413587e+00 7.798463e+01 5.000000e+00
      vertex   1.626517e+00 7.821411e+01 5.000000e+00
    endloop
  endfacet
  facet normal -2.802080e-01 -9.599375e-01 -1.878952e-03
    outer loop
      vertex   2.122668e+00 7.808079e+01 -8.800281e-01
      vertex   1.626517e+00 7.821411e+01 5.000000e+00
      vertex   1.906692e+00 7.814345e+01 -6.838533e-01
    endloop
  endfacet
  facet normal -2.475205e-01 -9.688827e-01 -1.564789e-04
    outer loop
      vertex   1.906692e+00 7.814345e+01 -6.838533e-01
      vertex   1.626517e+00 7.821411e+01 5.000000e+00
      vertex   1.672517e+00 7.820325e+01 -5.094733e-01
    endloop
  endfacet
  facet normal -2.140773e-01 -9.768167e-01 1.383922e-04
    outer loop
      vertex   1.672517e+00 7.820325e+01 -5.094733e-01
      vertex   1.626517e+00 7.821411e+01 5.000000e+00
      vertex   1.421763e+00 7.825823e+01 -3.582911e-01
    endloop
  endfacet
  facet normal -1.791183e-01 -9.838267e-01 -1.255192e-03
    outer loop
      vertex   1.421763e+00 7.825823e+01 -3.582911e-01
      vertex   1.626517e+00 7.821411e+01 5.000000e+00
      vertex   1.156008e+00 7.830645e+01 -2.316708e-01
    endloop
  endfacet
  facet normal -1.693992e-01 -9.855452e-01 -2.159614e-03
    outer loop
      vertex   1.156008e+00 7.830645e+01 -2.316708e-01
      vertex   1.626517e+00 7.821411e+01 5.000000e+00
      vertex   8.185231e-01 7.835299e+01 5.000000e+00
    endloop
  endfacet
  facet normal -1.405888e-01 -9.900680e-01 -2.608795e-04
    outer loop
      vertex   1.156008e+00 7.830645e+01 -2.316708e-01
      vertex   8.185231e-01 7.835299e+01 5.000000e+00
      vertex   8.781425e-01 7.834588e+01 -1.313774e-01
    endloop
  endfacet
  facet normal -1.014446e-01 -9.948412e-01 2.005382e-04
    outer loop
      vertex   8.781425e-01 7.834588e+01 -1.313774e-01
      vertex   8.185231e-01 7.835299e+01 5.000000e+00
      vertex   5.917795e-01 7.837509e+01 -5.890330e-02
    endloop
  endfacet
  facet normal -6.207020e-02 -9.980705e-01 -1.578361e-03
    outer loop
      vertex   5.917795e-01 7.837509e+01 -5.890330e-02
      vertex   8.185231e-01 7.835299e+01 5.000000e+00
      vertex   2.988090e-01 7.839324e+01 -1.489626e-02
    endloop
  endfacet
  facet normal -5.670956e-02 -9.983884e-01 -2.136457e-03
    outer loop
      vertex   2.988090e-01 7.839324e+01 -1.489626e-02
      vertex   8.185231e-01 7.835299e+01 5.000000e+00
      vertex   5.273559e-15 7.839948e+01 5.000000e+00
    endloop
  endfacet
  facet normal -2.095476e-02 -9.997804e-01 -4.300914e-06
    outer loop
      vertex   2.988090e-01 7.839324e+01 -1.489626e-02
      vertex   5.273559e-15 7.839948e+01 5.000000e+00
      vertex   1.164188e-03 7.839948e+01 7.738766e-07
    endloop
  endfacet
  facet normal 2.069170e-02 -9.997859e-01 5.395955e-06
    outer loop
      vertex   1.164188e-03 7.839948e+01 7.738766e-07
      vertex   5.273559e-15 7.839948e+01 5.000000e+00
      vertex   -2.959962e-01 7.839333e+01 -1.460584e-02
    endloop
  endfacet
  facet normal 5.670956e-02 -9.983885e-01 -2.122338e-03
    outer loop
      vertex   -2.959962e-01 7.839333e+01 -1.460584e-02
      vertex   5.273559e-15 7.839948e+01 5.000000e+00
      vertex   -8.185231e-01 7.835299e+01 5.000000e+00
    endloop
  endfacet
  facet normal 6.155671e-02 -9.981023e-01 -1.614958e-03
    outer loop
      vertex   -2.959962e-01 7.839333e+01 -1.460584e-02
      vertex   -8.185231e-01 7.835299e+01 5.000000e+00
      vertex   -5.888617e-01 7.837534e+01 -5.831940e-02
    endloop
  endfacet
  facet normal 1.009785e-01 -9.948886e-01 1.890945e-04
    outer loop
      vertex   -5.888617e-01 7.837534e+01 -5.831940e-02
      vertex   -8.185231e-01 7.835299e+01 5.000000e+00
      vertex   -8.755363e-01 7.834623e+01 -1.305916e-01
    endloop
  endfacet
  facet normal 1.404255e-01 -9.900912e-01 -2.555794e-04
    outer loop
      vertex   -8.755363e-01 7.834623e+01 -1.305916e-01
      vertex   -8.185231e-01 7.835299e+01 5.000000e+00
      vertex   -1.153831e+00 7.830679e+01 -2.307605e-01
    endloop
  endfacet
  facet normal 1.693992e-01 -9.855452e-01 -2.153039e-03
    outer loop
      vertex   -1.153831e+00 7.830679e+01 -2.307605e-01
      vertex   -8.185231e-01 7.835299e+01 5.000000e+00
      vertex   -1.626517e+00 7.821411e+01 5.000000e+00
    endloop
  endfacet
  facet normal 1.788915e-01 -9.838680e-01 -1.265536e-03
    outer loop
      vertex   -1.153831e+00 7.830679e+01 -2.307605e-01
      vertex   -1.626517e+00 7.821411e+01 5.000000e+00
      vertex   -1.419450e+00 7.825865e+01 -3.570428e-01
    endloop
  endfacet
  facet normal 2.137012e-01 -9.768991e-01 1.379144e-04
    outer loop
      vertex   -1.419450e+00 7.825865e+01 -3.570428e-01
      vertex   -1.626517e+00 7.821411e+01 5.000000e+00
      vertex   -1.670207e+00 7.820378e+01 -5.079207e-01
    endloop
  endfacet
  facet normal 2.471159e-01 -9.689859e-01 -1.419873e-04
    outer loop
      vertex   -1.670207e+00 7.820378e+01 -5.079207e-01
      vertex   -1.626517e+00 7.821411e+01 5.000000e+00
      vertex   -1.904503e+00 7.814405e+01 -6.820533e-01
    endloop
  endfacet
  facet normal 2.799098e-01 -9.600245e-01 -1.856879e-03
    outer loop
      vertex   -1.904503e+00 7.814405e+01 -6.820533e-01
      vertex   -1.626517e+00 7.821411e+01 5.000000e+00
      vertex   -2.413587e+00 7.798463e+01 5.000000e+00
    endloop
  endfacet
  facet normal 2.798994e-01 -9.600275e-01 -1.857891e-03
    outer loop
      vertex   -1.904503e+00 7.814405e+01 -6.820533e-01
      vertex   -2.413587e+00 7.798463e+01 5.000000e+00
      vertex   -2.120681e+00 7.808140e+01 -8.780400e-01
    endloop
  endfacet
  facet normal 3.073119e-01 -9.516088e-01 -3.533068e-04
    outer loop
      vertex   -2.120681e+00 7.808140e+01 -8.780400e-01
      vertex   -2.413587e+00 7.798463e+01 5.000000e+00
      vertex   -2.316625e+00 7.801820e+01 -1.093890e+00
    endloop
  endfacet
  facet normal 3.324272e-01 -9.431289e-01 9.303018e-05
    outer loop
      vertex   -2.316625e+00 7.801820e+01 -1.093890e+00
      vertex   -2.413587e+00 7.798463e+01 5.000000e+00
      vertex   -2.490807e+00 7.795679e+01 -1.327907e+00
    endloop
  endfacet
  facet normal 3.554033e-01 -9.347130e-01 -2.243789e-04
    outer loop
      vertex   -2.490807e+00 7.795679e+01 -1.327907e+00
      vertex   -2.413587e+00 7.798463e+01 5.000000e+00
      vertex   -2.641858e+00 7.789941e+01 -1.578525e+00
    endloop
  endfacet
  facet normal 3.758742e-01 -9.266701e-01 -1.038890e-03
    outer loop
      vertex   -2.641858e+00 7.789941e+01 -1.578525e+00
      vertex   -2.413587e+00 7.798463e+01 5.000000e+00
      vertex   -2.768268e+00 7.784844e+01 -1.843822e+00
    endloop
  endfacet
  facet normal 3.868197e-01 -9.221538e-01 -1.696015e-03
    outer loop
      vertex   -2.768268e+00 7.784844e+01 -1.843822e+00
      vertex   -2.413587e+00 7.798463e+01 5.000000e+00
      vertex   -3.169609e+00 7.766750e+01 5.000000e+00
    endloop
  endfacet
  facet normal 3.921688e-01 -9.198923e-01 -1.322535e-03
    outer loop
      vertex   -2.768268e+00 7.784844e+01 -1.843822e+00
      vertex   -3.169609e+00 7.766750e+01 5.000000e+00
      vertex   -2.868230e+00 7.780622e+01 -2.120531e+00
    endloop
  endfacet
  facet normal 4.044878e-01 -9.145431e-01 -6.969200e-04
    outer loop
      vertex   -2.868230e+00 7.780622e+01 -2.120531e+00
      vertex   -3.169609e+00 7.766750e+01 5.000000e+00
      vertex   -2.940771e+00 7.777435e+01 -2.406675e+00
    endloop
  endfacet
  facet normal 4.137337e-01 -9.103979e-01 -3.514518e-04
    outer loop
      vertex   -2.940771e+00 7.777435e+01 -2.406675e+00
      vertex   -3.169609e+00 7.766750e+01 5.000000e+00
      vertex   -2.985010e+00 7.775436e+01 -2.700470e+00
    endloop
  endfacet
  facet normal 4.139733e-01 -9.102890e-01 -3.444808e-04
    outer loop
      vertex   -2.985010e+00 7.775436e+01 -2.700470e+00
      vertex   -3.169609e+00 7.766750e+01 5.000000e+00
      vertex   -3.000037e+00 7.774764e+01 -2.997885e+00
    endloop
  endfacet
  facet normal 4.273003e-01 -9.041097e-01 0.000000e+00
    outer loop
      vertex   -3.000037e+00 7.774764e+01 -2.997885e+00
      vertex   -3.169609e+00 7.766750e+01 5.000000e+00
      vertex   -3.169609e+00 7.766750e+01 -6.850000e+00
    endloop
  endfacet
  facet normal 4.228050e-01 -9.062207e-01 2.418057e-04
    outer loop
      vertex   -3.000037e+00 7.774764e+01 -2.997885e+00
      vertex   -3.169609e+00 7.766750e+01 -6.850000e+00
      vertex   -2.985642e+00 7.775428e+01 -3.293831e+00
    endloop
  endfacet
  facet normal 4.128163e-01 -9.108139e-01 8.706242e-04
    outer loop
      vertex   -2.985642e+00 7.775428e+01 -3.293831e+00
      vertex   -3.169609e+00 7.766750e+01 -6.850000e+00
      vertex   -2.942141e+00 7.777371e+01 -3.586492e+00
    endloop
  endfacet
  facet normal 4.060193e-01 -9.138633e-01 1.443625e-03
    outer loop
      vertex   -2.942141e+00 7.777371e+01 -3.586492e+00
      vertex   -3.169609e+00 7.766750e+01 -6.850000e+00
      vertex   -2.869886e+00 7.780536e+01 -3.873933e+00
    endloop
  endfacet
  facet normal 3.967282e-01 -9.179325e-01 2.567850e-03
    outer loop
      vertex   -2.869886e+00 7.780536e+01 -3.873933e+00
      vertex   -3.169609e+00 7.766750e+01 -6.850000e+00
      vertex   -2.770204e+00 7.784767e+01 -4.151536e+00
    endloop
  endfacet
  facet normal 4.111965e-01 -9.115467e-01 3.207368e-17
    outer loop
      vertex   -2.770204e+00 7.784767e+01 -4.151536e+00
      vertex   -3.169609e+00 7.766750e+01 -6.850000e+00
      vertex   -3.169609e+00 7.766750e+01 -1.870000e+01
    endloop
  endfacet
  facet normal 3.678507e-01 -9.298838e-01 1.417079e-03
    outer loop
      vertex   -2.770204e+00 7.784767e+01 -4.151536e+00
      vertex   -3.169609e+00 7.766750e+01 -1.870000e+01
      vertex   -2.413587e+00 7.798463e+01 -6.850000e+00
    endloop
  endfacet
  facet normal 3.868202e-01 -9.221551e-01 0.000000e+00
    outer loop
      vertex   -2.413587e+00 7.798463e+01 -6.850000e+00
      vertex   -3.169609e+00 7.766750e+01 -1.870000e+01
      vertex   -2.413587e+00 7.798463e+01 -1.870000e+01
    endloop
  endfacet
  facet normal 3.138590e-01 -9.494696e-01 0.000000e+00
    outer loop
      vertex   -2.413587e+00 7.798463e+01 -6.850000e+00
      vertex   -2.413587e+00 7.798463e+01 -1.870000e+01
      vertex   -2.124737e+00 7.808011e+01 -5.117893e+00
    endloop
  endfacet
  facet normal 2.796863e-01 -9.600911e-01 8.014172e-04
    outer loop
      vertex   -2.124737e+00 7.808011e+01 -5.117893e+00
      vertex   -2.413587e+00 7.798463e+01 -1.870000e+01
      vertex   -1.909109e+00 7.814276e+01 -5.314150e+00
    endloop
  endfacet
  facet normal 2.799102e-01 -9.600259e-01 7.922080e-04
    outer loop
      vertex   -1.909109e+00 7.814276e+01 -5.314150e+00
      vertex   -2.413587e+00 7.798463e+01 -1.870000e+01
      vertex   -1.626517e+00 7.821411e+01 -1.870000e+01
    endloop
  endfacet
  facet normal 2.447956e-01 -9.695747e-01 3.214501e-17
    outer loop
      vertex   -1.909109e+00 7.814276e+01 -5.314150e+00
      vertex   -1.626517e+00 7.821411e+01 -1.870000e+01
      vertex   -1.626517e+00 7.821411e+01 -6.850000e+00
    endloop
  endfacet
  facet normal 2.109315e-01 -9.775008e-01 2.766696e-17
    outer loop
      vertex   -1.626517e+00 7.821411e+01 -6.850000e+00
      vertex   -1.626517e+00 7.821411e+01 -1.870000e+01
      vertex   -1.423739e+00 7.825787e+01 -5.640642e+00
    endloop
  endfacet
  facet normal 2.140502e-01 -9.768225e-01 -5.474607e-04
    outer loop
      vertex   -1.626517e+00 7.821411e+01 -6.850000e+00
      vertex   -1.423739e+00 7.825787e+01 -5.640642e+00
      vertex   -1.674891e+00 7.820275e+01 -5.488923e+00
    endloop
  endfacet
  facet normal -4.136221e-01 -9.104483e-01 7.777316e-04
    outer loop
      vertex   2.985243e+00 7.775429e+01 -3.297320e+00
      vertex   2.941098e+00 7.777409e+01 -3.591559e+00
      vertex   3.169609e+00 7.766750e+01 -6.850000e+00
    endloop
  endfacet
  facet normal -4.066631e-01 -9.135772e-01 1.368114e-03
    outer loop
      vertex   3.169609e+00 7.766750e+01 -6.850000e+00
      vertex   2.941098e+00 7.777409e+01 -3.591559e+00
      vertex   2.868322e+00 7.780606e+01 -3.879074e+00
    endloop
  endfacet
  facet normal -3.959962e-01 -9.182483e-01 2.667711e-03
    outer loop
      vertex   3.169609e+00 7.766750e+01 -6.850000e+00
      vertex   2.868322e+00 7.780606e+01 -3.879074e+00
      vertex   2.768078e+00 7.784848e+01 -4.156614e+00
    endloop
  endfacet
  facet normal -3.800678e-01 -9.249529e-01 3.268060e-03
    outer loop
      vertex   2.641494e+00 7.789956e+01 -4.422152e+00
      vertex   2.413587e+00 7.798463e+01 -6.850000e+00
      vertex   2.768078e+00 7.784848e+01 -4.156614e+00
    endloop
  endfacet
  facet normal -3.585274e-01 -9.335192e-01 0.000000e+00
    outer loop
      vertex   2.768078e+00 7.784848e+01 -4.156614e+00
      vertex   2.413587e+00 7.798463e+01 -6.850000e+00
      vertex   2.413587e+00 7.798463e+01 -1.870000e+01
    endloop
  endfacet
  facet normal -4.037876e-01 -9.148519e-01 1.277956e-03
    outer loop
      vertex   2.768078e+00 7.784848e+01 -4.156614e+00
      vertex   2.413587e+00 7.798463e+01 -1.870000e+01
      vertex   3.169609e+00 7.766750e+01 -6.850000e+00
    endloop
  endfacet
  facet normal -3.868202e-01 -9.221551e-01 -5.798572e-17
    outer loop
      vertex   3.169609e+00 7.766750e+01 -6.850000e+00
      vertex   2.413587e+00 7.798463e+01 -1.870000e+01
      vertex   3.169609e+00 7.766750e+01 -1.870000e+01
    endloop
  endfacet
  facet normal -4.887541e-01 -8.724216e-01 -7.326597e-17
    outer loop
      vertex   3.169609e+00 7.766750e+01 -6.850000e+00
      vertex   3.169609e+00 7.766750e+01 -1.870000e+01
      vertex   3.884857e+00 7.726680e+01 -6.850000e+00
    endloop
  endfacet
  facet normal -4.887541e-01 -8.724216e-01 -7.326597e-17
    outer loop
      vertex   3.884857e+00 7.726680e+01 -6.850000e+00
      vertex   3.169609e+00 7.766750e+01 -1.870000e+01
      vertex   3.884857e+00 7.726680e+01 -1.870000e+01
    endloop
  endfacet
  facet normal -5.844008e-01 -8.114652e-01 -8.760374e-17
    outer loop
      vertex   3.884857e+00 7.726680e+01 -6.850000e+00
      vertex   3.884857e+00 7.726680e+01 -1.870000e+01
      vertex   4.550131e+00 7.678768e+01 -6.850000e+00
    endloop
  endfacet
  facet normal -5.844008e-01 -8.114652e-01 -1.148339e-15
    outer loop
      vertex   4.550131e+00 7.678768e+01 -6.850000e+00
      vertex   3.884857e+00 7.726680e+01 -1.870000e+01
      vertex   4.550131e+00 7.678768e+01 -1.870000e+01
    endloop
  endfacet
  facet normal -6.725297e-01 -7.400702e-01 -1.089142e-15
    outer loop
      vertex   4.550131e+00 7.678768e+01 -6.850000e+00
      vertex   4.550131e+00 7.678768e+01 -1.870000e+01
      vertex   5.156871e+00 7.623631e+01 -6.850000e+00
    endloop
  endfacet
  facet normal -6.725297e-01 -7.400702e-01 5.040729e-17
    outer loop
      vertex   5.156871e+00 7.623631e+01 -6.850000e+00
      vertex   4.550131e+00 7.678768e+01 -1.870000e+01
      vertex   5.156871e+00 7.623631e+01 -1.870000e+01
    endloop
  endfacet
  facet normal -7.520072e-01 -6.591549e-01 5.636427e-17
    outer loop
      vertex   5.156871e+00 7.623631e+01 -6.850000e+00
      vertex   5.156871e+00 7.623631e+01 -1.870000e+01
      vertex   5.697275e+00 7.561978e+01 -6.850000e+00
    endloop
  endfacet
  facet normal -7.520072e-01 -6.591549e-01 -0.000000e+00
    outer loop
      vertex   5.697275e+00 7.561978e+01 -6.850000e+00
      vertex   5.156871e+00 7.623631e+01 -1.870000e+01
      vertex   5.697275e+00 7.561978e+01 -1.870000e+01
    endloop
  endfacet
  facet normal -8.218109e-01 -5.697603e-01 -0.000000e+00
    outer loop
      vertex   5.697275e+00 7.561978e+01 -6.850000e+00
      vertex   5.697275e+00 7.561978e+01 -1.870000e+01
      vertex   6.164388e+00 7.494603e+01 -6.850000e+00
    endloop
  endfacet
  facet normal -8.218109e-01 -5.697603e-01 -0.000000e+00
    outer loop
      vertex   6.164388e+00 7.494603e+01 -6.850000e+00
      vertex   5.697275e+00 7.561978e+01 -1.870000e+01
      vertex   6.164388e+00 7.494603e+01 -1.870000e+01
    endloop
  endfacet
  facet normal -8.810429e-01 -4.730364e-01 -0.000000e+00
    outer loop
      vertex   6.164388e+00 7.494603e+01 -6.850000e+00
      vertex   6.164388e+00 7.494603e+01 -1.870000e+01
      vertex   6.552204e+00 7.422371e+01 -6.850000e+00
    endloop
  endfacet
  facet normal -8.810429e-01 -4.730364e-01 6.603572e-17
    outer loop
      vertex   6.552204e+00 7.422371e+01 -6.850000e+00
      vertex   6.164388e+00 7.494603e+01 -1.870000e+01
      vertex   6.552204e+00 7.422371e+01 -1.870000e+01
    endloop
  endfacet
  facet normal -9.289412e-01 -3.702273e-01 6.962578e-17
    outer loop
      vertex   6.552204e+00 7.422371e+01 -6.850000e+00
      vertex   6.552204e+00 7.422371e+01 -1.870000e+01
      vertex   6.855732e+00 7.346213e+01 -6.850000e+00
    endloop
  endfacet
  facet normal -9.289412e-01 -3.702273e-01 -5.832386e-16
    outer loop
      vertex   6.855732e+00 7.346213e+01 -6.850000e+00
      vertex   6.552204e+00 7.422371e+01 -1.870000e+01
      vertex   6.855732e+00 7.346213e+01 -1.870000e+01
    endloop
  endfacet
  facet normal -9.648896e-01 -2.626556e-01 -4.596244e-16
    outer loop
      vertex   6.855732e+00 7.346213e+01 -6.850000e+00
      vertex   6.855732e+00 7.346213e+01 -1.870000e+01
      vertex   7.071068e+00 7.267107e+01 -1.870000e+01
    endloop
  endfacet
  facet normal -3.560082e-01 -9.344826e-01 6.756134e-04
    outer loop
      vertex   2.641494e+00 7.789956e+01 -4.422152e+00
      vertex   2.490315e+00 7.795697e+01 -4.672825e+00
      vertex   2.413587e+00 7.798463e+01 -6.850000e+00
    endloop
  endfacet
  facet normal -3.321203e-01 -9.432370e-01 -2.774518e-04
    outer loop
      vertex   2.413587e+00 7.798463e+01 -6.850000e+00
      vertex   2.490315e+00 7.795697e+01 -4.672825e+00
      vertex   2.315964e+00 7.801843e+01 -4.906912e+00
    endloop
  endfacet
  facet normal -3.079189e-01 -9.514120e-01 1.080660e-03
    outer loop
      vertex   2.413587e+00 7.798463e+01 -6.850000e+00
      vertex   2.315964e+00 7.801843e+01 -4.906912e+00
      vertex   2.119806e+00 7.808167e+01 -5.122834e+00
    endloop
  endfacet
  facet normal -2.789446e-01 -9.603069e-01 7.672687e-04
    outer loop
      vertex   1.903365e+00 7.814438e+01 -5.318880e+00
      vertex   1.626517e+00 7.821411e+01 -1.870000e+01
      vertex   2.119806e+00 7.808167e+01 -5.122834e+00
    endloop
  endfacet
  facet normal -2.799102e-01 -9.600259e-01 8.050899e-04
    outer loop
      vertex   2.119806e+00 7.808167e+01 -5.122834e+00
      vertex   1.626517e+00 7.821411e+01 -1.870000e+01
      vertex   2.413587e+00 7.798463e+01 -1.870000e+01
    endloop
  endfacet
  facet normal -3.136531e-01 -9.495376e-01 0.000000e+00
    outer loop
      vertex   2.119806e+00 7.808167e+01 -5.122834e+00
      vertex   2.413587e+00 7.798463e+01 -1.870000e+01
      vertex   2.413587e+00 7.798463e+01 -6.850000e+00
    endloop
  endfacet
  facet normal -2.442297e-01 -9.697174e-01 -2.745817e-17
    outer loop
      vertex   1.626517e+00 7.821411e+01 -1.870000e+01
      vertex   1.903365e+00 7.814438e+01 -5.318880e+00
      vertex   1.626517e+00 7.821411e+01 -6.850000e+00
    endloop
  endfacet
  facet normal -2.475632e-01 -9.688715e-01 6.412534e-04
    outer loop
      vertex   1.626517e+00 7.821411e+01 -6.850000e+00
      vertex   1.903365e+00 7.814438e+01 -5.318880e+00
      vertex   1.668439e+00 7.820430e+01 -5.493253e+00
    endloop
  endfacet
  facet normal -2.129921e-01 -9.770538e-01 -4.861409e-04
    outer loop
      vertex   1.626517e+00 7.821411e+01 -6.850000e+00
      vertex   1.668439e+00 7.820430e+01 -5.493253e+00
      vertex   1.417025e+00 7.825918e+01 -5.644259e+00
    endloop
  endfacet
  facet normal -2.103187e-01 -9.776329e-01 -2.364564e-17
    outer loop
      vertex   1.626517e+00 7.821411e+01 -6.850000e+00
      vertex   1.417025e+00 7.825918e+01 -5.644259e+00
      vertex   1.626517e+00 7.821411e+01 -1.870000e+01
    endloop
  endfacet
  facet normal -1.777135e-01 -9.840821e-01 5.454445e-04
    outer loop
      vertex   1.626517e+00 7.821411e+01 -1.870000e+01
      vertex   1.417025e+00 7.825918e+01 -5.644259e+00
      vertex   1.151787e+00 7.830701e+01 -5.770118e+00
    endloop
  endfacet
  facet normal -1.693995e-01 -9.855471e-01 8.612256e-04
    outer loop
      vertex   1.626517e+00 7.821411e+01 -1.870000e+01
      vertex   1.151787e+00 7.830701e+01 -5.770118e+00
      vertex   8.185231e-01 7.835299e+01 -1.870000e+01
    endloop
  endfacet
  facet normal -1.366851e-01 -9.906145e-01 -1.920898e-17
    outer loop
      vertex   8.185231e-01 7.835299e+01 -1.870000e+01
      vertex   1.151787e+00 7.830701e+01 -5.770118e+00
      vertex   8.185231e-01 7.835299e+01 -6.850000e+00
    endloop
  endfacet
  facet normal -9.722302e-02 -9.952626e-01 -1.366319e-17
    outer loop
      vertex   8.185231e-01 7.835299e+01 -1.870000e+01
      vertex   8.185231e-01 7.835299e+01 -6.850000e+00
      vertex   5.869131e-01 7.837562e+01 -5.942029e+00
    endloop
  endfacet
  facet normal -1.011360e-01 -9.948721e-01 -1.007875e-03
    outer loop
      vertex   5.869131e-01 7.837562e+01 -5.942029e+00
      vertex   8.185231e-01 7.835299e+01 -6.850000e+00
      vertex   8.745021e-01 7.834631e+01 -5.869734e+00
    endloop
  endfacet
  facet normal -1.407830e-01 -9.900396e-01 1.289156e-03
    outer loop
      vertex   8.745021e-01 7.834631e+01 -5.869734e+00
      vertex   8.185231e-01 7.835299e+01 -6.850000e+00
      vertex   1.151787e+00 7.830701e+01 -5.770118e+00
    endloop
  endfacet
  facet normal -6.074144e-02 -9.981533e-01 6.674180e-04
    outer loop
      vertex   5.869131e-01 7.837562e+01 -5.942029e+00
      vertex   2.926455e-01 7.839350e+01 -5.985717e+00
      vertex   8.185231e-01 7.835299e+01 -1.870000e+01
    endloop
  endfacet
  facet normal -5.670967e-02 -9.983904e-01 8.349321e-04
    outer loop
      vertex   8.185231e-01 7.835299e+01 -1.870000e+01
      vertex   2.926455e-01 7.839350e+01 -5.985717e+00
      vertex   5.273559e-15 7.839948e+01 -1.870000e+01
    endloop
  endfacet
  facet normal -2.020709e-02 -9.997958e-01 -5.912185e-06
    outer loop
      vertex   5.273559e-15 7.839948e+01 -1.870000e+01
      vertex   2.926455e-01 7.839350e+01 -5.985717e+00
      vertex   -3.426878e-03 7.839948e+01 -6.850000e+00
    endloop
  endfacet
  facet normal 2.116992e-02 -9.997759e-01 6.053553e-06
    outer loop
      vertex   5.273559e-15 7.839948e+01 -1.870000e+01
      vertex   -3.426878e-03 7.839948e+01 -6.850000e+00
      vertex   -3.000773e-01 7.839321e+01 -5.984972e+00
    endloop
  endfacet
  facet normal 2.078128e-02 -9.997840e-01 -1.272859e-04
    outer loop
      vertex   -3.000773e-01 7.839321e+01 -5.984972e+00
      vertex   -3.426878e-03 7.839948e+01 -6.850000e+00
      vertex   -3.672618e-03 7.839937e+01 -6.000042e+00
    endloop
  endfacet
  facet normal -1.981867e-02 -9.998036e-01 -1.390267e-04
    outer loop
      vertex   -3.672618e-03 7.839937e+01 -6.000042e+00
      vertex   -3.426878e-03 7.839948e+01 -6.850000e+00
      vertex   2.926455e-01 7.839350e+01 -5.985717e+00
    endloop
  endfacet
  facet normal 5.670967e-02 -9.983904e-01 8.454830e-04
    outer loop
      vertex   5.273559e-15 7.839948e+01 -1.870000e+01
      vertex   -3.000773e-01 7.839321e+01 -5.984972e+00
      vertex   -8.185231e-01 7.835299e+01 -1.870000e+01
    endloop
  endfacet
  facet normal 6.185820e-02 -9.980847e-01 6.345888e-04
    outer loop
      vertex   -8.185231e-01 7.835299e+01 -1.870000e+01
      vertex   -3.000773e-01 7.839321e+01 -5.984972e+00
      vertex   -5.944381e-01 7.837499e+01 -5.940520e+00
    endloop
  endfacet
  facet normal 9.771016e-02 -9.952149e-01 -1.180674e-15
    outer loop
      vertex   -8.185231e-01 7.835299e+01 -1.870000e+01
      vertex   -5.944381e-01 7.837499e+01 -5.940520e+00
      vertex   -8.185231e-01 7.835299e+01 -6.850000e+00
    endloop
  endfacet
  facet normal 1.021147e-01 -9.947720e-01 -1.095943e-03
    outer loop
      vertex   -8.185231e-01 7.835299e+01 -6.850000e+00
      vertex   -5.944381e-01 7.837499e+01 -5.940520e+00
      vertex   -8.816049e-01 7.834543e+01 -5.867562e+00
    endloop
  endfacet
  facet normal 1.417054e-01 -9.899078e-01 1.483580e-03
    outer loop
      vertex   -8.185231e-01 7.835299e+01 -6.850000e+00
      vertex   -8.816049e-01 7.834543e+01 -5.867562e+00
      vertex   -1.158626e+00 7.830593e+01 -5.767259e+00
    endloop
  endfacet
  facet normal 1.786200e-01 -9.839180e-01 5.232136e-04
    outer loop
      vertex   -1.423739e+00 7.825787e+01 -5.640642e+00
      vertex   -1.626517e+00 7.821411e+01 -1.870000e+01
      vertex   -1.158626e+00 7.830593e+01 -5.767259e+00
    endloop
  endfacet
  facet normal 1.693995e-01 -9.855471e-01 8.683679e-04
    outer loop
      vertex   -1.158626e+00 7.830593e+01 -5.767259e+00
      vertex   -1.626517e+00 7.821411e+01 -1.870000e+01
      vertex   -8.185231e-01 7.835299e+01 -1.870000e+01
    endloop
  endfacet
  facet normal 1.370728e-01 -9.905610e-01 -1.169949e-15
    outer loop
      vertex   -1.158626e+00 7.830593e+01 -5.767259e+00
      vertex   -8.185231e-01 7.835299e+01 -1.870000e+01
      vertex   -8.185231e-01 7.835299e+01 -6.850000e+00
    endloop
  endfacet
  facet normal 2.486258e-01 -9.685993e-01 7.500602e-04
    outer loop
      vertex   -1.674891e+00 7.820275e+01 -5.488923e+00
      vertex   -1.909109e+00 7.814276e+01 -5.314150e+00
      vertex   -1.626517e+00 7.821411e+01 -6.850000e+00
    endloop
  endfacet
  facet normal 3.083411e-01 -9.512753e-01 1.019715e-03
    outer loop
      vertex   -2.124737e+00 7.808011e+01 -5.117893e+00
      vertex   -2.320296e+00 7.801696e+01 -4.901638e+00
      vertex   -2.413587e+00 7.798463e+01 -6.850000e+00
    endloop
  endfacet
  facet normal 3.325642e-01 -9.430806e-01 -2.761011e-04
    outer loop
      vertex   -2.413587e+00 7.798463e+01 -6.850000e+00
      vertex   -2.320296e+00 7.801696e+01 -4.901638e+00
      vertex   -2.494155e+00 7.795558e+01 -4.667095e+00
    endloop
  endfacet
  facet normal 3.561907e-01 -9.344130e-01 7.112739e-04
    outer loop
      vertex   -2.413587e+00 7.798463e+01 -6.850000e+00
      vertex   -2.494155e+00 7.795558e+01 -4.667095e+00
      vertex   -2.644547e+00 7.789844e+01 -4.416486e+00
    endloop
  endfacet
  facet normal 3.807689e-01 -9.246640e-01 3.389229e-03
    outer loop
      vertex   -2.644547e+00 7.789844e+01 -4.416486e+00
      vertex   -2.770204e+00 7.784767e+01 -4.151536e+00
      vertex   -2.413587e+00 7.798463e+01 -6.850000e+00
    endloop
  endfacet
  facet normal 9.648896e-01 -2.626556e-01 0.000000e+00
    outer loop
      vertex   -7.071068e+00 7.267107e+01 5.000000e+00
      vertex   -7.071068e+00 7.267107e+01 -1.870000e+01
      vertex   -6.855732e+00 7.346213e+01 -6.850000e+00
    endloop
  endfacet
  facet normal 9.648896e-01 -2.626556e-01 0.000000e+00
    outer loop
      vertex   -6.855732e+00 7.346213e+01 -6.850000e+00
      vertex   -7.071068e+00 7.267107e+01 -1.870000e+01
      vertex   -6.855732e+00 7.346213e+01 -1.870000e+01
    endloop
  endfacet
  facet normal 9.289412e-01 -3.702273e-01 0.000000e+00
    outer loop
      vertex   -6.855732e+00 7.346213e+01 -6.850000e+00
      vertex   -6.855732e+00 7.346213e+01 -1.870000e+01
      vertex   -6.552204e+00 7.422371e+01 -6.850000e+00
    endloop
  endfacet
  facet normal 9.289412e-01 -3.702273e-01 0.000000e+00
    outer loop
      vertex   -6.552204e+00 7.422371e+01 -6.850000e+00
      vertex   -6.855732e+00 7.346213e+01 -1.870000e+01
      vertex   -6.552204e+00 7.422371e+01 -1.870000e+01
    endloop
  endfacet
  facet normal 8.810429e-01 -4.730364e-01 0.000000e+00
    outer loop
      vertex   -6.552204e+00 7.422371e+01 -6.850000e+00
      vertex   -6.552204e+00 7.422371e+01 -1.870000e+01
      vertex   -6.164388e+00 7.494603e+01 -6.850000e+00
    endloop
  endfacet
  facet normal 8.810429e-01 -4.730364e-01 0.000000e+00
    outer loop
      vertex   -6.164388e+00 7.494603e+01 -6.850000e+00
      vertex   -6.552204e+00 7.422371e+01 -1.870000e+01
      vertex   -6.164388e+00 7.494603e+01 -1.870000e+01
    endloop
  endfacet
  facet normal 8.218109e-01 -5.697603e-01 0.000000e+00
    outer loop
      vertex   -6.164388e+00 7.494603e+01 -6.850000e+00
      vertex   -6.164388e+00 7.494603e+01 -1.870000e+01
      vertex   -5.697275e+00 7.561978e+01 -6.850000e+00
    endloop
  endfacet
  facet normal 8.218109e-01 -5.697603e-01 0.000000e+00
    outer loop
      vertex   -5.697275e+00 7.561978e+01 -6.850000e+00
      vertex   -6.164388e+00 7.494603e+01 -1.870000e+01
      vertex   -5.697275e+00 7.561978e+01 -1.870000e+01
    endloop
  endfacet
  facet normal 7.520072e-01 -6.591549e-01 0.000000e+00
    outer loop
      vertex   -5.697275e+00 7.561978e+01 -6.850000e+00
      vertex   -5.697275e+00 7.561978e+01 -1.870000e+01
      vertex   -5.156871e+00 7.623631e+01 -6.850000e+00
    endloop
  endfacet
  facet normal 7.520072e-01 -6.591549e-01 -2.818213e-16
    outer loop
      vertex   -5.156871e+00 7.623631e+01 -6.850000e+00
      vertex   -5.697275e+00 7.561978e+01 -1.870000e+01
      vertex   -5.156871e+00 7.623631e+01 -1.870000e+01
    endloop
  endfacet
  facet normal 6.725297e-01 -7.400702e-01 -2.520364e-16
    outer loop
      vertex   -5.156871e+00 7.623631e+01 -6.850000e+00
      vertex   -5.156871e+00 7.623631e+01 -1.870000e+01
      vertex   -4.550131e+00 7.678768e+01 -6.850000e+00
    endloop
  endfacet
  facet normal 6.725297e-01 -7.400702e-01 0.000000e+00
    outer loop
      vertex   -4.550131e+00 7.678768e+01 -6.850000e+00
      vertex   -5.156871e+00 7.623631e+01 -1.870000e+01
      vertex   -4.550131e+00 7.678768e+01 -1.870000e+01
    endloop
  endfacet
  facet normal 5.844008e-01 -8.114652e-01 0.000000e+00
    outer loop
      vertex   -4.550131e+00 7.678768e+01 -6.850000e+00
      vertex   -4.550131e+00 7.678768e+01 -1.870000e+01
      vertex   -3.884857e+00 7.726680e+01 -6.850000e+00
    endloop
  endfacet
  facet normal 5.844008e-01 -8.114652e-01 1.314056e-16
    outer loop
      vertex   -3.884857e+00 7.726680e+01 -6.850000e+00
      vertex   -4.550131e+00 7.678768e+01 -1.870000e+01
      vertex   -3.884857e+00 7.726680e+01 -1.870000e+01
    endloop
  endfacet
  facet normal 4.887541e-01 -8.724216e-01 1.098990e-16
    outer loop
      vertex   -3.884857e+00 7.726680e+01 -6.850000e+00
      vertex   -3.884857e+00 7.726680e+01 -1.870000e+01
      vertex   -3.169609e+00 7.766750e+01 -6.850000e+00
    endloop
  endfacet
  facet normal 4.887541e-01 -8.724216e-01 3.663299e-17
    outer loop
      vertex   -3.169609e+00 7.766750e+01 -6.850000e+00
      vertex   -3.884857e+00 7.726680e+01 -1.870000e+01
      vertex   -3.169609e+00 7.766750e+01 -1.870000e+01
    endloop
  endfacet
  facet normal -9.648896e-01 -2.626556e-01 0.000000e+00
    outer loop
      vertex   7.071068e+00 7.267107e+01 -1.870000e+01
      vertex   7.071068e+00 7.267107e+01 5.000000e+00
      vertex   6.855732e+00 7.346213e+01 -6.850000e+00
    endloop
  endfacet
  facet normal -9.648896e-01 -2.626556e-01 1.446404e-16
    outer loop
      vertex   6.855732e+00 7.346213e+01 -6.850000e+00
      vertex   7.071068e+00 7.267107e+01 5.000000e+00
      vertex   6.855732e+00 7.346213e+01 5.000000e+00
    endloop
  endfacet
  facet normal -9.289412e-01 -3.702273e-01 1.392516e-16
    outer loop
      vertex   6.855732e+00 7.346213e+01 -6.850000e+00
      vertex   6.855732e+00 7.346213e+01 5.000000e+00
      vertex   6.552204e+00 7.422371e+01 -6.850000e+00
    endloop
  endfacet
  facet normal -9.289412e-01 -3.702273e-01 -6.962578e-17
    outer loop
      vertex   6.552204e+00 7.422371e+01 -6.850000e+00
      vertex   6.855732e+00 7.346213e+01 5.000000e+00
      vertex   6.552204e+00 7.422371e+01 5.000000e+00
    endloop
  endfacet
  facet normal -8.810429e-01 -4.730364e-01 -6.603572e-17
    outer loop
      vertex   6.552204e+00 7.422371e+01 -6.850000e+00
      vertex   6.552204e+00 7.422371e+01 5.000000e+00
      vertex   6.164388e+00 7.494603e+01 -6.850000e+00
    endloop
  endfacet
  facet normal -8.810429e-01 -4.730364e-01 0.000000e+00
    outer loop
      vertex   6.164388e+00 7.494603e+01 -6.850000e+00
      vertex   6.552204e+00 7.422371e+01 5.000000e+00
      vertex   6.164388e+00 7.494603e+01 5.000000e+00
    endloop
  endfacet
  facet normal -8.218109e-01 -5.697603e-01 0.000000e+00
    outer loop
      vertex   6.164388e+00 7.494603e+01 -6.850000e+00
      vertex   6.164388e+00 7.494603e+01 5.000000e+00
      vertex   5.697275e+00 7.561978e+01 -6.850000e+00
    endloop
  endfacet
  facet normal -8.218109e-01 -5.697603e-01 0.000000e+00
    outer loop
      vertex   5.697275e+00 7.561978e+01 -6.850000e+00
      vertex   6.164388e+00 7.494603e+01 5.000000e+00
      vertex   5.697275e+00 7.561978e+01 5.000000e+00
    endloop
  endfacet
  facet normal -7.520072e-01 -6.591549e-01 0.000000e+00
    outer loop
      vertex   5.697275e+00 7.561978e+01 -6.850000e+00
      vertex   5.697275e+00 7.561978e+01 5.000000e+00
      vertex   5.156871e+00 7.623631e+01 -6.850000e+00
    endloop
  endfacet
  facet normal -7.520072e-01 -6.591549e-01 -5.636427e-17
    outer loop
      vertex   5.156871e+00 7.623631e+01 -6.850000e+00
      vertex   5.697275e+00 7.561978e+01 5.000000e+00
      vertex   5.156871e+00 7.623631e+01 5.000000e+00
    endloop
  endfacet
  facet normal -6.725297e-01 -7.400702e-01 -5.040729e-17
    outer loop
      vertex   5.156871e+00 7.623631e+01 -6.850000e+00
      vertex   5.156871e+00 7.623631e+01 5.000000e+00
      vertex   4.550131e+00 7.678768e+01 -6.850000e+00
    endloop
  endfacet
  facet normal -6.725297e-01 -7.400702e-01 1.089142e-15
    outer loop
      vertex   4.550131e+00 7.678768e+01 -6.850000e+00
      vertex   5.156871e+00 7.623631e+01 5.000000e+00
      vertex   4.550131e+00 7.678768e+01 5.000000e+00
    endloop
  endfacet
  facet normal -5.844008e-01 -8.114652e-01 1.148339e-15
    outer loop
      vertex   4.550131e+00 7.678768e+01 -6.850000e+00
      vertex   4.550131e+00 7.678768e+01 5.000000e+00
      vertex   3.884857e+00 7.726680e+01 -6.850000e+00
    endloop
  endfacet
  facet normal -5.844008e-01 -8.114652e-01 6.570280e-17
    outer loop
      vertex   3.884857e+00 7.726680e+01 -6.850000e+00
      vertex   4.550131e+00 7.678768e+01 5.000000e+00
      vertex   3.884857e+00 7.726680e+01 5.000000e+00
    endloop
  endfacet
  facet normal -4.887541e-01 -8.724216e-01 5.494948e-17
    outer loop
      vertex   3.884857e+00 7.726680e+01 -6.850000e+00
      vertex   3.884857e+00 7.726680e+01 5.000000e+00
      vertex   3.169609e+00 7.766750e+01 -6.850000e+00
    endloop
  endfacet
  facet normal -4.887541e-01 -8.724216e-01 5.494948e-17
    outer loop
      vertex   3.169609e+00 7.766750e+01 -6.850000e+00
      vertex   3.884857e+00 7.726680e+01 5.000000e+00
      vertex   3.169609e+00 7.766750e+01 5.000000e+00
    endloop
  endfacet
  facet normal 4.887541e-01 -8.724216e-01 0.000000e+00
    outer loop
      vertex   -3.169609e+00 7.766750e+01 -6.850000e+00
      vertex   -3.169609e+00 7.766750e+01 5.000000e+00
      vertex   -3.884857e+00 7.726680e+01 -6.850000e+00
    endloop
  endfacet
  facet normal 4.887541e-01 -8.724216e-01 0.000000e+00
    outer loop
      vertex   -3.884857e+00 7.726680e+01 -6.850000e+00
      vertex   -3.169609e+00 7.766750e+01 5.000000e+00
      vertex   -3.884857e+00 7.726680e+01 5.000000e+00
    endloop
  endfacet
  facet normal 5.844008e-01 -8.114652e-01 0.000000e+00
    outer loop
      vertex   -3.884857e+00 7.726680e+01 -6.850000e+00
      vertex   -3.884857e+00 7.726680e+01 5.000000e+00
      vertex   -4.550131e+00 7.678768e+01 -6.850000e+00
    endloop
  endfacet
  facet normal 5.844008e-01 -8.114652e-01 0.000000e+00
    outer loop
      vertex   -4.550131e+00 7.678768e+01 -6.850000e+00
      vertex   -3.884857e+00 7.726680e+01 5.000000e+00
      vertex   -4.550131e+00 7.678768e+01 5.000000e+00
    endloop
  endfacet
  facet normal 6.725297e-01 -7.400702e-01 0.000000e+00
    outer loop
      vertex   -4.550131e+00 7.678768e+01 -6.850000e+00
      vertex   -4.550131e+00 7.678768e+01 5.000000e+00
      vertex   -5.156871e+00 7.623631e+01 -6.850000e+00
    endloop
  endfacet
  facet normal 6.725297e-01 -7.400702e-01 2.520364e-16
    outer loop
      vertex   -5.156871e+00 7.623631e+01 -6.850000e+00
      vertex   -4.550131e+00 7.678768e+01 5.000000e+00
      vertex   -5.156871e+00 7.623631e+01 5.000000e+00
    endloop
  endfacet
  facet normal 7.520072e-01 -6.591549e-01 2.818213e-16
    outer loop
      vertex   -5.156871e+00 7.623631e+01 -6.850000e+00
      vertex   -5.156871e+00 7.623631e+01 5.000000e+00
      vertex   -5.697275e+00 7.561978e+01 -6.850000e+00
    endloop
  endfacet
  facet normal 7.520072e-01 -6.591549e-01 0.000000e+00
    outer loop
      vertex   -5.697275e+00 7.561978e+01 -6.850000e+00
      vertex   -5.156871e+00 7.623631e+01 5.000000e+00
      vertex   -5.697275e+00 7.561978e+01 5.000000e+00
    endloop
  endfacet
  facet normal 8.218109e-01 -5.697603e-01 0.000000e+00
    outer loop
      vertex   -5.697275e+00 7.561978e+01 -6.850000e+00
      vertex   -5.697275e+00 7.561978e+01 5.000000e+00
      vertex   -6.164388e+00 7.494603e+01 -6.850000e+00
    endloop
  endfacet
  facet normal 8.218109e-01 -5.697603e-01 1.231924e-16
    outer loop
      vertex   -6.164388e+00 7.494603e+01 -6.850000e+00
      vertex   -5.697275e+00 7.561978e+01 5.000000e+00
      vertex   -6.164388e+00 7.494603e+01 5.000000e+00
    endloop
  endfacet
  facet normal 8.810429e-01 -4.730364e-01 1.320714e-16
    outer loop
      vertex   -6.164388e+00 7.494603e+01 -6.850000e+00
      vertex   -6.164388e+00 7.494603e+01 5.000000e+00
      vertex   -6.552204e+00 7.422371e+01 -6.850000e+00
    endloop
  endfacet
  facet normal 8.810429e-01 -4.730364e-01 0.000000e+00
    outer loop
      vertex   -6.552204e+00 7.422371e+01 -6.850000e+00
      vertex   -6.164388e+00 7.494603e+01 5.000000e+00
      vertex   -6.552204e+00 7.422371e+01 5.000000e+00
    endloop
  endfacet
  facet normal 9.289412e-01 -3.702273e-01 0.000000e+00
    outer loop
      vertex   -6.552204e+00 7.422371e+01 -6.850000e+00
      vertex   -6.552204e+00 7.422371e+01 5.000000e+00
      vertex   -6.855732e+00 7.346213e+01 -6.850000e+00
    endloop
  endfacet
  facet normal 9.289412e-01 -3.702273e-01 0.000000e+00
    outer loop
      vertex   -6.855732e+00 7.346213e+01 -6.850000e+00
      vertex   -6.552204e+00 7.422371e+01 5.000000e+00
      vertex   -6.855732e+00 7.346213e+01 5.000000e+00
    endloop
  endfacet
  facet normal 9.648896e-01 -2.626556e-01 0.000000e+00
    outer loop
      vertex   -6.855732e+00 7.346213e+01 -6.850000e+00
      vertex   -6.855732e+00 7.346213e+01 5.000000e+00
      vertex   -7.071068e+00 7.267107e+01 5.000000e+00
    endloop
  endfacet
  facet normal 1.716589e-01 9.851564e-01 -0.000000e+00
    outer loop
      vertex   -1.139974e+00 6.780276e+01 -1.970000e+01
      vertex   -1.139974e+00 6.780276e+01 -1.870000e+01
      vertex   -5.737777e-01 6.770410e+01 -1.970000e+01
    endloop
  endfacet
  facet normal 1.716589e-01 9.851564e-01 -0.000000e+00
    outer loop
      vertex   -5.737777e-01 6.770410e+01 -1.970000e+01
      vertex   -1.139974e+00 6.780276e+01 -1.870000e+01
      vertex   -5.737777e-01 6.770410e+01 -1.870000e+01
    endloop
  endfacet
  facet normal 5.747277e-02 9.983471e-01 -0.000000e+00
    outer loop
      vertex   -5.737777e-01 6.770410e+01 -1.970000e+01
      vertex   -5.737777e-01 6.770410e+01 -1.870000e+01
      vertex   -3.061617e-16 6.767107e+01 -1.970000e+01
    endloop
  endfacet
  facet normal 5.747277e-02 9.983471e-01 -0.000000e+00
    outer loop
      vertex   -3.061617e-16 6.767107e+01 -1.970000e+01
      vertex   -5.737777e-01 6.770410e+01 -1.870000e+01
      vertex   -3.061617e-16 6.767107e+01 -1.870000e+01
    endloop
  endfacet
  facet normal -5.747277e-02 9.983471e-01 0.000000e+00
    outer loop
      vertex   -3.061617e-16 6.767107e+01 -1.970000e+01
      vertex   -3.061617e-16 6.767107e+01 -1.870000e+01
      vertex   5.737777e-01 6.770410e+01 -1.970000e+01
    endloop
  endfacet
  facet normal -5.747277e-02 9.983471e-01 0.000000e+00
    outer loop
      vertex   5.737777e-01 6.770410e+01 -1.970000e+01
      vertex   -3.061617e-16 6.767107e+01 -1.870000e+01
      vertex   5.737777e-01 6.770410e+01 -1.870000e+01
    endloop
  endfacet
  facet normal -1.716589e-01 9.851564e-01 0.000000e+00
    outer loop
      vertex   5.737777e-01 6.770410e+01 -1.970000e+01
      vertex   5.737777e-01 6.770410e+01 -1.870000e+01
      vertex   1.139974e+00 6.780276e+01 -1.970000e+01
    endloop
  endfacet
  facet normal -1.716589e-01 9.851564e-01 0.000000e+00
    outer loop
      vertex   1.139974e+00 6.780276e+01 -1.970000e+01
      vertex   5.737777e-01 6.770410e+01 -1.870000e+01
      vertex   1.139974e+00 6.780276e+01 -1.870000e+01
    endloop
  endfacet
  facet normal 8.881160e-01 4.596194e-01 0.000000e+00
    outer loop
      vertex   -2.886377e+00 7.117731e+01 -1.870000e+01
      vertex   -1.139974e+00 6.780276e+01 -1.870000e+01
      vertex   -2.886377e+00 7.117731e+01 -1.970000e+01
    endloop
  endfacet
  facet normal 8.881160e-01 4.596194e-01 0.000000e+00
    outer loop
      vertex   -2.886377e+00 7.117731e+01 -1.970000e+01
      vertex   -1.139974e+00 6.780276e+01 -1.870000e+01
      vertex   -1.139974e+00 6.780276e+01 -1.970000e+01
    endloop
  endfacet
  facet normal -9.240635e-01 3.822391e-01 0.000000e+00
    outer loop
      vertex   2.886377e+00 7.117731e+01 -1.970000e+01
      vertex   2.886377e+00 7.117731e+01 -1.870000e+01
      vertex   3.098172e+00 7.168932e+01 -1.970000e+01
    endloop
  endfacet
  facet normal -9.240635e-01 3.822391e-01 0.000000e+00
    outer loop
      vertex   3.098172e+00 7.168932e+01 -1.970000e+01
      vertex   2.886377e+00 7.117731e+01 -1.870000e+01
      vertex   3.098172e+00 7.168932e+01 -1.870000e+01
    endloop
  endfacet
  facet normal -9.755643e-01 2.197139e-01 0.000000e+00
    outer loop
      vertex   3.098172e+00 7.168932e+01 -1.970000e+01
      vertex   3.098172e+00 7.168932e+01 -1.870000e+01
      vertex   3.219914e+00 7.222987e+01 -1.970000e+01
    endloop
  endfacet
  facet normal -9.755643e-01 2.197139e-01 0.000000e+00
    outer loop
      vertex   3.219914e+00 7.222987e+01 -1.970000e+01
      vertex   3.098172e+00 7.168932e+01 -1.870000e+01
      vertex   3.219914e+00 7.222987e+01 -1.870000e+01
    endloop
  endfacet
  facet normal -9.987087e-01 5.080246e-02 0.000000e+00
    outer loop
      vertex   3.219914e+00 7.222987e+01 -1.970000e+01
      vertex   3.219914e+00 7.222987e+01 -1.870000e+01
      vertex   3.248063e+00 7.278325e+01 -1.970000e+01
    endloop
  endfacet
  facet normal -9.987087e-01 5.080246e-02 0.000000e+00
    outer loop
      vertex   3.248063e+00 7.278325e+01 -1.970000e+01
      vertex   3.219914e+00 7.222987e+01 -1.870000e+01
      vertex   3.248063e+00 7.278325e+01 -1.870000e+01
    endloop
  endfacet
  facet normal -9.928239e-01 -1.195857e-01 0.000000e+00
    outer loop
      vertex   3.248063e+00 7.278325e+01 -1.970000e+01
      vertex   3.248063e+00 7.278325e+01 -1.870000e+01
      vertex   3.181802e+00 7.333337e+01 -1.970000e+01
    endloop
  endfacet
  facet normal -9.928239e-01 -1.195857e-01 1.699415e-15
    outer loop
      vertex   3.181802e+00 7.333337e+01 -1.970000e+01
      vertex   3.248063e+00 7.278325e+01 -1.870000e+01
      vertex   3.181802e+00 7.333337e+01 -1.870000e+01
    endloop
  endfacet
  facet normal -9.580809e-01 -2.864979e-01 4.071380e-15
    outer loop
      vertex   3.181802e+00 7.333337e+01 -1.970000e+01
      vertex   3.181802e+00 7.333337e+01 -1.870000e+01
      vertex   3.023056e+00 7.386423e+01 -1.970000e+01
    endloop
  endfacet
  facet normal -9.580809e-01 -2.864979e-01 -4.254734e-16
    outer loop
      vertex   3.023056e+00 7.386423e+01 -1.970000e+01
      vertex   3.181802e+00 7.333337e+01 -1.870000e+01
      vertex   3.023056e+00 7.386423e+01 -1.870000e+01
    endloop
  endfacet
  facet normal -8.954896e-01 -4.450825e-01 -3.976773e-16
    outer loop
      vertex   3.023056e+00 7.386423e+01 -1.970000e+01
      vertex   3.023056e+00 7.386423e+01 -1.870000e+01
      vertex   2.776439e+00 7.436041e+01 -1.970000e+01
    endloop
  endfacet
  facet normal -8.954896e-01 -4.450825e-01 0.000000e+00
    outer loop
      vertex   2.776439e+00 7.436041e+01 -1.970000e+01
      vertex   3.023056e+00 7.386423e+01 -1.870000e+01
      vertex   2.776439e+00 7.436041e+01 -1.870000e+01
    endloop
  endfacet
  facet normal -8.068693e-01 -5.907300e-01 0.000000e+00
    outer loop
      vertex   2.776439e+00 7.436041e+01 -1.970000e+01
      vertex   2.776439e+00 7.436041e+01 -1.870000e+01
      vertex   2.449121e+00 7.480749e+01 -1.970000e+01
    endloop
  endfacet
  facet normal -8.068693e-01 -5.907300e-01 0.000000e+00
    outer loop
      vertex   2.449121e+00 7.480749e+01 -1.970000e+01
      vertex   2.776439e+00 7.436041e+01 -1.870000e+01
      vertex   2.449121e+00 7.480749e+01 -1.870000e+01
    endloop
  endfacet
  facet normal -6.947959e-01 -7.192069e-01 0.000000e+00
    outer loop
      vertex   2.449121e+00 7.480749e+01 -1.970000e+01
      vertex   2.449121e+00 7.480749e+01 -1.870000e+01
      vertex   2.050614e+00 7.519247e+01 -1.970000e+01
    endloop
  endfacet
  facet normal -6.947959e-01 -7.192069e-01 -9.256541e-16
    outer loop
      vertex   2.050614e+00 7.519247e+01 -1.970000e+01
      vertex   2.449121e+00 7.480749e+01 -1.870000e+01
      vertex   2.050614e+00 7.519247e+01 -1.870000e+01
    endloop
  endfacet
  facet normal -5.625271e-01 -8.267788e-01 -7.494366e-16
    outer loop
      vertex   2.050614e+00 7.519247e+01 -1.970000e+01
      vertex   2.050614e+00 7.519247e+01 -1.870000e+01
      vertex   1.592503e+00 7.550417e+01 -1.970000e+01
    endloop
  endfacet
  facet normal -5.625271e-01 -8.267788e-01 0.000000e+00
    outer loop
      vertex   1.592503e+00 7.550417e+01 -1.970000e+01
      vertex   2.050614e+00 7.519247e+01 -1.870000e+01
      vertex   1.592503e+00 7.550417e+01 -1.870000e+01
    endloop
  endfacet
  facet normal -4.139074e-01 -9.103190e-01 0.000000e+00
    outer loop
      vertex   1.592503e+00 7.550417e+01 -1.970000e+01
      vertex   1.592503e+00 7.550417e+01 -1.870000e+01
      vertex   1.088103e+00 7.573351e+01 -1.970000e+01
    endloop
  endfacet
  facet normal -4.139074e-01 -9.103190e-01 -4.595296e-16
    outer loop
      vertex   1.088103e+00 7.573351e+01 -1.970000e+01
      vertex   1.592503e+00 7.550417e+01 -1.870000e+01
      vertex   1.088103e+00 7.573351e+01 -1.870000e+01
    endloop
  endfacet
  facet normal -2.532568e-01 -9.673991e-01 -2.811716e-16
    outer loop
      vertex   1.088103e+00 7.573351e+01 -1.970000e+01
      vertex   1.088103e+00 7.573351e+01 -1.870000e+01
      vertex   5.520748e-01 7.587384e+01 -1.970000e+01
    endloop
  endfacet
  facet normal -2.532568e-01 -9.673991e-01 0.000000e+00
    outer loop
      vertex   5.520748e-01 7.587384e+01 -1.970000e+01
      vertex   1.088103e+00 7.573351e+01 -1.870000e+01
      vertex   5.520748e-01 7.587384e+01 -1.870000e+01
    endloop
  endfacet
  facet normal -8.524488e-02 -9.963600e-01 0.000000e+00
    outer loop
      vertex   5.520748e-01 7.587384e+01 -1.970000e+01
      vertex   5.520748e-01 7.587384e+01 -1.870000e+01
      vertex   -8.858745e-15 7.592107e+01 -1.970000e+01
    endloop
  endfacet
  facet normal -8.524488e-02 -9.963600e-01 0.000000e+00
    outer loop
      vertex   -8.858745e-15 7.592107e+01 -1.970000e+01
      vertex   5.520748e-01 7.587384e+01 -1.870000e+01
      vertex   -8.858745e-15 7.592107e+01 -1.870000e+01
    endloop
  endfacet
  facet normal 8.524488e-02 -9.963600e-01 0.000000e+00
    outer loop
      vertex   -8.858745e-15 7.592107e+01 -1.970000e+01
      vertex   -8.858745e-15 7.592107e+01 -1.870000e+01
      vertex   -5.520748e-01 7.587384e+01 -1.970000e+01
    endloop
  endfacet
  facet normal 8.524488e-02 -9.963600e-01 0.000000e+00
    outer loop
      vertex   -5.520748e-01 7.587384e+01 -1.970000e+01
      vertex   -8.858745e-15 7.592107e+01 -1.870000e+01
      vertex   -5.520748e-01 7.587384e+01 -1.870000e+01
    endloop
  endfacet
  facet normal 2.532568e-01 -9.673991e-01 0.000000e+00
    outer loop
      vertex   -5.520748e-01 7.587384e+01 -1.970000e+01
      vertex   -5.520748e-01 7.587384e+01 -1.870000e+01
      vertex   -1.088103e+00 7.573351e+01 -1.970000e+01
    endloop
  endfacet
  facet normal 2.532568e-01 -9.673991e-01 3.936402e-16
    outer loop
      vertex   -1.088103e+00 7.573351e+01 -1.970000e+01
      vertex   -5.520748e-01 7.587384e+01 -1.870000e+01
      vertex   -1.088103e+00 7.573351e+01 -1.870000e+01
    endloop
  endfacet
  facet normal 4.139074e-01 -9.103190e-01 6.433414e-16
    outer loop
      vertex   -1.088103e+00 7.573351e+01 -1.970000e+01
      vertex   -1.088103e+00 7.573351e+01 -1.870000e+01
      vertex   -1.592503e+00 7.550417e+01 -1.970000e+01
    endloop
  endfacet
  facet normal 4.139074e-01 -9.103190e-01 6.433414e-16
    outer loop
      vertex   -1.592503e+00 7.550417e+01 -1.970000e+01
      vertex   -1.088103e+00 7.573351e+01 -1.870000e+01
      vertex   -1.592503e+00 7.550417e+01 -1.870000e+01
    endloop
  endfacet
  facet normal 5.625271e-01 -8.267788e-01 8.743427e-16
    outer loop
      vertex   -1.592503e+00 7.550417e+01 -1.970000e+01
      vertex   -1.592503e+00 7.550417e+01 -1.870000e+01
      vertex   -2.050614e+00 7.519247e+01 -1.970000e+01
    endloop
  endfacet
  facet normal 5.625271e-01 -8.267788e-01 4.996244e-16
    outer loop
      vertex   -2.050614e+00 7.519247e+01 -1.970000e+01
      vertex   -1.592503e+00 7.550417e+01 -1.870000e+01
      vertex   -2.050614e+00 7.519247e+01 -1.870000e+01
    endloop
  endfacet
  facet normal 6.947959e-01 -7.192069e-01 6.171027e-16
    outer loop
      vertex   -2.050614e+00 7.519247e+01 -1.970000e+01
      vertex   -2.050614e+00 7.519247e+01 -1.870000e+01
      vertex   -2.449121e+00 7.480749e+01 -1.970000e+01
    endloop
  endfacet
  facet normal 6.947959e-01 -7.192069e-01 6.171027e-16
    outer loop
      vertex   -2.449121e+00 7.480749e+01 -1.970000e+01
      vertex   -2.050614e+00 7.519247e+01 -1.870000e+01
      vertex   -2.449121e+00 7.480749e+01 -1.870000e+01
    endloop
  endfacet
  facet normal 8.068693e-01 -5.907300e-01 7.166439e-16
    outer loop
      vertex   -2.449121e+00 7.480749e+01 -1.970000e+01
      vertex   -2.449121e+00 7.480749e+01 -1.870000e+01
      vertex   -2.776439e+00 7.436041e+01 -1.970000e+01
    endloop
  endfacet
  facet normal 8.068693e-01 -5.907300e-01 0.000000e+00
    outer loop
      vertex   -2.776439e+00 7.436041e+01 -1.970000e+01
      vertex   -2.449121e+00 7.480749e+01 -1.870000e+01
      vertex   -2.776439e+00 7.436041e+01 -1.870000e+01
    endloop
  endfacet
  facet normal 8.954896e-01 -4.450825e-01 0.000000e+00
    outer loop
      vertex   -2.776439e+00 7.436041e+01 -1.970000e+01
      vertex   -2.776439e+00 7.436041e+01 -1.870000e+01
      vertex   -3.023056e+00 7.386423e+01 -1.970000e+01
    endloop
  endfacet
  facet normal 8.954896e-01 -4.450825e-01 7.953545e-16
    outer loop
      vertex   -3.023056e+00 7.386423e+01 -1.970000e+01
      vertex   -2.776439e+00 7.436041e+01 -1.870000e+01
      vertex   -3.023056e+00 7.386423e+01 -1.870000e+01
    endloop
  endfacet
  facet normal 9.580809e-01 -2.864979e-01 8.509468e-16
    outer loop
      vertex   -3.023056e+00 7.386423e+01 -1.970000e+01
      vertex   -3.023056e+00 7.386423e+01 -1.870000e+01
      vertex   -3.181802e+00 7.333337e+01 -1.970000e+01
    endloop
  endfacet
  facet normal 9.580809e-01 -2.864979e-01 0.000000e+00
    outer loop
      vertex   -3.181802e+00 7.333337e+01 -1.970000e+01
      vertex   -3.023056e+00 7.386423e+01 -1.870000e+01
      vertex   -3.181802e+00 7.333337e+01 -1.870000e+01
    endloop
  endfacet
  facet normal 9.928239e-01 -1.195857e-01 0.000000e+00
    outer loop
      vertex   -3.181802e+00 7.333337e+01 -1.970000e+01
      vertex   -3.181802e+00 7.333337e+01 -1.870000e+01
      vertex   -3.248063e+00 7.278325e+01 -1.970000e+01
    endloop
  endfacet
  facet normal 9.928239e-01 -1.195857e-01 0.000000e+00
    outer loop
      vertex   -3.248063e+00 7.278325e+01 -1.970000e+01
      vertex   -3.181802e+00 7.333337e+01 -1.870000e+01
      vertex   -3.248063e+00 7.278325e+01 -1.870000e+01
    endloop
  endfacet
  facet normal 9.987087e-01 5.080246e-02 -0.000000e+00
    outer loop
      vertex   -3.248063e+00 7.278325e+01 -1.970000e+01
      vertex   -3.248063e+00 7.278325e+01 -1.870000e+01
      vertex   -3.219914e+00 7.222987e+01 -1.970000e+01
    endloop
  endfacet
  facet normal 9.987087e-01 5.080246e-02 -4.435158e-16
    outer loop
      vertex   -3.219914e+00 7.222987e+01 -1.970000e+01
      vertex   -3.248063e+00 7.278325e+01 -1.870000e+01
      vertex   -3.219914e+00 7.222987e+01 -1.870000e+01
    endloop
  endfacet
  facet normal 9.755643e-01 2.197139e-01 -4.332376e-16
    outer loop
      vertex   -3.219914e+00 7.222987e+01 -1.970000e+01
      vertex   -3.219914e+00 7.222987e+01 -1.870000e+01
      vertex   -3.098172e+00 7.168932e+01 -1.970000e+01
    endloop
  endfacet
  facet normal 9.755643e-01 2.197139e-01 -0.000000e+00
    outer loop
      vertex   -3.098172e+00 7.168932e+01 -1.970000e+01
      vertex   -3.219914e+00 7.222987e+01 -1.870000e+01
      vertex   -3.098172e+00 7.168932e+01 -1.870000e+01
    endloop
  endfacet
  facet normal 9.240635e-01 3.822391e-01 -0.000000e+00
    outer loop
      vertex   -3.098172e+00 7.168932e+01 -1.970000e+01
      vertex   -3.098172e+00 7.168932e+01 -1.870000e+01
      vertex   -2.886377e+00 7.117731e+01 -1.970000e+01
    endloop
  endfacet
  facet normal 9.240635e-01 3.822391e-01 -0.000000e+00
    outer loop
      vertex   -2.886377e+00 7.117731e+01 -1.970000e+01
      vertex   -3.098172e+00 7.168932e+01 -1.870000e+01
      vertex   -2.886377e+00 7.117731e+01 -1.870000e+01
    endloop
  endfacet
  facet normal -8.881160e-01 4.596194e-01 0.000000e+00
    outer loop
      vertex   1.139974e+00 6.780276e+01 -1.870000e+01
      vertex   2.886377e+00 7.117731e+01 -1.870000e+01
      vertex   1.139974e+00 6.780276e+01 -1.970000e+01
    endloop
  endfacet
  facet normal -8.881160e-01 4.596194e-01 0.000000e+00
    outer loop
      vertex   1.139974e+00 6.780276e+01 -1.970000e+01
      vertex   2.886377e+00 7.117731e+01 -1.870000e+01
      vertex   2.886377e+00 7.117731e+01 -1.970000e+01
    endloop
  endfacet
  facet normal 1.000000e+00 8.780460e-13 0.000000e+00
    outer loop
      vertex   1.100000e+01 6.900000e+01 -5.000000e+00
      vertex   1.100000e+01 6.900000e+01 -1.770000e+01
      vertex   1.100000e+01 6.991443e+01 -5.000000e+00
    endloop
  endfacet
  facet normal 1.000000e+00 8.778475e-13 1.429388e-17
    outer loop
      vertex   1.100000e+01 6.991443e+01 -5.000000e+00
      vertex   1.100000e+01 6.900000e+01 -1.770000e+01
      vertex   1.100000e+01 7.167107e+01 -1.770000e+01
    endloop
  endfacet
  facet normal 1.000000e+00 8.777442e-13 0.000000e+00
    outer loop
      vertex   1.100000e+01 6.991443e+01 -5.000000e+00
      vertex   1.100000e+01 7.167107e+01 -1.770000e+01
      vertex   1.100000e+01 7.167107e+01 5.000000e+00
    endloop
  endfacet
  facet normal 1.000000e+00 8.777442e-13 0.000000e+00
    outer loop
      vertex   1.100000e+01 7.167107e+01 5.000000e+00
      vertex   1.100000e+01 6.991443e+01 5.000000e+00
      vertex   1.100000e+01 6.991443e+01 -5.000000e+00
    endloop
  endfacet
  facet normal 9.989330e-01 4.618346e-02 0.000000e+00
    outer loop
      vertex   1.100000e+01 7.167107e+01 5.000000e+00
      vertex   1.100000e+01 7.167107e+01 -1.770000e+01
      vertex   1.095308e+01 7.268602e+01 5.000000e+00
    endloop
  endfacet
  facet normal 9.989330e-01 4.618346e-02 7.817011e-17
    outer loop
      vertex   1.095308e+01 7.268602e+01 5.000000e+00
      vertex   1.100000e+01 7.167107e+01 -1.770000e+01
      vertex   1.095308e+01 7.268602e+01 -1.770000e+01
    endloop
  endfacet
  facet normal 9.904104e-01 1.381564e-01 7.750319e-17
    outer loop
      vertex   1.095308e+01 7.268602e+01 5.000000e+00
      vertex   1.095308e+01 7.268602e+01 -1.770000e+01
      vertex   1.081270e+01 7.369231e+01 5.000000e+00
    endloop
  endfacet
  facet normal 9.904104e-01 1.381564e-01 0.000000e+00
    outer loop
      vertex   1.081270e+01 7.369231e+01 5.000000e+00
      vertex   1.095308e+01 7.268602e+01 -1.770000e+01
      vertex   1.081270e+01 7.369231e+01 -1.770000e+01
    endloop
  endfacet
  facet normal 9.734381e-01 2.289505e-01 0.000000e+00
    outer loop
      vertex   1.081270e+01 7.369231e+01 5.000000e+00
      vertex   1.081270e+01 7.369231e+01 -1.770000e+01
      vertex   1.058008e+01 7.468136e+01 5.000000e+00
    endloop
  endfacet
  facet normal 9.734381e-01 2.289505e-01 0.000000e+00
    outer loop
      vertex   1.058008e+01 7.468136e+01 5.000000e+00
      vertex   1.081270e+01 7.369231e+01 -1.770000e+01
      vertex   1.058008e+01 7.468136e+01 -1.770000e+01
    endloop
  endfacet
  facet normal 9.481606e-01 3.177914e-01 0.000000e+00
    outer loop
      vertex   1.058008e+01 7.468136e+01 5.000000e+00
      vertex   1.058008e+01 7.468136e+01 -1.770000e+01
      vertex   1.025719e+01 7.564473e+01 5.000000e+00
    endloop
  endfacet
  facet normal 9.481606e-01 3.177914e-01 0.000000e+00
    outer loop
      vertex   1.025719e+01 7.564473e+01 5.000000e+00
      vertex   1.058008e+01 7.468136e+01 -1.770000e+01
      vertex   1.025719e+01 7.564473e+01 -1.770000e+01
    endloop
  endfacet
  facet normal 9.147939e-01 4.039210e-01 0.000000e+00
    outer loop
      vertex   1.025719e+01 7.564473e+01 5.000000e+00
      vertex   1.025719e+01 7.564473e+01 -1.770000e+01
      vertex   9.846796e+00 7.657419e+01 5.000000e+00
    endloop
  endfacet
  facet normal 9.147939e-01 4.039210e-01 7.158592e-17
    outer loop
      vertex   9.846796e+00 7.657419e+01 5.000000e+00
      vertex   1.025719e+01 7.564473e+01 -1.770000e+01
      vertex   9.846796e+00 7.657419e+01 -1.770000e+01
    endloop
  endfacet
  facet normal 8.736224e-01 4.866045e-01 6.836410e-17
    outer loop
      vertex   9.846796e+00 7.657419e+01 5.000000e+00
      vertex   9.846796e+00 7.657419e+01 -1.770000e+01
      vertex   9.352389e+00 7.746182e+01 5.000000e+00
    endloop
  endfacet
  facet normal 8.736224e-01 4.866045e-01 -2.050923e-16
    outer loop
      vertex   9.352389e+00 7.746182e+01 5.000000e+00
      vertex   9.846796e+00 7.657419e+01 -1.770000e+01
      vertex   9.352389e+00 7.746182e+01 -1.770000e+01
    endloop
  endfacet
  facet normal 8.249975e-01 5.651364e-01 -1.936771e-16
    outer loop
      vertex   9.352389e+00 7.746182e+01 5.000000e+00
      vertex   9.352389e+00 7.746182e+01 -1.770000e+01
      vertex   8.778190e+00 7.830005e+01 5.000000e+00
    endloop
  endfacet
  facet normal 8.249975e-01 5.651364e-01 0.000000e+00
    outer loop
      vertex   8.778190e+00 7.830005e+01 5.000000e+00
      vertex   9.352389e+00 7.746182e+01 -1.770000e+01
      vertex   8.778190e+00 7.830005e+01 -1.770000e+01
    endloop
  endfacet
  facet normal 7.693340e-01 6.388468e-01 0.000000e+00
    outer loop
      vertex   8.778190e+00 7.830005e+01 5.000000e+00
      vertex   8.778190e+00 7.830005e+01 -1.770000e+01
      vertex   8.129098e+00 7.908172e+01 5.000000e+00
    endloop
  endfacet
  facet normal 7.693340e-01 6.388468e-01 -3.397334e-16
    outer loop
      vertex   8.129098e+00 7.908172e+01 5.000000e+00
      vertex   8.778190e+00 7.830005e+01 -1.770000e+01
      vertex   8.129098e+00 7.908172e+01 -1.770000e+01
    endloop
  endfacet
  facet normal 7.071068e-01 7.071068e-01 -3.873356e-16
    outer loop
      vertex   8.129098e+00 7.908172e+01 5.000000e+00
      vertex   8.129098e+00 7.908172e+01 -1.770000e+01
      vertex   7.410652e+00 7.980017e+01 5.000000e+00
    endloop
  endfacet
  facet normal 7.071068e-01 7.071068e-01 2.766683e-16
    outer loop
      vertex   7.410652e+00 7.980017e+01 5.000000e+00
      vertex   8.129098e+00 7.908172e+01 -1.770000e+01
      vertex   7.410652e+00 7.980017e+01 -1.770000e+01
    endloop
  endfacet
  facet normal 6.388468e-01 7.693340e-01 3.316491e-16
    outer loop
      vertex   7.410652e+00 7.980017e+01 5.000000e+00
      vertex   7.410652e+00 7.980017e+01 -1.770000e+01
      vertex   6.628981e+00 8.044926e+01 5.000000e+00
    endloop
  endfacet
  facet normal 6.388468e-01 7.693340e-01 -7.498810e-17
    outer loop
      vertex   6.628981e+00 8.044926e+01 5.000000e+00
      vertex   7.410652e+00 7.980017e+01 -1.770000e+01
      vertex   6.628981e+00 8.044926e+01 -1.770000e+01
    endloop
  endfacet
  facet normal 5.651364e-01 8.249975e-01 -6.633594e-17
    outer loop
      vertex   6.628981e+00 8.044926e+01 5.000000e+00
      vertex   6.628981e+00 8.044926e+01 -1.770000e+01
      vertex   5.790754e+00 8.102346e+01 5.000000e+00
    endloop
  endfacet
  facet normal 5.651364e-01 8.249975e-01 0.000000e+00
    outer loop
      vertex   5.790754e+00 8.102346e+01 5.000000e+00
      vertex   6.628981e+00 8.044926e+01 -1.770000e+01
      vertex   5.790754e+00 8.102346e+01 -1.770000e+01
    endloop
  endfacet
  facet normal 4.866045e-01 8.736224e-01 0.000000e+00
    outer loop
      vertex   5.790754e+00 8.102346e+01 5.000000e+00
      vertex   5.790754e+00 8.102346e+01 -1.770000e+01
      vertex   4.903122e+00 8.151787e+01 5.000000e+00
    endloop
  endfacet
  facet normal 4.866045e-01 8.736224e-01 -1.332749e-16
    outer loop
      vertex   4.903122e+00 8.151787e+01 5.000000e+00
      vertex   5.790754e+00 8.102346e+01 -1.770000e+01
      vertex   4.903122e+00 8.151787e+01 -1.770000e+01
    endloop
  endfacet
  facet normal 4.039210e-01 9.147939e-01 -1.106290e-16
    outer loop
      vertex   4.903122e+00 8.151787e+01 5.000000e+00
      vertex   4.903122e+00 8.151787e+01 -1.770000e+01
      vertex   3.973658e+00 8.192826e+01 5.000000e+00
    endloop
  endfacet
  facet normal 4.039210e-01 9.147939e-01 -7.902069e-17
    outer loop
      vertex   3.973658e+00 8.192826e+01 5.000000e+00
      vertex   4.903122e+00 8.151787e+01 -1.770000e+01
      vertex   3.973658e+00 8.192826e+01 -1.770000e+01
    endloop
  endfacet
  facet normal 3.177914e-01 9.481606e-01 -6.217081e-17
    outer loop
      vertex   3.973658e+00 8.192826e+01 5.000000e+00
      vertex   3.973658e+00 8.192826e+01 -1.770000e+01
      vertex   3.010293e+00 8.225115e+01 5.000000e+00
    endloop
  endfacet
  facet normal 3.177914e-01 9.481606e-01 0.000000e+00
    outer loop
      vertex   3.010293e+00 8.225115e+01 5.000000e+00
      vertex   3.973658e+00 8.192826e+01 -1.770000e+01
      vertex   3.010293e+00 8.225115e+01 -1.770000e+01
    endloop
  endfacet
  facet normal 2.731952e-01 9.619586e-01 0.000000e+00
    outer loop
      vertex   3.010293e+00 8.225115e+01 5.000000e+00
      vertex   3.010293e+00 8.225115e+01 -1.770000e+01
      vertex   3.000000e+00 8.225407e+01 -3.000000e+00
    endloop
  endfacet
  facet normal 2.778425e-01 9.606267e-01 3.518904e-06
    outer loop
      vertex   3.000000e+00 8.225407e+01 -3.000000e+00
      vertex   3.010293e+00 8.225115e+01 -1.770000e+01
      vertex   2.985716e+00 8.225821e+01 -3.287650e+00
    endloop
  endfacet
  facet normal 2.710456e-01 9.625665e-01 -9.021082e-06
    outer loop
      vertex   2.985716e+00 8.225821e+01 -3.287650e+00
      vertex   3.010293e+00 8.225115e+01 -1.770000e+01
      vertex   2.942791e+00 8.227029e+01 -3.578877e+00
    endloop
  endfacet
  facet normal 2.635362e-01 9.646495e-01 -4.774081e-05
    outer loop
      vertex   2.942791e+00 8.227029e+01 -3.578877e+00
      vertex   3.010293e+00 8.225115e+01 -1.770000e+01
      vertex   2.871116e+00 8.228986e+01 -3.868317e+00
    endloop
  endfacet
  facet normal 2.559449e-01 9.666914e-01 -1.298398e-04
    outer loop
      vertex   2.871116e+00 8.228986e+01 -3.868317e+00
      vertex   3.010293e+00 8.225115e+01 -1.770000e+01
      vertex   2.770580e+00 8.231644e+01 -4.150603e+00
    endloop
  endfacet
  facet normal 2.463033e-01 9.691928e-01 -3.124709e-04
    outer loop
      vertex   2.770580e+00 8.231644e+01 -4.150603e+00
      vertex   3.010293e+00 8.225115e+01 -1.770000e+01
      vertex   2.641772e+00 8.234909e+01 -4.420712e+00
    endloop
  endfacet
  facet normal 2.339515e-01 9.722480e-01 -6.777832e-04
    outer loop
      vertex   2.641772e+00 8.234909e+01 -4.420712e+00
      vertex   3.010293e+00 8.225115e+01 -1.770000e+01
      vertex   2.488002e+00 8.238591e+01 -4.674853e+00
    endloop
  endfacet
  facet normal 2.289505e-01 9.734377e-01 -8.906278e-04
    outer loop
      vertex   2.488002e+00 8.238591e+01 -4.674853e+00
      vertex   3.010293e+00 8.225115e+01 -1.770000e+01
      vertex   2.021245e+00 8.248377e+01 -1.770000e+01
    endloop
  endfacet
  facet normal 2.191014e-01 9.757020e-01 -5.206734e-04
    outer loop
      vertex   2.488002e+00 8.238591e+01 -4.674853e+00
      vertex   2.021245e+00 8.248377e+01 -1.770000e+01
      vertex   2.313247e+00 8.242503e+01 -4.909508e+00
    endloop
  endfacet
  facet normal 2.019957e-01 9.793864e-01 -1.132353e-04
    outer loop
      vertex   2.313247e+00 8.242503e+01 -4.909508e+00
      vertex   2.021245e+00 8.248377e+01 -1.770000e+01
      vertex   2.121480e+00 8.246455e+01 -5.121161e+00
    endloop
  endfacet
  facet normal 1.828402e-01 9.831426e-01 4.514513e-05
    outer loop
      vertex   2.121480e+00 8.246455e+01 -5.121161e+00
      vertex   2.021245e+00 8.248377e+01 -1.770000e+01
      vertex   1.909849e+00 8.250392e+01 -5.312965e+00
    endloop
  endfacet
  facet normal 1.627724e-01 9.866636e-01 -1.410511e-04
    outer loop
      vertex   1.909849e+00 8.250392e+01 -5.312965e+00
      vertex   2.021245e+00 8.248377e+01 -1.770000e+01
      vertex   1.675178e+00 8.254261e+01 -5.487780e+00
    endloop
  endfacet
  facet normal 1.414394e-01 9.899466e-01 -7.613964e-04
    outer loop
      vertex   1.675178e+00 8.254261e+01 -5.487780e+00
      vertex   2.021245e+00 8.248377e+01 -1.770000e+01
      vertex   1.420993e+00 8.257881e+01 -5.641618e+00
    endloop
  endfacet
  facet normal 1.381563e-01 9.904100e-01 -9.284795e-04
    outer loop
      vertex   1.420993e+00 8.257881e+01 -5.641618e+00
      vertex   2.021245e+00 8.248377e+01 -1.770000e+01
      vertex   1.014952e+00 8.262414e+01 -1.770000e+01
    endloop
  endfacet
  facet normal 1.173419e-01 9.930916e-01 -2.175160e-04
    outer loop
      vertex   1.420993e+00 8.257881e+01 -5.641618e+00
      vertex   1.014952e+00 8.262414e+01 -1.770000e+01
      vertex   1.150817e+00 8.261070e+01 -5.770491e+00
    endloop
  endfacet
  facet normal 9.104322e-02 9.958469e-01 8.510296e-05
    outer loop
      vertex   1.150817e+00 8.261070e+01 -5.770491e+00
      vertex   1.014952e+00 8.262414e+01 -1.770000e+01
      vertex   8.684549e-01 8.263653e+01 -5.871073e+00
    endloop
  endfacet
  facet normal 6.530264e-02 9.978655e-01 -2.357981e-04
    outer loop
      vertex   8.684549e-01 8.263653e+01 -5.871073e+00
      vertex   1.014952e+00 8.262414e+01 -1.770000e+01
      vertex   5.789467e-01 8.265546e+01 -5.942776e+00
    endloop
  endfacet
  facet normal 4.618344e-02 9.989325e-01 -9.476568e-04
    outer loop
      vertex   5.789467e-01 8.265546e+01 -5.942776e+00
      vertex   1.014952e+00 8.262414e+01 -1.770000e+01
      vertex   -8.518570e-12 8.267107e+01 -1.770000e+01
    endloop
  endfacet
  facet normal 4.003957e-02 9.991979e-01 -6.447693e-04
    outer loop
      vertex   5.789467e-01 8.265546e+01 -5.942776e+00
      vertex   -8.518570e-12 8.267107e+01 -1.770000e+01
      vertex   2.876694e-01 8.266710e+01 -5.985713e+00
    endloop
  endfacet
  facet normal 1.379345e-02 9.999049e-01 -1.272774e-14
    outer loop
      vertex   2.876694e-01 8.266710e+01 -5.985713e+00
      vertex   -8.518570e-12 8.267107e+01 -1.770000e+01
      vertex   2.171296e-13 8.267107e+01 -6.000000e+00
    endloop
  endfacet
  facet normal -1.379345e-02 9.999049e-01 7.869777e-15
    outer loop
      vertex   2.171296e-13 8.267107e+01 -6.000000e+00
      vertex   -8.518570e-12 8.267107e+01 -1.770000e+01
      vertex   -2.876694e-01 8.266710e+01 -5.985713e+00
    endloop
  endfacet
  facet normal -4.003957e-02 9.991979e-01 -6.447693e-04
    outer loop
      vertex   -2.876694e-01 8.266710e+01 -5.985713e+00
      vertex   -8.518570e-12 8.267107e+01 -1.770000e+01
      vertex   -5.789467e-01 8.265546e+01 -5.942776e+00
    endloop
  endfacet
  facet normal -4.618344e-02 9.989325e-01 -9.476568e-04
    outer loop
      vertex   -5.789467e-01 8.265546e+01 -5.942776e+00
      vertex   -8.518570e-12 8.267107e+01 -1.770000e+01
      vertex   -1.014952e+00 8.262414e+01 -1.770000e+01
    endloop
  endfacet
  facet normal -6.530264e-02 9.978655e-01 -2.357981e-04
    outer loop
      vertex   -5.789467e-01 8.265546e+01 -5.942776e+00
      vertex   -1.014952e+00 8.262414e+01 -1.770000e+01
      vertex   -8.684549e-01 8.263653e+01 -5.871073e+00
    endloop
  endfacet
  facet normal -9.104322e-02 9.958469e-01 8.510296e-05
    outer loop
      vertex   -8.684549e-01 8.263653e+01 -5.871073e+00
      vertex   -1.014952e+00 8.262414e+01 -1.770000e+01
      vertex   -1.150817e+00 8.261070e+01 -5.770491e+00
    endloop
  endfacet
  facet normal -1.173419e-01 9.930916e-01 -2.175160e-04
    outer loop
      vertex   -1.150817e+00 8.261070e+01 -5.770491e+00
      vertex   -1.014952e+00 8.262414e+01 -1.770000e+01
      vertex   -1.420993e+00 8.257881e+01 -5.641618e+00
    endloop
  endfacet
  facet normal -1.381563e-01 9.904100e-01 -9.284795e-04
    outer loop
      vertex   -1.420993e+00 8.257881e+01 -5.641618e+00
      vertex   -1.014952e+00 8.262414e+01 -1.770000e+01
      vertex   -2.021245e+00 8.248377e+01 -1.770000e+01
    endloop
  endfacet
  facet normal -1.414394e-01 9.899466e-01 -7.613964e-04
    outer loop
      vertex   -1.420993e+00 8.257881e+01 -5.641618e+00
      vertex   -2.021245e+00 8.248377e+01 -1.770000e+01
      vertex   -1.675178e+00 8.254261e+01 -5.487780e+00
    endloop
  endfacet
  facet normal -1.627724e-01 9.866636e-01 -1.410511e-04
    outer loop
      vertex   -1.675178e+00 8.254261e+01 -5.487780e+00
      vertex   -2.021245e+00 8.248377e+01 -1.770000e+01
      vertex   -1.909849e+00 8.250392e+01 -5.312965e+00
    endloop
  endfacet
  facet normal -1.828402e-01 9.831426e-01 4.514513e-05
    outer loop
      vertex   -1.909849e+00 8.250392e+01 -5.312965e+00
      vertex   -2.021245e+00 8.248377e+01 -1.770000e+01
      vertex   -2.121480e+00 8.246455e+01 -5.121161e+00
    endloop
  endfacet
  facet normal -2.019957e-01 9.793864e-01 -1.132353e-04
    outer loop
      vertex   -2.121480e+00 8.246455e+01 -5.121161e+00
      vertex   -2.021245e+00 8.248377e+01 -1.770000e+01
      vertex   -2.313247e+00 8.242503e+01 -4.909508e+00
    endloop
  endfacet
  facet normal -2.191014e-01 9.757020e-01 -5.206734e-04
    outer loop
      vertex   -2.313247e+00 8.242503e+01 -4.909508e+00
      vertex   -2.021245e+00 8.248377e+01 -1.770000e+01
      vertex   -2.488002e+00 8.238591e+01 -4.674853e+00
    endloop
  endfacet
  facet normal -2.289505e-01 9.734377e-01 -8.906278e-04
    outer loop
      vertex   -2.488002e+00 8.238591e+01 -4.674853e+00
      vertex   -2.021245e+00 8.248377e+01 -1.770000e+01
      vertex   -3.010293e+00 8.225115e+01 -1.770000e+01
    endloop
  endfacet
  facet normal -2.339515e-01 9.722480e-01 -6.777832e-04
    outer loop
      vertex   -2.488002e+00 8.238591e+01 -4.674853e+00
      vertex   -3.010293e+00 8.225115e+01 -1.770000e+01
      vertex   -2.641772e+00 8.234909e+01 -4.420712e+00
    endloop
  endfacet
  facet normal -2.463033e-01 9.691928e-01 -3.124709e-04
    outer loop
      vertex   -2.641772e+00 8.234909e+01 -4.420712e+00
      vertex   -3.010293e+00 8.225115e+01 -1.770000e+01
      vertex   -2.770580e+00 8.231644e+01 -4.150603e+00
    endloop
  endfacet
  facet normal -2.559449e-01 9.666914e-01 -1.298398e-04
    outer loop
      vertex   -2.770580e+00 8.231644e+01 -4.150603e+00
      vertex   -3.010293e+00 8.225115e+01 -1.770000e+01
      vertex   -2.871116e+00 8.228986e+01 -3.868317e+00
    endloop
  endfacet
  facet normal -2.635362e-01 9.646495e-01 -4.774081e-05
    outer loop
      vertex   -2.871116e+00 8.228986e+01 -3.868317e+00
      vertex   -3.010293e+00 8.225115e+01 -1.770000e+01
      vertex   -2.942791e+00 8.227029e+01 -3.578877e+00
    endloop
  endfacet
  facet normal -2.710456e-01 9.625665e-01 -9.021082e-06
    outer loop
      vertex   -2.942791e+00 8.227029e+01 -3.578877e+00
      vertex   -3.010293e+00 8.225115e+01 -1.770000e+01
      vertex   -2.985716e+00 8.225821e+01 -3.287650e+00
    endloop
  endfacet
  facet normal -2.778425e-01 9.606267e-01 3.518904e-06
    outer loop
      vertex   -2.985716e+00 8.225821e+01 -3.287650e+00
      vertex   -3.010293e+00 8.225115e+01 -1.770000e+01
      vertex   -3.000000e+00 8.225407e+01 -3.000000e+00
    endloop
  endfacet
  facet normal -2.731952e-01 9.619586e-01 3.206938e-17
    outer loop
      vertex   -3.000000e+00 8.225407e+01 -3.000000e+00
      vertex   -3.010293e+00 8.225115e+01 -1.770000e+01
      vertex   -3.010293e+00 8.225115e+01 5.000000e+00
    endloop
  endfacet
  facet normal -2.777891e-01 9.606421e-01 -6.391658e-06
    outer loop
      vertex   -3.000000e+00 8.225407e+01 -3.000000e+00
      vertex   -3.010293e+00 8.225115e+01 5.000000e+00
      vertex   -2.985716e+00 8.225821e+01 -2.712350e+00
    endloop
  endfacet
  facet normal -2.710939e-01 9.625529e-01 1.669194e-05
    outer loop
      vertex   -2.985716e+00 8.225821e+01 -2.712350e+00
      vertex   -3.010293e+00 8.225115e+01 5.000000e+00
      vertex   -2.942791e+00 8.227029e+01 -2.421123e+00
    endloop
  endfacet
  facet normal -2.636924e-01 9.646068e-01 8.931153e-05
    outer loop
      vertex   -2.942791e+00 8.227029e+01 -2.421123e+00
      vertex   -3.010293e+00 8.225115e+01 5.000000e+00
      vertex   -2.871116e+00 8.228986e+01 -2.131684e+00
    endloop
  endfacet
  facet normal -2.562483e-01 9.666110e-01 2.454632e-04
    outer loop
      vertex   -2.871116e+00 8.228986e+01 -2.131684e+00
      vertex   -3.010293e+00 8.225115e+01 5.000000e+00
      vertex   -2.770580e+00 8.231644e+01 -1.849397e+00
    endloop
  endfacet
  facet normal -2.468640e-01 9.690499e-01 5.971400e-04
    outer loop
      vertex   -2.770580e+00 8.231644e+01 -1.849397e+00
      vertex   -3.010293e+00 8.225115e+01 5.000000e+00
      vertex   -2.641772e+00 8.234909e+01 -1.579288e+00
    endloop
  endfacet
  facet normal -2.349380e-01 9.720095e-01 1.309198e-03
    outer loop
      vertex   -2.641772e+00 8.234909e+01 -1.579288e+00
      vertex   -3.010293e+00 8.225115e+01 5.000000e+00
      vertex   -2.488002e+00 8.238591e+01 -1.325147e+00
    endloop
  endfacet
  facet normal -2.289502e-01 9.734364e-01 1.834035e-03
    outer loop
      vertex   -2.488002e+00 8.238591e+01 -1.325147e+00
      vertex   -3.010293e+00 8.225115e+01 5.000000e+00
      vertex   -2.021245e+00 8.248377e+01 5.000000e+00
    endloop
  endfacet
  facet normal -2.198836e-01 9.755254e-01 1.132660e-03
    outer loop
      vertex   -2.488002e+00 8.238591e+01 -1.325147e+00
      vertex   -2.021245e+00 8.248377e+01 5.000000e+00
      vertex   -2.313247e+00 8.242503e+01 -1.090492e+00
    endloop
  endfacet
  facet normal -2.021350e-01 9.793576e-01 2.447554e-04
    outer loop
      vertex   -2.313247e+00 8.242503e+01 -1.090492e+00
      vertex   -2.021245e+00 8.248377e+01 5.000000e+00
      vertex   -2.121480e+00 8.246455e+01 -8.788392e-01
    endloop
  endfacet
  facet normal -1.827945e-01 9.831511e-01 -9.740454e-05
    outer loop
      vertex   -2.121480e+00 8.246455e+01 -8.788392e-01
      vertex   -2.021245e+00 8.248377e+01 5.000000e+00
      vertex   -1.909849e+00 8.250392e+01 -6.870355e-01
    endloop
  endfacet
  facet normal -1.628912e-01 9.866440e-01 3.048300e-04
    outer loop
      vertex   -1.909849e+00 8.250392e+01 -6.870355e-01
      vertex   -2.021245e+00 8.248377e+01 5.000000e+00
      vertex   -1.675178e+00 8.254261e+01 -5.122201e-01
    endloop
  endfacet
  facet normal -1.419680e-01 9.898699e-01 1.652854e-03
    outer loop
      vertex   -1.675178e+00 8.254261e+01 -5.122201e-01
      vertex   -2.021245e+00 8.248377e+01 5.000000e+00
      vertex   -1.420993e+00 8.257881e+01 -3.583817e-01
    endloop
  endfacet
  facet normal -1.381561e-01 9.904083e-01 2.089426e-03
    outer loop
      vertex   -1.420993e+00 8.257881e+01 -3.583817e-01
      vertex   -2.021245e+00 8.248377e+01 5.000000e+00
      vertex   -1.014952e+00 8.262414e+01 5.000000e+00
    endloop
  endfacet
  facet normal -1.174746e-01 9.930758e-01 4.996845e-04
    outer loop
      vertex   -1.420993e+00 8.257881e+01 -3.583817e-01
      vertex   -1.014952e+00 8.262414e+01 5.000000e+00
      vertex   -1.150817e+00 8.261070e+01 -2.295090e-01
    endloop
  endfacet
  facet normal -9.100434e-02 9.958505e-01 -1.951553e-04
    outer loop
      vertex   -1.150817e+00 8.261070e+01 -2.295090e-01
      vertex   -1.014952e+00 8.262414e+01 5.000000e+00
      vertex   -8.684549e-01 8.263653e+01 -1.289267e-01
    endloop
  endfacet
  facet normal -6.537806e-02 9.978604e-01 5.416584e-04
    outer loop
      vertex   -8.684549e-01 8.263653e+01 -1.289267e-01
      vertex   -1.014952e+00 8.262414e+01 5.000000e+00
      vertex   -5.789467e-01 8.265546e+01 -5.722427e-02
    endloop
  endfacet
  facet normal -4.618335e-02 9.989306e-01 2.203144e-03
    outer loop
      vertex   -5.789467e-01 8.265546e+01 -5.722427e-02
      vertex   -1.014952e+00 8.262414e+01 5.000000e+00
      vertex   -8.515876e-12 8.267107e+01 5.000000e+00
    endloop
  endfacet
  facet normal -4.016741e-02 9.991918e-01 1.513637e-03
    outer loop
      vertex   -5.789467e-01 8.265546e+01 -5.722427e-02
      vertex   -8.515876e-12 8.267107e+01 5.000000e+00
      vertex   -2.876694e-01 8.266710e+01 -1.428698e-02
    endloop
  endfacet
  facet normal -1.379345e-02 9.999049e-01 -2.409179e-14
    outer loop
      vertex   -2.876694e-01 8.266710e+01 -1.428698e-02
      vertex   -8.515876e-12 8.267107e+01 5.000000e+00
      vertex   2.172105e-13 8.267107e+01 -4.470348e-08
    endloop
  endfacet
  facet normal 1.379345e-02 9.999049e-01 2.409187e-14
    outer loop
      vertex   2.172105e-13 8.267107e+01 -4.470348e-08
      vertex   -8.515876e-12 8.267107e+01 5.000000e+00
      vertex   2.876694e-01 8.266710e+01 -1.428698e-02
    endloop
  endfacet
  facet normal 4.016741e-02 9.991918e-01 1.513637e-03
    outer loop
      vertex   2.876694e-01 8.266710e+01 -1.428698e-02
      vertex   -8.515876e-12 8.267107e+01 5.000000e+00
      vertex   5.789467e-01 8.265546e+01 -5.722427e-02
    endloop
  endfacet
  facet normal 4.618335e-02 9.989306e-01 2.203144e-03
    outer loop
      vertex   5.789467e-01 8.265546e+01 -5.722427e-02
      vertex   -8.515876e-12 8.267107e+01 5.000000e+00
      vertex   1.014952e+00 8.262414e+01 5.000000e+00
    endloop
  endfacet
  facet normal 6.537806e-02 9.978604e-01 5.416584e-04
    outer loop
      vertex   5.789467e-01 8.265546e+01 -5.722427e-02
      vertex   1.014952e+00 8.262414e+01 5.000000e+00
      vertex   8.684549e-01 8.263653e+01 -1.289267e-01
    endloop
  endfacet
  facet normal 9.100434e-02 9.958505e-01 -1.951553e-04
    outer loop
      vertex   8.684549e-01 8.263653e+01 -1.289267e-01
      vertex   1.014952e+00 8.262414e+01 5.000000e+00
      vertex   1.150817e+00 8.261070e+01 -2.295090e-01
    endloop
  endfacet
  facet normal 1.174746e-01 9.930758e-01 4.996845e-04
    outer loop
      vertex   1.150817e+00 8.261070e+01 -2.295090e-01
      vertex   1.014952e+00 8.262414e+01 5.000000e+00
      vertex   1.420993e+00 8.257881e+01 -3.583817e-01
    endloop
  endfacet
  facet normal 1.381561e-01 9.904083e-01 2.089426e-03
    outer loop
      vertex   1.420993e+00 8.257881e+01 -3.583817e-01
      vertex   1.014952e+00 8.262414e+01 5.000000e+00
      vertex   2.021245e+00 8.248377e+01 5.000000e+00
    endloop
  endfacet
  facet normal 1.419680e-01 9.898699e-01 1.652854e-03
    outer loop
      vertex   1.420993e+00 8.257881e+01 -3.583817e-01
      vertex   2.021245e+00 8.248377e+01 5.000000e+00
      vertex   1.675178e+00 8.254261e+01 -5.122201e-01
    endloop
  endfacet
  facet normal 1.628912e-01 9.866440e-01 3.048300e-04
    outer loop
      vertex   1.675178e+00 8.254261e+01 -5.122201e-01
      vertex   2.021245e+00 8.248377e+01 5.000000e+00
      vertex   1.909849e+00 8.250392e+01 -6.870355e-01
    endloop
  endfacet
  facet normal 1.827945e-01 9.831511e-01 -9.740454e-05
    outer loop
      vertex   1.909849e+00 8.250392e+01 -6.870355e-01
      vertex   2.021245e+00 8.248377e+01 5.000000e+00
      vertex   2.121480e+00 8.246455e+01 -8.788392e-01
    endloop
  endfacet
  facet normal 2.021350e-01 9.793576e-01 2.447554e-04
    outer loop
      vertex   2.121480e+00 8.246455e+01 -8.788392e-01
      vertex   2.021245e+00 8.248377e+01 5.000000e+00
      vertex   2.313247e+00 8.242503e+01 -1.090492e+00
    endloop
  endfacet
  facet normal 2.198836e-01 9.755254e-01 1.132660e-03
    outer loop
      vertex   2.313247e+00 8.242503e+01 -1.090492e+00
      vertex   2.021245e+00 8.248377e+01 5.000000e+00
      vertex   2.488002e+00 8.238591e+01 -1.325147e+00
    endloop
  endfacet
  facet normal 2.289502e-01 9.734364e-01 1.834035e-03
    outer loop
      vertex   2.488002e+00 8.238591e+01 -1.325147e+00
      vertex   2.021245e+00 8.248377e+01 5.000000e+00
      vertex   3.010293e+00 8.225115e+01 5.000000e+00
    endloop
  endfacet
  facet normal 2.349380e-01 9.720095e-01 1.309198e-03
    outer loop
      vertex   2.488002e+00 8.238591e+01 -1.325147e+00
      vertex   3.010293e+00 8.225115e+01 5.000000e+00
      vertex   2.641772e+00 8.234909e+01 -1.579288e+00
    endloop
  endfacet
  facet normal 2.468640e-01 9.690499e-01 5.971400e-04
    outer loop
      vertex   2.641772e+00 8.234909e+01 -1.579288e+00
      vertex   3.010293e+00 8.225115e+01 5.000000e+00
      vertex   2.770580e+00 8.231644e+01 -1.849397e+00
    endloop
  endfacet
  facet normal 2.562483e-01 9.666110e-01 2.454632e-04
    outer loop
      vertex   2.770580e+00 8.231644e+01 -1.849397e+00
      vertex   3.010293e+00 8.225115e+01 5.000000e+00
      vertex   2.871116e+00 8.228986e+01 -2.131684e+00
    endloop
  endfacet
  facet normal 2.636924e-01 9.646068e-01 8.931153e-05
    outer loop
      vertex   2.871116e+00 8.228986e+01 -2.131684e+00
      vertex   3.010293e+00 8.225115e+01 5.000000e+00
      vertex   2.942791e+00 8.227029e+01 -2.421123e+00
    endloop
  endfacet
  facet normal 2.710939e-01 9.625529e-01 1.669194e-05
    outer loop
      vertex   2.942791e+00 8.227029e+01 -2.421123e+00
      vertex   3.010293e+00 8.225115e+01 5.000000e+00
      vertex   2.985716e+00 8.225821e+01 -2.712350e+00
    endloop
  endfacet
  facet normal 2.777891e-01 9.606421e-01 -6.391658e-06
    outer loop
      vertex   2.985716e+00 8.225821e+01 -2.712350e+00
      vertex   3.010293e+00 8.225115e+01 5.000000e+00
      vertex   3.000000e+00 8.225407e+01 -3.000000e+00
    endloop
  endfacet
  facet normal -3.177914e-01 9.481606e-01 3.730249e-17
    outer loop
      vertex   -3.010293e+00 8.225115e+01 5.000000e+00
      vertex   -3.010293e+00 8.225115e+01 -1.770000e+01
      vertex   -3.973658e+00 8.192826e+01 5.000000e+00
    endloop
  endfacet
  facet normal -3.177914e-01 9.481606e-01 6.217081e-18
    outer loop
      vertex   -3.973658e+00 8.192826e+01 5.000000e+00
      vertex   -3.010293e+00 8.225115e+01 -1.770000e+01
      vertex   -3.973658e+00 8.192826e+01 -1.770000e+01
    endloop
  endfacet
  facet normal -4.039210e-01 9.147939e-01 7.902069e-18
    outer loop
      vertex   -3.973658e+00 8.192826e+01 5.000000e+00
      vertex   -3.973658e+00 8.192826e+01 -1.770000e+01
      vertex   -4.903122e+00 8.151787e+01 5.000000e+00
    endloop
  endfacet
  facet normal -4.039210e-01 9.147939e-01 -3.160827e-17
    outer loop
      vertex   -4.903122e+00 8.151787e+01 5.000000e+00
      vertex   -3.973658e+00 8.192826e+01 -1.770000e+01
      vertex   -4.903122e+00 8.151787e+01 -1.770000e+01
    endloop
  endfacet
  facet normal -4.866045e-01 8.736224e-01 -3.807855e-17
    outer loop
      vertex   -4.903122e+00 8.151787e+01 5.000000e+00
      vertex   -4.903122e+00 8.151787e+01 -1.770000e+01
      vertex   -5.790754e+00 8.102346e+01 5.000000e+00
    endloop
  endfacet
  facet normal -4.866045e-01 8.736224e-01 1.903928e-17
    outer loop
      vertex   -5.790754e+00 8.102346e+01 5.000000e+00
      vertex   -4.903122e+00 8.151787e+01 -1.770000e+01
      vertex   -5.790754e+00 8.102346e+01 -1.770000e+01
    endloop
  endfacet
  facet normal -5.651364e-01 8.249975e-01 2.211198e-17
    outer loop
      vertex   -5.790754e+00 8.102346e+01 5.000000e+00
      vertex   -5.790754e+00 8.102346e+01 -1.770000e+01
      vertex   -6.628981e+00 8.044926e+01 5.000000e+00
    endloop
  endfacet
  facet normal -5.651364e-01 8.249975e-01 8.844792e-17
    outer loop
      vertex   -6.628981e+00 8.044926e+01 5.000000e+00
      vertex   -5.790754e+00 8.102346e+01 -1.770000e+01
      vertex   -6.628981e+00 8.044926e+01 -1.770000e+01
    endloop
  endfacet
  facet normal -6.388468e-01 7.693340e-01 9.998413e-17
    outer loop
      vertex   -6.628981e+00 8.044926e+01 5.000000e+00
      vertex   -6.628981e+00 8.044926e+01 -1.770000e+01
      vertex   -7.410652e+00 7.980017e+01 5.000000e+00
    endloop
  endfacet
  facet normal -6.388468e-01 7.693340e-01 4.999207e-17
    outer loop
      vertex   -7.410652e+00 7.980017e+01 5.000000e+00
      vertex   -6.628981e+00 8.044926e+01 -1.770000e+01
      vertex   -7.410652e+00 7.980017e+01 -1.770000e+01
    endloop
  endfacet
  facet normal -7.071068e-01 7.071068e-01 5.533365e-17
    outer loop
      vertex   -7.410652e+00 7.980017e+01 5.000000e+00
      vertex   -7.410652e+00 7.980017e+01 -1.770000e+01
      vertex   -8.129098e+00 7.908172e+01 5.000000e+00
    endloop
  endfacet
  facet normal -7.071068e-01 7.071068e-01 5.533365e-17
    outer loop
      vertex   -8.129098e+00 7.908172e+01 5.000000e+00
      vertex   -7.410652e+00 7.980017e+01 -1.770000e+01
      vertex   -8.129098e+00 7.908172e+01 -1.770000e+01
    endloop
  endfacet
  facet normal -7.693340e-01 6.388468e-01 6.020316e-17
    outer loop
      vertex   -8.129098e+00 7.908172e+01 5.000000e+00
      vertex   -8.129098e+00 7.908172e+01 -1.770000e+01
      vertex   -8.778190e+00 7.830005e+01 5.000000e+00
    endloop
  endfacet
  facet normal -7.693340e-01 6.388468e-01 0.000000e+00
    outer loop
      vertex   -8.778190e+00 7.830005e+01 5.000000e+00
      vertex   -8.129098e+00 7.908172e+01 -1.770000e+01
      vertex   -8.778190e+00 7.830005e+01 -1.770000e+01
    endloop
  endfacet
  facet normal -8.249975e-01 5.651364e-01 0.000000e+00
    outer loop
      vertex   -8.778190e+00 7.830005e+01 5.000000e+00
      vertex   -8.778190e+00 7.830005e+01 -1.770000e+01
      vertex   -9.352389e+00 7.746182e+01 5.000000e+00
    endloop
  endfacet
  facet normal -8.249975e-01 5.651364e-01 -6.455903e-17
    outer loop
      vertex   -9.352389e+00 7.746182e+01 5.000000e+00
      vertex   -8.778190e+00 7.830005e+01 -1.770000e+01
      vertex   -9.352389e+00 7.746182e+01 -1.770000e+01
    endloop
  endfacet
  facet normal -8.736224e-01 4.866045e-01 -6.836410e-17
    outer loop
      vertex   -9.352389e+00 7.746182e+01 5.000000e+00
      vertex   -9.352389e+00 7.746182e+01 -1.770000e+01
      vertex   -9.846796e+00 7.657419e+01 5.000000e+00
    endloop
  endfacet
  facet normal -8.736224e-01 4.866045e-01 6.836410e-17
    outer loop
      vertex   -9.846796e+00 7.657419e+01 5.000000e+00
      vertex   -9.352389e+00 7.746182e+01 -1.770000e+01
      vertex   -9.846796e+00 7.657419e+01 -1.770000e+01
    endloop
  endfacet
  facet normal -9.147939e-01 4.039210e-01 7.158592e-17
    outer loop
      vertex   -9.846796e+00 7.657419e+01 5.000000e+00
      vertex   -9.846796e+00 7.657419e+01 -1.770000e+01
      vertex   -1.025719e+01 7.564473e+01 5.000000e+00
    endloop
  endfacet
  facet normal -9.147939e-01 4.039210e-01 7.158592e-17
    outer loop
      vertex   -1.025719e+01 7.564473e+01 5.000000e+00
      vertex   -9.846796e+00 7.657419e+01 -1.770000e+01
      vertex   -1.025719e+01 7.564473e+01 -1.770000e+01
    endloop
  endfacet
  facet normal -9.481606e-01 3.177914e-01 7.419699e-17
    outer loop
      vertex   -1.025719e+01 7.564473e+01 5.000000e+00
      vertex   -1.025719e+01 7.564473e+01 -1.770000e+01
      vertex   -1.058008e+01 7.468136e+01 5.000000e+00
    endloop
  endfacet
  facet normal -9.481606e-01 3.177914e-01 0.000000e+00
    outer loop
      vertex   -1.058008e+01 7.468136e+01 5.000000e+00
      vertex   -1.025719e+01 7.564473e+01 -1.770000e+01
      vertex   -1.058008e+01 7.468136e+01 -1.770000e+01
    endloop
  endfacet
  facet normal -9.734381e-01 2.289505e-01 0.000000e+00
    outer loop
      vertex   -1.058008e+01 7.468136e+01 5.000000e+00
      vertex   -1.058008e+01 7.468136e+01 -1.770000e+01
      vertex   -1.081270e+01 7.369231e+01 5.000000e+00
    endloop
  endfacet
  facet normal -9.734381e-01 2.289505e-01 0.000000e+00
    outer loop
      vertex   -1.081270e+01 7.369231e+01 5.000000e+00
      vertex   -1.058008e+01 7.468136e+01 -1.770000e+01
      vertex   -1.081270e+01 7.369231e+01 -1.770000e+01
    endloop
  endfacet
  facet normal -9.904104e-01 1.381564e-01 0.000000e+00
    outer loop
      vertex   -1.081270e+01 7.369231e+01 5.000000e+00
      vertex   -1.081270e+01 7.369231e+01 -1.770000e+01
      vertex   -1.095308e+01 7.268602e+01 5.000000e+00
    endloop
  endfacet
  facet normal -9.904104e-01 1.381564e-01 -7.750319e-17
    outer loop
      vertex   -1.095308e+01 7.268602e+01 5.000000e+00
      vertex   -1.081270e+01 7.369231e+01 -1.770000e+01
      vertex   -1.095308e+01 7.268602e+01 -1.770000e+01
    endloop
  endfacet
  facet normal -9.989330e-01 4.618346e-02 -7.817011e-17
    outer loop
      vertex   -1.095308e+01 7.268602e+01 5.000000e+00
      vertex   -1.095308e+01 7.268602e+01 -1.770000e+01
      vertex   -1.100000e+01 7.167107e+01 5.000000e+00
    endloop
  endfacet
  facet normal -9.989330e-01 4.618346e-02 0.000000e+00
    outer loop
      vertex   -1.100000e+01 7.167107e+01 5.000000e+00
      vertex   -1.095308e+01 7.268602e+01 -1.770000e+01
      vertex   -1.100000e+01 7.167107e+01 -1.770000e+01
    endloop
  endfacet
  facet normal 0.000000e+00 0.000000e+00 1.000000e+00
    outer loop
      vertex   7.071068e+00 7.267107e+01 -1.870000e+01
      vertex   1.139974e+00 6.780276e+01 -1.870000e+01
      vertex   0.000000e+00 6.560000e+01 -1.870000e+01
    endloop
  endfacet
  facet normal 0.000000e+00 0.000000e+00 1.000000e+00
    outer loop
      vertex   0.000000e+00 6.560000e+01 -1.870000e+01
      vertex   1.139974e+00 6.780276e+01 -1.870000e+01
      vertex   5.737777e-01 6.770410e+01 -1.870000e+01
    endloop
  endfacet
  facet normal 0.000000e+00 -0.000000e+00 1.000000e+00
    outer loop
      vertex   0.000000e+00 6.560000e+01 -1.870000e+01
      vertex   5.737777e-01 6.770410e+01 -1.870000e+01
      vertex   -3.061617e-16 6.767107e+01 -1.870000e+01
    endloop
  endfacet
  facet normal 0.000000e+00 0.000000e+00 1.000000e+00
    outer loop
      vertex   6.855732e+00 7.346213e+01 -1.870000e+01
      vertex   3.248063e+00 7.278325e+01 -1.870000e+01
      vertex   7.071068e+00 7.267107e+01 -1.870000e+01
    endloop
  endfacet
  facet normal 0.000000e+00 0.000000e+00 1.000000e+00
    outer loop
      vertex   7.071068e+00 7.267107e+01 -1.870000e+01
      vertex   3.248063e+00 7.278325e+01 -1.870000e+01
      vertex   3.219914e+00 7.222987e+01 -1.870000e+01
    endloop
  endfacet
  facet normal 0.000000e+00 0.000000e+00 1.000000e+00
    outer loop
      vertex   7.071068e+00 7.267107e+01 -1.870000e+01
      vertex   3.219914e+00 7.222987e+01 -1.870000e+01
      vertex   3.098172e+00 7.168932e+01 -1.870000e+01
    endloop
  endfacet
  facet normal 0.000000e+00 -0.000000e+00 1.000000e+00
    outer loop
      vertex   3.248063e+00 7.278325e+01 -1.870000e+01
      vertex   6.855732e+00 7.346213e+01 -1.870000e+01
      vertex   3.181802e+00 7.333337e+01 -1.870000e+01
    endloop
  endfacet
  facet normal 0.000000e+00 0.000000e+00 1.000000e+00
    outer loop
      vertex   3.181802e+00 7.333337e+01 -1.870000e+01
      vertex   6.855732e+00 7.346213e+01 -1.870000e+01
      vertex   6.552204e+00 7.422371e+01 -1.870000e+01
    endloop
  endfacet
  facet normal 0.000000e+00 0.000000e+00 1.000000e+00
    outer loop
      vertex   3.181802e+00 7.333337e+01 -1.870000e+01
      vertex   6.552204e+00 7.422371e+01 -1.870000e+01
      vertex   6.164388e+00 7.494603e+01 -1.870000e+01
    endloop
  endfacet
  facet normal 0.000000e+00 -0.000000e+00 1.000000e+00
    outer loop
      vertex   3.181802e+00 7.333337e+01 -1.870000e+01
      vertex   6.164388e+00 7.494603e+01 -1.870000e+01
      vertex   3.023056e+00 7.386423e+01 -1.870000e+01
    endloop
  endfacet
  facet normal 0.000000e+00 0.000000e+00 1.000000e+00
    outer loop
      vertex   3.023056e+00 7.386423e+01 -1.870000e+01
      vertex   6.164388e+00 7.494603e+01 -1.870000e+01
      vertex   5.697275e+00 7.561978e+01 -1.870000e+01
    endloop
  endfacet
  facet normal 0.000000e+00 -0.000000e+00 1.000000e+00
    outer loop
      vertex   3.023056e+00 7.386423e+01 -1.870000e+01
      vertex   5.697275e+00 7.561978e+01 -1.870000e+01
      vertex   2.776439e+00 7.436041e+01 -1.870000e+01
    endloop
  endfacet
  facet normal 0.000000e+00 0.000000e+00 1.000000e+00
    outer loop
      vertex   2.776439e+00 7.436041e+01 -1.870000e+01
      vertex   5.697275e+00 7.561978e+01 -1.870000e+01
      vertex   5.156871e+00 7.623631e+01 -1.870000e+01
    endloop
  endfacet
  facet normal 0.000000e+00 -0.000000e+00 1.000000e+00
    outer loop
      vertex   2.776439e+00 7.436041e+01 -1.870000e+01
      vertex   5.156871e+00 7.623631e+01 -1.870000e+01
      vertex   2.449121e+00 7.480749e+01 -1.870000e+01
    endloop
  endfacet
  facet normal 0.000000e+00 0.000000e+00 1.000000e+00
    outer loop
      vertex   2.449121e+00 7.480749e+01 -1.870000e+01
      vertex   5.156871e+00 7.623631e+01 -1.870000e+01
      vertex   4.550131e+00 7.678768e+01 -1.870000e+01
    endloop
  endfacet
  facet normal 0.000000e+00 -0.000000e+00 1.000000e+00
    outer loop
      vertex   2.449121e+00 7.480749e+01 -1.870000e+01
      vertex   4.550131e+00 7.678768e+01 -1.870000e+01
      vertex   2.050614e+00 7.519247e+01 -1.870000e+01
    endloop
  endfacet
  facet normal 0.000000e+00 0.000000e+00 1.000000e+00
    outer loop
      vertex   2.050614e+00 7.519247e+01 -1.870000e+01
      vertex   4.550131e+00 7.678768e+01 -1.870000e+01
      vertex   3.884857e+00 7.726680e+01 -1.870000e+01
    endloop
  endfacet
  facet normal 0.000000e+00 0.000000e+00 1.000000e+00
    outer loop
      vertex   2.050614e+00 7.519247e+01 -1.870000e+01
      vertex   3.884857e+00 7.726680e+01 -1.870000e+01
      vertex   3.169609e+00 7.766750e+01 -1.870000e+01
    endloop
  endfacet
  facet normal 0.000000e+00 -0.000000e+00 1.000000e+00
    outer loop
      vertex   2.050614e+00 7.519247e+01 -1.870000e+01
      vertex   3.169609e+00 7.766750e+01 -1.870000e+01
      vertex   1.592503e+00 7.550417e+01 -1.870000e+01
    endloop
  endfacet
  facet normal 0.000000e+00 0.000000e+00 1.000000e+00
    outer loop
      vertex   1.592503e+00 7.550417e+01 -1.870000e+01
      vertex   3.169609e+00 7.766750e+01 -1.870000e+01
      vertex   2.413587e+00 7.798463e+01 -1.870000e+01
    endloop
  endfacet
  facet normal 0.000000e+00 -0.000000e+00 1.000000e+00
    outer loop
      vertex   1.592503e+00 7.550417e+01 -1.870000e+01
      vertex   2.413587e+00 7.798463e+01 -1.870000e+01
      vertex   1.088103e+00 7.573351e+01 -1.870000e+01
    endloop
  endfacet
  facet normal 0.000000e+00 0.000000e+00 1.000000e+00
    outer loop
      vertex   1.088103e+00 7.573351e+01 -1.870000e+01
      vertex   2.413587e+00 7.798463e+01 -1.870000e+01
      vertex   1.626517e+00 7.821411e+01 -1.870000e+01
    endloop
  endfacet
  facet normal 0.000000e+00 -0.000000e+00 1.000000e+00
    outer loop
      vertex   1.088103e+00 7.573351e+01 -1.870000e+01
      vertex   1.626517e+00 7.821411e+01 -1.870000e+01
      vertex   5.520748e-01 7.587384e+01 -1.870000e+01
    endloop
  endfacet
  facet normal 0.000000e+00 0.000000e+00 1.000000e+00
    outer loop
      vertex   5.520748e-01 7.587384e+01 -1.870000e+01
      vertex   1.626517e+00 7.821411e+01 -1.870000e+01
      vertex   8.185231e-01 7.835299e+01 -1.870000e+01
    endloop
  endfacet
  facet normal 0.000000e+00 -0.000000e+00 1.000000e+00
    outer loop
      vertex   5.520748e-01 7.587384e+01 -1.870000e+01
      vertex   8.185231e-01 7.835299e+01 -1.870000e+01
      vertex   -8.858745e-15 7.592107e+01 -1.870000e+01
    endloop
  endfacet
  facet normal 0.000000e+00 0.000000e+00 1.000000e+00
    outer loop
      vertex   -8.858745e-15 7.592107e+01 -1.870000e+01
      vertex   8.185231e-01 7.835299e+01 -1.870000e+01
      vertex   5.273559e-15 7.839948e+01 -1.870000e+01
    endloop
  endfacet
  facet normal 0.000000e+00 -0.000000e+00 1.000000e+00
    outer loop
      vertex   -8.858745e-15 7.592107e+01 -1.870000e+01
      vertex   5.273559e-15 7.839948e+01 -1.870000e+01
      vertex   -8.185231e-01 7.835299e+01 -1.870000e+01
    endloop
  endfacet
  facet normal 0.000000e+00 0.000000e+00 1.000000e+00
    outer loop
      vertex   -8.858745e-15 7.592107e+01 -1.870000e+01
      vertex   -8.185231e-01 7.835299e+01 -1.870000e+01
      vertex   -5.520748e-01 7.587384e+01 -1.870000e+01
    endloop
  endfacet
  facet normal 0.000000e+00 0.000000e+00 1.000000e+00
    outer loop
      vertex   -5.520748e-01 7.587384e+01 -1.870000e+01
      vertex   -8.185231e-01 7.835299e+01 -1.870000e+01
      vertex   -1.626517e+00 7.821411e+01 -1.870000e+01
    endloop
  endfacet
  facet normal 0.000000e+00 0.000000e+00 1.000000e+00
    outer loop
      vertex   -5.520748e-01 7.587384e+01 -1.870000e+01
      vertex   -1.626517e+00 7.821411e+01 -1.870000e+01
      vertex   -1.088103e+00 7.573351e+01 -1.870000e+01
    endloop
  endfacet
  facet normal 0.000000e+00 0.000000e+00 1.000000e+00
    outer loop
      vertex   -1.088103e+00 7.573351e+01 -1.870000e+01
      vertex   -1.626517e+00 7.821411e+01 -1.870000e+01
      vertex   -2.413587e+00 7.798463e+01 -1.870000e+01
    endloop
  endfacet
  facet normal 0.000000e+00 0.000000e+00 1.000000e+00
    outer loop
      vertex   -1.088103e+00 7.573351e+01 -1.870000e+01
      vertex   -2.413587e+00 7.798463e+01 -1.870000e+01
      vertex   -1.592503e+00 7.550417e+01 -1.870000e+01
    endloop
  endfacet
  facet normal 0.000000e+00 0.000000e+00 1.000000e+00
    outer loop
      vertex   -1.592503e+00 7.550417e+01 -1.870000e+01
      vertex   -2.413587e+00 7.798463e+01 -1.870000e+01
      vertex   -3.169609e+00 7.766750e+01 -1.870000e+01
    endloop
  endfacet
  facet normal 0.000000e+00 0.000000e+00 1.000000e+00
    outer loop
      vertex   -1.592503e+00 7.550417e+01 -1.870000e+01
      vertex   -3.169609e+00 7.766750e+01 -1.870000e+01
      vertex   -2.050614e+00 7.519247e+01 -1.870000e+01
    endloop
  endfacet
  facet normal 0.000000e+00 0.000000e+00 1.000000e+00
    outer loop
      vertex   -2.050614e+00 7.519247e+01 -1.870000e+01
      vertex   -3.169609e+00 7.766750e+01 -1.870000e+01
      vertex   -3.884857e+00 7.726680e+01 -1.870000e+01
    endloop
  endfacet
  facet normal 0.000000e+00 0.000000e+00 1.000000e+00
    outer loop
      vertex   -2.050614e+00 7.519247e+01 -1.870000e+01
      vertex   -3.884857e+00 7.726680e+01 -1.870000e+01
      vertex   -4.550131e+00 7.678768e+01 -1.870000e+01
    endloop
  endfacet
  facet normal 0.000000e+00 0.000000e+00 1.000000e+00
    outer loop
      vertex   -2.050614e+00 7.519247e+01 -1.870000e+01
      vertex   -4.550131e+00 7.678768e+01 -1.870000e+01
      vertex   -2.449121e+00 7.480749e+01 -1.870000e+01
    endloop
  endfacet
  facet normal 0.000000e+00 0.000000e+00 1.000000e+00
    outer loop
      vertex   -2.449121e+00 7.480749e+01 -1.870000e+01
      vertex   -4.550131e+00 7.678768e+01 -1.870000e+01
      vertex   -5.156871e+00 7.623631e+01 -1.870000e+01
    endloop
  endfacet
  facet normal 0.000000e+00 0.000000e+00 1.000000e+00
    outer loop
      vertex   -2.449121e+00 7.480749e+01 -1.870000e+01
      vertex   -5.156871e+00 7.623631e+01 -1.870000e+01
      vertex   -2.776439e+00 7.436041e+01 -1.870000e+01
    endloop
  endfacet
  facet normal 0.000000e+00 0.000000e+00 1.000000e+00
    outer loop
      vertex   -2.776439e+00 7.436041e+01 -1.870000e+01
      vertex   -5.156871e+00 7.623631e+01 -1.870000e+01
      vertex   -5.697275e+00 7.561978e+01 -1.870000e+01
    endloop
  endfacet
  facet normal 0.000000e+00 0.000000e+00 1.000000e+00
    outer loop
      vertex   -2.776439e+00 7.436041e+01 -1.870000e+01
      vertex   -5.697275e+00 7.561978e+01 -1.870000e+01
      vertex   -3.023056e+00 7.386423e+01 -1.870000e+01
    endloop
  endfacet
  facet normal 0.000000e+00 0.000000e+00 1.000000e+00
    outer loop
      vertex   -3.023056e+00 7.386423e+01 -1.870000e+01
      vertex   -5.697275e+00 7.561978e+01 -1.870000e+01
      vertex   -6.164388e+00 7.494603e+01 -1.870000e+01
    endloop
  endfacet
  facet normal 0.000000e+00 0.000000e+00 1.000000e+00
    outer loop
      vertex   -3.023056e+00 7.386423e+01 -1.870000e+01
      vertex   -6.164388e+00 7.494603e+01 -1.870000e+01
      vertex   -3.181802e+00 7.333337e+01 -1.870000e+01
    endloop
  endfacet
  facet normal 0.000000e+00 0.000000e+00 1.000000e+00
    outer loop
      vertex   -3.181802e+00 7.333337e+01 -1.870000e+01
      vertex   -6.164388e+00 7.494603e+01 -1.870000e+01
      vertex   -6.552204e+00 7.422371e+01 -1.870000e+01
    endloop
  endfacet
  facet normal 0.000000e+00 0.000000e+00 1.000000e+00
    outer loop
      vertex   -3.181802e+00 7.333337e+01 -1.870000e+01
      vertex   -6.552204e+00 7.422371e+01 -1.870000e+01
      vertex   -6.855732e+00 7.346213e+01 -1.870000e+01
    endloop
  endfacet
  facet normal 0.000000e+00 0.000000e+00 1.000000e+00
    outer loop
      vertex   -3.181802e+00 7.333337e+01 -1.870000e+01
      vertex   -6.855732e+00 7.346213e+01 -1.870000e+01
      vertex   -3.248063e+00 7.278325e+01 -1.870000e+01
    endloop
  endfacet
  facet normal 0.000000e+00 0.000000e+00 1.000000e+00
    outer loop
      vertex   -3.248063e+00 7.278325e+01 -1.870000e+01
      vertex   -6.855732e+00 7.346213e+01 -1.870000e+01
      vertex   -7.071068e+00 7.267107e+01 -1.870000e+01
    endloop
  endfacet
  facet normal 0.000000e+00 0.000000e+00 1.000000e+00
    outer loop
      vertex   -3.248063e+00 7.278325e+01 -1.870000e+01
      vertex   -7.071068e+00 7.267107e+01 -1.870000e+01
      vertex   -3.219914e+00 7.222987e+01 -1.870000e+01
    endloop
  endfacet
  facet normal 0.000000e+00 0.000000e+00 1.000000e+00
    outer loop
      vertex   -3.219914e+00 7.222987e+01 -1.870000e+01
      vertex   -7.071068e+00 7.267107e+01 -1.870000e+01
      vertex   -3.098172e+00 7.168932e+01 -1.870000e+01
    endloop
  endfacet
  facet normal 0.000000e+00 0.000000e+00 1.000000e+00
    outer loop
      vertex   -3.098172e+00 7.168932e+01 -1.870000e+01
      vertex   -7.071068e+00 7.267107e+01 -1.870000e+01
      vertex   -2.886377e+00 7.117731e+01 -1.870000e+01
    endloop
  endfacet
  facet normal 0.000000e+00 0.000000e+00 1.000000e+00
    outer loop
      vertex   -2.886377e+00 7.117731e+01 -1.870000e+01
      vertex   -7.071068e+00 7.267107e+01 -1.870000e+01
      vertex   -1.139974e+00 6.780276e+01 -1.870000e+01
    endloop
  endfacet
  facet normal 0.000000e+00 0.000000e+00 1.000000e+00
    outer loop
      vertex   -1.139974e+00 6.780276e+01 -1.870000e+01
      vertex   -7.071068e+00 7.267107e+01 -1.870000e+01
      vertex   0.000000e+00 6.560000e+01 -1.870000e+01
    endloop
  endfacet
  facet normal 0.000000e+00 0.000000e+00 1.000000e+00
    outer loop
      vertex   -1.139974e+00 6.780276e+01 -1.870000e+01
      vertex   0.000000e+00 6.560000e+01 -1.870000e+01
      vertex   -5.737777e-01 6.770410e+01 -1.870000e+01
    endloop
  endfacet
  facet normal 0.000000e+00 0.000000e+00 1.000000e+00
    outer loop
      vertex   -5.737777e-01 6.770410e+01 -1.870000e+01
      vertex   0.000000e+00 6.560000e+01 -1.870000e+01
      vertex   -3.061617e-16 6.767107e+01 -1.870000e+01
    endloop
  endfacet
  facet normal -0.000000e+00 0.000000e+00 1.000000e+00
    outer loop
      vertex   3.098172e+00 7.168932e+01 -1.870000e+01
      vertex   2.886377e+00 7.117731e+01 -1.870000e+01
      vertex   7.071068e+00 7.267107e+01 -1.870000e+01
    endloop
  endfacet
  facet normal 0.000000e+00 0.000000e+00 1.000000e+00
    outer loop
      vertex   7.071068e+00 7.267107e+01 -1.870000e+01
      vertex   2.886377e+00 7.117731e+01 -1.870000e+01
      vertex   1.139974e+00 6.780276e+01 -1.870000e+01
    endloop
  endfacet
  facet normal -1.484244e-16 -9.921147e-01 -1.253332e-01
    outer loop
      vertex   2.400000e+01 3.745287e+01 -1.862697e+01
      vertex   2.100000e+01 3.745287e+01 -1.862697e+01
      vertex   2.400000e+01 3.750000e+01 -1.900000e+01
    endloop
  endfacet
  facet normal -0.000000e+00 -9.921147e-01 -1.253332e-01
    outer loop
      vertex   2.400000e+01 3.750000e+01 -1.900000e+01
      vertex   2.100000e+01 3.745287e+01 -1.862697e+01
      vertex   2.100000e+01 3.750000e+01 -1.900000e+01
    endloop
  endfacet
  facet normal 0.000000e+00 -9.921147e-01 1.253332e-01
    outer loop
      vertex   2.400000e+01 3.750000e+01 -1.900000e+01
      vertex   2.100000e+01 3.750000e+01 -1.900000e+01
      vertex   2.400000e+01 3.745287e+01 -1.937303e+01
    endloop
  endfacet
  facet normal 1.484244e-16 -9.921147e-01 1.253332e-01
    outer loop
      vertex   2.400000e+01 3.745287e+01 -1.937303e+01
      vertex   2.100000e+01 3.750000e+01 -1.900000e+01
      vertex   2.100000e+01 3.745287e+01 -1.937303e+01
    endloop
  endfacet
  facet normal 4.359470e-16 -9.297765e-01 3.681246e-01
    outer loop
      vertex   2.400000e+01 3.745287e+01 -1.937303e+01
      vertex   2.100000e+01 3.745287e+01 -1.937303e+01
      vertex   2.400000e+01 3.731446e+01 -1.972263e+01
    endloop
  endfacet
  facet normal 0.000000e+00 -9.297765e-01 3.681246e-01
    outer loop
      vertex   2.400000e+01 3.731446e+01 -1.972263e+01
      vertex   2.100000e+01 3.745287e+01 -1.937303e+01
      vertex   2.100000e+01 3.731446e+01 -1.972263e+01
    endloop
  endfacet
  facet normal 0.000000e+00 -8.090170e-01 5.877853e-01
    outer loop
      vertex   2.400000e+01 3.731446e+01 -1.972263e+01
      vertex   2.100000e+01 3.731446e+01 -1.972263e+01
      vertex   2.400000e+01 3.709345e+01 -2.002682e+01
    endloop
  endfacet
  facet normal 0.000000e+00 -8.090170e-01 5.877853e-01
    outer loop
      vertex   2.400000e+01 3.709345e+01 -2.002682e+01
      vertex   2.100000e+01 3.731446e+01 -1.972263e+01
      vertex   2.100000e+01 3.709345e+01 -2.002682e+01
    endloop
  endfacet
  facet normal 0.000000e+00 -6.374240e-01 7.705132e-01
    outer loop
      vertex   2.400000e+01 3.709345e+01 -2.002682e+01
      vertex   2.100000e+01 3.709345e+01 -2.002682e+01
      vertex   2.400000e+01 3.680374e+01 -2.026649e+01
    endloop
  endfacet
  facet normal 0.000000e+00 -6.374240e-01 7.705132e-01
    outer loop
      vertex   2.400000e+01 3.680374e+01 -2.026649e+01
      vertex   2.100000e+01 3.709345e+01 -2.002682e+01
      vertex   2.100000e+01 3.680374e+01 -2.026649e+01
    endloop
  endfacet
  facet normal 0.000000e+00 -4.257793e-01 9.048271e-01
    outer loop
      vertex   2.400000e+01 3.680374e+01 -2.026649e+01
      vertex   2.100000e+01 3.680374e+01 -2.026649e+01
      vertex   2.400000e+01 3.646353e+01 -2.042658e+01
    endloop
  endfacet
  facet normal 0.000000e+00 -4.257793e-01 9.048271e-01
    outer loop
      vertex   2.400000e+01 3.646353e+01 -2.042658e+01
      vertex   2.100000e+01 3.680374e+01 -2.026649e+01
      vertex   2.100000e+01 3.646353e+01 -2.042658e+01
    endloop
  endfacet
  facet normal 0.000000e+00 -1.873813e-01 9.822873e-01
    outer loop
      vertex   2.400000e+01 3.646353e+01 -2.042658e+01
      vertex   2.100000e+01 3.646353e+01 -2.042658e+01
      vertex   2.400000e+01 3.609419e+01 -2.049704e+01
    endloop
  endfacet
  facet normal 0.000000e+00 -1.873813e-01 9.822873e-01
    outer loop
      vertex   2.400000e+01 3.609419e+01 -2.049704e+01
      vertex   2.100000e+01 3.646353e+01 -2.042658e+01
      vertex   2.100000e+01 3.609419e+01 -2.049704e+01
    endloop
  endfacet
  facet normal 0.000000e+00 6.279052e-02 9.980267e-01
    outer loop
      vertex   2.400000e+01 3.609419e+01 -2.049704e+01
      vertex   2.100000e+01 3.609419e+01 -2.049704e+01
      vertex   2.400000e+01 3.571893e+01 -2.047343e+01
    endloop
  endfacet
  facet normal 0.000000e+00 6.279052e-02 9.980267e-01
    outer loop
      vertex   2.400000e+01 3.571893e+01 -2.047343e+01
      vertex   2.100000e+01 3.609419e+01 -2.049704e+01
      vertex   2.100000e+01 3.571893e+01 -2.047343e+01
    endloop
  endfacet
  facet normal 0.000000e+00 3.090170e-01 9.510565e-01
    outer loop
      vertex   2.400000e+01 3.571893e+01 -2.047343e+01
      vertex   2.100000e+01 3.571893e+01 -2.047343e+01
      vertex   2.400000e+01 3.536133e+01 -2.035724e+01
    endloop
  endfacet
  facet normal 0.000000e+00 3.090170e-01 9.510565e-01
    outer loop
      vertex   2.400000e+01 3.536133e+01 -2.035724e+01
      vertex   2.100000e+01 3.571893e+01 -2.047343e+01
      vertex   2.100000e+01 3.536133e+01 -2.035724e+01
    endloop
  endfacet
  facet normal 0.000000e+00 5.358268e-01 8.443279e-01
    outer loop
      vertex   2.400000e+01 3.536133e+01 -2.035724e+01
      vertex   2.100000e+01 3.536133e+01 -2.035724e+01
      vertex   2.400000e+01 3.504386e+01 -2.015577e+01
    endloop
  endfacet
  facet normal 0.000000e+00 5.358268e-01 8.443279e-01
    outer loop
      vertex   2.400000e+01 3.504386e+01 -2.015577e+01
      vertex   2.100000e+01 3.536133e+01 -2.035724e+01
      vertex   2.100000e+01 3.504386e+01 -2.015577e+01
    endloop
  endfacet
  facet normal 0.000000e+00 7.289686e-01 6.845471e-01
    outer loop
      vertex   2.400000e+01 3.504386e+01 -2.015577e+01
      vertex   2.100000e+01 3.504386e+01 -2.015577e+01
      vertex   2.400000e+01 3.478647e+01 -1.988168e+01
    endloop
  endfacet
  facet normal 0.000000e+00 7.289686e-01 6.845471e-01
    outer loop
      vertex   2.400000e+01 3.478647e+01 -1.988168e+01
      vertex   2.100000e+01 3.504386e+01 -2.015577e+01
      vertex   2.100000e+01 3.478647e+01 -1.988168e+01
    endloop
  endfacet
  facet normal 0.000000e+00 8.763067e-01 4.817537e-01
    outer loop
      vertex   2.400000e+01 3.478647e+01 -1.988168e+01
      vertex   2.100000e+01 3.478647e+01 -1.988168e+01
      vertex   2.400000e+01 3.460534e+01 -1.955219e+01
    endloop
  endfacet
  facet normal 0.000000e+00 8.763067e-01 4.817537e-01
    outer loop
      vertex   2.400000e+01 3.460534e+01 -1.955219e+01
      vertex   2.100000e+01 3.478647e+01 -1.988168e+01
      vertex   2.100000e+01 3.460534e+01 -1.955219e+01
    endloop
  endfacet
  facet normal 0.000000e+00 9.685832e-01 2.486899e-01
    outer loop
      vertex   2.400000e+01 3.460534e+01 -1.955219e+01
      vertex   2.100000e+01 3.460534e+01 -1.955219e+01
      vertex   2.400000e+01 3.451183e+01 -1.918800e+01
    endloop
  endfacet
  facet normal 0.000000e+00 9.685832e-01 2.486899e-01
    outer loop
      vertex   2.400000e+01 3.451183e+01 -1.918800e+01
      vertex   2.100000e+01 3.460534e+01 -1.955219e+01
      vertex   2.100000e+01 3.451183e+01 -1.918800e+01
    endloop
  endfacet
  facet normal 0.000000e+00 1.000000e+00 -0.000000e+00
    outer loop
      vertex   2.400000e+01 3.451183e+01 -1.918800e+01
      vertex   2.100000e+01 3.451183e+01 -1.918800e+01
      vertex   2.400000e+01 3.451183e+01 -1.881200e+01
    endloop
  endfacet
  facet normal 0.000000e+00 1.000000e+00 0.000000e+00
    outer loop
      vertex   2.400000e+01 3.451183e+01 -1.881200e+01
      vertex   2.100000e+01 3.451183e+01 -1.918800e+01
      vertex   2.100000e+01 3.451183e+01 -1.881200e+01
    endloop
  endfacet
  facet normal 0.000000e+00 9.685832e-01 -2.486899e-01
    outer loop
      vertex   2.400000e+01 3.451183e+01 -1.881200e+01
      vertex   2.100000e+01 3.451183e+01 -1.881200e+01
      vertex   2.400000e+01 3.460534e+01 -1.844781e+01
    endloop
  endfacet
  facet normal 0.000000e+00 9.685832e-01 -2.486899e-01
    outer loop
      vertex   2.400000e+01 3.460534e+01 -1.844781e+01
      vertex   2.100000e+01 3.451183e+01 -1.881200e+01
      vertex   2.100000e+01 3.460534e+01 -1.844781e+01
    endloop
  endfacet
  facet normal 0.000000e+00 8.763067e-01 -4.817537e-01
    outer loop
      vertex   2.400000e+01 3.460534e+01 -1.844781e+01
      vertex   2.100000e+01 3.460534e+01 -1.844781e+01
      vertex   2.400000e+01 3.478647e+01 -1.811832e+01
    endloop
  endfacet
  facet normal 0.000000e+00 8.763067e-01 -4.817537e-01
    outer loop
      vertex   2.400000e+01 3.478647e+01 -1.811832e+01
      vertex   2.100000e+01 3.460534e+01 -1.844781e+01
      vertex   2.100000e+01 3.478647e+01 -1.811832e+01
    endloop
  endfacet
  facet normal 0.000000e+00 7.289686e-01 -6.845471e-01
    outer loop
      vertex   2.400000e+01 3.478647e+01 -1.811832e+01
      vertex   2.100000e+01 3.478647e+01 -1.811832e+01
      vertex   2.400000e+01 3.504386e+01 -1.784423e+01
    endloop
  endfacet
  facet normal 0.000000e+00 7.289686e-01 -6.845471e-01
    outer loop
      vertex   2.400000e+01 3.504386e+01 -1.784423e+01
      vertex   2.100000e+01 3.478647e+01 -1.811832e+01
      vertex   2.100000e+01 3.504386e+01 -1.784423e+01
    endloop
  endfacet
  facet normal 0.000000e+00 5.358268e-01 -8.443279e-01
    outer loop
      vertex   2.400000e+01 3.504386e+01 -1.784423e+01
      vertex   2.100000e+01 3.504386e+01 -1.784423e+01
      vertex   2.400000e+01 3.536133e+01 -1.764276e+01
    endloop
  endfacet
  facet normal 0.000000e+00 5.358268e-01 -8.443279e-01
    outer loop
      vertex   2.400000e+01 3.536133e+01 -1.764276e+01
      vertex   2.100000e+01 3.504386e+01 -1.784423e+01
      vertex   2.100000e+01 3.536133e+01 -1.764276e+01
    endloop
  endfacet
  facet normal 0.000000e+00 3.090170e-01 -9.510565e-01
    outer loop
      vertex   2.400000e+01 3.536133e+01 -1.764276e+01
      vertex   2.100000e+01 3.536133e+01 -1.764276e+01
      vertex   2.400000e+01 3.571893e+01 -1.752657e+01
    endloop
  endfacet
  facet normal 0.000000e+00 3.090170e-01 -9.510565e-01
    outer loop
      vertex   2.400000e+01 3.571893e+01 -1.752657e+01
      vertex   2.100000e+01 3.536133e+01 -1.764276e+01
      vertex   2.100000e+01 3.571893e+01 -1.752657e+01
    endloop
  endfacet
  facet normal 0.000000e+00 6.279052e-02 -9.980267e-01
    outer loop
      vertex   2.400000e+01 3.571893e+01 -1.752657e+01
      vertex   2.100000e+01 3.571893e+01 -1.752657e+01
      vertex   2.400000e+01 3.609419e+01 -1.750296e+01
    endloop
  endfacet
  facet normal 0.000000e+00 6.279052e-02 -9.980267e-01
    outer loop
      vertex   2.400000e+01 3.609419e+01 -1.750296e+01
      vertex   2.100000e+01 3.571893e+01 -1.752657e+01
      vertex   2.100000e+01 3.609419e+01 -1.750296e+01
    endloop
  endfacet
  facet normal -0.000000e+00 -1.873813e-01 -9.822873e-01
    outer loop
      vertex   2.400000e+01 3.609419e+01 -1.750296e+01
      vertex   2.100000e+01 3.609419e+01 -1.750296e+01
      vertex   2.400000e+01 3.646353e+01 -1.757342e+01
    endloop
  endfacet
  facet normal -0.000000e+00 -1.873813e-01 -9.822873e-01
    outer loop
      vertex   2.400000e+01 3.646353e+01 -1.757342e+01
      vertex   2.100000e+01 3.609419e+01 -1.750296e+01
      vertex   2.100000e+01 3.646353e+01 -1.757342e+01
    endloop
  endfacet
  facet normal -0.000000e+00 -4.257793e-01 -9.048271e-01
    outer loop
      vertex   2.400000e+01 3.646353e+01 -1.757342e+01
      vertex   2.100000e+01 3.646353e+01 -1.757342e+01
      vertex   2.400000e+01 3.680374e+01 -1.773351e+01
    endloop
  endfacet
  facet normal -0.000000e+00 -4.257793e-01 -9.048271e-01
    outer loop
      vertex   2.400000e+01 3.680374e+01 -1.773351e+01
      vertex   2.100000e+01 3.646353e+01 -1.757342e+01
      vertex   2.100000e+01 3.680374e+01 -1.773351e+01
    endloop
  endfacet
  facet normal -0.000000e+00 -6.374240e-01 -7.705132e-01
    outer loop
      vertex   2.400000e+01 3.680374e+01 -1.773351e+01
      vertex   2.100000e+01 3.680374e+01 -1.773351e+01
      vertex   2.400000e+01 3.709345e+01 -1.797318e+01
    endloop
  endfacet
  facet normal -9.124710e-16 -6.374240e-01 -7.705132e-01
    outer loop
      vertex   2.400000e+01 3.709345e+01 -1.797318e+01
      vertex   2.100000e+01 3.680374e+01 -1.773351e+01
      vertex   2.100000e+01 3.709345e+01 -1.797318e+01
    endloop
  endfacet
  facet normal -6.960776e-16 -8.090170e-01 -5.877853e-01
    outer loop
      vertex   2.400000e+01 3.709345e+01 -1.797318e+01
      vertex   2.100000e+01 3.709345e+01 -1.797318e+01
      vertex   2.400000e+01 3.731446e+01 -1.827737e+01
    endloop
  endfacet
  facet normal -0.000000e+00 -8.090170e-01 -5.877853e-01
    outer loop
      vertex   2.400000e+01 3.731446e+01 -1.827737e+01
      vertex   2.100000e+01 3.709345e+01 -1.797318e+01
      vertex   2.100000e+01 3.731446e+01 -1.827737e+01
    endloop
  endfacet
  facet normal -0.000000e+00 -9.297765e-01 -3.681246e-01
    outer loop
      vertex   2.400000e+01 3.731446e+01 -1.827737e+01
      vertex   2.100000e+01 3.731446e+01 -1.827737e+01
      vertex   2.400000e+01 3.745287e+01 -1.862697e+01
    endloop
  endfacet
  facet normal -4.359470e-16 -9.297765e-01 -3.681246e-01
    outer loop
      vertex   2.400000e+01 3.745287e+01 -1.862697e+01
      vertex   2.100000e+01 3.731446e+01 -1.827737e+01
      vertex   2.100000e+01 3.745287e+01 -1.862697e+01
    endloop
  endfacet
  facet normal -2.202731e-15 5.275917e-01 -8.494981e-01
    outer loop
      vertex   2.100000e+01 6.291443e+01 -9.347440e+00
      vertex   2.400000e+01 5.991443e+01 -1.121063e+01
      vertex   2.100000e+01 3.916555e+01 -2.409699e+01
    endloop
  endfacet
  facet normal 0.000000e+00 5.275917e-01 -8.494981e-01
    outer loop
      vertex   2.100000e+01 3.916555e+01 -2.409699e+01
      vertex   2.400000e+01 5.991443e+01 -1.121063e+01
      vertex   2.400000e+01 3.916555e+01 -2.409699e+01
    endloop
  endfacet
  facet normal 0.000000e+00 -5.798911e-01 8.146940e-01
    outer loop
      vertex   2.400000e+01 3.283445e+01 -1.390301e+01
      vertex   2.100000e+01 3.283445e+01 -1.390301e+01
      vertex   2.400000e+01 3.222059e+01 -1.433995e+01
    endloop
  endfacet
  facet normal 0.000000e+00 -5.798911e-01 8.146940e-01
    outer loop
      vertex   2.400000e+01 3.222059e+01 -1.433995e+01
      vertex   2.100000e+01 3.283445e+01 -1.390301e+01
      vertex   2.100000e+01 3.222059e+01 -1.433995e+01
    endloop
  endfacet
  facet normal 0.000000e+00 -6.774267e-01 7.355903e-01
    outer loop
      vertex   2.400000e+01 3.222059e+01 -1.433995e+01
      vertex   2.100000e+01 3.222059e+01 -1.433995e+01
      vertex   2.400000e+01 3.166633e+01 -1.485038e+01
    endloop
  endfacet
  facet normal 0.000000e+00 -6.774267e-01 7.355903e-01
    outer loop
      vertex   2.400000e+01 3.166633e+01 -1.485038e+01
      vertex   2.100000e+01 3.222059e+01 -1.433995e+01
      vertex   2.100000e+01 3.166633e+01 -1.485038e+01
    endloop
  endfacet
  facet normal 0.000000e+00 -7.642789e-01 6.448859e-01
    outer loop
      vertex   2.400000e+01 3.166633e+01 -1.485038e+01
      vertex   2.100000e+01 3.166633e+01 -1.485038e+01
      vertex   2.400000e+01 3.118042e+01 -1.542626e+01
    endloop
  endfacet
  facet normal 0.000000e+00 -7.642789e-01 6.448859e-01
    outer loop
      vertex   2.400000e+01 3.118042e+01 -1.542626e+01
      vertex   2.100000e+01 3.166633e+01 -1.485038e+01
      vertex   2.100000e+01 3.118042e+01 -1.542626e+01
    endloop
  endfacet
  facet normal 0.000000e+00 -8.390779e-01 5.440112e-01
    outer loop
      vertex   2.400000e+01 3.118042e+01 -1.542626e+01
      vertex   2.100000e+01 3.118042e+01 -1.542626e+01
      vertex   2.400000e+01 3.077051e+01 -1.605849e+01
    endloop
  endfacet
  facet normal 0.000000e+00 -8.390779e-01 5.440112e-01
    outer loop
      vertex   2.400000e+01 3.077051e+01 -1.605849e+01
      vertex   2.100000e+01 3.118042e+01 -1.542626e+01
      vertex   2.100000e+01 3.077051e+01 -1.605849e+01
    endloop
  endfacet
  facet normal 0.000000e+00 -9.006442e-01 4.345572e-01
    outer loop
      vertex   2.400000e+01 3.077051e+01 -1.605849e+01
      vertex   2.100000e+01 3.077051e+01 -1.605849e+01
      vertex   2.400000e+01 3.044308e+01 -1.673711e+01
    endloop
  endfacet
  facet normal 0.000000e+00 -9.006442e-01 4.345572e-01
    outer loop
      vertex   2.400000e+01 3.044308e+01 -1.673711e+01
      vertex   2.100000e+01 3.077051e+01 -1.605849e+01
      vertex   2.100000e+01 3.044308e+01 -1.673711e+01
    endloop
  endfacet
  facet normal 0.000000e+00 -9.480069e-01 3.182499e-01
    outer loop
      vertex   2.400000e+01 3.044308e+01 -1.673711e+01
      vertex   2.100000e+01 3.044308e+01 -1.673711e+01
      vertex   2.400000e+01 3.020328e+01 -1.745142e+01
    endloop
  endfacet
  facet normal 0.000000e+00 -9.480069e-01 3.182499e-01
    outer loop
      vertex   2.400000e+01 3.020328e+01 -1.745142e+01
      vertex   2.100000e+01 3.044308e+01 -1.673711e+01
      vertex   2.100000e+01 3.020328e+01 -1.745142e+01
    endloop
  endfacet
  facet normal 0.000000e+00 -9.804188e-01 1.969236e-01
    outer loop
      vertex   2.400000e+01 3.020328e+01 -1.745142e+01
      vertex   2.100000e+01 3.020328e+01 -1.745142e+01
      vertex   2.400000e+01 3.005491e+01 -1.819016e+01
    endloop
  endfacet
  facet normal 0.000000e+00 -9.804188e-01 1.969236e-01
    outer loop
      vertex   2.400000e+01 3.005491e+01 -1.819016e+01
      vertex   2.100000e+01 3.020328e+01 -1.745142e+01
      vertex   2.100000e+01 3.005491e+01 -1.819016e+01
    endloop
  endfacet
  facet normal 0.000000e+00 -9.973690e-01 7.249178e-02
    outer loop
      vertex   2.400000e+01 3.005491e+01 -1.819016e+01
      vertex   2.100000e+01 3.005491e+01 -1.819016e+01
      vertex   2.400000e+01 3.000028e+01 -1.894166e+01
    endloop
  endfacet
  facet normal 0.000000e+00 -9.973690e-01 7.249178e-02
    outer loop
      vertex   2.400000e+01 3.000028e+01 -1.894166e+01
      vertex   2.100000e+01 3.005491e+01 -1.819016e+01
      vertex   2.100000e+01 3.000028e+01 -1.894166e+01
    endloop
  endfacet
  facet normal -0.000000e+00 -9.985901e-01 -5.308332e-02
    outer loop
      vertex   2.400000e+01 3.000028e+01 -1.894166e+01
      vertex   2.100000e+01 3.000028e+01 -1.894166e+01
      vertex   2.400000e+01 3.004028e+01 -1.969408e+01
    endloop
  endfacet
  facet normal -0.000000e+00 -9.985901e-01 -5.308332e-02
    outer loop
      vertex   2.400000e+01 3.004028e+01 -1.969408e+01
      vertex   2.100000e+01 3.000028e+01 -1.894166e+01
      vertex   2.100000e+01 3.004028e+01 -1.969408e+01
    endloop
  endfacet
  facet normal -0.000000e+00 -9.840628e-01 -1.778213e-01
    outer loop
      vertex   2.400000e+01 3.004028e+01 -1.969408e+01
      vertex   2.100000e+01 3.004028e+01 -1.969408e+01
      vertex   2.400000e+01 3.017427e+01 -2.043556e+01
    endloop
  endfacet
  facet normal -0.000000e+00 -9.840628e-01 -1.778213e-01
    outer loop
      vertex   2.400000e+01 3.017427e+01 -2.043556e+01
      vertex   2.100000e+01 3.004028e+01 -1.969408e+01
      vertex   2.100000e+01 3.017427e+01 -2.043556e+01
    endloop
  endfacet
  facet normal -0.000000e+00 -9.540163e-01 -2.997549e-01
    outer loop
      vertex   2.400000e+01 3.017427e+01 -2.043556e+01
      vertex   2.100000e+01 3.017427e+01 -2.043556e+01
      vertex   2.400000e+01 3.040013e+01 -2.115440e+01
    endloop
  endfacet
  facet normal -0.000000e+00 -9.540163e-01 -2.997549e-01
    outer loop
      vertex   2.400000e+01 3.040013e+01 -2.115440e+01
      vertex   2.100000e+01 3.017427e+01 -2.043556e+01
      vertex   2.100000e+01 3.040013e+01 -2.115440e+01
    endloop
  endfacet
  facet normal -0.000000e+00 -9.089243e-01 -4.169612e-01
    outer loop
      vertex   2.400000e+01 3.040013e+01 -2.115440e+01
      vertex   2.100000e+01 3.040013e+01 -2.115440e+01
      vertex   2.400000e+01 3.071430e+01 -2.183926e+01
    endloop
  endfacet
  facet normal -5.826014e-16 -9.089243e-01 -4.169612e-01
    outer loop
      vertex   2.400000e+01 3.071430e+01 -2.183926e+01
      vertex   2.100000e+01 3.040013e+01 -2.115440e+01
      vertex   2.100000e+01 3.071430e+01 -2.183926e+01
    endloop
  endfacet
  facet normal -3.812137e-16 -8.494981e-01 -5.275917e-01
    outer loop
      vertex   2.400000e+01 3.071430e+01 -2.183926e+01
      vertex   2.100000e+01 3.071430e+01 -2.183926e+01
      vertex   2.400000e+01 3.111184e+01 -2.247935e+01
    endloop
  endfacet
  facet normal -2.012016e-15 -8.494981e-01 -5.275917e-01
    outer loop
      vertex   2.400000e+01 3.111184e+01 -2.247935e+01
      vertex   2.100000e+01 3.071430e+01 -2.183926e+01
      vertex   2.100000e+01 3.111184e+01 -2.247935e+01
    endloop
  endfacet
  facet normal -1.839535e-15 -7.766748e-01 -6.299018e-01
    outer loop
      vertex   2.400000e+01 3.111184e+01 -2.247935e+01
      vertex   2.100000e+01 3.111184e+01 -2.247935e+01
      vertex   2.400000e+01 3.158646e+01 -2.306456e+01
    endloop
  endfacet
  facet normal 1.491907e-15 -7.766748e-01 -6.299018e-01
    outer loop
      vertex   2.400000e+01 3.158646e+01 -2.306456e+01
      vertex   2.100000e+01 3.111184e+01 -2.247935e+01
      vertex   2.100000e+01 3.158646e+01 -2.306456e+01
    endloop
  endfacet
  facet normal 1.710698e-15 -6.916028e-01 -7.222780e-01
    outer loop
      vertex   2.400000e+01 3.158646e+01 -2.306456e+01
      vertex   2.100000e+01 3.158646e+01 -2.306456e+01
      vertex   2.400000e+01 3.213068e+01 -2.358567e+01
    endloop
  endfacet
  facet normal 8.553490e-16 -6.916028e-01 -7.222780e-01
    outer loop
      vertex   2.400000e+01 3.213068e+01 -2.358567e+01
      vertex   2.100000e+01 3.158646e+01 -2.306456e+01
      vertex   2.100000e+01 3.213068e+01 -2.358567e+01
    endloop
  endfacet
  facet normal 9.512550e-16 -5.956239e-01 -8.032635e-01
    outer loop
      vertex   2.400000e+01 3.213068e+01 -2.358567e+01
      vertex   2.100000e+01 3.213068e+01 -2.358567e+01
      vertex   2.400000e+01 3.273593e+01 -2.403447e+01
    endloop
  endfacet
  facet normal -0.000000e+00 -5.956239e-01 -8.032635e-01
    outer loop
      vertex   2.400000e+01 3.273593e+01 -2.403447e+01
      vertex   2.100000e+01 3.213068e+01 -2.358567e+01
      vertex   2.100000e+01 3.273593e+01 -2.403447e+01
    endloop
  endfacet
  facet normal -0.000000e+00 -4.902516e-01 -8.715810e-01
    outer loop
      vertex   2.400000e+01 3.273593e+01 -2.403447e+01
      vertex   2.100000e+01 3.273593e+01 -2.403447e+01
      vertex   2.400000e+01 3.339266e+01 -2.440387e+01
    endloop
  endfacet
  facet normal -0.000000e+00 -4.902516e-01 -8.715810e-01
    outer loop
      vertex   2.400000e+01 3.339266e+01 -2.440387e+01
      vertex   2.100000e+01 3.273593e+01 -2.403447e+01
      vertex   2.100000e+01 3.339266e+01 -2.440387e+01
    endloop
  endfacet
  facet normal -0.000000e+00 -3.771478e-01 -9.261531e-01
    outer loop
      vertex   2.400000e+01 3.339266e+01 -2.440387e+01
      vertex   2.100000e+01 3.339266e+01 -2.440387e+01
      vertex   2.400000e+01 3.409050e+01 -2.468804e+01
    endloop
  endfacet
  facet normal -0.000000e+00 -3.771478e-01 -9.261531e-01
    outer loop
      vertex   2.400000e+01 3.409050e+01 -2.468804e+01
      vertex   2.100000e+01 3.339266e+01 -2.440387e+01
      vertex   2.100000e+01 3.409050e+01 -2.468804e+01
    endloop
  endfacet
  facet normal -0.000000e+00 -2.580961e-01 -9.661193e-01
    outer loop
      vertex   2.400000e+01 3.409050e+01 -2.468804e+01
      vertex   2.100000e+01 3.409050e+01 -2.468804e+01
      vertex   2.400000e+01 3.481846e+01 -2.488251e+01
    endloop
  endfacet
  facet normal 5.328207e-16 -2.580961e-01 -9.661193e-01
    outer loop
      vertex   2.400000e+01 3.481846e+01 -2.488251e+01
      vertex   2.100000e+01 3.409050e+01 -2.468804e+01
      vertex   2.100000e+01 3.481846e+01 -2.488251e+01
    endloop
  endfacet
  facet normal 8.537183e-16 -1.349741e-01 -9.908491e-01
    outer loop
      vertex   2.400000e+01 3.481846e+01 -2.488251e+01
      vertex   2.100000e+01 3.481846e+01 -2.488251e+01
      vertex   2.400000e+01 3.556505e+01 -2.498421e+01
    endloop
  endfacet
  facet normal -3.196828e-16 -1.349741e-01 -9.908491e-01
    outer loop
      vertex   2.400000e+01 3.556505e+01 -2.498421e+01
      vertex   2.100000e+01 3.481846e+01 -2.488251e+01
      vertex   2.100000e+01 3.556505e+01 -2.498421e+01
    endloop
  endfacet
  facet normal -2.302968e-17 -9.723420e-03 -9.999527e-01
    outer loop
      vertex   2.400000e+01 3.556505e+01 -2.498421e+01
      vertex   2.100000e+01 3.556505e+01 -2.498421e+01
      vertex   2.400000e+01 3.631850e+01 -2.499154e+01
    endloop
  endfacet
  facet normal -0.000000e+00 -9.723420e-03 -9.999527e-01
    outer loop
      vertex   2.400000e+01 3.631850e+01 -2.499154e+01
      vertex   2.100000e+01 3.556505e+01 -2.498421e+01
      vertex   2.100000e+01 3.631850e+01 -2.499154e+01
    endloop
  endfacet
  facet normal 0.000000e+00 1.156806e-01 -9.932865e-01
    outer loop
      vertex   2.400000e+01 3.631850e+01 -2.499154e+01
      vertex   2.100000e+01 3.631850e+01 -2.499154e+01
      vertex   2.400000e+01 3.706693e+01 -2.490438e+01
    endloop
  endfacet
  facet normal 2.739866e-16 1.156806e-01 -9.932865e-01
    outer loop
      vertex   2.400000e+01 3.706693e+01 -2.490438e+01
      vertex   2.100000e+01 3.631850e+01 -2.499154e+01
      vertex   2.100000e+01 3.706693e+01 -2.490438e+01
    endloop
  endfacet
  facet normal 5.666820e-16 2.392602e-01 -9.709555e-01
    outer loop
      vertex   2.400000e+01 3.706693e+01 -2.490438e+01
      vertex   2.100000e+01 3.706693e+01 -2.490438e+01
      vertex   2.400000e+01 3.779853e+01 -2.472410e+01
    endloop
  endfacet
  facet normal 5.666820e-16 2.392602e-01 -9.709555e-01
    outer loop
      vertex   2.400000e+01 3.779853e+01 -2.472410e+01
      vertex   2.100000e+01 3.706693e+01 -2.490438e+01
      vertex   2.100000e+01 3.779853e+01 -2.472410e+01
    endloop
  endfacet
  facet normal 8.504404e-16 3.590665e-01 -9.333120e-01
    outer loop
      vertex   2.400000e+01 3.779853e+01 -2.472410e+01
      vertex   2.100000e+01 3.779853e+01 -2.472410e+01
      vertex   2.400000e+01 3.850177e+01 -2.445355e+01
    endloop
  endfacet
  facet normal 0.000000e+00 3.590665e-01 -9.333120e-01
    outer loop
      vertex   2.400000e+01 3.850177e+01 -2.445355e+01
      vertex   2.100000e+01 3.779853e+01 -2.472410e+01
      vertex   2.100000e+01 3.850177e+01 -2.445355e+01
    endloop
  endfacet
  facet normal 0.000000e+00 4.732102e-01 -8.809495e-01
    outer loop
      vertex   2.400000e+01 3.850177e+01 -2.445355e+01
      vertex   2.100000e+01 3.850177e+01 -2.445355e+01
      vertex   2.400000e+01 3.916555e+01 -2.409699e+01
    endloop
  endfacet
  facet normal 0.000000e+00 4.732102e-01 -8.809495e-01
    outer loop
      vertex   2.400000e+01 3.916555e+01 -2.409699e+01
      vertex   2.100000e+01 3.850177e+01 -2.445355e+01
      vertex   2.100000e+01 3.916555e+01 -2.409699e+01
    endloop
  endfacet
  facet normal 6.287549e-17 -5.275917e-01 8.494981e-01
    outer loop
      vertex   2.100000e+01 5.200000e+01 -2.000000e+00
      vertex   2.100000e+01 3.283445e+01 -1.390301e+01
      vertex   2.400000e+01 5.200000e+01 -2.000000e+00
    endloop
  endfacet
  facet normal 0.000000e+00 -5.275917e-01 8.494981e-01
    outer loop
      vertex   2.400000e+01 5.200000e+01 -2.000000e+00
      vertex   2.100000e+01 3.283445e+01 -1.390301e+01
      vertex   2.400000e+01 3.283445e+01 -1.390301e+01
    endloop
  endfacet
  facet normal 1.000000e+00 0.000000e+00 0.000000e+00
    outer loop
      vertex   2.400000e+01 5.991443e+01 5.000000e+00
      vertex   2.400000e+01 5.200000e+01 -2.000000e+00
      vertex   2.400000e+01 5.991443e+01 -1.121063e+01
    endloop
  endfacet
  facet normal 1.000000e+00 -1.239079e-16 -1.064705e-16
    outer loop
      vertex   2.400000e+01 5.991443e+01 -1.121063e+01
      vertex   2.400000e+01 5.200000e+01 -2.000000e+00
      vertex   2.400000e+01 3.731446e+01 -1.827737e+01
    endloop
  endfacet
  facet normal 1.000000e+00 -1.398822e-16 -5.538329e-17
    outer loop
      vertex   2.400000e+01 5.991443e+01 -1.121063e+01
      vertex   2.400000e+01 3.731446e+01 -1.827737e+01
      vertex   2.400000e+01 3.745287e+01 -1.862697e+01
    endloop
  endfacet
  facet normal 1.000000e+00 0.000000e+00 0.000000e+00
    outer loop
      vertex   2.400000e+01 5.991443e+01 5.000000e+00
      vertex   2.400000e+01 5.200000e+01 5.000000e+00
      vertex   2.400000e+01 5.200000e+01 -2.000000e+00
    endloop
  endfacet
  facet normal 1.000000e+00 -1.127851e-16 -1.168717e-16
    outer loop
      vertex   2.400000e+01 3.283445e+01 -1.390301e+01
      vertex   2.400000e+01 3.680374e+01 -1.773351e+01
      vertex   2.400000e+01 5.200000e+01 -2.000000e+00
    endloop
  endfacet
  facet normal 1.000000e+00 -1.038356e-16 -1.255156e-16
    outer loop
      vertex   2.400000e+01 5.200000e+01 -2.000000e+00
      vertex   2.400000e+01 3.680374e+01 -1.773351e+01
      vertex   2.400000e+01 3.709345e+01 -1.797318e+01
    endloop
  endfacet
  facet normal 1.000000e+00 -1.340053e-16 -9.736055e-17
    outer loop
      vertex   2.400000e+01 5.200000e+01 -2.000000e+00
      vertex   2.400000e+01 3.709345e+01 -1.797318e+01
      vertex   2.400000e+01 3.731446e+01 -1.827737e+01
    endloop
  endfacet
  facet normal 1.000000e+00 -0.000000e+00 0.000000e+00
    outer loop
      vertex   2.400000e+01 3.222059e+01 -1.433995e+01
      vertex   2.400000e+01 3.504386e+01 -1.784423e+01
      vertex   2.400000e+01 3.283445e+01 -1.390301e+01
    endloop
  endfacet
  facet normal 1.000000e+00 0.000000e+00 0.000000e+00
    outer loop
      vertex   2.400000e+01 3.283445e+01 -1.390301e+01
      vertex   2.400000e+01 3.504386e+01 -1.784423e+01
      vertex   2.400000e+01 3.536133e+01 -1.764276e+01
    endloop
  endfacet
  facet normal 1.000000e+00 0.000000e+00 0.000000e+00
    outer loop
      vertex   2.400000e+01 3.283445e+01 -1.390301e+01
      vertex   2.400000e+01 3.536133e+01 -1.764276e+01
      vertex   2.400000e+01 3.571893e+01 -1.752657e+01
    endloop
  endfacet
  facet normal 1.000000e+00 0.000000e+00 0.000000e+00
    outer loop
      vertex   2.400000e+01 3.222059e+01 -1.433995e+01
      vertex   2.400000e+01 3.166633e+01 -1.485038e+01
      vertex   2.400000e+01 3.504386e+01 -1.784423e+01
    endloop
  endfacet
  facet normal 1.000000e+00 0.000000e+00 0.000000e+00
    outer loop
      vertex   2.400000e+01 3.504386e+01 -1.784423e+01
      vertex   2.400000e+01 3.166633e+01 -1.485038e+01
      vertex   2.400000e+01 3.478647e+01 -1.811832e+01
    endloop
  endfacet
  facet normal 1.000000e+00 0.000000e+00 0.000000e+00
    outer loop
      vertex   2.400000e+01 3.478647e+01 -1.811832e+01
      vertex   2.400000e+01 3.166633e+01 -1.485038e+01
      vertex   2.400000e+01 3.118042e+01 -1.542626e+01
    endloop
  endfacet
  facet normal 1.000000e+00 0.000000e+00 0.000000e+00
    outer loop
      vertex   2.400000e+01 3.478647e+01 -1.811832e+01
      vertex   2.400000e+01 3.118042e+01 -1.542626e+01
      vertex   2.400000e+01 3.077051e+01 -1.605849e+01
    endloop
  endfacet
  facet normal 1.000000e+00 0.000000e+00 0.000000e+00
    outer loop
      vertex   2.400000e+01 3.478647e+01 -1.811832e+01
      vertex   2.400000e+01 3.077051e+01 -1.605849e+01
      vertex   2.400000e+01 3.460534e+01 -1.844781e+01
    endloop
  endfacet
  facet normal 1.000000e+00 0.000000e+00 0.000000e+00
    outer loop
      vertex   2.400000e+01 3.460534e+01 -1.844781e+01
      vertex   2.400000e+01 3.077051e+01 -1.605849e+01
      vertex   2.400000e+01 3.044308e+01 -1.673711e+01
    endloop
  endfacet
  facet normal 1.000000e+00 0.000000e+00 0.000000e+00
    outer loop
      vertex   2.400000e+01 3.460534e+01 -1.844781e+01
      vertex   2.400000e+01 3.044308e+01 -1.673711e+01
      vertex   2.400000e+01 3.020328e+01 -1.745142e+01
    endloop
  endfacet
  facet normal 1.000000e+00 0.000000e+00 0.000000e+00
    outer loop
      vertex   2.400000e+01 3.460534e+01 -1.844781e+01
      vertex   2.400000e+01 3.020328e+01 -1.745142e+01
      vertex   2.400000e+01 3.451183e+01 -1.881200e+01
    endloop
  endfacet
  facet normal 1.000000e+00 0.000000e+00 0.000000e+00
    outer loop
      vertex   2.400000e+01 3.451183e+01 -1.881200e+01
      vertex   2.400000e+01 3.020328e+01 -1.745142e+01
      vertex   2.400000e+01 3.005491e+01 -1.819016e+01
    endloop
  endfacet
  facet normal 1.000000e+00 0.000000e+00 0.000000e+00
    outer loop
      vertex   2.400000e+01 3.451183e+01 -1.881200e+01
      vertex   2.400000e+01 3.005491e+01 -1.819016e+01
      vertex   2.400000e+01 3.000028e+01 -1.894166e+01
    endloop
  endfacet
  facet normal 1.000000e+00 0.000000e+00 0.000000e+00
    outer loop
      vertex   2.400000e+01 3.451183e+01 -1.881200e+01
      vertex   2.400000e+01 3.000028e+01 -1.894166e+01
      vertex   2.400000e+01 3.451183e+01 -1.918800e+01
    endloop
  endfacet
  facet normal 1.000000e+00 0.000000e+00 0.000000e+00
    outer loop
      vertex   2.400000e+01 3.451183e+01 -1.918800e+01
      vertex   2.400000e+01 3.000028e+01 -1.894166e+01
      vertex   2.400000e+01 3.004028e+01 -1.969408e+01
    endloop
  endfacet
  facet normal 1.000000e+00 0.000000e+00 0.000000e+00
    outer loop
      vertex   2.400000e+01 3.451183e+01 -1.918800e+01
      vertex   2.400000e+01 3.004028e+01 -1.969408e+01
      vertex   2.400000e+01 3.017427e+01 -2.043556e+01
    endloop
  endfacet
  facet normal 1.000000e+00 0.000000e+00 0.000000e+00
    outer loop
      vertex   2.400000e+01 3.451183e+01 -1.918800e+01
      vertex   2.400000e+01 3.017427e+01 -2.043556e+01
      vertex   2.400000e+01 3.460534e+01 -1.955219e+01
    endloop
  endfacet
  facet normal 1.000000e+00 0.000000e+00 0.000000e+00
    outer loop
      vertex   2.400000e+01 3.460534e+01 -1.955219e+01
      vertex   2.400000e+01 3.017427e+01 -2.043556e+01
      vertex   2.400000e+01 3.040013e+01 -2.115440e+01
    endloop
  endfacet
  facet normal 1.000000e+00 0.000000e+00 0.000000e+00
    outer loop
      vertex   2.400000e+01 3.460534e+01 -1.955219e+01
      vertex   2.400000e+01 3.040013e+01 -2.115440e+01
      vertex   2.400000e+01 3.071430e+01 -2.183926e+01
    endloop
  endfacet
  facet normal 1.000000e+00 0.000000e+00 0.000000e+00
    outer loop
      vertex   2.400000e+01 3.460534e+01 -1.955219e+01
      vertex   2.400000e+01 3.071430e+01 -2.183926e+01
      vertex   2.400000e+01 3.478647e+01 -1.988168e+01
    endloop
  endfacet
  facet normal 1.000000e+00 0.000000e+00 0.000000e+00
    outer loop
      vertex   2.400000e+01 3.478647e+01 -1.988168e+01
      vertex   2.400000e+01 3.071430e+01 -2.183926e+01
      vertex   2.400000e+01 3.111184e+01 -2.247935e+01
    endloop
  endfacet
  facet normal 1.000000e+00 0.000000e+00 0.000000e+00
    outer loop
      vertex   2.400000e+01 3.478647e+01 -1.988168e+01
      vertex   2.400000e+01 3.111184e+01 -2.247935e+01
      vertex   2.400000e+01 3.158646e+01 -2.306456e+01
    endloop
  endfacet
  facet normal 1.000000e+00 0.000000e+00 0.000000e+00
    outer loop
      vertex   2.400000e+01 3.478647e+01 -1.988168e+01
      vertex   2.400000e+01 3.158646e+01 -2.306456e+01
      vertex   2.400000e+01 3.504386e+01 -2.015577e+01
    endloop
  endfacet
  facet normal 1.000000e+00 0.000000e+00 0.000000e+00
    outer loop
      vertex   2.400000e+01 3.504386e+01 -2.015577e+01
      vertex   2.400000e+01 3.158646e+01 -2.306456e+01
      vertex   2.400000e+01 3.213068e+01 -2.358567e+01
    endloop
  endfacet
  facet normal 1.000000e+00 0.000000e+00 0.000000e+00
    outer loop
      vertex   2.400000e+01 3.504386e+01 -2.015577e+01
      vertex   2.400000e+01 3.213068e+01 -2.358567e+01
      vertex   2.400000e+01 3.273593e+01 -2.403447e+01
    endloop
  endfacet
  facet normal 1.000000e+00 0.000000e+00 0.000000e+00
    outer loop
      vertex   2.400000e+01 3.504386e+01 -2.015577e+01
      vertex   2.400000e+01 3.273593e+01 -2.403447e+01
      vertex   2.400000e+01 3.536133e+01 -2.035724e+01
    endloop
  endfacet
  facet normal 1.000000e+00 0.000000e+00 0.000000e+00
    outer loop
      vertex   2.400000e+01 3.536133e+01 -2.035724e+01
      vertex   2.400000e+01 3.273593e+01 -2.403447e+01
      vertex   2.400000e+01 3.339266e+01 -2.440387e+01
    endloop
  endfacet
  facet normal 1.000000e+00 0.000000e+00 0.000000e+00
    outer loop
      vertex   2.400000e+01 3.536133e+01 -2.035724e+01
      vertex   2.400000e+01 3.339266e+01 -2.440387e+01
      vertex   2.400000e+01 3.409050e+01 -2.468804e+01
    endloop
  endfacet
  facet normal 1.000000e+00 0.000000e+00 0.000000e+00
    outer loop
      vertex   2.400000e+01 3.536133e+01 -2.035724e+01
      vertex   2.400000e+01 3.409050e+01 -2.468804e+01
      vertex   2.400000e+01 3.571893e+01 -2.047343e+01
    endloop
  endfacet
  facet normal 1.000000e+00 0.000000e+00 0.000000e+00
    outer loop
      vertex   2.400000e+01 3.571893e+01 -2.047343e+01
      vertex   2.400000e+01 3.409050e+01 -2.468804e+01
      vertex   2.400000e+01 3.481846e+01 -2.488251e+01
    endloop
  endfacet
  facet normal 1.000000e+00 0.000000e+00 0.000000e+00
    outer loop
      vertex   2.400000e+01 3.571893e+01 -2.047343e+01
      vertex   2.400000e+01 3.481846e+01 -2.488251e+01
      vertex   2.400000e+01 3.556505e+01 -2.498421e+01
    endloop
  endfacet
  facet normal 1.000000e+00 0.000000e+00 0.000000e+00
    outer loop
      vertex   2.400000e+01 3.571893e+01 -2.047343e+01
      vertex   2.400000e+01 3.556505e+01 -2.498421e+01
      vertex   2.400000e+01 3.609419e+01 -2.049704e+01
    endloop
  endfacet
  facet normal 1.000000e+00 0.000000e+00 0.000000e+00
    outer loop
      vertex   2.400000e+01 3.609419e+01 -2.049704e+01
      vertex   2.400000e+01 3.556505e+01 -2.498421e+01
      vertex   2.400000e+01 3.631850e+01 -2.499154e+01
    endloop
  endfacet
  facet normal 1.000000e+00 0.000000e+00 0.000000e+00
    outer loop
      vertex   2.400000e+01 3.609419e+01 -2.049704e+01
      vertex   2.400000e+01 3.631850e+01 -2.499154e+01
      vertex   2.400000e+01 3.706693e+01 -2.490438e+01
    endloop
  endfacet
  facet normal 1.000000e+00 -0.000000e+00 0.000000e+00
    outer loop
      vertex   2.400000e+01 3.609419e+01 -2.049704e+01
      vertex   2.400000e+01 3.706693e+01 -2.490438e+01
      vertex   2.400000e+01 3.646353e+01 -2.042658e+01
    endloop
  endfacet
  facet normal 1.000000e+00 0.000000e+00 0.000000e+00
    outer loop
      vertex   2.400000e+01 3.646353e+01 -2.042658e+01
      vertex   2.400000e+01 3.706693e+01 -2.490438e+01
      vertex   2.400000e+01 3.779853e+01 -2.472410e+01
    endloop
  endfacet
  facet normal 1.000000e+00 0.000000e+00 0.000000e+00
    outer loop
      vertex   2.400000e+01 3.646353e+01 -2.042658e+01
      vertex   2.400000e+01 3.779853e+01 -2.472410e+01
      vertex   2.400000e+01 3.850177e+01 -2.445355e+01
    endloop
  endfacet
  facet normal 1.000000e+00 -0.000000e+00 0.000000e+00
    outer loop
      vertex   2.400000e+01 3.646353e+01 -2.042658e+01
      vertex   2.400000e+01 3.850177e+01 -2.445355e+01
      vertex   2.400000e+01 3.680374e+01 -2.026649e+01
    endloop
  endfacet
  facet normal 1.000000e+00 0.000000e+00 0.000000e+00
    outer loop
      vertex   2.400000e+01 3.680374e+01 -2.026649e+01
      vertex   2.400000e+01 3.850177e+01 -2.445355e+01
      vertex   2.400000e+01 3.916555e+01 -2.409699e+01
    endloop
  endfacet
  facet normal 1.000000e+00 -0.000000e+00 0.000000e+00
    outer loop
      vertex   2.400000e+01 3.680374e+01 -2.026649e+01
      vertex   2.400000e+01 3.916555e+01 -2.409699e+01
      vertex   2.400000e+01 3.709345e+01 -2.002682e+01
    endloop
  endfacet
  facet normal 1.000000e+00 -0.000000e+00 0.000000e+00
    outer loop
      vertex   2.400000e+01 3.709345e+01 -2.002682e+01
      vertex   2.400000e+01 3.916555e+01 -2.409699e+01
      vertex   2.400000e+01 3.731446e+01 -1.972263e+01
    endloop
  endfacet
  facet normal 1.000000e+00 -0.000000e+00 0.000000e+00
    outer loop
      vertex   2.400000e+01 3.731446e+01 -1.972263e+01
      vertex   2.400000e+01 3.916555e+01 -2.409699e+01
      vertex   2.400000e+01 3.745287e+01 -1.937303e+01
    endloop
  endfacet
  facet normal 1.000000e+00 -0.000000e+00 0.000000e+00
    outer loop
      vertex   2.400000e+01 3.745287e+01 -1.937303e+01
      vertex   2.400000e+01 3.916555e+01 -2.409699e+01
      vertex   2.400000e+01 3.750000e+01 -1.900000e+01
    endloop
  endfacet
  facet normal 1.000000e+00 -1.423376e-16 -4.651185e-17
    outer loop
      vertex   2.400000e+01 3.750000e+01 -1.900000e+01
      vertex   2.400000e+01 3.916555e+01 -2.409699e+01
      vertex   2.400000e+01 5.991443e+01 -1.121063e+01
    endloop
  endfacet
  facet normal 1.000000e+00 -1.518354e-16 -1.918127e-17
    outer loop
      vertex   2.400000e+01 3.750000e+01 -1.900000e+01
      vertex   2.400000e+01 5.991443e+01 -1.121063e+01
      vertex   2.400000e+01 3.745287e+01 -1.862697e+01
    endloop
  endfacet
  facet normal 1.000000e+00 0.000000e+00 -0.000000e+00
    outer loop
      vertex   2.400000e+01 3.571893e+01 -1.752657e+01
      vertex   2.400000e+01 3.609419e+01 -1.750296e+01
      vertex   2.400000e+01 3.283445e+01 -1.390301e+01
    endloop
  endfacet
  facet normal 1.000000e+00 0.000000e+00 0.000000e+00
    outer loop
      vertex   2.400000e+01 3.283445e+01 -1.390301e+01
      vertex   2.400000e+01 3.609419e+01 -1.750296e+01
      vertex   2.400000e+01 3.646353e+01 -1.757342e+01
    endloop
  endfacet
  facet normal 1.000000e+00 0.000000e+00 0.000000e+00
    outer loop
      vertex   2.400000e+01 3.283445e+01 -1.390301e+01
      vertex   2.400000e+01 3.646353e+01 -1.757342e+01
      vertex   2.400000e+01 3.680374e+01 -1.773351e+01
    endloop
  endfacet
  facet normal 0.000000e+00 -9.921147e-01 1.253332e-01
    outer loop
      vertex   -2.100000e+01 3.745287e+01 -1.937303e+01
      vertex   -1.800000e+01 3.745287e+01 -1.937303e+01
      vertex   -2.100000e+01 3.750000e+01 -1.900000e+01
    endloop
  endfacet
  facet normal 0.000000e+00 -9.921147e-01 1.253332e-01
    outer loop
      vertex   -2.100000e+01 3.750000e+01 -1.900000e+01
      vertex   -1.800000e+01 3.745287e+01 -1.937303e+01
      vertex   -1.800000e+01 3.750000e+01 -1.900000e+01
    endloop
  endfacet
  facet normal 0.000000e+00 -9.921147e-01 -1.253332e-01
    outer loop
      vertex   -2.100000e+01 3.750000e+01 -1.900000e+01
      vertex   -1.800000e+01 3.750000e+01 -1.900000e+01
      vertex   -2.100000e+01 3.745287e+01 -1.862697e+01
    endloop
  endfacet
  facet normal 0.000000e+00 -9.921147e-01 -1.253332e-01
    outer loop
      vertex   -2.100000e+01 3.745287e+01 -1.862697e+01
      vertex   -1.800000e+01 3.750000e+01 -1.900000e+01
      vertex   -1.800000e+01 3.745287e+01 -1.862697e+01
    endloop
  endfacet
  facet normal 0.000000e+00 -9.297765e-01 -3.681246e-01
    outer loop
      vertex   -2.100000e+01 3.745287e+01 -1.862697e+01
      vertex   -1.800000e+01 3.745287e+01 -1.862697e+01
      vertex   -2.100000e+01 3.731446e+01 -1.827737e+01
    endloop
  endfacet
  facet normal 0.000000e+00 -9.297765e-01 -3.681246e-01
    outer loop
      vertex   -2.100000e+01 3.731446e+01 -1.827737e+01
      vertex   -1.800000e+01 3.745287e+01 -1.862697e+01
      vertex   -1.800000e+01 3.731446e+01 -1.827737e+01
    endloop
  endfacet
  facet normal 0.000000e+00 -8.090170e-01 -5.877853e-01
    outer loop
      vertex   -2.100000e+01 3.731446e+01 -1.827737e+01
      vertex   -1.800000e+01 3.731446e+01 -1.827737e+01
      vertex   -2.100000e+01 3.709345e+01 -1.797318e+01
    endloop
  endfacet
  facet normal 0.000000e+00 -8.090170e-01 -5.877853e-01
    outer loop
      vertex   -2.100000e+01 3.709345e+01 -1.797318e+01
      vertex   -1.800000e+01 3.731446e+01 -1.827737e+01
      vertex   -1.800000e+01 3.709345e+01 -1.797318e+01
    endloop
  endfacet
  facet normal 0.000000e+00 -6.374240e-01 -7.705132e-01
    outer loop
      vertex   -2.100000e+01 3.709345e+01 -1.797318e+01
      vertex   -1.800000e+01 3.709345e+01 -1.797318e+01
      vertex   -2.100000e+01 3.680374e+01 -1.773351e+01
    endloop
  endfacet
  facet normal 0.000000e+00 -6.374240e-01 -7.705132e-01
    outer loop
      vertex   -2.100000e+01 3.680374e+01 -1.773351e+01
      vertex   -1.800000e+01 3.709345e+01 -1.797318e+01
      vertex   -1.800000e+01 3.680374e+01 -1.773351e+01
    endloop
  endfacet
  facet normal 0.000000e+00 -4.257793e-01 -9.048271e-01
    outer loop
      vertex   -2.100000e+01 3.680374e+01 -1.773351e+01
      vertex   -1.800000e+01 3.680374e+01 -1.773351e+01
      vertex   -2.100000e+01 3.646353e+01 -1.757342e+01
    endloop
  endfacet
  facet normal 0.000000e+00 -4.257793e-01 -9.048271e-01
    outer loop
      vertex   -2.100000e+01 3.646353e+01 -1.757342e+01
      vertex   -1.800000e+01 3.680374e+01 -1.773351e+01
      vertex   -1.800000e+01 3.646353e+01 -1.757342e+01
    endloop
  endfacet
  facet normal 0.000000e+00 -1.873813e-01 -9.822873e-01
    outer loop
      vertex   -2.100000e+01 3.646353e+01 -1.757342e+01
      vertex   -1.800000e+01 3.646353e+01 -1.757342e+01
      vertex   -2.100000e+01 3.609419e+01 -1.750296e+01
    endloop
  endfacet
  facet normal 0.000000e+00 -1.873813e-01 -9.822873e-01
    outer loop
      vertex   -2.100000e+01 3.609419e+01 -1.750296e+01
      vertex   -1.800000e+01 3.646353e+01 -1.757342e+01
      vertex   -1.800000e+01 3.609419e+01 -1.750296e+01
    endloop
  endfacet
  facet normal 0.000000e+00 6.279052e-02 -9.980267e-01
    outer loop
      vertex   -2.100000e+01 3.609419e+01 -1.750296e+01
      vertex   -1.800000e+01 3.609419e+01 -1.750296e+01
      vertex   -2.100000e+01 3.571893e+01 -1.752657e+01
    endloop
  endfacet
  facet normal 0.000000e+00 6.279052e-02 -9.980267e-01
    outer loop
      vertex   -2.100000e+01 3.571893e+01 -1.752657e+01
      vertex   -1.800000e+01 3.609419e+01 -1.750296e+01
      vertex   -1.800000e+01 3.571893e+01 -1.752657e+01
    endloop
  endfacet
  facet normal 0.000000e+00 3.090170e-01 -9.510565e-01
    outer loop
      vertex   -2.100000e+01 3.571893e+01 -1.752657e+01
      vertex   -1.800000e+01 3.571893e+01 -1.752657e+01
      vertex   -2.100000e+01 3.536133e+01 -1.764276e+01
    endloop
  endfacet
  facet normal 0.000000e+00 3.090170e-01 -9.510565e-01
    outer loop
      vertex   -2.100000e+01 3.536133e+01 -1.764276e+01
      vertex   -1.800000e+01 3.571893e+01 -1.752657e+01
      vertex   -1.800000e+01 3.536133e+01 -1.764276e+01
    endloop
  endfacet
  facet normal 0.000000e+00 5.358268e-01 -8.443279e-01
    outer loop
      vertex   -2.100000e+01 3.536133e+01 -1.764276e+01
      vertex   -1.800000e+01 3.536133e+01 -1.764276e+01
      vertex   -2.100000e+01 3.504386e+01 -1.784423e+01
    endloop
  endfacet
  facet normal 0.000000e+00 5.358268e-01 -8.443279e-01
    outer loop
      vertex   -2.100000e+01 3.504386e+01 -1.784423e+01
      vertex   -1.800000e+01 3.536133e+01 -1.764276e+01
      vertex   -1.800000e+01 3.504386e+01 -1.784423e+01
    endloop
  endfacet
  facet normal 0.000000e+00 7.289686e-01 -6.845471e-01
    outer loop
      vertex   -2.100000e+01 3.504386e+01 -1.784423e+01
      vertex   -1.800000e+01 3.504386e+01 -1.784423e+01
      vertex   -2.100000e+01 3.478647e+01 -1.811832e+01
    endloop
  endfacet
  facet normal 0.000000e+00 7.289686e-01 -6.845471e-01
    outer loop
      vertex   -2.100000e+01 3.478647e+01 -1.811832e+01
      vertex   -1.800000e+01 3.504386e+01 -1.784423e+01
      vertex   -1.800000e+01 3.478647e+01 -1.811832e+01
    endloop
  endfacet
  facet normal 0.000000e+00 8.763067e-01 -4.817537e-01
    outer loop
      vertex   -2.100000e+01 3.478647e+01 -1.811832e+01
      vertex   -1.800000e+01 3.478647e+01 -1.811832e+01
      vertex   -2.100000e+01 3.460534e+01 -1.844781e+01
    endloop
  endfacet
  facet normal 0.000000e+00 8.763067e-01 -4.817537e-01
    outer loop
      vertex   -2.100000e+01 3.460534e+01 -1.844781e+01
      vertex   -1.800000e+01 3.478647e+01 -1.811832e+01
      vertex   -1.800000e+01 3.460534e+01 -1.844781e+01
    endloop
  endfacet
  facet normal 0.000000e+00 9.685832e-01 -2.486899e-01
    outer loop
      vertex   -2.100000e+01 3.460534e+01 -1.844781e+01
      vertex   -1.800000e+01 3.460534e+01 -1.844781e+01
      vertex   -2.100000e+01 3.451183e+01 -1.881200e+01
    endloop
  endfacet
  facet normal 0.000000e+00 9.685832e-01 -2.486899e-01
    outer loop
      vertex   -2.100000e+01 3.451183e+01 -1.881200e+01
      vertex   -1.800000e+01 3.460534e+01 -1.844781e+01
      vertex   -1.800000e+01 3.451183e+01 -1.881200e+01
    endloop
  endfacet
  facet normal -0.000000e+00 1.000000e+00 0.000000e+00
    outer loop
      vertex   -2.100000e+01 3.451183e+01 -1.881200e+01
      vertex   -1.800000e+01 3.451183e+01 -1.881200e+01
      vertex   -2.100000e+01 3.451183e+01 -1.918800e+01
    endloop
  endfacet
  facet normal 0.000000e+00 1.000000e+00 0.000000e+00
    outer loop
      vertex   -2.100000e+01 3.451183e+01 -1.918800e+01
      vertex   -1.800000e+01 3.451183e+01 -1.881200e+01
      vertex   -1.800000e+01 3.451183e+01 -1.918800e+01
    endloop
  endfacet
  facet normal -0.000000e+00 9.685832e-01 2.486899e-01
    outer loop
      vertex   -2.100000e+01 3.451183e+01 -1.918800e+01
      vertex   -1.800000e+01 3.451183e+01 -1.918800e+01
      vertex   -2.100000e+01 3.460534e+01 -1.955219e+01
    endloop
  endfacet
  facet normal -0.000000e+00 9.685832e-01 2.486899e-01
    outer loop
      vertex   -2.100000e+01 3.460534e+01 -1.955219e+01
      vertex   -1.800000e+01 3.451183e+01 -1.918800e+01
      vertex   -1.800000e+01 3.460534e+01 -1.955219e+01
    endloop
  endfacet
  facet normal -0.000000e+00 8.763067e-01 4.817537e-01
    outer loop
      vertex   -2.100000e+01 3.460534e+01 -1.955219e+01
      vertex   -1.800000e+01 3.460534e+01 -1.955219e+01
      vertex   -2.100000e+01 3.478647e+01 -1.988168e+01
    endloop
  endfacet
  facet normal -0.000000e+00 8.763067e-01 4.817537e-01
    outer loop
      vertex   -2.100000e+01 3.478647e+01 -1.988168e+01
      vertex   -1.800000e+01 3.460534e+01 -1.955219e+01
      vertex   -1.800000e+01 3.478647e+01 -1.988168e+01
    endloop
  endfacet
  facet normal -0.000000e+00 7.289686e-01 6.845471e-01
    outer loop
      vertex   -2.100000e+01 3.478647e+01 -1.988168e+01
      vertex   -1.800000e+01 3.478647e+01 -1.988168e+01
      vertex   -2.100000e+01 3.504386e+01 -2.015577e+01
    endloop
  endfacet
  facet normal -0.000000e+00 7.289686e-01 6.845471e-01
    outer loop
      vertex   -2.100000e+01 3.504386e+01 -2.015577e+01
      vertex   -1.800000e+01 3.478647e+01 -1.988168e+01
      vertex   -1.800000e+01 3.504386e+01 -2.015577e+01
    endloop
  endfacet
  facet normal -0.000000e+00 5.358268e-01 8.443279e-01
    outer loop
      vertex   -2.100000e+01 3.504386e+01 -2.015577e+01
      vertex   -1.800000e+01 3.504386e+01 -2.015577e+01
      vertex   -2.100000e+01 3.536133e+01 -2.035724e+01
    endloop
  endfacet
  facet normal -0.000000e+00 5.358268e-01 8.443279e-01
    outer loop
      vertex   -2.100000e+01 3.536133e+01 -2.035724e+01
      vertex   -1.800000e+01 3.504386e+01 -2.015577e+01
      vertex   -1.800000e+01 3.536133e+01 -2.035724e+01
    endloop
  endfacet
  facet normal -0.000000e+00 3.090170e-01 9.510565e-01
    outer loop
      vertex   -2.100000e+01 3.536133e+01 -2.035724e+01
      vertex   -1.800000e+01 3.536133e+01 -2.035724e+01
      vertex   -2.100000e+01 3.571893e+01 -2.047343e+01
    endloop
  endfacet
  facet normal -0.000000e+00 3.090170e-01 9.510565e-01
    outer loop
      vertex   -2.100000e+01 3.571893e+01 -2.047343e+01
      vertex   -1.800000e+01 3.536133e+01 -2.035724e+01
      vertex   -1.800000e+01 3.571893e+01 -2.047343e+01
    endloop
  endfacet
  facet normal -0.000000e+00 6.279052e-02 9.980267e-01
    outer loop
      vertex   -2.100000e+01 3.571893e+01 -2.047343e+01
      vertex   -1.800000e+01 3.571893e+01 -2.047343e+01
      vertex   -2.100000e+01 3.609419e+01 -2.049704e+01
    endloop
  endfacet
  facet normal -0.000000e+00 6.279052e-02 9.980267e-01
    outer loop
      vertex   -2.100000e+01 3.609419e+01 -2.049704e+01
      vertex   -1.800000e+01 3.571893e+01 -2.047343e+01
      vertex   -1.800000e+01 3.609419e+01 -2.049704e+01
    endloop
  endfacet
  facet normal 0.000000e+00 -1.873813e-01 9.822873e-01
    outer loop
      vertex   -2.100000e+01 3.609419e+01 -2.049704e+01
      vertex   -1.800000e+01 3.609419e+01 -2.049704e+01
      vertex   -2.100000e+01 3.646353e+01 -2.042658e+01
    endloop
  endfacet
  facet normal 0.000000e+00 -1.873813e-01 9.822873e-01
    outer loop
      vertex   -2.100000e+01 3.646353e+01 -2.042658e+01
      vertex   -1.800000e+01 3.609419e+01 -2.049704e+01
      vertex   -1.800000e+01 3.646353e+01 -2.042658e+01
    endloop
  endfacet
  facet normal 0.000000e+00 -4.257793e-01 9.048271e-01
    outer loop
      vertex   -2.100000e+01 3.646353e+01 -2.042658e+01
      vertex   -1.800000e+01 3.646353e+01 -2.042658e+01
      vertex   -2.100000e+01 3.680374e+01 -2.026649e+01
    endloop
  endfacet
  facet normal 0.000000e+00 -4.257793e-01 9.048271e-01
    outer loop
      vertex   -2.100000e+01 3.680374e+01 -2.026649e+01
      vertex   -1.800000e+01 3.646353e+01 -2.042658e+01
      vertex   -1.800000e+01 3.680374e+01 -2.026649e+01
    endloop
  endfacet
  facet normal 0.000000e+00 -6.374240e-01 7.705132e-01
    outer loop
      vertex   -2.100000e+01 3.680374e+01 -2.026649e+01
      vertex   -1.800000e+01 3.680374e+01 -2.026649e+01
      vertex   -2.100000e+01 3.709345e+01 -2.002682e+01
    endloop
  endfacet
  facet normal 0.000000e+00 -6.374240e-01 7.705132e-01
    outer loop
      vertex   -2.100000e+01 3.709345e+01 -2.002682e+01
      vertex   -1.800000e+01 3.680374e+01 -2.026649e+01
      vertex   -1.800000e+01 3.709345e+01 -2.002682e+01
    endloop
  endfacet
  facet normal 0.000000e+00 -8.090170e-01 5.877853e-01
    outer loop
      vertex   -2.100000e+01 3.709345e+01 -2.002682e+01
      vertex   -1.800000e+01 3.709345e+01 -2.002682e+01
      vertex   -2.100000e+01 3.731446e+01 -1.972263e+01
    endloop
  endfacet
  facet normal 0.000000e+00 -8.090170e-01 5.877853e-01
    outer loop
      vertex   -2.100000e+01 3.731446e+01 -1.972263e+01
      vertex   -1.800000e+01 3.709345e+01 -2.002682e+01
      vertex   -1.800000e+01 3.731446e+01 -1.972263e+01
    endloop
  endfacet
  facet normal 0.000000e+00 -9.297765e-01 3.681246e-01
    outer loop
      vertex   -2.100000e+01 3.731446e+01 -1.972263e+01
      vertex   -1.800000e+01 3.731446e+01 -1.972263e+01
      vertex   -2.100000e+01 3.745287e+01 -1.937303e+01
    endloop
  endfacet
  facet normal 0.000000e+00 -9.297765e-01 3.681246e-01
    outer loop
      vertex   -2.100000e+01 3.745287e+01 -1.937303e+01
      vertex   -1.800000e+01 3.731446e+01 -1.972263e+01
      vertex   -1.800000e+01 3.745287e+01 -1.937303e+01
    endloop
  endfacet
  facet normal 2.003456e-31 -1.000000e+00 2.030122e-15
    outer loop
      vertex   -2.100000e+01 5.200000e+01 5.000000e+00
      vertex   -1.800000e+01 5.200000e+01 -2.000000e+00
      vertex   2.400000e+01 5.200000e+01 5.000000e+00
    endloop
  endfacet
  facet normal 1.849344e-31 -1.000000e+00 2.030122e-15
    outer loop
      vertex   2.400000e+01 5.200000e+01 5.000000e+00
      vertex   -1.800000e+01 5.200000e+01 -2.000000e+00
      vertex   2.100000e+01 5.200000e+01 -2.000000e+00
    endloop
  endfacet
  facet normal 0.000000e+00 -1.000000e+00 2.030122e-15
    outer loop
      vertex   2.400000e+01 5.200000e+01 5.000000e+00
      vertex   2.100000e+01 5.200000e+01 -2.000000e+00
      vertex   2.400000e+01 5.200000e+01 -2.000000e+00
    endloop
  endfacet
  facet normal 0.000000e+00 -1.000000e+00 2.030122e-15
    outer loop
      vertex   -2.100000e+01 5.200000e+01 5.000000e+00
      vertex   -2.100000e+01 5.200000e+01 -2.000000e+00
      vertex   -1.800000e+01 5.200000e+01 -2.000000e+00
    endloop
  endfacet
  facet normal 2.562112e-31 -1.000000e+00 2.368476e-15
    outer loop
      vertex   -1.800000e+01 5.200000e+01 -2.000000e+00
      vertex   -1.800000e+01 5.200000e+01 -5.000000e+00
      vertex   2.100000e+01 5.200000e+01 -2.000000e+00
    endloop
  endfacet
  facet normal 2.696960e-31 -1.000000e+00 2.368476e-15
    outer loop
      vertex   2.100000e+01 5.200000e+01 -2.000000e+00
      vertex   -1.800000e+01 5.200000e+01 -5.000000e+00
      vertex   2.100000e+01 5.200000e+01 -5.000000e+00
    endloop
  endfacet
  facet normal 0.000000e+00 -5.275917e-01 8.494981e-01
    outer loop
      vertex   -1.800000e+01 3.283445e+01 -1.390301e+01
      vertex   -1.800000e+01 5.200000e+01 -2.000000e+00
      vertex   -2.100000e+01 3.283445e+01 -1.390301e+01
    endloop
  endfacet
  facet normal 0.000000e+00 -5.275917e-01 8.494981e-01
    outer loop
      vertex   -2.100000e+01 3.283445e+01 -1.390301e+01
      vertex   -1.800000e+01 5.200000e+01 -2.000000e+00
      vertex   -2.100000e+01 5.200000e+01 -2.000000e+00
    endloop
  endfacet
  facet normal 0.000000e+00 4.732102e-01 -8.809495e-01
    outer loop
      vertex   -2.100000e+01 3.916555e+01 -2.409699e+01
      vertex   -1.800000e+01 3.916555e+01 -2.409699e+01
      vertex   -2.100000e+01 3.850177e+01 -2.445355e+01
    endloop
  endfacet
  facet normal 0.000000e+00 4.732102e-01 -8.809495e-01
    outer loop
      vertex   -2.100000e+01 3.850177e+01 -2.445355e+01
      vertex   -1.800000e+01 3.916555e+01 -2.409699e+01
      vertex   -1.800000e+01 3.850177e+01 -2.445355e+01
    endloop
  endfacet
  facet normal 0.000000e+00 3.590665e-01 -9.333120e-01
    outer loop
      vertex   -2.100000e+01 3.850177e+01 -2.445355e+01
      vertex   -1.800000e+01 3.850177e+01 -2.445355e+01
      vertex   -2.100000e+01 3.779853e+01 -2.472410e+01
    endloop
  endfacet
  facet normal 0.000000e+00 3.590665e-01 -9.333120e-01
    outer loop
      vertex   -2.100000e+01 3.779853e+01 -2.472410e+01
      vertex   -1.800000e+01 3.850177e+01 -2.445355e+01
      vertex   -1.800000e+01 3.779853e+01 -2.472410e+01
    endloop
  endfacet
  facet normal 0.000000e+00 2.392602e-01 -9.709555e-01
    outer loop
      vertex   -2.100000e+01 3.779853e+01 -2.472410e+01
      vertex   -1.800000e+01 3.779853e+01 -2.472410e+01
      vertex   -2.100000e+01 3.706693e+01 -2.490438e+01
    endloop
  endfacet
  facet normal 0.000000e+00 2.392602e-01 -9.709555e-01
    outer loop
      vertex   -2.100000e+01 3.706693e+01 -2.490438e+01
      vertex   -1.800000e+01 3.779853e+01 -2.472410e+01
      vertex   -1.800000e+01 3.706693e+01 -2.490438e+01
    endloop
  endfacet
  facet normal 0.000000e+00 1.156806e-01 -9.932865e-01
    outer loop
      vertex   -2.100000e+01 3.706693e+01 -2.490438e+01
      vertex   -1.800000e+01 3.706693e+01 -2.490438e+01
      vertex   -2.100000e+01 3.631850e+01 -2.499154e+01
    endloop
  endfacet
  facet normal 0.000000e+00 1.156806e-01 -9.932865e-01
    outer loop
      vertex   -2.100000e+01 3.631850e+01 -2.499154e+01
      vertex   -1.800000e+01 3.706693e+01 -2.490438e+01
      vertex   -1.800000e+01 3.631850e+01 -2.499154e+01
    endloop
  endfacet
  facet normal 0.000000e+00 -9.723420e-03 -9.999527e-01
    outer loop
      vertex   -2.100000e+01 3.631850e+01 -2.499154e+01
      vertex   -1.800000e+01 3.631850e+01 -2.499154e+01
      vertex   -2.100000e+01 3.556505e+01 -2.498421e+01
    endloop
  endfacet
  facet normal 0.000000e+00 -9.723420e-03 -9.999527e-01
    outer loop
      vertex   -2.100000e+01 3.556505e+01 -2.498421e+01
      vertex   -1.800000e+01 3.631850e+01 -2.499154e+01
      vertex   -1.800000e+01 3.556505e+01 -2.498421e+01
    endloop
  endfacet
  facet normal 0.000000e+00 -1.349741e-01 -9.908491e-01
    outer loop
      vertex   -2.100000e+01 3.556505e+01 -2.498421e+01
      vertex   -1.800000e+01 3.556505e+01 -2.498421e+01
      vertex   -2.100000e+01 3.481846e+01 -2.488251e+01
    endloop
  endfacet
  facet normal 0.000000e+00 -1.349741e-01 -9.908491e-01
    outer loop
      vertex   -2.100000e+01 3.481846e+01 -2.488251e+01
      vertex   -1.800000e+01 3.556505e+01 -2.498421e+01
      vertex   -1.800000e+01 3.481846e+01 -2.488251e+01
    endloop
  endfacet
  facet normal 0.000000e+00 -2.580961e-01 -9.661193e-01
    outer loop
      vertex   -2.100000e+01 3.481846e+01 -2.488251e+01
      vertex   -1.800000e+01 3.481846e+01 -2.488251e+01
      vertex   -2.100000e+01 3.409050e+01 -2.468804e+01
    endloop
  endfacet
  facet normal 0.000000e+00 -2.580961e-01 -9.661193e-01
    outer loop
      vertex   -2.100000e+01 3.409050e+01 -2.468804e+01
      vertex   -1.800000e+01 3.481846e+01 -2.488251e+01
      vertex   -1.800000e+01 3.409050e+01 -2.468804e+01
    endloop
  endfacet
  facet normal 0.000000e+00 -3.771478e-01 -9.261531e-01
    outer loop
      vertex   -2.100000e+01 3.409050e+01 -2.468804e+01
      vertex   -1.800000e+01 3.409050e+01 -2.468804e+01
      vertex   -2.100000e+01 3.339266e+01 -2.440387e+01
    endloop
  endfacet
  facet normal 0.000000e+00 -3.771478e-01 -9.261531e-01
    outer loop
      vertex   -2.100000e+01 3.339266e+01 -2.440387e+01
      vertex   -1.800000e+01 3.409050e+01 -2.468804e+01
      vertex   -1.800000e+01 3.339266e+01 -2.440387e+01
    endloop
  endfacet
  facet normal 0.000000e+00 -4.902516e-01 -8.715810e-01
    outer loop
      vertex   -2.100000e+01 3.339266e+01 -2.440387e+01
      vertex   -1.800000e+01 3.339266e+01 -2.440387e+01
      vertex   -2.100000e+01 3.273593e+01 -2.403447e+01
    endloop
  endfacet
  facet normal 0.000000e+00 -4.902516e-01 -8.715810e-01
    outer loop
      vertex   -2.100000e+01 3.273593e+01 -2.403447e+01
      vertex   -1.800000e+01 3.339266e+01 -2.440387e+01
      vertex   -1.800000e+01 3.273593e+01 -2.403447e+01
    endloop
  endfacet
  facet normal 0.000000e+00 -5.956239e-01 -8.032635e-01
    outer loop
      vertex   -2.100000e+01 3.273593e+01 -2.403447e+01
      vertex   -1.800000e+01 3.273593e+01 -2.403447e+01
      vertex   -2.100000e+01 3.213068e+01 -2.358567e+01
    endloop
  endfacet
  facet normal 0.000000e+00 -5.956239e-01 -8.032635e-01
    outer loop
      vertex   -2.100000e+01 3.213068e+01 -2.358567e+01
      vertex   -1.800000e+01 3.273593e+01 -2.403447e+01
      vertex   -1.800000e+01 3.213068e+01 -2.358567e+01
    endloop
  endfacet
  facet normal 0.000000e+00 -6.916028e-01 -7.222780e-01
    outer loop
      vertex   -2.100000e+01 3.213068e+01 -2.358567e+01
      vertex   -1.800000e+01 3.213068e+01 -2.358567e+01
      vertex   -2.100000e+01 3.158646e+01 -2.306456e+01
    endloop
  endfacet
  facet normal 0.000000e+00 -6.916028e-01 -7.222780e-01
    outer loop
      vertex   -2.100000e+01 3.158646e+01 -2.306456e+01
      vertex   -1.800000e+01 3.213068e+01 -2.358567e+01
      vertex   -1.800000e+01 3.158646e+01 -2.306456e+01
    endloop
  endfacet
  facet normal 0.000000e+00 -7.766748e-01 -6.299018e-01
    outer loop
      vertex   -2.100000e+01 3.158646e+01 -2.306456e+01
      vertex   -1.800000e+01 3.158646e+01 -2.306456e+01
      vertex   -2.100000e+01 3.111184e+01 -2.247935e+01
    endloop
  endfacet
  facet normal 0.000000e+00 -7.766748e-01 -6.299018e-01
    outer loop
      vertex   -2.100000e+01 3.111184e+01 -2.247935e+01
      vertex   -1.800000e+01 3.158646e+01 -2.306456e+01
      vertex   -1.800000e+01 3.111184e+01 -2.247935e+01
    endloop
  endfacet
  facet normal 0.000000e+00 -8.494981e-01 -5.275917e-01
    outer loop
      vertex   -2.100000e+01 3.111184e+01 -2.247935e+01
      vertex   -1.800000e+01 3.111184e+01 -2.247935e+01
      vertex   -2.100000e+01 3.071430e+01 -2.183926e+01
    endloop
  endfacet
  facet normal 0.000000e+00 -8.494981e-01 -5.275917e-01
    outer loop
      vertex   -2.100000e+01 3.071430e+01 -2.183926e+01
      vertex   -1.800000e+01 3.111184e+01 -2.247935e+01
      vertex   -1.800000e+01 3.071430e+01 -2.183926e+01
    endloop
  endfacet
  facet normal 0.000000e+00 -9.089243e-01 -4.169612e-01
    outer loop
      vertex   -2.100000e+01 3.071430e+01 -2.183926e+01
      vertex   -1.800000e+01 3.071430e+01 -2.183926e+01
      vertex   -2.100000e+01 3.040013e+01 -2.115440e+01
    endloop
  endfacet
  facet normal 0.000000e+00 -9.089243e-01 -4.169612e-01
    outer loop
      vertex   -2.100000e+01 3.040013e+01 -2.115440e+01
      vertex   -1.800000e+01 3.071430e+01 -2.183926e+01
      vertex   -1.800000e+01 3.040013e+01 -2.115440e+01
    endloop
  endfacet
  facet normal 0.000000e+00 -9.540163e-01 -2.997549e-01
    outer loop
      vertex   -2.100000e+01 3.040013e+01 -2.115440e+01
      vertex   -1.800000e+01 3.040013e+01 -2.115440e+01
      vertex   -2.100000e+01 3.017427e+01 -2.043556e+01
    endloop
  endfacet
  facet normal 0.000000e+00 -9.540163e-01 -2.997549e-01
    outer loop
      vertex   -2.100000e+01 3.017427e+01 -2.043556e+01
      vertex   -1.800000e+01 3.040013e+01 -2.115440e+01
      vertex   -1.800000e+01 3.017427e+01 -2.043556e+01
    endloop
  endfacet
  facet normal 0.000000e+00 -9.840628e-01 -1.778213e-01
    outer loop
      vertex   -2.100000e+01 3.017427e+01 -2.043556e+01
      vertex   -1.800000e+01 3.017427e+01 -2.043556e+01
      vertex   -2.100000e+01 3.004028e+01 -1.969408e+01
    endloop
  endfacet
  facet normal 0.000000e+00 -9.840628e-01 -1.778213e-01
    outer loop
      vertex   -2.100000e+01 3.004028e+01 -1.969408e+01
      vertex   -1.800000e+01 3.017427e+01 -2.043556e+01
      vertex   -1.800000e+01 3.004028e+01 -1.969408e+01
    endloop
  endfacet
  facet normal 0.000000e+00 -9.985901e-01 -5.308332e-02
    outer loop
      vertex   -2.100000e+01 3.004028e+01 -1.969408e+01
      vertex   -1.800000e+01 3.004028e+01 -1.969408e+01
      vertex   -2.100000e+01 3.000028e+01 -1.894166e+01
    endloop
  endfacet
  facet normal 0.000000e+00 -9.985901e-01 -5.308332e-02
    outer loop
      vertex   -2.100000e+01 3.000028e+01 -1.894166e+01
      vertex   -1.800000e+01 3.004028e+01 -1.969408e+01
      vertex   -1.800000e+01 3.000028e+01 -1.894166e+01
    endloop
  endfacet
  facet normal 0.000000e+00 -9.973690e-01 7.249178e-02
    outer loop
      vertex   -2.100000e+01 3.000028e+01 -1.894166e+01
      vertex   -1.800000e+01 3.000028e+01 -1.894166e+01
      vertex   -2.100000e+01 3.005491e+01 -1.819016e+01
    endloop
  endfacet
  facet normal 0.000000e+00 -9.973690e-01 7.249178e-02
    outer loop
      vertex   -2.100000e+01 3.005491e+01 -1.819016e+01
      vertex   -1.800000e+01 3.000028e+01 -1.894166e+01
      vertex   -1.800000e+01 3.005491e+01 -1.819016e+01
    endloop
  endfacet
  facet normal 0.000000e+00 -9.804188e-01 1.969236e-01
    outer loop
      vertex   -2.100000e+01 3.005491e+01 -1.819016e+01
      vertex   -1.800000e+01 3.005491e+01 -1.819016e+01
      vertex   -2.100000e+01 3.020328e+01 -1.745142e+01
    endloop
  endfacet
  facet normal 0.000000e+00 -9.804188e-01 1.969236e-01
    outer loop
      vertex   -2.100000e+01 3.020328e+01 -1.745142e+01
      vertex   -1.800000e+01 3.005491e+01 -1.819016e+01
      vertex   -1.800000e+01 3.020328e+01 -1.745142e+01
    endloop
  endfacet
  facet normal 0.000000e+00 -9.480069e-01 3.182499e-01
    outer loop
      vertex   -2.100000e+01 3.020328e+01 -1.745142e+01
      vertex   -1.800000e+01 3.020328e+01 -1.745142e+01
      vertex   -2.100000e+01 3.044308e+01 -1.673711e+01
    endloop
  endfacet
  facet normal 0.000000e+00 -9.480069e-01 3.182499e-01
    outer loop
      vertex   -2.100000e+01 3.044308e+01 -1.673711e+01
      vertex   -1.800000e+01 3.020328e+01 -1.745142e+01
      vertex   -1.800000e+01 3.044308e+01 -1.673711e+01
    endloop
  endfacet
  facet normal 0.000000e+00 -9.006442e-01 4.345572e-01
    outer loop
      vertex   -2.100000e+01 3.044308e+01 -1.673711e+01
      vertex   -1.800000e+01 3.044308e+01 -1.673711e+01
      vertex   -2.100000e+01 3.077051e+01 -1.605849e+01
    endloop
  endfacet
  facet normal 0.000000e+00 -9.006442e-01 4.345572e-01
    outer loop
      vertex   -2.100000e+01 3.077051e+01 -1.605849e+01
      vertex   -1.800000e+01 3.044308e+01 -1.673711e+01
      vertex   -1.800000e+01 3.077051e+01 -1.605849e+01
    endloop
  endfacet
  facet normal 0.000000e+00 -8.390779e-01 5.440112e-01
    outer loop
      vertex   -2.100000e+01 3.077051e+01 -1.605849e+01
      vertex   -1.800000e+01 3.077051e+01 -1.605849e+01
      vertex   -2.100000e+01 3.118042e+01 -1.542626e+01
    endloop
  endfacet
  facet normal 0.000000e+00 -8.390779e-01 5.440112e-01
    outer loop
      vertex   -2.100000e+01 3.118042e+01 -1.542626e+01
      vertex   -1.800000e+01 3.077051e+01 -1.605849e+01
      vertex   -1.800000e+01 3.118042e+01 -1.542626e+01
    endloop
  endfacet
  facet normal 0.000000e+00 -7.642789e-01 6.448859e-01
    outer loop
      vertex   -2.100000e+01 3.118042e+01 -1.542626e+01
      vertex   -1.800000e+01 3.118042e+01 -1.542626e+01
      vertex   -2.100000e+01 3.166633e+01 -1.485038e+01
    endloop
  endfacet
  facet normal 0.000000e+00 -7.642789e-01 6.448859e-01
    outer loop
      vertex   -2.100000e+01 3.166633e+01 -1.485038e+01
      vertex   -1.800000e+01 3.118042e+01 -1.542626e+01
      vertex   -1.800000e+01 3.166633e+01 -1.485038e+01
    endloop
  endfacet
  facet normal 0.000000e+00 -6.774267e-01 7.355903e-01
    outer loop
      vertex   -2.100000e+01 3.166633e+01 -1.485038e+01
      vertex   -1.800000e+01 3.166633e+01 -1.485038e+01
      vertex   -2.100000e+01 3.222059e+01 -1.433995e+01
    endloop
  endfacet
  facet normal 0.000000e+00 -6.774267e-01 7.355903e-01
    outer loop
      vertex   -2.100000e+01 3.222059e+01 -1.433995e+01
      vertex   -1.800000e+01 3.166633e+01 -1.485038e+01
      vertex   -1.800000e+01 3.222059e+01 -1.433995e+01
    endloop
  endfacet
  facet normal 0.000000e+00 -5.798911e-01 8.146940e-01
    outer loop
      vertex   -2.100000e+01 3.222059e+01 -1.433995e+01
      vertex   -1.800000e+01 3.222059e+01 -1.433995e+01
      vertex   -2.100000e+01 3.283445e+01 -1.390301e+01
    endloop
  endfacet
  facet normal 0.000000e+00 -5.798911e-01 8.146940e-01
    outer loop
      vertex   -2.100000e+01 3.283445e+01 -1.390301e+01
      vertex   -1.800000e+01 3.222059e+01 -1.433995e+01
      vertex   -1.800000e+01 3.283445e+01 -1.390301e+01
    endloop
  endfacet
  facet normal 1.000000e+00 0.000000e+00 0.000000e+00
    outer loop
      vertex   -1.800000e+01 6.291443e+01 -5.000000e+00
      vertex   -1.800000e+01 5.200000e+01 -5.000000e+00
      vertex   -1.800000e+01 6.291443e+01 -9.347440e+00
    endloop
  endfacet
  facet normal 1.000000e+00 0.000000e+00 0.000000e+00
    outer loop
      vertex   -1.800000e+01 6.291443e+01 -9.347440e+00
      vertex   -1.800000e+01 5.200000e+01 -5.000000e+00
      vertex   -1.800000e+01 3.731446e+01 -1.827737e+01
    endloop
  endfacet
  facet normal 1.000000e+00 0.000000e+00 0.000000e+00
    outer loop
      vertex   -1.800000e+01 6.291443e+01 -9.347440e+00
      vertex   -1.800000e+01 3.731446e+01 -1.827737e+01
      vertex   -1.800000e+01 3.745287e+01 -1.862697e+01
    endloop
  endfacet
  facet normal 1.000000e+00 0.000000e+00 0.000000e+00
    outer loop
      vertex   -1.800000e+01 5.200000e+01 -2.000000e+00
      vertex   -1.800000e+01 3.283445e+01 -1.390301e+01
      vertex   -1.800000e+01 5.200000e+01 -5.000000e+00
    endloop
  endfacet
  facet normal 1.000000e+00 0.000000e+00 0.000000e+00
    outer loop
      vertex   -1.800000e+01 5.200000e+01 -5.000000e+00
      vertex   -1.800000e+01 3.283445e+01 -1.390301e+01
      vertex   -1.800000e+01 3.680374e+01 -1.773351e+01
    endloop
  endfacet
  facet normal 1.000000e+00 0.000000e+00 0.000000e+00
    outer loop
      vertex   -1.800000e+01 5.200000e+01 -5.000000e+00
      vertex   -1.800000e+01 3.680374e+01 -1.773351e+01
      vertex   -1.800000e+01 3.709345e+01 -1.797318e+01
    endloop
  endfacet
  facet normal 1.000000e+00 -0.000000e+00 0.000000e+00
    outer loop
      vertex   -1.800000e+01 3.222059e+01 -1.433995e+01
      vertex   -1.800000e+01 3.571893e+01 -1.752657e+01
      vertex   -1.800000e+01 3.283445e+01 -1.390301e+01
    endloop
  endfacet
  facet normal 1.000000e+00 0.000000e+00 0.000000e+00
    outer loop
      vertex   -1.800000e+01 3.283445e+01 -1.390301e+01
      vertex   -1.800000e+01 3.571893e+01 -1.752657e+01
      vertex   -1.800000e+01 3.609419e+01 -1.750296e+01
    endloop
  endfacet
  facet normal 1.000000e+00 0.000000e+00 0.000000e+00
    outer loop
      vertex   -1.800000e+01 3.283445e+01 -1.390301e+01
      vertex   -1.800000e+01 3.609419e+01 -1.750296e+01
      vertex   -1.800000e+01 3.646353e+01 -1.757342e+01
    endloop
  endfacet
  facet normal 1.000000e+00 0.000000e+00 0.000000e+00
    outer loop
      vertex   -1.800000e+01 3.571893e+01 -1.752657e+01
      vertex   -1.800000e+01 3.222059e+01 -1.433995e+01
      vertex   -1.800000e+01 3.536133e+01 -1.764276e+01
    endloop
  endfacet
  facet normal 1.000000e+00 0.000000e+00 0.000000e+00
    outer loop
      vertex   -1.800000e+01 3.536133e+01 -1.764276e+01
      vertex   -1.800000e+01 3.222059e+01 -1.433995e+01
      vertex   -1.800000e+01 3.166633e+01 -1.485038e+01
    endloop
  endfacet
  facet normal 1.000000e+00 0.000000e+00 0.000000e+00
    outer loop
      vertex   -1.800000e+01 3.536133e+01 -1.764276e+01
      vertex   -1.800000e+01 3.166633e+01 -1.485038e+01
      vertex   -1.800000e+01 3.118042e+01 -1.542626e+01
    endloop
  endfacet
  facet normal 1.000000e+00 0.000000e+00 0.000000e+00
    outer loop
      vertex   -1.800000e+01 3.536133e+01 -1.764276e+01
      vertex   -1.800000e+01 3.118042e+01 -1.542626e+01
      vertex   -1.800000e+01 3.504386e+01 -1.784423e+01
    endloop
  endfacet
  facet normal 1.000000e+00 0.000000e+00 0.000000e+00
    outer loop
      vertex   -1.800000e+01 3.504386e+01 -1.784423e+01
      vertex   -1.800000e+01 3.118042e+01 -1.542626e+01
      vertex   -1.800000e+01 3.077051e+01 -1.605849e+01
    endloop
  endfacet
  facet normal 1.000000e+00 0.000000e+00 0.000000e+00
    outer loop
      vertex   -1.800000e+01 3.504386e+01 -1.784423e+01
      vertex   -1.800000e+01 3.077051e+01 -1.605849e+01
      vertex   -1.800000e+01 3.044308e+01 -1.673711e+01
    endloop
  endfacet
  facet normal 1.000000e+00 0.000000e+00 0.000000e+00
    outer loop
      vertex   -1.800000e+01 3.504386e+01 -1.784423e+01
      vertex   -1.800000e+01 3.044308e+01 -1.673711e+01
      vertex   -1.800000e+01 3.478647e+01 -1.811832e+01
    endloop
  endfacet
  facet normal 1.000000e+00 0.000000e+00 0.000000e+00
    outer loop
      vertex   -1.800000e+01 3.478647e+01 -1.811832e+01
      vertex   -1.800000e+01 3.044308e+01 -1.673711e+01
      vertex   -1.800000e+01 3.020328e+01 -1.745142e+01
    endloop
  endfacet
  facet normal 1.000000e+00 0.000000e+00 0.000000e+00
    outer loop
      vertex   -1.800000e+01 3.478647e+01 -1.811832e+01
      vertex   -1.800000e+01 3.020328e+01 -1.745142e+01
      vertex   -1.800000e+01 3.460534e+01 -1.844781e+01
    endloop
  endfacet
  facet normal 1.000000e+00 0.000000e+00 0.000000e+00
    outer loop
      vertex   -1.800000e+01 3.460534e+01 -1.844781e+01
      vertex   -1.800000e+01 3.020328e+01 -1.745142e+01
      vertex   -1.800000e+01 3.005491e+01 -1.819016e+01
    endloop
  endfacet
  facet normal 1.000000e+00 0.000000e+00 0.000000e+00
    outer loop
      vertex   -1.800000e+01 3.460534e+01 -1.844781e+01
      vertex   -1.800000e+01 3.005491e+01 -1.819016e+01
      vertex   -1.800000e+01 3.451183e+01 -1.881200e+01
    endloop
  endfacet
  facet normal 1.000000e+00 0.000000e+00 0.000000e+00
    outer loop
      vertex   -1.800000e+01 3.451183e+01 -1.881200e+01
      vertex   -1.800000e+01 3.005491e+01 -1.819016e+01
      vertex   -1.800000e+01 3.000028e+01 -1.894166e+01
    endloop
  endfacet
  facet normal 1.000000e+00 0.000000e+00 0.000000e+00
    outer loop
      vertex   -1.800000e+01 3.451183e+01 -1.881200e+01
      vertex   -1.800000e+01 3.000028e+01 -1.894166e+01
      vertex   -1.800000e+01 3.451183e+01 -1.918800e+01
    endloop
  endfacet
  facet normal 1.000000e+00 0.000000e+00 0.000000e+00
    outer loop
      vertex   -1.800000e+01 3.451183e+01 -1.918800e+01
      vertex   -1.800000e+01 3.000028e+01 -1.894166e+01
      vertex   -1.800000e+01 3.004028e+01 -1.969408e+01
    endloop
  endfacet
  facet normal 1.000000e+00 0.000000e+00 0.000000e+00
    outer loop
      vertex   -1.800000e+01 3.451183e+01 -1.918800e+01
      vertex   -1.800000e+01 3.004028e+01 -1.969408e+01
      vertex   -1.800000e+01 3.460534e+01 -1.955219e+01
    endloop
  endfacet
  facet normal 1.000000e+00 0.000000e+00 0.000000e+00
    outer loop
      vertex   -1.800000e+01 3.460534e+01 -1.955219e+01
      vertex   -1.800000e+01 3.004028e+01 -1.969408e+01
      vertex   -1.800000e+01 3.017427e+01 -2.043556e+01
    endloop
  endfacet
  facet normal 1.000000e+00 0.000000e+00 0.000000e+00
    outer loop
      vertex   -1.800000e+01 3.460534e+01 -1.955219e+01
      vertex   -1.800000e+01 3.017427e+01 -2.043556e+01
      vertex   -1.800000e+01 3.478647e+01 -1.988168e+01
    endloop
  endfacet
  facet normal 1.000000e+00 0.000000e+00 0.000000e+00
    outer loop
      vertex   -1.800000e+01 3.478647e+01 -1.988168e+01
      vertex   -1.800000e+01 3.017427e+01 -2.043556e+01
      vertex   -1.800000e+01 3.040013e+01 -2.115440e+01
    endloop
  endfacet
  facet normal 1.000000e+00 0.000000e+00 0.000000e+00
    outer loop
      vertex   -1.800000e+01 3.478647e+01 -1.988168e+01
      vertex   -1.800000e+01 3.040013e+01 -2.115440e+01
      vertex   -1.800000e+01 3.504386e+01 -2.015577e+01
    endloop
  endfacet
  facet normal 1.000000e+00 0.000000e+00 0.000000e+00
    outer loop
      vertex   -1.800000e+01 3.504386e+01 -2.015577e+01
      vertex   -1.800000e+01 3.040013e+01 -2.115440e+01
      vertex   -1.800000e+01 3.071430e+01 -2.183926e+01
    endloop
  endfacet
  facet normal 1.000000e+00 0.000000e+00 0.000000e+00
    outer loop
      vertex   -1.800000e+01 3.504386e+01 -2.015577e+01
      vertex   -1.800000e+01 3.071430e+01 -2.183926e+01
      vertex   -1.800000e+01 3.111184e+01 -2.247935e+01
    endloop
  endfacet
  facet normal 1.000000e+00 0.000000e+00 0.000000e+00
    outer loop
      vertex   -1.800000e+01 3.504386e+01 -2.015577e+01
      vertex   -1.800000e+01 3.111184e+01 -2.247935e+01
      vertex   -1.800000e+01 3.536133e+01 -2.035724e+01
    endloop
  endfacet
  facet normal 1.000000e+00 0.000000e+00 0.000000e+00
    outer loop
      vertex   -1.800000e+01 3.536133e+01 -2.035724e+01
      vertex   -1.800000e+01 3.111184e+01 -2.247935e+01
      vertex   -1.800000e+01 3.158646e+01 -2.306456e+01
    endloop
  endfacet
  facet normal 1.000000e+00 0.000000e+00 0.000000e+00
    outer loop
      vertex   -1.800000e+01 3.536133e+01 -2.035724e+01
      vertex   -1.800000e+01 3.158646e+01 -2.306456e+01
      vertex   -1.800000e+01 3.213068e+01 -2.358567e+01
    endloop
  endfacet
  facet normal 1.000000e+00 0.000000e+00 0.000000e+00
    outer loop
      vertex   -1.800000e+01 3.536133e+01 -2.035724e+01
      vertex   -1.800000e+01 3.213068e+01 -2.358567e+01
      vertex   -1.800000e+01 3.571893e+01 -2.047343e+01
    endloop
  endfacet
  facet normal 1.000000e+00 0.000000e+00 0.000000e+00
    outer loop
      vertex   -1.800000e+01 3.571893e+01 -2.047343e+01
      vertex   -1.800000e+01 3.213068e+01 -2.358567e+01
      vertex   -1.800000e+01 3.273593e+01 -2.403447e+01
    endloop
  endfacet
  facet normal 1.000000e+00 0.000000e+00 0.000000e+00
    outer loop
      vertex   -1.800000e+01 3.571893e+01 -2.047343e+01
      vertex   -1.800000e+01 3.273593e+01 -2.403447e+01
      vertex   -1.800000e+01 3.339266e+01 -2.440387e+01
    endloop
  endfacet
  facet normal 1.000000e+00 -0.000000e+00 0.000000e+00
    outer loop
      vertex   -1.800000e+01 3.339266e+01 -2.440387e+01
      vertex   -1.800000e+01 3.409050e+01 -2.468804e+01
      vertex   -1.800000e+01 3.571893e+01 -2.047343e+01
    endloop
  endfacet
  facet normal 1.000000e+00 0.000000e+00 0.000000e+00
    outer loop
      vertex   -1.800000e+01 3.571893e+01 -2.047343e+01
      vertex   -1.800000e+01 3.409050e+01 -2.468804e+01
      vertex   -1.800000e+01 3.481846e+01 -2.488251e+01
    endloop
  endfacet
  facet normal 1.000000e+00 0.000000e+00 0.000000e+00
    outer loop
      vertex   -1.800000e+01 3.571893e+01 -2.047343e+01
      vertex   -1.800000e+01 3.481846e+01 -2.488251e+01
      vertex   -1.800000e+01 3.609419e+01 -2.049704e+01
    endloop
  endfacet
  facet normal 1.000000e+00 0.000000e+00 0.000000e+00
    outer loop
      vertex   -1.800000e+01 3.609419e+01 -2.049704e+01
      vertex   -1.800000e+01 3.481846e+01 -2.488251e+01
      vertex   -1.800000e+01 3.556505e+01 -2.498421e+01
    endloop
  endfacet
  facet normal 1.000000e+00 0.000000e+00 0.000000e+00
    outer loop
      vertex   -1.800000e+01 3.609419e+01 -2.049704e+01
      vertex   -1.800000e+01 3.556505e+01 -2.498421e+01
      vertex   -1.800000e+01 3.631850e+01 -2.499154e+01
    endloop
  endfacet
  facet normal 1.000000e+00 0.000000e+00 -0.000000e+00
    outer loop
      vertex   -1.800000e+01 3.631850e+01 -2.499154e+01
      vertex   -1.800000e+01 3.706693e+01 -2.490438e+01
      vertex   -1.800000e+01 3.609419e+01 -2.049704e+01
    endloop
  endfacet
  facet normal 1.000000e+00 0.000000e+00 0.000000e+00
    outer loop
      vertex   -1.800000e+01 3.609419e+01 -2.049704e+01
      vertex   -1.800000e+01 3.706693e+01 -2.490438e+01
      vertex   -1.800000e+01 3.779853e+01 -2.472410e+01
    endloop
  endfacet
  facet normal 1.000000e+00 0.000000e+00 0.000000e+00
    outer loop
      vertex   -1.800000e+01 3.609419e+01 -2.049704e+01
      vertex   -1.800000e+01 3.779853e+01 -2.472410e+01
      vertex   -1.800000e+01 3.850177e+01 -2.445355e+01
    endloop
  endfacet
  facet normal 1.000000e+00 0.000000e+00 -0.000000e+00
    outer loop
      vertex   -1.800000e+01 3.850177e+01 -2.445355e+01
      vertex   -1.800000e+01 3.916555e+01 -2.409699e+01
      vertex   -1.800000e+01 3.609419e+01 -2.049704e+01
    endloop
  endfacet
  facet normal 1.000000e+00 -0.000000e+00 0.000000e+00
    outer loop
      vertex   -1.800000e+01 3.609419e+01 -2.049704e+01
      vertex   -1.800000e+01 3.916555e+01 -2.409699e+01
      vertex   -1.800000e+01 3.646353e+01 -2.042658e+01
    endloop
  endfacet
  facet normal 1.000000e+00 -0.000000e+00 0.000000e+00
    outer loop
      vertex   -1.800000e+01 3.646353e+01 -2.042658e+01
      vertex   -1.800000e+01 3.916555e+01 -2.409699e+01
      vertex   -1.800000e+01 3.680374e+01 -2.026649e+01
    endloop
  endfacet
  facet normal 1.000000e+00 -0.000000e+00 0.000000e+00
    outer loop
      vertex   -1.800000e+01 3.680374e+01 -2.026649e+01
      vertex   -1.800000e+01 3.916555e+01 -2.409699e+01
      vertex   -1.800000e+01 3.709345e+01 -2.002682e+01
    endloop
  endfacet
  facet normal 1.000000e+00 -0.000000e+00 0.000000e+00
    outer loop
      vertex   -1.800000e+01 3.709345e+01 -2.002682e+01
      vertex   -1.800000e+01 3.916555e+01 -2.409699e+01
      vertex   -1.800000e+01 3.731446e+01 -1.972263e+01
    endloop
  endfacet
  facet normal 1.000000e+00 -0.000000e+00 0.000000e+00
    outer loop
      vertex   -1.800000e+01 3.731446e+01 -1.972263e+01
      vertex   -1.800000e+01 3.916555e+01 -2.409699e+01
      vertex   -1.800000e+01 3.745287e+01 -1.937303e+01
    endloop
  endfacet
  facet normal 1.000000e+00 -0.000000e+00 0.000000e+00
    outer loop
      vertex   -1.800000e+01 3.745287e+01 -1.937303e+01
      vertex   -1.800000e+01 3.916555e+01 -2.409699e+01
      vertex   -1.800000e+01 3.750000e+01 -1.900000e+01
    endloop
  endfacet
  facet normal 1.000000e+00 -0.000000e+00 0.000000e+00
    outer loop
      vertex   -1.800000e+01 3.750000e+01 -1.900000e+01
      vertex   -1.800000e+01 3.916555e+01 -2.409699e+01
      vertex   -1.800000e+01 6.291443e+01 -9.347440e+00
    endloop
  endfacet
  facet normal 1.000000e+00 0.000000e+00 -0.000000e+00
    outer loop
      vertex   -1.800000e+01 3.750000e+01 -1.900000e+01
      vertex   -1.800000e+01 6.291443e+01 -9.347440e+00
      vertex   -1.800000e+01 3.745287e+01 -1.862697e+01
    endloop
  endfacet
  facet normal 1.000000e+00 -0.000000e+00 -0.000000e+00
    outer loop
      vertex   -1.800000e+01 3.646353e+01 -1.757342e+01
      vertex   -1.800000e+01 3.680374e+01 -1.773351e+01
      vertex   -1.800000e+01 3.283445e+01 -1.390301e+01
    endloop
  endfacet
  facet normal 1.000000e+00 -0.000000e+00 0.000000e+00
    outer loop
      vertex   -1.800000e+01 3.709345e+01 -1.797318e+01
      vertex   -1.800000e+01 3.731446e+01 -1.827737e+01
      vertex   -1.800000e+01 5.200000e+01 -5.000000e+00
    endloop
  endfacet
endsolid
