solid ASCII
  facet normal 3.383537e-16 2.574839e-15 1.000000e+00
    outer loop
      vertex   -1.175000e+01 3.000000e+01 -1.523891e+01
      vertex   -1.175000e+01 3.206967e+01 -1.523891e+01
      vertex   -1.700000e+01 3.000000e+01 -1.523891e+01
    endloop
  endfacet
  facet normal 3.383537e-16 2.574839e-15 1.000000e+00
    outer loop
      vertex   -1.700000e+01 3.000000e+01 -1.523891e+01
      vertex   -1.175000e+01 3.206967e+01 -1.523891e+01
      vertex   -1.700000e+01 3.206967e+01 -1.523891e+01
    endloop
  endfacet
  facet normal -3.383537e-16 1.716559e-15 -1.000000e+00
    outer loop
      vertex   -1.175000e+01 3.206967e+01 -8.160003e+00
      vertex   -1.175000e+01 3.000000e+01 -8.160003e+00
      vertex   -1.700000e+01 3.206967e+01 -8.160003e+00
    endloop
  endfacet
  facet normal -3.383537e-16 1.716559e-15 -1.000000e+00
    outer loop
      vertex   -1.700000e+01 3.206967e+01 -8.160003e+00
      vertex   -1.175000e+01 3.000000e+01 -8.160003e+00
      vertex   -1.700000e+01 3.000000e+01 -8.160003e+00
    endloop
  endfacet
  facet normal 0.000000e+00 -1.000000e+00 0.000000e+00
    outer loop
      vertex   -1.175000e+01 3.206967e+01 -1.523891e+01
      vertex   -1.175000e+01 3.206967e+01 -8.160003e+00
      vertex   -1.700000e+01 3.206967e+01 -1.523891e+01
    endloop
  endfacet
  facet normal 0.000000e+00 -1.000000e+00 0.000000e+00
    outer loop
      vertex   -1.700000e+01 3.206967e+01 -1.523891e+01
      vertex   -1.175000e+01 3.206967e+01 -8.160003e+00
      vertex   -1.700000e+01 3.206967e+01 -8.160003e+00
    endloop
  endfacet
  facet normal -0.000000e+00 -1.000000e+00 0.000000e+00
    outer loop
      vertex   -1.296239e+01 3.000000e+01 1.233378e+01
      vertex   -1.453761e+01 3.000000e+01 1.233378e+01
      vertex   -1.300000e+01 3.000000e+01 1.200000e+01
    endloop
  endfacet
  facet normal 0.000000e+00 -1.000000e+00 0.000000e+00
    outer loop
      vertex   -1.300000e+01 3.000000e+01 1.200000e+01
      vertex   -1.453761e+01 3.000000e+01 1.233378e+01
      vertex   -1.450000e+01 3.000000e+01 1.200000e+01
    endloop
  endfacet
  facet normal -0.000000e+00 -1.000000e+00 -0.000000e+00
    outer loop
      vertex   -1.300000e+01 3.000000e+01 1.200000e+01
      vertex   -1.450000e+01 3.000000e+01 1.200000e+01
      vertex   -1.296239e+01 3.000000e+01 1.166622e+01
    endloop
  endfacet
  facet normal 0.000000e+00 -1.000000e+00 0.000000e+00
    outer loop
      vertex   -1.296239e+01 3.000000e+01 1.166622e+01
      vertex   -1.450000e+01 3.000000e+01 1.200000e+01
      vertex   -1.453761e+01 3.000000e+01 1.166622e+01
    endloop
  endfacet
  facet normal -0.000000e+00 -1.000000e+00 -0.000000e+00
    outer loop
      vertex   -1.296239e+01 3.000000e+01 1.166622e+01
      vertex   -1.453761e+01 3.000000e+01 1.166622e+01
      vertex   -1.285145e+01 3.000000e+01 1.134917e+01
    endloop
  endfacet
  facet normal 0.000000e+00 -1.000000e+00 0.000000e+00
    outer loop
      vertex   -1.285145e+01 3.000000e+01 1.134917e+01
      vertex   -1.453761e+01 3.000000e+01 1.166622e+01
      vertex   -1.464855e+01 3.000000e+01 1.134917e+01
    endloop
  endfacet
  facet normal -0.000000e+00 -1.000000e+00 -0.000000e+00
    outer loop
      vertex   -1.285145e+01 3.000000e+01 1.134917e+01
      vertex   -1.464855e+01 3.000000e+01 1.134917e+01
      vertex   -1.267275e+01 3.000000e+01 1.106477e+01
    endloop
  endfacet
  facet normal 0.000000e+00 -1.000000e+00 0.000000e+00
    outer loop
      vertex   -1.267275e+01 3.000000e+01 1.106477e+01
      vertex   -1.464855e+01 3.000000e+01 1.134917e+01
      vertex   -1.482725e+01 3.000000e+01 1.106477e+01
    endloop
  endfacet
  facet normal -0.000000e+00 -1.000000e+00 -0.000000e+00
    outer loop
      vertex   -1.267275e+01 3.000000e+01 1.106477e+01
      vertex   -1.482725e+01 3.000000e+01 1.106477e+01
      vertex   -1.243523e+01 3.000000e+01 1.082725e+01
    endloop
  endfacet
  facet normal 0.000000e+00 -1.000000e+00 0.000000e+00
    outer loop
      vertex   -1.243523e+01 3.000000e+01 1.082725e+01
      vertex   -1.482725e+01 3.000000e+01 1.106477e+01
      vertex   -1.506477e+01 3.000000e+01 1.082725e+01
    endloop
  endfacet
  facet normal -0.000000e+00 -1.000000e+00 -0.000000e+00
    outer loop
      vertex   -1.243523e+01 3.000000e+01 1.082725e+01
      vertex   -1.506477e+01 3.000000e+01 1.082725e+01
      vertex   -1.215083e+01 3.000000e+01 1.064855e+01
    endloop
  endfacet
  facet normal 0.000000e+00 -1.000000e+00 0.000000e+00
    outer loop
      vertex   -1.215083e+01 3.000000e+01 1.064855e+01
      vertex   -1.506477e+01 3.000000e+01 1.082725e+01
      vertex   -1.534917e+01 3.000000e+01 1.064855e+01
    endloop
  endfacet
  facet normal -0.000000e+00 -1.000000e+00 -0.000000e+00
    outer loop
      vertex   -1.215083e+01 3.000000e+01 1.064855e+01
      vertex   -1.534917e+01 3.000000e+01 1.064855e+01
      vertex   -1.011281e+01 3.000000e+01 2.199667e+00
    endloop
  endfacet
  facet normal 0.000000e+00 -1.000000e+00 0.000000e+00
    outer loop
      vertex   -1.011281e+01 3.000000e+01 2.199667e+00
      vertex   -1.534917e+01 3.000000e+01 1.064855e+01
      vertex   -1.566622e+01 3.000000e+01 1.053761e+01
    endloop
  endfacet
  facet normal -0.000000e+00 -1.000000e+00 0.000000e+00
    outer loop
      vertex   -1.011281e+01 3.000000e+01 2.199667e+00
      vertex   -1.566622e+01 3.000000e+01 1.053761e+01
      vertex   -1.043830e+01 3.000000e+01 1.832264e+00
    endloop
  endfacet
  facet normal 0.000000e+00 -1.000000e+00 0.000000e+00
    outer loop
      vertex   -1.043830e+01 3.000000e+01 1.832264e+00
      vertex   -1.566622e+01 3.000000e+01 1.053761e+01
      vertex   -1.600000e+01 3.000000e+01 1.050000e+01
    endloop
  endfacet
  facet normal -0.000000e+00 -1.000000e+00 0.000000e+00
    outer loop
      vertex   -1.043830e+01 3.000000e+01 1.832264e+00
      vertex   -1.600000e+01 3.000000e+01 1.050000e+01
      vertex   -1.070064e+01 3.000000e+01 1.417406e+00
    endloop
  endfacet
  facet normal -0.000000e+00 -1.000000e+00 0.000000e+00
    outer loop
      vertex   -1.070064e+01 3.000000e+01 1.417406e+00
      vertex   -1.600000e+01 3.000000e+01 1.050000e+01
      vertex   -1.089304e+01 3.000000e+01 9.658374e-01
    endloop
  endfacet
  facet normal 0.000000e+00 -1.000000e+00 0.000000e+00
    outer loop
      vertex   -1.089304e+01 3.000000e+01 9.658374e-01
      vertex   -1.600000e+01 3.000000e+01 1.050000e+01
      vertex   -1.633378e+01 3.000000e+01 1.053761e+01
    endloop
  endfacet
  facet normal -0.000000e+00 -1.000000e+00 0.000000e+00
    outer loop
      vertex   -1.089304e+01 3.000000e+01 9.658374e-01
      vertex   -1.633378e+01 3.000000e+01 1.053761e+01
      vertex   -1.900000e+01 3.000000e+01 -3.000000e+00
    endloop
  endfacet
  facet normal 0.000000e+00 -1.000000e+00 0.000000e+00
    outer loop
      vertex   -1.900000e+01 3.000000e+01 -3.000000e+00
      vertex   -1.633378e+01 3.000000e+01 1.053761e+01
      vertex   -1.665083e+01 3.000000e+01 1.064855e+01
    endloop
  endfacet
  facet normal 0.000000e+00 -1.000000e+00 0.000000e+00
    outer loop
      vertex   -1.900000e+01 3.000000e+01 -3.000000e+00
      vertex   -1.665083e+01 3.000000e+01 1.064855e+01
      vertex   -1.693523e+01 3.000000e+01 1.082725e+01
    endloop
  endfacet
  facet normal 0.000000e+00 -1.000000e+00 0.000000e+00
    outer loop
      vertex   -1.453761e+01 3.000000e+01 1.233378e+01
      vertex   -1.296239e+01 3.000000e+01 1.233378e+01
      vertex   -1.464855e+01 3.000000e+01 1.265083e+01
    endloop
  endfacet
  facet normal 0.000000e+00 -1.000000e+00 0.000000e+00
    outer loop
      vertex   -1.464855e+01 3.000000e+01 1.265083e+01
      vertex   -1.296239e+01 3.000000e+01 1.233378e+01
      vertex   -1.285145e+01 3.000000e+01 1.265083e+01
    endloop
  endfacet
  facet normal 0.000000e+00 -1.000000e+00 0.000000e+00
    outer loop
      vertex   -1.464855e+01 3.000000e+01 1.265083e+01
      vertex   -1.285145e+01 3.000000e+01 1.265083e+01
      vertex   -1.482725e+01 3.000000e+01 1.293523e+01
    endloop
  endfacet
  facet normal 0.000000e+00 -1.000000e+00 0.000000e+00
    outer loop
      vertex   -1.482725e+01 3.000000e+01 1.293523e+01
      vertex   -1.285145e+01 3.000000e+01 1.265083e+01
      vertex   -1.267275e+01 3.000000e+01 1.293523e+01
    endloop
  endfacet
  facet normal 0.000000e+00 -1.000000e+00 0.000000e+00
    outer loop
      vertex   -1.482725e+01 3.000000e+01 1.293523e+01
      vertex   -1.267275e+01 3.000000e+01 1.293523e+01
      vertex   -1.506477e+01 3.000000e+01 1.317275e+01
    endloop
  endfacet
  facet normal 0.000000e+00 -1.000000e+00 0.000000e+00
    outer loop
      vertex   -1.506477e+01 3.000000e+01 1.317275e+01
      vertex   -1.267275e+01 3.000000e+01 1.293523e+01
      vertex   -1.243523e+01 3.000000e+01 1.317275e+01
    endloop
  endfacet
  facet normal 0.000000e+00 -1.000000e+00 0.000000e+00
    outer loop
      vertex   -1.506477e+01 3.000000e+01 1.317275e+01
      vertex   -1.243523e+01 3.000000e+01 1.317275e+01
      vertex   -1.534917e+01 3.000000e+01 1.335145e+01
    endloop
  endfacet
  facet normal 0.000000e+00 -1.000000e+00 0.000000e+00
    outer loop
      vertex   -1.534917e+01 3.000000e+01 1.335145e+01
      vertex   -1.243523e+01 3.000000e+01 1.317275e+01
      vertex   -1.215083e+01 3.000000e+01 1.335145e+01
    endloop
  endfacet
  facet normal 0.000000e+00 -1.000000e+00 0.000000e+00
    outer loop
      vertex   -1.534917e+01 3.000000e+01 1.335145e+01
      vertex   -1.215083e+01 3.000000e+01 1.335145e+01
      vertex   -1.700000e+01 3.000000e+01 1.900000e+01
    endloop
  endfacet
  facet normal 0.000000e+00 -1.000000e+00 0.000000e+00
    outer loop
      vertex   -1.700000e+01 3.000000e+01 1.900000e+01
      vertex   -1.215083e+01 3.000000e+01 1.335145e+01
      vertex   -1.183378e+01 3.000000e+01 1.346239e+01
    endloop
  endfacet
  facet normal 0.000000e+00 -1.000000e+00 0.000000e+00
    outer loop
      vertex   -1.700000e+01 3.000000e+01 1.900000e+01
      vertex   -1.183378e+01 3.000000e+01 1.346239e+01
      vertex   -1.150000e+01 3.000000e+01 1.350000e+01
    endloop
  endfacet
  facet normal 0.000000e+00 -1.000000e+00 0.000000e+00
    outer loop
      vertex   -1.150000e+01 3.000000e+01 1.350000e+01
      vertex   -1.116622e+01 3.000000e+01 1.346239e+01
      vertex   -1.700000e+01 3.000000e+01 1.900000e+01
    endloop
  endfacet
  facet normal 0.000000e+00 -1.000000e+00 0.000000e+00
    outer loop
      vertex   -1.700000e+01 3.000000e+01 1.900000e+01
      vertex   -1.116622e+01 3.000000e+01 1.346239e+01
      vertex   -1.084917e+01 3.000000e+01 1.335145e+01
    endloop
  endfacet
  facet normal 0.000000e+00 -1.000000e+00 0.000000e+00
    outer loop
      vertex   -1.700000e+01 3.000000e+01 1.900000e+01
      vertex   -1.084917e+01 3.000000e+01 1.335145e+01
      vertex   6.000000e+00 3.000000e+01 1.900000e+01
    endloop
  endfacet
  facet normal 0.000000e+00 -1.000000e+00 0.000000e+00
    outer loop
      vertex   6.000000e+00 3.000000e+01 1.900000e+01
      vertex   -1.084917e+01 3.000000e+01 1.335145e+01
      vertex   -1.056477e+01 3.000000e+01 1.317275e+01
    endloop
  endfacet
  facet normal 0.000000e+00 -1.000000e+00 0.000000e+00
    outer loop
      vertex   6.000000e+00 3.000000e+01 1.900000e+01
      vertex   -1.056477e+01 3.000000e+01 1.317275e+01
      vertex   -1.032725e+01 3.000000e+01 1.293523e+01
    endloop
  endfacet
  facet normal 0.000000e+00 -1.000000e+00 0.000000e+00
    outer loop
      vertex   -1.032725e+01 3.000000e+01 1.293523e+01
      vertex   -1.014855e+01 3.000000e+01 1.265083e+01
      vertex   6.000000e+00 3.000000e+01 1.900000e+01
    endloop
  endfacet
  facet normal 0.000000e+00 -1.000000e+00 0.000000e+00
    outer loop
      vertex   6.000000e+00 3.000000e+01 1.900000e+01
      vertex   -1.014855e+01 3.000000e+01 1.265083e+01
      vertex   -1.003761e+01 3.000000e+01 1.233378e+01
    endloop
  endfacet
  facet normal 0.000000e+00 -1.000000e+00 0.000000e+00
    outer loop
      vertex   6.000000e+00 3.000000e+01 1.900000e+01
      vertex   -1.003761e+01 3.000000e+01 1.233378e+01
      vertex   -1.000000e+01 3.000000e+01 1.200000e+01
    endloop
  endfacet
  facet normal 0.000000e+00 -1.000000e+00 -0.000000e+00
    outer loop
      vertex   6.000000e+00 3.000000e+01 1.900000e+01
      vertex   -1.000000e+01 3.000000e+01 1.200000e+01
      vertex   8.000000e+00 3.000000e+01 7.000000e+00
    endloop
  endfacet
  facet normal 0.000000e+00 -1.000000e+00 0.000000e+00
    outer loop
      vertex   8.000000e+00 3.000000e+01 7.000000e+00
      vertex   -1.000000e+01 3.000000e+01 1.200000e+01
      vertex   -1.003761e+01 3.000000e+01 1.166622e+01
    endloop
  endfacet
  facet normal -0.000000e+00 -1.000000e+00 0.000000e+00
    outer loop
      vertex   8.000000e+00 3.000000e+01 7.000000e+00
      vertex   -1.003761e+01 3.000000e+01 1.166622e+01
      vertex   -6.071042e+00 3.000000e+01 2.362545e+00
    endloop
  endfacet
  facet normal 0.000000e+00 -1.000000e+00 0.000000e+00
    outer loop
      vertex   -6.071042e+00 3.000000e+01 2.362545e+00
      vertex   -1.003761e+01 3.000000e+01 1.166622e+01
      vertex   -6.475000e+00 3.000000e+01 2.641377e+00
    endloop
  endfacet
  facet normal 0.000000e+00 -1.000000e+00 0.000000e+00
    outer loop
      vertex   -6.475000e+00 3.000000e+01 2.641377e+00
      vertex   -1.003761e+01 3.000000e+01 1.166622e+01
      vertex   -1.014855e+01 3.000000e+01 1.134917e+01
    endloop
  endfacet
  facet normal 0.000000e+00 -1.000000e+00 0.000000e+00
    outer loop
      vertex   -6.475000e+00 3.000000e+01 2.641377e+00
      vertex   -1.014855e+01 3.000000e+01 1.134917e+01
      vertex   -6.918455e+00 3.000000e+01 2.851800e+00
    endloop
  endfacet
  facet normal 0.000000e+00 -1.000000e+00 0.000000e+00
    outer loop
      vertex   -6.918455e+00 3.000000e+01 2.851800e+00
      vertex   -1.014855e+01 3.000000e+01 1.134917e+01
      vertex   -1.032725e+01 3.000000e+01 1.106477e+01
    endloop
  endfacet
  facet normal 0.000000e+00 -1.000000e+00 0.000000e+00
    outer loop
      vertex   -6.918455e+00 3.000000e+01 2.851800e+00
      vertex   -1.032725e+01 3.000000e+01 1.106477e+01
      vertex   -7.389922e+00 3.000000e+01 2.988361e+00
    endloop
  endfacet
  facet normal 0.000000e+00 -1.000000e+00 0.000000e+00
    outer loop
      vertex   -7.389922e+00 3.000000e+01 2.988361e+00
      vertex   -1.032725e+01 3.000000e+01 1.106477e+01
      vertex   -7.877189e+00 3.000000e+01 3.047526e+00
    endloop
  endfacet
  facet normal 0.000000e+00 -1.000000e+00 0.000000e+00
    outer loop
      vertex   -7.877189e+00 3.000000e+01 3.047526e+00
      vertex   -1.032725e+01 3.000000e+01 1.106477e+01
      vertex   -1.056477e+01 3.000000e+01 1.082725e+01
    endloop
  endfacet
  facet normal -0.000000e+00 -1.000000e+00 0.000000e+00
    outer loop
      vertex   -7.877189e+00 3.000000e+01 3.047526e+00
      vertex   -1.056477e+01 3.000000e+01 1.082725e+01
      vertex   -8.367637e+00 3.000000e+01 3.027762e+00
    endloop
  endfacet
  facet normal 0.000000e+00 -1.000000e+00 0.000000e+00
    outer loop
      vertex   -8.367637e+00 3.000000e+01 3.027762e+00
      vertex   -1.056477e+01 3.000000e+01 1.082725e+01
      vertex   -1.084917e+01 3.000000e+01 1.064855e+01
    endloop
  endfacet
  facet normal -0.000000e+00 -1.000000e+00 0.000000e+00
    outer loop
      vertex   -8.367637e+00 3.000000e+01 3.027762e+00
      vertex   -1.084917e+01 3.000000e+01 1.064855e+01
      vertex   -8.848563e+00 3.000000e+01 2.929580e+00
    endloop
  endfacet
  facet normal 0.000000e+00 -1.000000e+00 0.000000e+00
    outer loop
      vertex   -8.848563e+00 3.000000e+01 2.929580e+00
      vertex   -1.084917e+01 3.000000e+01 1.064855e+01
      vertex   -1.116622e+01 3.000000e+01 1.053761e+01
    endloop
  endfacet
  facet normal -0.000000e+00 -1.000000e+00 0.000000e+00
    outer loop
      vertex   -8.848563e+00 3.000000e+01 2.929580e+00
      vertex   -1.116622e+01 3.000000e+01 1.053761e+01
      vertex   -9.307512e+00 3.000000e+01 2.755524e+00
    endloop
  endfacet
  facet normal 0.000000e+00 -1.000000e+00 0.000000e+00
    outer loop
      vertex   -9.307512e+00 3.000000e+01 2.755524e+00
      vertex   -1.116622e+01 3.000000e+01 1.053761e+01
      vertex   -1.150000e+01 3.000000e+01 1.050000e+01
    endloop
  endfacet
  facet normal -0.000000e+00 -1.000000e+00 0.000000e+00
    outer loop
      vertex   -9.307512e+00 3.000000e+01 2.755524e+00
      vertex   -1.150000e+01 3.000000e+01 1.050000e+01
      vertex   -9.732597e+00 3.000000e+01 2.510101e+00
    endloop
  endfacet
  facet normal 0.000000e+00 -1.000000e+00 0.000000e+00
    outer loop
      vertex   -9.732597e+00 3.000000e+01 2.510101e+00
      vertex   -1.150000e+01 3.000000e+01 1.050000e+01
      vertex   -1.183378e+01 3.000000e+01 1.053761e+01
    endloop
  endfacet
  facet normal -0.000000e+00 -1.000000e+00 0.000000e+00
    outer loop
      vertex   -9.732597e+00 3.000000e+01 2.510101e+00
      vertex   -1.183378e+01 3.000000e+01 1.053761e+01
      vertex   -1.011281e+01 3.000000e+01 2.199667e+00
    endloop
  endfacet
  facet normal 0.000000e+00 -1.000000e+00 0.000000e+00
    outer loop
      vertex   -1.011281e+01 3.000000e+01 2.199667e+00
      vertex   -1.183378e+01 3.000000e+01 1.053761e+01
      vertex   -1.215083e+01 3.000000e+01 1.064855e+01
    endloop
  endfacet
  facet normal 0.000000e+00 -1.000000e+00 0.000000e+00
    outer loop
      vertex   -1.746239e+01 3.000000e+01 1.166622e+01
      vertex   -1.750000e+01 3.000000e+01 1.200000e+01
      vertex   -1.900000e+01 3.000000e+01 1.700000e+01
    endloop
  endfacet
  facet normal 0.000000e+00 -1.000000e+00 0.000000e+00
    outer loop
      vertex   -1.900000e+01 3.000000e+01 1.700000e+01
      vertex   -1.750000e+01 3.000000e+01 1.200000e+01
      vertex   -1.746239e+01 3.000000e+01 1.233378e+01
    endloop
  endfacet
  facet normal 0.000000e+00 -1.000000e+00 0.000000e+00
    outer loop
      vertex   -1.900000e+01 3.000000e+01 1.700000e+01
      vertex   -1.746239e+01 3.000000e+01 1.233378e+01
      vertex   -1.735145e+01 3.000000e+01 1.265083e+01
    endloop
  endfacet
  facet normal 0.000000e+00 -1.000000e+00 0.000000e+00
    outer loop
      vertex   -1.735145e+01 3.000000e+01 1.265083e+01
      vertex   -1.717275e+01 3.000000e+01 1.293523e+01
      vertex   -1.900000e+01 3.000000e+01 1.700000e+01
    endloop
  endfacet
  facet normal 0.000000e+00 -1.000000e+00 0.000000e+00
    outer loop
      vertex   -1.900000e+01 3.000000e+01 1.700000e+01
      vertex   -1.717275e+01 3.000000e+01 1.293523e+01
      vertex   -1.693523e+01 3.000000e+01 1.317275e+01
    endloop
  endfacet
  facet normal 0.000000e+00 -1.000000e+00 0.000000e+00
    outer loop
      vertex   -1.900000e+01 3.000000e+01 1.700000e+01
      vertex   -1.693523e+01 3.000000e+01 1.317275e+01
      vertex   -1.665083e+01 3.000000e+01 1.335145e+01
    endloop
  endfacet
  facet normal 0.000000e+00 -1.000000e+00 0.000000e+00
    outer loop
      vertex   -1.665083e+01 3.000000e+01 1.335145e+01
      vertex   -1.633378e+01 3.000000e+01 1.346239e+01
      vertex   -1.900000e+01 3.000000e+01 1.700000e+01
    endloop
  endfacet
  facet normal 0.000000e+00 -1.000000e+00 0.000000e+00
    outer loop
      vertex   -1.900000e+01 3.000000e+01 1.700000e+01
      vertex   -1.633378e+01 3.000000e+01 1.346239e+01
      vertex   -1.600000e+01 3.000000e+01 1.350000e+01
    endloop
  endfacet
  facet normal 0.000000e+00 -1.000000e+00 0.000000e+00
    outer loop
      vertex   -1.900000e+01 3.000000e+01 1.700000e+01
      vertex   -1.600000e+01 3.000000e+01 1.350000e+01
      vertex   -1.700000e+01 3.000000e+01 1.900000e+01
    endloop
  endfacet
  facet normal 0.000000e+00 -1.000000e+00 0.000000e+00
    outer loop
      vertex   -1.700000e+01 3.000000e+01 1.900000e+01
      vertex   -1.600000e+01 3.000000e+01 1.350000e+01
      vertex   -1.566622e+01 3.000000e+01 1.346239e+01
    endloop
  endfacet
  facet normal 0.000000e+00 -1.000000e+00 0.000000e+00
    outer loop
      vertex   -1.700000e+01 3.000000e+01 1.900000e+01
      vertex   -1.566622e+01 3.000000e+01 1.346239e+01
      vertex   -1.534917e+01 3.000000e+01 1.335145e+01
    endloop
  endfacet
  facet normal -0.000000e+00 -1.000000e+00 0.000000e+00
    outer loop
      vertex   -1.693523e+01 3.000000e+01 1.082725e+01
      vertex   -1.717275e+01 3.000000e+01 1.106477e+01
      vertex   -1.900000e+01 3.000000e+01 -3.000000e+00
    endloop
  endfacet
  facet normal 0.000000e+00 -1.000000e+00 0.000000e+00
    outer loop
      vertex   -1.900000e+01 3.000000e+01 -3.000000e+00
      vertex   -1.717275e+01 3.000000e+01 1.106477e+01
      vertex   -1.735145e+01 3.000000e+01 1.134917e+01
    endloop
  endfacet
  facet normal 0.000000e+00 -1.000000e+00 0.000000e+00
    outer loop
      vertex   -1.900000e+01 3.000000e+01 -3.000000e+00
      vertex   -1.735145e+01 3.000000e+01 1.134917e+01
      vertex   -1.746239e+01 3.000000e+01 1.166622e+01
    endloop
  endfacet
  facet normal 0.000000e+00 -1.000000e+00 0.000000e+00
    outer loop
      vertex   -1.900000e+01 3.000000e+01 -3.000000e+00
      vertex   -1.746239e+01 3.000000e+01 1.166622e+01
      vertex   -1.900000e+01 3.000000e+01 1.700000e+01
    endloop
  endfacet
  facet normal 0.000000e+00 -1.000000e+00 0.000000e+00
    outer loop
      vertex   -1.700000e+01 3.000000e+01 -8.160003e+00
      vertex   -1.175000e+01 3.000000e+01 -8.160003e+00
      vertex   -1.700000e+01 3.000000e+01 -7.000000e+00
    endloop
  endfacet
  facet normal 0.000000e+00 -1.000000e+00 0.000000e+00
    outer loop
      vertex   -1.700000e+01 3.000000e+01 -7.000000e+00
      vertex   -1.175000e+01 3.000000e+01 -8.160003e+00
      vertex   -1.175000e+01 3.000000e+01 -5.000000e+00
    endloop
  endfacet
  facet normal 0.000000e+00 -1.000000e+00 0.000000e+00
    outer loop
      vertex   -1.700000e+01 3.000000e+01 -7.000000e+00
      vertex   -1.175000e+01 3.000000e+01 -5.000000e+00
      vertex   -1.703843e+01 3.000000e+01 -6.609819e+00
    endloop
  endfacet
  facet normal 0.000000e+00 -1.000000e+00 0.000000e+00
    outer loop
      vertex   -1.703843e+01 3.000000e+01 -6.609819e+00
      vertex   -1.175000e+01 3.000000e+01 -5.000000e+00
      vertex   -1.715224e+01 3.000000e+01 -6.234633e+00
    endloop
  endfacet
  facet normal 0.000000e+00 -1.000000e+00 0.000000e+00
    outer loop
      vertex   -1.715224e+01 3.000000e+01 -6.234633e+00
      vertex   -1.175000e+01 3.000000e+01 -5.000000e+00
      vertex   -1.733706e+01 3.000000e+01 -5.888860e+00
    endloop
  endfacet
  facet normal 0.000000e+00 -1.000000e+00 0.000000e+00
    outer loop
      vertex   -1.733706e+01 3.000000e+01 -5.888860e+00
      vertex   -1.175000e+01 3.000000e+01 -5.000000e+00
      vertex   -1.758579e+01 3.000000e+01 -5.585786e+00
    endloop
  endfacet
  facet normal 0.000000e+00 -1.000000e+00 0.000000e+00
    outer loop
      vertex   -1.758579e+01 3.000000e+01 -5.585786e+00
      vertex   -1.175000e+01 3.000000e+01 -5.000000e+00
      vertex   -1.089304e+01 3.000000e+01 -9.658374e-01
    endloop
  endfacet
  facet normal 0.000000e+00 -1.000000e+00 0.000000e+00
    outer loop
      vertex   -1.758579e+01 3.000000e+01 -5.585786e+00
      vertex   -1.089304e+01 3.000000e+01 -9.658374e-01
      vertex   -1.900000e+01 3.000000e+01 -3.000000e+00
    endloop
  endfacet
  facet normal 0.000000e+00 -1.000000e+00 0.000000e+00
    outer loop
      vertex   -1.900000e+01 3.000000e+01 -3.000000e+00
      vertex   -1.089304e+01 3.000000e+01 -9.658374e-01
      vertex   -1.101050e+01 3.000000e+01 -4.892544e-01
    endloop
  endfacet
  facet normal 0.000000e+00 -1.000000e+00 0.000000e+00
    outer loop
      vertex   -1.900000e+01 3.000000e+01 -3.000000e+00
      vertex   -1.101050e+01 3.000000e+01 -4.892544e-01
      vertex   -1.105000e+01 3.000000e+01 -1.047568e-15
    endloop
  endfacet
  facet normal -0.000000e+00 -1.000000e+00 0.000000e+00
    outer loop
      vertex   1.175000e+01 3.000000e+01 -5.000000e+00
      vertex   7.151437e+00 3.000000e+01 -2.929580e+00
      vertex   -1.175000e+01 3.000000e+01 -5.000000e+00
    endloop
  endfacet
  facet normal 0.000000e+00 -1.000000e+00 0.000000e+00
    outer loop
      vertex   -1.175000e+01 3.000000e+01 -5.000000e+00
      vertex   7.151437e+00 3.000000e+01 -2.929580e+00
      vertex   -6.918455e+00 3.000000e+01 -2.851800e+00
    endloop
  endfacet
  facet normal 0.000000e+00 -1.000000e+00 0.000000e+00
    outer loop
      vertex   -1.175000e+01 3.000000e+01 -5.000000e+00
      vertex   -6.918455e+00 3.000000e+01 -2.851800e+00
      vertex   -7.389922e+00 3.000000e+01 -2.988361e+00
    endloop
  endfacet
  facet normal 0.000000e+00 -1.000000e+00 0.000000e+00
    outer loop
      vertex   1.175000e+01 3.000000e+01 -2.200000e+01
      vertex   1.700000e+01 3.000000e+01 -7.000000e+00
      vertex   1.175000e+01 3.000000e+01 -5.000000e+00
    endloop
  endfacet
  facet normal 0.000000e+00 -1.000000e+00 0.000000e+00
    outer loop
      vertex   1.175000e+01 3.000000e+01 -5.000000e+00
      vertex   1.700000e+01 3.000000e+01 -7.000000e+00
      vertex   1.703843e+01 3.000000e+01 -6.609819e+00
    endloop
  endfacet
  facet normal 0.000000e+00 -1.000000e+00 0.000000e+00
    outer loop
      vertex   1.175000e+01 3.000000e+01 -5.000000e+00
      vertex   1.703843e+01 3.000000e+01 -6.609819e+00
      vertex   1.715224e+01 3.000000e+01 -6.234633e+00
    endloop
  endfacet
  facet normal 0.000000e+00 -1.000000e+00 0.000000e+00
    outer loop
      vertex   1.700000e+01 3.000000e+01 -7.000000e+00
      vertex   1.175000e+01 3.000000e+01 -2.200000e+01
      vertex   1.700000e+01 3.000000e+01 -2.500000e+01
    endloop
  endfacet
  facet normal 0.000000e+00 -1.000000e+00 0.000000e+00
    outer loop
      vertex   1.700000e+01 3.000000e+01 -2.500000e+01
      vertex   1.175000e+01 3.000000e+01 -2.200000e+01
      vertex   -1.175000e+01 3.000000e+01 -2.200000e+01
    endloop
  endfacet
  facet normal 0.000000e+00 -1.000000e+00 0.000000e+00
    outer loop
      vertex   1.700000e+01 3.000000e+01 -2.500000e+01
      vertex   -1.175000e+01 3.000000e+01 -2.200000e+01
      vertex   -1.700000e+01 3.000000e+01 -2.500000e+01
    endloop
  endfacet
  facet normal 0.000000e+00 -1.000000e+00 0.000000e+00
    outer loop
      vertex   -1.700000e+01 3.000000e+01 -2.500000e+01
      vertex   -1.175000e+01 3.000000e+01 -2.200000e+01
      vertex   -1.700000e+01 3.000000e+01 -1.523891e+01
    endloop
  endfacet
  facet normal 0.000000e+00 -1.000000e+00 0.000000e+00
    outer loop
      vertex   -1.700000e+01 3.000000e+01 -1.523891e+01
      vertex   -1.175000e+01 3.000000e+01 -2.200000e+01
      vertex   -1.175000e+01 3.000000e+01 -1.523891e+01
    endloop
  endfacet
  facet normal 0.000000e+00 -1.000000e+00 0.000000e+00
    outer loop
      vertex   1.715224e+01 3.000000e+01 -6.234633e+00
      vertex   1.733706e+01 3.000000e+01 -5.888860e+00
      vertex   1.175000e+01 3.000000e+01 -5.000000e+00
    endloop
  endfacet
  facet normal 0.000000e+00 -1.000000e+00 0.000000e+00
    outer loop
      vertex   1.175000e+01 3.000000e+01 -5.000000e+00
      vertex   1.733706e+01 3.000000e+01 -5.888860e+00
      vertex   1.758579e+01 3.000000e+01 -5.585786e+00
    endloop
  endfacet
  facet normal 0.000000e+00 -1.000000e+00 0.000000e+00
    outer loop
      vertex   1.175000e+01 3.000000e+01 -5.000000e+00
      vertex   1.758579e+01 3.000000e+01 -5.585786e+00
      vertex   1.096137e+01 3.000000e+01 -7.299128e-01
    endloop
  endfacet
  facet normal 0.000000e+00 -1.000000e+00 0.000000e+00
    outer loop
      vertex   1.096137e+01 3.000000e+01 -7.299128e-01
      vertex   1.758579e+01 3.000000e+01 -5.585786e+00
      vertex   1.900000e+01 3.000000e+01 -3.000000e+00
    endloop
  endfacet
  facet normal 0.000000e+00 -1.000000e+00 0.000000e+00
    outer loop
      vertex   1.096137e+01 3.000000e+01 -7.299128e-01
      vertex   1.900000e+01 3.000000e+01 -3.000000e+00
      vertex   1.104011e+01 3.000000e+01 -2.454230e-01
    endloop
  endfacet
  facet normal 0.000000e+00 -1.000000e+00 0.000000e+00
    outer loop
      vertex   1.104011e+01 3.000000e+01 -2.454230e-01
      vertex   1.900000e+01 3.000000e+01 -3.000000e+00
      vertex   1.900000e+01 3.000000e+01 3.000000e+00
    endloop
  endfacet
  facet normal 0.000000e+00 -1.000000e+00 0.000000e+00
    outer loop
      vertex   1.104011e+01 3.000000e+01 -2.454230e-01
      vertex   1.900000e+01 3.000000e+01 3.000000e+00
      vertex   1.104011e+01 3.000000e+01 2.454230e-01
    endloop
  endfacet
  facet normal 0.000000e+00 -1.000000e+00 0.000000e+00
    outer loop
      vertex   1.104011e+01 3.000000e+01 2.454230e-01
      vertex   1.900000e+01 3.000000e+01 3.000000e+00
      vertex   1.700000e+01 3.000000e+01 5.000000e+00
    endloop
  endfacet
  facet normal 0.000000e+00 -1.000000e+00 0.000000e+00
    outer loop
      vertex   1.104011e+01 3.000000e+01 2.454230e-01
      vertex   1.700000e+01 3.000000e+01 5.000000e+00
      vertex   1.096137e+01 3.000000e+01 7.299128e-01
    endloop
  endfacet
  facet normal 0.000000e+00 -1.000000e+00 0.000000e+00
    outer loop
      vertex   1.096137e+01 3.000000e+01 7.299128e-01
      vertex   1.700000e+01 3.000000e+01 5.000000e+00
      vertex   1.080594e+01 3.000000e+01 1.195498e+00
    endloop
  endfacet
  facet normal 0.000000e+00 -1.000000e+00 0.000000e+00
    outer loop
      vertex   1.080594e+01 3.000000e+01 1.195498e+00
      vertex   1.700000e+01 3.000000e+01 5.000000e+00
      vertex   1.057783e+01 3.000000e+01 1.630121e+00
    endloop
  endfacet
  facet normal 0.000000e+00 -1.000000e+00 0.000000e+00
    outer loop
      vertex   1.057783e+01 3.000000e+01 1.630121e+00
      vertex   1.700000e+01 3.000000e+01 5.000000e+00
      vertex   1.000000e+01 3.000000e+01 5.000000e+00
    endloop
  endfacet
  facet normal 0.000000e+00 -1.000000e+00 0.000000e+00
    outer loop
      vertex   1.057783e+01 3.000000e+01 1.630121e+00
      vertex   1.000000e+01 3.000000e+01 5.000000e+00
      vertex   1.028296e+01 3.000000e+01 2.022524e+00
    endloop
  endfacet
  facet normal 0.000000e+00 -1.000000e+00 0.000000e+00
    outer loop
      vertex   1.028296e+01 3.000000e+01 2.022524e+00
      vertex   1.000000e+01 3.000000e+01 5.000000e+00
      vertex   9.928958e+00 3.000000e+01 2.362545e+00
    endloop
  endfacet
  facet normal 0.000000e+00 -1.000000e+00 0.000000e+00
    outer loop
      vertex   9.928958e+00 3.000000e+01 2.362545e+00
      vertex   1.000000e+01 3.000000e+01 5.000000e+00
      vertex   9.525000e+00 3.000000e+01 2.641377e+00
    endloop
  endfacet
  facet normal 0.000000e+00 -1.000000e+00 0.000000e+00
    outer loop
      vertex   9.525000e+00 3.000000e+01 2.641377e+00
      vertex   1.000000e+01 3.000000e+01 5.000000e+00
      vertex   9.081545e+00 3.000000e+01 2.851800e+00
    endloop
  endfacet
  facet normal 0.000000e+00 -1.000000e+00 0.000000e+00
    outer loop
      vertex   9.081545e+00 3.000000e+01 2.851800e+00
      vertex   1.000000e+01 3.000000e+01 5.000000e+00
      vertex   9.609819e+00 3.000000e+01 5.038429e+00
    endloop
  endfacet
  facet normal 0.000000e+00 -1.000000e+00 0.000000e+00
    outer loop
      vertex   9.081545e+00 3.000000e+01 2.851800e+00
      vertex   9.609819e+00 3.000000e+01 5.038429e+00
      vertex   8.610078e+00 3.000000e+01 2.988361e+00
    endloop
  endfacet
  facet normal 0.000000e+00 -1.000000e+00 0.000000e+00
    outer loop
      vertex   8.610078e+00 3.000000e+01 2.988361e+00
      vertex   9.609819e+00 3.000000e+01 5.038429e+00
      vertex   9.234633e+00 3.000000e+01 5.152241e+00
    endloop
  endfacet
  facet normal 0.000000e+00 -1.000000e+00 0.000000e+00
    outer loop
      vertex   8.610078e+00 3.000000e+01 2.988361e+00
      vertex   9.234633e+00 3.000000e+01 5.152241e+00
      vertex   8.888860e+00 3.000000e+01 5.337061e+00
    endloop
  endfacet
  facet normal 0.000000e+00 -1.000000e+00 0.000000e+00
    outer loop
      vertex   1.758579e+01 3.000000e+01 -5.585786e+00
      vertex   1.788886e+01 3.000000e+01 -5.337061e+00
      vertex   1.900000e+01 3.000000e+01 -3.000000e+00
    endloop
  endfacet
  facet normal 0.000000e+00 -1.000000e+00 -0.000000e+00
    outer loop
      vertex   1.900000e+01 3.000000e+01 -3.000000e+00
      vertex   1.788886e+01 3.000000e+01 -5.337061e+00
      vertex   1.901704e+01 3.000000e+01 -3.129410e+00
    endloop
  endfacet
  facet normal 0.000000e+00 -1.000000e+00 0.000000e+00
    outer loop
      vertex   1.901704e+01 3.000000e+01 -3.129410e+00
      vertex   1.788886e+01 3.000000e+01 -5.337061e+00
      vertex   1.823463e+01 3.000000e+01 -5.152241e+00
    endloop
  endfacet
  facet normal 0.000000e+00 -1.000000e+00 -0.000000e+00
    outer loop
      vertex   1.901704e+01 3.000000e+01 -3.129410e+00
      vertex   1.823463e+01 3.000000e+01 -5.152241e+00
      vertex   1.906699e+01 3.000000e+01 -3.250000e+00
    endloop
  endfacet
  facet normal 0.000000e+00 -1.000000e+00 0.000000e+00
    outer loop
      vertex   1.906699e+01 3.000000e+01 -3.250000e+00
      vertex   1.823463e+01 3.000000e+01 -5.152241e+00
      vertex   1.860982e+01 3.000000e+01 -5.038429e+00
    endloop
  endfacet
  facet normal 0.000000e+00 -1.000000e+00 -0.000000e+00
    outer loop
      vertex   1.906699e+01 3.000000e+01 -3.250000e+00
      vertex   1.860982e+01 3.000000e+01 -5.038429e+00
      vertex   1.914645e+01 3.000000e+01 -3.353553e+00
    endloop
  endfacet
  facet normal 0.000000e+00 -1.000000e+00 -0.000000e+00
    outer loop
      vertex   1.914645e+01 3.000000e+01 -3.353553e+00
      vertex   1.860982e+01 3.000000e+01 -5.038429e+00
      vertex   1.925000e+01 3.000000e+01 -3.433013e+00
    endloop
  endfacet
  facet normal 0.000000e+00 -1.000000e+00 0.000000e+00
    outer loop
      vertex   1.925000e+01 3.000000e+01 -3.433013e+00
      vertex   1.860982e+01 3.000000e+01 -5.038429e+00
      vertex   1.900000e+01 3.000000e+01 -5.000000e+00
    endloop
  endfacet
  facet normal 0.000000e+00 -1.000000e+00 -0.000000e+00
    outer loop
      vertex   1.925000e+01 3.000000e+01 -3.433013e+00
      vertex   1.900000e+01 3.000000e+01 -5.000000e+00
      vertex   1.937059e+01 3.000000e+01 -3.482963e+00
    endloop
  endfacet
  facet normal 0.000000e+00 -1.000000e+00 -0.000000e+00
    outer loop
      vertex   1.937059e+01 3.000000e+01 -3.482963e+00
      vertex   1.900000e+01 3.000000e+01 -5.000000e+00
      vertex   1.950000e+01 3.000000e+01 -5.000000e+00
    endloop
  endfacet
  facet normal 0.000000e+00 -1.000000e+00 0.000000e+00
    outer loop
      vertex   1.937059e+01 3.000000e+01 -3.482963e+00
      vertex   1.950000e+01 3.000000e+01 -5.000000e+00
      vertex   1.950000e+01 3.000000e+01 -3.500000e+00
    endloop
  endfacet
  facet normal 0.000000e+00 -1.000000e+00 -0.000000e+00
    outer loop
      vertex   1.950000e+01 3.000000e+01 -3.500000e+00
      vertex   1.950000e+01 3.000000e+01 -5.000000e+00
      vertex   1.989018e+01 3.000000e+01 -4.961571e+00
    endloop
  endfacet
  facet normal 0.000000e+00 -1.000000e+00 0.000000e+00
    outer loop
      vertex   1.950000e+01 3.000000e+01 -3.500000e+00
      vertex   1.989018e+01 3.000000e+01 -4.961571e+00
      vertex   1.962941e+01 3.000000e+01 -3.482963e+00
    endloop
  endfacet
  facet normal 0.000000e+00 -1.000000e+00 0.000000e+00
    outer loop
      vertex   1.962941e+01 3.000000e+01 -3.482963e+00
      vertex   1.989018e+01 3.000000e+01 -4.961571e+00
      vertex   2.026537e+01 3.000000e+01 -4.847759e+00
    endloop
  endfacet
  facet normal 0.000000e+00 -1.000000e+00 0.000000e+00
    outer loop
      vertex   1.962941e+01 3.000000e+01 -3.482963e+00
      vertex   2.026537e+01 3.000000e+01 -4.847759e+00
      vertex   1.975000e+01 3.000000e+01 -3.433013e+00
    endloop
  endfacet
  facet normal 0.000000e+00 -1.000000e+00 0.000000e+00
    outer loop
      vertex   1.975000e+01 3.000000e+01 -3.433013e+00
      vertex   2.026537e+01 3.000000e+01 -4.847759e+00
      vertex   2.061114e+01 3.000000e+01 -4.662939e+00
    endloop
  endfacet
  facet normal 0.000000e+00 -1.000000e+00 0.000000e+00
    outer loop
      vertex   1.975000e+01 3.000000e+01 -3.433013e+00
      vertex   2.061114e+01 3.000000e+01 -4.662939e+00
      vertex   1.985355e+01 3.000000e+01 -3.353553e+00
    endloop
  endfacet
  facet normal 0.000000e+00 -1.000000e+00 0.000000e+00
    outer loop
      vertex   1.985355e+01 3.000000e+01 -3.353553e+00
      vertex   2.061114e+01 3.000000e+01 -4.662939e+00
      vertex   2.091421e+01 3.000000e+01 -4.414214e+00
    endloop
  endfacet
  facet normal 0.000000e+00 -1.000000e+00 0.000000e+00
    outer loop
      vertex   1.985355e+01 3.000000e+01 -3.353553e+00
      vertex   2.091421e+01 3.000000e+01 -4.414214e+00
      vertex   2.116294e+01 3.000000e+01 -4.111141e+00
    endloop
  endfacet
  facet normal 0.000000e+00 -1.000000e+00 0.000000e+00
    outer loop
      vertex   1.985355e+01 3.000000e+01 -3.353553e+00
      vertex   2.116294e+01 3.000000e+01 -4.111141e+00
      vertex   1.993301e+01 3.000000e+01 -3.250000e+00
    endloop
  endfacet
  facet normal 0.000000e+00 -1.000000e+00 0.000000e+00
    outer loop
      vertex   1.993301e+01 3.000000e+01 -3.250000e+00
      vertex   2.116294e+01 3.000000e+01 -4.111141e+00
      vertex   2.134776e+01 3.000000e+01 -3.765367e+00
    endloop
  endfacet
  facet normal 0.000000e+00 -1.000000e+00 0.000000e+00
    outer loop
      vertex   1.993301e+01 3.000000e+01 -3.250000e+00
      vertex   2.134776e+01 3.000000e+01 -3.765367e+00
      vertex   1.998296e+01 3.000000e+01 -3.129410e+00
    endloop
  endfacet
  facet normal 0.000000e+00 -1.000000e+00 0.000000e+00
    outer loop
      vertex   1.998296e+01 3.000000e+01 -3.129410e+00
      vertex   2.134776e+01 3.000000e+01 -3.765367e+00
      vertex   2.146157e+01 3.000000e+01 -3.390181e+00
    endloop
  endfacet
  facet normal 0.000000e+00 -1.000000e+00 0.000000e+00
    outer loop
      vertex   1.998296e+01 3.000000e+01 -3.129410e+00
      vertex   2.146157e+01 3.000000e+01 -3.390181e+00
      vertex   2.000000e+01 3.000000e+01 -3.000000e+00
    endloop
  endfacet
  facet normal 0.000000e+00 -1.000000e+00 0.000000e+00
    outer loop
      vertex   2.000000e+01 3.000000e+01 -3.000000e+00
      vertex   2.146157e+01 3.000000e+01 -3.390181e+00
      vertex   2.150000e+01 3.000000e+01 -3.000000e+00
    endloop
  endfacet
  facet normal 0.000000e+00 -1.000000e+00 0.000000e+00
    outer loop
      vertex   2.000000e+01 3.000000e+01 -3.000000e+00
      vertex   2.150000e+01 3.000000e+01 -3.000000e+00
      vertex   2.150000e+01 3.000000e+01 4.500000e+00
    endloop
  endfacet
  facet normal -0.000000e+00 -1.000000e+00 -0.000000e+00
    outer loop
      vertex   2.148296e+01 3.000000e+01 4.629409e+00
      vertex   2.143301e+01 3.000000e+01 4.750000e+00
      vertex   2.150000e+01 3.000000e+01 4.500000e+00
    endloop
  endfacet
  facet normal 0.000000e+00 -1.000000e+00 0.000000e+00
    outer loop
      vertex   2.150000e+01 3.000000e+01 4.500000e+00
      vertex   2.143301e+01 3.000000e+01 4.750000e+00
      vertex   2.135355e+01 3.000000e+01 4.853553e+00
    endloop
  endfacet
  facet normal 0.000000e+00 -1.000000e+00 0.000000e+00
    outer loop
      vertex   2.150000e+01 3.000000e+01 4.500000e+00
      vertex   2.135355e+01 3.000000e+01 4.853553e+00
      vertex   2.125000e+01 3.000000e+01 4.933013e+00
    endloop
  endfacet
  facet normal -0.000000e+00 -1.000000e+00 -0.000000e+00
    outer loop
      vertex   2.125000e+01 3.000000e+01 4.933013e+00
      vertex   2.112941e+01 3.000000e+01 4.982963e+00
      vertex   2.150000e+01 3.000000e+01 4.500000e+00
    endloop
  endfacet
  facet normal 0.000000e+00 -1.000000e+00 0.000000e+00
    outer loop
      vertex   2.150000e+01 3.000000e+01 4.500000e+00
      vertex   2.112941e+01 3.000000e+01 4.982963e+00
      vertex   2.100000e+01 3.000000e+01 5.000000e+00
    endloop
  endfacet
  facet normal 0.000000e+00 -1.000000e+00 0.000000e+00
    outer loop
      vertex   2.150000e+01 3.000000e+01 4.500000e+00
      vertex   2.100000e+01 3.000000e+01 5.000000e+00
      vertex   2.050000e+01 3.000000e+01 5.000000e+00
    endloop
  endfacet
  facet normal 0.000000e+00 -1.000000e+00 0.000000e+00
    outer loop
      vertex   2.150000e+01 3.000000e+01 4.500000e+00
      vertex   2.050000e+01 3.000000e+01 5.000000e+00
      vertex   2.000000e+01 3.000000e+01 4.500000e+00
    endloop
  endfacet
  facet normal 0.000000e+00 -1.000000e+00 0.000000e+00
    outer loop
      vertex   2.000000e+01 3.000000e+01 4.500000e+00
      vertex   2.050000e+01 3.000000e+01 5.000000e+00
      vertex   2.037059e+01 3.000000e+01 4.982963e+00
    endloop
  endfacet
  facet normal 0.000000e+00 -1.000000e+00 0.000000e+00
    outer loop
      vertex   2.000000e+01 3.000000e+01 4.500000e+00
      vertex   2.037059e+01 3.000000e+01 4.982963e+00
      vertex   2.025000e+01 3.000000e+01 4.933013e+00
    endloop
  endfacet
  facet normal 0.000000e+00 -1.000000e+00 0.000000e+00
    outer loop
      vertex   2.025000e+01 3.000000e+01 4.933013e+00
      vertex   2.014645e+01 3.000000e+01 4.853553e+00
      vertex   2.000000e+01 3.000000e+01 4.500000e+00
    endloop
  endfacet
  facet normal 0.000000e+00 -1.000000e+00 0.000000e+00
    outer loop
      vertex   2.000000e+01 3.000000e+01 4.500000e+00
      vertex   2.014645e+01 3.000000e+01 4.853553e+00
      vertex   2.006699e+01 3.000000e+01 4.750000e+00
    endloop
  endfacet
  facet normal 0.000000e+00 -1.000000e+00 0.000000e+00
    outer loop
      vertex   2.000000e+01 3.000000e+01 4.500000e+00
      vertex   2.006699e+01 3.000000e+01 4.750000e+00
      vertex   2.001704e+01 3.000000e+01 4.629410e+00
    endloop
  endfacet
  facet normal 0.000000e+00 -1.000000e+00 0.000000e+00
    outer loop
      vertex   2.000000e+01 3.000000e+01 4.500000e+00
      vertex   2.000000e+01 3.000000e+01 -3.000000e+00
      vertex   2.150000e+01 3.000000e+01 4.500000e+00
    endloop
  endfacet
  facet normal -0.000000e+00 -1.000000e+00 -0.000000e+00
    outer loop
      vertex   1.896157e+01 3.000000e+01 3.390181e+00
      vertex   1.884776e+01 3.000000e+01 3.765367e+00
      vertex   1.900000e+01 3.000000e+01 3.000000e+00
    endloop
  endfacet
  facet normal 0.000000e+00 -1.000000e+00 0.000000e+00
    outer loop
      vertex   1.900000e+01 3.000000e+01 3.000000e+00
      vertex   1.884776e+01 3.000000e+01 3.765367e+00
      vertex   1.866294e+01 3.000000e+01 4.111140e+00
    endloop
  endfacet
  facet normal 0.000000e+00 -1.000000e+00 0.000000e+00
    outer loop
      vertex   1.900000e+01 3.000000e+01 3.000000e+00
      vertex   1.866294e+01 3.000000e+01 4.111140e+00
      vertex   1.841421e+01 3.000000e+01 4.414214e+00
    endloop
  endfacet
  facet normal -0.000000e+00 -1.000000e+00 -0.000000e+00
    outer loop
      vertex   1.841421e+01 3.000000e+01 4.414214e+00
      vertex   1.811114e+01 3.000000e+01 4.662939e+00
      vertex   1.900000e+01 3.000000e+01 3.000000e+00
    endloop
  endfacet
  facet normal 0.000000e+00 -1.000000e+00 0.000000e+00
    outer loop
      vertex   1.900000e+01 3.000000e+01 3.000000e+00
      vertex   1.811114e+01 3.000000e+01 4.662939e+00
      vertex   1.776537e+01 3.000000e+01 4.847759e+00
    endloop
  endfacet
  facet normal 0.000000e+00 -1.000000e+00 0.000000e+00
    outer loop
      vertex   1.900000e+01 3.000000e+01 3.000000e+00
      vertex   1.776537e+01 3.000000e+01 4.847759e+00
      vertex   1.739018e+01 3.000000e+01 4.961571e+00
    endloop
  endfacet
  facet normal -0.000000e+00 -1.000000e+00 -0.000000e+00
    outer loop
      vertex   1.739018e+01 3.000000e+01 4.961571e+00
      vertex   1.700000e+01 3.000000e+01 5.000000e+00
      vertex   1.900000e+01 3.000000e+01 3.000000e+00
    endloop
  endfacet
  facet normal 0.000000e+00 -1.000000e+00 0.000000e+00
    outer loop
      vertex   8.610078e+00 3.000000e+01 2.988361e+00
      vertex   8.888860e+00 3.000000e+01 5.337061e+00
      vertex   8.122811e+00 3.000000e+01 3.047526e+00
    endloop
  endfacet
  facet normal 0.000000e+00 -1.000000e+00 0.000000e+00
    outer loop
      vertex   8.122811e+00 3.000000e+01 3.047526e+00
      vertex   8.888860e+00 3.000000e+01 5.337061e+00
      vertex   8.585786e+00 3.000000e+01 5.585786e+00
    endloop
  endfacet
  facet normal -0.000000e+00 -1.000000e+00 0.000000e+00
    outer loop
      vertex   8.122811e+00 3.000000e+01 3.047526e+00
      vertex   8.585786e+00 3.000000e+01 5.585786e+00
      vertex   7.632363e+00 3.000000e+01 3.027762e+00
    endloop
  endfacet
  facet normal 0.000000e+00 -1.000000e+00 0.000000e+00
    outer loop
      vertex   7.632363e+00 3.000000e+01 3.027762e+00
      vertex   8.585786e+00 3.000000e+01 5.585786e+00
      vertex   8.337061e+00 3.000000e+01 5.888860e+00
    endloop
  endfacet
  facet normal -0.000000e+00 -1.000000e+00 0.000000e+00
    outer loop
      vertex   7.632363e+00 3.000000e+01 3.027762e+00
      vertex   8.337061e+00 3.000000e+01 5.888860e+00
      vertex   7.151437e+00 3.000000e+01 2.929580e+00
    endloop
  endfacet
  facet normal 0.000000e+00 -1.000000e+00 0.000000e+00
    outer loop
      vertex   7.151437e+00 3.000000e+01 2.929580e+00
      vertex   8.337061e+00 3.000000e+01 5.888860e+00
      vertex   8.152241e+00 3.000000e+01 6.234633e+00
    endloop
  endfacet
  facet normal -0.000000e+00 -1.000000e+00 0.000000e+00
    outer loop
      vertex   7.151437e+00 3.000000e+01 2.929580e+00
      vertex   8.152241e+00 3.000000e+01 6.234633e+00
      vertex   6.692488e+00 3.000000e+01 2.755524e+00
    endloop
  endfacet
  facet normal 0.000000e+00 -1.000000e+00 0.000000e+00
    outer loop
      vertex   6.692488e+00 3.000000e+01 2.755524e+00
      vertex   8.152241e+00 3.000000e+01 6.234633e+00
      vertex   8.038429e+00 3.000000e+01 6.609819e+00
    endloop
  endfacet
  facet normal -0.000000e+00 -1.000000e+00 0.000000e+00
    outer loop
      vertex   6.692488e+00 3.000000e+01 2.755524e+00
      vertex   8.038429e+00 3.000000e+01 6.609819e+00
      vertex   6.267403e+00 3.000000e+01 2.510101e+00
    endloop
  endfacet
  facet normal 0.000000e+00 -1.000000e+00 0.000000e+00
    outer loop
      vertex   6.267403e+00 3.000000e+01 2.510101e+00
      vertex   8.038429e+00 3.000000e+01 6.609819e+00
      vertex   8.000000e+00 3.000000e+01 7.000000e+00
    endloop
  endfacet
  facet normal -0.000000e+00 -1.000000e+00 0.000000e+00
    outer loop
      vertex   6.267403e+00 3.000000e+01 2.510101e+00
      vertex   8.000000e+00 3.000000e+01 7.000000e+00
      vertex   5.887191e+00 3.000000e+01 2.199667e+00
    endloop
  endfacet
  facet normal -0.000000e+00 -1.000000e+00 0.000000e+00
    outer loop
      vertex   5.887191e+00 3.000000e+01 2.199667e+00
      vertex   8.000000e+00 3.000000e+01 7.000000e+00
      vertex   -5.717042e+00 3.000000e+01 2.022524e+00
    endloop
  endfacet
  facet normal 0.000000e+00 -1.000000e+00 0.000000e+00
    outer loop
      vertex   5.887191e+00 3.000000e+01 2.199667e+00
      vertex   -5.717042e+00 3.000000e+01 2.022524e+00
      vertex   5.561700e+00 3.000000e+01 1.832264e+00
    endloop
  endfacet
  facet normal -0.000000e+00 -1.000000e+00 0.000000e+00
    outer loop
      vertex   5.561700e+00 3.000000e+01 1.832264e+00
      vertex   -5.717042e+00 3.000000e+01 2.022524e+00
      vertex   -5.422170e+00 3.000000e+01 1.630121e+00
    endloop
  endfacet
  facet normal 0.000000e+00 -1.000000e+00 0.000000e+00
    outer loop
      vertex   5.561700e+00 3.000000e+01 1.832264e+00
      vertex   -5.422170e+00 3.000000e+01 1.630121e+00
      vertex   5.299359e+00 3.000000e+01 1.417406e+00
    endloop
  endfacet
  facet normal -0.000000e+00 -1.000000e+00 0.000000e+00
    outer loop
      vertex   5.299359e+00 3.000000e+01 1.417406e+00
      vertex   -5.422170e+00 3.000000e+01 1.630121e+00
      vertex   -5.194063e+00 3.000000e+01 1.195498e+00
    endloop
  endfacet
  facet normal 0.000000e+00 -1.000000e+00 0.000000e+00
    outer loop
      vertex   5.299359e+00 3.000000e+01 1.417406e+00
      vertex   -5.194063e+00 3.000000e+01 1.195498e+00
      vertex   5.106964e+00 3.000000e+01 9.658374e-01
    endloop
  endfacet
  facet normal -0.000000e+00 -1.000000e+00 0.000000e+00
    outer loop
      vertex   5.106964e+00 3.000000e+01 9.658374e-01
      vertex   -5.194063e+00 3.000000e+01 1.195498e+00
      vertex   -5.038627e+00 3.000000e+01 7.299128e-01
    endloop
  endfacet
  facet normal 0.000000e+00 -1.000000e+00 0.000000e+00
    outer loop
      vertex   5.106964e+00 3.000000e+01 9.658374e-01
      vertex   -5.038627e+00 3.000000e+01 7.299128e-01
      vertex   4.989497e+00 3.000000e+01 4.892544e-01
    endloop
  endfacet
  facet normal -0.000000e+00 -1.000000e+00 0.000000e+00
    outer loop
      vertex   4.989497e+00 3.000000e+01 4.892544e-01
      vertex   -5.038627e+00 3.000000e+01 7.299128e-01
      vertex   -4.959890e+00 3.000000e+01 2.454230e-01
    endloop
  endfacet
  facet normal 0.000000e+00 -1.000000e+00 0.000000e+00
    outer loop
      vertex   4.989497e+00 3.000000e+01 4.892544e-01
      vertex   -4.959890e+00 3.000000e+01 2.454230e-01
      vertex   4.950000e+00 3.000000e+01 3.735173e-16
    endloop
  endfacet
  facet normal -0.000000e+00 -1.000000e+00 0.000000e+00
    outer loop
      vertex   4.950000e+00 3.000000e+01 3.735173e-16
      vertex   -4.959890e+00 3.000000e+01 2.454230e-01
      vertex   -4.959890e+00 3.000000e+01 -2.454230e-01
    endloop
  endfacet
  facet normal 0.000000e+00 -1.000000e+00 -0.000000e+00
    outer loop
      vertex   4.950000e+00 3.000000e+01 3.735173e-16
      vertex   -4.959890e+00 3.000000e+01 -2.454230e-01
      vertex   4.989497e+00 3.000000e+01 -4.892544e-01
    endloop
  endfacet
  facet normal -0.000000e+00 -1.000000e+00 0.000000e+00
    outer loop
      vertex   4.989497e+00 3.000000e+01 -4.892544e-01
      vertex   -4.959890e+00 3.000000e+01 -2.454230e-01
      vertex   -5.038627e+00 3.000000e+01 -7.299128e-01
    endloop
  endfacet
  facet normal 0.000000e+00 -1.000000e+00 -0.000000e+00
    outer loop
      vertex   4.989497e+00 3.000000e+01 -4.892544e-01
      vertex   -5.038627e+00 3.000000e+01 -7.299128e-01
      vertex   5.106964e+00 3.000000e+01 -9.658374e-01
    endloop
  endfacet
  facet normal -0.000000e+00 -1.000000e+00 0.000000e+00
    outer loop
      vertex   5.106964e+00 3.000000e+01 -9.658374e-01
      vertex   -5.038627e+00 3.000000e+01 -7.299128e-01
      vertex   -5.194063e+00 3.000000e+01 -1.195498e+00
    endloop
  endfacet
  facet normal 0.000000e+00 -1.000000e+00 -0.000000e+00
    outer loop
      vertex   5.106964e+00 3.000000e+01 -9.658374e-01
      vertex   -5.194063e+00 3.000000e+01 -1.195498e+00
      vertex   5.299359e+00 3.000000e+01 -1.417406e+00
    endloop
  endfacet
  facet normal -0.000000e+00 -1.000000e+00 0.000000e+00
    outer loop
      vertex   5.299359e+00 3.000000e+01 -1.417406e+00
      vertex   -5.194063e+00 3.000000e+01 -1.195498e+00
      vertex   -5.422170e+00 3.000000e+01 -1.630121e+00
    endloop
  endfacet
  facet normal 0.000000e+00 -1.000000e+00 -0.000000e+00
    outer loop
      vertex   5.299359e+00 3.000000e+01 -1.417406e+00
      vertex   -5.422170e+00 3.000000e+01 -1.630121e+00
      vertex   5.561700e+00 3.000000e+01 -1.832264e+00
    endloop
  endfacet
  facet normal -0.000000e+00 -1.000000e+00 0.000000e+00
    outer loop
      vertex   5.561700e+00 3.000000e+01 -1.832264e+00
      vertex   -5.422170e+00 3.000000e+01 -1.630121e+00
      vertex   -5.717042e+00 3.000000e+01 -2.022524e+00
    endloop
  endfacet
  facet normal 0.000000e+00 -1.000000e+00 -0.000000e+00
    outer loop
      vertex   5.561700e+00 3.000000e+01 -1.832264e+00
      vertex   -5.717042e+00 3.000000e+01 -2.022524e+00
      vertex   5.887191e+00 3.000000e+01 -2.199667e+00
    endloop
  endfacet
  facet normal -0.000000e+00 -1.000000e+00 0.000000e+00
    outer loop
      vertex   5.887191e+00 3.000000e+01 -2.199667e+00
      vertex   -5.717042e+00 3.000000e+01 -2.022524e+00
      vertex   -6.071042e+00 3.000000e+01 -2.362545e+00
    endloop
  endfacet
  facet normal 0.000000e+00 -1.000000e+00 -0.000000e+00
    outer loop
      vertex   5.887191e+00 3.000000e+01 -2.199667e+00
      vertex   -6.071042e+00 3.000000e+01 -2.362545e+00
      vertex   6.267403e+00 3.000000e+01 -2.510101e+00
    endloop
  endfacet
  facet normal -0.000000e+00 -1.000000e+00 0.000000e+00
    outer loop
      vertex   6.267403e+00 3.000000e+01 -2.510101e+00
      vertex   -6.071042e+00 3.000000e+01 -2.362545e+00
      vertex   -6.475000e+00 3.000000e+01 -2.641377e+00
    endloop
  endfacet
  facet normal 0.000000e+00 -1.000000e+00 -0.000000e+00
    outer loop
      vertex   6.267403e+00 3.000000e+01 -2.510101e+00
      vertex   -6.475000e+00 3.000000e+01 -2.641377e+00
      vertex   6.692488e+00 3.000000e+01 -2.755524e+00
    endloop
  endfacet
  facet normal -0.000000e+00 -1.000000e+00 0.000000e+00
    outer loop
      vertex   6.692488e+00 3.000000e+01 -2.755524e+00
      vertex   -6.475000e+00 3.000000e+01 -2.641377e+00
      vertex   -6.918455e+00 3.000000e+01 -2.851800e+00
    endloop
  endfacet
  facet normal 0.000000e+00 -1.000000e+00 -0.000000e+00
    outer loop
      vertex   6.692488e+00 3.000000e+01 -2.755524e+00
      vertex   -6.918455e+00 3.000000e+01 -2.851800e+00
      vertex   7.151437e+00 3.000000e+01 -2.929580e+00
    endloop
  endfacet
  facet normal 0.000000e+00 -1.000000e+00 0.000000e+00
    outer loop
      vertex   8.000000e+00 3.000000e+01 7.000000e+00
      vertex   8.000000e+00 3.000000e+01 1.700000e+01
      vertex   6.000000e+00 3.000000e+01 1.900000e+01
    endloop
  endfacet
  facet normal 0.000000e+00 -1.000000e+00 0.000000e+00
    outer loop
      vertex   6.000000e+00 3.000000e+01 1.900000e+01
      vertex   8.000000e+00 3.000000e+01 1.700000e+01
      vertex   6.390181e+00 3.000000e+01 1.896157e+01
    endloop
  endfacet
  facet normal 0.000000e+00 -1.000000e+00 0.000000e+00
    outer loop
      vertex   6.390181e+00 3.000000e+01 1.896157e+01
      vertex   8.000000e+00 3.000000e+01 1.700000e+01
      vertex   6.765367e+00 3.000000e+01 1.884776e+01
    endloop
  endfacet
  facet normal 0.000000e+00 -1.000000e+00 0.000000e+00
    outer loop
      vertex   6.765367e+00 3.000000e+01 1.884776e+01
      vertex   8.000000e+00 3.000000e+01 1.700000e+01
      vertex   7.111140e+00 3.000000e+01 1.866294e+01
    endloop
  endfacet
  facet normal 0.000000e+00 -1.000000e+00 0.000000e+00
    outer loop
      vertex   7.111140e+00 3.000000e+01 1.866294e+01
      vertex   8.000000e+00 3.000000e+01 1.700000e+01
      vertex   7.414214e+00 3.000000e+01 1.841421e+01
    endloop
  endfacet
  facet normal 0.000000e+00 -1.000000e+00 0.000000e+00
    outer loop
      vertex   7.414214e+00 3.000000e+01 1.841421e+01
      vertex   8.000000e+00 3.000000e+01 1.700000e+01
      vertex   7.662939e+00 3.000000e+01 1.811114e+01
    endloop
  endfacet
  facet normal 0.000000e+00 -1.000000e+00 0.000000e+00
    outer loop
      vertex   7.662939e+00 3.000000e+01 1.811114e+01
      vertex   8.000000e+00 3.000000e+01 1.700000e+01
      vertex   7.847759e+00 3.000000e+01 1.776537e+01
    endloop
  endfacet
  facet normal 0.000000e+00 -1.000000e+00 0.000000e+00
    outer loop
      vertex   7.847759e+00 3.000000e+01 1.776537e+01
      vertex   8.000000e+00 3.000000e+01 1.700000e+01
      vertex   7.961571e+00 3.000000e+01 1.739018e+01
    endloop
  endfacet
  facet normal 0.000000e+00 -1.000000e+00 0.000000e+00
    outer loop
      vertex   -1.700000e+01 3.000000e+01 1.900000e+01
      vertex   -1.739018e+01 3.000000e+01 1.896157e+01
      vertex   -1.900000e+01 3.000000e+01 1.700000e+01
    endloop
  endfacet
  facet normal 0.000000e+00 -1.000000e+00 0.000000e+00
    outer loop
      vertex   -1.900000e+01 3.000000e+01 1.700000e+01
      vertex   -1.739018e+01 3.000000e+01 1.896157e+01
      vertex   -1.776537e+01 3.000000e+01 1.884776e+01
    endloop
  endfacet
  facet normal 0.000000e+00 -1.000000e+00 0.000000e+00
    outer loop
      vertex   -1.900000e+01 3.000000e+01 1.700000e+01
      vertex   -1.776537e+01 3.000000e+01 1.884776e+01
      vertex   -1.811114e+01 3.000000e+01 1.866294e+01
    endloop
  endfacet
  facet normal 0.000000e+00 -1.000000e+00 0.000000e+00
    outer loop
      vertex   -1.811114e+01 3.000000e+01 1.866294e+01
      vertex   -1.841421e+01 3.000000e+01 1.841421e+01
      vertex   -1.900000e+01 3.000000e+01 1.700000e+01
    endloop
  endfacet
  facet normal 0.000000e+00 -1.000000e+00 0.000000e+00
    outer loop
      vertex   -1.900000e+01 3.000000e+01 1.700000e+01
      vertex   -1.841421e+01 3.000000e+01 1.841421e+01
      vertex   -1.866294e+01 3.000000e+01 1.811114e+01
    endloop
  endfacet
  facet normal 0.000000e+00 -1.000000e+00 0.000000e+00
    outer loop
      vertex   -1.900000e+01 3.000000e+01 1.700000e+01
      vertex   -1.866294e+01 3.000000e+01 1.811114e+01
      vertex   -1.884776e+01 3.000000e+01 1.776537e+01
    endloop
  endfacet
  facet normal 0.000000e+00 -1.000000e+00 0.000000e+00
    outer loop
      vertex   -1.884776e+01 3.000000e+01 1.776537e+01
      vertex   -1.896157e+01 3.000000e+01 1.739018e+01
      vertex   -1.900000e+01 3.000000e+01 1.700000e+01
    endloop
  endfacet
  facet normal 0.000000e+00 -1.000000e+00 0.000000e+00
    outer loop
      vertex   -1.758579e+01 3.000000e+01 -5.585786e+00
      vertex   -1.900000e+01 3.000000e+01 -3.000000e+00
      vertex   -1.788886e+01 3.000000e+01 -5.337061e+00
    endloop
  endfacet
  facet normal 0.000000e+00 -1.000000e+00 0.000000e+00
    outer loop
      vertex   -1.788886e+01 3.000000e+01 -5.337061e+00
      vertex   -1.900000e+01 3.000000e+01 -3.000000e+00
      vertex   -1.901704e+01 3.000000e+01 -3.129410e+00
    endloop
  endfacet
  facet normal 0.000000e+00 -1.000000e+00 0.000000e+00
    outer loop
      vertex   -1.788886e+01 3.000000e+01 -5.337061e+00
      vertex   -1.901704e+01 3.000000e+01 -3.129410e+00
      vertex   -1.823463e+01 3.000000e+01 -5.152241e+00
    endloop
  endfacet
  facet normal 0.000000e+00 -1.000000e+00 0.000000e+00
    outer loop
      vertex   -1.823463e+01 3.000000e+01 -5.152241e+00
      vertex   -1.901704e+01 3.000000e+01 -3.129410e+00
      vertex   -1.906699e+01 3.000000e+01 -3.250000e+00
    endloop
  endfacet
  facet normal 0.000000e+00 -1.000000e+00 0.000000e+00
    outer loop
      vertex   -1.823463e+01 3.000000e+01 -5.152241e+00
      vertex   -1.906699e+01 3.000000e+01 -3.250000e+00
      vertex   -1.860982e+01 3.000000e+01 -5.038429e+00
    endloop
  endfacet
  facet normal 0.000000e+00 -1.000000e+00 0.000000e+00
    outer loop
      vertex   -1.860982e+01 3.000000e+01 -5.038429e+00
      vertex   -1.906699e+01 3.000000e+01 -3.250000e+00
      vertex   -1.914645e+01 3.000000e+01 -3.353553e+00
    endloop
  endfacet
  facet normal 0.000000e+00 -1.000000e+00 0.000000e+00
    outer loop
      vertex   -1.860982e+01 3.000000e+01 -5.038429e+00
      vertex   -1.914645e+01 3.000000e+01 -3.353553e+00
      vertex   -1.925000e+01 3.000000e+01 -3.433013e+00
    endloop
  endfacet
  facet normal 0.000000e+00 -1.000000e+00 0.000000e+00
    outer loop
      vertex   -1.860982e+01 3.000000e+01 -5.038429e+00
      vertex   -1.925000e+01 3.000000e+01 -3.433013e+00
      vertex   -1.900000e+01 3.000000e+01 -5.000000e+00
    endloop
  endfacet
  facet normal 0.000000e+00 -1.000000e+00 0.000000e+00
    outer loop
      vertex   -1.900000e+01 3.000000e+01 -5.000000e+00
      vertex   -1.925000e+01 3.000000e+01 -3.433013e+00
      vertex   -1.937059e+01 3.000000e+01 -3.482963e+00
    endloop
  endfacet
  facet normal 0.000000e+00 -1.000000e+00 0.000000e+00
    outer loop
      vertex   -1.900000e+01 3.000000e+01 -5.000000e+00
      vertex   -1.937059e+01 3.000000e+01 -3.482963e+00
      vertex   -1.950000e+01 3.000000e+01 -3.500000e+00
    endloop
  endfacet
  facet normal 0.000000e+00 -1.000000e+00 0.000000e+00
    outer loop
      vertex   -1.900000e+01 3.000000e+01 -5.000000e+00
      vertex   -1.950000e+01 3.000000e+01 -3.500000e+00
      vertex   -1.975000e+01 3.000000e+01 -5.000000e+00
    endloop
  endfacet
  facet normal 0.000000e+00 -1.000000e+00 0.000000e+00
    outer loop
      vertex   -1.975000e+01 3.000000e+01 -5.000000e+00
      vertex   -1.950000e+01 3.000000e+01 -3.500000e+00
      vertex   -1.975000e+01 3.000000e+01 -3.500000e+00
    endloop
  endfacet
  facet normal 0.000000e+00 -1.000000e+00 0.000000e+00
    outer loop
      vertex   -1.975000e+01 3.000000e+01 -5.000000e+00
      vertex   -1.975000e+01 3.000000e+01 -3.500000e+00
      vertex   -2.014018e+01 3.000000e+01 -4.961571e+00
    endloop
  endfacet
  facet normal 0.000000e+00 -1.000000e+00 0.000000e+00
    outer loop
      vertex   -2.014018e+01 3.000000e+01 -4.961571e+00
      vertex   -1.975000e+01 3.000000e+01 -3.500000e+00
      vertex   -1.987941e+01 3.000000e+01 -3.482963e+00
    endloop
  endfacet
  facet normal 0.000000e+00 -1.000000e+00 0.000000e+00
    outer loop
      vertex   -2.014018e+01 3.000000e+01 -4.961571e+00
      vertex   -1.987941e+01 3.000000e+01 -3.482963e+00
      vertex   -2.051537e+01 3.000000e+01 -4.847759e+00
    endloop
  endfacet
  facet normal 0.000000e+00 -1.000000e+00 0.000000e+00
    outer loop
      vertex   -2.051537e+01 3.000000e+01 -4.847759e+00
      vertex   -1.987941e+01 3.000000e+01 -3.482963e+00
      vertex   -2.000000e+01 3.000000e+01 -3.433013e+00
    endloop
  endfacet
  facet normal 0.000000e+00 -1.000000e+00 0.000000e+00
    outer loop
      vertex   -2.051537e+01 3.000000e+01 -4.847759e+00
      vertex   -2.000000e+01 3.000000e+01 -3.433013e+00
      vertex   -2.086114e+01 3.000000e+01 -4.662939e+00
    endloop
  endfacet
  facet normal 0.000000e+00 -1.000000e+00 0.000000e+00
    outer loop
      vertex   -2.086114e+01 3.000000e+01 -4.662939e+00
      vertex   -2.000000e+01 3.000000e+01 -3.433013e+00
      vertex   -2.010355e+01 3.000000e+01 -3.353553e+00
    endloop
  endfacet
  facet normal 0.000000e+00 -1.000000e+00 0.000000e+00
    outer loop
      vertex   -2.086114e+01 3.000000e+01 -4.662939e+00
      vertex   -2.010355e+01 3.000000e+01 -3.353553e+00
      vertex   -2.116421e+01 3.000000e+01 -4.414214e+00
    endloop
  endfacet
  facet normal 0.000000e+00 -1.000000e+00 0.000000e+00
    outer loop
      vertex   -2.116421e+01 3.000000e+01 -4.414214e+00
      vertex   -2.010355e+01 3.000000e+01 -3.353553e+00
      vertex   -2.141294e+01 3.000000e+01 -4.111140e+00
    endloop
  endfacet
  facet normal 0.000000e+00 -1.000000e+00 0.000000e+00
    outer loop
      vertex   -2.141294e+01 3.000000e+01 -4.111140e+00
      vertex   -2.010355e+01 3.000000e+01 -3.353553e+00
      vertex   -2.018301e+01 3.000000e+01 -3.250000e+00
    endloop
  endfacet
  facet normal 0.000000e+00 -1.000000e+00 0.000000e+00
    outer loop
      vertex   -2.141294e+01 3.000000e+01 -4.111140e+00
      vertex   -2.018301e+01 3.000000e+01 -3.250000e+00
      vertex   -2.159776e+01 3.000000e+01 -3.765367e+00
    endloop
  endfacet
  facet normal 0.000000e+00 -1.000000e+00 0.000000e+00
    outer loop
      vertex   -2.159776e+01 3.000000e+01 -3.765367e+00
      vertex   -2.018301e+01 3.000000e+01 -3.250000e+00
      vertex   -2.023296e+01 3.000000e+01 -3.129410e+00
    endloop
  endfacet
  facet normal 0.000000e+00 -1.000000e+00 0.000000e+00
    outer loop
      vertex   -2.159776e+01 3.000000e+01 -3.765367e+00
      vertex   -2.023296e+01 3.000000e+01 -3.129410e+00
      vertex   -2.171157e+01 3.000000e+01 -3.390181e+00
    endloop
  endfacet
  facet normal 0.000000e+00 -1.000000e+00 0.000000e+00
    outer loop
      vertex   -2.171157e+01 3.000000e+01 -3.390181e+00
      vertex   -2.023296e+01 3.000000e+01 -3.129410e+00
      vertex   -2.025000e+01 3.000000e+01 -3.000000e+00
    endloop
  endfacet
  facet normal 0.000000e+00 -1.000000e+00 0.000000e+00
    outer loop
      vertex   -2.171157e+01 3.000000e+01 -3.390181e+00
      vertex   -2.025000e+01 3.000000e+01 -3.000000e+00
      vertex   -2.175000e+01 3.000000e+01 -3.000000e+00
    endloop
  endfacet
  facet normal 0.000000e+00 -1.000000e+00 0.000000e+00
    outer loop
      vertex   -2.175000e+01 3.000000e+01 -3.000000e+00
      vertex   -2.025000e+01 3.000000e+01 -3.000000e+00
      vertex   -2.175000e+01 3.000000e+01 4.500000e+00
    endloop
  endfacet
  facet normal 0.000000e+00 -1.000000e+00 0.000000e+00
    outer loop
      vertex   -2.175000e+01 3.000000e+01 4.500000e+00
      vertex   -2.025000e+01 3.000000e+01 -3.000000e+00
      vertex   -2.025000e+01 3.000000e+01 4.500000e+00
    endloop
  endfacet
  facet normal 0.000000e+00 -1.000000e+00 0.000000e+00
    outer loop
      vertex   -2.175000e+01 3.000000e+01 4.500000e+00
      vertex   -2.025000e+01 3.000000e+01 4.500000e+00
      vertex   -2.125000e+01 3.000000e+01 5.000000e+00
    endloop
  endfacet
  facet normal 0.000000e+00 -1.000000e+00 0.000000e+00
    outer loop
      vertex   -2.125000e+01 3.000000e+01 5.000000e+00
      vertex   -2.025000e+01 3.000000e+01 4.500000e+00
      vertex   -2.075000e+01 3.000000e+01 5.000000e+00
    endloop
  endfacet
  facet normal 0.000000e+00 -1.000000e+00 0.000000e+00
    outer loop
      vertex   -2.075000e+01 3.000000e+01 5.000000e+00
      vertex   -2.025000e+01 3.000000e+01 4.500000e+00
      vertex   -2.062059e+01 3.000000e+01 4.982963e+00
    endloop
  endfacet
  facet normal 0.000000e+00 -1.000000e+00 0.000000e+00
    outer loop
      vertex   -2.062059e+01 3.000000e+01 4.982963e+00
      vertex   -2.025000e+01 3.000000e+01 4.500000e+00
      vertex   -2.050000e+01 3.000000e+01 4.933013e+00
    endloop
  endfacet
  facet normal 0.000000e+00 -1.000000e+00 0.000000e+00
    outer loop
      vertex   -2.050000e+01 3.000000e+01 4.933013e+00
      vertex   -2.025000e+01 3.000000e+01 4.500000e+00
      vertex   -2.039645e+01 3.000000e+01 4.853553e+00
    endloop
  endfacet
  facet normal 0.000000e+00 -1.000000e+00 0.000000e+00
    outer loop
      vertex   -2.039645e+01 3.000000e+01 4.853553e+00
      vertex   -2.025000e+01 3.000000e+01 4.500000e+00
      vertex   -2.031699e+01 3.000000e+01 4.750000e+00
    endloop
  endfacet
  facet normal 0.000000e+00 -1.000000e+00 0.000000e+00
    outer loop
      vertex   -2.031699e+01 3.000000e+01 4.750000e+00
      vertex   -2.025000e+01 3.000000e+01 4.500000e+00
      vertex   -2.026704e+01 3.000000e+01 4.629410e+00
    endloop
  endfacet
  facet normal 0.000000e+00 -1.000000e+00 0.000000e+00
    outer loop
      vertex   -2.125000e+01 3.000000e+01 5.000000e+00
      vertex   -2.137941e+01 3.000000e+01 4.982963e+00
      vertex   -2.175000e+01 3.000000e+01 4.500000e+00
    endloop
  endfacet
  facet normal 0.000000e+00 -1.000000e+00 0.000000e+00
    outer loop
      vertex   -2.175000e+01 3.000000e+01 4.500000e+00
      vertex   -2.137941e+01 3.000000e+01 4.982963e+00
      vertex   -2.150000e+01 3.000000e+01 4.933013e+00
    endloop
  endfacet
  facet normal 0.000000e+00 -1.000000e+00 0.000000e+00
    outer loop
      vertex   -2.175000e+01 3.000000e+01 4.500000e+00
      vertex   -2.150000e+01 3.000000e+01 4.933013e+00
      vertex   -2.160355e+01 3.000000e+01 4.853553e+00
    endloop
  endfacet
  facet normal 0.000000e+00 -1.000000e+00 0.000000e+00
    outer loop
      vertex   -2.160355e+01 3.000000e+01 4.853553e+00
      vertex   -2.168301e+01 3.000000e+01 4.750000e+00
      vertex   -2.175000e+01 3.000000e+01 4.500000e+00
    endloop
  endfacet
  facet normal 0.000000e+00 -1.000000e+00 0.000000e+00
    outer loop
      vertex   -2.175000e+01 3.000000e+01 4.500000e+00
      vertex   -2.168301e+01 3.000000e+01 4.750000e+00
      vertex   -2.173296e+01 3.000000e+01 4.629410e+00
    endloop
  endfacet
  facet normal -0.000000e+00 -1.000000e+00 0.000000e+00
    outer loop
      vertex   -1.105000e+01 3.000000e+01 -1.047568e-15
      vertex   -1.101050e+01 3.000000e+01 4.892544e-01
      vertex   -1.900000e+01 3.000000e+01 -3.000000e+00
    endloop
  endfacet
  facet normal 0.000000e+00 -1.000000e+00 0.000000e+00
    outer loop
      vertex   -1.900000e+01 3.000000e+01 -3.000000e+00
      vertex   -1.101050e+01 3.000000e+01 4.892544e-01
      vertex   -1.089304e+01 3.000000e+01 9.658374e-01
    endloop
  endfacet
  facet normal 0.000000e+00 -1.000000e+00 0.000000e+00
    outer loop
      vertex   -6.071042e+00 3.000000e+01 2.362545e+00
      vertex   -5.717042e+00 3.000000e+01 2.022524e+00
      vertex   8.000000e+00 3.000000e+01 7.000000e+00
    endloop
  endfacet
  facet normal 0.000000e+00 -1.000000e+00 0.000000e+00
    outer loop
      vertex   -7.389922e+00 3.000000e+01 -2.988361e+00
      vertex   -7.877189e+00 3.000000e+01 -3.047526e+00
      vertex   -1.175000e+01 3.000000e+01 -5.000000e+00
    endloop
  endfacet
  facet normal 0.000000e+00 -1.000000e+00 0.000000e+00
    outer loop
      vertex   -1.175000e+01 3.000000e+01 -5.000000e+00
      vertex   -7.877189e+00 3.000000e+01 -3.047526e+00
      vertex   -8.367637e+00 3.000000e+01 -3.027762e+00
    endloop
  endfacet
  facet normal 0.000000e+00 -1.000000e+00 0.000000e+00
    outer loop
      vertex   -1.175000e+01 3.000000e+01 -5.000000e+00
      vertex   -8.367637e+00 3.000000e+01 -3.027762e+00
      vertex   -8.848563e+00 3.000000e+01 -2.929580e+00
    endloop
  endfacet
  facet normal -0.000000e+00 -1.000000e+00 0.000000e+00
    outer loop
      vertex   -8.848563e+00 3.000000e+01 -2.929580e+00
      vertex   -9.307512e+00 3.000000e+01 -2.755524e+00
      vertex   -1.175000e+01 3.000000e+01 -5.000000e+00
    endloop
  endfacet
  facet normal 0.000000e+00 -1.000000e+00 0.000000e+00
    outer loop
      vertex   -1.175000e+01 3.000000e+01 -5.000000e+00
      vertex   -9.307512e+00 3.000000e+01 -2.755524e+00
      vertex   -9.732597e+00 3.000000e+01 -2.510101e+00
    endloop
  endfacet
  facet normal 0.000000e+00 -1.000000e+00 0.000000e+00
    outer loop
      vertex   -1.175000e+01 3.000000e+01 -5.000000e+00
      vertex   -9.732597e+00 3.000000e+01 -2.510101e+00
      vertex   -1.011281e+01 3.000000e+01 -2.199667e+00
    endloop
  endfacet
  facet normal -0.000000e+00 -1.000000e+00 0.000000e+00
    outer loop
      vertex   -1.011281e+01 3.000000e+01 -2.199667e+00
      vertex   -1.043830e+01 3.000000e+01 -1.832264e+00
      vertex   -1.175000e+01 3.000000e+01 -5.000000e+00
    endloop
  endfacet
  facet normal 0.000000e+00 -1.000000e+00 0.000000e+00
    outer loop
      vertex   -1.175000e+01 3.000000e+01 -5.000000e+00
      vertex   -1.043830e+01 3.000000e+01 -1.832264e+00
      vertex   -1.070064e+01 3.000000e+01 -1.417406e+00
    endloop
  endfacet
  facet normal 0.000000e+00 -1.000000e+00 0.000000e+00
    outer loop
      vertex   -1.175000e+01 3.000000e+01 -5.000000e+00
      vertex   -1.070064e+01 3.000000e+01 -1.417406e+00
      vertex   -1.089304e+01 3.000000e+01 -9.658374e-01
    endloop
  endfacet
  facet normal 0.000000e+00 -1.000000e+00 -0.000000e+00
    outer loop
      vertex   1.096137e+01 3.000000e+01 -7.299128e-01
      vertex   1.080594e+01 3.000000e+01 -1.195498e+00
      vertex   1.175000e+01 3.000000e+01 -5.000000e+00
    endloop
  endfacet
  facet normal 0.000000e+00 -1.000000e+00 0.000000e+00
    outer loop
      vertex   1.175000e+01 3.000000e+01 -5.000000e+00
      vertex   1.080594e+01 3.000000e+01 -1.195498e+00
      vertex   1.057783e+01 3.000000e+01 -1.630121e+00
    endloop
  endfacet
  facet normal 0.000000e+00 -1.000000e+00 0.000000e+00
    outer loop
      vertex   1.175000e+01 3.000000e+01 -5.000000e+00
      vertex   1.057783e+01 3.000000e+01 -1.630121e+00
      vertex   1.028296e+01 3.000000e+01 -2.022524e+00
    endloop
  endfacet
  facet normal 0.000000e+00 -1.000000e+00 -0.000000e+00
    outer loop
      vertex   1.028296e+01 3.000000e+01 -2.022524e+00
      vertex   9.928958e+00 3.000000e+01 -2.362545e+00
      vertex   1.175000e+01 3.000000e+01 -5.000000e+00
    endloop
  endfacet
  facet normal 0.000000e+00 -1.000000e+00 0.000000e+00
    outer loop
      vertex   1.175000e+01 3.000000e+01 -5.000000e+00
      vertex   9.928958e+00 3.000000e+01 -2.362545e+00
      vertex   9.525000e+00 3.000000e+01 -2.641377e+00
    endloop
  endfacet
  facet normal 0.000000e+00 -1.000000e+00 0.000000e+00
    outer loop
      vertex   1.175000e+01 3.000000e+01 -5.000000e+00
      vertex   9.525000e+00 3.000000e+01 -2.641377e+00
      vertex   9.081545e+00 3.000000e+01 -2.851800e+00
    endloop
  endfacet
  facet normal 0.000000e+00 -1.000000e+00 -0.000000e+00
    outer loop
      vertex   9.081545e+00 3.000000e+01 -2.851800e+00
      vertex   8.610078e+00 3.000000e+01 -2.988361e+00
      vertex   1.175000e+01 3.000000e+01 -5.000000e+00
    endloop
  endfacet
  facet normal 0.000000e+00 -1.000000e+00 0.000000e+00
    outer loop
      vertex   1.175000e+01 3.000000e+01 -5.000000e+00
      vertex   8.610078e+00 3.000000e+01 -2.988361e+00
      vertex   8.122811e+00 3.000000e+01 -3.047526e+00
    endloop
  endfacet
  facet normal 0.000000e+00 -1.000000e+00 0.000000e+00
    outer loop
      vertex   1.175000e+01 3.000000e+01 -5.000000e+00
      vertex   8.122811e+00 3.000000e+01 -3.047526e+00
      vertex   7.632363e+00 3.000000e+01 -3.027762e+00
    endloop
  endfacet
  facet normal -0.000000e+00 -1.000000e+00 -0.000000e+00
    outer loop
      vertex   7.632363e+00 3.000000e+01 -3.027762e+00
      vertex   7.151437e+00 3.000000e+01 -2.929580e+00
      vertex   1.175000e+01 3.000000e+01 -5.000000e+00
    endloop
  endfacet
  facet normal 1.000000e+00 -1.929886e-30 1.124276e-15
    outer loop
      vertex   -1.175000e+01 3.000000e+01 -8.160003e+00
      vertex   -1.175000e+01 3.206967e+01 -8.160003e+00
      vertex   -1.175000e+01 3.000000e+01 -5.000000e+00
    endloop
  endfacet
  facet normal 1.000000e+00 -0.000000e+00 1.124276e-15
    outer loop
      vertex   -1.175000e+01 3.000000e+01 -5.000000e+00
      vertex   -1.175000e+01 3.206967e+01 -8.160003e+00
      vertex   -1.175000e+01 4.000000e+01 -5.000000e+00
    endloop
  endfacet
  facet normal 1.000000e+00 3.153688e-16 3.328274e-16
    outer loop
      vertex   -1.175000e+01 4.000000e+01 -5.000000e+00
      vertex   -1.175000e+01 3.206967e+01 -8.160003e+00
      vertex   -1.175000e+01 3.633378e+01 -1.753761e+01
    endloop
  endfacet
  facet normal 1.000000e+00 1.349246e-16 3.855925e-16
    outer loop
      vertex   -1.175000e+01 4.000000e+01 -5.000000e+00
      vertex   -1.175000e+01 3.633378e+01 -1.753761e+01
      vertex   -1.175000e+01 3.665083e+01 -1.764855e+01
    endloop
  endfacet
  facet normal 1.000000e+00 2.249566e-17 1.996545e-16
    outer loop
      vertex   -1.175000e+01 3.633378e+01 -1.753761e+01
      vertex   -1.175000e+01 3.206967e+01 -8.160003e+00
      vertex   -1.175000e+01 3.600000e+01 -1.750000e+01
    endloop
  endfacet
  facet normal 1.000000e+00 -4.519614e-16 0.000000e+00
    outer loop
      vertex   -1.175000e+01 3.600000e+01 -1.750000e+01
      vertex   -1.175000e+01 3.206967e+01 -8.160003e+00
      vertex   -1.175000e+01 3.206967e+01 -1.523891e+01
    endloop
  endfacet
  facet normal 1.000000e+00 -7.402096e-17 6.569542e-16
    outer loop
      vertex   -1.175000e+01 3.600000e+01 -1.750000e+01
      vertex   -1.175000e+01 3.206967e+01 -1.523891e+01
      vertex   -1.175000e+01 3.566622e+01 -1.753761e+01
    endloop
  endfacet
  facet normal 1.000000e+00 -1.747379e-16 4.993721e-16
    outer loop
      vertex   -1.175000e+01 3.566622e+01 -1.753761e+01
      vertex   -1.175000e+01 3.206967e+01 -1.523891e+01
      vertex   -1.175000e+01 3.534917e+01 -1.764855e+01
    endloop
  endfacet
  facet normal 1.000000e+00 -2.496843e-16 3.973703e-16
    outer loop
      vertex   -1.175000e+01 3.534917e+01 -1.764855e+01
      vertex   -1.175000e+01 3.206967e+01 -1.523891e+01
      vertex   -1.175000e+01 3.506477e+01 -1.782725e+01
    endloop
  endfacet
  facet normal 1.000000e+00 -3.181478e-16 3.181478e-16
    outer loop
      vertex   -1.175000e+01 3.506477e+01 -1.782725e+01
      vertex   -1.175000e+01 3.206967e+01 -1.523891e+01
      vertex   -1.175000e+01 3.482725e+01 -1.806477e+01
    endloop
  endfacet
  facet normal 1.000000e+00 -3.918565e-16 2.462198e-16
    outer loop
      vertex   -1.175000e+01 3.482725e+01 -1.806477e+01
      vertex   -1.175000e+01 3.206967e+01 -1.523891e+01
      vertex   -1.175000e+01 3.464855e+01 -1.834917e+01
    endloop
  endfacet
  facet normal 1.000000e+00 -4.843901e-16 1.694954e-16
    outer loop
      vertex   -1.175000e+01 3.464855e+01 -1.834917e+01
      vertex   -1.175000e+01 3.206967e+01 -1.523891e+01
      vertex   -1.175000e+01 3.453761e+01 -1.866622e+01
    endloop
  endfacet
  facet normal 1.000000e+00 -6.223874e-16 7.012622e-17
    outer loop
      vertex   -1.175000e+01 3.453761e+01 -1.866622e+01
      vertex   -1.175000e+01 3.206967e+01 -1.523891e+01
      vertex   -1.175000e+01 3.450000e+01 -1.900000e+01
    endloop
  endfacet
  facet normal 1.000000e+00 -4.959599e-16 1.518208e-16
    outer loop
      vertex   -1.175000e+01 3.450000e+01 -1.900000e+01
      vertex   -1.175000e+01 3.206967e+01 -1.523891e+01
      vertex   -1.175000e+01 3.000000e+01 -2.200000e+01
    endloop
  endfacet
  facet normal 1.000000e+00 -3.671662e-16 -4.136969e-17
    outer loop
      vertex   -1.175000e+01 3.450000e+01 -1.900000e+01
      vertex   -1.175000e+01 3.000000e+01 -2.200000e+01
      vertex   -1.175000e+01 3.453761e+01 -1.933378e+01
    endloop
  endfacet
  facet normal 1.000000e+00 -3.247122e-16 -1.136217e-16
    outer loop
      vertex   -1.175000e+01 3.453761e+01 -1.933378e+01
      vertex   -1.175000e+01 3.000000e+01 -2.200000e+01
      vertex   -1.175000e+01 3.464855e+01 -1.965083e+01
    endloop
  endfacet
  facet normal 1.000000e+00 -2.900349e-16 -1.822410e-16
    outer loop
      vertex   -1.175000e+01 3.464855e+01 -1.965083e+01
      vertex   -1.175000e+01 3.000000e+01 -2.200000e+01
      vertex   -1.175000e+01 3.482725e+01 -1.993523e+01
    endloop
  endfacet
  facet normal 1.000000e+00 0.000000e+00 -8.603190e-16
    outer loop
      vertex   -1.175000e+01 3.482725e+01 -1.993523e+01
      vertex   -1.175000e+01 3.000000e+01 -2.200000e+01
      vertex   -1.175000e+01 3.600000e+01 -2.200000e+01
    endloop
  endfacet
  facet normal 1.000000e+00 -1.991391e-15 -1.991391e-15
    outer loop
      vertex   -1.175000e+01 3.482725e+01 -1.993523e+01
      vertex   -1.175000e+01 3.600000e+01 -2.200000e+01
      vertex   -1.175000e+01 3.506477e+01 -2.017275e+01
    endloop
  endfacet
  facet normal 1.000000e+00 -9.004144e-16 -1.433001e-15
    outer loop
      vertex   -1.175000e+01 3.506477e+01 -2.017275e+01
      vertex   -1.175000e+01 3.600000e+01 -2.200000e+01
      vertex   -1.175000e+01 3.534917e+01 -2.035145e+01
    endloop
  endfacet
  facet normal 1.000000e+00 -4.374778e-16 -1.250240e-15
    outer loop
      vertex   -1.175000e+01 3.534917e+01 -2.035145e+01
      vertex   -1.175000e+01 3.600000e+01 -2.200000e+01
      vertex   -1.175000e+01 3.566622e+01 -2.046239e+01
    endloop
  endfacet
  facet normal 1.000000e+00 -1.334316e-16 -1.184238e-15
    outer loop
      vertex   -1.175000e+01 3.566622e+01 -2.046239e+01
      vertex   -1.175000e+01 3.600000e+01 -2.200000e+01
      vertex   -1.175000e+01 3.600000e+01 -2.050000e+01
    endloop
  endfacet
  facet normal 1.000000e+00 1.334316e-16 -1.184238e-15
    outer loop
      vertex   -1.175000e+01 3.600000e+01 -2.050000e+01
      vertex   -1.175000e+01 3.600000e+01 -2.200000e+01
      vertex   -1.175000e+01 3.633378e+01 -2.046239e+01
    endloop
  endfacet
  facet normal 1.000000e+00 4.374778e-16 -1.250240e-15
    outer loop
      vertex   -1.175000e+01 3.633378e+01 -2.046239e+01
      vertex   -1.175000e+01 3.600000e+01 -2.200000e+01
      vertex   -1.175000e+01 3.665083e+01 -2.035145e+01
    endloop
  endfacet
  facet normal 1.000000e+00 9.004144e-16 -1.433001e-15
    outer loop
      vertex   -1.175000e+01 3.665083e+01 -2.035145e+01
      vertex   -1.175000e+01 3.600000e+01 -2.200000e+01
      vertex   -1.175000e+01 3.693523e+01 -2.017275e+01
    endloop
  endfacet
  facet normal 1.000000e+00 -6.430280e-16 -6.430280e-16
    outer loop
      vertex   -1.175000e+01 3.693523e+01 -2.017275e+01
      vertex   -1.175000e+01 3.600000e+01 -2.200000e+01
      vertex   -1.175000e+01 3.900000e+01 -2.500000e+01
    endloop
  endfacet
  facet normal 1.000000e+00 2.577412e-16 -2.577412e-16
    outer loop
      vertex   -1.175000e+01 3.693523e+01 -2.017275e+01
      vertex   -1.175000e+01 3.900000e+01 -2.500000e+01
      vertex   -1.175000e+01 3.717275e+01 -1.993523e+01
    endloop
  endfacet
  facet normal 1.000000e+00 3.545866e-16 -2.228015e-16
    outer loop
      vertex   -1.175000e+01 3.717275e+01 -1.993523e+01
      vertex   -1.175000e+01 3.900000e+01 -2.500000e+01
      vertex   -1.175000e+01 3.735145e+01 -1.965083e+01
    endloop
  endfacet
  facet normal 1.000000e+00 5.046033e-16 -1.765683e-16
    outer loop
      vertex   -1.175000e+01 3.735145e+01 -1.965083e+01
      vertex   -1.175000e+01 3.900000e+01 -2.500000e+01
      vertex   -1.175000e+01 3.746239e+01 -1.933378e+01
    endloop
  endfacet
  facet normal 1.000000e+00 2.465852e-16 -2.465852e-16
    outer loop
      vertex   -1.175000e+01 3.746239e+01 -1.933378e+01
      vertex   -1.175000e+01 3.900000e+01 -2.500000e+01
      vertex   -1.175000e+01 4.500000e+01 -1.900000e+01
    endloop
  endfacet
  facet normal 1.000000e+00 2.368476e-16 -2.668631e-17
    outer loop
      vertex   -1.175000e+01 3.746239e+01 -1.933378e+01
      vertex   -1.175000e+01 4.500000e+01 -1.900000e+01
      vertex   -1.175000e+01 3.750000e+01 -1.900000e+01
    endloop
  endfacet
  facet normal 1.000000e+00 2.368476e-16 2.668631e-17
    outer loop
      vertex   -1.175000e+01 3.750000e+01 -1.900000e+01
      vertex   -1.175000e+01 4.500000e+01 -1.900000e+01
      vertex   -1.175000e+01 3.746239e+01 -1.866622e+01
    endloop
  endfacet
  facet normal 1.000000e+00 2.393750e-16 8.376092e-17
    outer loop
      vertex   -1.175000e+01 3.746239e+01 -1.866622e+01
      vertex   -1.175000e+01 4.500000e+01 -1.900000e+01
      vertex   -1.175000e+01 3.735145e+01 -1.834917e+01
    endloop
  endfacet
  facet normal 1.000000e+00 2.453665e-16 1.541740e-16
    outer loop
      vertex   -1.175000e+01 3.735145e+01 -1.834917e+01
      vertex   -1.175000e+01 4.500000e+01 -1.900000e+01
      vertex   -1.175000e+01 3.717275e+01 -1.806477e+01
    endloop
  endfacet
  facet normal 1.000000e+00 2.687338e-16 3.497416e-16
    outer loop
      vertex   -1.175000e+01 3.717275e+01 -1.806477e+01
      vertex   -1.175000e+01 4.500000e+01 -1.900000e+01
      vertex   -1.175000e+01 4.000000e+01 -5.000000e+00
    endloop
  endfacet
  facet normal 1.000000e+00 3.353300e-16 3.353300e-16
    outer loop
      vertex   -1.175000e+01 3.717275e+01 -1.806477e+01
      vertex   -1.175000e+01 4.000000e+01 -5.000000e+00
      vertex   -1.175000e+01 3.693523e+01 -1.782725e+01
    endloop
  endfacet
  facet normal 1.000000e+00 2.269696e-16 3.612201e-16
    outer loop
      vertex   -1.175000e+01 3.693523e+01 -1.782725e+01
      vertex   -1.175000e+01 4.000000e+01 -5.000000e+00
      vertex   -1.175000e+01 3.665083e+01 -1.764855e+01
    endloop
  endfacet
  facet normal 1.000000e+00 0.000000e+00 0.000000e+00
    outer loop
      vertex   -1.175000e+01 3.206967e+01 -1.523891e+01
      vertex   -1.175000e+01 3.000000e+01 -1.523891e+01
      vertex   -1.175000e+01 3.000000e+01 -2.200000e+01
    endloop
  endfacet
  facet normal 1.000000e+00 0.000000e+00 0.000000e+00
    outer loop
      vertex   -1.175000e+01 3.600000e+01 -2.200000e+01
      vertex   -1.175000e+01 3.600000e+01 -2.500000e+01
      vertex   -1.175000e+01 3.900000e+01 -2.500000e+01
    endloop
  endfacet
  facet normal 1.000000e+00 0.000000e+00 2.537653e-16
    outer loop
      vertex   -1.175000e+01 4.500000e+01 -1.900000e+01
      vertex   -1.175000e+01 4.500000e+01 -5.000000e+00
      vertex   -1.175000e+01 4.000000e+01 -5.000000e+00
    endloop
  endfacet
  facet normal -1.000000e+00 0.000000e+00 0.000000e+00
    outer loop
      vertex   2.000000e+01 3.000000e+01 -3.000000e+00
      vertex   2.000000e+01 3.000000e+01 4.500000e+00
      vertex   2.000000e+01 4.000000e+01 -3.000000e+00
    endloop
  endfacet
  facet normal -1.000000e+00 0.000000e+00 0.000000e+00
    outer loop
      vertex   2.000000e+01 4.000000e+01 -3.000000e+00
      vertex   2.000000e+01 3.000000e+01 4.500000e+00
      vertex   2.000000e+01 4.000000e+01 4.500000e+00
    endloop
  endfacet
  facet normal 9.914449e-01 -0.000000e+00 1.305262e-01
    outer loop
      vertex   1.901704e+01 3.000000e+01 -3.129410e+00
      vertex   1.901704e+01 3.250000e+01 -3.129410e+00
      vertex   1.900000e+01 3.000000e+01 -3.000000e+00
    endloop
  endfacet
  facet normal 9.914449e-01 2.259340e-17 1.305262e-01
    outer loop
      vertex   1.900000e+01 3.000000e+01 -3.000000e+00
      vertex   1.901704e+01 3.250000e+01 -3.129410e+00
      vertex   1.901704e+01 3.500000e+01 -3.129410e+00
    endloop
  endfacet
  facet normal 9.914449e-01 -0.000000e+00 1.305262e-01
    outer loop
      vertex   1.900000e+01 3.000000e+01 -3.000000e+00
      vertex   1.901704e+01 3.500000e+01 -3.129410e+00
      vertex   1.900000e+01 4.000000e+01 -3.000000e+00
    endloop
  endfacet
  facet normal 9.914449e-01 0.000000e+00 1.305262e-01
    outer loop
      vertex   1.900000e+01 4.000000e+01 -3.000000e+00
      vertex   1.901704e+01 3.500000e+01 -3.129410e+00
      vertex   1.901704e+01 3.750000e+01 -3.129410e+00
    endloop
  endfacet
  facet normal 9.914449e-01 7.043823e-17 1.305262e-01
    outer loop
      vertex   1.900000e+01 4.000000e+01 -3.000000e+00
      vertex   1.901704e+01 3.750000e+01 -3.129410e+00
      vertex   1.901704e+01 4.000000e+01 -3.129410e+00
    endloop
  endfacet
  facet normal 9.238795e-01 2.039347e-16 3.826834e-01
    outer loop
      vertex   1.901704e+01 4.000000e+01 -3.129410e+00
      vertex   1.901704e+01 3.750000e+01 -3.129410e+00
      vertex   1.906699e+01 4.000000e+01 -3.250000e+00
    endloop
  endfacet
  facet normal 9.238795e-01 6.797823e-17 3.826834e-01
    outer loop
      vertex   1.906699e+01 4.000000e+01 -3.250000e+00
      vertex   1.901704e+01 3.750000e+01 -3.129410e+00
      vertex   1.906699e+01 3.750000e+01 -3.250000e+00
    endloop
  endfacet
  facet normal 7.933533e-01 1.081378e-16 6.087614e-01
    outer loop
      vertex   1.906699e+01 4.000000e+01 -3.250000e+00
      vertex   1.906699e+01 3.750000e+01 -3.250000e+00
      vertex   1.914645e+01 4.000000e+01 -3.353553e+00
    endloop
  endfacet
  facet normal 7.933533e-01 1.559974e-15 6.087614e-01
    outer loop
      vertex   1.914645e+01 4.000000e+01 -3.353553e+00
      vertex   1.906699e+01 3.750000e+01 -3.250000e+00
      vertex   1.914645e+01 3.750000e+01 -3.353553e+00
    endloop
  endfacet
  facet normal 6.087614e-01 1.428813e-15 7.933533e-01
    outer loop
      vertex   1.914645e+01 4.000000e+01 -3.353553e+00
      vertex   1.914645e+01 3.750000e+01 -3.353553e+00
      vertex   1.925000e+01 4.000000e+01 -3.433013e+00
    endloop
  endfacet
  facet normal 6.087614e-01 0.000000e+00 7.933533e-01
    outer loop
      vertex   1.925000e+01 4.000000e+01 -3.433013e+00
      vertex   1.914645e+01 3.750000e+01 -3.353553e+00
      vertex   1.925000e+01 3.750000e+01 -3.433013e+00
    endloop
  endfacet
  facet normal 3.826834e-01 0.000000e+00 9.238795e-01
    outer loop
      vertex   1.925000e+01 4.000000e+01 -3.433013e+00
      vertex   1.925000e+01 3.750000e+01 -3.433013e+00
      vertex   1.937059e+01 4.000000e+01 -3.482963e+00
    endloop
  endfacet
  facet normal 3.826834e-01 3.282279e-16 9.238795e-01
    outer loop
      vertex   1.937059e+01 4.000000e+01 -3.482963e+00
      vertex   1.925000e+01 3.750000e+01 -3.433013e+00
      vertex   1.937059e+01 3.750000e+01 -3.482963e+00
    endloop
  endfacet
  facet normal 1.305262e-01 3.522320e-16 9.914449e-01
    outer loop
      vertex   1.937059e+01 4.000000e+01 -3.482963e+00
      vertex   1.937059e+01 3.750000e+01 -3.482963e+00
      vertex   1.950000e+01 4.000000e+01 -3.500000e+00
    endloop
  endfacet
  facet normal 1.305262e-01 1.761160e-16 9.914449e-01
    outer loop
      vertex   1.950000e+01 4.000000e+01 -3.500000e+00
      vertex   1.937059e+01 3.750000e+01 -3.482963e+00
      vertex   1.950000e+01 3.750000e+01 -3.500000e+00
    endloop
  endfacet
  facet normal -1.305262e-01 1.761160e-16 9.914449e-01
    outer loop
      vertex   1.950000e+01 4.000000e+01 -3.500000e+00
      vertex   1.950000e+01 3.750000e+01 -3.500000e+00
      vertex   1.962941e+01 4.000000e+01 -3.482963e+00
    endloop
  endfacet
  facet normal -1.305262e-01 -3.522320e-16 9.914449e-01
    outer loop
      vertex   1.962941e+01 4.000000e+01 -3.482963e+00
      vertex   1.950000e+01 3.750000e+01 -3.500000e+00
      vertex   1.962941e+01 3.750000e+01 -3.482963e+00
    endloop
  endfacet
  facet normal -3.826834e-01 -3.282279e-16 9.238795e-01
    outer loop
      vertex   1.962941e+01 4.000000e+01 -3.482963e+00
      vertex   1.962941e+01 3.750000e+01 -3.482963e+00
      vertex   1.975000e+01 4.000000e+01 -3.433013e+00
    endloop
  endfacet
  facet normal -3.826834e-01 -1.641140e-16 9.238795e-01
    outer loop
      vertex   1.975000e+01 4.000000e+01 -3.433013e+00
      vertex   1.962941e+01 3.750000e+01 -3.482963e+00
      vertex   1.975000e+01 3.750000e+01 -3.433013e+00
    endloop
  endfacet
  facet normal -6.087614e-01 -1.409279e-16 7.933533e-01
    outer loop
      vertex   1.975000e+01 4.000000e+01 -3.433013e+00
      vertex   1.975000e+01 3.750000e+01 -3.433013e+00
      vertex   1.985355e+01 4.000000e+01 -3.353553e+00
    endloop
  endfacet
  facet normal -6.087614e-01 -1.409279e-16 7.933533e-01
    outer loop
      vertex   1.985355e+01 4.000000e+01 -3.353553e+00
      vertex   1.975000e+01 3.750000e+01 -3.433013e+00
      vertex   1.985355e+01 3.750000e+01 -3.353553e+00
    endloop
  endfacet
  facet normal -7.933533e-01 -1.081378e-16 6.087614e-01
    outer loop
      vertex   1.985355e+01 4.000000e+01 -3.353553e+00
      vertex   1.985355e+01 3.750000e+01 -3.353553e+00
      vertex   1.993301e+01 4.000000e+01 -3.250000e+00
    endloop
  endfacet
  facet normal -7.933533e-01 -1.559974e-15 6.087614e-01
    outer loop
      vertex   1.993301e+01 4.000000e+01 -3.250000e+00
      vertex   1.985355e+01 3.750000e+01 -3.353553e+00
      vertex   1.993301e+01 3.750000e+01 -3.250000e+00
    endloop
  endfacet
  facet normal -9.238795e-01 -1.584825e-15 3.826834e-01
    outer loop
      vertex   1.993301e+01 4.000000e+01 -3.250000e+00
      vertex   1.993301e+01 3.750000e+01 -3.250000e+00
      vertex   1.998296e+01 4.000000e+01 -3.129410e+00
    endloop
  endfacet
  facet normal -9.238795e-01 -6.797823e-17 3.826834e-01
    outer loop
      vertex   1.998296e+01 4.000000e+01 -3.129410e+00
      vertex   1.993301e+01 3.750000e+01 -3.250000e+00
      vertex   1.998296e+01 3.750000e+01 -3.129410e+00
    endloop
  endfacet
  facet normal -9.914449e-01 -2.318611e-17 1.305262e-01
    outer loop
      vertex   1.998296e+01 4.000000e+01 -3.129410e+00
      vertex   1.998296e+01 3.750000e+01 -3.129410e+00
      vertex   2.000000e+01 4.000000e+01 -3.000000e+00
    endloop
  endfacet
  facet normal -9.914449e-01 -4.651581e-17 1.305262e-01
    outer loop
      vertex   2.000000e+01 4.000000e+01 -3.000000e+00
      vertex   1.998296e+01 3.750000e+01 -3.129410e+00
      vertex   1.998296e+01 3.500000e+01 -3.129410e+00
    endloop
  endfacet
  facet normal -9.914449e-01 0.000000e+00 1.305262e-01
    outer loop
      vertex   2.000000e+01 4.000000e+01 -3.000000e+00
      vertex   1.998296e+01 3.500000e+01 -3.129410e+00
      vertex   2.000000e+01 3.000000e+01 -3.000000e+00
    endloop
  endfacet
  facet normal -9.914449e-01 0.000000e+00 1.305262e-01
    outer loop
      vertex   2.000000e+01 3.000000e+01 -3.000000e+00
      vertex   1.998296e+01 3.500000e+01 -3.129410e+00
      vertex   1.998296e+01 3.250000e+01 -3.129410e+00
    endloop
  endfacet
  facet normal -9.914449e-01 -2.259340e-17 1.305262e-01
    outer loop
      vertex   2.000000e+01 3.000000e+01 -3.000000e+00
      vertex   1.998296e+01 3.250000e+01 -3.129410e+00
      vertex   1.998296e+01 3.000000e+01 -3.129410e+00
    endloop
  endfacet
  facet normal -9.238795e-01 -6.797823e-17 3.826834e-01
    outer loop
      vertex   1.998296e+01 3.000000e+01 -3.129410e+00
      vertex   1.998296e+01 3.250000e+01 -3.129410e+00
      vertex   1.993301e+01 3.000000e+01 -3.250000e+00
    endloop
  endfacet
  facet normal -9.238795e-01 1.380890e-15 3.826834e-01
    outer loop
      vertex   1.993301e+01 3.000000e+01 -3.250000e+00
      vertex   1.998296e+01 3.250000e+01 -3.129410e+00
      vertex   1.993301e+01 3.250000e+01 -3.250000e+00
    endloop
  endfacet
  facet normal -7.933533e-01 1.235561e-15 6.087614e-01
    outer loop
      vertex   1.993301e+01 3.000000e+01 -3.250000e+00
      vertex   1.993301e+01 3.250000e+01 -3.250000e+00
      vertex   1.985355e+01 3.000000e+01 -3.353553e+00
    endloop
  endfacet
  facet normal -7.933533e-01 0.000000e+00 6.087614e-01
    outer loop
      vertex   1.985355e+01 3.000000e+01 -3.353553e+00
      vertex   1.993301e+01 3.250000e+01 -3.250000e+00
      vertex   1.985355e+01 3.250000e+01 -3.353553e+00
    endloop
  endfacet
  facet normal -6.087614e-01 0.000000e+00 7.933533e-01
    outer loop
      vertex   1.985355e+01 3.000000e+01 -3.353553e+00
      vertex   1.985355e+01 3.250000e+01 -3.353553e+00
      vertex   1.975000e+01 3.000000e+01 -3.433013e+00
    endloop
  endfacet
  facet normal -6.087614e-01 0.000000e+00 7.933533e-01
    outer loop
      vertex   1.975000e+01 3.000000e+01 -3.433013e+00
      vertex   1.985355e+01 3.250000e+01 -3.353553e+00
      vertex   1.975000e+01 3.250000e+01 -3.433013e+00
    endloop
  endfacet
  facet normal -3.826834e-01 0.000000e+00 9.238795e-01
    outer loop
      vertex   1.975000e+01 3.000000e+01 -3.433013e+00
      vertex   1.975000e+01 3.250000e+01 -3.433013e+00
      vertex   1.962941e+01 3.000000e+01 -3.482963e+00
    endloop
  endfacet
  facet normal -3.826834e-01 0.000000e+00 9.238795e-01
    outer loop
      vertex   1.962941e+01 3.000000e+01 -3.482963e+00
      vertex   1.975000e+01 3.250000e+01 -3.433013e+00
      vertex   1.962941e+01 3.250000e+01 -3.482963e+00
    endloop
  endfacet
  facet normal -1.305262e-01 0.000000e+00 9.914449e-01
    outer loop
      vertex   1.962941e+01 3.000000e+01 -3.482963e+00
      vertex   1.962941e+01 3.250000e+01 -3.482963e+00
      vertex   1.950000e+01 3.000000e+01 -3.500000e+00
    endloop
  endfacet
  facet normal -1.305262e-01 -1.761160e-16 9.914449e-01
    outer loop
      vertex   1.950000e+01 3.000000e+01 -3.500000e+00
      vertex   1.962941e+01 3.250000e+01 -3.482963e+00
      vertex   1.950000e+01 3.250000e+01 -3.500000e+00
    endloop
  endfacet
  facet normal 1.305262e-01 -1.761160e-16 9.914449e-01
    outer loop
      vertex   1.950000e+01 3.000000e+01 -3.500000e+00
      vertex   1.950000e+01 3.250000e+01 -3.500000e+00
      vertex   1.937059e+01 3.000000e+01 -3.482963e+00
    endloop
  endfacet
  facet normal 1.305262e-01 -0.000000e+00 9.914449e-01
    outer loop
      vertex   1.937059e+01 3.000000e+01 -3.482963e+00
      vertex   1.950000e+01 3.250000e+01 -3.500000e+00
      vertex   1.937059e+01 3.250000e+01 -3.482963e+00
    endloop
  endfacet
  facet normal 3.826834e-01 -0.000000e+00 9.238795e-01
    outer loop
      vertex   1.937059e+01 3.000000e+01 -3.482963e+00
      vertex   1.937059e+01 3.250000e+01 -3.482963e+00
      vertex   1.925000e+01 3.000000e+01 -3.433013e+00
    endloop
  endfacet
  facet normal 3.826834e-01 -0.000000e+00 9.238795e-01
    outer loop
      vertex   1.925000e+01 3.000000e+01 -3.433013e+00
      vertex   1.937059e+01 3.250000e+01 -3.482963e+00
      vertex   1.925000e+01 3.250000e+01 -3.433013e+00
    endloop
  endfacet
  facet normal 6.087614e-01 -0.000000e+00 7.933533e-01
    outer loop
      vertex   1.925000e+01 3.000000e+01 -3.433013e+00
      vertex   1.925000e+01 3.250000e+01 -3.433013e+00
      vertex   1.914645e+01 3.000000e+01 -3.353553e+00
    endloop
  endfacet
  facet normal 6.087614e-01 -1.409279e-16 7.933533e-01
    outer loop
      vertex   1.914645e+01 3.000000e+01 -3.353553e+00
      vertex   1.925000e+01 3.250000e+01 -3.433013e+00
      vertex   1.914645e+01 3.250000e+01 -3.353553e+00
    endloop
  endfacet
  facet normal 7.933533e-01 -1.081378e-16 6.087614e-01
    outer loop
      vertex   1.914645e+01 3.000000e+01 -3.353553e+00
      vertex   1.914645e+01 3.250000e+01 -3.353553e+00
      vertex   1.906699e+01 3.000000e+01 -3.250000e+00
    endloop
  endfacet
  facet normal 7.933533e-01 1.081378e-16 6.087614e-01
    outer loop
      vertex   1.906699e+01 3.000000e+01 -3.250000e+00
      vertex   1.914645e+01 3.250000e+01 -3.353553e+00
      vertex   1.906699e+01 3.250000e+01 -3.250000e+00
    endloop
  endfacet
  facet normal 9.238795e-01 6.797823e-17 3.826834e-01
    outer loop
      vertex   1.906699e+01 3.000000e+01 -3.250000e+00
      vertex   1.906699e+01 3.250000e+01 -3.250000e+00
      vertex   1.901704e+01 3.000000e+01 -3.129410e+00
    endloop
  endfacet
  facet normal 9.238795e-01 -0.000000e+00 3.826834e-01
    outer loop
      vertex   1.901704e+01 3.000000e+01 -3.129410e+00
      vertex   1.906699e+01 3.250000e+01 -3.250000e+00
      vertex   1.901704e+01 3.250000e+01 -3.129410e+00
    endloop
  endfacet
  facet normal 9.238795e-01 0.000000e+00 3.826834e-01
    outer loop
      vertex   1.906699e+01 3.750000e+01 -3.250000e+00
      vertex   1.901704e+01 3.750000e+01 -3.129410e+00
      vertex   1.901704e+01 3.500000e+01 -3.129410e+00
    endloop
  endfacet
  facet normal 9.238795e-01 6.797823e-17 3.826834e-01
    outer loop
      vertex   1.901704e+01 3.500000e+01 -3.129410e+00
      vertex   1.901704e+01 3.250000e+01 -3.129410e+00
      vertex   1.906699e+01 3.500000e+01 -3.250000e+00
    endloop
  endfacet
  facet normal 9.238795e-01 1.359565e-16 3.826834e-01
    outer loop
      vertex   1.906699e+01 3.500000e+01 -3.250000e+00
      vertex   1.901704e+01 3.250000e+01 -3.129410e+00
      vertex   1.906699e+01 3.250000e+01 -3.250000e+00
    endloop
  endfacet
  facet normal 7.933533e-01 2.162755e-16 6.087614e-01
    outer loop
      vertex   1.906699e+01 3.500000e+01 -3.250000e+00
      vertex   1.906699e+01 3.250000e+01 -3.250000e+00
      vertex   1.914645e+01 3.500000e+01 -3.353553e+00
    endloop
  endfacet
  facet normal 7.933533e-01 0.000000e+00 6.087614e-01
    outer loop
      vertex   1.914645e+01 3.500000e+01 -3.353553e+00
      vertex   1.906699e+01 3.250000e+01 -3.250000e+00
      vertex   1.914645e+01 3.250000e+01 -3.353553e+00
    endloop
  endfacet
  facet normal 6.087614e-01 0.000000e+00 7.933533e-01
    outer loop
      vertex   1.914645e+01 3.500000e+01 -3.353553e+00
      vertex   1.914645e+01 3.250000e+01 -3.353553e+00
      vertex   1.925000e+01 3.500000e+01 -3.433013e+00
    endloop
  endfacet
  facet normal 6.087614e-01 -8.651020e-16 7.933533e-01
    outer loop
      vertex   1.925000e+01 3.500000e+01 -3.433013e+00
      vertex   1.914645e+01 3.250000e+01 -3.353553e+00
      vertex   1.925000e+01 3.250000e+01 -3.433013e+00
    endloop
  endfacet
  facet normal 3.826834e-01 -5.438259e-16 9.238795e-01
    outer loop
      vertex   1.925000e+01 3.500000e+01 -3.433013e+00
      vertex   1.925000e+01 3.250000e+01 -3.433013e+00
      vertex   1.937059e+01 3.500000e+01 -3.482963e+00
    endloop
  endfacet
  facet normal 3.826834e-01 0.000000e+00 9.238795e-01
    outer loop
      vertex   1.937059e+01 3.500000e+01 -3.482963e+00
      vertex   1.925000e+01 3.250000e+01 -3.433013e+00
      vertex   1.937059e+01 3.250000e+01 -3.482963e+00
    endloop
  endfacet
  facet normal 1.305262e-01 0.000000e+00 9.914449e-01
    outer loop
      vertex   1.937059e+01 3.500000e+01 -3.482963e+00
      vertex   1.937059e+01 3.250000e+01 -3.482963e+00
      vertex   1.950000e+01 3.500000e+01 -3.500000e+00
    endloop
  endfacet
  facet normal 1.305262e-01 0.000000e+00 9.914449e-01
    outer loop
      vertex   1.950000e+01 3.500000e+01 -3.500000e+00
      vertex   1.937059e+01 3.250000e+01 -3.482963e+00
      vertex   1.950000e+01 3.250000e+01 -3.500000e+00
    endloop
  endfacet
  facet normal -1.305262e-01 0.000000e+00 9.914449e-01
    outer loop
      vertex   1.950000e+01 3.500000e+01 -3.500000e+00
      vertex   1.950000e+01 3.250000e+01 -3.500000e+00
      vertex   1.962941e+01 3.500000e+01 -3.482963e+00
    endloop
  endfacet
  facet normal -1.305262e-01 0.000000e+00 9.914449e-01
    outer loop
      vertex   1.962941e+01 3.500000e+01 -3.482963e+00
      vertex   1.950000e+01 3.250000e+01 -3.500000e+00
      vertex   1.962941e+01 3.250000e+01 -3.482963e+00
    endloop
  endfacet
  facet normal -3.826834e-01 0.000000e+00 9.238795e-01
    outer loop
      vertex   1.962941e+01 3.500000e+01 -3.482963e+00
      vertex   1.962941e+01 3.250000e+01 -3.482963e+00
      vertex   1.975000e+01 3.500000e+01 -3.433013e+00
    endloop
  endfacet
  facet normal -3.826834e-01 -3.282279e-16 9.238795e-01
    outer loop
      vertex   1.975000e+01 3.500000e+01 -3.433013e+00
      vertex   1.962941e+01 3.250000e+01 -3.482963e+00
      vertex   1.975000e+01 3.250000e+01 -3.433013e+00
    endloop
  endfacet
  facet normal -6.087614e-01 -2.818557e-16 7.933533e-01
    outer loop
      vertex   1.975000e+01 3.500000e+01 -3.433013e+00
      vertex   1.975000e+01 3.250000e+01 -3.433013e+00
      vertex   1.985355e+01 3.500000e+01 -3.353553e+00
    endloop
  endfacet
  facet normal -6.087614e-01 -2.818557e-16 7.933533e-01
    outer loop
      vertex   1.985355e+01 3.500000e+01 -3.353553e+00
      vertex   1.975000e+01 3.250000e+01 -3.433013e+00
      vertex   1.985355e+01 3.250000e+01 -3.353553e+00
    endloop
  endfacet
  facet normal -7.933533e-01 -2.162755e-16 6.087614e-01
    outer loop
      vertex   1.985355e+01 3.500000e+01 -3.353553e+00
      vertex   1.985355e+01 3.250000e+01 -3.353553e+00
      vertex   1.993301e+01 3.500000e+01 -3.250000e+00
    endloop
  endfacet
  facet normal -7.933533e-01 -1.081378e-16 6.087614e-01
    outer loop
      vertex   1.993301e+01 3.500000e+01 -3.250000e+00
      vertex   1.985355e+01 3.250000e+01 -3.353553e+00
      vertex   1.993301e+01 3.250000e+01 -3.250000e+00
    endloop
  endfacet
  facet normal -9.238795e-01 -6.797823e-17 3.826834e-01
    outer loop
      vertex   1.993301e+01 3.500000e+01 -3.250000e+00
      vertex   1.993301e+01 3.250000e+01 -3.250000e+00
      vertex   1.998296e+01 3.500000e+01 -3.129410e+00
    endloop
  endfacet
  facet normal -9.238795e-01 0.000000e+00 3.826834e-01
    outer loop
      vertex   1.998296e+01 3.500000e+01 -3.129410e+00
      vertex   1.993301e+01 3.250000e+01 -3.250000e+00
      vertex   1.998296e+01 3.250000e+01 -3.129410e+00
    endloop
  endfacet
  facet normal 7.933533e-01 1.063219e-16 6.087614e-01
    outer loop
      vertex   1.914645e+01 3.750000e+01 -3.353553e+00
      vertex   1.906699e+01 3.750000e+01 -3.250000e+00
      vertex   1.906699e+01 3.500000e+01 -3.250000e+00
    endloop
  endfacet
  facet normal 9.238795e-01 6.797823e-17 3.826834e-01
    outer loop
      vertex   1.906699e+01 3.500000e+01 -3.250000e+00
      vertex   1.906699e+01 3.750000e+01 -3.250000e+00
      vertex   1.901704e+01 3.500000e+01 -3.129410e+00
    endloop
  endfacet
  facet normal 7.933533e-01 -1.019285e-15 6.087614e-01
    outer loop
      vertex   1.914645e+01 3.750000e+01 -3.353553e+00
      vertex   1.906699e+01 3.500000e+01 -3.250000e+00
      vertex   1.914645e+01 3.500000e+01 -3.353553e+00
    endloop
  endfacet
  facet normal 6.087614e-01 -7.229887e-16 7.933533e-01
    outer loop
      vertex   1.925000e+01 3.750000e+01 -3.433013e+00
      vertex   1.914645e+01 3.750000e+01 -3.353553e+00
      vertex   1.914645e+01 3.500000e+01 -3.353553e+00
    endloop
  endfacet
  facet normal 6.087614e-01 1.409279e-16 7.933533e-01
    outer loop
      vertex   1.925000e+01 3.750000e+01 -3.433013e+00
      vertex   1.914645e+01 3.500000e+01 -3.353553e+00
      vertex   1.925000e+01 3.500000e+01 -3.433013e+00
    endloop
  endfacet
  facet normal 3.826834e-01 1.647989e-16 9.238795e-01
    outer loop
      vertex   1.937059e+01 3.750000e+01 -3.482963e+00
      vertex   1.925000e+01 3.750000e+01 -3.433013e+00
      vertex   1.925000e+01 3.500000e+01 -3.433013e+00
    endloop
  endfacet
  facet normal 3.826834e-01 0.000000e+00 9.238795e-01
    outer loop
      vertex   1.937059e+01 3.750000e+01 -3.482963e+00
      vertex   1.925000e+01 3.500000e+01 -3.433013e+00
      vertex   1.937059e+01 3.500000e+01 -3.482963e+00
    endloop
  endfacet
  facet normal 1.305262e-01 0.000000e+00 9.914449e-01
    outer loop
      vertex   1.950000e+01 3.750000e+01 -3.500000e+00
      vertex   1.937059e+01 3.750000e+01 -3.482963e+00
      vertex   1.937059e+01 3.500000e+01 -3.482963e+00
    endloop
  endfacet
  facet normal 1.305262e-01 0.000000e+00 9.914449e-01
    outer loop
      vertex   1.950000e+01 3.750000e+01 -3.500000e+00
      vertex   1.937059e+01 3.500000e+01 -3.482963e+00
      vertex   1.950000e+01 3.500000e+01 -3.500000e+00
    endloop
  endfacet
  facet normal -1.305262e-01 0.000000e+00 9.914449e-01
    outer loop
      vertex   1.962941e+01 3.750000e+01 -3.482963e+00
      vertex   1.950000e+01 3.750000e+01 -3.500000e+00
      vertex   1.950000e+01 3.500000e+01 -3.500000e+00
    endloop
  endfacet
  facet normal -1.305262e-01 0.000000e+00 9.914449e-01
    outer loop
      vertex   1.962941e+01 3.750000e+01 -3.482963e+00
      vertex   1.950000e+01 3.500000e+01 -3.500000e+00
      vertex   1.962941e+01 3.500000e+01 -3.482963e+00
    endloop
  endfacet
  facet normal -3.826834e-01 0.000000e+00 9.238795e-01
    outer loop
      vertex   1.975000e+01 3.750000e+01 -3.433013e+00
      vertex   1.962941e+01 3.750000e+01 -3.482963e+00
      vertex   1.962941e+01 3.500000e+01 -3.482963e+00
    endloop
  endfacet
  facet normal -3.826834e-01 0.000000e+00 9.238795e-01
    outer loop
      vertex   1.975000e+01 3.750000e+01 -3.433013e+00
      vertex   1.962941e+01 3.500000e+01 -3.482963e+00
      vertex   1.975000e+01 3.500000e+01 -3.433013e+00
    endloop
  endfacet
  facet normal -6.087614e-01 0.000000e+00 7.933533e-01
    outer loop
      vertex   1.985355e+01 3.750000e+01 -3.353553e+00
      vertex   1.975000e+01 3.750000e+01 -3.433013e+00
      vertex   1.975000e+01 3.500000e+01 -3.433013e+00
    endloop
  endfacet
  facet normal -6.087614e-01 0.000000e+00 7.933533e-01
    outer loop
      vertex   1.985355e+01 3.750000e+01 -3.353553e+00
      vertex   1.975000e+01 3.500000e+01 -3.433013e+00
      vertex   1.985355e+01 3.500000e+01 -3.353553e+00
    endloop
  endfacet
  facet normal -7.933533e-01 0.000000e+00 6.087614e-01
    outer loop
      vertex   1.993301e+01 3.750000e+01 -3.250000e+00
      vertex   1.985355e+01 3.750000e+01 -3.353553e+00
      vertex   1.985355e+01 3.500000e+01 -3.353553e+00
    endloop
  endfacet
  facet normal -7.933533e-01 0.000000e+00 6.087614e-01
    outer loop
      vertex   1.993301e+01 3.750000e+01 -3.250000e+00
      vertex   1.985355e+01 3.500000e+01 -3.353553e+00
      vertex   1.993301e+01 3.500000e+01 -3.250000e+00
    endloop
  endfacet
  facet normal -9.238795e-01 0.000000e+00 3.826834e-01
    outer loop
      vertex   1.998296e+01 3.750000e+01 -3.129410e+00
      vertex   1.993301e+01 3.750000e+01 -3.250000e+00
      vertex   1.993301e+01 3.500000e+01 -3.250000e+00
    endloop
  endfacet
  facet normal -9.238795e-01 -1.359565e-16 3.826834e-01
    outer loop
      vertex   1.998296e+01 3.750000e+01 -3.129410e+00
      vertex   1.993301e+01 3.500000e+01 -3.250000e+00
      vertex   1.998296e+01 3.500000e+01 -3.129410e+00
    endloop
  endfacet
  facet normal -1.305262e-01 0.000000e+00 9.914449e-01
    outer loop
      vertex   -1.937059e+01 3.000000e+01 -3.482963e+00
      vertex   -1.937059e+01 3.250000e+01 -3.482963e+00
      vertex   -1.950000e+01 3.000000e+01 -3.500000e+00
    endloop
  endfacet
  facet normal -1.305262e-01 0.000000e+00 9.914449e-01
    outer loop
      vertex   -1.950000e+01 3.000000e+01 -3.500000e+00
      vertex   -1.937059e+01 3.250000e+01 -3.482963e+00
      vertex   -1.937059e+01 3.500000e+01 -3.482963e+00
    endloop
  endfacet
  facet normal -1.305262e-01 0.000000e+00 9.914449e-01
    outer loop
      vertex   -1.950000e+01 3.000000e+01 -3.500000e+00
      vertex   -1.937059e+01 3.500000e+01 -3.482963e+00
      vertex   -1.950000e+01 4.000000e+01 -3.500000e+00
    endloop
  endfacet
  facet normal -1.305262e-01 0.000000e+00 9.914449e-01
    outer loop
      vertex   -1.950000e+01 4.000000e+01 -3.500000e+00
      vertex   -1.937059e+01 3.500000e+01 -3.482963e+00
      vertex   -1.937059e+01 3.750000e+01 -3.482963e+00
    endloop
  endfacet
  facet normal -1.305262e-01 0.000000e+00 9.914449e-01
    outer loop
      vertex   -1.950000e+01 4.000000e+01 -3.500000e+00
      vertex   -1.937059e+01 3.750000e+01 -3.482963e+00
      vertex   -1.937059e+01 4.000000e+01 -3.482963e+00
    endloop
  endfacet
  facet normal -3.826834e-01 0.000000e+00 9.238795e-01
    outer loop
      vertex   -1.937059e+01 4.000000e+01 -3.482963e+00
      vertex   -1.937059e+01 3.750000e+01 -3.482963e+00
      vertex   -1.925000e+01 4.000000e+01 -3.433013e+00
    endloop
  endfacet
  facet normal -3.826834e-01 3.282279e-16 9.238795e-01
    outer loop
      vertex   -1.925000e+01 4.000000e+01 -3.433013e+00
      vertex   -1.937059e+01 3.750000e+01 -3.482963e+00
      vertex   -1.925000e+01 3.750000e+01 -3.433013e+00
    endloop
  endfacet
  facet normal -6.087614e-01 2.818557e-16 7.933533e-01
    outer loop
      vertex   -1.925000e+01 4.000000e+01 -3.433013e+00
      vertex   -1.925000e+01 3.750000e+01 -3.433013e+00
      vertex   -1.914645e+01 4.000000e+01 -3.353553e+00
    endloop
  endfacet
  facet normal -6.087614e-01 0.000000e+00 7.933533e-01
    outer loop
      vertex   -1.914645e+01 4.000000e+01 -3.353553e+00
      vertex   -1.925000e+01 3.750000e+01 -3.433013e+00
      vertex   -1.914645e+01 3.750000e+01 -3.353553e+00
    endloop
  endfacet
  facet normal -7.933533e-01 0.000000e+00 6.087614e-01
    outer loop
      vertex   -1.914645e+01 4.000000e+01 -3.353553e+00
      vertex   -1.914645e+01 3.750000e+01 -3.353553e+00
      vertex   -1.906699e+01 4.000000e+01 -3.250000e+00
    endloop
  endfacet
  facet normal -7.933533e-01 0.000000e+00 6.087614e-01
    outer loop
      vertex   -1.906699e+01 4.000000e+01 -3.250000e+00
      vertex   -1.914645e+01 3.750000e+01 -3.353553e+00
      vertex   -1.906699e+01 3.750000e+01 -3.250000e+00
    endloop
  endfacet
  facet normal -9.238795e-01 0.000000e+00 3.826834e-01
    outer loop
      vertex   -1.906699e+01 4.000000e+01 -3.250000e+00
      vertex   -1.906699e+01 3.750000e+01 -3.250000e+00
      vertex   -1.901704e+01 4.000000e+01 -3.129410e+00
    endloop
  endfacet
  facet normal -9.238795e-01 1.359565e-16 3.826834e-01
    outer loop
      vertex   -1.901704e+01 4.000000e+01 -3.129410e+00
      vertex   -1.906699e+01 3.750000e+01 -3.250000e+00
      vertex   -1.901704e+01 3.750000e+01 -3.129410e+00
    endloop
  endfacet
  facet normal -9.914449e-01 4.637222e-17 1.305262e-01
    outer loop
      vertex   -1.901704e+01 4.000000e+01 -3.129410e+00
      vertex   -1.901704e+01 3.750000e+01 -3.129410e+00
      vertex   -1.900000e+01 4.000000e+01 -3.000000e+00
    endloop
  endfacet
  facet normal -9.914449e-01 0.000000e+00 1.305262e-01
    outer loop
      vertex   -1.900000e+01 4.000000e+01 -3.000000e+00
      vertex   -1.901704e+01 3.750000e+01 -3.129410e+00
      vertex   -1.901704e+01 3.500000e+01 -3.129410e+00
    endloop
  endfacet
  facet normal -9.914449e-01 0.000000e+00 1.305262e-01
    outer loop
      vertex   -1.900000e+01 4.000000e+01 -3.000000e+00
      vertex   -1.901704e+01 3.500000e+01 -3.129410e+00
      vertex   -1.900000e+01 3.000000e+01 -3.000000e+00
    endloop
  endfacet
  facet normal -9.914449e-01 0.000000e+00 1.305262e-01
    outer loop
      vertex   -1.900000e+01 3.000000e+01 -3.000000e+00
      vertex   -1.901704e+01 3.500000e+01 -3.129410e+00
      vertex   -1.901704e+01 3.250000e+01 -3.129410e+00
    endloop
  endfacet
  facet normal -9.914449e-01 -4.651581e-17 1.305262e-01
    outer loop
      vertex   -1.900000e+01 3.000000e+01 -3.000000e+00
      vertex   -1.901704e+01 3.250000e+01 -3.129410e+00
      vertex   -1.901704e+01 3.000000e+01 -3.129410e+00
    endloop
  endfacet
  facet normal -9.238795e-01 -1.359565e-16 3.826834e-01
    outer loop
      vertex   -1.901704e+01 3.000000e+01 -3.129410e+00
      vertex   -1.901704e+01 3.250000e+01 -3.129410e+00
      vertex   -1.906699e+01 3.000000e+01 -3.250000e+00
    endloop
  endfacet
  facet normal -9.238795e-01 0.000000e+00 3.826834e-01
    outer loop
      vertex   -1.906699e+01 3.000000e+01 -3.250000e+00
      vertex   -1.901704e+01 3.250000e+01 -3.129410e+00
      vertex   -1.906699e+01 3.250000e+01 -3.250000e+00
    endloop
  endfacet
  facet normal -7.933533e-01 0.000000e+00 6.087614e-01
    outer loop
      vertex   -1.906699e+01 3.000000e+01 -3.250000e+00
      vertex   -1.906699e+01 3.250000e+01 -3.250000e+00
      vertex   -1.914645e+01 3.000000e+01 -3.353553e+00
    endloop
  endfacet
  facet normal -7.933533e-01 0.000000e+00 6.087614e-01
    outer loop
      vertex   -1.914645e+01 3.000000e+01 -3.353553e+00
      vertex   -1.906699e+01 3.250000e+01 -3.250000e+00
      vertex   -1.914645e+01 3.250000e+01 -3.353553e+00
    endloop
  endfacet
  facet normal -6.087614e-01 0.000000e+00 7.933533e-01
    outer loop
      vertex   -1.914645e+01 3.000000e+01 -3.353553e+00
      vertex   -1.914645e+01 3.250000e+01 -3.353553e+00
      vertex   -1.925000e+01 3.000000e+01 -3.433013e+00
    endloop
  endfacet
  facet normal -6.087614e-01 -1.409279e-16 7.933533e-01
    outer loop
      vertex   -1.925000e+01 3.000000e+01 -3.433013e+00
      vertex   -1.914645e+01 3.250000e+01 -3.353553e+00
      vertex   -1.925000e+01 3.250000e+01 -3.433013e+00
    endloop
  endfacet
  facet normal -3.826834e-01 -1.641140e-16 9.238795e-01
    outer loop
      vertex   -1.925000e+01 3.000000e+01 -3.433013e+00
      vertex   -1.925000e+01 3.250000e+01 -3.433013e+00
      vertex   -1.937059e+01 3.000000e+01 -3.482963e+00
    endloop
  endfacet
  facet normal -3.826834e-01 0.000000e+00 9.238795e-01
    outer loop
      vertex   -1.937059e+01 3.000000e+01 -3.482963e+00
      vertex   -1.925000e+01 3.250000e+01 -3.433013e+00
      vertex   -1.937059e+01 3.250000e+01 -3.482963e+00
    endloop
  endfacet
  facet normal -3.826834e-01 0.000000e+00 9.238795e-01
    outer loop
      vertex   -1.925000e+01 3.750000e+01 -3.433013e+00
      vertex   -1.937059e+01 3.750000e+01 -3.482963e+00
      vertex   -1.937059e+01 3.500000e+01 -3.482963e+00
    endloop
  endfacet
  facet normal -3.826834e-01 0.000000e+00 9.238795e-01
    outer loop
      vertex   -1.937059e+01 3.500000e+01 -3.482963e+00
      vertex   -1.937059e+01 3.250000e+01 -3.482963e+00
      vertex   -1.925000e+01 3.500000e+01 -3.433013e+00
    endloop
  endfacet
  facet normal -3.826834e-01 -3.282279e-16 9.238795e-01
    outer loop
      vertex   -1.925000e+01 3.500000e+01 -3.433013e+00
      vertex   -1.937059e+01 3.250000e+01 -3.482963e+00
      vertex   -1.925000e+01 3.250000e+01 -3.433013e+00
    endloop
  endfacet
  facet normal -6.087614e-01 -2.818557e-16 7.933533e-01
    outer loop
      vertex   -1.925000e+01 3.500000e+01 -3.433013e+00
      vertex   -1.925000e+01 3.250000e+01 -3.433013e+00
      vertex   -1.914645e+01 3.500000e+01 -3.353553e+00
    endloop
  endfacet
  facet normal -6.087614e-01 0.000000e+00 7.933533e-01
    outer loop
      vertex   -1.914645e+01 3.500000e+01 -3.353553e+00
      vertex   -1.925000e+01 3.250000e+01 -3.433013e+00
      vertex   -1.914645e+01 3.250000e+01 -3.353553e+00
    endloop
  endfacet
  facet normal -7.933533e-01 0.000000e+00 6.087614e-01
    outer loop
      vertex   -1.914645e+01 3.500000e+01 -3.353553e+00
      vertex   -1.914645e+01 3.250000e+01 -3.353553e+00
      vertex   -1.906699e+01 3.500000e+01 -3.250000e+00
    endloop
  endfacet
  facet normal -7.933533e-01 0.000000e+00 6.087614e-01
    outer loop
      vertex   -1.906699e+01 3.500000e+01 -3.250000e+00
      vertex   -1.914645e+01 3.250000e+01 -3.353553e+00
      vertex   -1.906699e+01 3.250000e+01 -3.250000e+00
    endloop
  endfacet
  facet normal -9.238795e-01 0.000000e+00 3.826834e-01
    outer loop
      vertex   -1.906699e+01 3.500000e+01 -3.250000e+00
      vertex   -1.906699e+01 3.250000e+01 -3.250000e+00
      vertex   -1.901704e+01 3.500000e+01 -3.129410e+00
    endloop
  endfacet
  facet normal -9.238795e-01 0.000000e+00 3.826834e-01
    outer loop
      vertex   -1.901704e+01 3.500000e+01 -3.129410e+00
      vertex   -1.906699e+01 3.250000e+01 -3.250000e+00
      vertex   -1.901704e+01 3.250000e+01 -3.129410e+00
    endloop
  endfacet
  facet normal -6.087614e-01 0.000000e+00 7.933533e-01
    outer loop
      vertex   -1.914645e+01 3.750000e+01 -3.353553e+00
      vertex   -1.925000e+01 3.750000e+01 -3.433013e+00
      vertex   -1.925000e+01 3.500000e+01 -3.433013e+00
    endloop
  endfacet
  facet normal -3.826834e-01 0.000000e+00 9.238795e-01
    outer loop
      vertex   -1.925000e+01 3.500000e+01 -3.433013e+00
      vertex   -1.925000e+01 3.750000e+01 -3.433013e+00
      vertex   -1.937059e+01 3.500000e+01 -3.482963e+00
    endloop
  endfacet
  facet normal -6.087614e-01 0.000000e+00 7.933533e-01
    outer loop
      vertex   -1.914645e+01 3.750000e+01 -3.353553e+00
      vertex   -1.925000e+01 3.500000e+01 -3.433013e+00
      vertex   -1.914645e+01 3.500000e+01 -3.353553e+00
    endloop
  endfacet
  facet normal -7.933533e-01 0.000000e+00 6.087614e-01
    outer loop
      vertex   -1.906699e+01 3.750000e+01 -3.250000e+00
      vertex   -1.914645e+01 3.750000e+01 -3.353553e+00
      vertex   -1.914645e+01 3.500000e+01 -3.353553e+00
    endloop
  endfacet
  facet normal -7.933533e-01 0.000000e+00 6.087614e-01
    outer loop
      vertex   -1.906699e+01 3.750000e+01 -3.250000e+00
      vertex   -1.914645e+01 3.500000e+01 -3.353553e+00
      vertex   -1.906699e+01 3.500000e+01 -3.250000e+00
    endloop
  endfacet
  facet normal -9.238795e-01 0.000000e+00 3.826834e-01
    outer loop
      vertex   -1.901704e+01 3.750000e+01 -3.129410e+00
      vertex   -1.906699e+01 3.750000e+01 -3.250000e+00
      vertex   -1.906699e+01 3.500000e+01 -3.250000e+00
    endloop
  endfacet
  facet normal -9.238795e-01 0.000000e+00 3.826834e-01
    outer loop
      vertex   -1.901704e+01 3.750000e+01 -3.129410e+00
      vertex   -1.906699e+01 3.500000e+01 -3.250000e+00
      vertex   -1.901704e+01 3.500000e+01 -3.129410e+00
    endloop
  endfacet
  facet normal -1.000000e+00 -0.000000e+00 -0.000000e+00
    outer loop
      vertex   -1.900000e+01 4.000000e+01 5.000000e+00
      vertex   -1.900000e+01 4.000000e+01 -3.000000e+00
      vertex   -1.900000e+01 3.200000e+01 5.000000e+00
    endloop
  endfacet
  facet normal -1.000000e+00 0.000000e+00 -0.000000e+00
    outer loop
      vertex   -1.900000e+01 3.200000e+01 5.000000e+00
      vertex   -1.900000e+01 4.000000e+01 -3.000000e+00
      vertex   -1.900000e+01 3.000000e+01 -3.000000e+00
    endloop
  endfacet
  facet normal -1.000000e+00 -0.000000e+00 0.000000e+00
    outer loop
      vertex   -1.900000e+01 3.200000e+01 5.000000e+00
      vertex   -1.900000e+01 3.000000e+01 -3.000000e+00
      vertex   -1.900000e+01 3.000000e+01 1.700000e+01
    endloop
  endfacet
  facet normal -1.000000e+00 0.000000e+00 0.000000e+00
    outer loop
      vertex   -1.900000e+01 3.000000e+01 1.700000e+01
      vertex   -1.900000e+01 3.200000e+01 1.700000e+01
      vertex   -1.900000e+01 3.200000e+01 5.000000e+00
    endloop
  endfacet
  facet normal 9.914449e-01 1.432114e-15 1.305262e-01
    outer loop
      vertex   -2.023296e+01 3.000000e+01 -3.129410e+00
      vertex   -2.023296e+01 3.250000e+01 -3.129410e+00
      vertex   -2.025000e+01 3.000000e+01 -3.000000e+00
    endloop
  endfacet
  facet normal 9.914449e-01 0.000000e+00 1.305262e-01
    outer loop
      vertex   -2.025000e+01 3.000000e+01 -3.000000e+00
      vertex   -2.023296e+01 3.250000e+01 -3.129410e+00
      vertex   -2.023296e+01 3.500000e+01 -3.129410e+00
    endloop
  endfacet
  facet normal 9.914449e-01 -0.000000e+00 1.305262e-01
    outer loop
      vertex   -2.025000e+01 3.000000e+01 -3.000000e+00
      vertex   -2.023296e+01 3.500000e+01 -3.129410e+00
      vertex   -2.025000e+01 4.000000e+01 -3.000000e+00
    endloop
  endfacet
  facet normal 9.914449e-01 0.000000e+00 1.305262e-01
    outer loop
      vertex   -2.025000e+01 4.000000e+01 -3.000000e+00
      vertex   -2.023296e+01 3.500000e+01 -3.129410e+00
      vertex   -2.023296e+01 3.750000e+01 -3.129410e+00
    endloop
  endfacet
  facet normal 9.914449e-01 -1.431358e-15 1.305262e-01
    outer loop
      vertex   -2.025000e+01 4.000000e+01 -3.000000e+00
      vertex   -2.023296e+01 3.750000e+01 -3.129410e+00
      vertex   -2.023296e+01 4.000000e+01 -3.129410e+00
    endloop
  endfacet
  facet normal 9.238795e-01 -1.380890e-15 3.826834e-01
    outer loop
      vertex   -2.023296e+01 4.000000e+01 -3.129410e+00
      vertex   -2.023296e+01 3.750000e+01 -3.129410e+00
      vertex   -2.018301e+01 4.000000e+01 -3.250000e+00
    endloop
  endfacet
  facet normal 9.238795e-01 6.797823e-17 3.826834e-01
    outer loop
      vertex   -2.018301e+01 4.000000e+01 -3.250000e+00
      vertex   -2.023296e+01 3.750000e+01 -3.129410e+00
      vertex   -2.018301e+01 3.750000e+01 -3.250000e+00
    endloop
  endfacet
  facet normal 7.933533e-01 1.081378e-16 6.087614e-01
    outer loop
      vertex   -2.018301e+01 4.000000e+01 -3.250000e+00
      vertex   -2.018301e+01 3.750000e+01 -3.250000e+00
      vertex   -2.010355e+01 4.000000e+01 -3.353553e+00
    endloop
  endfacet
  facet normal 7.933533e-01 -1.081378e-16 6.087614e-01
    outer loop
      vertex   -2.010355e+01 4.000000e+01 -3.353553e+00
      vertex   -2.018301e+01 3.750000e+01 -3.250000e+00
      vertex   -2.010355e+01 3.750000e+01 -3.353553e+00
    endloop
  endfacet
  facet normal 6.087614e-01 -1.409279e-16 7.933533e-01
    outer loop
      vertex   -2.010355e+01 4.000000e+01 -3.353553e+00
      vertex   -2.010355e+01 3.750000e+01 -3.353553e+00
      vertex   -2.000000e+01 4.000000e+01 -3.433013e+00
    endloop
  endfacet
  facet normal 6.087614e-01 -1.409279e-16 7.933533e-01
    outer loop
      vertex   -2.000000e+01 4.000000e+01 -3.433013e+00
      vertex   -2.010355e+01 3.750000e+01 -3.353553e+00
      vertex   -2.000000e+01 3.750000e+01 -3.433013e+00
    endloop
  endfacet
  facet normal 3.826834e-01 -1.641140e-16 9.238795e-01
    outer loop
      vertex   -2.000000e+01 4.000000e+01 -3.433013e+00
      vertex   -2.000000e+01 3.750000e+01 -3.433013e+00
      vertex   -1.987941e+01 4.000000e+01 -3.482963e+00
    endloop
  endfacet
  facet normal 3.826834e-01 0.000000e+00 9.238795e-01
    outer loop
      vertex   -1.987941e+01 4.000000e+01 -3.482963e+00
      vertex   -2.000000e+01 3.750000e+01 -3.433013e+00
      vertex   -1.987941e+01 3.750000e+01 -3.482963e+00
    endloop
  endfacet
  facet normal 1.305262e-01 0.000000e+00 9.914449e-01
    outer loop
      vertex   -1.987941e+01 4.000000e+01 -3.482963e+00
      vertex   -1.987941e+01 3.750000e+01 -3.482963e+00
      vertex   -1.975000e+01 4.000000e+01 -3.500000e+00
    endloop
  endfacet
  facet normal 1.305262e-01 0.000000e+00 9.914449e-01
    outer loop
      vertex   -1.975000e+01 4.000000e+01 -3.500000e+00
      vertex   -1.987941e+01 3.750000e+01 -3.482963e+00
      vertex   -1.987941e+01 3.500000e+01 -3.482963e+00
    endloop
  endfacet
  facet normal 1.305262e-01 0.000000e+00 9.914449e-01
    outer loop
      vertex   -1.975000e+01 4.000000e+01 -3.500000e+00
      vertex   -1.987941e+01 3.500000e+01 -3.482963e+00
      vertex   -1.975000e+01 3.000000e+01 -3.500000e+00
    endloop
  endfacet
  facet normal 1.305262e-01 0.000000e+00 9.914449e-01
    outer loop
      vertex   -1.975000e+01 3.000000e+01 -3.500000e+00
      vertex   -1.987941e+01 3.500000e+01 -3.482963e+00
      vertex   -1.987941e+01 3.250000e+01 -3.482963e+00
    endloop
  endfacet
  facet normal 1.305262e-01 0.000000e+00 9.914449e-01
    outer loop
      vertex   -1.975000e+01 3.000000e+01 -3.500000e+00
      vertex   -1.987941e+01 3.250000e+01 -3.482963e+00
      vertex   -1.987941e+01 3.000000e+01 -3.482963e+00
    endloop
  endfacet
  facet normal 3.826834e-01 -0.000000e+00 9.238795e-01
    outer loop
      vertex   -1.987941e+01 3.000000e+01 -3.482963e+00
      vertex   -1.987941e+01 3.250000e+01 -3.482963e+00
      vertex   -2.000000e+01 3.000000e+01 -3.433013e+00
    endloop
  endfacet
  facet normal 3.826834e-01 1.641140e-16 9.238795e-01
    outer loop
      vertex   -2.000000e+01 3.000000e+01 -3.433013e+00
      vertex   -1.987941e+01 3.250000e+01 -3.482963e+00
      vertex   -2.000000e+01 3.250000e+01 -3.433013e+00
    endloop
  endfacet
  facet normal 6.087614e-01 1.409279e-16 7.933533e-01
    outer loop
      vertex   -2.000000e+01 3.000000e+01 -3.433013e+00
      vertex   -2.000000e+01 3.250000e+01 -3.433013e+00
      vertex   -2.010355e+01 3.000000e+01 -3.353553e+00
    endloop
  endfacet
  facet normal 6.087614e-01 1.409279e-16 7.933533e-01
    outer loop
      vertex   -2.010355e+01 3.000000e+01 -3.353553e+00
      vertex   -2.000000e+01 3.250000e+01 -3.433013e+00
      vertex   -2.010355e+01 3.250000e+01 -3.353553e+00
    endloop
  endfacet
  facet normal 7.933533e-01 1.081378e-16 6.087614e-01
    outer loop
      vertex   -2.010355e+01 3.000000e+01 -3.353553e+00
      vertex   -2.010355e+01 3.250000e+01 -3.353553e+00
      vertex   -2.018301e+01 3.000000e+01 -3.250000e+00
    endloop
  endfacet
  facet normal 7.933533e-01 -1.081378e-16 6.087614e-01
    outer loop
      vertex   -2.018301e+01 3.000000e+01 -3.250000e+00
      vertex   -2.010355e+01 3.250000e+01 -3.353553e+00
      vertex   -2.018301e+01 3.250000e+01 -3.250000e+00
    endloop
  endfacet
  facet normal 9.238795e-01 -6.797823e-17 3.826834e-01
    outer loop
      vertex   -2.018301e+01 3.000000e+01 -3.250000e+00
      vertex   -2.018301e+01 3.250000e+01 -3.250000e+00
      vertex   -2.023296e+01 3.000000e+01 -3.129410e+00
    endloop
  endfacet
  facet normal 9.238795e-01 1.380890e-15 3.826834e-01
    outer loop
      vertex   -2.023296e+01 3.000000e+01 -3.129410e+00
      vertex   -2.018301e+01 3.250000e+01 -3.250000e+00
      vertex   -2.023296e+01 3.250000e+01 -3.129410e+00
    endloop
  endfacet
  facet normal 9.238795e-01 0.000000e+00 3.826834e-01
    outer loop
      vertex   -2.018301e+01 3.750000e+01 -3.250000e+00
      vertex   -2.023296e+01 3.750000e+01 -3.129410e+00
      vertex   -2.023296e+01 3.500000e+01 -3.129410e+00
    endloop
  endfacet
  facet normal 9.238795e-01 0.000000e+00 3.826834e-01
    outer loop
      vertex   -2.023296e+01 3.500000e+01 -3.129410e+00
      vertex   -2.023296e+01 3.250000e+01 -3.129410e+00
      vertex   -2.018301e+01 3.500000e+01 -3.250000e+00
    endloop
  endfacet
  facet normal 9.238795e-01 0.000000e+00 3.826834e-01
    outer loop
      vertex   -2.018301e+01 3.500000e+01 -3.250000e+00
      vertex   -2.023296e+01 3.250000e+01 -3.129410e+00
      vertex   -2.018301e+01 3.250000e+01 -3.250000e+00
    endloop
  endfacet
  facet normal 7.933533e-01 0.000000e+00 6.087614e-01
    outer loop
      vertex   -2.018301e+01 3.500000e+01 -3.250000e+00
      vertex   -2.018301e+01 3.250000e+01 -3.250000e+00
      vertex   -2.010355e+01 3.500000e+01 -3.353553e+00
    endloop
  endfacet
  facet normal 7.933533e-01 0.000000e+00 6.087614e-01
    outer loop
      vertex   -2.010355e+01 3.500000e+01 -3.353553e+00
      vertex   -2.018301e+01 3.250000e+01 -3.250000e+00
      vertex   -2.010355e+01 3.250000e+01 -3.353553e+00
    endloop
  endfacet
  facet normal 6.087614e-01 0.000000e+00 7.933533e-01
    outer loop
      vertex   -2.010355e+01 3.500000e+01 -3.353553e+00
      vertex   -2.010355e+01 3.250000e+01 -3.353553e+00
      vertex   -2.000000e+01 3.500000e+01 -3.433013e+00
    endloop
  endfacet
  facet normal 6.087614e-01 0.000000e+00 7.933533e-01
    outer loop
      vertex   -2.000000e+01 3.500000e+01 -3.433013e+00
      vertex   -2.010355e+01 3.250000e+01 -3.353553e+00
      vertex   -2.000000e+01 3.250000e+01 -3.433013e+00
    endloop
  endfacet
  facet normal 3.826834e-01 0.000000e+00 9.238795e-01
    outer loop
      vertex   -2.000000e+01 3.500000e+01 -3.433013e+00
      vertex   -2.000000e+01 3.250000e+01 -3.433013e+00
      vertex   -1.987941e+01 3.500000e+01 -3.482963e+00
    endloop
  endfacet
  facet normal 3.826834e-01 0.000000e+00 9.238795e-01
    outer loop
      vertex   -1.987941e+01 3.500000e+01 -3.482963e+00
      vertex   -2.000000e+01 3.250000e+01 -3.433013e+00
      vertex   -1.987941e+01 3.250000e+01 -3.482963e+00
    endloop
  endfacet
  facet normal 7.933533e-01 0.000000e+00 6.087614e-01
    outer loop
      vertex   -2.010355e+01 3.750000e+01 -3.353553e+00
      vertex   -2.018301e+01 3.750000e+01 -3.250000e+00
      vertex   -2.018301e+01 3.500000e+01 -3.250000e+00
    endloop
  endfacet
  facet normal 9.238795e-01 -0.000000e+00 3.826834e-01
    outer loop
      vertex   -2.018301e+01 3.500000e+01 -3.250000e+00
      vertex   -2.018301e+01 3.750000e+01 -3.250000e+00
      vertex   -2.023296e+01 3.500000e+01 -3.129410e+00
    endloop
  endfacet
  facet normal 7.933533e-01 0.000000e+00 6.087614e-01
    outer loop
      vertex   -2.010355e+01 3.750000e+01 -3.353553e+00
      vertex   -2.018301e+01 3.500000e+01 -3.250000e+00
      vertex   -2.010355e+01 3.500000e+01 -3.353553e+00
    endloop
  endfacet
  facet normal 6.087614e-01 0.000000e+00 7.933533e-01
    outer loop
      vertex   -2.000000e+01 3.750000e+01 -3.433013e+00
      vertex   -2.010355e+01 3.750000e+01 -3.353553e+00
      vertex   -2.010355e+01 3.500000e+01 -3.353553e+00
    endloop
  endfacet
  facet normal 6.087614e-01 0.000000e+00 7.933533e-01
    outer loop
      vertex   -2.000000e+01 3.750000e+01 -3.433013e+00
      vertex   -2.010355e+01 3.500000e+01 -3.353553e+00
      vertex   -2.000000e+01 3.500000e+01 -3.433013e+00
    endloop
  endfacet
  facet normal 3.826834e-01 0.000000e+00 9.238795e-01
    outer loop
      vertex   -1.987941e+01 3.750000e+01 -3.482963e+00
      vertex   -2.000000e+01 3.750000e+01 -3.433013e+00
      vertex   -2.000000e+01 3.500000e+01 -3.433013e+00
    endloop
  endfacet
  facet normal 3.826834e-01 0.000000e+00 9.238795e-01
    outer loop
      vertex   -1.987941e+01 3.750000e+01 -3.482963e+00
      vertex   -2.000000e+01 3.500000e+01 -3.433013e+00
      vertex   -1.987941e+01 3.500000e+01 -3.482963e+00
    endloop
  endfacet
  facet normal 0.000000e+00 0.000000e+00 1.000000e+00
    outer loop
      vertex   -1.950000e+01 4.000000e+01 -3.500000e+00
      vertex   -1.975000e+01 4.000000e+01 -3.500000e+00
      vertex   -1.950000e+01 3.000000e+01 -3.500000e+00
    endloop
  endfacet
  facet normal 0.000000e+00 0.000000e+00 1.000000e+00
    outer loop
      vertex   -1.950000e+01 3.000000e+01 -3.500000e+00
      vertex   -1.975000e+01 4.000000e+01 -3.500000e+00
      vertex   -1.975000e+01 3.000000e+01 -3.500000e+00
    endloop
  endfacet
  facet normal 9.914449e-01 -4.637216e-17 1.305260e-01
    outer loop
      vertex   2.148296e+01 4.000000e+01 4.629409e+00
      vertex   2.148296e+01 3.750000e+01 4.629409e+00
      vertex   2.150000e+01 4.000000e+01 4.500000e+00
    endloop
  endfacet
  facet normal 9.914449e-01 0.000000e+00 1.305260e-01
    outer loop
      vertex   2.150000e+01 4.000000e+01 4.500000e+00
      vertex   2.148296e+01 3.750000e+01 4.629409e+00
      vertex   2.148296e+01 3.500000e+01 4.629409e+00
    endloop
  endfacet
  facet normal 9.914449e-01 0.000000e+00 1.305260e-01
    outer loop
      vertex   2.150000e+01 4.000000e+01 4.500000e+00
      vertex   2.148296e+01 3.500000e+01 4.629409e+00
      vertex   2.150000e+01 3.000000e+01 4.500000e+00
    endloop
  endfacet
  facet normal 9.914449e-01 0.000000e+00 1.305260e-01
    outer loop
      vertex   2.150000e+01 3.000000e+01 4.500000e+00
      vertex   2.148296e+01 3.500000e+01 4.629409e+00
      vertex   2.148296e+01 3.250000e+01 4.629409e+00
    endloop
  endfacet
  facet normal 9.914449e-01 4.651581e-17 1.305260e-01
    outer loop
      vertex   2.150000e+01 3.000000e+01 4.500000e+00
      vertex   2.148296e+01 3.250000e+01 4.629409e+00
      vertex   2.148296e+01 3.000000e+01 4.629409e+00
    endloop
  endfacet
  facet normal 9.238796e-01 1.359564e-16 3.826833e-01
    outer loop
      vertex   2.148296e+01 3.000000e+01 4.629409e+00
      vertex   2.148296e+01 3.250000e+01 4.629409e+00
      vertex   2.143301e+01 3.000000e+01 4.750000e+00
    endloop
  endfacet
  facet normal 9.238796e-01 -0.000000e+00 3.826833e-01
    outer loop
      vertex   2.143301e+01 3.000000e+01 4.750000e+00
      vertex   2.148296e+01 3.250000e+01 4.629409e+00
      vertex   2.143301e+01 3.250000e+01 4.750000e+00
    endloop
  endfacet
  facet normal 7.933534e-01 -0.000000e+00 6.087614e-01
    outer loop
      vertex   2.143301e+01 3.000000e+01 4.750000e+00
      vertex   2.143301e+01 3.250000e+01 4.750000e+00
      vertex   2.135355e+01 3.000000e+01 4.853553e+00
    endloop
  endfacet
  facet normal 7.933534e-01 -2.162755e-16 6.087614e-01
    outer loop
      vertex   2.135355e+01 3.000000e+01 4.853553e+00
      vertex   2.143301e+01 3.250000e+01 4.750000e+00
      vertex   2.135355e+01 3.250000e+01 4.853553e+00
    endloop
  endfacet
  facet normal 6.087615e-01 -2.818557e-16 7.933533e-01
    outer loop
      vertex   2.135355e+01 3.000000e+01 4.853553e+00
      vertex   2.135355e+01 3.250000e+01 4.853553e+00
      vertex   2.125000e+01 3.000000e+01 4.933013e+00
    endloop
  endfacet
  facet normal 6.087615e-01 -0.000000e+00 7.933533e-01
    outer loop
      vertex   2.125000e+01 3.000000e+01 4.933013e+00
      vertex   2.135355e+01 3.250000e+01 4.853553e+00
      vertex   2.125000e+01 3.250000e+01 4.933013e+00
    endloop
  endfacet
  facet normal 3.826835e-01 -0.000000e+00 9.238795e-01
    outer loop
      vertex   2.125000e+01 3.000000e+01 4.933013e+00
      vertex   2.125000e+01 3.250000e+01 4.933013e+00
      vertex   2.112941e+01 3.000000e+01 4.982963e+00
    endloop
  endfacet
  facet normal 3.826835e-01 -0.000000e+00 9.238795e-01
    outer loop
      vertex   2.112941e+01 3.000000e+01 4.982963e+00
      vertex   2.125000e+01 3.250000e+01 4.933013e+00
      vertex   2.112941e+01 3.250000e+01 4.982963e+00
    endloop
  endfacet
  facet normal 1.305262e-01 -0.000000e+00 9.914449e-01
    outer loop
      vertex   2.112941e+01 3.000000e+01 4.982963e+00
      vertex   2.112941e+01 3.250000e+01 4.982963e+00
      vertex   2.100000e+01 3.000000e+01 5.000000e+00
    endloop
  endfacet
  facet normal 1.305262e-01 0.000000e+00 9.914449e-01
    outer loop
      vertex   2.100000e+01 3.000000e+01 5.000000e+00
      vertex   2.112941e+01 3.250000e+01 4.982963e+00
      vertex   2.112941e+01 3.500000e+01 4.982963e+00
    endloop
  endfacet
  facet normal 1.305262e-01 -0.000000e+00 9.914449e-01
    outer loop
      vertex   2.100000e+01 3.000000e+01 5.000000e+00
      vertex   2.112941e+01 3.500000e+01 4.982963e+00
      vertex   2.100000e+01 4.000000e+01 5.000000e+00
    endloop
  endfacet
  facet normal 1.305262e-01 0.000000e+00 9.914449e-01
    outer loop
      vertex   2.100000e+01 4.000000e+01 5.000000e+00
      vertex   2.112941e+01 3.500000e+01 4.982963e+00
      vertex   2.112941e+01 3.750000e+01 4.982963e+00
    endloop
  endfacet
  facet normal 1.305262e-01 0.000000e+00 9.914449e-01
    outer loop
      vertex   2.100000e+01 4.000000e+01 5.000000e+00
      vertex   2.112941e+01 3.750000e+01 4.982963e+00
      vertex   2.112941e+01 4.000000e+01 4.982963e+00
    endloop
  endfacet
  facet normal 3.826835e-01 0.000000e+00 9.238795e-01
    outer loop
      vertex   2.112941e+01 4.000000e+01 4.982963e+00
      vertex   2.112941e+01 3.750000e+01 4.982963e+00
      vertex   2.125000e+01 4.000000e+01 4.933013e+00
    endloop
  endfacet
  facet normal 3.826835e-01 0.000000e+00 9.238795e-01
    outer loop
      vertex   2.125000e+01 4.000000e+01 4.933013e+00
      vertex   2.112941e+01 3.750000e+01 4.982963e+00
      vertex   2.125000e+01 3.750000e+01 4.933013e+00
    endloop
  endfacet
  facet normal 6.087615e-01 0.000000e+00 7.933533e-01
    outer loop
      vertex   2.125000e+01 4.000000e+01 4.933013e+00
      vertex   2.125000e+01 3.750000e+01 4.933013e+00
      vertex   2.135355e+01 4.000000e+01 4.853553e+00
    endloop
  endfacet
  facet normal 6.087615e-01 2.818557e-16 7.933533e-01
    outer loop
      vertex   2.135355e+01 4.000000e+01 4.853553e+00
      vertex   2.125000e+01 3.750000e+01 4.933013e+00
      vertex   2.135355e+01 3.750000e+01 4.853553e+00
    endloop
  endfacet
  facet normal 7.933534e-01 2.162755e-16 6.087614e-01
    outer loop
      vertex   2.135355e+01 4.000000e+01 4.853553e+00
      vertex   2.135355e+01 3.750000e+01 4.853553e+00
      vertex   2.143301e+01 4.000000e+01 4.750000e+00
    endloop
  endfacet
  facet normal 7.933534e-01 0.000000e+00 6.087614e-01
    outer loop
      vertex   2.143301e+01 4.000000e+01 4.750000e+00
      vertex   2.135355e+01 3.750000e+01 4.853553e+00
      vertex   2.143301e+01 3.750000e+01 4.750000e+00
    endloop
  endfacet
  facet normal 9.238796e-01 0.000000e+00 3.826833e-01
    outer loop
      vertex   2.143301e+01 4.000000e+01 4.750000e+00
      vertex   2.143301e+01 3.750000e+01 4.750000e+00
      vertex   2.148296e+01 4.000000e+01 4.629409e+00
    endloop
  endfacet
  facet normal 9.238796e-01 -1.359564e-16 3.826833e-01
    outer loop
      vertex   2.148296e+01 4.000000e+01 4.629409e+00
      vertex   2.143301e+01 3.750000e+01 4.750000e+00
      vertex   2.148296e+01 3.750000e+01 4.629409e+00
    endloop
  endfacet
  facet normal 9.238796e-01 0.000000e+00 3.826833e-01
    outer loop
      vertex   2.143301e+01 3.250000e+01 4.750000e+00
      vertex   2.148296e+01 3.250000e+01 4.629409e+00
      vertex   2.148296e+01 3.500000e+01 4.629409e+00
    endloop
  endfacet
  facet normal 9.238796e-01 -0.000000e+00 3.826833e-01
    outer loop
      vertex   2.148296e+01 3.500000e+01 4.629409e+00
      vertex   2.148296e+01 3.750000e+01 4.629409e+00
      vertex   2.143301e+01 3.500000e+01 4.750000e+00
    endloop
  endfacet
  facet normal 9.238796e-01 -0.000000e+00 3.826833e-01
    outer loop
      vertex   2.143301e+01 3.500000e+01 4.750000e+00
      vertex   2.148296e+01 3.750000e+01 4.629409e+00
      vertex   2.143301e+01 3.750000e+01 4.750000e+00
    endloop
  endfacet
  facet normal 7.933534e-01 -0.000000e+00 6.087614e-01
    outer loop
      vertex   2.143301e+01 3.500000e+01 4.750000e+00
      vertex   2.143301e+01 3.750000e+01 4.750000e+00
      vertex   2.135355e+01 3.500000e+01 4.853553e+00
    endloop
  endfacet
  facet normal 7.933534e-01 -0.000000e+00 6.087614e-01
    outer loop
      vertex   2.135355e+01 3.500000e+01 4.853553e+00
      vertex   2.143301e+01 3.750000e+01 4.750000e+00
      vertex   2.135355e+01 3.750000e+01 4.853553e+00
    endloop
  endfacet
  facet normal 6.087615e-01 -0.000000e+00 7.933533e-01
    outer loop
      vertex   2.135355e+01 3.500000e+01 4.853553e+00
      vertex   2.135355e+01 3.750000e+01 4.853553e+00
      vertex   2.125000e+01 3.500000e+01 4.933013e+00
    endloop
  endfacet
  facet normal 6.087615e-01 -0.000000e+00 7.933533e-01
    outer loop
      vertex   2.125000e+01 3.500000e+01 4.933013e+00
      vertex   2.135355e+01 3.750000e+01 4.853553e+00
      vertex   2.125000e+01 3.750000e+01 4.933013e+00
    endloop
  endfacet
  facet normal 3.826835e-01 -0.000000e+00 9.238795e-01
    outer loop
      vertex   2.125000e+01 3.500000e+01 4.933013e+00
      vertex   2.125000e+01 3.750000e+01 4.933013e+00
      vertex   2.112941e+01 3.500000e+01 4.982963e+00
    endloop
  endfacet
  facet normal 3.826835e-01 -0.000000e+00 9.238795e-01
    outer loop
      vertex   2.112941e+01 3.500000e+01 4.982963e+00
      vertex   2.125000e+01 3.750000e+01 4.933013e+00
      vertex   2.112941e+01 3.750000e+01 4.982963e+00
    endloop
  endfacet
  facet normal 7.933534e-01 0.000000e+00 6.087614e-01
    outer loop
      vertex   2.135355e+01 3.250000e+01 4.853553e+00
      vertex   2.143301e+01 3.250000e+01 4.750000e+00
      vertex   2.143301e+01 3.500000e+01 4.750000e+00
    endloop
  endfacet
  facet normal 9.238796e-01 0.000000e+00 3.826833e-01
    outer loop
      vertex   2.143301e+01 3.500000e+01 4.750000e+00
      vertex   2.143301e+01 3.250000e+01 4.750000e+00
      vertex   2.148296e+01 3.500000e+01 4.629409e+00
    endloop
  endfacet
  facet normal 7.933534e-01 -0.000000e+00 6.087614e-01
    outer loop
      vertex   2.135355e+01 3.250000e+01 4.853553e+00
      vertex   2.143301e+01 3.500000e+01 4.750000e+00
      vertex   2.135355e+01 3.500000e+01 4.853553e+00
    endloop
  endfacet
  facet normal 6.087615e-01 0.000000e+00 7.933533e-01
    outer loop
      vertex   2.125000e+01 3.250000e+01 4.933013e+00
      vertex   2.135355e+01 3.250000e+01 4.853553e+00
      vertex   2.135355e+01 3.500000e+01 4.853553e+00
    endloop
  endfacet
  facet normal 6.087615e-01 -0.000000e+00 7.933533e-01
    outer loop
      vertex   2.125000e+01 3.250000e+01 4.933013e+00
      vertex   2.135355e+01 3.500000e+01 4.853553e+00
      vertex   2.125000e+01 3.500000e+01 4.933013e+00
    endloop
  endfacet
  facet normal 3.826835e-01 0.000000e+00 9.238795e-01
    outer loop
      vertex   2.112941e+01 3.250000e+01 4.982963e+00
      vertex   2.125000e+01 3.250000e+01 4.933013e+00
      vertex   2.125000e+01 3.500000e+01 4.933013e+00
    endloop
  endfacet
  facet normal 3.826835e-01 -0.000000e+00 9.238795e-01
    outer loop
      vertex   2.112941e+01 3.250000e+01 4.982963e+00
      vertex   2.125000e+01 3.500000e+01 4.933013e+00
      vertex   2.112941e+01 3.500000e+01 4.982963e+00
    endloop
  endfacet
  facet normal 0.000000e+00 0.000000e+00 1.000000e+00
    outer loop
      vertex   2.100000e+01 4.000000e+01 5.000000e+00
      vertex   2.050000e+01 4.000000e+01 5.000000e+00
      vertex   2.100000e+01 3.000000e+01 5.000000e+00
    endloop
  endfacet
  facet normal 0.000000e+00 0.000000e+00 1.000000e+00
    outer loop
      vertex   2.100000e+01 3.000000e+01 5.000000e+00
      vertex   2.050000e+01 4.000000e+01 5.000000e+00
      vertex   2.050000e+01 3.000000e+01 5.000000e+00
    endloop
  endfacet
  facet normal -1.305262e-01 -3.522320e-16 9.914449e-01
    outer loop
      vertex   2.037059e+01 4.000000e+01 4.982963e+00
      vertex   2.037059e+01 3.750000e+01 4.982963e+00
      vertex   2.050000e+01 4.000000e+01 5.000000e+00
    endloop
  endfacet
  facet normal -1.305262e-01 0.000000e+00 9.914449e-01
    outer loop
      vertex   2.050000e+01 4.000000e+01 5.000000e+00
      vertex   2.037059e+01 3.750000e+01 4.982963e+00
      vertex   2.037059e+01 3.500000e+01 4.982963e+00
    endloop
  endfacet
  facet normal -1.305262e-01 0.000000e+00 9.914449e-01
    outer loop
      vertex   2.050000e+01 4.000000e+01 5.000000e+00
      vertex   2.037059e+01 3.500000e+01 4.982963e+00
      vertex   2.050000e+01 3.000000e+01 5.000000e+00
    endloop
  endfacet
  facet normal -1.305262e-01 0.000000e+00 9.914449e-01
    outer loop
      vertex   2.050000e+01 3.000000e+01 5.000000e+00
      vertex   2.037059e+01 3.500000e+01 4.982963e+00
      vertex   2.037059e+01 3.250000e+01 4.982963e+00
    endloop
  endfacet
  facet normal -1.305262e-01 3.521912e-16 9.914449e-01
    outer loop
      vertex   2.050000e+01 3.000000e+01 5.000000e+00
      vertex   2.037059e+01 3.250000e+01 4.982963e+00
      vertex   2.037059e+01 3.000000e+01 4.982963e+00
    endloop
  endfacet
  facet normal -3.826834e-01 3.282279e-16 9.238795e-01
    outer loop
      vertex   2.037059e+01 3.000000e+01 4.982963e+00
      vertex   2.037059e+01 3.250000e+01 4.982963e+00
      vertex   2.025000e+01 3.000000e+01 4.933013e+00
    endloop
  endfacet
  facet normal -3.826834e-01 -3.282279e-16 9.238795e-01
    outer loop
      vertex   2.025000e+01 3.000000e+01 4.933013e+00
      vertex   2.037059e+01 3.250000e+01 4.982963e+00
      vertex   2.025000e+01 3.250000e+01 4.933013e+00
    endloop
  endfacet
  facet normal -6.087614e-01 -2.818557e-16 7.933533e-01
    outer loop
      vertex   2.025000e+01 3.000000e+01 4.933013e+00
      vertex   2.025000e+01 3.250000e+01 4.933013e+00
      vertex   2.014645e+01 3.000000e+01 4.853553e+00
    endloop
  endfacet
  facet normal -6.087614e-01 0.000000e+00 7.933533e-01
    outer loop
      vertex   2.014645e+01 3.000000e+01 4.853553e+00
      vertex   2.025000e+01 3.250000e+01 4.933013e+00
      vertex   2.014645e+01 3.250000e+01 4.853553e+00
    endloop
  endfacet
  facet normal -7.933533e-01 0.000000e+00 6.087614e-01
    outer loop
      vertex   2.014645e+01 3.000000e+01 4.853553e+00
      vertex   2.014645e+01 3.250000e+01 4.853553e+00
      vertex   2.006699e+01 3.000000e+01 4.750000e+00
    endloop
  endfacet
  facet normal -7.933533e-01 4.325510e-16 6.087614e-01
    outer loop
      vertex   2.006699e+01 3.000000e+01 4.750000e+00
      vertex   2.014645e+01 3.250000e+01 4.853553e+00
      vertex   2.006699e+01 3.250000e+01 4.750000e+00
    endloop
  endfacet
  facet normal -9.238795e-01 2.719129e-16 3.826834e-01
    outer loop
      vertex   2.006699e+01 3.000000e+01 4.750000e+00
      vertex   2.006699e+01 3.250000e+01 4.750000e+00
      vertex   2.001704e+01 3.000000e+01 4.629410e+00
    endloop
  endfacet
  facet normal -9.238795e-01 -1.448868e-15 3.826834e-01
    outer loop
      vertex   2.001704e+01 3.000000e+01 4.629410e+00
      vertex   2.006699e+01 3.250000e+01 4.750000e+00
      vertex   2.001704e+01 3.250000e+01 4.629410e+00
    endloop
  endfacet
  facet normal -9.914449e-01 -1.455300e-15 1.305262e-01
    outer loop
      vertex   2.001704e+01 3.000000e+01 4.629410e+00
      vertex   2.001704e+01 3.250000e+01 4.629410e+00
      vertex   2.000000e+01 3.000000e+01 4.500000e+00
    endloop
  endfacet
  facet normal -9.914449e-01 0.000000e+00 1.305262e-01
    outer loop
      vertex   2.000000e+01 3.000000e+01 4.500000e+00
      vertex   2.001704e+01 3.250000e+01 4.629410e+00
      vertex   2.001704e+01 3.500000e+01 4.629410e+00
    endloop
  endfacet
  facet normal -9.914449e-01 0.000000e+00 1.305262e-01
    outer loop
      vertex   2.000000e+01 3.000000e+01 4.500000e+00
      vertex   2.001704e+01 3.500000e+01 4.629410e+00
      vertex   2.000000e+01 4.000000e+01 4.500000e+00
    endloop
  endfacet
  facet normal -9.914449e-01 0.000000e+00 1.305262e-01
    outer loop
      vertex   2.000000e+01 4.000000e+01 4.500000e+00
      vertex   2.001704e+01 3.500000e+01 4.629410e+00
      vertex   2.001704e+01 3.750000e+01 4.629410e+00
    endloop
  endfacet
  facet normal -9.914449e-01 1.455280e-15 1.305262e-01
    outer loop
      vertex   2.000000e+01 4.000000e+01 4.500000e+00
      vertex   2.001704e+01 3.750000e+01 4.629410e+00
      vertex   2.001704e+01 4.000000e+01 4.629410e+00
    endloop
  endfacet
  facet normal -9.238795e-01 1.448868e-15 3.826834e-01
    outer loop
      vertex   2.001704e+01 4.000000e+01 4.629410e+00
      vertex   2.001704e+01 3.750000e+01 4.629410e+00
      vertex   2.006699e+01 4.000000e+01 4.750000e+00
    endloop
  endfacet
  facet normal -9.238795e-01 -2.719129e-16 3.826834e-01
    outer loop
      vertex   2.006699e+01 4.000000e+01 4.750000e+00
      vertex   2.001704e+01 3.750000e+01 4.629410e+00
      vertex   2.006699e+01 3.750000e+01 4.750000e+00
    endloop
  endfacet
  facet normal -7.933533e-01 -4.325510e-16 6.087614e-01
    outer loop
      vertex   2.006699e+01 4.000000e+01 4.750000e+00
      vertex   2.006699e+01 3.750000e+01 4.750000e+00
      vertex   2.014645e+01 4.000000e+01 4.853553e+00
    endloop
  endfacet
  facet normal -7.933533e-01 0.000000e+00 6.087614e-01
    outer loop
      vertex   2.014645e+01 4.000000e+01 4.853553e+00
      vertex   2.006699e+01 3.750000e+01 4.750000e+00
      vertex   2.014645e+01 3.750000e+01 4.853553e+00
    endloop
  endfacet
  facet normal -6.087614e-01 0.000000e+00 7.933533e-01
    outer loop
      vertex   2.014645e+01 4.000000e+01 4.853553e+00
      vertex   2.014645e+01 3.750000e+01 4.853553e+00
      vertex   2.025000e+01 4.000000e+01 4.933013e+00
    endloop
  endfacet
  facet normal -6.087614e-01 0.000000e+00 7.933533e-01
    outer loop
      vertex   2.025000e+01 4.000000e+01 4.933013e+00
      vertex   2.014645e+01 3.750000e+01 4.853553e+00
      vertex   2.025000e+01 3.750000e+01 4.933013e+00
    endloop
  endfacet
  facet normal -3.826834e-01 0.000000e+00 9.238795e-01
    outer loop
      vertex   2.025000e+01 4.000000e+01 4.933013e+00
      vertex   2.025000e+01 3.750000e+01 4.933013e+00
      vertex   2.037059e+01 4.000000e+01 4.982963e+00
    endloop
  endfacet
  facet normal -3.826834e-01 -3.282279e-16 9.238795e-01
    outer loop
      vertex   2.037059e+01 4.000000e+01 4.982963e+00
      vertex   2.025000e+01 3.750000e+01 4.933013e+00
      vertex   2.037059e+01 3.750000e+01 4.982963e+00
    endloop
  endfacet
  facet normal -3.826834e-01 0.000000e+00 9.238795e-01
    outer loop
      vertex   2.025000e+01 3.250000e+01 4.933013e+00
      vertex   2.037059e+01 3.250000e+01 4.982963e+00
      vertex   2.037059e+01 3.500000e+01 4.982963e+00
    endloop
  endfacet
  facet normal -3.826834e-01 0.000000e+00 9.238795e-01
    outer loop
      vertex   2.037059e+01 3.500000e+01 4.982963e+00
      vertex   2.037059e+01 3.750000e+01 4.982963e+00
      vertex   2.025000e+01 3.500000e+01 4.933013e+00
    endloop
  endfacet
  facet normal -3.826834e-01 0.000000e+00 9.238795e-01
    outer loop
      vertex   2.025000e+01 3.500000e+01 4.933013e+00
      vertex   2.037059e+01 3.750000e+01 4.982963e+00
      vertex   2.025000e+01 3.750000e+01 4.933013e+00
    endloop
  endfacet
  facet normal -6.087614e-01 0.000000e+00 7.933533e-01
    outer loop
      vertex   2.025000e+01 3.500000e+01 4.933013e+00
      vertex   2.025000e+01 3.750000e+01 4.933013e+00
      vertex   2.014645e+01 3.500000e+01 4.853553e+00
    endloop
  endfacet
  facet normal -6.087614e-01 0.000000e+00 7.933533e-01
    outer loop
      vertex   2.014645e+01 3.500000e+01 4.853553e+00
      vertex   2.025000e+01 3.750000e+01 4.933013e+00
      vertex   2.014645e+01 3.750000e+01 4.853553e+00
    endloop
  endfacet
  facet normal -7.933533e-01 0.000000e+00 6.087614e-01
    outer loop
      vertex   2.014645e+01 3.500000e+01 4.853553e+00
      vertex   2.014645e+01 3.750000e+01 4.853553e+00
      vertex   2.006699e+01 3.500000e+01 4.750000e+00
    endloop
  endfacet
  facet normal -7.933533e-01 0.000000e+00 6.087614e-01
    outer loop
      vertex   2.006699e+01 3.500000e+01 4.750000e+00
      vertex   2.014645e+01 3.750000e+01 4.853553e+00
      vertex   2.006699e+01 3.750000e+01 4.750000e+00
    endloop
  endfacet
  facet normal -9.238795e-01 0.000000e+00 3.826834e-01
    outer loop
      vertex   2.006699e+01 3.500000e+01 4.750000e+00
      vertex   2.006699e+01 3.750000e+01 4.750000e+00
      vertex   2.001704e+01 3.500000e+01 4.629410e+00
    endloop
  endfacet
  facet normal -9.238795e-01 0.000000e+00 3.826834e-01
    outer loop
      vertex   2.001704e+01 3.500000e+01 4.629410e+00
      vertex   2.006699e+01 3.750000e+01 4.750000e+00
      vertex   2.001704e+01 3.750000e+01 4.629410e+00
    endloop
  endfacet
  facet normal -6.087614e-01 0.000000e+00 7.933533e-01
    outer loop
      vertex   2.014645e+01 3.250000e+01 4.853553e+00
      vertex   2.025000e+01 3.250000e+01 4.933013e+00
      vertex   2.025000e+01 3.500000e+01 4.933013e+00
    endloop
  endfacet
  facet normal -3.826834e-01 0.000000e+00 9.238795e-01
    outer loop
      vertex   2.025000e+01 3.500000e+01 4.933013e+00
      vertex   2.025000e+01 3.250000e+01 4.933013e+00
      vertex   2.037059e+01 3.500000e+01 4.982963e+00
    endloop
  endfacet
  facet normal -6.087614e-01 0.000000e+00 7.933533e-01
    outer loop
      vertex   2.014645e+01 3.250000e+01 4.853553e+00
      vertex   2.025000e+01 3.500000e+01 4.933013e+00
      vertex   2.014645e+01 3.500000e+01 4.853553e+00
    endloop
  endfacet
  facet normal -7.933533e-01 0.000000e+00 6.087614e-01
    outer loop
      vertex   2.006699e+01 3.250000e+01 4.750000e+00
      vertex   2.014645e+01 3.250000e+01 4.853553e+00
      vertex   2.014645e+01 3.500000e+01 4.853553e+00
    endloop
  endfacet
  facet normal -7.933533e-01 0.000000e+00 6.087614e-01
    outer loop
      vertex   2.006699e+01 3.250000e+01 4.750000e+00
      vertex   2.014645e+01 3.500000e+01 4.853553e+00
      vertex   2.006699e+01 3.500000e+01 4.750000e+00
    endloop
  endfacet
  facet normal -9.238795e-01 0.000000e+00 3.826834e-01
    outer loop
      vertex   2.001704e+01 3.250000e+01 4.629410e+00
      vertex   2.006699e+01 3.250000e+01 4.750000e+00
      vertex   2.006699e+01 3.500000e+01 4.750000e+00
    endloop
  endfacet
  facet normal -9.238795e-01 0.000000e+00 3.826834e-01
    outer loop
      vertex   2.001704e+01 3.250000e+01 4.629410e+00
      vertex   2.006699e+01 3.500000e+01 4.750000e+00
      vertex   2.001704e+01 3.500000e+01 4.629410e+00
    endloop
  endfacet
  facet normal 9.914449e-01 1.455300e-15 1.305262e-01
    outer loop
      vertex   -2.026704e+01 4.000000e+01 4.629410e+00
      vertex   -2.026704e+01 3.750000e+01 4.629410e+00
      vertex   -2.025000e+01 4.000000e+01 4.500000e+00
    endloop
  endfacet
  facet normal 9.914449e-01 0.000000e+00 1.305262e-01
    outer loop
      vertex   -2.025000e+01 4.000000e+01 4.500000e+00
      vertex   -2.026704e+01 3.750000e+01 4.629410e+00
      vertex   -2.026704e+01 3.500000e+01 4.629410e+00
    endloop
  endfacet
  facet normal 9.914449e-01 0.000000e+00 1.305262e-01
    outer loop
      vertex   -2.025000e+01 4.000000e+01 4.500000e+00
      vertex   -2.026704e+01 3.500000e+01 4.629410e+00
      vertex   -2.025000e+01 3.000000e+01 4.500000e+00
    endloop
  endfacet
  facet normal 9.914449e-01 0.000000e+00 1.305262e-01
    outer loop
      vertex   -2.025000e+01 3.000000e+01 4.500000e+00
      vertex   -2.026704e+01 3.500000e+01 4.629410e+00
      vertex   -2.026704e+01 3.250000e+01 4.629410e+00
    endloop
  endfacet
  facet normal 9.914449e-01 -1.455280e-15 1.305262e-01
    outer loop
      vertex   -2.025000e+01 3.000000e+01 4.500000e+00
      vertex   -2.026704e+01 3.250000e+01 4.629410e+00
      vertex   -2.026704e+01 3.000000e+01 4.629410e+00
    endloop
  endfacet
  facet normal 9.238795e-01 -1.448868e-15 3.826834e-01
    outer loop
      vertex   -2.026704e+01 3.000000e+01 4.629410e+00
      vertex   -2.026704e+01 3.250000e+01 4.629410e+00
      vertex   -2.031699e+01 3.000000e+01 4.750000e+00
    endloop
  endfacet
  facet normal 9.238795e-01 1.359565e-16 3.826834e-01
    outer loop
      vertex   -2.031699e+01 3.000000e+01 4.750000e+00
      vertex   -2.026704e+01 3.250000e+01 4.629410e+00
      vertex   -2.031699e+01 3.250000e+01 4.750000e+00
    endloop
  endfacet
  facet normal 7.933533e-01 2.162755e-16 6.087614e-01
    outer loop
      vertex   -2.031699e+01 3.000000e+01 4.750000e+00
      vertex   -2.031699e+01 3.250000e+01 4.750000e+00
      vertex   -2.039645e+01 3.000000e+01 4.853553e+00
    endloop
  endfacet
  facet normal 7.933533e-01 -2.162755e-16 6.087614e-01
    outer loop
      vertex   -2.039645e+01 3.000000e+01 4.853553e+00
      vertex   -2.031699e+01 3.250000e+01 4.750000e+00
      vertex   -2.039645e+01 3.250000e+01 4.853553e+00
    endloop
  endfacet
  facet normal 6.087614e-01 -2.818557e-16 7.933533e-01
    outer loop
      vertex   -2.039645e+01 3.000000e+01 4.853553e+00
      vertex   -2.039645e+01 3.250000e+01 4.853553e+00
      vertex   -2.050000e+01 3.000000e+01 4.933013e+00
    endloop
  endfacet
  facet normal 6.087614e-01 -2.818557e-16 7.933533e-01
    outer loop
      vertex   -2.050000e+01 3.000000e+01 4.933013e+00
      vertex   -2.039645e+01 3.250000e+01 4.853553e+00
      vertex   -2.050000e+01 3.250000e+01 4.933013e+00
    endloop
  endfacet
  facet normal 3.826834e-01 -3.282279e-16 9.238795e-01
    outer loop
      vertex   -2.050000e+01 3.000000e+01 4.933013e+00
      vertex   -2.050000e+01 3.250000e+01 4.933013e+00
      vertex   -2.062059e+01 3.000000e+01 4.982963e+00
    endloop
  endfacet
  facet normal 3.826834e-01 3.282279e-16 9.238795e-01
    outer loop
      vertex   -2.062059e+01 3.000000e+01 4.982963e+00
      vertex   -2.050000e+01 3.250000e+01 4.933013e+00
      vertex   -2.062059e+01 3.250000e+01 4.982963e+00
    endloop
  endfacet
  facet normal 1.305262e-01 3.522320e-16 9.914449e-01
    outer loop
      vertex   -2.062059e+01 3.000000e+01 4.982963e+00
      vertex   -2.062059e+01 3.250000e+01 4.982963e+00
      vertex   -2.075000e+01 3.000000e+01 5.000000e+00
    endloop
  endfacet
  facet normal 1.305262e-01 0.000000e+00 9.914449e-01
    outer loop
      vertex   -2.075000e+01 3.000000e+01 5.000000e+00
      vertex   -2.062059e+01 3.250000e+01 4.982963e+00
      vertex   -2.062059e+01 3.500000e+01 4.982963e+00
    endloop
  endfacet
  facet normal 1.305262e-01 -0.000000e+00 9.914449e-01
    outer loop
      vertex   -2.075000e+01 3.000000e+01 5.000000e+00
      vertex   -2.062059e+01 3.500000e+01 4.982963e+00
      vertex   -2.075000e+01 4.000000e+01 5.000000e+00
    endloop
  endfacet
  facet normal 1.305262e-01 0.000000e+00 9.914449e-01
    outer loop
      vertex   -2.075000e+01 4.000000e+01 5.000000e+00
      vertex   -2.062059e+01 3.500000e+01 4.982963e+00
      vertex   -2.062059e+01 3.750000e+01 4.982963e+00
    endloop
  endfacet
  facet normal 1.305262e-01 -3.521912e-16 9.914449e-01
    outer loop
      vertex   -2.075000e+01 4.000000e+01 5.000000e+00
      vertex   -2.062059e+01 3.750000e+01 4.982963e+00
      vertex   -2.062059e+01 4.000000e+01 4.982963e+00
    endloop
  endfacet
  facet normal 3.826834e-01 -3.282279e-16 9.238795e-01
    outer loop
      vertex   -2.062059e+01 4.000000e+01 4.982963e+00
      vertex   -2.062059e+01 3.750000e+01 4.982963e+00
      vertex   -2.050000e+01 4.000000e+01 4.933013e+00
    endloop
  endfacet
  facet normal 3.826834e-01 3.282279e-16 9.238795e-01
    outer loop
      vertex   -2.050000e+01 4.000000e+01 4.933013e+00
      vertex   -2.062059e+01 3.750000e+01 4.982963e+00
      vertex   -2.050000e+01 3.750000e+01 4.933013e+00
    endloop
  endfacet
  facet normal 6.087614e-01 2.818557e-16 7.933533e-01
    outer loop
      vertex   -2.050000e+01 4.000000e+01 4.933013e+00
      vertex   -2.050000e+01 3.750000e+01 4.933013e+00
      vertex   -2.039645e+01 4.000000e+01 4.853553e+00
    endloop
  endfacet
  facet normal 6.087614e-01 2.818557e-16 7.933533e-01
    outer loop
      vertex   -2.039645e+01 4.000000e+01 4.853553e+00
      vertex   -2.050000e+01 3.750000e+01 4.933013e+00
      vertex   -2.039645e+01 3.750000e+01 4.853553e+00
    endloop
  endfacet
  facet normal 7.933533e-01 2.162755e-16 6.087614e-01
    outer loop
      vertex   -2.039645e+01 4.000000e+01 4.853553e+00
      vertex   -2.039645e+01 3.750000e+01 4.853553e+00
      vertex   -2.031699e+01 4.000000e+01 4.750000e+00
    endloop
  endfacet
  facet normal 7.933533e-01 -2.162755e-16 6.087614e-01
    outer loop
      vertex   -2.031699e+01 4.000000e+01 4.750000e+00
      vertex   -2.039645e+01 3.750000e+01 4.853553e+00
      vertex   -2.031699e+01 3.750000e+01 4.750000e+00
    endloop
  endfacet
  facet normal 9.238795e-01 -1.359565e-16 3.826834e-01
    outer loop
      vertex   -2.031699e+01 4.000000e+01 4.750000e+00
      vertex   -2.031699e+01 3.750000e+01 4.750000e+00
      vertex   -2.026704e+01 4.000000e+01 4.629410e+00
    endloop
  endfacet
  facet normal 9.238795e-01 1.448868e-15 3.826834e-01
    outer loop
      vertex   -2.026704e+01 4.000000e+01 4.629410e+00
      vertex   -2.031699e+01 3.750000e+01 4.750000e+00
      vertex   -2.026704e+01 3.750000e+01 4.629410e+00
    endloop
  endfacet
  facet normal 9.238795e-01 0.000000e+00 3.826834e-01
    outer loop
      vertex   -2.031699e+01 3.250000e+01 4.750000e+00
      vertex   -2.026704e+01 3.250000e+01 4.629410e+00
      vertex   -2.026704e+01 3.500000e+01 4.629410e+00
    endloop
  endfacet
  facet normal 9.238795e-01 -0.000000e+00 3.826834e-01
    outer loop
      vertex   -2.026704e+01 3.500000e+01 4.629410e+00
      vertex   -2.026704e+01 3.750000e+01 4.629410e+00
      vertex   -2.031699e+01 3.500000e+01 4.750000e+00
    endloop
  endfacet
  facet normal 9.238795e-01 -0.000000e+00 3.826834e-01
    outer loop
      vertex   -2.031699e+01 3.500000e+01 4.750000e+00
      vertex   -2.026704e+01 3.750000e+01 4.629410e+00
      vertex   -2.031699e+01 3.750000e+01 4.750000e+00
    endloop
  endfacet
  facet normal 7.933533e-01 -0.000000e+00 6.087614e-01
    outer loop
      vertex   -2.031699e+01 3.500000e+01 4.750000e+00
      vertex   -2.031699e+01 3.750000e+01 4.750000e+00
      vertex   -2.039645e+01 3.500000e+01 4.853553e+00
    endloop
  endfacet
  facet normal 7.933533e-01 -0.000000e+00 6.087614e-01
    outer loop
      vertex   -2.039645e+01 3.500000e+01 4.853553e+00
      vertex   -2.031699e+01 3.750000e+01 4.750000e+00
      vertex   -2.039645e+01 3.750000e+01 4.853553e+00
    endloop
  endfacet
  facet normal 6.087614e-01 -0.000000e+00 7.933533e-01
    outer loop
      vertex   -2.039645e+01 3.500000e+01 4.853553e+00
      vertex   -2.039645e+01 3.750000e+01 4.853553e+00
      vertex   -2.050000e+01 3.500000e+01 4.933013e+00
    endloop
  endfacet
  facet normal 6.087614e-01 -0.000000e+00 7.933533e-01
    outer loop
      vertex   -2.050000e+01 3.500000e+01 4.933013e+00
      vertex   -2.039645e+01 3.750000e+01 4.853553e+00
      vertex   -2.050000e+01 3.750000e+01 4.933013e+00
    endloop
  endfacet
  facet normal 3.826834e-01 -0.000000e+00 9.238795e-01
    outer loop
      vertex   -2.050000e+01 3.500000e+01 4.933013e+00
      vertex   -2.050000e+01 3.750000e+01 4.933013e+00
      vertex   -2.062059e+01 3.500000e+01 4.982963e+00
    endloop
  endfacet
  facet normal 3.826834e-01 -0.000000e+00 9.238795e-01
    outer loop
      vertex   -2.062059e+01 3.500000e+01 4.982963e+00
      vertex   -2.050000e+01 3.750000e+01 4.933013e+00
      vertex   -2.062059e+01 3.750000e+01 4.982963e+00
    endloop
  endfacet
  facet normal 7.933533e-01 0.000000e+00 6.087614e-01
    outer loop
      vertex   -2.039645e+01 3.250000e+01 4.853553e+00
      vertex   -2.031699e+01 3.250000e+01 4.750000e+00
      vertex   -2.031699e+01 3.500000e+01 4.750000e+00
    endloop
  endfacet
  facet normal 9.238795e-01 0.000000e+00 3.826834e-01
    outer loop
      vertex   -2.031699e+01 3.500000e+01 4.750000e+00
      vertex   -2.031699e+01 3.250000e+01 4.750000e+00
      vertex   -2.026704e+01 3.500000e+01 4.629410e+00
    endloop
  endfacet
  facet normal 7.933533e-01 -0.000000e+00 6.087614e-01
    outer loop
      vertex   -2.039645e+01 3.250000e+01 4.853553e+00
      vertex   -2.031699e+01 3.500000e+01 4.750000e+00
      vertex   -2.039645e+01 3.500000e+01 4.853553e+00
    endloop
  endfacet
  facet normal 6.087614e-01 0.000000e+00 7.933533e-01
    outer loop
      vertex   -2.050000e+01 3.250000e+01 4.933013e+00
      vertex   -2.039645e+01 3.250000e+01 4.853553e+00
      vertex   -2.039645e+01 3.500000e+01 4.853553e+00
    endloop
  endfacet
  facet normal 6.087614e-01 -0.000000e+00 7.933533e-01
    outer loop
      vertex   -2.050000e+01 3.250000e+01 4.933013e+00
      vertex   -2.039645e+01 3.500000e+01 4.853553e+00
      vertex   -2.050000e+01 3.500000e+01 4.933013e+00
    endloop
  endfacet
  facet normal 3.826834e-01 0.000000e+00 9.238795e-01
    outer loop
      vertex   -2.062059e+01 3.250000e+01 4.982963e+00
      vertex   -2.050000e+01 3.250000e+01 4.933013e+00
      vertex   -2.050000e+01 3.500000e+01 4.933013e+00
    endloop
  endfacet
  facet normal 3.826834e-01 -0.000000e+00 9.238795e-01
    outer loop
      vertex   -2.062059e+01 3.250000e+01 4.982963e+00
      vertex   -2.050000e+01 3.500000e+01 4.933013e+00
      vertex   -2.062059e+01 3.500000e+01 4.982963e+00
    endloop
  endfacet
  facet normal -1.776357e-15 0.000000e+00 1.000000e+00
    outer loop
      vertex   -2.075000e+01 4.000000e+01 5.000000e+00
      vertex   -2.125000e+01 4.000000e+01 5.000000e+00
      vertex   -2.075000e+01 3.000000e+01 5.000000e+00
    endloop
  endfacet
  facet normal -1.776357e-15 0.000000e+00 1.000000e+00
    outer loop
      vertex   -2.075000e+01 3.000000e+01 5.000000e+00
      vertex   -2.125000e+01 4.000000e+01 5.000000e+00
      vertex   -2.125000e+01 3.000000e+01 5.000000e+00
    endloop
  endfacet
  facet normal -1.305262e-01 -3.522320e-16 9.914449e-01
    outer loop
      vertex   -2.137941e+01 4.000000e+01 4.982963e+00
      vertex   -2.137941e+01 3.750000e+01 4.982963e+00
      vertex   -2.125000e+01 4.000000e+01 5.000000e+00
    endloop
  endfacet
  facet normal -1.305262e-01 0.000000e+00 9.914449e-01
    outer loop
      vertex   -2.125000e+01 4.000000e+01 5.000000e+00
      vertex   -2.137941e+01 3.750000e+01 4.982963e+00
      vertex   -2.137941e+01 3.500000e+01 4.982963e+00
    endloop
  endfacet
  facet normal -1.305262e-01 0.000000e+00 9.914449e-01
    outer loop
      vertex   -2.125000e+01 4.000000e+01 5.000000e+00
      vertex   -2.137941e+01 3.500000e+01 4.982963e+00
      vertex   -2.125000e+01 3.000000e+01 5.000000e+00
    endloop
  endfacet
  facet normal -1.305262e-01 0.000000e+00 9.914449e-01
    outer loop
      vertex   -2.125000e+01 3.000000e+01 5.000000e+00
      vertex   -2.137941e+01 3.500000e+01 4.982963e+00
      vertex   -2.137941e+01 3.250000e+01 4.982963e+00
    endloop
  endfacet
  facet normal -1.305262e-01 3.521912e-16 9.914449e-01
    outer loop
      vertex   -2.125000e+01 3.000000e+01 5.000000e+00
      vertex   -2.137941e+01 3.250000e+01 4.982963e+00
      vertex   -2.137941e+01 3.000000e+01 4.982963e+00
    endloop
  endfacet
  facet normal -3.826834e-01 3.282279e-16 9.238795e-01
    outer loop
      vertex   -2.137941e+01 3.000000e+01 4.982963e+00
      vertex   -2.137941e+01 3.250000e+01 4.982963e+00
      vertex   -2.150000e+01 3.000000e+01 4.933013e+00
    endloop
  endfacet
  facet normal -3.826834e-01 -3.282279e-16 9.238795e-01
    outer loop
      vertex   -2.150000e+01 3.000000e+01 4.933013e+00
      vertex   -2.137941e+01 3.250000e+01 4.982963e+00
      vertex   -2.150000e+01 3.250000e+01 4.933013e+00
    endloop
  endfacet
  facet normal -6.087614e-01 -2.818557e-16 7.933533e-01
    outer loop
      vertex   -2.150000e+01 3.000000e+01 4.933013e+00
      vertex   -2.150000e+01 3.250000e+01 4.933013e+00
      vertex   -2.160355e+01 3.000000e+01 4.853553e+00
    endloop
  endfacet
  facet normal -6.087614e-01 -2.818557e-16 7.933533e-01
    outer loop
      vertex   -2.160355e+01 3.000000e+01 4.853553e+00
      vertex   -2.150000e+01 3.250000e+01 4.933013e+00
      vertex   -2.160355e+01 3.250000e+01 4.853553e+00
    endloop
  endfacet
  facet normal -7.933533e-01 -2.162755e-16 6.087614e-01
    outer loop
      vertex   -2.160355e+01 3.000000e+01 4.853553e+00
      vertex   -2.160355e+01 3.250000e+01 4.853553e+00
      vertex   -2.168301e+01 3.000000e+01 4.750000e+00
    endloop
  endfacet
  facet normal -7.933533e-01 2.162755e-16 6.087614e-01
    outer loop
      vertex   -2.168301e+01 3.000000e+01 4.750000e+00
      vertex   -2.160355e+01 3.250000e+01 4.853553e+00
      vertex   -2.168301e+01 3.250000e+01 4.750000e+00
    endloop
  endfacet
  facet normal -9.238795e-01 1.359565e-16 3.826834e-01
    outer loop
      vertex   -2.168301e+01 3.000000e+01 4.750000e+00
      vertex   -2.168301e+01 3.250000e+01 4.750000e+00
      vertex   -2.173296e+01 3.000000e+01 4.629410e+00
    endloop
  endfacet
  facet normal -9.238795e-01 -2.761780e-15 3.826834e-01
    outer loop
      vertex   -2.173296e+01 3.000000e+01 4.629410e+00
      vertex   -2.168301e+01 3.250000e+01 4.750000e+00
      vertex   -2.173296e+01 3.250000e+01 4.629410e+00
    endloop
  endfacet
  facet normal -9.914449e-01 -2.864228e-15 1.305262e-01
    outer loop
      vertex   -2.173296e+01 3.000000e+01 4.629410e+00
      vertex   -2.173296e+01 3.250000e+01 4.629410e+00
      vertex   -2.175000e+01 3.000000e+01 4.500000e+00
    endloop
  endfacet
  facet normal -9.914449e-01 0.000000e+00 1.305262e-01
    outer loop
      vertex   -2.175000e+01 3.000000e+01 4.500000e+00
      vertex   -2.173296e+01 3.250000e+01 4.629410e+00
      vertex   -2.173296e+01 3.500000e+01 4.629410e+00
    endloop
  endfacet
  facet normal -9.914449e-01 0.000000e+00 1.305262e-01
    outer loop
      vertex   -2.175000e+01 3.000000e+01 4.500000e+00
      vertex   -2.173296e+01 3.500000e+01 4.629410e+00
      vertex   -2.175000e+01 4.000000e+01 4.500000e+00
    endloop
  endfacet
  facet normal -9.914449e-01 0.000000e+00 1.305262e-01
    outer loop
      vertex   -2.175000e+01 4.000000e+01 4.500000e+00
      vertex   -2.173296e+01 3.500000e+01 4.629410e+00
      vertex   -2.173296e+01 3.750000e+01 4.629410e+00
    endloop
  endfacet
  facet normal -9.914449e-01 2.864045e-15 1.305262e-01
    outer loop
      vertex   -2.175000e+01 4.000000e+01 4.500000e+00
      vertex   -2.173296e+01 3.750000e+01 4.629410e+00
      vertex   -2.173296e+01 4.000000e+01 4.629410e+00
    endloop
  endfacet
  facet normal -9.238795e-01 2.761780e-15 3.826834e-01
    outer loop
      vertex   -2.173296e+01 4.000000e+01 4.629410e+00
      vertex   -2.173296e+01 3.750000e+01 4.629410e+00
      vertex   -2.168301e+01 4.000000e+01 4.750000e+00
    endloop
  endfacet
  facet normal -9.238795e-01 -1.359565e-16 3.826834e-01
    outer loop
      vertex   -2.168301e+01 4.000000e+01 4.750000e+00
      vertex   -2.173296e+01 3.750000e+01 4.629410e+00
      vertex   -2.168301e+01 3.750000e+01 4.750000e+00
    endloop
  endfacet
  facet normal -7.933533e-01 -2.162755e-16 6.087614e-01
    outer loop
      vertex   -2.168301e+01 4.000000e+01 4.750000e+00
      vertex   -2.168301e+01 3.750000e+01 4.750000e+00
      vertex   -2.160355e+01 4.000000e+01 4.853553e+00
    endloop
  endfacet
  facet normal -7.933533e-01 2.162755e-16 6.087614e-01
    outer loop
      vertex   -2.160355e+01 4.000000e+01 4.853553e+00
      vertex   -2.168301e+01 3.750000e+01 4.750000e+00
      vertex   -2.160355e+01 3.750000e+01 4.853553e+00
    endloop
  endfacet
  facet normal -6.087614e-01 2.818557e-16 7.933533e-01
    outer loop
      vertex   -2.160355e+01 4.000000e+01 4.853553e+00
      vertex   -2.160355e+01 3.750000e+01 4.853553e+00
      vertex   -2.150000e+01 4.000000e+01 4.933013e+00
    endloop
  endfacet
  facet normal -6.087614e-01 2.818557e-16 7.933533e-01
    outer loop
      vertex   -2.150000e+01 4.000000e+01 4.933013e+00
      vertex   -2.160355e+01 3.750000e+01 4.853553e+00
      vertex   -2.150000e+01 3.750000e+01 4.933013e+00
    endloop
  endfacet
  facet normal -3.826834e-01 3.282279e-16 9.238795e-01
    outer loop
      vertex   -2.150000e+01 4.000000e+01 4.933013e+00
      vertex   -2.150000e+01 3.750000e+01 4.933013e+00
      vertex   -2.137941e+01 4.000000e+01 4.982963e+00
    endloop
  endfacet
  facet normal -3.826834e-01 -3.282279e-16 9.238795e-01
    outer loop
      vertex   -2.137941e+01 4.000000e+01 4.982963e+00
      vertex   -2.150000e+01 3.750000e+01 4.933013e+00
      vertex   -2.137941e+01 3.750000e+01 4.982963e+00
    endloop
  endfacet
  facet normal -3.826834e-01 0.000000e+00 9.238795e-01
    outer loop
      vertex   -2.150000e+01 3.250000e+01 4.933013e+00
      vertex   -2.137941e+01 3.250000e+01 4.982963e+00
      vertex   -2.137941e+01 3.500000e+01 4.982963e+00
    endloop
  endfacet
  facet normal -3.826834e-01 0.000000e+00 9.238795e-01
    outer loop
      vertex   -2.137941e+01 3.500000e+01 4.982963e+00
      vertex   -2.137941e+01 3.750000e+01 4.982963e+00
      vertex   -2.150000e+01 3.500000e+01 4.933013e+00
    endloop
  endfacet
  facet normal -3.826834e-01 0.000000e+00 9.238795e-01
    outer loop
      vertex   -2.150000e+01 3.500000e+01 4.933013e+00
      vertex   -2.137941e+01 3.750000e+01 4.982963e+00
      vertex   -2.150000e+01 3.750000e+01 4.933013e+00
    endloop
  endfacet
  facet normal -6.087614e-01 0.000000e+00 7.933533e-01
    outer loop
      vertex   -2.150000e+01 3.500000e+01 4.933013e+00
      vertex   -2.150000e+01 3.750000e+01 4.933013e+00
      vertex   -2.160355e+01 3.500000e+01 4.853553e+00
    endloop
  endfacet
  facet normal -6.087614e-01 0.000000e+00 7.933533e-01
    outer loop
      vertex   -2.160355e+01 3.500000e+01 4.853553e+00
      vertex   -2.150000e+01 3.750000e+01 4.933013e+00
      vertex   -2.160355e+01 3.750000e+01 4.853553e+00
    endloop
  endfacet
  facet normal -7.933533e-01 0.000000e+00 6.087614e-01
    outer loop
      vertex   -2.160355e+01 3.500000e+01 4.853553e+00
      vertex   -2.160355e+01 3.750000e+01 4.853553e+00
      vertex   -2.168301e+01 3.500000e+01 4.750000e+00
    endloop
  endfacet
  facet normal -7.933533e-01 0.000000e+00 6.087614e-01
    outer loop
      vertex   -2.168301e+01 3.500000e+01 4.750000e+00
      vertex   -2.160355e+01 3.750000e+01 4.853553e+00
      vertex   -2.168301e+01 3.750000e+01 4.750000e+00
    endloop
  endfacet
  facet normal -9.238795e-01 0.000000e+00 3.826834e-01
    outer loop
      vertex   -2.168301e+01 3.500000e+01 4.750000e+00
      vertex   -2.168301e+01 3.750000e+01 4.750000e+00
      vertex   -2.173296e+01 3.500000e+01 4.629410e+00
    endloop
  endfacet
  facet normal -9.238795e-01 0.000000e+00 3.826834e-01
    outer loop
      vertex   -2.173296e+01 3.500000e+01 4.629410e+00
      vertex   -2.168301e+01 3.750000e+01 4.750000e+00
      vertex   -2.173296e+01 3.750000e+01 4.629410e+00
    endloop
  endfacet
  facet normal -6.087614e-01 0.000000e+00 7.933533e-01
    outer loop
      vertex   -2.160355e+01 3.250000e+01 4.853553e+00
      vertex   -2.150000e+01 3.250000e+01 4.933013e+00
      vertex   -2.150000e+01 3.500000e+01 4.933013e+00
    endloop
  endfacet
  facet normal -3.826834e-01 0.000000e+00 9.238795e-01
    outer loop
      vertex   -2.150000e+01 3.500000e+01 4.933013e+00
      vertex   -2.150000e+01 3.250000e+01 4.933013e+00
      vertex   -2.137941e+01 3.500000e+01 4.982963e+00
    endloop
  endfacet
  facet normal -6.087614e-01 0.000000e+00 7.933533e-01
    outer loop
      vertex   -2.160355e+01 3.250000e+01 4.853553e+00
      vertex   -2.150000e+01 3.500000e+01 4.933013e+00
      vertex   -2.160355e+01 3.500000e+01 4.853553e+00
    endloop
  endfacet
  facet normal -7.933533e-01 0.000000e+00 6.087614e-01
    outer loop
      vertex   -2.168301e+01 3.250000e+01 4.750000e+00
      vertex   -2.160355e+01 3.250000e+01 4.853553e+00
      vertex   -2.160355e+01 3.500000e+01 4.853553e+00
    endloop
  endfacet
  facet normal -7.933533e-01 0.000000e+00 6.087614e-01
    outer loop
      vertex   -2.168301e+01 3.250000e+01 4.750000e+00
      vertex   -2.160355e+01 3.500000e+01 4.853553e+00
      vertex   -2.168301e+01 3.500000e+01 4.750000e+00
    endloop
  endfacet
  facet normal -9.238795e-01 0.000000e+00 3.826834e-01
    outer loop
      vertex   -2.173296e+01 3.250000e+01 4.629410e+00
      vertex   -2.168301e+01 3.250000e+01 4.750000e+00
      vertex   -2.168301e+01 3.500000e+01 4.750000e+00
    endloop
  endfacet
  facet normal -9.238795e-01 0.000000e+00 3.826834e-01
    outer loop
      vertex   -2.173296e+01 3.250000e+01 4.629410e+00
      vertex   -2.168301e+01 3.500000e+01 4.750000e+00
      vertex   -2.173296e+01 3.500000e+01 4.629410e+00
    endloop
  endfacet
  facet normal 9.951847e-01 -0.000000e+00 9.801714e-02
    outer loop
      vertex   1.900000e+01 3.000000e+01 3.000000e+00
      vertex   1.900000e+01 4.000000e+01 3.000000e+00
      vertex   1.896157e+01 3.500000e+01 3.390181e+00
    endloop
  endfacet
  facet normal 9.951847e-01 -7.158269e-16 9.801714e-02
    outer loop
      vertex   1.896157e+01 3.500000e+01 3.390181e+00
      vertex   1.900000e+01 4.000000e+01 3.000000e+00
      vertex   1.896157e+01 4.000000e+01 3.390181e+00
    endloop
  endfacet
  facet normal 9.569403e-01 -7.057295e-16 2.902847e-01
    outer loop
      vertex   1.896157e+01 3.500000e+01 3.390181e+00
      vertex   1.896157e+01 4.000000e+01 3.390181e+00
      vertex   1.884776e+01 3.500000e+01 3.765367e+00
    endloop
  endfacet
  facet normal 9.569403e-01 -0.000000e+00 2.902847e-01
    outer loop
      vertex   1.884776e+01 3.500000e+01 3.765367e+00
      vertex   1.896157e+01 4.000000e+01 3.390181e+00
      vertex   1.884776e+01 4.000000e+01 3.765367e+00
    endloop
  endfacet
  facet normal 8.819213e-01 -0.000000e+00 4.713967e-01
    outer loop
      vertex   1.884776e+01 3.500000e+01 3.765367e+00
      vertex   1.884776e+01 4.000000e+01 3.765367e+00
      vertex   1.866294e+01 3.500000e+01 4.111140e+00
    endloop
  endfacet
  facet normal 8.819213e-01 -0.000000e+00 4.713967e-01
    outer loop
      vertex   1.866294e+01 3.500000e+01 4.111140e+00
      vertex   1.884776e+01 4.000000e+01 3.765367e+00
      vertex   1.866294e+01 4.000000e+01 4.111140e+00
    endloop
  endfacet
  facet normal 7.730105e-01 -0.000000e+00 6.343933e-01
    outer loop
      vertex   1.866294e+01 3.500000e+01 4.111140e+00
      vertex   1.866294e+01 4.000000e+01 4.111140e+00
      vertex   1.841421e+01 3.500000e+01 4.414214e+00
    endloop
  endfacet
  facet normal 7.730105e-01 -0.000000e+00 6.343933e-01
    outer loop
      vertex   1.841421e+01 3.500000e+01 4.414214e+00
      vertex   1.866294e+01 4.000000e+01 4.111140e+00
      vertex   1.841421e+01 4.000000e+01 4.414214e+00
    endloop
  endfacet
  facet normal 6.343933e-01 -0.000000e+00 7.730105e-01
    outer loop
      vertex   1.841421e+01 3.500000e+01 4.414214e+00
      vertex   1.841421e+01 4.000000e+01 4.414214e+00
      vertex   1.811114e+01 3.500000e+01 4.662939e+00
    endloop
  endfacet
  facet normal 6.343933e-01 -0.000000e+00 7.730105e-01
    outer loop
      vertex   1.811114e+01 3.500000e+01 4.662939e+00
      vertex   1.841421e+01 4.000000e+01 4.414214e+00
      vertex   1.811114e+01 4.000000e+01 4.662939e+00
    endloop
  endfacet
  facet normal 4.713967e-01 -0.000000e+00 8.819213e-01
    outer loop
      vertex   1.811114e+01 3.500000e+01 4.662939e+00
      vertex   1.811114e+01 4.000000e+01 4.662939e+00
      vertex   1.776537e+01 3.500000e+01 4.847759e+00
    endloop
  endfacet
  facet normal 4.713967e-01 1.566607e-16 8.819213e-01
    outer loop
      vertex   1.776537e+01 3.500000e+01 4.847759e+00
      vertex   1.811114e+01 4.000000e+01 4.662939e+00
      vertex   1.776537e+01 4.000000e+01 4.847759e+00
    endloop
  endfacet
  facet normal 2.902847e-01 1.699868e-16 9.569403e-01
    outer loop
      vertex   1.776537e+01 3.500000e+01 4.847759e+00
      vertex   1.776537e+01 4.000000e+01 4.847759e+00
      vertex   1.739018e+01 3.500000e+01 4.961571e+00
    endloop
  endfacet
  facet normal 2.902847e-01 -0.000000e+00 9.569403e-01
    outer loop
      vertex   1.739018e+01 3.500000e+01 4.961571e+00
      vertex   1.776537e+01 4.000000e+01 4.847759e+00
      vertex   1.739018e+01 4.000000e+01 4.961571e+00
    endloop
  endfacet
  facet normal 9.801714e-02 -0.000000e+00 9.951847e-01
    outer loop
      vertex   1.739018e+01 3.500000e+01 4.961571e+00
      vertex   1.739018e+01 4.000000e+01 4.961571e+00
      vertex   1.700000e+01 4.000000e+01 5.000000e+00
    endloop
  endfacet
  facet normal 9.801714e-02 0.000000e+00 9.951847e-01
    outer loop
      vertex   1.700000e+01 4.000000e+01 5.000000e+00
      vertex   1.700000e+01 3.000000e+01 5.000000e+00
      vertex   1.739018e+01 3.500000e+01 4.961571e+00
    endloop
  endfacet
  facet normal 9.801714e-02 -1.767803e-16 9.951847e-01
    outer loop
      vertex   1.739018e+01 3.500000e+01 4.961571e+00
      vertex   1.700000e+01 3.000000e+01 5.000000e+00
      vertex   1.739018e+01 3.000000e+01 4.961571e+00
    endloop
  endfacet
  facet normal 2.902847e-01 -1.699868e-16 9.569403e-01
    outer loop
      vertex   1.739018e+01 3.500000e+01 4.961571e+00
      vertex   1.739018e+01 3.000000e+01 4.961571e+00
      vertex   1.776537e+01 3.500000e+01 4.847759e+00
    endloop
  endfacet
  facet normal 2.902847e-01 -1.699868e-16 9.569403e-01
    outer loop
      vertex   1.776537e+01 3.500000e+01 4.847759e+00
      vertex   1.739018e+01 3.000000e+01 4.961571e+00
      vertex   1.776537e+01 3.000000e+01 4.847759e+00
    endloop
  endfacet
  facet normal 4.713967e-01 -1.566607e-16 8.819213e-01
    outer loop
      vertex   1.776537e+01 3.500000e+01 4.847759e+00
      vertex   1.776537e+01 3.000000e+01 4.847759e+00
      vertex   1.811114e+01 3.500000e+01 4.662939e+00
    endloop
  endfacet
  facet normal 4.713967e-01 0.000000e+00 8.819213e-01
    outer loop
      vertex   1.811114e+01 3.500000e+01 4.662939e+00
      vertex   1.776537e+01 3.000000e+01 4.847759e+00
      vertex   1.811114e+01 3.000000e+01 4.662939e+00
    endloop
  endfacet
  facet normal 6.343933e-01 0.000000e+00 7.730105e-01
    outer loop
      vertex   1.811114e+01 3.500000e+01 4.662939e+00
      vertex   1.811114e+01 3.000000e+01 4.662939e+00
      vertex   1.841421e+01 3.500000e+01 4.414214e+00
    endloop
  endfacet
  facet normal 6.343933e-01 0.000000e+00 7.730105e-01
    outer loop
      vertex   1.841421e+01 3.500000e+01 4.414214e+00
      vertex   1.811114e+01 3.000000e+01 4.662939e+00
      vertex   1.841421e+01 3.000000e+01 4.414214e+00
    endloop
  endfacet
  facet normal 7.730105e-01 0.000000e+00 6.343933e-01
    outer loop
      vertex   1.841421e+01 3.500000e+01 4.414214e+00
      vertex   1.841421e+01 3.000000e+01 4.414214e+00
      vertex   1.866294e+01 3.500000e+01 4.111140e+00
    endloop
  endfacet
  facet normal 7.730105e-01 0.000000e+00 6.343933e-01
    outer loop
      vertex   1.866294e+01 3.500000e+01 4.111140e+00
      vertex   1.841421e+01 3.000000e+01 4.414214e+00
      vertex   1.866294e+01 3.000000e+01 4.111140e+00
    endloop
  endfacet
  facet normal 8.819213e-01 0.000000e+00 4.713967e-01
    outer loop
      vertex   1.866294e+01 3.500000e+01 4.111140e+00
      vertex   1.866294e+01 3.000000e+01 4.111140e+00
      vertex   1.884776e+01 3.500000e+01 3.765367e+00
    endloop
  endfacet
  facet normal 8.819213e-01 0.000000e+00 4.713967e-01
    outer loop
      vertex   1.884776e+01 3.500000e+01 3.765367e+00
      vertex   1.866294e+01 3.000000e+01 4.111140e+00
      vertex   1.884776e+01 3.000000e+01 3.765367e+00
    endloop
  endfacet
  facet normal 9.569403e-01 0.000000e+00 2.902847e-01
    outer loop
      vertex   1.884776e+01 3.500000e+01 3.765367e+00
      vertex   1.884776e+01 3.000000e+01 3.765367e+00
      vertex   1.896157e+01 3.500000e+01 3.390181e+00
    endloop
  endfacet
  facet normal 9.569403e-01 6.799470e-16 2.902847e-01
    outer loop
      vertex   1.896157e+01 3.500000e+01 3.390181e+00
      vertex   1.884776e+01 3.000000e+01 3.765367e+00
      vertex   1.896157e+01 3.000000e+01 3.390181e+00
    endloop
  endfacet
  facet normal 9.951847e-01 7.071213e-16 9.801714e-02
    outer loop
      vertex   1.896157e+01 3.500000e+01 3.390181e+00
      vertex   1.896157e+01 3.000000e+01 3.390181e+00
      vertex   1.900000e+01 3.000000e+01 3.000000e+00
    endloop
  endfacet
  facet normal 1.000000e+00 0.000000e+00 -0.000000e+00
    outer loop
      vertex   1.900000e+01 4.000000e+01 -3.000000e+00
      vertex   1.900000e+01 4.000000e+01 3.000000e+00
      vertex   1.900000e+01 3.000000e+01 -3.000000e+00
    endloop
  endfacet
  facet normal 1.000000e+00 0.000000e+00 0.000000e+00
    outer loop
      vertex   1.900000e+01 3.000000e+01 -3.000000e+00
      vertex   1.900000e+01 4.000000e+01 3.000000e+00
      vertex   1.900000e+01 3.000000e+01 3.000000e+00
    endloop
  endfacet
  facet normal -9.801714e-02 0.000000e+00 -9.951847e-01
    outer loop
      vertex   -1.900000e+01 3.000000e+01 -5.000000e+00
      vertex   -1.900000e+01 4.000000e+01 -5.000000e+00
      vertex   -1.860982e+01 3.500000e+01 -5.038429e+00
    endloop
  endfacet
  facet normal -9.801714e-02 0.000000e+00 -9.951847e-01
    outer loop
      vertex   -1.860982e+01 3.500000e+01 -5.038429e+00
      vertex   -1.900000e+01 4.000000e+01 -5.000000e+00
      vertex   -1.860982e+01 4.000000e+01 -5.038429e+00
    endloop
  endfacet
  facet normal -2.902847e-01 0.000000e+00 -9.569403e-01
    outer loop
      vertex   -1.860982e+01 3.500000e+01 -5.038429e+00
      vertex   -1.860982e+01 4.000000e+01 -5.038429e+00
      vertex   -1.823463e+01 3.500000e+01 -5.152241e+00
    endloop
  endfacet
  facet normal -2.902847e-01 -3.399735e-16 -9.569403e-01
    outer loop
      vertex   -1.823463e+01 3.500000e+01 -5.152241e+00
      vertex   -1.860982e+01 4.000000e+01 -5.038429e+00
      vertex   -1.823463e+01 4.000000e+01 -5.152241e+00
    endloop
  endfacet
  facet normal -4.713967e-01 -3.133214e-16 -8.819213e-01
    outer loop
      vertex   -1.823463e+01 3.500000e+01 -5.152241e+00
      vertex   -1.823463e+01 4.000000e+01 -5.152241e+00
      vertex   -1.788886e+01 3.500000e+01 -5.337061e+00
    endloop
  endfacet
  facet normal -4.713967e-01 0.000000e+00 -8.819213e-01
    outer loop
      vertex   -1.788886e+01 3.500000e+01 -5.337061e+00
      vertex   -1.823463e+01 4.000000e+01 -5.152241e+00
      vertex   -1.788886e+01 4.000000e+01 -5.337061e+00
    endloop
  endfacet
  facet normal -6.343933e-01 0.000000e+00 -7.730105e-01
    outer loop
      vertex   -1.788886e+01 3.500000e+01 -5.337061e+00
      vertex   -1.788886e+01 4.000000e+01 -5.337061e+00
      vertex   -1.758579e+01 3.500000e+01 -5.585786e+00
    endloop
  endfacet
  facet normal -6.343933e-01 0.000000e+00 -7.730105e-01
    outer loop
      vertex   -1.758579e+01 3.500000e+01 -5.585786e+00
      vertex   -1.788886e+01 4.000000e+01 -5.337061e+00
      vertex   -1.758579e+01 4.000000e+01 -5.585786e+00
    endloop
  endfacet
  facet normal -7.730105e-01 0.000000e+00 -6.343933e-01
    outer loop
      vertex   -1.758579e+01 3.500000e+01 -5.585786e+00
      vertex   -1.758579e+01 4.000000e+01 -5.585786e+00
      vertex   -1.733706e+01 3.500000e+01 -5.888860e+00
    endloop
  endfacet
  facet normal -7.730105e-01 0.000000e+00 -6.343933e-01
    outer loop
      vertex   -1.733706e+01 3.500000e+01 -5.888860e+00
      vertex   -1.758579e+01 4.000000e+01 -5.585786e+00
      vertex   -1.733706e+01 4.000000e+01 -5.888860e+00
    endloop
  endfacet
  facet normal -8.819213e-01 0.000000e+00 -4.713967e-01
    outer loop
      vertex   -1.733706e+01 3.500000e+01 -5.888860e+00
      vertex   -1.733706e+01 4.000000e+01 -5.888860e+00
      vertex   -1.715224e+01 3.500000e+01 -6.234633e+00
    endloop
  endfacet
  facet normal -8.819213e-01 0.000000e+00 -4.713967e-01
    outer loop
      vertex   -1.715224e+01 3.500000e+01 -6.234633e+00
      vertex   -1.733706e+01 4.000000e+01 -5.888860e+00
      vertex   -1.715224e+01 4.000000e+01 -6.234633e+00
    endloop
  endfacet
  facet normal -9.569403e-01 0.000000e+00 -2.902847e-01
    outer loop
      vertex   -1.715224e+01 3.500000e+01 -6.234633e+00
      vertex   -1.715224e+01 4.000000e+01 -6.234633e+00
      vertex   -1.703843e+01 3.500000e+01 -6.609819e+00
    endloop
  endfacet
  facet normal -9.569403e-01 0.000000e+00 -2.902847e-01
    outer loop
      vertex   -1.703843e+01 3.500000e+01 -6.609819e+00
      vertex   -1.715224e+01 4.000000e+01 -6.234633e+00
      vertex   -1.703843e+01 4.000000e+01 -6.609819e+00
    endloop
  endfacet
  facet normal -9.951847e-01 0.000000e+00 -9.801714e-02
    outer loop
      vertex   -1.703843e+01 3.500000e+01 -6.609819e+00
      vertex   -1.703843e+01 4.000000e+01 -6.609819e+00
      vertex   -1.700000e+01 4.000000e+01 -7.000000e+00
    endloop
  endfacet
  facet normal -9.951847e-01 -0.000000e+00 -9.801714e-02
    outer loop
      vertex   -1.700000e+01 4.000000e+01 -7.000000e+00
      vertex   -1.700000e+01 3.000000e+01 -7.000000e+00
      vertex   -1.703843e+01 3.500000e+01 -6.609819e+00
    endloop
  endfacet
  facet normal -9.951847e-01 -0.000000e+00 -9.801714e-02
    outer loop
      vertex   -1.703843e+01 3.500000e+01 -6.609819e+00
      vertex   -1.700000e+01 3.000000e+01 -7.000000e+00
      vertex   -1.703843e+01 3.000000e+01 -6.609819e+00
    endloop
  endfacet
  facet normal -9.569403e-01 -0.000000e+00 -2.902847e-01
    outer loop
      vertex   -1.703843e+01 3.500000e+01 -6.609819e+00
      vertex   -1.703843e+01 3.000000e+01 -6.609819e+00
      vertex   -1.715224e+01 3.500000e+01 -6.234633e+00
    endloop
  endfacet
  facet normal -9.569403e-01 -0.000000e+00 -2.902847e-01
    outer loop
      vertex   -1.715224e+01 3.500000e+01 -6.234633e+00
      vertex   -1.703843e+01 3.000000e+01 -6.609819e+00
      vertex   -1.715224e+01 3.000000e+01 -6.234633e+00
    endloop
  endfacet
  facet normal -8.819213e-01 -0.000000e+00 -4.713967e-01
    outer loop
      vertex   -1.715224e+01 3.500000e+01 -6.234633e+00
      vertex   -1.715224e+01 3.000000e+01 -6.234633e+00
      vertex   -1.733706e+01 3.500000e+01 -5.888860e+00
    endloop
  endfacet
  facet normal -8.819213e-01 -0.000000e+00 -4.713967e-01
    outer loop
      vertex   -1.733706e+01 3.500000e+01 -5.888860e+00
      vertex   -1.715224e+01 3.000000e+01 -6.234633e+00
      vertex   -1.733706e+01 3.000000e+01 -5.888860e+00
    endloop
  endfacet
  facet normal -7.730105e-01 -0.000000e+00 -6.343933e-01
    outer loop
      vertex   -1.733706e+01 3.500000e+01 -5.888860e+00
      vertex   -1.733706e+01 3.000000e+01 -5.888860e+00
      vertex   -1.758579e+01 3.500000e+01 -5.585786e+00
    endloop
  endfacet
  facet normal -7.730105e-01 -0.000000e+00 -6.343933e-01
    outer loop
      vertex   -1.758579e+01 3.500000e+01 -5.585786e+00
      vertex   -1.733706e+01 3.000000e+01 -5.888860e+00
      vertex   -1.758579e+01 3.000000e+01 -5.585786e+00
    endloop
  endfacet
  facet normal -6.343933e-01 -0.000000e+00 -7.730105e-01
    outer loop
      vertex   -1.758579e+01 3.500000e+01 -5.585786e+00
      vertex   -1.758579e+01 3.000000e+01 -5.585786e+00
      vertex   -1.788886e+01 3.500000e+01 -5.337061e+00
    endloop
  endfacet
  facet normal -6.343933e-01 -0.000000e+00 -7.730105e-01
    outer loop
      vertex   -1.788886e+01 3.500000e+01 -5.337061e+00
      vertex   -1.758579e+01 3.000000e+01 -5.585786e+00
      vertex   -1.788886e+01 3.000000e+01 -5.337061e+00
    endloop
  endfacet
  facet normal -4.713967e-01 -0.000000e+00 -8.819213e-01
    outer loop
      vertex   -1.788886e+01 3.500000e+01 -5.337061e+00
      vertex   -1.788886e+01 3.000000e+01 -5.337061e+00
      vertex   -1.823463e+01 3.500000e+01 -5.152241e+00
    endloop
  endfacet
  facet normal -4.713967e-01 3.133214e-16 -8.819213e-01
    outer loop
      vertex   -1.823463e+01 3.500000e+01 -5.152241e+00
      vertex   -1.788886e+01 3.000000e+01 -5.337061e+00
      vertex   -1.823463e+01 3.000000e+01 -5.152241e+00
    endloop
  endfacet
  facet normal -2.902847e-01 3.399735e-16 -9.569403e-01
    outer loop
      vertex   -1.823463e+01 3.500000e+01 -5.152241e+00
      vertex   -1.823463e+01 3.000000e+01 -5.152241e+00
      vertex   -1.860982e+01 3.500000e+01 -5.038429e+00
    endloop
  endfacet
  facet normal -2.902847e-01 -0.000000e+00 -9.569403e-01
    outer loop
      vertex   -1.860982e+01 3.500000e+01 -5.038429e+00
      vertex   -1.823463e+01 3.000000e+01 -5.152241e+00
      vertex   -1.860982e+01 3.000000e+01 -5.038429e+00
    endloop
  endfacet
  facet normal -9.801714e-02 -0.000000e+00 -9.951847e-01
    outer loop
      vertex   -1.860982e+01 3.500000e+01 -5.038429e+00
      vertex   -1.860982e+01 3.000000e+01 -5.038429e+00
      vertex   -1.900000e+01 3.000000e+01 -5.000000e+00
    endloop
  endfacet
  facet normal -1.000000e+00 -5.257268e-30 3.062678e-15
    outer loop
      vertex   -1.700000e+01 3.000000e+01 -8.160003e+00
      vertex   -1.700000e+01 3.000000e+01 -7.000000e+00
      vertex   -1.700000e+01 3.206967e+01 -8.160003e+00
    endloop
  endfacet
  facet normal -1.000000e+00 0.000000e+00 3.062678e-15
    outer loop
      vertex   -1.700000e+01 3.206967e+01 -8.160003e+00
      vertex   -1.700000e+01 3.000000e+01 -7.000000e+00
      vertex   -1.700000e+01 4.000000e+01 -7.000000e+00
    endloop
  endfacet
  facet normal -1.000000e+00 4.637877e-16 -1.079956e-16
    outer loop
      vertex   -1.700000e+01 3.206967e+01 -8.160003e+00
      vertex   -1.700000e+01 4.000000e+01 -7.000000e+00
      vertex   -1.700000e+01 3.802073e+01 -1.550000e+01
    endloop
  endfacet
  facet normal -1.000000e+00 -4.558110e-16 1.061382e-16
    outer loop
      vertex   -1.700000e+01 3.802073e+01 -1.550000e+01
      vertex   -1.700000e+01 4.000000e+01 -7.000000e+00
      vertex   -1.700000e+01 4.500000e+01 -1.900000e+01
    endloop
  endfacet
  facet normal -1.000000e+00 -7.164826e-16 -4.136614e-16
    outer loop
      vertex   -1.700000e+01 3.802073e+01 -1.550000e+01
      vertex   -1.700000e+01 4.500000e+01 -1.900000e+01
      vertex   -1.700000e+01 4.004145e+01 -1.900000e+01
    endloop
  endfacet
  facet normal -1.000000e+00 -7.164826e-16 1.308602e-15
    outer loop
      vertex   -1.700000e+01 4.004145e+01 -1.900000e+01
      vertex   -1.700000e+01 4.500000e+01 -1.900000e+01
      vertex   -1.700000e+01 3.900000e+01 -2.500000e+01
    endloop
  endfacet
  facet normal -1.000000e+00 -2.932916e-15 1.693320e-15
    outer loop
      vertex   -1.700000e+01 4.004145e+01 -1.900000e+01
      vertex   -1.700000e+01 3.900000e+01 -2.500000e+01
      vertex   -1.700000e+01 3.802073e+01 -2.250000e+01
    endloop
  endfacet
  facet normal -1.000000e+00 0.000000e+00 2.842171e-15
    outer loop
      vertex   -1.700000e+01 3.802073e+01 -2.250000e+01
      vertex   -1.700000e+01 3.900000e+01 -2.500000e+01
      vertex   -1.700000e+01 3.397927e+01 -2.250000e+01
    endloop
  endfacet
  facet normal -1.000000e+00 0.000000e+00 2.842171e-15
    outer loop
      vertex   -1.700000e+01 3.397927e+01 -2.250000e+01
      vertex   -1.700000e+01 3.900000e+01 -2.500000e+01
      vertex   -1.700000e+01 3.000000e+01 -2.500000e+01
    endloop
  endfacet
  facet normal -1.000000e+00 1.310324e-15 7.565158e-16
    outer loop
      vertex   -1.700000e+01 3.397927e+01 -2.250000e+01
      vertex   -1.700000e+01 3.000000e+01 -2.500000e+01
      vertex   -1.700000e+01 3.195855e+01 -1.900000e+01
    endloop
  endfacet
  facet normal -1.000000e+00 2.512895e-15 3.639670e-16
    outer loop
      vertex   -1.700000e+01 3.195855e+01 -1.900000e+01
      vertex   -1.700000e+01 3.000000e+01 -2.500000e+01
      vertex   -1.700000e+01 3.000000e+01 -1.523891e+01
    endloop
  endfacet
  facet normal -1.000000e+00 -2.432187e-30 -9.445978e-16
    outer loop
      vertex   -1.700000e+01 3.195855e+01 -1.900000e+01
      vertex   -1.700000e+01 3.000000e+01 -1.523891e+01
      vertex   -1.700000e+01 3.206967e+01 -1.523891e+01
    endloop
  endfacet
  facet normal -1.000000e+00 0.000000e+00 0.000000e+00
    outer loop
      vertex   -1.700000e+01 4.000000e+01 -5.000000e+00
      vertex   -1.700000e+01 4.500000e+01 -5.000000e+00
      vertex   -1.700000e+01 4.000000e+01 -7.000000e+00
    endloop
  endfacet
  facet normal -1.000000e+00 -1.015061e-16 2.537653e-16
    outer loop
      vertex   -1.700000e+01 4.000000e+01 -7.000000e+00
      vertex   -1.700000e+01 4.500000e+01 -5.000000e+00
      vertex   -1.700000e+01 4.500000e+01 -1.900000e+01
    endloop
  endfacet
  facet normal -1.000000e+00 1.724333e-15 -9.955440e-16
    outer loop
      vertex   -1.700000e+01 3.195855e+01 -1.900000e+01
      vertex   -1.700000e+01 3.206967e+01 -1.523891e+01
      vertex   -1.700000e+01 3.397927e+01 -1.550000e+01
    endloop
  endfacet
  facet normal -1.000000e+00 1.860446e-15 0.000000e+00
    outer loop
      vertex   -1.700000e+01 3.397927e+01 -1.550000e+01
      vertex   -1.700000e+01 3.206967e+01 -1.523891e+01
      vertex   -1.700000e+01 3.206967e+01 -8.160003e+00
    endloop
  endfacet
  facet normal -1.000000e+00 0.000000e+00 -4.840211e-16
    outer loop
      vertex   -1.700000e+01 3.397927e+01 -1.550000e+01
      vertex   -1.700000e+01 3.206967e+01 -8.160003e+00
      vertex   -1.700000e+01 3.802073e+01 -1.550000e+01
    endloop
  endfacet
  facet normal -9.951847e-01 0.000000e+00 -9.801714e-02
    outer loop
      vertex   -2.175000e+01 3.000000e+01 -3.000000e+00
      vertex   -2.175000e+01 4.000000e+01 -3.000000e+00
      vertex   -2.171157e+01 3.500000e+01 -3.390181e+00
    endloop
  endfacet
  facet normal -9.951847e-01 7.158269e-16 -9.801714e-02
    outer loop
      vertex   -2.171157e+01 3.500000e+01 -3.390181e+00
      vertex   -2.175000e+01 4.000000e+01 -3.000000e+00
      vertex   -2.171157e+01 4.000000e+01 -3.390181e+00
    endloop
  endfacet
  facet normal -9.569403e-01 7.057295e-16 -2.902847e-01
    outer loop
      vertex   -2.171157e+01 3.500000e+01 -3.390181e+00
      vertex   -2.171157e+01 4.000000e+01 -3.390181e+00
      vertex   -2.159776e+01 3.500000e+01 -3.765367e+00
    endloop
  endfacet
  facet normal -9.569403e-01 0.000000e+00 -2.902847e-01
    outer loop
      vertex   -2.159776e+01 3.500000e+01 -3.765367e+00
      vertex   -2.171157e+01 4.000000e+01 -3.390181e+00
      vertex   -2.159776e+01 4.000000e+01 -3.765367e+00
    endloop
  endfacet
  facet normal -8.819213e-01 0.000000e+00 -4.713967e-01
    outer loop
      vertex   -2.159776e+01 3.500000e+01 -3.765367e+00
      vertex   -2.159776e+01 4.000000e+01 -3.765367e+00
      vertex   -2.141294e+01 3.500000e+01 -4.111140e+00
    endloop
  endfacet
  facet normal -8.819213e-01 1.674738e-16 -4.713967e-01
    outer loop
      vertex   -2.141294e+01 3.500000e+01 -4.111140e+00
      vertex   -2.159776e+01 4.000000e+01 -3.765367e+00
      vertex   -2.141294e+01 4.000000e+01 -4.111140e+00
    endloop
  endfacet
  facet normal -7.730105e-01 2.253818e-16 -6.343933e-01
    outer loop
      vertex   -2.141294e+01 3.500000e+01 -4.111140e+00
      vertex   -2.141294e+01 4.000000e+01 -4.111140e+00
      vertex   -2.116421e+01 3.500000e+01 -4.414214e+00
    endloop
  endfacet
  facet normal -7.730105e-01 -1.126909e-16 -6.343933e-01
    outer loop
      vertex   -2.116421e+01 3.500000e+01 -4.414214e+00
      vertex   -2.141294e+01 4.000000e+01 -4.111140e+00
      vertex   -2.116421e+01 4.000000e+01 -4.414214e+00
    endloop
  endfacet
  facet normal -6.343933e-01 -1.373142e-16 -7.730105e-01
    outer loop
      vertex   -2.116421e+01 3.500000e+01 -4.414214e+00
      vertex   -2.116421e+01 4.000000e+01 -4.414214e+00
      vertex   -2.086114e+01 3.500000e+01 -4.662939e+00
    endloop
  endfacet
  facet normal -6.343933e-01 -1.373142e-16 -7.730105e-01
    outer loop
      vertex   -2.086114e+01 3.500000e+01 -4.662939e+00
      vertex   -2.116421e+01 4.000000e+01 -4.414214e+00
      vertex   -2.086114e+01 4.000000e+01 -4.662939e+00
    endloop
  endfacet
  facet normal -4.713967e-01 -1.566607e-16 -8.819213e-01
    outer loop
      vertex   -2.086114e+01 3.500000e+01 -4.662939e+00
      vertex   -2.086114e+01 4.000000e+01 -4.662939e+00
      vertex   -2.051537e+01 3.500000e+01 -4.847759e+00
    endloop
  endfacet
  facet normal -4.713967e-01 0.000000e+00 -8.819213e-01
    outer loop
      vertex   -2.051537e+01 3.500000e+01 -4.847759e+00
      vertex   -2.086114e+01 4.000000e+01 -4.662939e+00
      vertex   -2.051537e+01 4.000000e+01 -4.847759e+00
    endloop
  endfacet
  facet normal -2.902847e-01 0.000000e+00 -9.569403e-01
    outer loop
      vertex   -2.051537e+01 3.500000e+01 -4.847759e+00
      vertex   -2.051537e+01 4.000000e+01 -4.847759e+00
      vertex   -2.014018e+01 3.500000e+01 -4.961571e+00
    endloop
  endfacet
  facet normal -2.902847e-01 0.000000e+00 -9.569403e-01
    outer loop
      vertex   -2.014018e+01 3.500000e+01 -4.961571e+00
      vertex   -2.051537e+01 4.000000e+01 -4.847759e+00
      vertex   -2.014018e+01 4.000000e+01 -4.961571e+00
    endloop
  endfacet
  facet normal -9.801714e-02 0.000000e+00 -9.951847e-01
    outer loop
      vertex   -2.014018e+01 3.500000e+01 -4.961571e+00
      vertex   -2.014018e+01 4.000000e+01 -4.961571e+00
      vertex   -1.975000e+01 4.000000e+01 -5.000000e+00
    endloop
  endfacet
  facet normal -9.801714e-02 -0.000000e+00 -9.951847e-01
    outer loop
      vertex   -1.975000e+01 4.000000e+01 -5.000000e+00
      vertex   -1.975000e+01 3.000000e+01 -5.000000e+00
      vertex   -2.014018e+01 3.500000e+01 -4.961571e+00
    endloop
  endfacet
  facet normal -9.801714e-02 -0.000000e+00 -9.951847e-01
    outer loop
      vertex   -2.014018e+01 3.500000e+01 -4.961571e+00
      vertex   -1.975000e+01 3.000000e+01 -5.000000e+00
      vertex   -2.014018e+01 3.000000e+01 -4.961571e+00
    endloop
  endfacet
  facet normal -2.902847e-01 -0.000000e+00 -9.569403e-01
    outer loop
      vertex   -2.014018e+01 3.500000e+01 -4.961571e+00
      vertex   -2.014018e+01 3.000000e+01 -4.961571e+00
      vertex   -2.051537e+01 3.500000e+01 -4.847759e+00
    endloop
  endfacet
  facet normal -2.902847e-01 -0.000000e+00 -9.569403e-01
    outer loop
      vertex   -2.051537e+01 3.500000e+01 -4.847759e+00
      vertex   -2.014018e+01 3.000000e+01 -4.961571e+00
      vertex   -2.051537e+01 3.000000e+01 -4.847759e+00
    endloop
  endfacet
  facet normal -4.713967e-01 -0.000000e+00 -8.819213e-01
    outer loop
      vertex   -2.051537e+01 3.500000e+01 -4.847759e+00
      vertex   -2.051537e+01 3.000000e+01 -4.847759e+00
      vertex   -2.086114e+01 3.500000e+01 -4.662939e+00
    endloop
  endfacet
  facet normal -4.713967e-01 1.566607e-16 -8.819213e-01
    outer loop
      vertex   -2.086114e+01 3.500000e+01 -4.662939e+00
      vertex   -2.051537e+01 3.000000e+01 -4.847759e+00
      vertex   -2.086114e+01 3.000000e+01 -4.662939e+00
    endloop
  endfacet
  facet normal -6.343933e-01 1.373142e-16 -7.730105e-01
    outer loop
      vertex   -2.086114e+01 3.500000e+01 -4.662939e+00
      vertex   -2.086114e+01 3.000000e+01 -4.662939e+00
      vertex   -2.116421e+01 3.500000e+01 -4.414214e+00
    endloop
  endfacet
  facet normal -6.343933e-01 1.373142e-16 -7.730105e-01
    outer loop
      vertex   -2.116421e+01 3.500000e+01 -4.414214e+00
      vertex   -2.086114e+01 3.000000e+01 -4.662939e+00
      vertex   -2.116421e+01 3.000000e+01 -4.414214e+00
    endloop
  endfacet
  facet normal -7.730105e-01 1.126909e-16 -6.343933e-01
    outer loop
      vertex   -2.116421e+01 3.500000e+01 -4.414214e+00
      vertex   -2.116421e+01 3.000000e+01 -4.414214e+00
      vertex   -2.141294e+01 3.500000e+01 -4.111140e+00
    endloop
  endfacet
  facet normal -7.730105e-01 -2.253818e-16 -6.343933e-01
    outer loop
      vertex   -2.141294e+01 3.500000e+01 -4.111140e+00
      vertex   -2.116421e+01 3.000000e+01 -4.414214e+00
      vertex   -2.141294e+01 3.000000e+01 -4.111140e+00
    endloop
  endfacet
  facet normal -8.819213e-01 -1.674738e-16 -4.713967e-01
    outer loop
      vertex   -2.141294e+01 3.500000e+01 -4.111140e+00
      vertex   -2.141294e+01 3.000000e+01 -4.111140e+00
      vertex   -2.159776e+01 3.500000e+01 -3.765367e+00
    endloop
  endfacet
  facet normal -8.819213e-01 -0.000000e+00 -4.713967e-01
    outer loop
      vertex   -2.159776e+01 3.500000e+01 -3.765367e+00
      vertex   -2.141294e+01 3.000000e+01 -4.111140e+00
      vertex   -2.159776e+01 3.000000e+01 -3.765367e+00
    endloop
  endfacet
  facet normal -9.569403e-01 -0.000000e+00 -2.902847e-01
    outer loop
      vertex   -2.159776e+01 3.500000e+01 -3.765367e+00
      vertex   -2.159776e+01 3.000000e+01 -3.765367e+00
      vertex   -2.171157e+01 3.500000e+01 -3.390181e+00
    endloop
  endfacet
  facet normal -9.569403e-01 -7.057295e-16 -2.902847e-01
    outer loop
      vertex   -2.171157e+01 3.500000e+01 -3.390181e+00
      vertex   -2.159776e+01 3.000000e+01 -3.765367e+00
      vertex   -2.171157e+01 3.000000e+01 -3.390181e+00
    endloop
  endfacet
  facet normal -9.951847e-01 -7.158269e-16 -9.801714e-02
    outer loop
      vertex   -2.171157e+01 3.500000e+01 -3.390181e+00
      vertex   -2.171157e+01 3.000000e+01 -3.390181e+00
      vertex   -2.175000e+01 3.000000e+01 -3.000000e+00
    endloop
  endfacet
  facet normal -1.000000e+00 -0.000000e+00 -0.000000e+00
    outer loop
      vertex   -2.175000e+01 4.000000e+01 4.500000e+00
      vertex   -2.175000e+01 4.000000e+01 -3.000000e+00
      vertex   -2.175000e+01 3.000000e+01 4.500000e+00
    endloop
  endfacet
  facet normal -1.000000e+00 0.000000e+00 0.000000e+00
    outer loop
      vertex   -2.175000e+01 3.000000e+01 4.500000e+00
      vertex   -2.175000e+01 4.000000e+01 -3.000000e+00
      vertex   -2.175000e+01 3.000000e+01 -3.000000e+00
    endloop
  endfacet
  facet normal 9.951847e-01 -8.705671e-18 -9.801714e-02
    outer loop
      vertex   1.700000e+01 3.000000e+01 -7.000000e+00
      vertex   1.700000e+01 4.000000e+01 -7.000000e+00
      vertex   1.703843e+01 3.500000e+01 -6.609819e+00
    endloop
  endfacet
  facet normal 9.951847e-01 -1.741134e-17 -9.801714e-02
    outer loop
      vertex   1.703843e+01 3.500000e+01 -6.609819e+00
      vertex   1.700000e+01 4.000000e+01 -7.000000e+00
      vertex   1.703843e+01 4.000000e+01 -6.609819e+00
    endloop
  endfacet
  facet normal 9.569403e-01 -5.156492e-17 -2.902847e-01
    outer loop
      vertex   1.703843e+01 3.500000e+01 -6.609819e+00
      vertex   1.703843e+01 4.000000e+01 -6.609819e+00
      vertex   1.715224e+01 3.500000e+01 -6.234633e+00
    endloop
  endfacet
  facet normal 9.569403e-01 0.000000e+00 -2.902847e-01
    outer loop
      vertex   1.715224e+01 3.500000e+01 -6.234633e+00
      vertex   1.703843e+01 4.000000e+01 -6.609819e+00
      vertex   1.715224e+01 4.000000e+01 -6.234633e+00
    endloop
  endfacet
  facet normal 8.819213e-01 0.000000e+00 -4.713967e-01
    outer loop
      vertex   1.715224e+01 3.500000e+01 -6.234633e+00
      vertex   1.715224e+01 4.000000e+01 -6.234633e+00
      vertex   1.733706e+01 3.500000e+01 -5.888860e+00
    endloop
  endfacet
  facet normal 8.819213e-01 0.000000e+00 -4.713967e-01
    outer loop
      vertex   1.733706e+01 3.500000e+01 -5.888860e+00
      vertex   1.715224e+01 4.000000e+01 -6.234633e+00
      vertex   1.733706e+01 4.000000e+01 -5.888860e+00
    endloop
  endfacet
  facet normal 7.730105e-01 0.000000e+00 -6.343933e-01
    outer loop
      vertex   1.733706e+01 3.500000e+01 -5.888860e+00
      vertex   1.733706e+01 4.000000e+01 -5.888860e+00
      vertex   1.758579e+01 3.500000e+01 -5.585786e+00
    endloop
  endfacet
  facet normal 7.730105e-01 -1.126909e-16 -6.343933e-01
    outer loop
      vertex   1.758579e+01 3.500000e+01 -5.585786e+00
      vertex   1.733706e+01 4.000000e+01 -5.888860e+00
      vertex   1.758579e+01 4.000000e+01 -5.585786e+00
    endloop
  endfacet
  facet normal 6.343933e-01 -1.373142e-16 -7.730105e-01
    outer loop
      vertex   1.758579e+01 3.500000e+01 -5.585786e+00
      vertex   1.758579e+01 4.000000e+01 -5.585786e+00
      vertex   1.788886e+01 3.500000e+01 -5.337061e+00
    endloop
  endfacet
  facet normal 6.343933e-01 0.000000e+00 -7.730105e-01
    outer loop
      vertex   1.788886e+01 3.500000e+01 -5.337061e+00
      vertex   1.758579e+01 4.000000e+01 -5.585786e+00
      vertex   1.788886e+01 4.000000e+01 -5.337061e+00
    endloop
  endfacet
  facet normal 4.713967e-01 0.000000e+00 -8.819213e-01
    outer loop
      vertex   1.788886e+01 3.500000e+01 -5.337061e+00
      vertex   1.788886e+01 4.000000e+01 -5.337061e+00
      vertex   1.823463e+01 3.500000e+01 -5.152241e+00
    endloop
  endfacet
  facet normal 4.713967e-01 0.000000e+00 -8.819213e-01
    outer loop
      vertex   1.823463e+01 3.500000e+01 -5.152241e+00
      vertex   1.788886e+01 4.000000e+01 -5.337061e+00
      vertex   1.823463e+01 4.000000e+01 -5.152241e+00
    endloop
  endfacet
  facet normal 2.902847e-01 0.000000e+00 -9.569403e-01
    outer loop
      vertex   1.823463e+01 3.500000e+01 -5.152241e+00
      vertex   1.823463e+01 4.000000e+01 -5.152241e+00
      vertex   1.860982e+01 3.500000e+01 -5.038429e+00
    endloop
  endfacet
  facet normal 2.902847e-01 0.000000e+00 -9.569403e-01
    outer loop
      vertex   1.860982e+01 3.500000e+01 -5.038429e+00
      vertex   1.823463e+01 4.000000e+01 -5.152241e+00
      vertex   1.860982e+01 4.000000e+01 -5.038429e+00
    endloop
  endfacet
  facet normal 9.801714e-02 0.000000e+00 -9.951847e-01
    outer loop
      vertex   1.860982e+01 3.500000e+01 -5.038429e+00
      vertex   1.860982e+01 4.000000e+01 -5.038429e+00
      vertex   1.900000e+01 4.000000e+01 -5.000000e+00
    endloop
  endfacet
  facet normal 9.801714e-02 0.000000e+00 -9.951847e-01
    outer loop
      vertex   1.900000e+01 4.000000e+01 -5.000000e+00
      vertex   1.900000e+01 3.000000e+01 -5.000000e+00
      vertex   1.860982e+01 3.500000e+01 -5.038429e+00
    endloop
  endfacet
  facet normal 9.801714e-02 0.000000e+00 -9.951847e-01
    outer loop
      vertex   1.860982e+01 3.500000e+01 -5.038429e+00
      vertex   1.900000e+01 3.000000e+01 -5.000000e+00
      vertex   1.860982e+01 3.000000e+01 -5.038429e+00
    endloop
  endfacet
  facet normal 2.902847e-01 0.000000e+00 -9.569403e-01
    outer loop
      vertex   1.860982e+01 3.500000e+01 -5.038429e+00
      vertex   1.860982e+01 3.000000e+01 -5.038429e+00
      vertex   1.823463e+01 3.500000e+01 -5.152241e+00
    endloop
  endfacet
  facet normal 2.902847e-01 0.000000e+00 -9.569403e-01
    outer loop
      vertex   1.823463e+01 3.500000e+01 -5.152241e+00
      vertex   1.860982e+01 3.000000e+01 -5.038429e+00
      vertex   1.823463e+01 3.000000e+01 -5.152241e+00
    endloop
  endfacet
  facet normal 4.713967e-01 0.000000e+00 -8.819213e-01
    outer loop
      vertex   1.823463e+01 3.500000e+01 -5.152241e+00
      vertex   1.823463e+01 3.000000e+01 -5.152241e+00
      vertex   1.788886e+01 3.500000e+01 -5.337061e+00
    endloop
  endfacet
  facet normal 4.713967e-01 1.566607e-16 -8.819213e-01
    outer loop
      vertex   1.788886e+01 3.500000e+01 -5.337061e+00
      vertex   1.823463e+01 3.000000e+01 -5.152241e+00
      vertex   1.788886e+01 3.000000e+01 -5.337061e+00
    endloop
  endfacet
  facet normal 6.343933e-01 1.373142e-16 -7.730105e-01
    outer loop
      vertex   1.788886e+01 3.500000e+01 -5.337061e+00
      vertex   1.788886e+01 3.000000e+01 -5.337061e+00
      vertex   1.758579e+01 3.500000e+01 -5.585786e+00
    endloop
  endfacet
  facet normal 6.343933e-01 0.000000e+00 -7.730105e-01
    outer loop
      vertex   1.758579e+01 3.500000e+01 -5.585786e+00
      vertex   1.788886e+01 3.000000e+01 -5.337061e+00
      vertex   1.758579e+01 3.000000e+01 -5.585786e+00
    endloop
  endfacet
  facet normal 7.730105e-01 0.000000e+00 -6.343933e-01
    outer loop
      vertex   1.758579e+01 3.500000e+01 -5.585786e+00
      vertex   1.758579e+01 3.000000e+01 -5.585786e+00
      vertex   1.733706e+01 3.500000e+01 -5.888860e+00
    endloop
  endfacet
  facet normal 7.730105e-01 0.000000e+00 -6.343933e-01
    outer loop
      vertex   1.733706e+01 3.500000e+01 -5.888860e+00
      vertex   1.758579e+01 3.000000e+01 -5.585786e+00
      vertex   1.733706e+01 3.000000e+01 -5.888860e+00
    endloop
  endfacet
  facet normal 8.819213e-01 0.000000e+00 -4.713967e-01
    outer loop
      vertex   1.733706e+01 3.500000e+01 -5.888860e+00
      vertex   1.733706e+01 3.000000e+01 -5.888860e+00
      vertex   1.715224e+01 3.500000e+01 -6.234633e+00
    endloop
  endfacet
  facet normal 8.819213e-01 6.266427e-16 -4.713967e-01
    outer loop
      vertex   1.715224e+01 3.500000e+01 -6.234633e+00
      vertex   1.733706e+01 3.000000e+01 -5.888860e+00
      vertex   1.715224e+01 3.000000e+01 -6.234633e+00
    endloop
  endfacet
  facet normal 9.569403e-01 6.799470e-16 -2.902847e-01
    outer loop
      vertex   1.715224e+01 3.500000e+01 -6.234633e+00
      vertex   1.715224e+01 3.000000e+01 -6.234633e+00
      vertex   1.703843e+01 3.500000e+01 -6.609819e+00
    endloop
  endfacet
  facet normal 9.569403e-01 -1.031298e-16 -2.902847e-01
    outer loop
      vertex   1.703843e+01 3.500000e+01 -6.609819e+00
      vertex   1.715224e+01 3.000000e+01 -6.234633e+00
      vertex   1.703843e+01 3.000000e+01 -6.609819e+00
    endloop
  endfacet
  facet normal 9.951847e-01 -3.482268e-17 -9.801714e-02
    outer loop
      vertex   1.703843e+01 3.500000e+01 -6.609819e+00
      vertex   1.703843e+01 3.000000e+01 -6.609819e+00
      vertex   1.700000e+01 3.000000e+01 -7.000000e+00
    endloop
  endfacet
  facet normal 0.000000e+00 0.000000e+00 -1.000000e+00
    outer loop
      vertex   1.900000e+01 4.000000e+01 -5.000000e+00
      vertex   1.950000e+01 4.000000e+01 -5.000000e+00
      vertex   1.900000e+01 3.000000e+01 -5.000000e+00
    endloop
  endfacet
  facet normal 0.000000e+00 0.000000e+00 -1.000000e+00
    outer loop
      vertex   1.900000e+01 3.000000e+01 -5.000000e+00
      vertex   1.950000e+01 4.000000e+01 -5.000000e+00
      vertex   1.950000e+01 3.000000e+01 -5.000000e+00
    endloop
  endfacet
  facet normal 9.801713e-02 0.000000e+00 -9.951847e-01
    outer loop
      vertex   1.950000e+01 3.000000e+01 -5.000000e+00
      vertex   1.950000e+01 4.000000e+01 -5.000000e+00
      vertex   1.989018e+01 3.500000e+01 -4.961571e+00
    endloop
  endfacet
  facet normal 9.801713e-02 0.000000e+00 -9.951847e-01
    outer loop
      vertex   1.989018e+01 3.500000e+01 -4.961571e+00
      vertex   1.950000e+01 4.000000e+01 -5.000000e+00
      vertex   1.989018e+01 4.000000e+01 -4.961571e+00
    endloop
  endfacet
  facet normal 2.902846e-01 0.000000e+00 -9.569403e-01
    outer loop
      vertex   1.989018e+01 3.500000e+01 -4.961571e+00
      vertex   1.989018e+01 4.000000e+01 -4.961571e+00
      vertex   2.026537e+01 3.500000e+01 -4.847759e+00
    endloop
  endfacet
  facet normal 2.902846e-01 -1.699868e-16 -9.569403e-01
    outer loop
      vertex   2.026537e+01 3.500000e+01 -4.847759e+00
      vertex   1.989018e+01 4.000000e+01 -4.961571e+00
      vertex   2.026537e+01 4.000000e+01 -4.847759e+00
    endloop
  endfacet
  facet normal 4.713967e-01 -1.566607e-16 -8.819213e-01
    outer loop
      vertex   2.026537e+01 3.500000e+01 -4.847759e+00
      vertex   2.026537e+01 4.000000e+01 -4.847759e+00
      vertex   2.061114e+01 3.500000e+01 -4.662939e+00
    endloop
  endfacet
  facet normal 4.713967e-01 0.000000e+00 -8.819213e-01
    outer loop
      vertex   2.061114e+01 3.500000e+01 -4.662939e+00
      vertex   2.026537e+01 4.000000e+01 -4.847759e+00
      vertex   2.061114e+01 4.000000e+01 -4.662939e+00
    endloop
  endfacet
  facet normal 6.343932e-01 0.000000e+00 -7.730105e-01
    outer loop
      vertex   2.061114e+01 3.500000e+01 -4.662939e+00
      vertex   2.061114e+01 4.000000e+01 -4.662939e+00
      vertex   2.091421e+01 3.500000e+01 -4.414214e+00
    endloop
  endfacet
  facet normal 6.343932e-01 -1.373142e-16 -7.730105e-01
    outer loop
      vertex   2.091421e+01 3.500000e+01 -4.414214e+00
      vertex   2.061114e+01 4.000000e+01 -4.662939e+00
      vertex   2.091421e+01 4.000000e+01 -4.414214e+00
    endloop
  endfacet
  facet normal 7.730104e-01 -1.126909e-16 -6.343934e-01
    outer loop
      vertex   2.091421e+01 3.500000e+01 -4.414214e+00
      vertex   2.091421e+01 4.000000e+01 -4.414214e+00
      vertex   2.116294e+01 3.500000e+01 -4.111141e+00
    endloop
  endfacet
  facet normal 7.730104e-01 0.000000e+00 -6.343934e-01
    outer loop
      vertex   2.116294e+01 3.500000e+01 -4.111141e+00
      vertex   2.091421e+01 4.000000e+01 -4.414214e+00
      vertex   2.116294e+01 4.000000e+01 -4.111141e+00
    endloop
  endfacet
  facet normal 8.819212e-01 0.000000e+00 -4.713968e-01
    outer loop
      vertex   2.116294e+01 3.500000e+01 -4.111141e+00
      vertex   2.116294e+01 4.000000e+01 -4.111141e+00
      vertex   2.134776e+01 3.500000e+01 -3.765367e+00
    endloop
  endfacet
  facet normal 8.819212e-01 4.186845e-17 -4.713968e-01
    outer loop
      vertex   2.134776e+01 3.500000e+01 -3.765367e+00
      vertex   2.116294e+01 4.000000e+01 -4.111141e+00
      vertex   2.134776e+01 4.000000e+01 -3.765367e+00
    endloop
  endfacet
  facet normal 9.569403e-01 2.578247e-17 -2.902848e-01
    outer loop
      vertex   2.134776e+01 3.500000e+01 -3.765367e+00
      vertex   2.134776e+01 4.000000e+01 -3.765367e+00
      vertex   2.146157e+01 3.500000e+01 -3.390181e+00
    endloop
  endfacet
  facet normal 9.569403e-01 7.057294e-16 -2.902848e-01
    outer loop
      vertex   2.146157e+01 3.500000e+01 -3.390181e+00
      vertex   2.134776e+01 4.000000e+01 -3.765367e+00
      vertex   2.146157e+01 4.000000e+01 -3.390181e+00
    endloop
  endfacet
  facet normal 9.951847e-01 7.158270e-16 -9.801730e-02
    outer loop
      vertex   2.146157e+01 3.500000e+01 -3.390181e+00
      vertex   2.146157e+01 4.000000e+01 -3.390181e+00
      vertex   2.150000e+01 4.000000e+01 -3.000000e+00
    endloop
  endfacet
  facet normal 9.951847e-01 0.000000e+00 -9.801730e-02
    outer loop
      vertex   2.150000e+01 4.000000e+01 -3.000000e+00
      vertex   2.150000e+01 3.000000e+01 -3.000000e+00
      vertex   2.146157e+01 3.500000e+01 -3.390181e+00
    endloop
  endfacet
  facet normal 9.951847e-01 -7.158270e-16 -9.801730e-02
    outer loop
      vertex   2.146157e+01 3.500000e+01 -3.390181e+00
      vertex   2.150000e+01 3.000000e+01 -3.000000e+00
      vertex   2.146157e+01 3.000000e+01 -3.390181e+00
    endloop
  endfacet
  facet normal 9.569403e-01 -7.057294e-16 -2.902848e-01
    outer loop
      vertex   2.146157e+01 3.500000e+01 -3.390181e+00
      vertex   2.146157e+01 3.000000e+01 -3.390181e+00
      vertex   2.134776e+01 3.500000e+01 -3.765367e+00
    endloop
  endfacet
  facet normal 9.569403e-01 -2.578247e-17 -2.902848e-01
    outer loop
      vertex   2.134776e+01 3.500000e+01 -3.765367e+00
      vertex   2.146157e+01 3.000000e+01 -3.390181e+00
      vertex   2.134776e+01 3.000000e+01 -3.765367e+00
    endloop
  endfacet
  facet normal 8.819212e-01 -4.186845e-17 -4.713968e-01
    outer loop
      vertex   2.134776e+01 3.500000e+01 -3.765367e+00
      vertex   2.134776e+01 3.000000e+01 -3.765367e+00
      vertex   2.116294e+01 3.500000e+01 -4.111141e+00
    endloop
  endfacet
  facet normal 8.819212e-01 0.000000e+00 -4.713968e-01
    outer loop
      vertex   2.116294e+01 3.500000e+01 -4.111141e+00
      vertex   2.134776e+01 3.000000e+01 -3.765367e+00
      vertex   2.116294e+01 3.000000e+01 -4.111141e+00
    endloop
  endfacet
  facet normal 7.730104e-01 0.000000e+00 -6.343934e-01
    outer loop
      vertex   2.116294e+01 3.500000e+01 -4.111141e+00
      vertex   2.116294e+01 3.000000e+01 -4.111141e+00
      vertex   2.091421e+01 3.500000e+01 -4.414214e+00
    endloop
  endfacet
  facet normal 7.730104e-01 2.253818e-16 -6.343934e-01
    outer loop
      vertex   2.091421e+01 3.500000e+01 -4.414214e+00
      vertex   2.116294e+01 3.000000e+01 -4.111141e+00
      vertex   2.091421e+01 3.000000e+01 -4.414214e+00
    endloop
  endfacet
  facet normal 6.343932e-01 2.746285e-16 -7.730105e-01
    outer loop
      vertex   2.091421e+01 3.500000e+01 -4.414214e+00
      vertex   2.091421e+01 3.000000e+01 -4.414214e+00
      vertex   2.061114e+01 3.500000e+01 -4.662939e+00
    endloop
  endfacet
  facet normal 6.343932e-01 0.000000e+00 -7.730105e-01
    outer loop
      vertex   2.061114e+01 3.500000e+01 -4.662939e+00
      vertex   2.091421e+01 3.000000e+01 -4.414214e+00
      vertex   2.061114e+01 3.000000e+01 -4.662939e+00
    endloop
  endfacet
  facet normal 4.713967e-01 0.000000e+00 -8.819213e-01
    outer loop
      vertex   2.061114e+01 3.500000e+01 -4.662939e+00
      vertex   2.061114e+01 3.000000e+01 -4.662939e+00
      vertex   2.026537e+01 3.500000e+01 -4.847759e+00
    endloop
  endfacet
  facet normal 4.713967e-01 1.566607e-16 -8.819213e-01
    outer loop
      vertex   2.026537e+01 3.500000e+01 -4.847759e+00
      vertex   2.061114e+01 3.000000e+01 -4.662939e+00
      vertex   2.026537e+01 3.000000e+01 -4.847759e+00
    endloop
  endfacet
  facet normal 2.902846e-01 1.699868e-16 -9.569403e-01
    outer loop
      vertex   2.026537e+01 3.500000e+01 -4.847759e+00
      vertex   2.026537e+01 3.000000e+01 -4.847759e+00
      vertex   1.989018e+01 3.500000e+01 -4.961571e+00
    endloop
  endfacet
  facet normal 2.902846e-01 0.000000e+00 -9.569403e-01
    outer loop
      vertex   1.989018e+01 3.500000e+01 -4.961571e+00
      vertex   2.026537e+01 3.000000e+01 -4.847759e+00
      vertex   1.989018e+01 3.000000e+01 -4.961571e+00
    endloop
  endfacet
  facet normal 9.801713e-02 0.000000e+00 -9.951847e-01
    outer loop
      vertex   1.989018e+01 3.500000e+01 -4.961571e+00
      vertex   1.989018e+01 3.000000e+01 -4.961571e+00
      vertex   1.950000e+01 3.000000e+01 -5.000000e+00
    endloop
  endfacet
  facet normal -9.801714e-02 0.000000e+00 9.951847e-01
    outer loop
      vertex   -1.700000e+01 3.000000e+01 1.900000e+01
      vertex   -1.700000e+01 3.200000e+01 1.900000e+01
      vertex   -1.739018e+01 3.000000e+01 1.896157e+01
    endloop
  endfacet
  facet normal -9.801714e-02 0.000000e+00 9.951847e-01
    outer loop
      vertex   -1.739018e+01 3.000000e+01 1.896157e+01
      vertex   -1.700000e+01 3.200000e+01 1.900000e+01
      vertex   -1.739018e+01 3.200000e+01 1.896157e+01
    endloop
  endfacet
  facet normal -2.902847e-01 0.000000e+00 9.569403e-01
    outer loop
      vertex   -1.739018e+01 3.000000e+01 1.896157e+01
      vertex   -1.739018e+01 3.200000e+01 1.896157e+01
      vertex   -1.776537e+01 3.000000e+01 1.884776e+01
    endloop
  endfacet
  facet normal -2.902847e-01 0.000000e+00 9.569403e-01
    outer loop
      vertex   -1.776537e+01 3.000000e+01 1.884776e+01
      vertex   -1.739018e+01 3.200000e+01 1.896157e+01
      vertex   -1.776537e+01 3.200000e+01 1.884776e+01
    endloop
  endfacet
  facet normal -4.713967e-01 0.000000e+00 8.819213e-01
    outer loop
      vertex   -1.776537e+01 3.000000e+01 1.884776e+01
      vertex   -1.776537e+01 3.200000e+01 1.884776e+01
      vertex   -1.811114e+01 3.000000e+01 1.866294e+01
    endloop
  endfacet
  facet normal -4.713967e-01 0.000000e+00 8.819213e-01
    outer loop
      vertex   -1.811114e+01 3.000000e+01 1.866294e+01
      vertex   -1.776537e+01 3.200000e+01 1.884776e+01
      vertex   -1.811114e+01 3.200000e+01 1.866294e+01
    endloop
  endfacet
  facet normal -6.343933e-01 0.000000e+00 7.730105e-01
    outer loop
      vertex   -1.811114e+01 3.000000e+01 1.866294e+01
      vertex   -1.811114e+01 3.200000e+01 1.866294e+01
      vertex   -1.841421e+01 3.000000e+01 1.841421e+01
    endloop
  endfacet
  facet normal -6.343933e-01 0.000000e+00 7.730105e-01
    outer loop
      vertex   -1.841421e+01 3.000000e+01 1.841421e+01
      vertex   -1.811114e+01 3.200000e+01 1.866294e+01
      vertex   -1.841421e+01 3.200000e+01 1.841421e+01
    endloop
  endfacet
  facet normal -7.730105e-01 0.000000e+00 6.343933e-01
    outer loop
      vertex   -1.841421e+01 3.000000e+01 1.841421e+01
      vertex   -1.841421e+01 3.200000e+01 1.841421e+01
      vertex   -1.866294e+01 3.000000e+01 1.811114e+01
    endloop
  endfacet
  facet normal -7.730105e-01 0.000000e+00 6.343933e-01
    outer loop
      vertex   -1.866294e+01 3.000000e+01 1.811114e+01
      vertex   -1.841421e+01 3.200000e+01 1.841421e+01
      vertex   -1.866294e+01 3.200000e+01 1.811114e+01
    endloop
  endfacet
  facet normal -8.819213e-01 0.000000e+00 4.713967e-01
    outer loop
      vertex   -1.866294e+01 3.000000e+01 1.811114e+01
      vertex   -1.866294e+01 3.200000e+01 1.811114e+01
      vertex   -1.884776e+01 3.000000e+01 1.776537e+01
    endloop
  endfacet
  facet normal -8.819213e-01 0.000000e+00 4.713967e-01
    outer loop
      vertex   -1.884776e+01 3.000000e+01 1.776537e+01
      vertex   -1.866294e+01 3.200000e+01 1.811114e+01
      vertex   -1.884776e+01 3.200000e+01 1.776537e+01
    endloop
  endfacet
  facet normal -9.569403e-01 0.000000e+00 2.902847e-01
    outer loop
      vertex   -1.884776e+01 3.000000e+01 1.776537e+01
      vertex   -1.884776e+01 3.200000e+01 1.776537e+01
      vertex   -1.896157e+01 3.000000e+01 1.739018e+01
    endloop
  endfacet
  facet normal -9.569403e-01 0.000000e+00 2.902847e-01
    outer loop
      vertex   -1.896157e+01 3.000000e+01 1.739018e+01
      vertex   -1.884776e+01 3.200000e+01 1.776537e+01
      vertex   -1.896157e+01 3.200000e+01 1.739018e+01
    endloop
  endfacet
  facet normal -9.951847e-01 0.000000e+00 9.801714e-02
    outer loop
      vertex   -1.896157e+01 3.000000e+01 1.739018e+01
      vertex   -1.896157e+01 3.200000e+01 1.739018e+01
      vertex   -1.900000e+01 3.000000e+01 1.700000e+01
    endloop
  endfacet
  facet normal -9.951847e-01 0.000000e+00 9.801714e-02
    outer loop
      vertex   -1.900000e+01 3.000000e+01 1.700000e+01
      vertex   -1.896157e+01 3.200000e+01 1.739018e+01
      vertex   -1.900000e+01 3.200000e+01 1.700000e+01
    endloop
  endfacet
  facet normal 0.000000e+00 0.000000e+00 1.000000e+00
    outer loop
      vertex   -1.700000e+01 3.000000e+01 1.900000e+01
      vertex   6.000000e+00 3.000000e+01 1.900000e+01
      vertex   -1.700000e+01 3.200000e+01 1.900000e+01
    endloop
  endfacet
  facet normal -0.000000e+00 0.000000e+00 1.000000e+00
    outer loop
      vertex   -1.700000e+01 3.200000e+01 1.900000e+01
      vertex   6.000000e+00 3.000000e+01 1.900000e+01
      vertex   6.000000e+00 3.200000e+01 1.900000e+01
    endloop
  endfacet
  facet normal 9.801714e-02 8.705671e-17 9.951847e-01
    outer loop
      vertex   1.000000e+01 3.000000e+01 5.000000e+00
      vertex   1.000000e+01 3.200000e+01 5.000000e+00
      vertex   9.609819e+00 3.000000e+01 5.038429e+00
    endloop
  endfacet
  facet normal 9.801714e-02 -4.419508e-16 9.951847e-01
    outer loop
      vertex   9.609819e+00 3.000000e+01 5.038429e+00
      vertex   1.000000e+01 3.200000e+01 5.000000e+00
      vertex   9.609819e+00 3.200000e+01 5.038429e+00
    endloop
  endfacet
  facet normal 2.902847e-01 -4.249669e-16 9.569403e-01
    outer loop
      vertex   9.609819e+00 3.000000e+01 5.038429e+00
      vertex   9.609819e+00 3.200000e+01 5.038429e+00
      vertex   9.234633e+00 3.000000e+01 5.152241e+00
    endloop
  endfacet
  facet normal 2.902847e-01 -5.921092e-16 9.569403e-01
    outer loop
      vertex   9.234633e+00 3.000000e+01 5.152241e+00
      vertex   9.609819e+00 3.200000e+01 5.038429e+00
      vertex   9.234633e+00 3.200000e+01 5.152241e+00
    endloop
  endfacet
  facet normal 4.713967e-01 -3.646190e-16 8.819213e-01
    outer loop
      vertex   9.234633e+00 3.000000e+01 5.152241e+00
      vertex   9.234633e+00 3.200000e+01 5.152241e+00
      vertex   8.888860e+00 3.000000e+01 5.337061e+00
    endloop
  endfacet
  facet normal 4.713967e-01 8.103361e-16 8.819213e-01
    outer loop
      vertex   8.888860e+00 3.000000e+01 5.337061e+00
      vertex   9.234633e+00 3.200000e+01 5.152241e+00
      vertex   8.888860e+00 3.200000e+01 5.337061e+00
    endloop
  endfacet
  facet normal 6.343933e-01 9.067400e-16 7.730105e-01
    outer loop
      vertex   8.888860e+00 3.000000e+01 5.337061e+00
      vertex   8.888860e+00 3.200000e+01 5.337061e+00
      vertex   8.585786e+00 3.000000e+01 5.585786e+00
    endloop
  endfacet
  facet normal 6.343933e-01 -3.432856e-16 7.730105e-01
    outer loop
      vertex   8.585786e+00 3.000000e+01 5.585786e+00
      vertex   8.888860e+00 3.200000e+01 5.337061e+00
      vertex   8.585786e+00 3.200000e+01 5.585786e+00
    endloop
  endfacet
  facet normal 7.730105e-01 -2.817272e-16 6.343933e-01
    outer loop
      vertex   8.585786e+00 3.000000e+01 5.585786e+00
      vertex   8.585786e+00 3.200000e+01 5.585786e+00
      vertex   8.337061e+00 3.000000e+01 5.888860e+00
    endloop
  endfacet
  facet normal 7.730105e-01 1.231168e-16 6.343933e-01
    outer loop
      vertex   8.337061e+00 3.000000e+01 5.888860e+00
      vertex   8.585786e+00 3.200000e+01 5.585786e+00
      vertex   8.337061e+00 3.200000e+01 5.888860e+00
    endloop
  endfacet
  facet normal 8.819213e-01 3.646190e-16 4.713967e-01
    outer loop
      vertex   8.337061e+00 3.000000e+01 5.888860e+00
      vertex   8.337061e+00 3.200000e+01 5.888860e+00
      vertex   8.152241e+00 3.000000e+01 6.234633e+00
    endloop
  endfacet
  facet normal 8.819213e-01 3.646190e-16 4.713967e-01
    outer loop
      vertex   8.152241e+00 3.000000e+01 6.234633e+00
      vertex   8.337061e+00 3.200000e+01 5.888860e+00
      vertex   8.152241e+00 3.200000e+01 6.234633e+00
    endloop
  endfacet
  facet normal 9.569403e-01 5.921092e-16 2.902847e-01
    outer loop
      vertex   8.152241e+00 3.000000e+01 6.234633e+00
      vertex   8.152241e+00 3.200000e+01 6.234633e+00
      vertex   8.038429e+00 3.000000e+01 6.609819e+00
    endloop
  endfacet
  facet normal 9.569403e-01 -0.000000e+00 2.902847e-01
    outer loop
      vertex   8.038429e+00 3.000000e+01 6.609819e+00
      vertex   8.152241e+00 3.200000e+01 6.234633e+00
      vertex   8.038429e+00 3.200000e+01 6.609819e+00
    endloop
  endfacet
  facet normal 9.951847e-01 -0.000000e+00 9.801714e-02
    outer loop
      vertex   8.038429e+00 3.000000e+01 6.609819e+00
      vertex   8.038429e+00 3.200000e+01 6.609819e+00
      vertex   8.000000e+00 3.000000e+01 7.000000e+00
    endloop
  endfacet
  facet normal 9.951847e-01 -0.000000e+00 9.801714e-02
    outer loop
      vertex   8.000000e+00 3.000000e+01 7.000000e+00
      vertex   8.038429e+00 3.200000e+01 6.609819e+00
      vertex   8.000000e+00 3.200000e+01 7.000000e+00
    endloop
  endfacet
  facet normal 1.000000e+00 0.000000e+00 -0.000000e+00
    outer loop
      vertex   8.000000e+00 3.200000e+01 7.000000e+00
      vertex   8.000000e+00 3.200000e+01 1.700000e+01
      vertex   8.000000e+00 3.000000e+01 7.000000e+00
    endloop
  endfacet
  facet normal 1.000000e+00 0.000000e+00 0.000000e+00
    outer loop
      vertex   8.000000e+00 3.000000e+01 7.000000e+00
      vertex   8.000000e+00 3.200000e+01 1.700000e+01
      vertex   8.000000e+00 3.000000e+01 1.700000e+01
    endloop
  endfacet
  facet normal 9.951847e-01 -0.000000e+00 9.801714e-02
    outer loop
      vertex   8.000000e+00 3.000000e+01 1.700000e+01
      vertex   8.000000e+00 3.200000e+01 1.700000e+01
      vertex   7.961571e+00 3.000000e+01 1.739018e+01
    endloop
  endfacet
  facet normal 9.951847e-01 -0.000000e+00 9.801714e-02
    outer loop
      vertex   7.961571e+00 3.000000e+01 1.739018e+01
      vertex   8.000000e+00 3.200000e+01 1.700000e+01
      vertex   7.961571e+00 3.200000e+01 1.739018e+01
    endloop
  endfacet
  facet normal 9.569403e-01 -0.000000e+00 2.902847e-01
    outer loop
      vertex   7.961571e+00 3.000000e+01 1.739018e+01
      vertex   7.961571e+00 3.200000e+01 1.739018e+01
      vertex   7.847759e+00 3.000000e+01 1.776537e+01
    endloop
  endfacet
  facet normal 9.569403e-01 -0.000000e+00 2.902847e-01
    outer loop
      vertex   7.847759e+00 3.000000e+01 1.776537e+01
      vertex   7.961571e+00 3.200000e+01 1.739018e+01
      vertex   7.847759e+00 3.200000e+01 1.776537e+01
    endloop
  endfacet
  facet normal 8.819213e-01 -0.000000e+00 4.713967e-01
    outer loop
      vertex   7.847759e+00 3.000000e+01 1.776537e+01
      vertex   7.847759e+00 3.200000e+01 1.776537e+01
      vertex   7.662939e+00 3.000000e+01 1.811114e+01
    endloop
  endfacet
  facet normal 8.819213e-01 -0.000000e+00 4.713967e-01
    outer loop
      vertex   7.662939e+00 3.000000e+01 1.811114e+01
      vertex   7.847759e+00 3.200000e+01 1.776537e+01
      vertex   7.662939e+00 3.200000e+01 1.811114e+01
    endloop
  endfacet
  facet normal 7.730105e-01 -0.000000e+00 6.343933e-01
    outer loop
      vertex   7.662939e+00 3.000000e+01 1.811114e+01
      vertex   7.662939e+00 3.200000e+01 1.811114e+01
      vertex   7.414214e+00 3.000000e+01 1.841421e+01
    endloop
  endfacet
  facet normal 7.730105e-01 -0.000000e+00 6.343933e-01
    outer loop
      vertex   7.414214e+00 3.000000e+01 1.841421e+01
      vertex   7.662939e+00 3.200000e+01 1.811114e+01
      vertex   7.414214e+00 3.200000e+01 1.841421e+01
    endloop
  endfacet
  facet normal 6.343933e-01 -0.000000e+00 7.730105e-01
    outer loop
      vertex   7.414214e+00 3.000000e+01 1.841421e+01
      vertex   7.414214e+00 3.200000e+01 1.841421e+01
      vertex   7.111140e+00 3.000000e+01 1.866294e+01
    endloop
  endfacet
  facet normal 6.343933e-01 -0.000000e+00 7.730105e-01
    outer loop
      vertex   7.111140e+00 3.000000e+01 1.866294e+01
      vertex   7.414214e+00 3.200000e+01 1.841421e+01
      vertex   7.111140e+00 3.200000e+01 1.866294e+01
    endloop
  endfacet
  facet normal 4.713967e-01 -0.000000e+00 8.819213e-01
    outer loop
      vertex   7.111140e+00 3.000000e+01 1.866294e+01
      vertex   7.111140e+00 3.200000e+01 1.866294e+01
      vertex   6.765367e+00 3.000000e+01 1.884776e+01
    endloop
  endfacet
  facet normal 4.713967e-01 -0.000000e+00 8.819213e-01
    outer loop
      vertex   6.765367e+00 3.000000e+01 1.884776e+01
      vertex   7.111140e+00 3.200000e+01 1.866294e+01
      vertex   6.765367e+00 3.200000e+01 1.884776e+01
    endloop
  endfacet
  facet normal 2.902847e-01 -0.000000e+00 9.569403e-01
    outer loop
      vertex   6.765367e+00 3.000000e+01 1.884776e+01
      vertex   6.765367e+00 3.200000e+01 1.884776e+01
      vertex   6.390181e+00 3.000000e+01 1.896157e+01
    endloop
  endfacet
  facet normal 2.902847e-01 -0.000000e+00 9.569403e-01
    outer loop
      vertex   6.390181e+00 3.000000e+01 1.896157e+01
      vertex   6.765367e+00 3.200000e+01 1.884776e+01
      vertex   6.390181e+00 3.200000e+01 1.896157e+01
    endloop
  endfacet
  facet normal 9.801714e-02 -0.000000e+00 9.951847e-01
    outer loop
      vertex   6.390181e+00 3.000000e+01 1.896157e+01
      vertex   6.390181e+00 3.200000e+01 1.896157e+01
      vertex   6.000000e+00 3.000000e+01 1.900000e+01
    endloop
  endfacet
  facet normal 9.801714e-02 -0.000000e+00 9.951847e-01
    outer loop
      vertex   6.000000e+00 3.000000e+01 1.900000e+01
      vertex   6.390181e+00 3.200000e+01 1.896157e+01
      vertex   6.000000e+00 3.200000e+01 1.900000e+01
    endloop
  endfacet
  facet normal 9.937122e-01 0.000000e+00 -1.119645e-01
    outer loop
      vertex   -1.296239e+01 3.200000e+01 1.233378e+01
      vertex   -1.296239e+01 3.000000e+01 1.233378e+01
      vertex   -1.300000e+01 3.200000e+01 1.200000e+01
    endloop
  endfacet
  facet normal 9.937122e-01 0.000000e+00 -1.119645e-01
    outer loop
      vertex   -1.300000e+01 3.200000e+01 1.200000e+01
      vertex   -1.296239e+01 3.000000e+01 1.233378e+01
      vertex   -1.300000e+01 3.000000e+01 1.200000e+01
    endloop
  endfacet
  facet normal 9.937122e-01 0.000000e+00 1.119645e-01
    outer loop
      vertex   -1.300000e+01 3.200000e+01 1.200000e+01
      vertex   -1.300000e+01 3.000000e+01 1.200000e+01
      vertex   -1.296239e+01 3.200000e+01 1.166622e+01
    endloop
  endfacet
  facet normal 9.937122e-01 0.000000e+00 1.119645e-01
    outer loop
      vertex   -1.296239e+01 3.200000e+01 1.166622e+01
      vertex   -1.300000e+01 3.000000e+01 1.200000e+01
      vertex   -1.296239e+01 3.000000e+01 1.166622e+01
    endloop
  endfacet
  facet normal 9.438833e-01 0.000000e+00 3.302791e-01
    outer loop
      vertex   -1.296239e+01 3.200000e+01 1.166622e+01
      vertex   -1.296239e+01 3.000000e+01 1.166622e+01
      vertex   -1.285145e+01 3.200000e+01 1.134917e+01
    endloop
  endfacet
  facet normal 9.438833e-01 0.000000e+00 3.302791e-01
    outer loop
      vertex   -1.285145e+01 3.200000e+01 1.134917e+01
      vertex   -1.296239e+01 3.000000e+01 1.166622e+01
      vertex   -1.285145e+01 3.000000e+01 1.134917e+01
    endloop
  endfacet
  facet normal 8.467242e-01 0.000000e+00 5.320321e-01
    outer loop
      vertex   -1.285145e+01 3.200000e+01 1.134917e+01
      vertex   -1.285145e+01 3.000000e+01 1.134917e+01
      vertex   -1.267275e+01 3.200000e+01 1.106477e+01
    endloop
  endfacet
  facet normal 8.467242e-01 0.000000e+00 5.320321e-01
    outer loop
      vertex   -1.267275e+01 3.200000e+01 1.106477e+01
      vertex   -1.285145e+01 3.000000e+01 1.134917e+01
      vertex   -1.267275e+01 3.000000e+01 1.106477e+01
    endloop
  endfacet
  facet normal 7.071068e-01 0.000000e+00 7.071068e-01
    outer loop
      vertex   -1.267275e+01 3.200000e+01 1.106477e+01
      vertex   -1.267275e+01 3.000000e+01 1.106477e+01
      vertex   -1.243523e+01 3.200000e+01 1.082725e+01
    endloop
  endfacet
  facet normal 7.071068e-01 0.000000e+00 7.071068e-01
    outer loop
      vertex   -1.243523e+01 3.200000e+01 1.082725e+01
      vertex   -1.267275e+01 3.000000e+01 1.106477e+01
      vertex   -1.243523e+01 3.000000e+01 1.082725e+01
    endloop
  endfacet
  facet normal 5.320321e-01 0.000000e+00 8.467242e-01
    outer loop
      vertex   -1.243523e+01 3.200000e+01 1.082725e+01
      vertex   -1.243523e+01 3.000000e+01 1.082725e+01
      vertex   -1.215083e+01 3.200000e+01 1.064855e+01
    endloop
  endfacet
  facet normal 5.320321e-01 0.000000e+00 8.467242e-01
    outer loop
      vertex   -1.215083e+01 3.200000e+01 1.064855e+01
      vertex   -1.243523e+01 3.000000e+01 1.082725e+01
      vertex   -1.215083e+01 3.000000e+01 1.064855e+01
    endloop
  endfacet
  facet normal 3.302791e-01 0.000000e+00 9.438833e-01
    outer loop
      vertex   -1.215083e+01 3.200000e+01 1.064855e+01
      vertex   -1.215083e+01 3.000000e+01 1.064855e+01
      vertex   -1.183378e+01 3.200000e+01 1.053761e+01
    endloop
  endfacet
  facet normal 3.302791e-01 0.000000e+00 9.438833e-01
    outer loop
      vertex   -1.183378e+01 3.200000e+01 1.053761e+01
      vertex   -1.215083e+01 3.000000e+01 1.064855e+01
      vertex   -1.183378e+01 3.000000e+01 1.053761e+01
    endloop
  endfacet
  facet normal 1.119645e-01 0.000000e+00 9.937122e-01
    outer loop
      vertex   -1.183378e+01 3.200000e+01 1.053761e+01
      vertex   -1.183378e+01 3.000000e+01 1.053761e+01
      vertex   -1.150000e+01 3.200000e+01 1.050000e+01
    endloop
  endfacet
  facet normal 1.119645e-01 0.000000e+00 9.937122e-01
    outer loop
      vertex   -1.150000e+01 3.200000e+01 1.050000e+01
      vertex   -1.183378e+01 3.000000e+01 1.053761e+01
      vertex   -1.150000e+01 3.000000e+01 1.050000e+01
    endloop
  endfacet
  facet normal -1.119645e-01 0.000000e+00 9.937122e-01
    outer loop
      vertex   -1.150000e+01 3.200000e+01 1.050000e+01
      vertex   -1.150000e+01 3.000000e+01 1.050000e+01
      vertex   -1.116622e+01 3.200000e+01 1.053761e+01
    endloop
  endfacet
  facet normal -1.119645e-01 0.000000e+00 9.937122e-01
    outer loop
      vertex   -1.116622e+01 3.200000e+01 1.053761e+01
      vertex   -1.150000e+01 3.000000e+01 1.050000e+01
      vertex   -1.116622e+01 3.000000e+01 1.053761e+01
    endloop
  endfacet
  facet normal -3.302791e-01 0.000000e+00 9.438833e-01
    outer loop
      vertex   -1.116622e+01 3.200000e+01 1.053761e+01
      vertex   -1.116622e+01 3.000000e+01 1.053761e+01
      vertex   -1.084917e+01 3.200000e+01 1.064855e+01
    endloop
  endfacet
  facet normal -3.302791e-01 0.000000e+00 9.438833e-01
    outer loop
      vertex   -1.084917e+01 3.200000e+01 1.064855e+01
      vertex   -1.116622e+01 3.000000e+01 1.053761e+01
      vertex   -1.084917e+01 3.000000e+01 1.064855e+01
    endloop
  endfacet
  facet normal -5.320321e-01 0.000000e+00 8.467242e-01
    outer loop
      vertex   -1.084917e+01 3.200000e+01 1.064855e+01
      vertex   -1.084917e+01 3.000000e+01 1.064855e+01
      vertex   -1.056477e+01 3.200000e+01 1.082725e+01
    endloop
  endfacet
  facet normal -5.320321e-01 0.000000e+00 8.467242e-01
    outer loop
      vertex   -1.056477e+01 3.200000e+01 1.082725e+01
      vertex   -1.084917e+01 3.000000e+01 1.064855e+01
      vertex   -1.056477e+01 3.000000e+01 1.082725e+01
    endloop
  endfacet
  facet normal -7.071068e-01 0.000000e+00 7.071068e-01
    outer loop
      vertex   -1.056477e+01 3.200000e+01 1.082725e+01
      vertex   -1.056477e+01 3.000000e+01 1.082725e+01
      vertex   -1.032725e+01 3.200000e+01 1.106477e+01
    endloop
  endfacet
  facet normal -7.071068e-01 0.000000e+00 7.071068e-01
    outer loop
      vertex   -1.032725e+01 3.200000e+01 1.106477e+01
      vertex   -1.056477e+01 3.000000e+01 1.082725e+01
      vertex   -1.032725e+01 3.000000e+01 1.106477e+01
    endloop
  endfacet
  facet normal -8.467242e-01 0.000000e+00 5.320321e-01
    outer loop
      vertex   -1.032725e+01 3.200000e+01 1.106477e+01
      vertex   -1.032725e+01 3.000000e+01 1.106477e+01
      vertex   -1.014855e+01 3.200000e+01 1.134917e+01
    endloop
  endfacet
  facet normal -8.467242e-01 0.000000e+00 5.320321e-01
    outer loop
      vertex   -1.014855e+01 3.200000e+01 1.134917e+01
      vertex   -1.032725e+01 3.000000e+01 1.106477e+01
      vertex   -1.014855e+01 3.000000e+01 1.134917e+01
    endloop
  endfacet
  facet normal -9.438833e-01 0.000000e+00 3.302791e-01
    outer loop
      vertex   -1.014855e+01 3.200000e+01 1.134917e+01
      vertex   -1.014855e+01 3.000000e+01 1.134917e+01
      vertex   -1.003761e+01 3.200000e+01 1.166622e+01
    endloop
  endfacet
  facet normal -9.438833e-01 0.000000e+00 3.302791e-01
    outer loop
      vertex   -1.003761e+01 3.200000e+01 1.166622e+01
      vertex   -1.014855e+01 3.000000e+01 1.134917e+01
      vertex   -1.003761e+01 3.000000e+01 1.166622e+01
    endloop
  endfacet
  facet normal -9.937122e-01 0.000000e+00 1.119645e-01
    outer loop
      vertex   -1.003761e+01 3.200000e+01 1.166622e+01
      vertex   -1.003761e+01 3.000000e+01 1.166622e+01
      vertex   -1.000000e+01 3.200000e+01 1.200000e+01
    endloop
  endfacet
  facet normal -9.937122e-01 0.000000e+00 1.119645e-01
    outer loop
      vertex   -1.000000e+01 3.200000e+01 1.200000e+01
      vertex   -1.003761e+01 3.000000e+01 1.166622e+01
      vertex   -1.000000e+01 3.000000e+01 1.200000e+01
    endloop
  endfacet
  facet normal -9.937122e-01 -0.000000e+00 -1.119645e-01
    outer loop
      vertex   -1.000000e+01 3.200000e+01 1.200000e+01
      vertex   -1.000000e+01 3.000000e+01 1.200000e+01
      vertex   -1.003761e+01 3.200000e+01 1.233378e+01
    endloop
  endfacet
  facet normal -9.937122e-01 -0.000000e+00 -1.119645e-01
    outer loop
      vertex   -1.003761e+01 3.200000e+01 1.233378e+01
      vertex   -1.000000e+01 3.000000e+01 1.200000e+01
      vertex   -1.003761e+01 3.000000e+01 1.233378e+01
    endloop
  endfacet
  facet normal -9.438833e-01 -0.000000e+00 -3.302791e-01
    outer loop
      vertex   -1.003761e+01 3.200000e+01 1.233378e+01
      vertex   -1.003761e+01 3.000000e+01 1.233378e+01
      vertex   -1.014855e+01 3.200000e+01 1.265083e+01
    endloop
  endfacet
  facet normal -9.438833e-01 -0.000000e+00 -3.302791e-01
    outer loop
      vertex   -1.014855e+01 3.200000e+01 1.265083e+01
      vertex   -1.003761e+01 3.000000e+01 1.233378e+01
      vertex   -1.014855e+01 3.000000e+01 1.265083e+01
    endloop
  endfacet
  facet normal -8.467242e-01 -0.000000e+00 -5.320321e-01
    outer loop
      vertex   -1.014855e+01 3.200000e+01 1.265083e+01
      vertex   -1.014855e+01 3.000000e+01 1.265083e+01
      vertex   -1.032725e+01 3.200000e+01 1.293523e+01
    endloop
  endfacet
  facet normal -8.467242e-01 -0.000000e+00 -5.320321e-01
    outer loop
      vertex   -1.032725e+01 3.200000e+01 1.293523e+01
      vertex   -1.014855e+01 3.000000e+01 1.265083e+01
      vertex   -1.032725e+01 3.000000e+01 1.293523e+01
    endloop
  endfacet
  facet normal -7.071068e-01 -0.000000e+00 -7.071068e-01
    outer loop
      vertex   -1.032725e+01 3.200000e+01 1.293523e+01
      vertex   -1.032725e+01 3.000000e+01 1.293523e+01
      vertex   -1.056477e+01 3.200000e+01 1.317275e+01
    endloop
  endfacet
  facet normal -7.071068e-01 -0.000000e+00 -7.071068e-01
    outer loop
      vertex   -1.056477e+01 3.200000e+01 1.317275e+01
      vertex   -1.032725e+01 3.000000e+01 1.293523e+01
      vertex   -1.056477e+01 3.000000e+01 1.317275e+01
    endloop
  endfacet
  facet normal -5.320321e-01 -0.000000e+00 -8.467242e-01
    outer loop
      vertex   -1.056477e+01 3.200000e+01 1.317275e+01
      vertex   -1.056477e+01 3.000000e+01 1.317275e+01
      vertex   -1.084917e+01 3.200000e+01 1.335145e+01
    endloop
  endfacet
  facet normal -5.320321e-01 -0.000000e+00 -8.467242e-01
    outer loop
      vertex   -1.084917e+01 3.200000e+01 1.335145e+01
      vertex   -1.056477e+01 3.000000e+01 1.317275e+01
      vertex   -1.084917e+01 3.000000e+01 1.335145e+01
    endloop
  endfacet
  facet normal -3.302791e-01 -0.000000e+00 -9.438833e-01
    outer loop
      vertex   -1.084917e+01 3.200000e+01 1.335145e+01
      vertex   -1.084917e+01 3.000000e+01 1.335145e+01
      vertex   -1.116622e+01 3.200000e+01 1.346239e+01
    endloop
  endfacet
  facet normal -3.302791e-01 -0.000000e+00 -9.438833e-01
    outer loop
      vertex   -1.116622e+01 3.200000e+01 1.346239e+01
      vertex   -1.084917e+01 3.000000e+01 1.335145e+01
      vertex   -1.116622e+01 3.000000e+01 1.346239e+01
    endloop
  endfacet
  facet normal -1.119645e-01 -0.000000e+00 -9.937122e-01
    outer loop
      vertex   -1.116622e+01 3.200000e+01 1.346239e+01
      vertex   -1.116622e+01 3.000000e+01 1.346239e+01
      vertex   -1.150000e+01 3.200000e+01 1.350000e+01
    endloop
  endfacet
  facet normal -1.119645e-01 -0.000000e+00 -9.937122e-01
    outer loop
      vertex   -1.150000e+01 3.200000e+01 1.350000e+01
      vertex   -1.116622e+01 3.000000e+01 1.346239e+01
      vertex   -1.150000e+01 3.000000e+01 1.350000e+01
    endloop
  endfacet
  facet normal 1.119645e-01 0.000000e+00 -9.937122e-01
    outer loop
      vertex   -1.150000e+01 3.200000e+01 1.350000e+01
      vertex   -1.150000e+01 3.000000e+01 1.350000e+01
      vertex   -1.183378e+01 3.200000e+01 1.346239e+01
    endloop
  endfacet
  facet normal 1.119645e-01 0.000000e+00 -9.937122e-01
    outer loop
      vertex   -1.183378e+01 3.200000e+01 1.346239e+01
      vertex   -1.150000e+01 3.000000e+01 1.350000e+01
      vertex   -1.183378e+01 3.000000e+01 1.346239e+01
    endloop
  endfacet
  facet normal 3.302791e-01 0.000000e+00 -9.438833e-01
    outer loop
      vertex   -1.183378e+01 3.200000e+01 1.346239e+01
      vertex   -1.183378e+01 3.000000e+01 1.346239e+01
      vertex   -1.215083e+01 3.200000e+01 1.335145e+01
    endloop
  endfacet
  facet normal 3.302791e-01 0.000000e+00 -9.438833e-01
    outer loop
      vertex   -1.215083e+01 3.200000e+01 1.335145e+01
      vertex   -1.183378e+01 3.000000e+01 1.346239e+01
      vertex   -1.215083e+01 3.000000e+01 1.335145e+01
    endloop
  endfacet
  facet normal 5.320321e-01 0.000000e+00 -8.467242e-01
    outer loop
      vertex   -1.215083e+01 3.200000e+01 1.335145e+01
      vertex   -1.215083e+01 3.000000e+01 1.335145e+01
      vertex   -1.243523e+01 3.200000e+01 1.317275e+01
    endloop
  endfacet
  facet normal 5.320321e-01 0.000000e+00 -8.467242e-01
    outer loop
      vertex   -1.243523e+01 3.200000e+01 1.317275e+01
      vertex   -1.215083e+01 3.000000e+01 1.335145e+01
      vertex   -1.243523e+01 3.000000e+01 1.317275e+01
    endloop
  endfacet
  facet normal 7.071068e-01 0.000000e+00 -7.071068e-01
    outer loop
      vertex   -1.243523e+01 3.200000e+01 1.317275e+01
      vertex   -1.243523e+01 3.000000e+01 1.317275e+01
      vertex   -1.267275e+01 3.200000e+01 1.293523e+01
    endloop
  endfacet
  facet normal 7.071068e-01 0.000000e+00 -7.071068e-01
    outer loop
      vertex   -1.267275e+01 3.200000e+01 1.293523e+01
      vertex   -1.243523e+01 3.000000e+01 1.317275e+01
      vertex   -1.267275e+01 3.000000e+01 1.293523e+01
    endloop
  endfacet
  facet normal 8.467242e-01 0.000000e+00 -5.320321e-01
    outer loop
      vertex   -1.267275e+01 3.200000e+01 1.293523e+01
      vertex   -1.267275e+01 3.000000e+01 1.293523e+01
      vertex   -1.285145e+01 3.200000e+01 1.265083e+01
    endloop
  endfacet
  facet normal 8.467242e-01 0.000000e+00 -5.320321e-01
    outer loop
      vertex   -1.285145e+01 3.200000e+01 1.265083e+01
      vertex   -1.267275e+01 3.000000e+01 1.293523e+01
      vertex   -1.285145e+01 3.000000e+01 1.265083e+01
    endloop
  endfacet
  facet normal 9.438833e-01 0.000000e+00 -3.302791e-01
    outer loop
      vertex   -1.285145e+01 3.200000e+01 1.265083e+01
      vertex   -1.285145e+01 3.000000e+01 1.265083e+01
      vertex   -1.296239e+01 3.200000e+01 1.233378e+01
    endloop
  endfacet
  facet normal 9.438833e-01 0.000000e+00 -3.302791e-01
    outer loop
      vertex   -1.296239e+01 3.200000e+01 1.233378e+01
      vertex   -1.285145e+01 3.000000e+01 1.265083e+01
      vertex   -1.296239e+01 3.000000e+01 1.233378e+01
    endloop
  endfacet
  facet normal 9.937122e-01 0.000000e+00 -1.119645e-01
    outer loop
      vertex   -1.746239e+01 3.200000e+01 1.233378e+01
      vertex   -1.746239e+01 3.000000e+01 1.233378e+01
      vertex   -1.750000e+01 3.200000e+01 1.200000e+01
    endloop
  endfacet
  facet normal 9.937122e-01 0.000000e+00 -1.119645e-01
    outer loop
      vertex   -1.750000e+01 3.200000e+01 1.200000e+01
      vertex   -1.746239e+01 3.000000e+01 1.233378e+01
      vertex   -1.750000e+01 3.000000e+01 1.200000e+01
    endloop
  endfacet
  facet normal 9.937122e-01 0.000000e+00 1.119645e-01
    outer loop
      vertex   -1.750000e+01 3.200000e+01 1.200000e+01
      vertex   -1.750000e+01 3.000000e+01 1.200000e+01
      vertex   -1.746239e+01 3.200000e+01 1.166622e+01
    endloop
  endfacet
  facet normal 9.937122e-01 0.000000e+00 1.119645e-01
    outer loop
      vertex   -1.746239e+01 3.200000e+01 1.166622e+01
      vertex   -1.750000e+01 3.000000e+01 1.200000e+01
      vertex   -1.746239e+01 3.000000e+01 1.166622e+01
    endloop
  endfacet
  facet normal 9.438833e-01 0.000000e+00 3.302791e-01
    outer loop
      vertex   -1.746239e+01 3.200000e+01 1.166622e+01
      vertex   -1.746239e+01 3.000000e+01 1.166622e+01
      vertex   -1.735145e+01 3.200000e+01 1.134917e+01
    endloop
  endfacet
  facet normal 9.438833e-01 0.000000e+00 3.302791e-01
    outer loop
      vertex   -1.735145e+01 3.200000e+01 1.134917e+01
      vertex   -1.746239e+01 3.000000e+01 1.166622e+01
      vertex   -1.735145e+01 3.000000e+01 1.134917e+01
    endloop
  endfacet
  facet normal 8.467242e-01 0.000000e+00 5.320321e-01
    outer loop
      vertex   -1.735145e+01 3.200000e+01 1.134917e+01
      vertex   -1.735145e+01 3.000000e+01 1.134917e+01
      vertex   -1.717275e+01 3.200000e+01 1.106477e+01
    endloop
  endfacet
  facet normal 8.467242e-01 0.000000e+00 5.320321e-01
    outer loop
      vertex   -1.717275e+01 3.200000e+01 1.106477e+01
      vertex   -1.735145e+01 3.000000e+01 1.134917e+01
      vertex   -1.717275e+01 3.000000e+01 1.106477e+01
    endloop
  endfacet
  facet normal 7.071068e-01 0.000000e+00 7.071068e-01
    outer loop
      vertex   -1.717275e+01 3.200000e+01 1.106477e+01
      vertex   -1.717275e+01 3.000000e+01 1.106477e+01
      vertex   -1.693523e+01 3.200000e+01 1.082725e+01
    endloop
  endfacet
  facet normal 7.071068e-01 0.000000e+00 7.071068e-01
    outer loop
      vertex   -1.693523e+01 3.200000e+01 1.082725e+01
      vertex   -1.717275e+01 3.000000e+01 1.106477e+01
      vertex   -1.693523e+01 3.000000e+01 1.082725e+01
    endloop
  endfacet
  facet normal 5.320321e-01 0.000000e+00 8.467242e-01
    outer loop
      vertex   -1.693523e+01 3.200000e+01 1.082725e+01
      vertex   -1.693523e+01 3.000000e+01 1.082725e+01
      vertex   -1.665083e+01 3.200000e+01 1.064855e+01
    endloop
  endfacet
  facet normal 5.320321e-01 0.000000e+00 8.467242e-01
    outer loop
      vertex   -1.665083e+01 3.200000e+01 1.064855e+01
      vertex   -1.693523e+01 3.000000e+01 1.082725e+01
      vertex   -1.665083e+01 3.000000e+01 1.064855e+01
    endloop
  endfacet
  facet normal 3.302791e-01 0.000000e+00 9.438833e-01
    outer loop
      vertex   -1.665083e+01 3.200000e+01 1.064855e+01
      vertex   -1.665083e+01 3.000000e+01 1.064855e+01
      vertex   -1.633378e+01 3.200000e+01 1.053761e+01
    endloop
  endfacet
  facet normal 3.302791e-01 0.000000e+00 9.438833e-01
    outer loop
      vertex   -1.633378e+01 3.200000e+01 1.053761e+01
      vertex   -1.665083e+01 3.000000e+01 1.064855e+01
      vertex   -1.633378e+01 3.000000e+01 1.053761e+01
    endloop
  endfacet
  facet normal 1.119645e-01 0.000000e+00 9.937122e-01
    outer loop
      vertex   -1.633378e+01 3.200000e+01 1.053761e+01
      vertex   -1.633378e+01 3.000000e+01 1.053761e+01
      vertex   -1.600000e+01 3.200000e+01 1.050000e+01
    endloop
  endfacet
  facet normal 1.119645e-01 0.000000e+00 9.937122e-01
    outer loop
      vertex   -1.600000e+01 3.200000e+01 1.050000e+01
      vertex   -1.633378e+01 3.000000e+01 1.053761e+01
      vertex   -1.600000e+01 3.000000e+01 1.050000e+01
    endloop
  endfacet
  facet normal -1.119645e-01 0.000000e+00 9.937122e-01
    outer loop
      vertex   -1.600000e+01 3.200000e+01 1.050000e+01
      vertex   -1.600000e+01 3.000000e+01 1.050000e+01
      vertex   -1.566622e+01 3.200000e+01 1.053761e+01
    endloop
  endfacet
  facet normal -1.119645e-01 0.000000e+00 9.937122e-01
    outer loop
      vertex   -1.566622e+01 3.200000e+01 1.053761e+01
      vertex   -1.600000e+01 3.000000e+01 1.050000e+01
      vertex   -1.566622e+01 3.000000e+01 1.053761e+01
    endloop
  endfacet
  facet normal -3.302791e-01 0.000000e+00 9.438833e-01
    outer loop
      vertex   -1.566622e+01 3.200000e+01 1.053761e+01
      vertex   -1.566622e+01 3.000000e+01 1.053761e+01
      vertex   -1.534917e+01 3.200000e+01 1.064855e+01
    endloop
  endfacet
  facet normal -3.302791e-01 0.000000e+00 9.438833e-01
    outer loop
      vertex   -1.534917e+01 3.200000e+01 1.064855e+01
      vertex   -1.566622e+01 3.000000e+01 1.053761e+01
      vertex   -1.534917e+01 3.000000e+01 1.064855e+01
    endloop
  endfacet
  facet normal -5.320321e-01 0.000000e+00 8.467242e-01
    outer loop
      vertex   -1.534917e+01 3.200000e+01 1.064855e+01
      vertex   -1.534917e+01 3.000000e+01 1.064855e+01
      vertex   -1.506477e+01 3.200000e+01 1.082725e+01
    endloop
  endfacet
  facet normal -5.320321e-01 0.000000e+00 8.467242e-01
    outer loop
      vertex   -1.506477e+01 3.200000e+01 1.082725e+01
      vertex   -1.534917e+01 3.000000e+01 1.064855e+01
      vertex   -1.506477e+01 3.000000e+01 1.082725e+01
    endloop
  endfacet
  facet normal -7.071068e-01 0.000000e+00 7.071068e-01
    outer loop
      vertex   -1.506477e+01 3.200000e+01 1.082725e+01
      vertex   -1.506477e+01 3.000000e+01 1.082725e+01
      vertex   -1.482725e+01 3.200000e+01 1.106477e+01
    endloop
  endfacet
  facet normal -7.071068e-01 0.000000e+00 7.071068e-01
    outer loop
      vertex   -1.482725e+01 3.200000e+01 1.106477e+01
      vertex   -1.506477e+01 3.000000e+01 1.082725e+01
      vertex   -1.482725e+01 3.000000e+01 1.106477e+01
    endloop
  endfacet
  facet normal -8.467242e-01 0.000000e+00 5.320321e-01
    outer loop
      vertex   -1.482725e+01 3.200000e+01 1.106477e+01
      vertex   -1.482725e+01 3.000000e+01 1.106477e+01
      vertex   -1.464855e+01 3.200000e+01 1.134917e+01
    endloop
  endfacet
  facet normal -8.467242e-01 0.000000e+00 5.320321e-01
    outer loop
      vertex   -1.464855e+01 3.200000e+01 1.134917e+01
      vertex   -1.482725e+01 3.000000e+01 1.106477e+01
      vertex   -1.464855e+01 3.000000e+01 1.134917e+01
    endloop
  endfacet
  facet normal -9.438833e-01 0.000000e+00 3.302791e-01
    outer loop
      vertex   -1.464855e+01 3.200000e+01 1.134917e+01
      vertex   -1.464855e+01 3.000000e+01 1.134917e+01
      vertex   -1.453761e+01 3.200000e+01 1.166622e+01
    endloop
  endfacet
  facet normal -9.438833e-01 0.000000e+00 3.302791e-01
    outer loop
      vertex   -1.453761e+01 3.200000e+01 1.166622e+01
      vertex   -1.464855e+01 3.000000e+01 1.134917e+01
      vertex   -1.453761e+01 3.000000e+01 1.166622e+01
    endloop
  endfacet
  facet normal -9.937122e-01 0.000000e+00 1.119645e-01
    outer loop
      vertex   -1.453761e+01 3.200000e+01 1.166622e+01
      vertex   -1.453761e+01 3.000000e+01 1.166622e+01
      vertex   -1.450000e+01 3.200000e+01 1.200000e+01
    endloop
  endfacet
  facet normal -9.937122e-01 0.000000e+00 1.119645e-01
    outer loop
      vertex   -1.450000e+01 3.200000e+01 1.200000e+01
      vertex   -1.453761e+01 3.000000e+01 1.166622e+01
      vertex   -1.450000e+01 3.000000e+01 1.200000e+01
    endloop
  endfacet
  facet normal -9.937122e-01 -0.000000e+00 -1.119645e-01
    outer loop
      vertex   -1.450000e+01 3.200000e+01 1.200000e+01
      vertex   -1.450000e+01 3.000000e+01 1.200000e+01
      vertex   -1.453761e+01 3.200000e+01 1.233378e+01
    endloop
  endfacet
  facet normal -9.937122e-01 -0.000000e+00 -1.119645e-01
    outer loop
      vertex   -1.453761e+01 3.200000e+01 1.233378e+01
      vertex   -1.450000e+01 3.000000e+01 1.200000e+01
      vertex   -1.453761e+01 3.000000e+01 1.233378e+01
    endloop
  endfacet
  facet normal -9.438833e-01 -0.000000e+00 -3.302791e-01
    outer loop
      vertex   -1.453761e+01 3.200000e+01 1.233378e+01
      vertex   -1.453761e+01 3.000000e+01 1.233378e+01
      vertex   -1.464855e+01 3.200000e+01 1.265083e+01
    endloop
  endfacet
  facet normal -9.438833e-01 -0.000000e+00 -3.302791e-01
    outer loop
      vertex   -1.464855e+01 3.200000e+01 1.265083e+01
      vertex   -1.453761e+01 3.000000e+01 1.233378e+01
      vertex   -1.464855e+01 3.000000e+01 1.265083e+01
    endloop
  endfacet
  facet normal -8.467242e-01 -0.000000e+00 -5.320321e-01
    outer loop
      vertex   -1.464855e+01 3.200000e+01 1.265083e+01
      vertex   -1.464855e+01 3.000000e+01 1.265083e+01
      vertex   -1.482725e+01 3.200000e+01 1.293523e+01
    endloop
  endfacet
  facet normal -8.467242e-01 -0.000000e+00 -5.320321e-01
    outer loop
      vertex   -1.482725e+01 3.200000e+01 1.293523e+01
      vertex   -1.464855e+01 3.000000e+01 1.265083e+01
      vertex   -1.482725e+01 3.000000e+01 1.293523e+01
    endloop
  endfacet
  facet normal -7.071068e-01 -0.000000e+00 -7.071068e-01
    outer loop
      vertex   -1.482725e+01 3.200000e+01 1.293523e+01
      vertex   -1.482725e+01 3.000000e+01 1.293523e+01
      vertex   -1.506477e+01 3.200000e+01 1.317275e+01
    endloop
  endfacet
  facet normal -7.071068e-01 -0.000000e+00 -7.071068e-01
    outer loop
      vertex   -1.506477e+01 3.200000e+01 1.317275e+01
      vertex   -1.482725e+01 3.000000e+01 1.293523e+01
      vertex   -1.506477e+01 3.000000e+01 1.317275e+01
    endloop
  endfacet
  facet normal -5.320321e-01 -0.000000e+00 -8.467242e-01
    outer loop
      vertex   -1.506477e+01 3.200000e+01 1.317275e+01
      vertex   -1.506477e+01 3.000000e+01 1.317275e+01
      vertex   -1.534917e+01 3.200000e+01 1.335145e+01
    endloop
  endfacet
  facet normal -5.320321e-01 -0.000000e+00 -8.467242e-01
    outer loop
      vertex   -1.534917e+01 3.200000e+01 1.335145e+01
      vertex   -1.506477e+01 3.000000e+01 1.317275e+01
      vertex   -1.534917e+01 3.000000e+01 1.335145e+01
    endloop
  endfacet
  facet normal -3.302791e-01 -0.000000e+00 -9.438833e-01
    outer loop
      vertex   -1.534917e+01 3.200000e+01 1.335145e+01
      vertex   -1.534917e+01 3.000000e+01 1.335145e+01
      vertex   -1.566622e+01 3.200000e+01 1.346239e+01
    endloop
  endfacet
  facet normal -3.302791e-01 -0.000000e+00 -9.438833e-01
    outer loop
      vertex   -1.566622e+01 3.200000e+01 1.346239e+01
      vertex   -1.534917e+01 3.000000e+01 1.335145e+01
      vertex   -1.566622e+01 3.000000e+01 1.346239e+01
    endloop
  endfacet
  facet normal -1.119645e-01 -0.000000e+00 -9.937122e-01
    outer loop
      vertex   -1.566622e+01 3.200000e+01 1.346239e+01
      vertex   -1.566622e+01 3.000000e+01 1.346239e+01
      vertex   -1.600000e+01 3.200000e+01 1.350000e+01
    endloop
  endfacet
  facet normal -1.119645e-01 -0.000000e+00 -9.937122e-01
    outer loop
      vertex   -1.600000e+01 3.200000e+01 1.350000e+01
      vertex   -1.566622e+01 3.000000e+01 1.346239e+01
      vertex   -1.600000e+01 3.000000e+01 1.350000e+01
    endloop
  endfacet
  facet normal 1.119645e-01 0.000000e+00 -9.937122e-01
    outer loop
      vertex   -1.600000e+01 3.200000e+01 1.350000e+01
      vertex   -1.600000e+01 3.000000e+01 1.350000e+01
      vertex   -1.633378e+01 3.200000e+01 1.346239e+01
    endloop
  endfacet
  facet normal 1.119645e-01 0.000000e+00 -9.937122e-01
    outer loop
      vertex   -1.633378e+01 3.200000e+01 1.346239e+01
      vertex   -1.600000e+01 3.000000e+01 1.350000e+01
      vertex   -1.633378e+01 3.000000e+01 1.346239e+01
    endloop
  endfacet
  facet normal 3.302791e-01 0.000000e+00 -9.438833e-01
    outer loop
      vertex   -1.633378e+01 3.200000e+01 1.346239e+01
      vertex   -1.633378e+01 3.000000e+01 1.346239e+01
      vertex   -1.665083e+01 3.200000e+01 1.335145e+01
    endloop
  endfacet
  facet normal 3.302791e-01 0.000000e+00 -9.438833e-01
    outer loop
      vertex   -1.665083e+01 3.200000e+01 1.335145e+01
      vertex   -1.633378e+01 3.000000e+01 1.346239e+01
      vertex   -1.665083e+01 3.000000e+01 1.335145e+01
    endloop
  endfacet
  facet normal 5.320321e-01 0.000000e+00 -8.467242e-01
    outer loop
      vertex   -1.665083e+01 3.200000e+01 1.335145e+01
      vertex   -1.665083e+01 3.000000e+01 1.335145e+01
      vertex   -1.693523e+01 3.200000e+01 1.317275e+01
    endloop
  endfacet
  facet normal 5.320321e-01 0.000000e+00 -8.467242e-01
    outer loop
      vertex   -1.693523e+01 3.200000e+01 1.317275e+01
      vertex   -1.665083e+01 3.000000e+01 1.335145e+01
      vertex   -1.693523e+01 3.000000e+01 1.317275e+01
    endloop
  endfacet
  facet normal 7.071068e-01 0.000000e+00 -7.071068e-01
    outer loop
      vertex   -1.693523e+01 3.200000e+01 1.317275e+01
      vertex   -1.693523e+01 3.000000e+01 1.317275e+01
      vertex   -1.717275e+01 3.200000e+01 1.293523e+01
    endloop
  endfacet
  facet normal 7.071068e-01 0.000000e+00 -7.071068e-01
    outer loop
      vertex   -1.717275e+01 3.200000e+01 1.293523e+01
      vertex   -1.693523e+01 3.000000e+01 1.317275e+01
      vertex   -1.717275e+01 3.000000e+01 1.293523e+01
    endloop
  endfacet
  facet normal 8.467242e-01 0.000000e+00 -5.320321e-01
    outer loop
      vertex   -1.717275e+01 3.200000e+01 1.293523e+01
      vertex   -1.717275e+01 3.000000e+01 1.293523e+01
      vertex   -1.735145e+01 3.200000e+01 1.265083e+01
    endloop
  endfacet
  facet normal 8.467242e-01 0.000000e+00 -5.320321e-01
    outer loop
      vertex   -1.735145e+01 3.200000e+01 1.265083e+01
      vertex   -1.717275e+01 3.000000e+01 1.293523e+01
      vertex   -1.735145e+01 3.000000e+01 1.265083e+01
    endloop
  endfacet
  facet normal 9.438833e-01 0.000000e+00 -3.302791e-01
    outer loop
      vertex   -1.735145e+01 3.200000e+01 1.265083e+01
      vertex   -1.735145e+01 3.000000e+01 1.265083e+01
      vertex   -1.746239e+01 3.200000e+01 1.233378e+01
    endloop
  endfacet
  facet normal 9.438833e-01 0.000000e+00 -3.302791e-01
    outer loop
      vertex   -1.746239e+01 3.200000e+01 1.233378e+01
      vertex   -1.735145e+01 3.000000e+01 1.265083e+01
      vertex   -1.746239e+01 3.000000e+01 1.233378e+01
    endloop
  endfacet
  facet normal -0.000000e+00 1.000000e+00 0.000000e+00
    outer loop
      vertex   -1.896157e+01 3.200000e+01 1.739018e+01
      vertex   -1.700000e+01 3.200000e+01 1.900000e+01
      vertex   -1.900000e+01 3.200000e+01 1.700000e+01
    endloop
  endfacet
  facet normal -0.000000e+00 1.000000e+00 0.000000e+00
    outer loop
      vertex   -1.900000e+01 3.200000e+01 1.700000e+01
      vertex   -1.700000e+01 3.200000e+01 1.900000e+01
      vertex   -1.150000e+01 3.200000e+01 1.350000e+01
    endloop
  endfacet
  facet normal 0.000000e+00 1.000000e+00 0.000000e+00
    outer loop
      vertex   -1.900000e+01 3.200000e+01 1.700000e+01
      vertex   -1.150000e+01 3.200000e+01 1.350000e+01
      vertex   -1.183378e+01 3.200000e+01 1.346239e+01
    endloop
  endfacet
  facet normal 0.000000e+00 1.000000e+00 0.000000e+00
    outer loop
      vertex   -1.896157e+01 3.200000e+01 1.739018e+01
      vertex   -1.884776e+01 3.200000e+01 1.776537e+01
      vertex   -1.700000e+01 3.200000e+01 1.900000e+01
    endloop
  endfacet
  facet normal 0.000000e+00 1.000000e+00 0.000000e+00
    outer loop
      vertex   -1.700000e+01 3.200000e+01 1.900000e+01
      vertex   -1.884776e+01 3.200000e+01 1.776537e+01
      vertex   -1.866294e+01 3.200000e+01 1.811114e+01
    endloop
  endfacet
  facet normal 0.000000e+00 1.000000e+00 0.000000e+00
    outer loop
      vertex   -1.700000e+01 3.200000e+01 1.900000e+01
      vertex   -1.866294e+01 3.200000e+01 1.811114e+01
      vertex   -1.841421e+01 3.200000e+01 1.841421e+01
    endloop
  endfacet
  facet normal 0.000000e+00 1.000000e+00 0.000000e+00
    outer loop
      vertex   -1.841421e+01 3.200000e+01 1.841421e+01
      vertex   -1.811114e+01 3.200000e+01 1.866294e+01
      vertex   -1.700000e+01 3.200000e+01 1.900000e+01
    endloop
  endfacet
  facet normal 0.000000e+00 1.000000e+00 0.000000e+00
    outer loop
      vertex   -1.700000e+01 3.200000e+01 1.900000e+01
      vertex   -1.811114e+01 3.200000e+01 1.866294e+01
      vertex   -1.776537e+01 3.200000e+01 1.884776e+01
    endloop
  endfacet
  facet normal 0.000000e+00 1.000000e+00 0.000000e+00
    outer loop
      vertex   -1.700000e+01 3.200000e+01 1.900000e+01
      vertex   -1.776537e+01 3.200000e+01 1.884776e+01
      vertex   -1.739018e+01 3.200000e+01 1.896157e+01
    endloop
  endfacet
  facet normal -0.000000e+00 1.000000e+00 -0.000000e+00
    outer loop
      vertex   -1.150000e+01 3.200000e+01 1.350000e+01
      vertex   -1.700000e+01 3.200000e+01 1.900000e+01
      vertex   -1.116622e+01 3.200000e+01 1.346239e+01
    endloop
  endfacet
  facet normal 0.000000e+00 1.000000e+00 -0.000000e+00
    outer loop
      vertex   -1.116622e+01 3.200000e+01 1.346239e+01
      vertex   -1.700000e+01 3.200000e+01 1.900000e+01
      vertex   6.000000e+00 3.200000e+01 1.900000e+01
    endloop
  endfacet
  facet normal -0.000000e+00 1.000000e+00 0.000000e+00
    outer loop
      vertex   -1.116622e+01 3.200000e+01 1.346239e+01
      vertex   6.000000e+00 3.200000e+01 1.900000e+01
      vertex   -1.084917e+01 3.200000e+01 1.335145e+01
    endloop
  endfacet
  facet normal -0.000000e+00 1.000000e+00 0.000000e+00
    outer loop
      vertex   -1.084917e+01 3.200000e+01 1.335145e+01
      vertex   6.000000e+00 3.200000e+01 1.900000e+01
      vertex   -1.056477e+01 3.200000e+01 1.317275e+01
    endloop
  endfacet
  facet normal 0.000000e+00 1.000000e+00 0.000000e+00
    outer loop
      vertex   -1.056477e+01 3.200000e+01 1.317275e+01
      vertex   6.000000e+00 3.200000e+01 1.900000e+01
      vertex   8.000000e+00 3.200000e+01 1.700000e+01
    endloop
  endfacet
  facet normal -0.000000e+00 1.000000e+00 0.000000e+00
    outer loop
      vertex   -1.056477e+01 3.200000e+01 1.317275e+01
      vertex   8.000000e+00 3.200000e+01 1.700000e+01
      vertex   -1.032725e+01 3.200000e+01 1.293523e+01
    endloop
  endfacet
  facet normal -0.000000e+00 1.000000e+00 0.000000e+00
    outer loop
      vertex   -1.032725e+01 3.200000e+01 1.293523e+01
      vertex   8.000000e+00 3.200000e+01 1.700000e+01
      vertex   -1.014855e+01 3.200000e+01 1.265083e+01
    endloop
  endfacet
  facet normal -0.000000e+00 1.000000e+00 0.000000e+00
    outer loop
      vertex   -1.014855e+01 3.200000e+01 1.265083e+01
      vertex   8.000000e+00 3.200000e+01 1.700000e+01
      vertex   -1.003761e+01 3.200000e+01 1.233378e+01
    endloop
  endfacet
  facet normal -0.000000e+00 1.000000e+00 0.000000e+00
    outer loop
      vertex   -1.003761e+01 3.200000e+01 1.233378e+01
      vertex   8.000000e+00 3.200000e+01 1.700000e+01
      vertex   -1.000000e+01 3.200000e+01 1.200000e+01
    endloop
  endfacet
  facet normal -0.000000e+00 1.000000e+00 0.000000e+00
    outer loop
      vertex   -1.000000e+01 3.200000e+01 1.200000e+01
      vertex   8.000000e+00 3.200000e+01 1.700000e+01
      vertex   8.000000e+00 3.200000e+01 7.000000e+00
    endloop
  endfacet
  facet normal 0.000000e+00 1.000000e+00 0.000000e+00
    outer loop
      vertex   -1.000000e+01 3.200000e+01 1.200000e+01
      vertex   8.000000e+00 3.200000e+01 7.000000e+00
      vertex   -1.003761e+01 3.200000e+01 1.166622e+01
    endloop
  endfacet
  facet normal 0.000000e+00 1.000000e+00 0.000000e+00
    outer loop
      vertex   -1.003761e+01 3.200000e+01 1.166622e+01
      vertex   8.000000e+00 3.200000e+01 7.000000e+00
      vertex   -1.014855e+01 3.200000e+01 1.134917e+01
    endloop
  endfacet
  facet normal 0.000000e+00 1.000000e+00 0.000000e+00
    outer loop
      vertex   -1.014855e+01 3.200000e+01 1.134917e+01
      vertex   8.000000e+00 3.200000e+01 7.000000e+00
      vertex   -1.032725e+01 3.200000e+01 1.106477e+01
    endloop
  endfacet
  facet normal 0.000000e+00 1.000000e+00 0.000000e+00
    outer loop
      vertex   -1.032725e+01 3.200000e+01 1.106477e+01
      vertex   8.000000e+00 3.200000e+01 7.000000e+00
      vertex   -1.056477e+01 3.200000e+01 1.082725e+01
    endloop
  endfacet
  facet normal 0.000000e+00 1.000000e+00 0.000000e+00
    outer loop
      vertex   -1.056477e+01 3.200000e+01 1.082725e+01
      vertex   8.000000e+00 3.200000e+01 7.000000e+00
      vertex   -1.084917e+01 3.200000e+01 1.064855e+01
    endloop
  endfacet
  facet normal 0.000000e+00 1.000000e+00 0.000000e+00
    outer loop
      vertex   -1.084917e+01 3.200000e+01 1.064855e+01
      vertex   8.000000e+00 3.200000e+01 7.000000e+00
      vertex   8.038429e+00 3.200000e+01 6.609819e+00
    endloop
  endfacet
  facet normal 0.000000e+00 1.000000e+00 0.000000e+00
    outer loop
      vertex   -1.084917e+01 3.200000e+01 1.064855e+01
      vertex   8.038429e+00 3.200000e+01 6.609819e+00
      vertex   -1.116622e+01 3.200000e+01 1.053761e+01
    endloop
  endfacet
  facet normal 0.000000e+00 1.000000e+00 0.000000e+00
    outer loop
      vertex   -1.116622e+01 3.200000e+01 1.053761e+01
      vertex   8.038429e+00 3.200000e+01 6.609819e+00
      vertex   8.152241e+00 3.200000e+01 6.234633e+00
    endloop
  endfacet
  facet normal 0.000000e+00 1.000000e+00 0.000000e+00
    outer loop
      vertex   -1.116622e+01 3.200000e+01 1.053761e+01
      vertex   8.152241e+00 3.200000e+01 6.234633e+00
      vertex   -1.900000e+01 3.200000e+01 5.000000e+00
    endloop
  endfacet
  facet normal 0.000000e+00 1.000000e+00 0.000000e+00
    outer loop
      vertex   -1.900000e+01 3.200000e+01 5.000000e+00
      vertex   8.152241e+00 3.200000e+01 6.234633e+00
      vertex   8.337061e+00 3.200000e+01 5.888860e+00
    endloop
  endfacet
  facet normal 0.000000e+00 1.000000e+00 0.000000e+00
    outer loop
      vertex   -1.900000e+01 3.200000e+01 5.000000e+00
      vertex   8.337061e+00 3.200000e+01 5.888860e+00
      vertex   8.585786e+00 3.200000e+01 5.585786e+00
    endloop
  endfacet
  facet normal 0.000000e+00 1.000000e+00 0.000000e+00
    outer loop
      vertex   6.390181e+00 3.200000e+01 1.896157e+01
      vertex   6.765367e+00 3.200000e+01 1.884776e+01
      vertex   6.000000e+00 3.200000e+01 1.900000e+01
    endloop
  endfacet
  facet normal 0.000000e+00 1.000000e+00 0.000000e+00
    outer loop
      vertex   6.000000e+00 3.200000e+01 1.900000e+01
      vertex   6.765367e+00 3.200000e+01 1.884776e+01
      vertex   7.111140e+00 3.200000e+01 1.866294e+01
    endloop
  endfacet
  facet normal 0.000000e+00 1.000000e+00 0.000000e+00
    outer loop
      vertex   6.000000e+00 3.200000e+01 1.900000e+01
      vertex   7.111140e+00 3.200000e+01 1.866294e+01
      vertex   7.414214e+00 3.200000e+01 1.841421e+01
    endloop
  endfacet
  facet normal 0.000000e+00 1.000000e+00 0.000000e+00
    outer loop
      vertex   7.414214e+00 3.200000e+01 1.841421e+01
      vertex   7.662939e+00 3.200000e+01 1.811114e+01
      vertex   6.000000e+00 3.200000e+01 1.900000e+01
    endloop
  endfacet
  facet normal 0.000000e+00 1.000000e+00 0.000000e+00
    outer loop
      vertex   6.000000e+00 3.200000e+01 1.900000e+01
      vertex   7.662939e+00 3.200000e+01 1.811114e+01
      vertex   7.847759e+00 3.200000e+01 1.776537e+01
    endloop
  endfacet
  facet normal 0.000000e+00 1.000000e+00 0.000000e+00
    outer loop
      vertex   6.000000e+00 3.200000e+01 1.900000e+01
      vertex   7.847759e+00 3.200000e+01 1.776537e+01
      vertex   7.961571e+00 3.200000e+01 1.739018e+01
    endloop
  endfacet
  facet normal 0.000000e+00 1.000000e+00 0.000000e+00
    outer loop
      vertex   7.961571e+00 3.200000e+01 1.739018e+01
      vertex   8.000000e+00 3.200000e+01 1.700000e+01
      vertex   6.000000e+00 3.200000e+01 1.900000e+01
    endloop
  endfacet
  facet normal 0.000000e+00 1.000000e+00 0.000000e+00
    outer loop
      vertex   8.585786e+00 3.200000e+01 5.585786e+00
      vertex   8.888860e+00 3.200000e+01 5.337061e+00
      vertex   -1.900000e+01 3.200000e+01 5.000000e+00
    endloop
  endfacet
  facet normal 0.000000e+00 1.000000e+00 0.000000e+00
    outer loop
      vertex   -1.900000e+01 3.200000e+01 5.000000e+00
      vertex   8.888860e+00 3.200000e+01 5.337061e+00
      vertex   9.234633e+00 3.200000e+01 5.152241e+00
    endloop
  endfacet
  facet normal 0.000000e+00 1.000000e+00 0.000000e+00
    outer loop
      vertex   -1.900000e+01 3.200000e+01 5.000000e+00
      vertex   9.234633e+00 3.200000e+01 5.152241e+00
      vertex   9.609819e+00 3.200000e+01 5.038429e+00
    endloop
  endfacet
  facet normal 0.000000e+00 1.000000e+00 0.000000e+00
    outer loop
      vertex   9.609819e+00 3.200000e+01 5.038429e+00
      vertex   1.000000e+01 3.200000e+01 5.000000e+00
      vertex   -1.900000e+01 3.200000e+01 5.000000e+00
    endloop
  endfacet
  facet normal 0.000000e+00 1.000000e+00 0.000000e+00
    outer loop
      vertex   -1.900000e+01 3.200000e+01 1.700000e+01
      vertex   -1.750000e+01 3.200000e+01 1.200000e+01
      vertex   -1.900000e+01 3.200000e+01 5.000000e+00
    endloop
  endfacet
  facet normal 0.000000e+00 1.000000e+00 0.000000e+00
    outer loop
      vertex   -1.900000e+01 3.200000e+01 5.000000e+00
      vertex   -1.750000e+01 3.200000e+01 1.200000e+01
      vertex   -1.746239e+01 3.200000e+01 1.166622e+01
    endloop
  endfacet
  facet normal 0.000000e+00 1.000000e+00 0.000000e+00
    outer loop
      vertex   -1.900000e+01 3.200000e+01 5.000000e+00
      vertex   -1.746239e+01 3.200000e+01 1.166622e+01
      vertex   -1.735145e+01 3.200000e+01 1.134917e+01
    endloop
  endfacet
  facet normal 0.000000e+00 1.000000e+00 0.000000e+00
    outer loop
      vertex   -1.735145e+01 3.200000e+01 1.134917e+01
      vertex   -1.717275e+01 3.200000e+01 1.106477e+01
      vertex   -1.900000e+01 3.200000e+01 5.000000e+00
    endloop
  endfacet
  facet normal 0.000000e+00 1.000000e+00 0.000000e+00
    outer loop
      vertex   -1.900000e+01 3.200000e+01 5.000000e+00
      vertex   -1.717275e+01 3.200000e+01 1.106477e+01
      vertex   -1.693523e+01 3.200000e+01 1.082725e+01
    endloop
  endfacet
  facet normal 0.000000e+00 1.000000e+00 0.000000e+00
    outer loop
      vertex   -1.900000e+01 3.200000e+01 5.000000e+00
      vertex   -1.693523e+01 3.200000e+01 1.082725e+01
      vertex   -1.665083e+01 3.200000e+01 1.064855e+01
    endloop
  endfacet
  facet normal 0.000000e+00 1.000000e+00 0.000000e+00
    outer loop
      vertex   -1.665083e+01 3.200000e+01 1.064855e+01
      vertex   -1.633378e+01 3.200000e+01 1.053761e+01
      vertex   -1.900000e+01 3.200000e+01 5.000000e+00
    endloop
  endfacet
  facet normal 0.000000e+00 1.000000e+00 0.000000e+00
    outer loop
      vertex   -1.900000e+01 3.200000e+01 5.000000e+00
      vertex   -1.633378e+01 3.200000e+01 1.053761e+01
      vertex   -1.600000e+01 3.200000e+01 1.050000e+01
    endloop
  endfacet
  facet normal 0.000000e+00 1.000000e+00 0.000000e+00
    outer loop
      vertex   -1.900000e+01 3.200000e+01 5.000000e+00
      vertex   -1.600000e+01 3.200000e+01 1.050000e+01
      vertex   -1.566622e+01 3.200000e+01 1.053761e+01
    endloop
  endfacet
  facet normal 0.000000e+00 1.000000e+00 0.000000e+00
    outer loop
      vertex   -1.534917e+01 3.200000e+01 1.064855e+01
      vertex   -1.215083e+01 3.200000e+01 1.064855e+01
      vertex   -1.566622e+01 3.200000e+01 1.053761e+01
    endloop
  endfacet
  facet normal -0.000000e+00 1.000000e+00 0.000000e+00
    outer loop
      vertex   -1.566622e+01 3.200000e+01 1.053761e+01
      vertex   -1.215083e+01 3.200000e+01 1.064855e+01
      vertex   -1.183378e+01 3.200000e+01 1.053761e+01
    endloop
  endfacet
  facet normal 0.000000e+00 1.000000e+00 0.000000e+00
    outer loop
      vertex   -1.566622e+01 3.200000e+01 1.053761e+01
      vertex   -1.183378e+01 3.200000e+01 1.053761e+01
      vertex   -1.900000e+01 3.200000e+01 5.000000e+00
    endloop
  endfacet
  facet normal 0.000000e+00 1.000000e+00 0.000000e+00
    outer loop
      vertex   -1.900000e+01 3.200000e+01 5.000000e+00
      vertex   -1.183378e+01 3.200000e+01 1.053761e+01
      vertex   -1.150000e+01 3.200000e+01 1.050000e+01
    endloop
  endfacet
  facet normal 0.000000e+00 1.000000e+00 0.000000e+00
    outer loop
      vertex   -1.900000e+01 3.200000e+01 5.000000e+00
      vertex   -1.150000e+01 3.200000e+01 1.050000e+01
      vertex   -1.116622e+01 3.200000e+01 1.053761e+01
    endloop
  endfacet
  facet normal 0.000000e+00 1.000000e+00 0.000000e+00
    outer loop
      vertex   -1.215083e+01 3.200000e+01 1.064855e+01
      vertex   -1.534917e+01 3.200000e+01 1.064855e+01
      vertex   -1.243523e+01 3.200000e+01 1.082725e+01
    endloop
  endfacet
  facet normal 0.000000e+00 1.000000e+00 0.000000e+00
    outer loop
      vertex   -1.243523e+01 3.200000e+01 1.082725e+01
      vertex   -1.534917e+01 3.200000e+01 1.064855e+01
      vertex   -1.506477e+01 3.200000e+01 1.082725e+01
    endloop
  endfacet
  facet normal 0.000000e+00 1.000000e+00 0.000000e+00
    outer loop
      vertex   -1.243523e+01 3.200000e+01 1.082725e+01
      vertex   -1.506477e+01 3.200000e+01 1.082725e+01
      vertex   -1.267275e+01 3.200000e+01 1.106477e+01
    endloop
  endfacet
  facet normal 0.000000e+00 1.000000e+00 0.000000e+00
    outer loop
      vertex   -1.267275e+01 3.200000e+01 1.106477e+01
      vertex   -1.506477e+01 3.200000e+01 1.082725e+01
      vertex   -1.482725e+01 3.200000e+01 1.106477e+01
    endloop
  endfacet
  facet normal 0.000000e+00 1.000000e+00 0.000000e+00
    outer loop
      vertex   -1.267275e+01 3.200000e+01 1.106477e+01
      vertex   -1.482725e+01 3.200000e+01 1.106477e+01
      vertex   -1.285145e+01 3.200000e+01 1.134917e+01
    endloop
  endfacet
  facet normal 0.000000e+00 1.000000e+00 0.000000e+00
    outer loop
      vertex   -1.285145e+01 3.200000e+01 1.134917e+01
      vertex   -1.482725e+01 3.200000e+01 1.106477e+01
      vertex   -1.464855e+01 3.200000e+01 1.134917e+01
    endloop
  endfacet
  facet normal 0.000000e+00 1.000000e+00 0.000000e+00
    outer loop
      vertex   -1.285145e+01 3.200000e+01 1.134917e+01
      vertex   -1.464855e+01 3.200000e+01 1.134917e+01
      vertex   -1.296239e+01 3.200000e+01 1.166622e+01
    endloop
  endfacet
  facet normal 0.000000e+00 1.000000e+00 0.000000e+00
    outer loop
      vertex   -1.296239e+01 3.200000e+01 1.166622e+01
      vertex   -1.464855e+01 3.200000e+01 1.134917e+01
      vertex   -1.453761e+01 3.200000e+01 1.166622e+01
    endloop
  endfacet
  facet normal 0.000000e+00 1.000000e+00 0.000000e+00
    outer loop
      vertex   -1.296239e+01 3.200000e+01 1.166622e+01
      vertex   -1.453761e+01 3.200000e+01 1.166622e+01
      vertex   -1.300000e+01 3.200000e+01 1.200000e+01
    endloop
  endfacet
  facet normal 0.000000e+00 1.000000e+00 0.000000e+00
    outer loop
      vertex   -1.300000e+01 3.200000e+01 1.200000e+01
      vertex   -1.453761e+01 3.200000e+01 1.166622e+01
      vertex   -1.450000e+01 3.200000e+01 1.200000e+01
    endloop
  endfacet
  facet normal 0.000000e+00 1.000000e+00 -0.000000e+00
    outer loop
      vertex   -1.300000e+01 3.200000e+01 1.200000e+01
      vertex   -1.450000e+01 3.200000e+01 1.200000e+01
      vertex   -1.296239e+01 3.200000e+01 1.233378e+01
    endloop
  endfacet
  facet normal 0.000000e+00 1.000000e+00 0.000000e+00
    outer loop
      vertex   -1.296239e+01 3.200000e+01 1.233378e+01
      vertex   -1.450000e+01 3.200000e+01 1.200000e+01
      vertex   -1.453761e+01 3.200000e+01 1.233378e+01
    endloop
  endfacet
  facet normal 0.000000e+00 1.000000e+00 -0.000000e+00
    outer loop
      vertex   -1.296239e+01 3.200000e+01 1.233378e+01
      vertex   -1.453761e+01 3.200000e+01 1.233378e+01
      vertex   -1.285145e+01 3.200000e+01 1.265083e+01
    endloop
  endfacet
  facet normal 0.000000e+00 1.000000e+00 0.000000e+00
    outer loop
      vertex   -1.285145e+01 3.200000e+01 1.265083e+01
      vertex   -1.453761e+01 3.200000e+01 1.233378e+01
      vertex   -1.464855e+01 3.200000e+01 1.265083e+01
    endloop
  endfacet
  facet normal 0.000000e+00 1.000000e+00 -0.000000e+00
    outer loop
      vertex   -1.285145e+01 3.200000e+01 1.265083e+01
      vertex   -1.464855e+01 3.200000e+01 1.265083e+01
      vertex   -1.267275e+01 3.200000e+01 1.293523e+01
    endloop
  endfacet
  facet normal 0.000000e+00 1.000000e+00 0.000000e+00
    outer loop
      vertex   -1.267275e+01 3.200000e+01 1.293523e+01
      vertex   -1.464855e+01 3.200000e+01 1.265083e+01
      vertex   -1.482725e+01 3.200000e+01 1.293523e+01
    endloop
  endfacet
  facet normal 0.000000e+00 1.000000e+00 -0.000000e+00
    outer loop
      vertex   -1.267275e+01 3.200000e+01 1.293523e+01
      vertex   -1.482725e+01 3.200000e+01 1.293523e+01
      vertex   -1.243523e+01 3.200000e+01 1.317275e+01
    endloop
  endfacet
  facet normal 0.000000e+00 1.000000e+00 0.000000e+00
    outer loop
      vertex   -1.243523e+01 3.200000e+01 1.317275e+01
      vertex   -1.482725e+01 3.200000e+01 1.293523e+01
      vertex   -1.506477e+01 3.200000e+01 1.317275e+01
    endloop
  endfacet
  facet normal 0.000000e+00 1.000000e+00 -0.000000e+00
    outer loop
      vertex   -1.243523e+01 3.200000e+01 1.317275e+01
      vertex   -1.506477e+01 3.200000e+01 1.317275e+01
      vertex   -1.215083e+01 3.200000e+01 1.335145e+01
    endloop
  endfacet
  facet normal 0.000000e+00 1.000000e+00 0.000000e+00
    outer loop
      vertex   -1.215083e+01 3.200000e+01 1.335145e+01
      vertex   -1.506477e+01 3.200000e+01 1.317275e+01
      vertex   -1.534917e+01 3.200000e+01 1.335145e+01
    endloop
  endfacet
  facet normal 0.000000e+00 1.000000e+00 -0.000000e+00
    outer loop
      vertex   -1.215083e+01 3.200000e+01 1.335145e+01
      vertex   -1.534917e+01 3.200000e+01 1.335145e+01
      vertex   -1.183378e+01 3.200000e+01 1.346239e+01
    endloop
  endfacet
  facet normal 0.000000e+00 1.000000e+00 0.000000e+00
    outer loop
      vertex   -1.183378e+01 3.200000e+01 1.346239e+01
      vertex   -1.534917e+01 3.200000e+01 1.335145e+01
      vertex   -1.566622e+01 3.200000e+01 1.346239e+01
    endloop
  endfacet
  facet normal 0.000000e+00 1.000000e+00 0.000000e+00
    outer loop
      vertex   -1.183378e+01 3.200000e+01 1.346239e+01
      vertex   -1.566622e+01 3.200000e+01 1.346239e+01
      vertex   -1.900000e+01 3.200000e+01 1.700000e+01
    endloop
  endfacet
  facet normal 0.000000e+00 1.000000e+00 0.000000e+00
    outer loop
      vertex   -1.900000e+01 3.200000e+01 1.700000e+01
      vertex   -1.566622e+01 3.200000e+01 1.346239e+01
      vertex   -1.600000e+01 3.200000e+01 1.350000e+01
    endloop
  endfacet
  facet normal 0.000000e+00 1.000000e+00 0.000000e+00
    outer loop
      vertex   -1.900000e+01 3.200000e+01 1.700000e+01
      vertex   -1.600000e+01 3.200000e+01 1.350000e+01
      vertex   -1.633378e+01 3.200000e+01 1.346239e+01
    endloop
  endfacet
  facet normal 0.000000e+00 1.000000e+00 0.000000e+00
    outer loop
      vertex   -1.633378e+01 3.200000e+01 1.346239e+01
      vertex   -1.665083e+01 3.200000e+01 1.335145e+01
      vertex   -1.900000e+01 3.200000e+01 1.700000e+01
    endloop
  endfacet
  facet normal 0.000000e+00 1.000000e+00 0.000000e+00
    outer loop
      vertex   -1.900000e+01 3.200000e+01 1.700000e+01
      vertex   -1.665083e+01 3.200000e+01 1.335145e+01
      vertex   -1.693523e+01 3.200000e+01 1.317275e+01
    endloop
  endfacet
  facet normal 0.000000e+00 1.000000e+00 0.000000e+00
    outer loop
      vertex   -1.900000e+01 3.200000e+01 1.700000e+01
      vertex   -1.693523e+01 3.200000e+01 1.317275e+01
      vertex   -1.717275e+01 3.200000e+01 1.293523e+01
    endloop
  endfacet
  facet normal 0.000000e+00 1.000000e+00 0.000000e+00
    outer loop
      vertex   -1.717275e+01 3.200000e+01 1.293523e+01
      vertex   -1.735145e+01 3.200000e+01 1.265083e+01
      vertex   -1.900000e+01 3.200000e+01 1.700000e+01
    endloop
  endfacet
  facet normal 0.000000e+00 1.000000e+00 0.000000e+00
    outer loop
      vertex   -1.900000e+01 3.200000e+01 1.700000e+01
      vertex   -1.735145e+01 3.200000e+01 1.265083e+01
      vertex   -1.746239e+01 3.200000e+01 1.233378e+01
    endloop
  endfacet
  facet normal 0.000000e+00 1.000000e+00 0.000000e+00
    outer loop
      vertex   -1.900000e+01 3.200000e+01 1.700000e+01
      vertex   -1.746239e+01 3.200000e+01 1.233378e+01
      vertex   -1.750000e+01 3.200000e+01 1.200000e+01
    endloop
  endfacet
  facet normal 0.000000e+00 9.937122e-01 -1.119645e-01
    outer loop
      vertex   -1.350000e+01 3.453761e+01 -1.866622e+01
      vertex   -1.175000e+01 3.453761e+01 -1.866622e+01
      vertex   -1.350000e+01 3.450000e+01 -1.900000e+01
    endloop
  endfacet
  facet normal 0.000000e+00 9.937122e-01 -1.119645e-01
    outer loop
      vertex   -1.350000e+01 3.450000e+01 -1.900000e+01
      vertex   -1.175000e+01 3.453761e+01 -1.866622e+01
      vertex   -1.175000e+01 3.450000e+01 -1.900000e+01
    endloop
  endfacet
  facet normal -0.000000e+00 9.937122e-01 1.119645e-01
    outer loop
      vertex   -1.350000e+01 3.450000e+01 -1.900000e+01
      vertex   -1.175000e+01 3.450000e+01 -1.900000e+01
      vertex   -1.350000e+01 3.453761e+01 -1.933378e+01
    endloop
  endfacet
  facet normal -0.000000e+00 9.937122e-01 1.119645e-01
    outer loop
      vertex   -1.350000e+01 3.453761e+01 -1.933378e+01
      vertex   -1.175000e+01 3.450000e+01 -1.900000e+01
      vertex   -1.175000e+01 3.453761e+01 -1.933378e+01
    endloop
  endfacet
  facet normal -0.000000e+00 9.438833e-01 3.302791e-01
    outer loop
      vertex   -1.350000e+01 3.453761e+01 -1.933378e+01
      vertex   -1.175000e+01 3.453761e+01 -1.933378e+01
      vertex   -1.350000e+01 3.464855e+01 -1.965083e+01
    endloop
  endfacet
  facet normal -0.000000e+00 9.438833e-01 3.302791e-01
    outer loop
      vertex   -1.350000e+01 3.464855e+01 -1.965083e+01
      vertex   -1.175000e+01 3.453761e+01 -1.933378e+01
      vertex   -1.175000e+01 3.464855e+01 -1.965083e+01
    endloop
  endfacet
  facet normal -0.000000e+00 8.467242e-01 5.320321e-01
    outer loop
      vertex   -1.350000e+01 3.464855e+01 -1.965083e+01
      vertex   -1.175000e+01 3.464855e+01 -1.965083e+01
      vertex   -1.350000e+01 3.482725e+01 -1.993523e+01
    endloop
  endfacet
  facet normal -0.000000e+00 8.467242e-01 5.320321e-01
    outer loop
      vertex   -1.350000e+01 3.482725e+01 -1.993523e+01
      vertex   -1.175000e+01 3.464855e+01 -1.965083e+01
      vertex   -1.175000e+01 3.482725e+01 -1.993523e+01
    endloop
  endfacet
  facet normal -0.000000e+00 7.071068e-01 7.071068e-01
    outer loop
      vertex   -1.350000e+01 3.482725e+01 -1.993523e+01
      vertex   -1.175000e+01 3.482725e+01 -1.993523e+01
      vertex   -1.350000e+01 3.506477e+01 -2.017275e+01
    endloop
  endfacet
  facet normal -0.000000e+00 7.071068e-01 7.071068e-01
    outer loop
      vertex   -1.350000e+01 3.506477e+01 -2.017275e+01
      vertex   -1.175000e+01 3.482725e+01 -1.993523e+01
      vertex   -1.175000e+01 3.506477e+01 -2.017275e+01
    endloop
  endfacet
  facet normal -0.000000e+00 5.320321e-01 8.467242e-01
    outer loop
      vertex   -1.350000e+01 3.506477e+01 -2.017275e+01
      vertex   -1.175000e+01 3.506477e+01 -2.017275e+01
      vertex   -1.350000e+01 3.534917e+01 -2.035145e+01
    endloop
  endfacet
  facet normal -0.000000e+00 5.320321e-01 8.467242e-01
    outer loop
      vertex   -1.350000e+01 3.534917e+01 -2.035145e+01
      vertex   -1.175000e+01 3.506477e+01 -2.017275e+01
      vertex   -1.175000e+01 3.534917e+01 -2.035145e+01
    endloop
  endfacet
  facet normal -0.000000e+00 3.302791e-01 9.438833e-01
    outer loop
      vertex   -1.350000e+01 3.534917e+01 -2.035145e+01
      vertex   -1.175000e+01 3.534917e+01 -2.035145e+01
      vertex   -1.350000e+01 3.566622e+01 -2.046239e+01
    endloop
  endfacet
  facet normal -0.000000e+00 3.302791e-01 9.438833e-01
    outer loop
      vertex   -1.350000e+01 3.566622e+01 -2.046239e+01
      vertex   -1.175000e+01 3.534917e+01 -2.035145e+01
      vertex   -1.175000e+01 3.566622e+01 -2.046239e+01
    endloop
  endfacet
  facet normal -0.000000e+00 1.119645e-01 9.937122e-01
    outer loop
      vertex   -1.350000e+01 3.566622e+01 -2.046239e+01
      vertex   -1.175000e+01 3.566622e+01 -2.046239e+01
      vertex   -1.350000e+01 3.600000e+01 -2.050000e+01
    endloop
  endfacet
  facet normal -0.000000e+00 1.119645e-01 9.937122e-01
    outer loop
      vertex   -1.350000e+01 3.600000e+01 -2.050000e+01
      vertex   -1.175000e+01 3.566622e+01 -2.046239e+01
      vertex   -1.175000e+01 3.600000e+01 -2.050000e+01
    endloop
  endfacet
  facet normal 0.000000e+00 -1.119645e-01 9.937122e-01
    outer loop
      vertex   -1.350000e+01 3.600000e+01 -2.050000e+01
      vertex   -1.175000e+01 3.600000e+01 -2.050000e+01
      vertex   -1.350000e+01 3.633378e+01 -2.046239e+01
    endloop
  endfacet
  facet normal 0.000000e+00 -1.119645e-01 9.937122e-01
    outer loop
      vertex   -1.350000e+01 3.633378e+01 -2.046239e+01
      vertex   -1.175000e+01 3.600000e+01 -2.050000e+01
      vertex   -1.175000e+01 3.633378e+01 -2.046239e+01
    endloop
  endfacet
  facet normal 0.000000e+00 -3.302791e-01 9.438833e-01
    outer loop
      vertex   -1.350000e+01 3.633378e+01 -2.046239e+01
      vertex   -1.175000e+01 3.633378e+01 -2.046239e+01
      vertex   -1.350000e+01 3.665083e+01 -2.035145e+01
    endloop
  endfacet
  facet normal 0.000000e+00 -3.302791e-01 9.438833e-01
    outer loop
      vertex   -1.350000e+01 3.665083e+01 -2.035145e+01
      vertex   -1.175000e+01 3.633378e+01 -2.046239e+01
      vertex   -1.175000e+01 3.665083e+01 -2.035145e+01
    endloop
  endfacet
  facet normal 0.000000e+00 -5.320321e-01 8.467242e-01
    outer loop
      vertex   -1.350000e+01 3.665083e+01 -2.035145e+01
      vertex   -1.175000e+01 3.665083e+01 -2.035145e+01
      vertex   -1.350000e+01 3.693523e+01 -2.017275e+01
    endloop
  endfacet
  facet normal 0.000000e+00 -5.320321e-01 8.467242e-01
    outer loop
      vertex   -1.350000e+01 3.693523e+01 -2.017275e+01
      vertex   -1.175000e+01 3.665083e+01 -2.035145e+01
      vertex   -1.175000e+01 3.693523e+01 -2.017275e+01
    endloop
  endfacet
  facet normal 0.000000e+00 -7.071068e-01 7.071068e-01
    outer loop
      vertex   -1.350000e+01 3.693523e+01 -2.017275e+01
      vertex   -1.175000e+01 3.693523e+01 -2.017275e+01
      vertex   -1.350000e+01 3.717275e+01 -1.993523e+01
    endloop
  endfacet
  facet normal 0.000000e+00 -7.071068e-01 7.071068e-01
    outer loop
      vertex   -1.350000e+01 3.717275e+01 -1.993523e+01
      vertex   -1.175000e+01 3.693523e+01 -2.017275e+01
      vertex   -1.175000e+01 3.717275e+01 -1.993523e+01
    endloop
  endfacet
  facet normal 0.000000e+00 -8.467242e-01 5.320321e-01
    outer loop
      vertex   -1.350000e+01 3.717275e+01 -1.993523e+01
      vertex   -1.175000e+01 3.717275e+01 -1.993523e+01
      vertex   -1.350000e+01 3.735145e+01 -1.965083e+01
    endloop
  endfacet
  facet normal 0.000000e+00 -8.467242e-01 5.320321e-01
    outer loop
      vertex   -1.350000e+01 3.735145e+01 -1.965083e+01
      vertex   -1.175000e+01 3.717275e+01 -1.993523e+01
      vertex   -1.175000e+01 3.735145e+01 -1.965083e+01
    endloop
  endfacet
  facet normal 0.000000e+00 -9.438833e-01 3.302791e-01
    outer loop
      vertex   -1.350000e+01 3.735145e+01 -1.965083e+01
      vertex   -1.175000e+01 3.735145e+01 -1.965083e+01
      vertex   -1.350000e+01 3.746239e+01 -1.933378e+01
    endloop
  endfacet
  facet normal 0.000000e+00 -9.438833e-01 3.302791e-01
    outer loop
      vertex   -1.350000e+01 3.746239e+01 -1.933378e+01
      vertex   -1.175000e+01 3.735145e+01 -1.965083e+01
      vertex   -1.175000e+01 3.746239e+01 -1.933378e+01
    endloop
  endfacet
  facet normal 0.000000e+00 -9.937122e-01 1.119645e-01
    outer loop
      vertex   -1.350000e+01 3.746239e+01 -1.933378e+01
      vertex   -1.175000e+01 3.746239e+01 -1.933378e+01
      vertex   -1.350000e+01 3.750000e+01 -1.900000e+01
    endloop
  endfacet
  facet normal 0.000000e+00 -9.937122e-01 1.119645e-01
    outer loop
      vertex   -1.350000e+01 3.750000e+01 -1.900000e+01
      vertex   -1.175000e+01 3.746239e+01 -1.933378e+01
      vertex   -1.175000e+01 3.750000e+01 -1.900000e+01
    endloop
  endfacet
  facet normal 0.000000e+00 -9.937122e-01 -1.119645e-01
    outer loop
      vertex   -1.350000e+01 3.750000e+01 -1.900000e+01
      vertex   -1.175000e+01 3.750000e+01 -1.900000e+01
      vertex   -1.350000e+01 3.746239e+01 -1.866622e+01
    endloop
  endfacet
  facet normal 0.000000e+00 -9.937122e-01 -1.119645e-01
    outer loop
      vertex   -1.350000e+01 3.746239e+01 -1.866622e+01
      vertex   -1.175000e+01 3.750000e+01 -1.900000e+01
      vertex   -1.175000e+01 3.746239e+01 -1.866622e+01
    endloop
  endfacet
  facet normal 0.000000e+00 -9.438833e-01 -3.302791e-01
    outer loop
      vertex   -1.350000e+01 3.746239e+01 -1.866622e+01
      vertex   -1.175000e+01 3.746239e+01 -1.866622e+01
      vertex   -1.350000e+01 3.735145e+01 -1.834917e+01
    endloop
  endfacet
  facet normal 0.000000e+00 -9.438833e-01 -3.302791e-01
    outer loop
      vertex   -1.350000e+01 3.735145e+01 -1.834917e+01
      vertex   -1.175000e+01 3.746239e+01 -1.866622e+01
      vertex   -1.175000e+01 3.735145e+01 -1.834917e+01
    endloop
  endfacet
  facet normal 0.000000e+00 -8.467242e-01 -5.320321e-01
    outer loop
      vertex   -1.350000e+01 3.735145e+01 -1.834917e+01
      vertex   -1.175000e+01 3.735145e+01 -1.834917e+01
      vertex   -1.350000e+01 3.717275e+01 -1.806477e+01
    endloop
  endfacet
  facet normal 0.000000e+00 -8.467242e-01 -5.320321e-01
    outer loop
      vertex   -1.350000e+01 3.717275e+01 -1.806477e+01
      vertex   -1.175000e+01 3.735145e+01 -1.834917e+01
      vertex   -1.175000e+01 3.717275e+01 -1.806477e+01
    endloop
  endfacet
  facet normal 0.000000e+00 -7.071068e-01 -7.071068e-01
    outer loop
      vertex   -1.350000e+01 3.717275e+01 -1.806477e+01
      vertex   -1.175000e+01 3.717275e+01 -1.806477e+01
      vertex   -1.350000e+01 3.693523e+01 -1.782725e+01
    endloop
  endfacet
  facet normal 0.000000e+00 -7.071068e-01 -7.071068e-01
    outer loop
      vertex   -1.350000e+01 3.693523e+01 -1.782725e+01
      vertex   -1.175000e+01 3.717275e+01 -1.806477e+01
      vertex   -1.175000e+01 3.693523e+01 -1.782725e+01
    endloop
  endfacet
  facet normal 0.000000e+00 -5.320321e-01 -8.467242e-01
    outer loop
      vertex   -1.350000e+01 3.693523e+01 -1.782725e+01
      vertex   -1.175000e+01 3.693523e+01 -1.782725e+01
      vertex   -1.350000e+01 3.665083e+01 -1.764855e+01
    endloop
  endfacet
  facet normal 0.000000e+00 -5.320321e-01 -8.467242e-01
    outer loop
      vertex   -1.350000e+01 3.665083e+01 -1.764855e+01
      vertex   -1.175000e+01 3.693523e+01 -1.782725e+01
      vertex   -1.175000e+01 3.665083e+01 -1.764855e+01
    endloop
  endfacet
  facet normal 0.000000e+00 -3.302791e-01 -9.438833e-01
    outer loop
      vertex   -1.350000e+01 3.665083e+01 -1.764855e+01
      vertex   -1.175000e+01 3.665083e+01 -1.764855e+01
      vertex   -1.350000e+01 3.633378e+01 -1.753761e+01
    endloop
  endfacet
  facet normal 0.000000e+00 -3.302791e-01 -9.438833e-01
    outer loop
      vertex   -1.350000e+01 3.633378e+01 -1.753761e+01
      vertex   -1.175000e+01 3.665083e+01 -1.764855e+01
      vertex   -1.175000e+01 3.633378e+01 -1.753761e+01
    endloop
  endfacet
  facet normal 0.000000e+00 -1.119645e-01 -9.937122e-01
    outer loop
      vertex   -1.350000e+01 3.633378e+01 -1.753761e+01
      vertex   -1.175000e+01 3.633378e+01 -1.753761e+01
      vertex   -1.350000e+01 3.600000e+01 -1.750000e+01
    endloop
  endfacet
  facet normal 0.000000e+00 -1.119645e-01 -9.937122e-01
    outer loop
      vertex   -1.350000e+01 3.600000e+01 -1.750000e+01
      vertex   -1.175000e+01 3.633378e+01 -1.753761e+01
      vertex   -1.175000e+01 3.600000e+01 -1.750000e+01
    endloop
  endfacet
  facet normal 0.000000e+00 1.119645e-01 -9.937122e-01
    outer loop
      vertex   -1.350000e+01 3.600000e+01 -1.750000e+01
      vertex   -1.175000e+01 3.600000e+01 -1.750000e+01
      vertex   -1.350000e+01 3.566622e+01 -1.753761e+01
    endloop
  endfacet
  facet normal 0.000000e+00 1.119645e-01 -9.937122e-01
    outer loop
      vertex   -1.350000e+01 3.566622e+01 -1.753761e+01
      vertex   -1.175000e+01 3.600000e+01 -1.750000e+01
      vertex   -1.175000e+01 3.566622e+01 -1.753761e+01
    endloop
  endfacet
  facet normal 0.000000e+00 3.302791e-01 -9.438833e-01
    outer loop
      vertex   -1.350000e+01 3.566622e+01 -1.753761e+01
      vertex   -1.175000e+01 3.566622e+01 -1.753761e+01
      vertex   -1.350000e+01 3.534917e+01 -1.764855e+01
    endloop
  endfacet
  facet normal 0.000000e+00 3.302791e-01 -9.438833e-01
    outer loop
      vertex   -1.350000e+01 3.534917e+01 -1.764855e+01
      vertex   -1.175000e+01 3.566622e+01 -1.753761e+01
      vertex   -1.175000e+01 3.534917e+01 -1.764855e+01
    endloop
  endfacet
  facet normal 0.000000e+00 5.320321e-01 -8.467242e-01
    outer loop
      vertex   -1.350000e+01 3.534917e+01 -1.764855e+01
      vertex   -1.175000e+01 3.534917e+01 -1.764855e+01
      vertex   -1.350000e+01 3.506477e+01 -1.782725e+01
    endloop
  endfacet
  facet normal 0.000000e+00 5.320321e-01 -8.467242e-01
    outer loop
      vertex   -1.350000e+01 3.506477e+01 -1.782725e+01
      vertex   -1.175000e+01 3.534917e+01 -1.764855e+01
      vertex   -1.175000e+01 3.506477e+01 -1.782725e+01
    endloop
  endfacet
  facet normal 0.000000e+00 7.071068e-01 -7.071068e-01
    outer loop
      vertex   -1.350000e+01 3.506477e+01 -1.782725e+01
      vertex   -1.175000e+01 3.506477e+01 -1.782725e+01
      vertex   -1.350000e+01 3.482725e+01 -1.806477e+01
    endloop
  endfacet
  facet normal 0.000000e+00 7.071068e-01 -7.071068e-01
    outer loop
      vertex   -1.350000e+01 3.482725e+01 -1.806477e+01
      vertex   -1.175000e+01 3.506477e+01 -1.782725e+01
      vertex   -1.175000e+01 3.482725e+01 -1.806477e+01
    endloop
  endfacet
  facet normal 0.000000e+00 8.467242e-01 -5.320321e-01
    outer loop
      vertex   -1.350000e+01 3.482725e+01 -1.806477e+01
      vertex   -1.175000e+01 3.482725e+01 -1.806477e+01
      vertex   -1.350000e+01 3.464855e+01 -1.834917e+01
    endloop
  endfacet
  facet normal 0.000000e+00 8.467242e-01 -5.320321e-01
    outer loop
      vertex   -1.350000e+01 3.464855e+01 -1.834917e+01
      vertex   -1.175000e+01 3.482725e+01 -1.806477e+01
      vertex   -1.175000e+01 3.464855e+01 -1.834917e+01
    endloop
  endfacet
  facet normal 0.000000e+00 9.438833e-01 -3.302791e-01
    outer loop
      vertex   -1.350000e+01 3.464855e+01 -1.834917e+01
      vertex   -1.175000e+01 3.464855e+01 -1.834917e+01
      vertex   -1.350000e+01 3.453761e+01 -1.866622e+01
    endloop
  endfacet
  facet normal 0.000000e+00 9.438833e-01 -3.302791e-01
    outer loop
      vertex   -1.350000e+01 3.453761e+01 -1.866622e+01
      vertex   -1.175000e+01 3.464855e+01 -1.834917e+01
      vertex   -1.175000e+01 3.453761e+01 -1.866622e+01
    endloop
  endfacet
  facet normal -0.000000e+00 0.000000e+00 1.000000e+00
    outer loop
      vertex   -1.700000e+01 3.802073e+01 -2.250000e+01
      vertex   -1.700000e+01 3.397927e+01 -2.250000e+01
      vertex   -1.350000e+01 3.802073e+01 -2.250000e+01
    endloop
  endfacet
  facet normal 0.000000e+00 0.000000e+00 1.000000e+00
    outer loop
      vertex   -1.350000e+01 3.802073e+01 -2.250000e+01
      vertex   -1.700000e+01 3.397927e+01 -2.250000e+01
      vertex   -1.350000e+01 3.397927e+01 -2.250000e+01
    endloop
  endfacet
  facet normal 0.000000e+00 -8.660254e-01 5.000000e-01
    outer loop
      vertex   -1.700000e+01 4.004145e+01 -1.900000e+01
      vertex   -1.700000e+01 3.802073e+01 -2.250000e+01
      vertex   -1.350000e+01 4.004145e+01 -1.900000e+01
    endloop
  endfacet
  facet normal 0.000000e+00 -8.660254e-01 5.000000e-01
    outer loop
      vertex   -1.350000e+01 4.004145e+01 -1.900000e+01
      vertex   -1.700000e+01 3.802073e+01 -2.250000e+01
      vertex   -1.350000e+01 3.802073e+01 -2.250000e+01
    endloop
  endfacet
  facet normal 0.000000e+00 -8.660254e-01 -5.000000e-01
    outer loop
      vertex   -1.700000e+01 3.802073e+01 -1.550000e+01
      vertex   -1.700000e+01 4.004145e+01 -1.900000e+01
      vertex   -1.350000e+01 3.802073e+01 -1.550000e+01
    endloop
  endfacet
  facet normal 0.000000e+00 -8.660254e-01 -5.000000e-01
    outer loop
      vertex   -1.350000e+01 3.802073e+01 -1.550000e+01
      vertex   -1.700000e+01 4.004145e+01 -1.900000e+01
      vertex   -1.350000e+01 4.004145e+01 -1.900000e+01
    endloop
  endfacet
  facet normal 0.000000e+00 0.000000e+00 -1.000000e+00
    outer loop
      vertex   -1.700000e+01 3.397927e+01 -1.550000e+01
      vertex   -1.700000e+01 3.802073e+01 -1.550000e+01
      vertex   -1.350000e+01 3.397927e+01 -1.550000e+01
    endloop
  endfacet
  facet normal 0.000000e+00 0.000000e+00 -1.000000e+00
    outer loop
      vertex   -1.350000e+01 3.397927e+01 -1.550000e+01
      vertex   -1.700000e+01 3.802073e+01 -1.550000e+01
      vertex   -1.350000e+01 3.802073e+01 -1.550000e+01
    endloop
  endfacet
  facet normal 0.000000e+00 8.660254e-01 -5.000000e-01
    outer loop
      vertex   -1.700000e+01 3.195855e+01 -1.900000e+01
      vertex   -1.700000e+01 3.397927e+01 -1.550000e+01
      vertex   -1.350000e+01 3.195855e+01 -1.900000e+01
    endloop
  endfacet
  facet normal 0.000000e+00 8.660254e-01 -5.000000e-01
    outer loop
      vertex   -1.350000e+01 3.195855e+01 -1.900000e+01
      vertex   -1.700000e+01 3.397927e+01 -1.550000e+01
      vertex   -1.350000e+01 3.397927e+01 -1.550000e+01
    endloop
  endfacet
  facet normal -0.000000e+00 8.660254e-01 5.000000e-01
    outer loop
      vertex   -1.700000e+01 3.397927e+01 -2.250000e+01
      vertex   -1.700000e+01 3.195855e+01 -1.900000e+01
      vertex   -1.350000e+01 3.397927e+01 -2.250000e+01
    endloop
  endfacet
  facet normal 0.000000e+00 8.660254e-01 5.000000e-01
    outer loop
      vertex   -1.350000e+01 3.397927e+01 -2.250000e+01
      vertex   -1.700000e+01 3.195855e+01 -1.900000e+01
      vertex   -1.350000e+01 3.195855e+01 -1.900000e+01
    endloop
  endfacet
  facet normal -1.000000e+00 0.000000e+00 0.000000e+00
    outer loop
      vertex   -1.350000e+01 3.453761e+01 -1.866622e+01
      vertex   -1.350000e+01 3.450000e+01 -1.900000e+01
      vertex   -1.350000e+01 3.195855e+01 -1.900000e+01
    endloop
  endfacet
  facet normal -1.000000e+00 0.000000e+00 0.000000e+00
    outer loop
      vertex   -1.350000e+01 3.195855e+01 -1.900000e+01
      vertex   -1.350000e+01 3.450000e+01 -1.900000e+01
      vertex   -1.350000e+01 3.453761e+01 -1.933378e+01
    endloop
  endfacet
  facet normal -1.000000e+00 0.000000e+00 0.000000e+00
    outer loop
      vertex   -1.350000e+01 3.195855e+01 -1.900000e+01
      vertex   -1.350000e+01 3.453761e+01 -1.933378e+01
      vertex   -1.350000e+01 3.464855e+01 -1.965083e+01
    endloop
  endfacet
  facet normal -1.000000e+00 -0.000000e+00 -0.000000e+00
    outer loop
      vertex   -1.350000e+01 3.464855e+01 -1.965083e+01
      vertex   -1.350000e+01 3.482725e+01 -1.993523e+01
      vertex   -1.350000e+01 3.195855e+01 -1.900000e+01
    endloop
  endfacet
  facet normal -1.000000e+00 0.000000e+00 0.000000e+00
    outer loop
      vertex   -1.350000e+01 3.195855e+01 -1.900000e+01
      vertex   -1.350000e+01 3.482725e+01 -1.993523e+01
      vertex   -1.350000e+01 3.397927e+01 -2.250000e+01
    endloop
  endfacet
  facet normal -1.000000e+00 0.000000e+00 0.000000e+00
    outer loop
      vertex   -1.350000e+01 3.397927e+01 -2.250000e+01
      vertex   -1.350000e+01 3.482725e+01 -1.993523e+01
      vertex   -1.350000e+01 3.506477e+01 -2.017275e+01
    endloop
  endfacet
  facet normal -1.000000e+00 0.000000e+00 0.000000e+00
    outer loop
      vertex   -1.350000e+01 3.397927e+01 -2.250000e+01
      vertex   -1.350000e+01 3.506477e+01 -2.017275e+01
      vertex   -1.350000e+01 3.534917e+01 -2.035145e+01
    endloop
  endfacet
  facet normal -1.000000e+00 0.000000e+00 -0.000000e+00
    outer loop
      vertex   -1.350000e+01 3.534917e+01 -2.035145e+01
      vertex   -1.350000e+01 3.566622e+01 -2.046239e+01
      vertex   -1.350000e+01 3.397927e+01 -2.250000e+01
    endloop
  endfacet
  facet normal -1.000000e+00 0.000000e+00 0.000000e+00
    outer loop
      vertex   -1.350000e+01 3.397927e+01 -2.250000e+01
      vertex   -1.350000e+01 3.566622e+01 -2.046239e+01
      vertex   -1.350000e+01 3.600000e+01 -2.050000e+01
    endloop
  endfacet
  facet normal -1.000000e+00 0.000000e+00 0.000000e+00
    outer loop
      vertex   -1.350000e+01 3.397927e+01 -2.250000e+01
      vertex   -1.350000e+01 3.600000e+01 -2.050000e+01
      vertex   -1.350000e+01 3.802073e+01 -2.250000e+01
    endloop
  endfacet
  facet normal -1.000000e+00 0.000000e+00 0.000000e+00
    outer loop
      vertex   -1.350000e+01 3.802073e+01 -2.250000e+01
      vertex   -1.350000e+01 3.600000e+01 -2.050000e+01
      vertex   -1.350000e+01 3.633378e+01 -2.046239e+01
    endloop
  endfacet
  facet normal -1.000000e+00 0.000000e+00 0.000000e+00
    outer loop
      vertex   -1.350000e+01 3.802073e+01 -2.250000e+01
      vertex   -1.350000e+01 3.633378e+01 -2.046239e+01
      vertex   -1.350000e+01 3.665083e+01 -2.035145e+01
    endloop
  endfacet
  facet normal -1.000000e+00 0.000000e+00 0.000000e+00
    outer loop
      vertex   -1.350000e+01 3.665083e+01 -2.035145e+01
      vertex   -1.350000e+01 3.693523e+01 -2.017275e+01
      vertex   -1.350000e+01 3.802073e+01 -2.250000e+01
    endloop
  endfacet
  facet normal -1.000000e+00 0.000000e+00 0.000000e+00
    outer loop
      vertex   -1.350000e+01 3.802073e+01 -2.250000e+01
      vertex   -1.350000e+01 3.693523e+01 -2.017275e+01
      vertex   -1.350000e+01 3.717275e+01 -1.993523e+01
    endloop
  endfacet
  facet normal -1.000000e+00 0.000000e+00 0.000000e+00
    outer loop
      vertex   -1.350000e+01 3.802073e+01 -2.250000e+01
      vertex   -1.350000e+01 3.717275e+01 -1.993523e+01
      vertex   -1.350000e+01 4.004145e+01 -1.900000e+01
    endloop
  endfacet
  facet normal -1.000000e+00 0.000000e+00 0.000000e+00
    outer loop
      vertex   -1.350000e+01 4.004145e+01 -1.900000e+01
      vertex   -1.350000e+01 3.717275e+01 -1.993523e+01
      vertex   -1.350000e+01 3.735145e+01 -1.965083e+01
    endloop
  endfacet
  facet normal -1.000000e+00 0.000000e+00 0.000000e+00
    outer loop
      vertex   -1.350000e+01 4.004145e+01 -1.900000e+01
      vertex   -1.350000e+01 3.735145e+01 -1.965083e+01
      vertex   -1.350000e+01 3.746239e+01 -1.933378e+01
    endloop
  endfacet
  facet normal -1.000000e+00 0.000000e+00 0.000000e+00
    outer loop
      vertex   -1.350000e+01 3.746239e+01 -1.933378e+01
      vertex   -1.350000e+01 3.750000e+01 -1.900000e+01
      vertex   -1.350000e+01 4.004145e+01 -1.900000e+01
    endloop
  endfacet
  facet normal -1.000000e+00 0.000000e+00 0.000000e+00
    outer loop
      vertex   -1.350000e+01 4.004145e+01 -1.900000e+01
      vertex   -1.350000e+01 3.750000e+01 -1.900000e+01
      vertex   -1.350000e+01 3.746239e+01 -1.866622e+01
    endloop
  endfacet
  facet normal -1.000000e+00 0.000000e+00 0.000000e+00
    outer loop
      vertex   -1.350000e+01 4.004145e+01 -1.900000e+01
      vertex   -1.350000e+01 3.746239e+01 -1.866622e+01
      vertex   -1.350000e+01 3.735145e+01 -1.834917e+01
    endloop
  endfacet
  facet normal -1.000000e+00 0.000000e+00 0.000000e+00
    outer loop
      vertex   -1.350000e+01 3.735145e+01 -1.834917e+01
      vertex   -1.350000e+01 3.717275e+01 -1.806477e+01
      vertex   -1.350000e+01 4.004145e+01 -1.900000e+01
    endloop
  endfacet
  facet normal -1.000000e+00 0.000000e+00 0.000000e+00
    outer loop
      vertex   -1.350000e+01 4.004145e+01 -1.900000e+01
      vertex   -1.350000e+01 3.717275e+01 -1.806477e+01
      vertex   -1.350000e+01 3.802073e+01 -1.550000e+01
    endloop
  endfacet
  facet normal -1.000000e+00 0.000000e+00 0.000000e+00
    outer loop
      vertex   -1.350000e+01 3.802073e+01 -1.550000e+01
      vertex   -1.350000e+01 3.717275e+01 -1.806477e+01
      vertex   -1.350000e+01 3.693523e+01 -1.782725e+01
    endloop
  endfacet
  facet normal -1.000000e+00 0.000000e+00 0.000000e+00
    outer loop
      vertex   -1.350000e+01 3.802073e+01 -1.550000e+01
      vertex   -1.350000e+01 3.693523e+01 -1.782725e+01
      vertex   -1.350000e+01 3.665083e+01 -1.764855e+01
    endloop
  endfacet
  facet normal -1.000000e+00 0.000000e+00 0.000000e+00
    outer loop
      vertex   -1.350000e+01 3.665083e+01 -1.764855e+01
      vertex   -1.350000e+01 3.633378e+01 -1.753761e+01
      vertex   -1.350000e+01 3.802073e+01 -1.550000e+01
    endloop
  endfacet
  facet normal -1.000000e+00 0.000000e+00 0.000000e+00
    outer loop
      vertex   -1.350000e+01 3.802073e+01 -1.550000e+01
      vertex   -1.350000e+01 3.633378e+01 -1.753761e+01
      vertex   -1.350000e+01 3.600000e+01 -1.750000e+01
    endloop
  endfacet
  facet normal -1.000000e+00 -0.000000e+00 0.000000e+00
    outer loop
      vertex   -1.350000e+01 3.802073e+01 -1.550000e+01
      vertex   -1.350000e+01 3.600000e+01 -1.750000e+01
      vertex   -1.350000e+01 3.397927e+01 -1.550000e+01
    endloop
  endfacet
  facet normal -1.000000e+00 0.000000e+00 0.000000e+00
    outer loop
      vertex   -1.350000e+01 3.397927e+01 -1.550000e+01
      vertex   -1.350000e+01 3.600000e+01 -1.750000e+01
      vertex   -1.350000e+01 3.566622e+01 -1.753761e+01
    endloop
  endfacet
  facet normal -1.000000e+00 0.000000e+00 0.000000e+00
    outer loop
      vertex   -1.350000e+01 3.397927e+01 -1.550000e+01
      vertex   -1.350000e+01 3.566622e+01 -1.753761e+01
      vertex   -1.350000e+01 3.534917e+01 -1.764855e+01
    endloop
  endfacet
  facet normal -1.000000e+00 -0.000000e+00 0.000000e+00
    outer loop
      vertex   -1.350000e+01 3.534917e+01 -1.764855e+01
      vertex   -1.350000e+01 3.506477e+01 -1.782725e+01
      vertex   -1.350000e+01 3.397927e+01 -1.550000e+01
    endloop
  endfacet
  facet normal -1.000000e+00 0.000000e+00 0.000000e+00
    outer loop
      vertex   -1.350000e+01 3.397927e+01 -1.550000e+01
      vertex   -1.350000e+01 3.506477e+01 -1.782725e+01
      vertex   -1.350000e+01 3.482725e+01 -1.806477e+01
    endloop
  endfacet
  facet normal -1.000000e+00 0.000000e+00 -0.000000e+00
    outer loop
      vertex   -1.350000e+01 3.397927e+01 -1.550000e+01
      vertex   -1.350000e+01 3.482725e+01 -1.806477e+01
      vertex   -1.350000e+01 3.195855e+01 -1.900000e+01
    endloop
  endfacet
  facet normal -1.000000e+00 0.000000e+00 0.000000e+00
    outer loop
      vertex   -1.350000e+01 3.195855e+01 -1.900000e+01
      vertex   -1.350000e+01 3.482725e+01 -1.806477e+01
      vertex   -1.350000e+01 3.464855e+01 -1.834917e+01
    endloop
  endfacet
  facet normal -1.000000e+00 0.000000e+00 0.000000e+00
    outer loop
      vertex   -1.350000e+01 3.195855e+01 -1.900000e+01
      vertex   -1.350000e+01 3.464855e+01 -1.834917e+01
      vertex   -1.350000e+01 3.453761e+01 -1.866622e+01
    endloop
  endfacet
  facet normal 9.937122e-01 -0.000000e+00 1.119645e-01
    outer loop
      vertex   -1.546239e+01 3.900000e+01 -1.133378e+01
      vertex   -1.546239e+01 4.500000e+01 -1.133378e+01
      vertex   -1.550000e+01 3.900000e+01 -1.100000e+01
    endloop
  endfacet
  facet normal 9.937122e-01 -0.000000e+00 1.119645e-01
    outer loop
      vertex   -1.550000e+01 3.900000e+01 -1.100000e+01
      vertex   -1.546239e+01 4.500000e+01 -1.133378e+01
      vertex   -1.550000e+01 4.500000e+01 -1.100000e+01
    endloop
  endfacet
  facet normal 9.937122e-01 0.000000e+00 -1.119645e-01
    outer loop
      vertex   -1.550000e+01 3.900000e+01 -1.100000e+01
      vertex   -1.550000e+01 4.500000e+01 -1.100000e+01
      vertex   -1.546239e+01 3.900000e+01 -1.066622e+01
    endloop
  endfacet
  facet normal 9.937122e-01 0.000000e+00 -1.119645e-01
    outer loop
      vertex   -1.546239e+01 3.900000e+01 -1.066622e+01
      vertex   -1.550000e+01 4.500000e+01 -1.100000e+01
      vertex   -1.546239e+01 4.500000e+01 -1.066622e+01
    endloop
  endfacet
  facet normal 9.438833e-01 0.000000e+00 -3.302791e-01
    outer loop
      vertex   -1.546239e+01 3.900000e+01 -1.066622e+01
      vertex   -1.546239e+01 4.500000e+01 -1.066622e+01
      vertex   -1.535145e+01 3.900000e+01 -1.034917e+01
    endloop
  endfacet
  facet normal 9.438833e-01 0.000000e+00 -3.302791e-01
    outer loop
      vertex   -1.535145e+01 3.900000e+01 -1.034917e+01
      vertex   -1.546239e+01 4.500000e+01 -1.066622e+01
      vertex   -1.535145e+01 4.500000e+01 -1.034917e+01
    endloop
  endfacet
  facet normal 8.467242e-01 0.000000e+00 -5.320321e-01
    outer loop
      vertex   -1.535145e+01 3.900000e+01 -1.034917e+01
      vertex   -1.535145e+01 4.500000e+01 -1.034917e+01
      vertex   -1.517275e+01 3.900000e+01 -1.006477e+01
    endloop
  endfacet
  facet normal 8.467242e-01 0.000000e+00 -5.320321e-01
    outer loop
      vertex   -1.517275e+01 3.900000e+01 -1.006477e+01
      vertex   -1.535145e+01 4.500000e+01 -1.034917e+01
      vertex   -1.517275e+01 4.500000e+01 -1.006477e+01
    endloop
  endfacet
  facet normal 7.071068e-01 0.000000e+00 -7.071068e-01
    outer loop
      vertex   -1.517275e+01 3.900000e+01 -1.006477e+01
      vertex   -1.517275e+01 4.500000e+01 -1.006477e+01
      vertex   -1.493523e+01 3.900000e+01 -9.827253e+00
    endloop
  endfacet
  facet normal 7.071068e-01 0.000000e+00 -7.071068e-01
    outer loop
      vertex   -1.493523e+01 3.900000e+01 -9.827253e+00
      vertex   -1.517275e+01 4.500000e+01 -1.006477e+01
      vertex   -1.493523e+01 4.500000e+01 -9.827253e+00
    endloop
  endfacet
  facet normal 5.320321e-01 0.000000e+00 -8.467242e-01
    outer loop
      vertex   -1.493523e+01 3.900000e+01 -9.827253e+00
      vertex   -1.493523e+01 4.500000e+01 -9.827253e+00
      vertex   -1.465083e+01 3.900000e+01 -9.648547e+00
    endloop
  endfacet
  facet normal 5.320321e-01 0.000000e+00 -8.467242e-01
    outer loop
      vertex   -1.465083e+01 3.900000e+01 -9.648547e+00
      vertex   -1.493523e+01 4.500000e+01 -9.827253e+00
      vertex   -1.465083e+01 4.500000e+01 -9.648547e+00
    endloop
  endfacet
  facet normal 3.302791e-01 0.000000e+00 -9.438833e-01
    outer loop
      vertex   -1.465083e+01 3.900000e+01 -9.648547e+00
      vertex   -1.465083e+01 4.500000e+01 -9.648547e+00
      vertex   -1.433378e+01 3.900000e+01 -9.537608e+00
    endloop
  endfacet
  facet normal 3.302791e-01 0.000000e+00 -9.438833e-01
    outer loop
      vertex   -1.433378e+01 3.900000e+01 -9.537608e+00
      vertex   -1.465083e+01 4.500000e+01 -9.648547e+00
      vertex   -1.433378e+01 4.500000e+01 -9.537608e+00
    endloop
  endfacet
  facet normal 1.119645e-01 0.000000e+00 -9.937122e-01
    outer loop
      vertex   -1.433378e+01 3.900000e+01 -9.537608e+00
      vertex   -1.433378e+01 4.500000e+01 -9.537608e+00
      vertex   -1.400000e+01 3.900000e+01 -9.500000e+00
    endloop
  endfacet
  facet normal 1.119645e-01 0.000000e+00 -9.937122e-01
    outer loop
      vertex   -1.400000e+01 3.900000e+01 -9.500000e+00
      vertex   -1.433378e+01 4.500000e+01 -9.537608e+00
      vertex   -1.400000e+01 4.500000e+01 -9.500000e+00
    endloop
  endfacet
  facet normal -1.119645e-01 0.000000e+00 -9.937122e-01
    outer loop
      vertex   -1.400000e+01 3.900000e+01 -9.500000e+00
      vertex   -1.400000e+01 4.500000e+01 -9.500000e+00
      vertex   -1.366622e+01 3.900000e+01 -9.537608e+00
    endloop
  endfacet
  facet normal -1.119645e-01 0.000000e+00 -9.937122e-01
    outer loop
      vertex   -1.366622e+01 3.900000e+01 -9.537608e+00
      vertex   -1.400000e+01 4.500000e+01 -9.500000e+00
      vertex   -1.366622e+01 4.500000e+01 -9.537608e+00
    endloop
  endfacet
  facet normal -3.302791e-01 0.000000e+00 -9.438833e-01
    outer loop
      vertex   -1.366622e+01 3.900000e+01 -9.537608e+00
      vertex   -1.366622e+01 4.500000e+01 -9.537608e+00
      vertex   -1.334917e+01 3.900000e+01 -9.648547e+00
    endloop
  endfacet
  facet normal -3.302791e-01 0.000000e+00 -9.438833e-01
    outer loop
      vertex   -1.334917e+01 3.900000e+01 -9.648547e+00
      vertex   -1.366622e+01 4.500000e+01 -9.537608e+00
      vertex   -1.334917e+01 4.500000e+01 -9.648547e+00
    endloop
  endfacet
  facet normal -5.320321e-01 0.000000e+00 -8.467242e-01
    outer loop
      vertex   -1.334917e+01 3.900000e+01 -9.648547e+00
      vertex   -1.334917e+01 4.500000e+01 -9.648547e+00
      vertex   -1.306477e+01 3.900000e+01 -9.827253e+00
    endloop
  endfacet
  facet normal -5.320321e-01 0.000000e+00 -8.467242e-01
    outer loop
      vertex   -1.306477e+01 3.900000e+01 -9.827253e+00
      vertex   -1.334917e+01 4.500000e+01 -9.648547e+00
      vertex   -1.306477e+01 4.500000e+01 -9.827253e+00
    endloop
  endfacet
  facet normal -7.071068e-01 0.000000e+00 -7.071068e-01
    outer loop
      vertex   -1.306477e+01 3.900000e+01 -9.827253e+00
      vertex   -1.306477e+01 4.500000e+01 -9.827253e+00
      vertex   -1.282725e+01 3.900000e+01 -1.006477e+01
    endloop
  endfacet
  facet normal -7.071068e-01 0.000000e+00 -7.071068e-01
    outer loop
      vertex   -1.282725e+01 3.900000e+01 -1.006477e+01
      vertex   -1.306477e+01 4.500000e+01 -9.827253e+00
      vertex   -1.282725e+01 4.500000e+01 -1.006477e+01
    endloop
  endfacet
  facet normal -8.467242e-01 0.000000e+00 -5.320321e-01
    outer loop
      vertex   -1.282725e+01 3.900000e+01 -1.006477e+01
      vertex   -1.282725e+01 4.500000e+01 -1.006477e+01
      vertex   -1.264855e+01 3.900000e+01 -1.034917e+01
    endloop
  endfacet
  facet normal -8.467242e-01 0.000000e+00 -5.320321e-01
    outer loop
      vertex   -1.264855e+01 3.900000e+01 -1.034917e+01
      vertex   -1.282725e+01 4.500000e+01 -1.006477e+01
      vertex   -1.264855e+01 4.500000e+01 -1.034917e+01
    endloop
  endfacet
  facet normal -9.438833e-01 0.000000e+00 -3.302791e-01
    outer loop
      vertex   -1.264855e+01 3.900000e+01 -1.034917e+01
      vertex   -1.264855e+01 4.500000e+01 -1.034917e+01
      vertex   -1.253761e+01 3.900000e+01 -1.066622e+01
    endloop
  endfacet
  facet normal -9.438833e-01 0.000000e+00 -3.302791e-01
    outer loop
      vertex   -1.253761e+01 3.900000e+01 -1.066622e+01
      vertex   -1.264855e+01 4.500000e+01 -1.034917e+01
      vertex   -1.253761e+01 4.500000e+01 -1.066622e+01
    endloop
  endfacet
  facet normal -9.937122e-01 0.000000e+00 -1.119645e-01
    outer loop
      vertex   -1.253761e+01 3.900000e+01 -1.066622e+01
      vertex   -1.253761e+01 4.500000e+01 -1.066622e+01
      vertex   -1.250000e+01 3.900000e+01 -1.100000e+01
    endloop
  endfacet
  facet normal -9.937122e-01 0.000000e+00 -1.119645e-01
    outer loop
      vertex   -1.250000e+01 3.900000e+01 -1.100000e+01
      vertex   -1.253761e+01 4.500000e+01 -1.066622e+01
      vertex   -1.250000e+01 4.500000e+01 -1.100000e+01
    endloop
  endfacet
  facet normal -9.937122e-01 0.000000e+00 1.119645e-01
    outer loop
      vertex   -1.250000e+01 3.900000e+01 -1.100000e+01
      vertex   -1.250000e+01 4.500000e+01 -1.100000e+01
      vertex   -1.253761e+01 3.900000e+01 -1.133378e+01
    endloop
  endfacet
  facet normal -9.937122e-01 0.000000e+00 1.119645e-01
    outer loop
      vertex   -1.253761e+01 3.900000e+01 -1.133378e+01
      vertex   -1.250000e+01 4.500000e+01 -1.100000e+01
      vertex   -1.253761e+01 4.500000e+01 -1.133378e+01
    endloop
  endfacet
  facet normal -9.438833e-01 0.000000e+00 3.302791e-01
    outer loop
      vertex   -1.253761e+01 3.900000e+01 -1.133378e+01
      vertex   -1.253761e+01 4.500000e+01 -1.133378e+01
      vertex   -1.264855e+01 3.900000e+01 -1.165083e+01
    endloop
  endfacet
  facet normal -9.438833e-01 0.000000e+00 3.302791e-01
    outer loop
      vertex   -1.264855e+01 3.900000e+01 -1.165083e+01
      vertex   -1.253761e+01 4.500000e+01 -1.133378e+01
      vertex   -1.264855e+01 4.500000e+01 -1.165083e+01
    endloop
  endfacet
  facet normal -8.467242e-01 0.000000e+00 5.320321e-01
    outer loop
      vertex   -1.264855e+01 3.900000e+01 -1.165083e+01
      vertex   -1.264855e+01 4.500000e+01 -1.165083e+01
      vertex   -1.282725e+01 3.900000e+01 -1.193523e+01
    endloop
  endfacet
  facet normal -8.467242e-01 0.000000e+00 5.320321e-01
    outer loop
      vertex   -1.282725e+01 3.900000e+01 -1.193523e+01
      vertex   -1.264855e+01 4.500000e+01 -1.165083e+01
      vertex   -1.282725e+01 4.500000e+01 -1.193523e+01
    endloop
  endfacet
  facet normal -7.071068e-01 0.000000e+00 7.071068e-01
    outer loop
      vertex   -1.282725e+01 3.900000e+01 -1.193523e+01
      vertex   -1.282725e+01 4.500000e+01 -1.193523e+01
      vertex   -1.306477e+01 3.900000e+01 -1.217275e+01
    endloop
  endfacet
  facet normal -7.071068e-01 0.000000e+00 7.071068e-01
    outer loop
      vertex   -1.306477e+01 3.900000e+01 -1.217275e+01
      vertex   -1.282725e+01 4.500000e+01 -1.193523e+01
      vertex   -1.306477e+01 4.500000e+01 -1.217275e+01
    endloop
  endfacet
  facet normal -5.320321e-01 0.000000e+00 8.467242e-01
    outer loop
      vertex   -1.306477e+01 3.900000e+01 -1.217275e+01
      vertex   -1.306477e+01 4.500000e+01 -1.217275e+01
      vertex   -1.334917e+01 3.900000e+01 -1.235145e+01
    endloop
  endfacet
  facet normal -5.320321e-01 0.000000e+00 8.467242e-01
    outer loop
      vertex   -1.334917e+01 3.900000e+01 -1.235145e+01
      vertex   -1.306477e+01 4.500000e+01 -1.217275e+01
      vertex   -1.334917e+01 4.500000e+01 -1.235145e+01
    endloop
  endfacet
  facet normal -3.302791e-01 0.000000e+00 9.438833e-01
    outer loop
      vertex   -1.334917e+01 3.900000e+01 -1.235145e+01
      vertex   -1.334917e+01 4.500000e+01 -1.235145e+01
      vertex   -1.366622e+01 3.900000e+01 -1.246239e+01
    endloop
  endfacet
  facet normal -3.302791e-01 0.000000e+00 9.438833e-01
    outer loop
      vertex   -1.366622e+01 3.900000e+01 -1.246239e+01
      vertex   -1.334917e+01 4.500000e+01 -1.235145e+01
      vertex   -1.366622e+01 4.500000e+01 -1.246239e+01
    endloop
  endfacet
  facet normal -1.119645e-01 0.000000e+00 9.937122e-01
    outer loop
      vertex   -1.366622e+01 3.900000e+01 -1.246239e+01
      vertex   -1.366622e+01 4.500000e+01 -1.246239e+01
      vertex   -1.400000e+01 3.900000e+01 -1.250000e+01
    endloop
  endfacet
  facet normal -1.119645e-01 0.000000e+00 9.937122e-01
    outer loop
      vertex   -1.400000e+01 3.900000e+01 -1.250000e+01
      vertex   -1.366622e+01 4.500000e+01 -1.246239e+01
      vertex   -1.400000e+01 4.500000e+01 -1.250000e+01
    endloop
  endfacet
  facet normal 1.119645e-01 -0.000000e+00 9.937122e-01
    outer loop
      vertex   -1.400000e+01 3.900000e+01 -1.250000e+01
      vertex   -1.400000e+01 4.500000e+01 -1.250000e+01
      vertex   -1.433378e+01 3.900000e+01 -1.246239e+01
    endloop
  endfacet
  facet normal 1.119645e-01 -0.000000e+00 9.937122e-01
    outer loop
      vertex   -1.433378e+01 3.900000e+01 -1.246239e+01
      vertex   -1.400000e+01 4.500000e+01 -1.250000e+01
      vertex   -1.433378e+01 4.500000e+01 -1.246239e+01
    endloop
  endfacet
  facet normal 3.302791e-01 -0.000000e+00 9.438833e-01
    outer loop
      vertex   -1.433378e+01 3.900000e+01 -1.246239e+01
      vertex   -1.433378e+01 4.500000e+01 -1.246239e+01
      vertex   -1.465083e+01 3.900000e+01 -1.235145e+01
    endloop
  endfacet
  facet normal 3.302791e-01 -0.000000e+00 9.438833e-01
    outer loop
      vertex   -1.465083e+01 3.900000e+01 -1.235145e+01
      vertex   -1.433378e+01 4.500000e+01 -1.246239e+01
      vertex   -1.465083e+01 4.500000e+01 -1.235145e+01
    endloop
  endfacet
  facet normal 5.320321e-01 -0.000000e+00 8.467242e-01
    outer loop
      vertex   -1.465083e+01 3.900000e+01 -1.235145e+01
      vertex   -1.465083e+01 4.500000e+01 -1.235145e+01
      vertex   -1.493523e+01 3.900000e+01 -1.217275e+01
    endloop
  endfacet
  facet normal 5.320321e-01 -0.000000e+00 8.467242e-01
    outer loop
      vertex   -1.493523e+01 3.900000e+01 -1.217275e+01
      vertex   -1.465083e+01 4.500000e+01 -1.235145e+01
      vertex   -1.493523e+01 4.500000e+01 -1.217275e+01
    endloop
  endfacet
  facet normal 7.071068e-01 -0.000000e+00 7.071068e-01
    outer loop
      vertex   -1.493523e+01 3.900000e+01 -1.217275e+01
      vertex   -1.493523e+01 4.500000e+01 -1.217275e+01
      vertex   -1.517275e+01 3.900000e+01 -1.193523e+01
    endloop
  endfacet
  facet normal 7.071068e-01 -0.000000e+00 7.071068e-01
    outer loop
      vertex   -1.517275e+01 3.900000e+01 -1.193523e+01
      vertex   -1.493523e+01 4.500000e+01 -1.217275e+01
      vertex   -1.517275e+01 4.500000e+01 -1.193523e+01
    endloop
  endfacet
  facet normal 8.467242e-01 -0.000000e+00 5.320321e-01
    outer loop
      vertex   -1.517275e+01 3.900000e+01 -1.193523e+01
      vertex   -1.517275e+01 4.500000e+01 -1.193523e+01
      vertex   -1.535145e+01 3.900000e+01 -1.165083e+01
    endloop
  endfacet
  facet normal 8.467242e-01 -0.000000e+00 5.320321e-01
    outer loop
      vertex   -1.535145e+01 3.900000e+01 -1.165083e+01
      vertex   -1.517275e+01 4.500000e+01 -1.193523e+01
      vertex   -1.535145e+01 4.500000e+01 -1.165083e+01
    endloop
  endfacet
  facet normal 9.438833e-01 -0.000000e+00 3.302791e-01
    outer loop
      vertex   -1.535145e+01 3.900000e+01 -1.165083e+01
      vertex   -1.535145e+01 4.500000e+01 -1.165083e+01
      vertex   -1.546239e+01 3.900000e+01 -1.133378e+01
    endloop
  endfacet
  facet normal 9.438833e-01 -0.000000e+00 3.302791e-01
    outer loop
      vertex   -1.546239e+01 3.900000e+01 -1.133378e+01
      vertex   -1.535145e+01 4.500000e+01 -1.165083e+01
      vertex   -1.546239e+01 4.500000e+01 -1.133378e+01
    endloop
  endfacet
  facet normal -0.000000e+00 1.000000e+00 0.000000e+00
    outer loop
      vertex   -1.546239e+01 3.900000e+01 -1.066622e+01
      vertex   -1.253761e+01 3.900000e+01 -1.066622e+01
      vertex   -1.550000e+01 3.900000e+01 -1.100000e+01
    endloop
  endfacet
  facet normal 0.000000e+00 1.000000e+00 0.000000e+00
    outer loop
      vertex   -1.550000e+01 3.900000e+01 -1.100000e+01
      vertex   -1.253761e+01 3.900000e+01 -1.066622e+01
      vertex   -1.250000e+01 3.900000e+01 -1.100000e+01
    endloop
  endfacet
  facet normal -0.000000e+00 1.000000e+00 0.000000e+00
    outer loop
      vertex   -1.550000e+01 3.900000e+01 -1.100000e+01
      vertex   -1.250000e+01 3.900000e+01 -1.100000e+01
      vertex   -1.546239e+01 3.900000e+01 -1.133378e+01
    endloop
  endfacet
  facet normal 0.000000e+00 1.000000e+00 0.000000e+00
    outer loop
      vertex   -1.546239e+01 3.900000e+01 -1.133378e+01
      vertex   -1.250000e+01 3.900000e+01 -1.100000e+01
      vertex   -1.253761e+01 3.900000e+01 -1.133378e+01
    endloop
  endfacet
  facet normal -0.000000e+00 1.000000e+00 0.000000e+00
    outer loop
      vertex   -1.546239e+01 3.900000e+01 -1.133378e+01
      vertex   -1.253761e+01 3.900000e+01 -1.133378e+01
      vertex   -1.535145e+01 3.900000e+01 -1.165083e+01
    endloop
  endfacet
  facet normal 0.000000e+00 1.000000e+00 0.000000e+00
    outer loop
      vertex   -1.535145e+01 3.900000e+01 -1.165083e+01
      vertex   -1.253761e+01 3.900000e+01 -1.133378e+01
      vertex   -1.264855e+01 3.900000e+01 -1.165083e+01
    endloop
  endfacet
  facet normal -0.000000e+00 1.000000e+00 0.000000e+00
    outer loop
      vertex   -1.535145e+01 3.900000e+01 -1.165083e+01
      vertex   -1.264855e+01 3.900000e+01 -1.165083e+01
      vertex   -1.517275e+01 3.900000e+01 -1.193523e+01
    endloop
  endfacet
  facet normal 0.000000e+00 1.000000e+00 0.000000e+00
    outer loop
      vertex   -1.517275e+01 3.900000e+01 -1.193523e+01
      vertex   -1.264855e+01 3.900000e+01 -1.165083e+01
      vertex   -1.282725e+01 3.900000e+01 -1.193523e+01
    endloop
  endfacet
  facet normal -0.000000e+00 1.000000e+00 0.000000e+00
    outer loop
      vertex   -1.517275e+01 3.900000e+01 -1.193523e+01
      vertex   -1.282725e+01 3.900000e+01 -1.193523e+01
      vertex   -1.493523e+01 3.900000e+01 -1.217275e+01
    endloop
  endfacet
  facet normal 0.000000e+00 1.000000e+00 0.000000e+00
    outer loop
      vertex   -1.493523e+01 3.900000e+01 -1.217275e+01
      vertex   -1.282725e+01 3.900000e+01 -1.193523e+01
      vertex   -1.306477e+01 3.900000e+01 -1.217275e+01
    endloop
  endfacet
  facet normal -0.000000e+00 1.000000e+00 0.000000e+00
    outer loop
      vertex   -1.493523e+01 3.900000e+01 -1.217275e+01
      vertex   -1.306477e+01 3.900000e+01 -1.217275e+01
      vertex   -1.465083e+01 3.900000e+01 -1.235145e+01
    endloop
  endfacet
  facet normal 0.000000e+00 1.000000e+00 0.000000e+00
    outer loop
      vertex   -1.465083e+01 3.900000e+01 -1.235145e+01
      vertex   -1.306477e+01 3.900000e+01 -1.217275e+01
      vertex   -1.334917e+01 3.900000e+01 -1.235145e+01
    endloop
  endfacet
  facet normal -0.000000e+00 1.000000e+00 0.000000e+00
    outer loop
      vertex   -1.465083e+01 3.900000e+01 -1.235145e+01
      vertex   -1.334917e+01 3.900000e+01 -1.235145e+01
      vertex   -1.433378e+01 3.900000e+01 -1.246239e+01
    endloop
  endfacet
  facet normal 0.000000e+00 1.000000e+00 0.000000e+00
    outer loop
      vertex   -1.433378e+01 3.900000e+01 -1.246239e+01
      vertex   -1.334917e+01 3.900000e+01 -1.235145e+01
      vertex   -1.366622e+01 3.900000e+01 -1.246239e+01
    endloop
  endfacet
  facet normal -0.000000e+00 1.000000e+00 0.000000e+00
    outer loop
      vertex   -1.433378e+01 3.900000e+01 -1.246239e+01
      vertex   -1.366622e+01 3.900000e+01 -1.246239e+01
      vertex   -1.400000e+01 3.900000e+01 -1.250000e+01
    endloop
  endfacet
  facet normal 0.000000e+00 1.000000e+00 0.000000e+00
    outer loop
      vertex   -1.253761e+01 3.900000e+01 -1.066622e+01
      vertex   -1.546239e+01 3.900000e+01 -1.066622e+01
      vertex   -1.264855e+01 3.900000e+01 -1.034917e+01
    endloop
  endfacet
  facet normal 0.000000e+00 1.000000e+00 0.000000e+00
    outer loop
      vertex   -1.264855e+01 3.900000e+01 -1.034917e+01
      vertex   -1.546239e+01 3.900000e+01 -1.066622e+01
      vertex   -1.535145e+01 3.900000e+01 -1.034917e+01
    endloop
  endfacet
  facet normal 0.000000e+00 1.000000e+00 0.000000e+00
    outer loop
      vertex   -1.264855e+01 3.900000e+01 -1.034917e+01
      vertex   -1.535145e+01 3.900000e+01 -1.034917e+01
      vertex   -1.282725e+01 3.900000e+01 -1.006477e+01
    endloop
  endfacet
  facet normal 0.000000e+00 1.000000e+00 0.000000e+00
    outer loop
      vertex   -1.282725e+01 3.900000e+01 -1.006477e+01
      vertex   -1.535145e+01 3.900000e+01 -1.034917e+01
      vertex   -1.517275e+01 3.900000e+01 -1.006477e+01
    endloop
  endfacet
  facet normal 0.000000e+00 1.000000e+00 0.000000e+00
    outer loop
      vertex   -1.282725e+01 3.900000e+01 -1.006477e+01
      vertex   -1.517275e+01 3.900000e+01 -1.006477e+01
      vertex   -1.306477e+01 3.900000e+01 -9.827253e+00
    endloop
  endfacet
  facet normal 0.000000e+00 1.000000e+00 0.000000e+00
    outer loop
      vertex   -1.306477e+01 3.900000e+01 -9.827253e+00
      vertex   -1.517275e+01 3.900000e+01 -1.006477e+01
      vertex   -1.493523e+01 3.900000e+01 -9.827253e+00
    endloop
  endfacet
  facet normal 0.000000e+00 1.000000e+00 0.000000e+00
    outer loop
      vertex   -1.306477e+01 3.900000e+01 -9.827253e+00
      vertex   -1.493523e+01 3.900000e+01 -9.827253e+00
      vertex   -1.334917e+01 3.900000e+01 -9.648547e+00
    endloop
  endfacet
  facet normal 0.000000e+00 1.000000e+00 0.000000e+00
    outer loop
      vertex   -1.334917e+01 3.900000e+01 -9.648547e+00
      vertex   -1.493523e+01 3.900000e+01 -9.827253e+00
      vertex   -1.465083e+01 3.900000e+01 -9.648547e+00
    endloop
  endfacet
  facet normal 0.000000e+00 1.000000e+00 0.000000e+00
    outer loop
      vertex   -1.334917e+01 3.900000e+01 -9.648547e+00
      vertex   -1.465083e+01 3.900000e+01 -9.648547e+00
      vertex   -1.366622e+01 3.900000e+01 -9.537608e+00
    endloop
  endfacet
  facet normal 0.000000e+00 1.000000e+00 0.000000e+00
    outer loop
      vertex   -1.366622e+01 3.900000e+01 -9.537608e+00
      vertex   -1.465083e+01 3.900000e+01 -9.648547e+00
      vertex   -1.433378e+01 3.900000e+01 -9.537608e+00
    endloop
  endfacet
  facet normal 0.000000e+00 1.000000e+00 0.000000e+00
    outer loop
      vertex   -1.366622e+01 3.900000e+01 -9.537608e+00
      vertex   -1.433378e+01 3.900000e+01 -9.537608e+00
      vertex   -1.400000e+01 3.900000e+01 -9.500000e+00
    endloop
  endfacet
  facet normal 0.000000e+00 9.937122e-01 1.119645e-01
    outer loop
      vertex   1.350000e+01 3.453761e+01 -1.933378e+01
      vertex   1.175000e+01 3.453761e+01 -1.933378e+01
      vertex   1.350000e+01 3.450000e+01 -1.900000e+01
    endloop
  endfacet
  facet normal 0.000000e+00 9.937122e-01 1.119645e-01
    outer loop
      vertex   1.350000e+01 3.450000e+01 -1.900000e+01
      vertex   1.175000e+01 3.453761e+01 -1.933378e+01
      vertex   1.175000e+01 3.450000e+01 -1.900000e+01
    endloop
  endfacet
  facet normal 0.000000e+00 9.937122e-01 -1.119645e-01
    outer loop
      vertex   1.350000e+01 3.450000e+01 -1.900000e+01
      vertex   1.175000e+01 3.450000e+01 -1.900000e+01
      vertex   1.350000e+01 3.453761e+01 -1.866622e+01
    endloop
  endfacet
  facet normal 0.000000e+00 9.937122e-01 -1.119645e-01
    outer loop
      vertex   1.350000e+01 3.453761e+01 -1.866622e+01
      vertex   1.175000e+01 3.450000e+01 -1.900000e+01
      vertex   1.175000e+01 3.453761e+01 -1.866622e+01
    endloop
  endfacet
  facet normal 0.000000e+00 9.438833e-01 -3.302791e-01
    outer loop
      vertex   1.350000e+01 3.453761e+01 -1.866622e+01
      vertex   1.175000e+01 3.453761e+01 -1.866622e+01
      vertex   1.350000e+01 3.464855e+01 -1.834917e+01
    endloop
  endfacet
  facet normal 0.000000e+00 9.438833e-01 -3.302791e-01
    outer loop
      vertex   1.350000e+01 3.464855e+01 -1.834917e+01
      vertex   1.175000e+01 3.453761e+01 -1.866622e+01
      vertex   1.175000e+01 3.464855e+01 -1.834917e+01
    endloop
  endfacet
  facet normal 0.000000e+00 8.467242e-01 -5.320321e-01
    outer loop
      vertex   1.350000e+01 3.464855e+01 -1.834917e+01
      vertex   1.175000e+01 3.464855e+01 -1.834917e+01
      vertex   1.350000e+01 3.482725e+01 -1.806477e+01
    endloop
  endfacet
  facet normal 0.000000e+00 8.467242e-01 -5.320321e-01
    outer loop
      vertex   1.350000e+01 3.482725e+01 -1.806477e+01
      vertex   1.175000e+01 3.464855e+01 -1.834917e+01
      vertex   1.175000e+01 3.482725e+01 -1.806477e+01
    endloop
  endfacet
  facet normal 0.000000e+00 7.071068e-01 -7.071068e-01
    outer loop
      vertex   1.350000e+01 3.482725e+01 -1.806477e+01
      vertex   1.175000e+01 3.482725e+01 -1.806477e+01
      vertex   1.350000e+01 3.506477e+01 -1.782725e+01
    endloop
  endfacet
  facet normal 0.000000e+00 7.071068e-01 -7.071068e-01
    outer loop
      vertex   1.350000e+01 3.506477e+01 -1.782725e+01
      vertex   1.175000e+01 3.482725e+01 -1.806477e+01
      vertex   1.175000e+01 3.506477e+01 -1.782725e+01
    endloop
  endfacet
  facet normal 0.000000e+00 5.320321e-01 -8.467242e-01
    outer loop
      vertex   1.350000e+01 3.506477e+01 -1.782725e+01
      vertex   1.175000e+01 3.506477e+01 -1.782725e+01
      vertex   1.350000e+01 3.534917e+01 -1.764855e+01
    endloop
  endfacet
  facet normal 0.000000e+00 5.320321e-01 -8.467242e-01
    outer loop
      vertex   1.350000e+01 3.534917e+01 -1.764855e+01
      vertex   1.175000e+01 3.506477e+01 -1.782725e+01
      vertex   1.175000e+01 3.534917e+01 -1.764855e+01
    endloop
  endfacet
  facet normal 0.000000e+00 3.302791e-01 -9.438833e-01
    outer loop
      vertex   1.350000e+01 3.534917e+01 -1.764855e+01
      vertex   1.175000e+01 3.534917e+01 -1.764855e+01
      vertex   1.350000e+01 3.566622e+01 -1.753761e+01
    endloop
  endfacet
  facet normal 0.000000e+00 3.302791e-01 -9.438833e-01
    outer loop
      vertex   1.350000e+01 3.566622e+01 -1.753761e+01
      vertex   1.175000e+01 3.534917e+01 -1.764855e+01
      vertex   1.175000e+01 3.566622e+01 -1.753761e+01
    endloop
  endfacet
  facet normal 0.000000e+00 1.119645e-01 -9.937122e-01
    outer loop
      vertex   1.350000e+01 3.566622e+01 -1.753761e+01
      vertex   1.175000e+01 3.566622e+01 -1.753761e+01
      vertex   1.350000e+01 3.600000e+01 -1.750000e+01
    endloop
  endfacet
  facet normal 0.000000e+00 1.119645e-01 -9.937122e-01
    outer loop
      vertex   1.350000e+01 3.600000e+01 -1.750000e+01
      vertex   1.175000e+01 3.566622e+01 -1.753761e+01
      vertex   1.175000e+01 3.600000e+01 -1.750000e+01
    endloop
  endfacet
  facet normal -0.000000e+00 -1.119645e-01 -9.937122e-01
    outer loop
      vertex   1.350000e+01 3.600000e+01 -1.750000e+01
      vertex   1.175000e+01 3.600000e+01 -1.750000e+01
      vertex   1.350000e+01 3.633378e+01 -1.753761e+01
    endloop
  endfacet
  facet normal -0.000000e+00 -1.119645e-01 -9.937122e-01
    outer loop
      vertex   1.350000e+01 3.633378e+01 -1.753761e+01
      vertex   1.175000e+01 3.600000e+01 -1.750000e+01
      vertex   1.175000e+01 3.633378e+01 -1.753761e+01
    endloop
  endfacet
  facet normal -0.000000e+00 -3.302791e-01 -9.438833e-01
    outer loop
      vertex   1.350000e+01 3.633378e+01 -1.753761e+01
      vertex   1.175000e+01 3.633378e+01 -1.753761e+01
      vertex   1.350000e+01 3.665083e+01 -1.764855e+01
    endloop
  endfacet
  facet normal -0.000000e+00 -3.302791e-01 -9.438833e-01
    outer loop
      vertex   1.350000e+01 3.665083e+01 -1.764855e+01
      vertex   1.175000e+01 3.633378e+01 -1.753761e+01
      vertex   1.175000e+01 3.665083e+01 -1.764855e+01
    endloop
  endfacet
  facet normal -0.000000e+00 -5.320321e-01 -8.467242e-01
    outer loop
      vertex   1.350000e+01 3.665083e+01 -1.764855e+01
      vertex   1.175000e+01 3.665083e+01 -1.764855e+01
      vertex   1.350000e+01 3.693523e+01 -1.782725e+01
    endloop
  endfacet
  facet normal -0.000000e+00 -5.320321e-01 -8.467242e-01
    outer loop
      vertex   1.350000e+01 3.693523e+01 -1.782725e+01
      vertex   1.175000e+01 3.665083e+01 -1.764855e+01
      vertex   1.175000e+01 3.693523e+01 -1.782725e+01
    endloop
  endfacet
  facet normal -0.000000e+00 -7.071068e-01 -7.071068e-01
    outer loop
      vertex   1.350000e+01 3.693523e+01 -1.782725e+01
      vertex   1.175000e+01 3.693523e+01 -1.782725e+01
      vertex   1.350000e+01 3.717275e+01 -1.806477e+01
    endloop
  endfacet
  facet normal -0.000000e+00 -7.071068e-01 -7.071068e-01
    outer loop
      vertex   1.350000e+01 3.717275e+01 -1.806477e+01
      vertex   1.175000e+01 3.693523e+01 -1.782725e+01
      vertex   1.175000e+01 3.717275e+01 -1.806477e+01
    endloop
  endfacet
  facet normal -0.000000e+00 -8.467242e-01 -5.320321e-01
    outer loop
      vertex   1.350000e+01 3.717275e+01 -1.806477e+01
      vertex   1.175000e+01 3.717275e+01 -1.806477e+01
      vertex   1.350000e+01 3.735145e+01 -1.834917e+01
    endloop
  endfacet
  facet normal -0.000000e+00 -8.467242e-01 -5.320321e-01
    outer loop
      vertex   1.350000e+01 3.735145e+01 -1.834917e+01
      vertex   1.175000e+01 3.717275e+01 -1.806477e+01
      vertex   1.175000e+01 3.735145e+01 -1.834917e+01
    endloop
  endfacet
  facet normal -0.000000e+00 -9.438833e-01 -3.302791e-01
    outer loop
      vertex   1.350000e+01 3.735145e+01 -1.834917e+01
      vertex   1.175000e+01 3.735145e+01 -1.834917e+01
      vertex   1.350000e+01 3.746239e+01 -1.866622e+01
    endloop
  endfacet
  facet normal -0.000000e+00 -9.438833e-01 -3.302791e-01
    outer loop
      vertex   1.350000e+01 3.746239e+01 -1.866622e+01
      vertex   1.175000e+01 3.735145e+01 -1.834917e+01
      vertex   1.175000e+01 3.746239e+01 -1.866622e+01
    endloop
  endfacet
  facet normal -0.000000e+00 -9.937122e-01 -1.119645e-01
    outer loop
      vertex   1.350000e+01 3.746239e+01 -1.866622e+01
      vertex   1.175000e+01 3.746239e+01 -1.866622e+01
      vertex   1.350000e+01 3.750000e+01 -1.900000e+01
    endloop
  endfacet
  facet normal -0.000000e+00 -9.937122e-01 -1.119645e-01
    outer loop
      vertex   1.350000e+01 3.750000e+01 -1.900000e+01
      vertex   1.175000e+01 3.746239e+01 -1.866622e+01
      vertex   1.175000e+01 3.750000e+01 -1.900000e+01
    endloop
  endfacet
  facet normal 0.000000e+00 -9.937122e-01 1.119645e-01
    outer loop
      vertex   1.350000e+01 3.750000e+01 -1.900000e+01
      vertex   1.175000e+01 3.750000e+01 -1.900000e+01
      vertex   1.350000e+01 3.746239e+01 -1.933378e+01
    endloop
  endfacet
  facet normal 0.000000e+00 -9.937122e-01 1.119645e-01
    outer loop
      vertex   1.350000e+01 3.746239e+01 -1.933378e+01
      vertex   1.175000e+01 3.750000e+01 -1.900000e+01
      vertex   1.175000e+01 3.746239e+01 -1.933378e+01
    endloop
  endfacet
  facet normal 0.000000e+00 -9.438833e-01 3.302791e-01
    outer loop
      vertex   1.350000e+01 3.746239e+01 -1.933378e+01
      vertex   1.175000e+01 3.746239e+01 -1.933378e+01
      vertex   1.350000e+01 3.735145e+01 -1.965083e+01
    endloop
  endfacet
  facet normal 0.000000e+00 -9.438833e-01 3.302791e-01
    outer loop
      vertex   1.350000e+01 3.735145e+01 -1.965083e+01
      vertex   1.175000e+01 3.746239e+01 -1.933378e+01
      vertex   1.175000e+01 3.735145e+01 -1.965083e+01
    endloop
  endfacet
  facet normal 0.000000e+00 -8.467242e-01 5.320321e-01
    outer loop
      vertex   1.350000e+01 3.735145e+01 -1.965083e+01
      vertex   1.175000e+01 3.735145e+01 -1.965083e+01
      vertex   1.350000e+01 3.717275e+01 -1.993523e+01
    endloop
  endfacet
  facet normal 0.000000e+00 -8.467242e-01 5.320321e-01
    outer loop
      vertex   1.350000e+01 3.717275e+01 -1.993523e+01
      vertex   1.175000e+01 3.735145e+01 -1.965083e+01
      vertex   1.175000e+01 3.717275e+01 -1.993523e+01
    endloop
  endfacet
  facet normal 0.000000e+00 -7.071068e-01 7.071068e-01
    outer loop
      vertex   1.350000e+01 3.717275e+01 -1.993523e+01
      vertex   1.175000e+01 3.717275e+01 -1.993523e+01
      vertex   1.350000e+01 3.693523e+01 -2.017275e+01
    endloop
  endfacet
  facet normal 0.000000e+00 -7.071068e-01 7.071068e-01
    outer loop
      vertex   1.350000e+01 3.693523e+01 -2.017275e+01
      vertex   1.175000e+01 3.717275e+01 -1.993523e+01
      vertex   1.175000e+01 3.693523e+01 -2.017275e+01
    endloop
  endfacet
  facet normal 0.000000e+00 -5.320321e-01 8.467242e-01
    outer loop
      vertex   1.350000e+01 3.693523e+01 -2.017275e+01
      vertex   1.175000e+01 3.693523e+01 -2.017275e+01
      vertex   1.350000e+01 3.665083e+01 -2.035145e+01
    endloop
  endfacet
  facet normal 0.000000e+00 -5.320321e-01 8.467242e-01
    outer loop
      vertex   1.350000e+01 3.665083e+01 -2.035145e+01
      vertex   1.175000e+01 3.693523e+01 -2.017275e+01
      vertex   1.175000e+01 3.665083e+01 -2.035145e+01
    endloop
  endfacet
  facet normal 0.000000e+00 -3.302791e-01 9.438833e-01
    outer loop
      vertex   1.350000e+01 3.665083e+01 -2.035145e+01
      vertex   1.175000e+01 3.665083e+01 -2.035145e+01
      vertex   1.350000e+01 3.633378e+01 -2.046239e+01
    endloop
  endfacet
  facet normal 0.000000e+00 -3.302791e-01 9.438833e-01
    outer loop
      vertex   1.350000e+01 3.633378e+01 -2.046239e+01
      vertex   1.175000e+01 3.665083e+01 -2.035145e+01
      vertex   1.175000e+01 3.633378e+01 -2.046239e+01
    endloop
  endfacet
  facet normal 0.000000e+00 -1.119645e-01 9.937122e-01
    outer loop
      vertex   1.350000e+01 3.633378e+01 -2.046239e+01
      vertex   1.175000e+01 3.633378e+01 -2.046239e+01
      vertex   1.350000e+01 3.600000e+01 -2.050000e+01
    endloop
  endfacet
  facet normal 0.000000e+00 -1.119645e-01 9.937122e-01
    outer loop
      vertex   1.350000e+01 3.600000e+01 -2.050000e+01
      vertex   1.175000e+01 3.633378e+01 -2.046239e+01
      vertex   1.175000e+01 3.600000e+01 -2.050000e+01
    endloop
  endfacet
  facet normal 0.000000e+00 1.119645e-01 9.937122e-01
    outer loop
      vertex   1.350000e+01 3.600000e+01 -2.050000e+01
      vertex   1.175000e+01 3.600000e+01 -2.050000e+01
      vertex   1.350000e+01 3.566622e+01 -2.046239e+01
    endloop
  endfacet
  facet normal 0.000000e+00 1.119645e-01 9.937122e-01
    outer loop
      vertex   1.350000e+01 3.566622e+01 -2.046239e+01
      vertex   1.175000e+01 3.600000e+01 -2.050000e+01
      vertex   1.175000e+01 3.566622e+01 -2.046239e+01
    endloop
  endfacet
  facet normal 0.000000e+00 3.302791e-01 9.438833e-01
    outer loop
      vertex   1.350000e+01 3.566622e+01 -2.046239e+01
      vertex   1.175000e+01 3.566622e+01 -2.046239e+01
      vertex   1.350000e+01 3.534917e+01 -2.035145e+01
    endloop
  endfacet
  facet normal 0.000000e+00 3.302791e-01 9.438833e-01
    outer loop
      vertex   1.350000e+01 3.534917e+01 -2.035145e+01
      vertex   1.175000e+01 3.566622e+01 -2.046239e+01
      vertex   1.175000e+01 3.534917e+01 -2.035145e+01
    endloop
  endfacet
  facet normal 0.000000e+00 5.320321e-01 8.467242e-01
    outer loop
      vertex   1.350000e+01 3.534917e+01 -2.035145e+01
      vertex   1.175000e+01 3.534917e+01 -2.035145e+01
      vertex   1.350000e+01 3.506477e+01 -2.017275e+01
    endloop
  endfacet
  facet normal 0.000000e+00 5.320321e-01 8.467242e-01
    outer loop
      vertex   1.350000e+01 3.506477e+01 -2.017275e+01
      vertex   1.175000e+01 3.534917e+01 -2.035145e+01
      vertex   1.175000e+01 3.506477e+01 -2.017275e+01
    endloop
  endfacet
  facet normal 0.000000e+00 7.071068e-01 7.071068e-01
    outer loop
      vertex   1.350000e+01 3.506477e+01 -2.017275e+01
      vertex   1.175000e+01 3.506477e+01 -2.017275e+01
      vertex   1.350000e+01 3.482725e+01 -1.993523e+01
    endloop
  endfacet
  facet normal 0.000000e+00 7.071068e-01 7.071068e-01
    outer loop
      vertex   1.350000e+01 3.482725e+01 -1.993523e+01
      vertex   1.175000e+01 3.506477e+01 -2.017275e+01
      vertex   1.175000e+01 3.482725e+01 -1.993523e+01
    endloop
  endfacet
  facet normal 0.000000e+00 8.467242e-01 5.320321e-01
    outer loop
      vertex   1.350000e+01 3.482725e+01 -1.993523e+01
      vertex   1.175000e+01 3.482725e+01 -1.993523e+01
      vertex   1.350000e+01 3.464855e+01 -1.965083e+01
    endloop
  endfacet
  facet normal 0.000000e+00 8.467242e-01 5.320321e-01
    outer loop
      vertex   1.350000e+01 3.464855e+01 -1.965083e+01
      vertex   1.175000e+01 3.482725e+01 -1.993523e+01
      vertex   1.175000e+01 3.464855e+01 -1.965083e+01
    endloop
  endfacet
  facet normal 0.000000e+00 9.438833e-01 3.302791e-01
    outer loop
      vertex   1.350000e+01 3.464855e+01 -1.965083e+01
      vertex   1.175000e+01 3.464855e+01 -1.965083e+01
      vertex   1.350000e+01 3.453761e+01 -1.933378e+01
    endloop
  endfacet
  facet normal 0.000000e+00 9.438833e-01 3.302791e-01
    outer loop
      vertex   1.350000e+01 3.453761e+01 -1.933378e+01
      vertex   1.175000e+01 3.464855e+01 -1.965083e+01
      vertex   1.175000e+01 3.453761e+01 -1.933378e+01
    endloop
  endfacet
  facet normal 0.000000e+00 -0.000000e+00 1.000000e+00
    outer loop
      vertex   1.700000e+01 3.397927e+01 -2.250000e+01
      vertex   1.700000e+01 3.802073e+01 -2.250000e+01
      vertex   1.350000e+01 3.397927e+01 -2.250000e+01
    endloop
  endfacet
  facet normal 0.000000e+00 0.000000e+00 1.000000e+00
    outer loop
      vertex   1.350000e+01 3.397927e+01 -2.250000e+01
      vertex   1.700000e+01 3.802073e+01 -2.250000e+01
      vertex   1.350000e+01 3.802073e+01 -2.250000e+01
    endloop
  endfacet
  facet normal 0.000000e+00 -8.660254e-01 5.000000e-01
    outer loop
      vertex   1.700000e+01 3.802073e+01 -2.250000e+01
      vertex   1.700000e+01 4.004145e+01 -1.900000e+01
      vertex   1.350000e+01 3.802073e+01 -2.250000e+01
    endloop
  endfacet
  facet normal 0.000000e+00 -8.660254e-01 5.000000e-01
    outer loop
      vertex   1.350000e+01 3.802073e+01 -2.250000e+01
      vertex   1.700000e+01 4.004145e+01 -1.900000e+01
      vertex   1.350000e+01 4.004145e+01 -1.900000e+01
    endloop
  endfacet
  facet normal -0.000000e+00 -8.660254e-01 -5.000000e-01
    outer loop
      vertex   1.700000e+01 4.004145e+01 -1.900000e+01
      vertex   1.700000e+01 3.802073e+01 -1.550000e+01
      vertex   1.350000e+01 4.004145e+01 -1.900000e+01
    endloop
  endfacet
  facet normal 0.000000e+00 -8.660254e-01 -5.000000e-01
    outer loop
      vertex   1.350000e+01 4.004145e+01 -1.900000e+01
      vertex   1.700000e+01 3.802073e+01 -1.550000e+01
      vertex   1.350000e+01 3.802073e+01 -1.550000e+01
    endloop
  endfacet
  facet normal -0.000000e+00 -0.000000e+00 -1.000000e+00
    outer loop
      vertex   1.700000e+01 3.802073e+01 -1.550000e+01
      vertex   1.700000e+01 3.397927e+01 -1.550000e+01
      vertex   1.350000e+01 3.802073e+01 -1.550000e+01
    endloop
  endfacet
  facet normal 0.000000e+00 0.000000e+00 -1.000000e+00
    outer loop
      vertex   1.350000e+01 3.802073e+01 -1.550000e+01
      vertex   1.700000e+01 3.397927e+01 -1.550000e+01
      vertex   1.350000e+01 3.397927e+01 -1.550000e+01
    endloop
  endfacet
  facet normal 0.000000e+00 8.660254e-01 -5.000000e-01
    outer loop
      vertex   1.700000e+01 3.397927e+01 -1.550000e+01
      vertex   1.700000e+01 3.195855e+01 -1.900000e+01
      vertex   1.350000e+01 3.397927e+01 -1.550000e+01
    endloop
  endfacet
  facet normal 0.000000e+00 8.660254e-01 -5.000000e-01
    outer loop
      vertex   1.350000e+01 3.397927e+01 -1.550000e+01
      vertex   1.700000e+01 3.195855e+01 -1.900000e+01
      vertex   1.350000e+01 3.195855e+01 -1.900000e+01
    endloop
  endfacet
  facet normal 0.000000e+00 8.660254e-01 5.000000e-01
    outer loop
      vertex   1.700000e+01 3.195855e+01 -1.900000e+01
      vertex   1.700000e+01 3.397927e+01 -2.250000e+01
      vertex   1.350000e+01 3.195855e+01 -1.900000e+01
    endloop
  endfacet
  facet normal 0.000000e+00 8.660254e-01 5.000000e-01
    outer loop
      vertex   1.350000e+01 3.195855e+01 -1.900000e+01
      vertex   1.700000e+01 3.397927e+01 -2.250000e+01
      vertex   1.350000e+01 3.397927e+01 -2.250000e+01
    endloop
  endfacet
  facet normal 1.000000e+00 0.000000e+00 0.000000e+00
    outer loop
      vertex   1.350000e+01 3.453761e+01 -1.933378e+01
      vertex   1.350000e+01 3.450000e+01 -1.900000e+01
      vertex   1.350000e+01 3.195855e+01 -1.900000e+01
    endloop
  endfacet
  facet normal 1.000000e+00 0.000000e+00 0.000000e+00
    outer loop
      vertex   1.350000e+01 3.195855e+01 -1.900000e+01
      vertex   1.350000e+01 3.450000e+01 -1.900000e+01
      vertex   1.350000e+01 3.453761e+01 -1.866622e+01
    endloop
  endfacet
  facet normal 1.000000e+00 0.000000e+00 0.000000e+00
    outer loop
      vertex   1.350000e+01 3.195855e+01 -1.900000e+01
      vertex   1.350000e+01 3.453761e+01 -1.866622e+01
      vertex   1.350000e+01 3.464855e+01 -1.834917e+01
    endloop
  endfacet
  facet normal 1.000000e+00 0.000000e+00 -0.000000e+00
    outer loop
      vertex   1.350000e+01 3.464855e+01 -1.834917e+01
      vertex   1.350000e+01 3.482725e+01 -1.806477e+01
      vertex   1.350000e+01 3.195855e+01 -1.900000e+01
    endloop
  endfacet
  facet normal 1.000000e+00 0.000000e+00 0.000000e+00
    outer loop
      vertex   1.350000e+01 3.195855e+01 -1.900000e+01
      vertex   1.350000e+01 3.482725e+01 -1.806477e+01
      vertex   1.350000e+01 3.397927e+01 -1.550000e+01
    endloop
  endfacet
  facet normal 1.000000e+00 0.000000e+00 0.000000e+00
    outer loop
      vertex   1.350000e+01 3.397927e+01 -1.550000e+01
      vertex   1.350000e+01 3.482725e+01 -1.806477e+01
      vertex   1.350000e+01 3.506477e+01 -1.782725e+01
    endloop
  endfacet
  facet normal 1.000000e+00 0.000000e+00 0.000000e+00
    outer loop
      vertex   1.350000e+01 3.397927e+01 -1.550000e+01
      vertex   1.350000e+01 3.506477e+01 -1.782725e+01
      vertex   1.350000e+01 3.534917e+01 -1.764855e+01
    endloop
  endfacet
  facet normal 1.000000e+00 0.000000e+00 -0.000000e+00
    outer loop
      vertex   1.350000e+01 3.534917e+01 -1.764855e+01
      vertex   1.350000e+01 3.566622e+01 -1.753761e+01
      vertex   1.350000e+01 3.397927e+01 -1.550000e+01
    endloop
  endfacet
  facet normal 1.000000e+00 0.000000e+00 0.000000e+00
    outer loop
      vertex   1.350000e+01 3.397927e+01 -1.550000e+01
      vertex   1.350000e+01 3.566622e+01 -1.753761e+01
      vertex   1.350000e+01 3.600000e+01 -1.750000e+01
    endloop
  endfacet
  facet normal 1.000000e+00 -0.000000e+00 0.000000e+00
    outer loop
      vertex   1.350000e+01 3.397927e+01 -1.550000e+01
      vertex   1.350000e+01 3.600000e+01 -1.750000e+01
      vertex   1.350000e+01 3.802073e+01 -1.550000e+01
    endloop
  endfacet
  facet normal 1.000000e+00 0.000000e+00 0.000000e+00
    outer loop
      vertex   1.350000e+01 3.802073e+01 -1.550000e+01
      vertex   1.350000e+01 3.600000e+01 -1.750000e+01
      vertex   1.350000e+01 3.633378e+01 -1.753761e+01
    endloop
  endfacet
  facet normal 1.000000e+00 0.000000e+00 0.000000e+00
    outer loop
      vertex   1.350000e+01 3.802073e+01 -1.550000e+01
      vertex   1.350000e+01 3.633378e+01 -1.753761e+01
      vertex   1.350000e+01 3.665083e+01 -1.764855e+01
    endloop
  endfacet
  facet normal 1.000000e+00 -0.000000e+00 0.000000e+00
    outer loop
      vertex   1.350000e+01 3.665083e+01 -1.764855e+01
      vertex   1.350000e+01 3.693523e+01 -1.782725e+01
      vertex   1.350000e+01 3.802073e+01 -1.550000e+01
    endloop
  endfacet
  facet normal 1.000000e+00 0.000000e+00 0.000000e+00
    outer loop
      vertex   1.350000e+01 3.802073e+01 -1.550000e+01
      vertex   1.350000e+01 3.693523e+01 -1.782725e+01
      vertex   1.350000e+01 3.717275e+01 -1.806477e+01
    endloop
  endfacet
  facet normal 1.000000e+00 0.000000e+00 0.000000e+00
    outer loop
      vertex   1.350000e+01 3.802073e+01 -1.550000e+01
      vertex   1.350000e+01 3.717275e+01 -1.806477e+01
      vertex   1.350000e+01 4.004145e+01 -1.900000e+01
    endloop
  endfacet
  facet normal 1.000000e+00 0.000000e+00 0.000000e+00
    outer loop
      vertex   1.350000e+01 4.004145e+01 -1.900000e+01
      vertex   1.350000e+01 3.717275e+01 -1.806477e+01
      vertex   1.350000e+01 3.735145e+01 -1.834917e+01
    endloop
  endfacet
  facet normal 1.000000e+00 0.000000e+00 0.000000e+00
    outer loop
      vertex   1.350000e+01 4.004145e+01 -1.900000e+01
      vertex   1.350000e+01 3.735145e+01 -1.834917e+01
      vertex   1.350000e+01 3.746239e+01 -1.866622e+01
    endloop
  endfacet
  facet normal 1.000000e+00 0.000000e+00 0.000000e+00
    outer loop
      vertex   1.350000e+01 3.746239e+01 -1.866622e+01
      vertex   1.350000e+01 3.750000e+01 -1.900000e+01
      vertex   1.350000e+01 4.004145e+01 -1.900000e+01
    endloop
  endfacet
  facet normal 1.000000e+00 0.000000e+00 0.000000e+00
    outer loop
      vertex   1.350000e+01 4.004145e+01 -1.900000e+01
      vertex   1.350000e+01 3.750000e+01 -1.900000e+01
      vertex   1.350000e+01 3.746239e+01 -1.933378e+01
    endloop
  endfacet
  facet normal 1.000000e+00 0.000000e+00 0.000000e+00
    outer loop
      vertex   1.350000e+01 4.004145e+01 -1.900000e+01
      vertex   1.350000e+01 3.746239e+01 -1.933378e+01
      vertex   1.350000e+01 3.735145e+01 -1.965083e+01
    endloop
  endfacet
  facet normal 1.000000e+00 -0.000000e+00 0.000000e+00
    outer loop
      vertex   1.350000e+01 3.735145e+01 -1.965083e+01
      vertex   1.350000e+01 3.717275e+01 -1.993523e+01
      vertex   1.350000e+01 4.004145e+01 -1.900000e+01
    endloop
  endfacet
  facet normal 1.000000e+00 0.000000e+00 0.000000e+00
    outer loop
      vertex   1.350000e+01 4.004145e+01 -1.900000e+01
      vertex   1.350000e+01 3.717275e+01 -1.993523e+01
      vertex   1.350000e+01 3.802073e+01 -2.250000e+01
    endloop
  endfacet
  facet normal 1.000000e+00 0.000000e+00 0.000000e+00
    outer loop
      vertex   1.350000e+01 3.802073e+01 -2.250000e+01
      vertex   1.350000e+01 3.717275e+01 -1.993523e+01
      vertex   1.350000e+01 3.693523e+01 -2.017275e+01
    endloop
  endfacet
  facet normal 1.000000e+00 0.000000e+00 0.000000e+00
    outer loop
      vertex   1.350000e+01 3.802073e+01 -2.250000e+01
      vertex   1.350000e+01 3.693523e+01 -2.017275e+01
      vertex   1.350000e+01 3.665083e+01 -2.035145e+01
    endloop
  endfacet
  facet normal 1.000000e+00 0.000000e+00 0.000000e+00
    outer loop
      vertex   1.350000e+01 3.665083e+01 -2.035145e+01
      vertex   1.350000e+01 3.633378e+01 -2.046239e+01
      vertex   1.350000e+01 3.802073e+01 -2.250000e+01
    endloop
  endfacet
  facet normal 1.000000e+00 0.000000e+00 0.000000e+00
    outer loop
      vertex   1.350000e+01 3.802073e+01 -2.250000e+01
      vertex   1.350000e+01 3.633378e+01 -2.046239e+01
      vertex   1.350000e+01 3.600000e+01 -2.050000e+01
    endloop
  endfacet
  facet normal 1.000000e+00 0.000000e+00 0.000000e+00
    outer loop
      vertex   1.350000e+01 3.802073e+01 -2.250000e+01
      vertex   1.350000e+01 3.600000e+01 -2.050000e+01
      vertex   1.350000e+01 3.397927e+01 -2.250000e+01
    endloop
  endfacet
  facet normal 1.000000e+00 0.000000e+00 0.000000e+00
    outer loop
      vertex   1.350000e+01 3.397927e+01 -2.250000e+01
      vertex   1.350000e+01 3.600000e+01 -2.050000e+01
      vertex   1.350000e+01 3.566622e+01 -2.046239e+01
    endloop
  endfacet
  facet normal 1.000000e+00 0.000000e+00 0.000000e+00
    outer loop
      vertex   1.350000e+01 3.397927e+01 -2.250000e+01
      vertex   1.350000e+01 3.566622e+01 -2.046239e+01
      vertex   1.350000e+01 3.534917e+01 -2.035145e+01
    endloop
  endfacet
  facet normal 1.000000e+00 0.000000e+00 0.000000e+00
    outer loop
      vertex   1.350000e+01 3.534917e+01 -2.035145e+01
      vertex   1.350000e+01 3.506477e+01 -2.017275e+01
      vertex   1.350000e+01 3.397927e+01 -2.250000e+01
    endloop
  endfacet
  facet normal 1.000000e+00 0.000000e+00 0.000000e+00
    outer loop
      vertex   1.350000e+01 3.397927e+01 -2.250000e+01
      vertex   1.350000e+01 3.506477e+01 -2.017275e+01
      vertex   1.350000e+01 3.482725e+01 -1.993523e+01
    endloop
  endfacet
  facet normal 1.000000e+00 0.000000e+00 -0.000000e+00
    outer loop
      vertex   1.350000e+01 3.397927e+01 -2.250000e+01
      vertex   1.350000e+01 3.482725e+01 -1.993523e+01
      vertex   1.350000e+01 3.195855e+01 -1.900000e+01
    endloop
  endfacet
  facet normal 1.000000e+00 0.000000e+00 0.000000e+00
    outer loop
      vertex   1.350000e+01 3.195855e+01 -1.900000e+01
      vertex   1.350000e+01 3.482725e+01 -1.993523e+01
      vertex   1.350000e+01 3.464855e+01 -1.965083e+01
    endloop
  endfacet
  facet normal 1.000000e+00 0.000000e+00 0.000000e+00
    outer loop
      vertex   1.350000e+01 3.195855e+01 -1.900000e+01
      vertex   1.350000e+01 3.464855e+01 -1.965083e+01
      vertex   1.350000e+01 3.453761e+01 -1.933378e+01
    endloop
  endfacet
  facet normal 1.000000e+00 -3.712287e-32 -4.179663e-16
    outer loop
      vertex   1.700000e+01 3.000000e+01 -7.000000e+00
      vertex   1.700000e+01 3.397927e+01 -1.550000e+01
      vertex   1.700000e+01 4.000000e+01 -7.000000e+00
    endloop
  endfacet
  facet normal 1.000000e+00 0.000000e+00 -4.179663e-16
    outer loop
      vertex   1.700000e+01 4.000000e+01 -7.000000e+00
      vertex   1.700000e+01 3.397927e+01 -1.550000e+01
      vertex   1.700000e+01 3.802073e+01 -1.550000e+01
    endloop
  endfacet
  facet normal 1.000000e+00 -1.876869e-16 -3.742623e-16
    outer loop
      vertex   1.700000e+01 4.000000e+01 -7.000000e+00
      vertex   1.700000e+01 3.802073e+01 -1.550000e+01
      vertex   1.700000e+01 4.500000e+01 -1.900000e+01
    endloop
  endfacet
  facet normal 1.000000e+00 0.000000e+00 0.000000e+00
    outer loop
      vertex   1.700000e+01 4.500000e+01 -1.900000e+01
      vertex   1.700000e+01 3.802073e+01 -1.550000e+01
      vertex   1.700000e+01 4.004145e+01 -1.900000e+01
    endloop
  endfacet
  facet normal 1.000000e+00 0.000000e+00 -5.921189e-16
    outer loop
      vertex   1.700000e+01 4.500000e+01 -1.900000e+01
      vertex   1.700000e+01 4.004145e+01 -1.900000e+01
      vertex   1.700000e+01 3.900000e+01 -2.500000e+01
    endloop
  endfacet
  facet normal 1.000000e+00 1.466458e-15 -8.466598e-16
    outer loop
      vertex   1.700000e+01 3.900000e+01 -2.500000e+01
      vertex   1.700000e+01 4.004145e+01 -1.900000e+01
      vertex   1.700000e+01 3.802073e+01 -2.250000e+01
    endloop
  endfacet
  facet normal 1.000000e+00 0.000000e+00 -1.421085e-15
    outer loop
      vertex   1.700000e+01 3.900000e+01 -2.500000e+01
      vertex   1.700000e+01 3.802073e+01 -2.250000e+01
      vertex   1.700000e+01 3.397927e+01 -2.250000e+01
    endloop
  endfacet
  facet normal 1.000000e+00 3.997764e-16 -2.308110e-16
    outer loop
      vertex   1.700000e+01 3.397927e+01 -1.550000e+01
      vertex   1.700000e+01 3.000000e+01 -7.000000e+00
      vertex   1.700000e+01 3.195855e+01 -1.900000e+01
    endloop
  endfacet
  facet normal 1.000000e+00 -6.046509e-16 -3.947460e-16
    outer loop
      vertex   1.700000e+01 3.195855e+01 -1.900000e+01
      vertex   1.700000e+01 3.000000e+01 -7.000000e+00
      vertex   1.700000e+01 3.000000e+01 -2.500000e+01
    endloop
  endfacet
  facet normal 1.000000e+00 -6.551619e-16 -3.782579e-16
    outer loop
      vertex   1.700000e+01 3.195855e+01 -1.900000e+01
      vertex   1.700000e+01 3.000000e+01 -2.500000e+01
      vertex   1.700000e+01 3.397927e+01 -2.250000e+01
    endloop
  endfacet
  facet normal 1.000000e+00 0.000000e+00 -1.421085e-15
    outer loop
      vertex   1.700000e+01 3.397927e+01 -2.250000e+01
      vertex   1.700000e+01 3.000000e+01 -2.500000e+01
      vertex   1.700000e+01 3.900000e+01 -2.500000e+01
    endloop
  endfacet
  facet normal 1.000000e+00 1.015061e-16 -2.537653e-16
    outer loop
      vertex   1.700000e+01 4.500000e+01 -1.900000e+01
      vertex   1.700000e+01 4.500000e+01 -5.000000e+00
      vertex   1.700000e+01 4.000000e+01 -7.000000e+00
    endloop
  endfacet
  facet normal 1.000000e+00 0.000000e+00 0.000000e+00
    outer loop
      vertex   1.700000e+01 4.000000e+01 -7.000000e+00
      vertex   1.700000e+01 4.500000e+01 -5.000000e+00
      vertex   1.700000e+01 4.000000e+01 -5.000000e+00
    endloop
  endfacet
  facet normal -9.937122e-01 0.000000e+00 -1.119645e-01
    outer loop
      vertex   1.546239e+01 3.900000e+01 -1.066622e+01
      vertex   1.546239e+01 4.500000e+01 -1.066622e+01
      vertex   1.550000e+01 3.900000e+01 -1.100000e+01
    endloop
  endfacet
  facet normal -9.937122e-01 0.000000e+00 -1.119645e-01
    outer loop
      vertex   1.550000e+01 3.900000e+01 -1.100000e+01
      vertex   1.546239e+01 4.500000e+01 -1.066622e+01
      vertex   1.550000e+01 4.500000e+01 -1.100000e+01
    endloop
  endfacet
  facet normal -9.937122e-01 0.000000e+00 1.119645e-01
    outer loop
      vertex   1.550000e+01 3.900000e+01 -1.100000e+01
      vertex   1.550000e+01 4.500000e+01 -1.100000e+01
      vertex   1.546239e+01 3.900000e+01 -1.133378e+01
    endloop
  endfacet
  facet normal -9.937122e-01 0.000000e+00 1.119645e-01
    outer loop
      vertex   1.546239e+01 3.900000e+01 -1.133378e+01
      vertex   1.550000e+01 4.500000e+01 -1.100000e+01
      vertex   1.546239e+01 4.500000e+01 -1.133378e+01
    endloop
  endfacet
  facet normal -9.438833e-01 0.000000e+00 3.302791e-01
    outer loop
      vertex   1.546239e+01 3.900000e+01 -1.133378e+01
      vertex   1.546239e+01 4.500000e+01 -1.133378e+01
      vertex   1.535145e+01 3.900000e+01 -1.165083e+01
    endloop
  endfacet
  facet normal -9.438833e-01 0.000000e+00 3.302791e-01
    outer loop
      vertex   1.535145e+01 3.900000e+01 -1.165083e+01
      vertex   1.546239e+01 4.500000e+01 -1.133378e+01
      vertex   1.535145e+01 4.500000e+01 -1.165083e+01
    endloop
  endfacet
  facet normal -8.467242e-01 0.000000e+00 5.320321e-01
    outer loop
      vertex   1.535145e+01 3.900000e+01 -1.165083e+01
      vertex   1.535145e+01 4.500000e+01 -1.165083e+01
      vertex   1.517275e+01 3.900000e+01 -1.193523e+01
    endloop
  endfacet
  facet normal -8.467242e-01 0.000000e+00 5.320321e-01
    outer loop
      vertex   1.517275e+01 3.900000e+01 -1.193523e+01
      vertex   1.535145e+01 4.500000e+01 -1.165083e+01
      vertex   1.517275e+01 4.500000e+01 -1.193523e+01
    endloop
  endfacet
  facet normal -7.071068e-01 0.000000e+00 7.071068e-01
    outer loop
      vertex   1.517275e+01 3.900000e+01 -1.193523e+01
      vertex   1.517275e+01 4.500000e+01 -1.193523e+01
      vertex   1.493523e+01 3.900000e+01 -1.217275e+01
    endloop
  endfacet
  facet normal -7.071068e-01 0.000000e+00 7.071068e-01
    outer loop
      vertex   1.493523e+01 3.900000e+01 -1.217275e+01
      vertex   1.517275e+01 4.500000e+01 -1.193523e+01
      vertex   1.493523e+01 4.500000e+01 -1.217275e+01
    endloop
  endfacet
  facet normal -5.320321e-01 0.000000e+00 8.467242e-01
    outer loop
      vertex   1.493523e+01 3.900000e+01 -1.217275e+01
      vertex   1.493523e+01 4.500000e+01 -1.217275e+01
      vertex   1.465083e+01 3.900000e+01 -1.235145e+01
    endloop
  endfacet
  facet normal -5.320321e-01 0.000000e+00 8.467242e-01
    outer loop
      vertex   1.465083e+01 3.900000e+01 -1.235145e+01
      vertex   1.493523e+01 4.500000e+01 -1.217275e+01
      vertex   1.465083e+01 4.500000e+01 -1.235145e+01
    endloop
  endfacet
  facet normal -3.302791e-01 0.000000e+00 9.438833e-01
    outer loop
      vertex   1.465083e+01 3.900000e+01 -1.235145e+01
      vertex   1.465083e+01 4.500000e+01 -1.235145e+01
      vertex   1.433378e+01 3.900000e+01 -1.246239e+01
    endloop
  endfacet
  facet normal -3.302791e-01 0.000000e+00 9.438833e-01
    outer loop
      vertex   1.433378e+01 3.900000e+01 -1.246239e+01
      vertex   1.465083e+01 4.500000e+01 -1.235145e+01
      vertex   1.433378e+01 4.500000e+01 -1.246239e+01
    endloop
  endfacet
  facet normal -1.119645e-01 0.000000e+00 9.937122e-01
    outer loop
      vertex   1.433378e+01 3.900000e+01 -1.246239e+01
      vertex   1.433378e+01 4.500000e+01 -1.246239e+01
      vertex   1.400000e+01 3.900000e+01 -1.250000e+01
    endloop
  endfacet
  facet normal -1.119645e-01 0.000000e+00 9.937122e-01
    outer loop
      vertex   1.400000e+01 3.900000e+01 -1.250000e+01
      vertex   1.433378e+01 4.500000e+01 -1.246239e+01
      vertex   1.400000e+01 4.500000e+01 -1.250000e+01
    endloop
  endfacet
  facet normal 1.119645e-01 -0.000000e+00 9.937122e-01
    outer loop
      vertex   1.400000e+01 3.900000e+01 -1.250000e+01
      vertex   1.400000e+01 4.500000e+01 -1.250000e+01
      vertex   1.366622e+01 3.900000e+01 -1.246239e+01
    endloop
  endfacet
  facet normal 1.119645e-01 -0.000000e+00 9.937122e-01
    outer loop
      vertex   1.366622e+01 3.900000e+01 -1.246239e+01
      vertex   1.400000e+01 4.500000e+01 -1.250000e+01
      vertex   1.366622e+01 4.500000e+01 -1.246239e+01
    endloop
  endfacet
  facet normal 3.302791e-01 -0.000000e+00 9.438833e-01
    outer loop
      vertex   1.366622e+01 3.900000e+01 -1.246239e+01
      vertex   1.366622e+01 4.500000e+01 -1.246239e+01
      vertex   1.334917e+01 3.900000e+01 -1.235145e+01
    endloop
  endfacet
  facet normal 3.302791e-01 -0.000000e+00 9.438833e-01
    outer loop
      vertex   1.334917e+01 3.900000e+01 -1.235145e+01
      vertex   1.366622e+01 4.500000e+01 -1.246239e+01
      vertex   1.334917e+01 4.500000e+01 -1.235145e+01
    endloop
  endfacet
  facet normal 5.320321e-01 -0.000000e+00 8.467242e-01
    outer loop
      vertex   1.334917e+01 3.900000e+01 -1.235145e+01
      vertex   1.334917e+01 4.500000e+01 -1.235145e+01
      vertex   1.306477e+01 3.900000e+01 -1.217275e+01
    endloop
  endfacet
  facet normal 5.320321e-01 -0.000000e+00 8.467242e-01
    outer loop
      vertex   1.306477e+01 3.900000e+01 -1.217275e+01
      vertex   1.334917e+01 4.500000e+01 -1.235145e+01
      vertex   1.306477e+01 4.500000e+01 -1.217275e+01
    endloop
  endfacet
  facet normal 7.071068e-01 -0.000000e+00 7.071068e-01
    outer loop
      vertex   1.306477e+01 3.900000e+01 -1.217275e+01
      vertex   1.306477e+01 4.500000e+01 -1.217275e+01
      vertex   1.282725e+01 3.900000e+01 -1.193523e+01
    endloop
  endfacet
  facet normal 7.071068e-01 -0.000000e+00 7.071068e-01
    outer loop
      vertex   1.282725e+01 3.900000e+01 -1.193523e+01
      vertex   1.306477e+01 4.500000e+01 -1.217275e+01
      vertex   1.282725e+01 4.500000e+01 -1.193523e+01
    endloop
  endfacet
  facet normal 8.467242e-01 -0.000000e+00 5.320321e-01
    outer loop
      vertex   1.282725e+01 3.900000e+01 -1.193523e+01
      vertex   1.282725e+01 4.500000e+01 -1.193523e+01
      vertex   1.264855e+01 3.900000e+01 -1.165083e+01
    endloop
  endfacet
  facet normal 8.467242e-01 -0.000000e+00 5.320321e-01
    outer loop
      vertex   1.264855e+01 3.900000e+01 -1.165083e+01
      vertex   1.282725e+01 4.500000e+01 -1.193523e+01
      vertex   1.264855e+01 4.500000e+01 -1.165083e+01
    endloop
  endfacet
  facet normal 9.438833e-01 -0.000000e+00 3.302791e-01
    outer loop
      vertex   1.264855e+01 3.900000e+01 -1.165083e+01
      vertex   1.264855e+01 4.500000e+01 -1.165083e+01
      vertex   1.253761e+01 3.900000e+01 -1.133378e+01
    endloop
  endfacet
  facet normal 9.438833e-01 -0.000000e+00 3.302791e-01
    outer loop
      vertex   1.253761e+01 3.900000e+01 -1.133378e+01
      vertex   1.264855e+01 4.500000e+01 -1.165083e+01
      vertex   1.253761e+01 4.500000e+01 -1.133378e+01
    endloop
  endfacet
  facet normal 9.937122e-01 -0.000000e+00 1.119645e-01
    outer loop
      vertex   1.253761e+01 3.900000e+01 -1.133378e+01
      vertex   1.253761e+01 4.500000e+01 -1.133378e+01
      vertex   1.250000e+01 3.900000e+01 -1.100000e+01
    endloop
  endfacet
  facet normal 9.937122e-01 -0.000000e+00 1.119645e-01
    outer loop
      vertex   1.250000e+01 3.900000e+01 -1.100000e+01
      vertex   1.253761e+01 4.500000e+01 -1.133378e+01
      vertex   1.250000e+01 4.500000e+01 -1.100000e+01
    endloop
  endfacet
  facet normal 9.937122e-01 0.000000e+00 -1.119645e-01
    outer loop
      vertex   1.250000e+01 3.900000e+01 -1.100000e+01
      vertex   1.250000e+01 4.500000e+01 -1.100000e+01
      vertex   1.253761e+01 3.900000e+01 -1.066622e+01
    endloop
  endfacet
  facet normal 9.937122e-01 0.000000e+00 -1.119645e-01
    outer loop
      vertex   1.253761e+01 3.900000e+01 -1.066622e+01
      vertex   1.250000e+01 4.500000e+01 -1.100000e+01
      vertex   1.253761e+01 4.500000e+01 -1.066622e+01
    endloop
  endfacet
  facet normal 9.438833e-01 0.000000e+00 -3.302791e-01
    outer loop
      vertex   1.253761e+01 3.900000e+01 -1.066622e+01
      vertex   1.253761e+01 4.500000e+01 -1.066622e+01
      vertex   1.264855e+01 3.900000e+01 -1.034917e+01
    endloop
  endfacet
  facet normal 9.438833e-01 0.000000e+00 -3.302791e-01
    outer loop
      vertex   1.264855e+01 3.900000e+01 -1.034917e+01
      vertex   1.253761e+01 4.500000e+01 -1.066622e+01
      vertex   1.264855e+01 4.500000e+01 -1.034917e+01
    endloop
  endfacet
  facet normal 8.467242e-01 0.000000e+00 -5.320321e-01
    outer loop
      vertex   1.264855e+01 3.900000e+01 -1.034917e+01
      vertex   1.264855e+01 4.500000e+01 -1.034917e+01
      vertex   1.282725e+01 3.900000e+01 -1.006477e+01
    endloop
  endfacet
  facet normal 8.467242e-01 0.000000e+00 -5.320321e-01
    outer loop
      vertex   1.282725e+01 3.900000e+01 -1.006477e+01
      vertex   1.264855e+01 4.500000e+01 -1.034917e+01
      vertex   1.282725e+01 4.500000e+01 -1.006477e+01
    endloop
  endfacet
  facet normal 7.071068e-01 0.000000e+00 -7.071068e-01
    outer loop
      vertex   1.282725e+01 3.900000e+01 -1.006477e+01
      vertex   1.282725e+01 4.500000e+01 -1.006477e+01
      vertex   1.306477e+01 3.900000e+01 -9.827253e+00
    endloop
  endfacet
  facet normal 7.071068e-01 0.000000e+00 -7.071068e-01
    outer loop
      vertex   1.306477e+01 3.900000e+01 -9.827253e+00
      vertex   1.282725e+01 4.500000e+01 -1.006477e+01
      vertex   1.306477e+01 4.500000e+01 -9.827253e+00
    endloop
  endfacet
  facet normal 5.320321e-01 0.000000e+00 -8.467242e-01
    outer loop
      vertex   1.306477e+01 3.900000e+01 -9.827253e+00
      vertex   1.306477e+01 4.500000e+01 -9.827253e+00
      vertex   1.334917e+01 3.900000e+01 -9.648547e+00
    endloop
  endfacet
  facet normal 5.320321e-01 0.000000e+00 -8.467242e-01
    outer loop
      vertex   1.334917e+01 3.900000e+01 -9.648547e+00
      vertex   1.306477e+01 4.500000e+01 -9.827253e+00
      vertex   1.334917e+01 4.500000e+01 -9.648547e+00
    endloop
  endfacet
  facet normal 3.302791e-01 0.000000e+00 -9.438833e-01
    outer loop
      vertex   1.334917e+01 3.900000e+01 -9.648547e+00
      vertex   1.334917e+01 4.500000e+01 -9.648547e+00
      vertex   1.366622e+01 3.900000e+01 -9.537608e+00
    endloop
  endfacet
  facet normal 3.302791e-01 0.000000e+00 -9.438833e-01
    outer loop
      vertex   1.366622e+01 3.900000e+01 -9.537608e+00
      vertex   1.334917e+01 4.500000e+01 -9.648547e+00
      vertex   1.366622e+01 4.500000e+01 -9.537608e+00
    endloop
  endfacet
  facet normal 1.119645e-01 0.000000e+00 -9.937122e-01
    outer loop
      vertex   1.366622e+01 3.900000e+01 -9.537608e+00
      vertex   1.366622e+01 4.500000e+01 -9.537608e+00
      vertex   1.400000e+01 3.900000e+01 -9.500000e+00
    endloop
  endfacet
  facet normal 1.119645e-01 0.000000e+00 -9.937122e-01
    outer loop
      vertex   1.400000e+01 3.900000e+01 -9.500000e+00
      vertex   1.366622e+01 4.500000e+01 -9.537608e+00
      vertex   1.400000e+01 4.500000e+01 -9.500000e+00
    endloop
  endfacet
  facet normal -1.119645e-01 0.000000e+00 -9.937122e-01
    outer loop
      vertex   1.400000e+01 3.900000e+01 -9.500000e+00
      vertex   1.400000e+01 4.500000e+01 -9.500000e+00
      vertex   1.433378e+01 3.900000e+01 -9.537608e+00
    endloop
  endfacet
  facet normal -1.119645e-01 0.000000e+00 -9.937122e-01
    outer loop
      vertex   1.433378e+01 3.900000e+01 -9.537608e+00
      vertex   1.400000e+01 4.500000e+01 -9.500000e+00
      vertex   1.433378e+01 4.500000e+01 -9.537608e+00
    endloop
  endfacet
  facet normal -3.302791e-01 0.000000e+00 -9.438833e-01
    outer loop
      vertex   1.433378e+01 3.900000e+01 -9.537608e+00
      vertex   1.433378e+01 4.500000e+01 -9.537608e+00
      vertex   1.465083e+01 3.900000e+01 -9.648547e+00
    endloop
  endfacet
  facet normal -3.302791e-01 0.000000e+00 -9.438833e-01
    outer loop
      vertex   1.465083e+01 3.900000e+01 -9.648547e+00
      vertex   1.433378e+01 4.500000e+01 -9.537608e+00
      vertex   1.465083e+01 4.500000e+01 -9.648547e+00
    endloop
  endfacet
  facet normal -5.320321e-01 0.000000e+00 -8.467242e-01
    outer loop
      vertex   1.465083e+01 3.900000e+01 -9.648547e+00
      vertex   1.465083e+01 4.500000e+01 -9.648547e+00
      vertex   1.493523e+01 3.900000e+01 -9.827253e+00
    endloop
  endfacet
  facet normal -5.320321e-01 0.000000e+00 -8.467242e-01
    outer loop
      vertex   1.493523e+01 3.900000e+01 -9.827253e+00
      vertex   1.465083e+01 4.500000e+01 -9.648547e+00
      vertex   1.493523e+01 4.500000e+01 -9.827253e+00
    endloop
  endfacet
  facet normal -7.071068e-01 0.000000e+00 -7.071068e-01
    outer loop
      vertex   1.493523e+01 3.900000e+01 -9.827253e+00
      vertex   1.493523e+01 4.500000e+01 -9.827253e+00
      vertex   1.517275e+01 3.900000e+01 -1.006477e+01
    endloop
  endfacet
  facet normal -7.071068e-01 0.000000e+00 -7.071068e-01
    outer loop
      vertex   1.517275e+01 3.900000e+01 -1.006477e+01
      vertex   1.493523e+01 4.500000e+01 -9.827253e+00
      vertex   1.517275e+01 4.500000e+01 -1.006477e+01
    endloop
  endfacet
  facet normal -8.467242e-01 0.000000e+00 -5.320321e-01
    outer loop
      vertex   1.517275e+01 3.900000e+01 -1.006477e+01
      vertex   1.517275e+01 4.500000e+01 -1.006477e+01
      vertex   1.535145e+01 3.900000e+01 -1.034917e+01
    endloop
  endfacet
  facet normal -8.467242e-01 0.000000e+00 -5.320321e-01
    outer loop
      vertex   1.535145e+01 3.900000e+01 -1.034917e+01
      vertex   1.517275e+01 4.500000e+01 -1.006477e+01
      vertex   1.535145e+01 4.500000e+01 -1.034917e+01
    endloop
  endfacet
  facet normal -9.438833e-01 0.000000e+00 -3.302791e-01
    outer loop
      vertex   1.535145e+01 3.900000e+01 -1.034917e+01
      vertex   1.535145e+01 4.500000e+01 -1.034917e+01
      vertex   1.546239e+01 3.900000e+01 -1.066622e+01
    endloop
  endfacet
  facet normal -9.438833e-01 0.000000e+00 -3.302791e-01
    outer loop
      vertex   1.546239e+01 3.900000e+01 -1.066622e+01
      vertex   1.535145e+01 4.500000e+01 -1.034917e+01
      vertex   1.546239e+01 4.500000e+01 -1.066622e+01
    endloop
  endfacet
  facet normal 0.000000e+00 1.000000e+00 -0.000000e+00
    outer loop
      vertex   1.546239e+01 3.900000e+01 -1.133378e+01
      vertex   1.253761e+01 3.900000e+01 -1.133378e+01
      vertex   1.550000e+01 3.900000e+01 -1.100000e+01
    endloop
  endfacet
  facet normal 0.000000e+00 1.000000e+00 0.000000e+00
    outer loop
      vertex   1.550000e+01 3.900000e+01 -1.100000e+01
      vertex   1.253761e+01 3.900000e+01 -1.133378e+01
      vertex   1.250000e+01 3.900000e+01 -1.100000e+01
    endloop
  endfacet
  facet normal 0.000000e+00 1.000000e+00 0.000000e+00
    outer loop
      vertex   1.550000e+01 3.900000e+01 -1.100000e+01
      vertex   1.250000e+01 3.900000e+01 -1.100000e+01
      vertex   1.546239e+01 3.900000e+01 -1.066622e+01
    endloop
  endfacet
  facet normal 0.000000e+00 1.000000e+00 0.000000e+00
    outer loop
      vertex   1.546239e+01 3.900000e+01 -1.066622e+01
      vertex   1.250000e+01 3.900000e+01 -1.100000e+01
      vertex   1.253761e+01 3.900000e+01 -1.066622e+01
    endloop
  endfacet
  facet normal 0.000000e+00 1.000000e+00 0.000000e+00
    outer loop
      vertex   1.546239e+01 3.900000e+01 -1.066622e+01
      vertex   1.253761e+01 3.900000e+01 -1.066622e+01
      vertex   1.535145e+01 3.900000e+01 -1.034917e+01
    endloop
  endfacet
  facet normal 0.000000e+00 1.000000e+00 0.000000e+00
    outer loop
      vertex   1.535145e+01 3.900000e+01 -1.034917e+01
      vertex   1.253761e+01 3.900000e+01 -1.066622e+01
      vertex   1.264855e+01 3.900000e+01 -1.034917e+01
    endloop
  endfacet
  facet normal 0.000000e+00 1.000000e+00 0.000000e+00
    outer loop
      vertex   1.535145e+01 3.900000e+01 -1.034917e+01
      vertex   1.264855e+01 3.900000e+01 -1.034917e+01
      vertex   1.517275e+01 3.900000e+01 -1.006477e+01
    endloop
  endfacet
  facet normal 0.000000e+00 1.000000e+00 0.000000e+00
    outer loop
      vertex   1.517275e+01 3.900000e+01 -1.006477e+01
      vertex   1.264855e+01 3.900000e+01 -1.034917e+01
      vertex   1.282725e+01 3.900000e+01 -1.006477e+01
    endloop
  endfacet
  facet normal 0.000000e+00 1.000000e+00 0.000000e+00
    outer loop
      vertex   1.517275e+01 3.900000e+01 -1.006477e+01
      vertex   1.282725e+01 3.900000e+01 -1.006477e+01
      vertex   1.493523e+01 3.900000e+01 -9.827253e+00
    endloop
  endfacet
  facet normal 0.000000e+00 1.000000e+00 0.000000e+00
    outer loop
      vertex   1.493523e+01 3.900000e+01 -9.827253e+00
      vertex   1.282725e+01 3.900000e+01 -1.006477e+01
      vertex   1.306477e+01 3.900000e+01 -9.827253e+00
    endloop
  endfacet
  facet normal 0.000000e+00 1.000000e+00 0.000000e+00
    outer loop
      vertex   1.493523e+01 3.900000e+01 -9.827253e+00
      vertex   1.306477e+01 3.900000e+01 -9.827253e+00
      vertex   1.465083e+01 3.900000e+01 -9.648547e+00
    endloop
  endfacet
  facet normal 0.000000e+00 1.000000e+00 0.000000e+00
    outer loop
      vertex   1.465083e+01 3.900000e+01 -9.648547e+00
      vertex   1.306477e+01 3.900000e+01 -9.827253e+00
      vertex   1.334917e+01 3.900000e+01 -9.648547e+00
    endloop
  endfacet
  facet normal 0.000000e+00 1.000000e+00 0.000000e+00
    outer loop
      vertex   1.465083e+01 3.900000e+01 -9.648547e+00
      vertex   1.334917e+01 3.900000e+01 -9.648547e+00
      vertex   1.433378e+01 3.900000e+01 -9.537608e+00
    endloop
  endfacet
  facet normal 0.000000e+00 1.000000e+00 0.000000e+00
    outer loop
      vertex   1.433378e+01 3.900000e+01 -9.537608e+00
      vertex   1.334917e+01 3.900000e+01 -9.648547e+00
      vertex   1.366622e+01 3.900000e+01 -9.537608e+00
    endloop
  endfacet
  facet normal 0.000000e+00 1.000000e+00 0.000000e+00
    outer loop
      vertex   1.433378e+01 3.900000e+01 -9.537608e+00
      vertex   1.366622e+01 3.900000e+01 -9.537608e+00
      vertex   1.400000e+01 3.900000e+01 -9.500000e+00
    endloop
  endfacet
  facet normal -0.000000e+00 1.000000e+00 0.000000e+00
    outer loop
      vertex   1.253761e+01 3.900000e+01 -1.133378e+01
      vertex   1.546239e+01 3.900000e+01 -1.133378e+01
      vertex   1.264855e+01 3.900000e+01 -1.165083e+01
    endloop
  endfacet
  facet normal 0.000000e+00 1.000000e+00 0.000000e+00
    outer loop
      vertex   1.264855e+01 3.900000e+01 -1.165083e+01
      vertex   1.546239e+01 3.900000e+01 -1.133378e+01
      vertex   1.535145e+01 3.900000e+01 -1.165083e+01
    endloop
  endfacet
  facet normal -0.000000e+00 1.000000e+00 0.000000e+00
    outer loop
      vertex   1.264855e+01 3.900000e+01 -1.165083e+01
      vertex   1.535145e+01 3.900000e+01 -1.165083e+01
      vertex   1.282725e+01 3.900000e+01 -1.193523e+01
    endloop
  endfacet
  facet normal 0.000000e+00 1.000000e+00 0.000000e+00
    outer loop
      vertex   1.282725e+01 3.900000e+01 -1.193523e+01
      vertex   1.535145e+01 3.900000e+01 -1.165083e+01
      vertex   1.517275e+01 3.900000e+01 -1.193523e+01
    endloop
  endfacet
  facet normal -0.000000e+00 1.000000e+00 0.000000e+00
    outer loop
      vertex   1.282725e+01 3.900000e+01 -1.193523e+01
      vertex   1.517275e+01 3.900000e+01 -1.193523e+01
      vertex   1.306477e+01 3.900000e+01 -1.217275e+01
    endloop
  endfacet
  facet normal 0.000000e+00 1.000000e+00 0.000000e+00
    outer loop
      vertex   1.306477e+01 3.900000e+01 -1.217275e+01
      vertex   1.517275e+01 3.900000e+01 -1.193523e+01
      vertex   1.493523e+01 3.900000e+01 -1.217275e+01
    endloop
  endfacet
  facet normal -0.000000e+00 1.000000e+00 0.000000e+00
    outer loop
      vertex   1.306477e+01 3.900000e+01 -1.217275e+01
      vertex   1.493523e+01 3.900000e+01 -1.217275e+01
      vertex   1.334917e+01 3.900000e+01 -1.235145e+01
    endloop
  endfacet
  facet normal 0.000000e+00 1.000000e+00 0.000000e+00
    outer loop
      vertex   1.334917e+01 3.900000e+01 -1.235145e+01
      vertex   1.493523e+01 3.900000e+01 -1.217275e+01
      vertex   1.465083e+01 3.900000e+01 -1.235145e+01
    endloop
  endfacet
  facet normal -0.000000e+00 1.000000e+00 0.000000e+00
    outer loop
      vertex   1.334917e+01 3.900000e+01 -1.235145e+01
      vertex   1.465083e+01 3.900000e+01 -1.235145e+01
      vertex   1.366622e+01 3.900000e+01 -1.246239e+01
    endloop
  endfacet
  facet normal 0.000000e+00 1.000000e+00 0.000000e+00
    outer loop
      vertex   1.366622e+01 3.900000e+01 -1.246239e+01
      vertex   1.465083e+01 3.900000e+01 -1.235145e+01
      vertex   1.433378e+01 3.900000e+01 -1.246239e+01
    endloop
  endfacet
  facet normal -0.000000e+00 1.000000e+00 0.000000e+00
    outer loop
      vertex   1.366622e+01 3.900000e+01 -1.246239e+01
      vertex   1.433378e+01 3.900000e+01 -1.246239e+01
      vertex   1.400000e+01 3.900000e+01 -1.250000e+01
    endloop
  endfacet
  facet normal 0.000000e+00 7.071068e-01 -7.071068e-01
    outer loop
      vertex   -1.700000e+01 4.500000e+01 -1.900000e+01
      vertex   -1.175000e+01 4.500000e+01 -1.900000e+01
      vertex   -1.700000e+01 3.900000e+01 -2.500000e+01
    endloop
  endfacet
  facet normal 0.000000e+00 7.071068e-01 -7.071068e-01
    outer loop
      vertex   -1.700000e+01 3.900000e+01 -2.500000e+01
      vertex   -1.175000e+01 4.500000e+01 -1.900000e+01
      vertex   -1.175000e+01 3.900000e+01 -2.500000e+01
    endloop
  endfacet
  facet normal -0.000000e+00 -0.000000e+00 -1.000000e+00
    outer loop
      vertex   -1.175000e+01 3.900000e+01 -2.500000e+01
      vertex   -1.175000e+01 3.600000e+01 -2.500000e+01
      vertex   -1.700000e+01 3.900000e+01 -2.500000e+01
    endloop
  endfacet
  facet normal 0.000000e+00 0.000000e+00 -1.000000e+00
    outer loop
      vertex   -1.700000e+01 3.900000e+01 -2.500000e+01
      vertex   -1.175000e+01 3.600000e+01 -2.500000e+01
      vertex   -1.700000e+01 3.000000e+01 -2.500000e+01
    endloop
  endfacet
  facet normal 0.000000e+00 0.000000e+00 -1.000000e+00
    outer loop
      vertex   -1.700000e+01 3.000000e+01 -2.500000e+01
      vertex   -1.175000e+01 3.600000e+01 -2.500000e+01
      vertex   1.175000e+01 3.600000e+01 -2.500000e+01
    endloop
  endfacet
  facet normal 0.000000e+00 0.000000e+00 -1.000000e+00
    outer loop
      vertex   -1.700000e+01 3.000000e+01 -2.500000e+01
      vertex   1.175000e+01 3.600000e+01 -2.500000e+01
      vertex   1.700000e+01 3.000000e+01 -2.500000e+01
    endloop
  endfacet
  facet normal 0.000000e+00 0.000000e+00 -1.000000e+00
    outer loop
      vertex   1.700000e+01 3.000000e+01 -2.500000e+01
      vertex   1.175000e+01 3.600000e+01 -2.500000e+01
      vertex   1.700000e+01 3.900000e+01 -2.500000e+01
    endloop
  endfacet
  facet normal -0.000000e+00 0.000000e+00 -1.000000e+00
    outer loop
      vertex   1.700000e+01 3.900000e+01 -2.500000e+01
      vertex   1.175000e+01 3.600000e+01 -2.500000e+01
      vertex   1.175000e+01 3.900000e+01 -2.500000e+01
    endloop
  endfacet
  facet normal 0.000000e+00 7.071068e-01 -7.071068e-01
    outer loop
      vertex   1.700000e+01 3.900000e+01 -2.500000e+01
      vertex   1.175000e+01 3.900000e+01 -2.500000e+01
      vertex   1.700000e+01 4.500000e+01 -1.900000e+01
    endloop
  endfacet
  facet normal 0.000000e+00 7.071068e-01 -7.071068e-01
    outer loop
      vertex   1.700000e+01 4.500000e+01 -1.900000e+01
      vertex   1.175000e+01 3.900000e+01 -2.500000e+01
      vertex   1.175000e+01 4.500000e+01 -1.900000e+01
    endloop
  endfacet
  facet normal -0.000000e+00 1.000000e+00 0.000000e+00
    outer loop
      vertex   1.546239e+01 4.500000e+01 -1.066622e+01
      vertex   1.700000e+01 4.500000e+01 -5.000000e+00
      vertex   1.550000e+01 4.500000e+01 -1.100000e+01
    endloop
  endfacet
  facet normal -0.000000e+00 1.000000e+00 0.000000e+00
    outer loop
      vertex   1.550000e+01 4.500000e+01 -1.100000e+01
      vertex   1.700000e+01 4.500000e+01 -5.000000e+00
      vertex   1.700000e+01 4.500000e+01 -1.900000e+01
    endloop
  endfacet
  facet normal 0.000000e+00 1.000000e+00 0.000000e+00
    outer loop
      vertex   1.550000e+01 4.500000e+01 -1.100000e+01
      vertex   1.700000e+01 4.500000e+01 -1.900000e+01
      vertex   1.546239e+01 4.500000e+01 -1.133378e+01
    endloop
  endfacet
  facet normal 0.000000e+00 1.000000e+00 0.000000e+00
    outer loop
      vertex   1.546239e+01 4.500000e+01 -1.133378e+01
      vertex   1.700000e+01 4.500000e+01 -1.900000e+01
      vertex   1.535145e+01 4.500000e+01 -1.165083e+01
    endloop
  endfacet
  facet normal 0.000000e+00 1.000000e+00 0.000000e+00
    outer loop
      vertex   1.535145e+01 4.500000e+01 -1.165083e+01
      vertex   1.700000e+01 4.500000e+01 -1.900000e+01
      vertex   1.517275e+01 4.500000e+01 -1.193523e+01
    endloop
  endfacet
  facet normal 0.000000e+00 1.000000e+00 0.000000e+00
    outer loop
      vertex   1.517275e+01 4.500000e+01 -1.193523e+01
      vertex   1.700000e+01 4.500000e+01 -1.900000e+01
      vertex   1.493523e+01 4.500000e+01 -1.217275e+01
    endloop
  endfacet
  facet normal 0.000000e+00 1.000000e+00 0.000000e+00
    outer loop
      vertex   1.493523e+01 4.500000e+01 -1.217275e+01
      vertex   1.700000e+01 4.500000e+01 -1.900000e+01
      vertex   1.465083e+01 4.500000e+01 -1.235145e+01
    endloop
  endfacet
  facet normal 0.000000e+00 1.000000e+00 0.000000e+00
    outer loop
      vertex   1.465083e+01 4.500000e+01 -1.235145e+01
      vertex   1.700000e+01 4.500000e+01 -1.900000e+01
      vertex   1.433378e+01 4.500000e+01 -1.246239e+01
    endloop
  endfacet
  facet normal 0.000000e+00 1.000000e+00 0.000000e+00
    outer loop
      vertex   1.433378e+01 4.500000e+01 -1.246239e+01
      vertex   1.700000e+01 4.500000e+01 -1.900000e+01
      vertex   1.175000e+01 4.500000e+01 -1.900000e+01
    endloop
  endfacet
  facet normal 0.000000e+00 1.000000e+00 0.000000e+00
    outer loop
      vertex   1.433378e+01 4.500000e+01 -1.246239e+01
      vertex   1.175000e+01 4.500000e+01 -1.900000e+01
      vertex   1.400000e+01 4.500000e+01 -1.250000e+01
    endloop
  endfacet
  facet normal 0.000000e+00 1.000000e+00 0.000000e+00
    outer loop
      vertex   1.400000e+01 4.500000e+01 -1.250000e+01
      vertex   1.175000e+01 4.500000e+01 -1.900000e+01
      vertex   1.366622e+01 4.500000e+01 -1.246239e+01
    endloop
  endfacet
  facet normal 0.000000e+00 1.000000e+00 0.000000e+00
    outer loop
      vertex   1.366622e+01 4.500000e+01 -1.246239e+01
      vertex   1.175000e+01 4.500000e+01 -1.900000e+01
      vertex   1.334917e+01 4.500000e+01 -1.235145e+01
    endloop
  endfacet
  facet normal 0.000000e+00 1.000000e+00 0.000000e+00
    outer loop
      vertex   1.334917e+01 4.500000e+01 -1.235145e+01
      vertex   1.175000e+01 4.500000e+01 -1.900000e+01
      vertex   1.306477e+01 4.500000e+01 -1.217275e+01
    endloop
  endfacet
  facet normal 0.000000e+00 1.000000e+00 0.000000e+00
    outer loop
      vertex   1.306477e+01 4.500000e+01 -1.217275e+01
      vertex   1.175000e+01 4.500000e+01 -1.900000e+01
      vertex   1.282725e+01 4.500000e+01 -1.193523e+01
    endloop
  endfacet
  facet normal 0.000000e+00 1.000000e+00 0.000000e+00
    outer loop
      vertex   1.282725e+01 4.500000e+01 -1.193523e+01
      vertex   1.175000e+01 4.500000e+01 -1.900000e+01
      vertex   1.264855e+01 4.500000e+01 -1.165083e+01
    endloop
  endfacet
  facet normal 0.000000e+00 1.000000e+00 0.000000e+00
    outer loop
      vertex   1.264855e+01 4.500000e+01 -1.165083e+01
      vertex   1.175000e+01 4.500000e+01 -1.900000e+01
      vertex   1.253761e+01 4.500000e+01 -1.133378e+01
    endloop
  endfacet
  facet normal 0.000000e+00 1.000000e+00 0.000000e+00
    outer loop
      vertex   1.253761e+01 4.500000e+01 -1.133378e+01
      vertex   1.175000e+01 4.500000e+01 -1.900000e+01
      vertex   1.250000e+01 4.500000e+01 -1.100000e+01
    endloop
  endfacet
  facet normal 0.000000e+00 1.000000e+00 0.000000e+00
    outer loop
      vertex   1.250000e+01 4.500000e+01 -1.100000e+01
      vertex   1.175000e+01 4.500000e+01 -1.900000e+01
      vertex   1.175000e+01 4.500000e+01 -5.000000e+00
    endloop
  endfacet
  facet normal 0.000000e+00 1.000000e+00 -0.000000e+00
    outer loop
      vertex   1.250000e+01 4.500000e+01 -1.100000e+01
      vertex   1.175000e+01 4.500000e+01 -5.000000e+00
      vertex   1.253761e+01 4.500000e+01 -1.066622e+01
    endloop
  endfacet
  facet normal 0.000000e+00 1.000000e+00 -0.000000e+00
    outer loop
      vertex   1.253761e+01 4.500000e+01 -1.066622e+01
      vertex   1.175000e+01 4.500000e+01 -5.000000e+00
      vertex   1.264855e+01 4.500000e+01 -1.034917e+01
    endloop
  endfacet
  facet normal 0.000000e+00 1.000000e+00 -0.000000e+00
    outer loop
      vertex   1.264855e+01 4.500000e+01 -1.034917e+01
      vertex   1.175000e+01 4.500000e+01 -5.000000e+00
      vertex   1.282725e+01 4.500000e+01 -1.006477e+01
    endloop
  endfacet
  facet normal 0.000000e+00 1.000000e+00 -0.000000e+00
    outer loop
      vertex   1.282725e+01 4.500000e+01 -1.006477e+01
      vertex   1.175000e+01 4.500000e+01 -5.000000e+00
      vertex   1.306477e+01 4.500000e+01 -9.827253e+00
    endloop
  endfacet
  facet normal 0.000000e+00 1.000000e+00 -0.000000e+00
    outer loop
      vertex   1.306477e+01 4.500000e+01 -9.827253e+00
      vertex   1.175000e+01 4.500000e+01 -5.000000e+00
      vertex   1.334917e+01 4.500000e+01 -9.648547e+00
    endloop
  endfacet
  facet normal 0.000000e+00 1.000000e+00 -0.000000e+00
    outer loop
      vertex   1.334917e+01 4.500000e+01 -9.648547e+00
      vertex   1.175000e+01 4.500000e+01 -5.000000e+00
      vertex   1.366622e+01 4.500000e+01 -9.537608e+00
    endloop
  endfacet
  facet normal 0.000000e+00 1.000000e+00 -0.000000e+00
    outer loop
      vertex   1.366622e+01 4.500000e+01 -9.537608e+00
      vertex   1.175000e+01 4.500000e+01 -5.000000e+00
      vertex   1.400000e+01 4.500000e+01 -9.500000e+00
    endloop
  endfacet
  facet normal -0.000000e+00 1.000000e+00 -0.000000e+00
    outer loop
      vertex   1.400000e+01 4.500000e+01 -9.500000e+00
      vertex   1.175000e+01 4.500000e+01 -5.000000e+00
      vertex   1.433378e+01 4.500000e+01 -9.537608e+00
    endloop
  endfacet
  facet normal 0.000000e+00 1.000000e+00 -0.000000e+00
    outer loop
      vertex   1.433378e+01 4.500000e+01 -9.537608e+00
      vertex   1.175000e+01 4.500000e+01 -5.000000e+00
      vertex   1.700000e+01 4.500000e+01 -5.000000e+00
    endloop
  endfacet
  facet normal -0.000000e+00 1.000000e+00 0.000000e+00
    outer loop
      vertex   1.433378e+01 4.500000e+01 -9.537608e+00
      vertex   1.700000e+01 4.500000e+01 -5.000000e+00
      vertex   1.465083e+01 4.500000e+01 -9.648547e+00
    endloop
  endfacet
  facet normal -0.000000e+00 1.000000e+00 0.000000e+00
    outer loop
      vertex   1.465083e+01 4.500000e+01 -9.648547e+00
      vertex   1.700000e+01 4.500000e+01 -5.000000e+00
      vertex   1.493523e+01 4.500000e+01 -9.827253e+00
    endloop
  endfacet
  facet normal -0.000000e+00 1.000000e+00 0.000000e+00
    outer loop
      vertex   1.493523e+01 4.500000e+01 -9.827253e+00
      vertex   1.700000e+01 4.500000e+01 -5.000000e+00
      vertex   1.517275e+01 4.500000e+01 -1.006477e+01
    endloop
  endfacet
  facet normal -0.000000e+00 1.000000e+00 0.000000e+00
    outer loop
      vertex   1.517275e+01 4.500000e+01 -1.006477e+01
      vertex   1.700000e+01 4.500000e+01 -5.000000e+00
      vertex   1.535145e+01 4.500000e+01 -1.034917e+01
    endloop
  endfacet
  facet normal -0.000000e+00 1.000000e+00 0.000000e+00
    outer loop
      vertex   1.535145e+01 4.500000e+01 -1.034917e+01
      vertex   1.700000e+01 4.500000e+01 -5.000000e+00
      vertex   1.546239e+01 4.500000e+01 -1.066622e+01
    endloop
  endfacet
  facet normal -3.214360e-15 0.000000e+00 1.000000e+00
    outer loop
      vertex   -1.700000e+01 4.000000e+01 -5.000000e+00
      vertex   -1.175000e+01 4.000000e+01 -5.000000e+00
      vertex   -1.700000e+01 4.500000e+01 -5.000000e+00
    endloop
  endfacet
  facet normal -3.214360e-15 0.000000e+00 1.000000e+00
    outer loop
      vertex   -1.700000e+01 4.500000e+01 -5.000000e+00
      vertex   -1.175000e+01 4.000000e+01 -5.000000e+00
      vertex   -1.175000e+01 4.500000e+01 -5.000000e+00
    endloop
  endfacet
  facet normal 0.000000e+00 1.000000e+00 0.000000e+00
    outer loop
      vertex   -1.546239e+01 4.500000e+01 -1.133378e+01
      vertex   -1.700000e+01 4.500000e+01 -1.900000e+01
      vertex   -1.550000e+01 4.500000e+01 -1.100000e+01
    endloop
  endfacet
  facet normal 0.000000e+00 1.000000e+00 0.000000e+00
    outer loop
      vertex   -1.550000e+01 4.500000e+01 -1.100000e+01
      vertex   -1.700000e+01 4.500000e+01 -1.900000e+01
      vertex   -1.700000e+01 4.500000e+01 -5.000000e+00
    endloop
  endfacet
  facet normal 0.000000e+00 1.000000e+00 -0.000000e+00
    outer loop
      vertex   -1.550000e+01 4.500000e+01 -1.100000e+01
      vertex   -1.700000e+01 4.500000e+01 -5.000000e+00
      vertex   -1.546239e+01 4.500000e+01 -1.066622e+01
    endloop
  endfacet
  facet normal 0.000000e+00 1.000000e+00 -0.000000e+00
    outer loop
      vertex   -1.546239e+01 4.500000e+01 -1.066622e+01
      vertex   -1.700000e+01 4.500000e+01 -5.000000e+00
      vertex   -1.535145e+01 4.500000e+01 -1.034917e+01
    endloop
  endfacet
  facet normal 0.000000e+00 1.000000e+00 -0.000000e+00
    outer loop
      vertex   -1.535145e+01 4.500000e+01 -1.034917e+01
      vertex   -1.700000e+01 4.500000e+01 -5.000000e+00
      vertex   -1.517275e+01 4.500000e+01 -1.006477e+01
    endloop
  endfacet
  facet normal 0.000000e+00 1.000000e+00 -0.000000e+00
    outer loop
      vertex   -1.517275e+01 4.500000e+01 -1.006477e+01
      vertex   -1.700000e+01 4.500000e+01 -5.000000e+00
      vertex   -1.493523e+01 4.500000e+01 -9.827253e+00
    endloop
  endfacet
  facet normal 0.000000e+00 1.000000e+00 -0.000000e+00
    outer loop
      vertex   -1.493523e+01 4.500000e+01 -9.827253e+00
      vertex   -1.700000e+01 4.500000e+01 -5.000000e+00
      vertex   -1.465083e+01 4.500000e+01 -9.648547e+00
    endloop
  endfacet
  facet normal 0.000000e+00 1.000000e+00 -0.000000e+00
    outer loop
      vertex   -1.465083e+01 4.500000e+01 -9.648547e+00
      vertex   -1.700000e+01 4.500000e+01 -5.000000e+00
      vertex   -1.433378e+01 4.500000e+01 -9.537608e+00
    endloop
  endfacet
  facet normal 0.000000e+00 1.000000e+00 -0.000000e+00
    outer loop
      vertex   -1.433378e+01 4.500000e+01 -9.537608e+00
      vertex   -1.700000e+01 4.500000e+01 -5.000000e+00
      vertex   -1.175000e+01 4.500000e+01 -5.000000e+00
    endloop
  endfacet
  facet normal 0.000000e+00 1.000000e+00 0.000000e+00
    outer loop
      vertex   -1.433378e+01 4.500000e+01 -9.537608e+00
      vertex   -1.175000e+01 4.500000e+01 -5.000000e+00
      vertex   -1.400000e+01 4.500000e+01 -9.500000e+00
    endloop
  endfacet
  facet normal -0.000000e+00 1.000000e+00 0.000000e+00
    outer loop
      vertex   -1.400000e+01 4.500000e+01 -9.500000e+00
      vertex   -1.175000e+01 4.500000e+01 -5.000000e+00
      vertex   -1.366622e+01 4.500000e+01 -9.537608e+00
    endloop
  endfacet
  facet normal -0.000000e+00 1.000000e+00 0.000000e+00
    outer loop
      vertex   -1.366622e+01 4.500000e+01 -9.537608e+00
      vertex   -1.175000e+01 4.500000e+01 -5.000000e+00
      vertex   -1.334917e+01 4.500000e+01 -9.648547e+00
    endloop
  endfacet
  facet normal -0.000000e+00 1.000000e+00 0.000000e+00
    outer loop
      vertex   -1.334917e+01 4.500000e+01 -9.648547e+00
      vertex   -1.175000e+01 4.500000e+01 -5.000000e+00
      vertex   -1.306477e+01 4.500000e+01 -9.827253e+00
    endloop
  endfacet
  facet normal -0.000000e+00 1.000000e+00 0.000000e+00
    outer loop
      vertex   -1.306477e+01 4.500000e+01 -9.827253e+00
      vertex   -1.175000e+01 4.500000e+01 -5.000000e+00
      vertex   -1.282725e+01 4.500000e+01 -1.006477e+01
    endloop
  endfacet
  facet normal -0.000000e+00 1.000000e+00 0.000000e+00
    outer loop
      vertex   -1.282725e+01 4.500000e+01 -1.006477e+01
      vertex   -1.175000e+01 4.500000e+01 -5.000000e+00
      vertex   -1.264855e+01 4.500000e+01 -1.034917e+01
    endloop
  endfacet
  facet normal -0.000000e+00 1.000000e+00 0.000000e+00
    outer loop
      vertex   -1.264855e+01 4.500000e+01 -1.034917e+01
      vertex   -1.175000e+01 4.500000e+01 -5.000000e+00
      vertex   -1.253761e+01 4.500000e+01 -1.066622e+01
    endloop
  endfacet
  facet normal -0.000000e+00 1.000000e+00 0.000000e+00
    outer loop
      vertex   -1.253761e+01 4.500000e+01 -1.066622e+01
      vertex   -1.175000e+01 4.500000e+01 -5.000000e+00
      vertex   -1.250000e+01 4.500000e+01 -1.100000e+01
    endloop
  endfacet
  facet normal -0.000000e+00 1.000000e+00 0.000000e+00
    outer loop
      vertex   -1.250000e+01 4.500000e+01 -1.100000e+01
      vertex   -1.175000e+01 4.500000e+01 -5.000000e+00
      vertex   -1.175000e+01 4.500000e+01 -1.900000e+01
    endloop
  endfacet
  facet normal 0.000000e+00 1.000000e+00 0.000000e+00
    outer loop
      vertex   -1.250000e+01 4.500000e+01 -1.100000e+01
      vertex   -1.175000e+01 4.500000e+01 -1.900000e+01
      vertex   -1.253761e+01 4.500000e+01 -1.133378e+01
    endloop
  endfacet
  facet normal 0.000000e+00 1.000000e+00 0.000000e+00
    outer loop
      vertex   -1.253761e+01 4.500000e+01 -1.133378e+01
      vertex   -1.175000e+01 4.500000e+01 -1.900000e+01
      vertex   -1.264855e+01 4.500000e+01 -1.165083e+01
    endloop
  endfacet
  facet normal 0.000000e+00 1.000000e+00 0.000000e+00
    outer loop
      vertex   -1.264855e+01 4.500000e+01 -1.165083e+01
      vertex   -1.175000e+01 4.500000e+01 -1.900000e+01
      vertex   -1.282725e+01 4.500000e+01 -1.193523e+01
    endloop
  endfacet
  facet normal 0.000000e+00 1.000000e+00 0.000000e+00
    outer loop
      vertex   -1.282725e+01 4.500000e+01 -1.193523e+01
      vertex   -1.175000e+01 4.500000e+01 -1.900000e+01
      vertex   -1.306477e+01 4.500000e+01 -1.217275e+01
    endloop
  endfacet
  facet normal 0.000000e+00 1.000000e+00 0.000000e+00
    outer loop
      vertex   -1.306477e+01 4.500000e+01 -1.217275e+01
      vertex   -1.175000e+01 4.500000e+01 -1.900000e+01
      vertex   -1.334917e+01 4.500000e+01 -1.235145e+01
    endloop
  endfacet
  facet normal 0.000000e+00 1.000000e+00 0.000000e+00
    outer loop
      vertex   -1.334917e+01 4.500000e+01 -1.235145e+01
      vertex   -1.175000e+01 4.500000e+01 -1.900000e+01
      vertex   -1.366622e+01 4.500000e+01 -1.246239e+01
    endloop
  endfacet
  facet normal 0.000000e+00 1.000000e+00 0.000000e+00
    outer loop
      vertex   -1.366622e+01 4.500000e+01 -1.246239e+01
      vertex   -1.175000e+01 4.500000e+01 -1.900000e+01
      vertex   -1.400000e+01 4.500000e+01 -1.250000e+01
    endloop
  endfacet
  facet normal 0.000000e+00 1.000000e+00 0.000000e+00
    outer loop
      vertex   -1.400000e+01 4.500000e+01 -1.250000e+01
      vertex   -1.175000e+01 4.500000e+01 -1.900000e+01
      vertex   -1.433378e+01 4.500000e+01 -1.246239e+01
    endloop
  endfacet
  facet normal 0.000000e+00 1.000000e+00 0.000000e+00
    outer loop
      vertex   -1.433378e+01 4.500000e+01 -1.246239e+01
      vertex   -1.175000e+01 4.500000e+01 -1.900000e+01
      vertex   -1.700000e+01 4.500000e+01 -1.900000e+01
    endloop
  endfacet
  facet normal 0.000000e+00 1.000000e+00 0.000000e+00
    outer loop
      vertex   -1.433378e+01 4.500000e+01 -1.246239e+01
      vertex   -1.700000e+01 4.500000e+01 -1.900000e+01
      vertex   -1.465083e+01 4.500000e+01 -1.235145e+01
    endloop
  endfacet
  facet normal 0.000000e+00 1.000000e+00 0.000000e+00
    outer loop
      vertex   -1.465083e+01 4.500000e+01 -1.235145e+01
      vertex   -1.700000e+01 4.500000e+01 -1.900000e+01
      vertex   -1.493523e+01 4.500000e+01 -1.217275e+01
    endloop
  endfacet
  facet normal 0.000000e+00 1.000000e+00 0.000000e+00
    outer loop
      vertex   -1.493523e+01 4.500000e+01 -1.217275e+01
      vertex   -1.700000e+01 4.500000e+01 -1.900000e+01
      vertex   -1.517275e+01 4.500000e+01 -1.193523e+01
    endloop
  endfacet
  facet normal 0.000000e+00 1.000000e+00 0.000000e+00
    outer loop
      vertex   -1.517275e+01 4.500000e+01 -1.193523e+01
      vertex   -1.700000e+01 4.500000e+01 -1.900000e+01
      vertex   -1.535145e+01 4.500000e+01 -1.165083e+01
    endloop
  endfacet
  facet normal 0.000000e+00 1.000000e+00 0.000000e+00
    outer loop
      vertex   -1.535145e+01 4.500000e+01 -1.165083e+01
      vertex   -1.700000e+01 4.500000e+01 -1.900000e+01
      vertex   -1.546239e+01 4.500000e+01 -1.133378e+01
    endloop
  endfacet
  facet normal 0.000000e+00 1.000000e+00 0.000000e+00
    outer loop
      vertex   -1.175000e+01 3.600000e+01 -2.500000e+01
      vertex   -1.175000e+01 3.600000e+01 -2.200000e+01
      vertex   1.175000e+01 3.600000e+01 -2.500000e+01
    endloop
  endfacet
  facet normal 0.000000e+00 1.000000e+00 -0.000000e+00
    outer loop
      vertex   1.175000e+01 3.600000e+01 -2.500000e+01
      vertex   -1.175000e+01 3.600000e+01 -2.200000e+01
      vertex   1.175000e+01 3.600000e+01 -2.200000e+01
    endloop
  endfacet
  facet normal 0.000000e+00 0.000000e+00 -1.000000e+00
    outer loop
      vertex   -1.900000e+01 3.000000e+01 -5.000000e+00
      vertex   -1.975000e+01 3.000000e+01 -5.000000e+00
      vertex   -1.900000e+01 4.000000e+01 -5.000000e+00
    endloop
  endfacet
  facet normal -0.000000e+00 0.000000e+00 -1.000000e+00
    outer loop
      vertex   -1.900000e+01 4.000000e+01 -5.000000e+00
      vertex   -1.975000e+01 3.000000e+01 -5.000000e+00
      vertex   -1.975000e+01 4.000000e+01 -5.000000e+00
    endloop
  endfacet
  facet normal 3.174765e-15 0.000000e+00 -1.000000e+00
    outer loop
      vertex   -1.175000e+01 4.000000e+01 -5.000000e+00
      vertex   1.175000e+01 4.000000e+01 -5.000000e+00
      vertex   -1.175000e+01 3.000000e+01 -5.000000e+00
    endloop
  endfacet
  facet normal 3.174765e-15 0.000000e+00 -1.000000e+00
    outer loop
      vertex   -1.175000e+01 3.000000e+01 -5.000000e+00
      vertex   1.175000e+01 4.000000e+01 -5.000000e+00
      vertex   1.175000e+01 3.000000e+01 -5.000000e+00
    endloop
  endfacet
  facet normal -3.045183e-15 -1.776357e-16 1.000000e+00
    outer loop
      vertex   1.175000e+01 4.000000e+01 -5.000000e+00
      vertex   1.700000e+01 4.000000e+01 -5.000000e+00
      vertex   1.175000e+01 4.500000e+01 -5.000000e+00
    endloop
  endfacet
  facet normal -2.876006e-15 0.000000e+00 1.000000e+00
    outer loop
      vertex   1.175000e+01 4.500000e+01 -5.000000e+00
      vertex   1.700000e+01 4.000000e+01 -5.000000e+00
      vertex   1.700000e+01 4.500000e+01 -5.000000e+00
    endloop
  endfacet
  facet normal -1.000000e+00 8.536112e-16 -9.617888e-17
    outer loop
      vertex   1.175000e+01 3.453761e+01 -1.866622e+01
      vertex   1.175000e+01 3.450000e+01 -1.900000e+01
      vertex   1.175000e+01 3.000000e+01 -2.200000e+01
    endloop
  endfacet
  facet normal -1.000000e+00 7.343323e-16 8.273938e-17
    outer loop
      vertex   1.175000e+01 3.000000e+01 -2.200000e+01
      vertex   1.175000e+01 3.450000e+01 -1.900000e+01
      vertex   1.175000e+01 3.453761e+01 -1.933378e+01
    endloop
  endfacet
  facet normal -1.000000e+00 6.494243e-16 2.272434e-16
    outer loop
      vertex   1.175000e+01 3.000000e+01 -2.200000e+01
      vertex   1.175000e+01 3.453761e+01 -1.933378e+01
      vertex   1.175000e+01 3.464855e+01 -1.965083e+01
    endloop
  endfacet
  facet normal -1.000000e+00 5.800699e-16 3.644820e-16
    outer loop
      vertex   1.175000e+01 3.464855e+01 -1.965083e+01
      vertex   1.175000e+01 3.482725e+01 -1.993523e+01
      vertex   1.175000e+01 3.000000e+01 -2.200000e+01
    endloop
  endfacet
  facet normal -1.000000e+00 0.000000e+00 1.720638e-15
    outer loop
      vertex   1.175000e+01 3.000000e+01 -2.200000e+01
      vertex   1.175000e+01 3.482725e+01 -1.993523e+01
      vertex   1.175000e+01 3.600000e+01 -2.200000e+01
    endloop
  endfacet
  facet normal -1.000000e+00 3.982782e-15 3.982782e-15
    outer loop
      vertex   1.175000e+01 3.600000e+01 -2.200000e+01
      vertex   1.175000e+01 3.482725e+01 -1.993523e+01
      vertex   1.175000e+01 3.506477e+01 -2.017275e+01
    endloop
  endfacet
  facet normal -1.000000e+00 1.800829e-15 2.866003e-15
    outer loop
      vertex   1.175000e+01 3.600000e+01 -2.200000e+01
      vertex   1.175000e+01 3.506477e+01 -2.017275e+01
      vertex   1.175000e+01 3.534917e+01 -2.035145e+01
    endloop
  endfacet
  facet normal -1.000000e+00 8.749556e-16 2.500479e-15
    outer loop
      vertex   1.175000e+01 3.534917e+01 -2.035145e+01
      vertex   1.175000e+01 3.566622e+01 -2.046239e+01
      vertex   1.175000e+01 3.600000e+01 -2.200000e+01
    endloop
  endfacet
  facet normal -1.000000e+00 2.668631e-16 2.368476e-15
    outer loop
      vertex   1.175000e+01 3.600000e+01 -2.200000e+01
      vertex   1.175000e+01 3.566622e+01 -2.046239e+01
      vertex   1.175000e+01 3.600000e+01 -2.050000e+01
    endloop
  endfacet
  facet normal -1.000000e+00 -2.668631e-16 2.368476e-15
    outer loop
      vertex   1.175000e+01 3.600000e+01 -2.200000e+01
      vertex   1.175000e+01 3.600000e+01 -2.050000e+01
      vertex   1.175000e+01 3.633378e+01 -2.046239e+01
    endloop
  endfacet
  facet normal -1.000000e+00 -8.749556e-16 2.500479e-15
    outer loop
      vertex   1.175000e+01 3.633378e+01 -2.046239e+01
      vertex   1.175000e+01 3.665083e+01 -2.035145e+01
      vertex   1.175000e+01 3.600000e+01 -2.200000e+01
    endloop
  endfacet
  facet normal -1.000000e+00 -1.800829e-15 2.866003e-15
    outer loop
      vertex   1.175000e+01 3.600000e+01 -2.200000e+01
      vertex   1.175000e+01 3.665083e+01 -2.035145e+01
      vertex   1.175000e+01 3.693523e+01 -2.017275e+01
    endloop
  endfacet
  facet normal -1.000000e+00 8.943978e-16 1.486517e-15
    outer loop
      vertex   1.175000e+01 3.600000e+01 -2.200000e+01
      vertex   1.175000e+01 3.693523e+01 -2.017275e+01
      vertex   1.175000e+01 3.900000e+01 -2.500000e+01
    endloop
  endfacet
  facet normal -1.000000e+00 -7.732235e-16 7.732235e-16
    outer loop
      vertex   1.175000e+01 3.900000e+01 -2.500000e+01
      vertex   1.175000e+01 3.693523e+01 -2.017275e+01
      vertex   1.175000e+01 3.717275e+01 -1.993523e+01
    endloop
  endfacet
  facet normal -1.000000e+00 -1.063760e-15 6.684046e-16
    outer loop
      vertex   1.175000e+01 3.900000e+01 -2.500000e+01
      vertex   1.175000e+01 3.717275e+01 -1.993523e+01
      vertex   1.175000e+01 3.735145e+01 -1.965083e+01
    endloop
  endfacet
  facet normal -1.000000e+00 -1.513810e-15 5.297050e-16
    outer loop
      vertex   1.175000e+01 3.735145e+01 -1.965083e+01
      vertex   1.175000e+01 3.746239e+01 -1.933378e+01
      vertex   1.175000e+01 3.900000e+01 -2.500000e+01
    endloop
  endfacet
  facet normal -1.000000e+00 -5.068879e-16 8.029474e-16
    outer loop
      vertex   1.175000e+01 3.900000e+01 -2.500000e+01
      vertex   1.175000e+01 3.746239e+01 -1.933378e+01
      vertex   1.175000e+01 4.500000e+01 -1.900000e+01
    endloop
  endfacet
  facet normal -1.000000e+00 -4.736952e-16 5.337263e-17
    outer loop
      vertex   1.175000e+01 4.500000e+01 -1.900000e+01
      vertex   1.175000e+01 3.746239e+01 -1.933378e+01
      vertex   1.175000e+01 3.750000e+01 -1.900000e+01
    endloop
  endfacet
  facet normal -1.000000e+00 -4.736952e-16 -5.337263e-17
    outer loop
      vertex   1.175000e+01 4.500000e+01 -1.900000e+01
      vertex   1.175000e+01 3.750000e+01 -1.900000e+01
      vertex   1.175000e+01 3.746239e+01 -1.866622e+01
    endloop
  endfacet
  facet normal -1.000000e+00 -4.787499e-16 -1.675218e-16
    outer loop
      vertex   1.175000e+01 3.746239e+01 -1.866622e+01
      vertex   1.175000e+01 3.735145e+01 -1.834917e+01
      vertex   1.175000e+01 4.500000e+01 -1.900000e+01
    endloop
  endfacet
  facet normal -1.000000e+00 -4.907330e-16 -3.083480e-16
    outer loop
      vertex   1.175000e+01 4.500000e+01 -1.900000e+01
      vertex   1.175000e+01 3.735145e+01 -1.834917e+01
      vertex   1.175000e+01 3.717275e+01 -1.806477e+01
    endloop
  endfacet
  facet normal -1.000000e+00 -4.741225e-16 -1.693295e-16
    outer loop
      vertex   1.175000e+01 4.500000e+01 -1.900000e+01
      vertex   1.175000e+01 3.717275e+01 -1.806477e+01
      vertex   1.175000e+01 4.000000e+01 -5.000000e+00
    endloop
  endfacet
  facet normal -1.000000e+00 -2.235533e-16 -2.235533e-16
    outer loop
      vertex   1.175000e+01 4.000000e+01 -5.000000e+00
      vertex   1.175000e+01 3.717275e+01 -1.806477e+01
      vertex   1.175000e+01 3.693523e+01 -1.782725e+01
    endloop
  endfacet
  facet normal -1.000000e+00 -1.513131e-16 -2.408134e-16
    outer loop
      vertex   1.175000e+01 4.000000e+01 -5.000000e+00
      vertex   1.175000e+01 3.693523e+01 -1.782725e+01
      vertex   1.175000e+01 3.665083e+01 -1.764855e+01
    endloop
  endfacet
  facet normal -1.000000e+00 -8.994976e-17 -2.570616e-16
    outer loop
      vertex   1.175000e+01 3.665083e+01 -1.764855e+01
      vertex   1.175000e+01 3.633378e+01 -1.753761e+01
      vertex   1.175000e+01 4.000000e+01 -5.000000e+00
    endloop
  endfacet
  facet normal -1.000000e+00 -3.090914e-17 -2.743262e-16
    outer loop
      vertex   1.175000e+01 4.000000e+01 -5.000000e+00
      vertex   1.175000e+01 3.633378e+01 -1.753761e+01
      vertex   1.175000e+01 3.600000e+01 -1.750000e+01
    endloop
  endfacet
  facet normal -1.000000e+00 3.322138e-17 -2.948479e-16
    outer loop
      vertex   1.175000e+01 4.000000e+01 -5.000000e+00
      vertex   1.175000e+01 3.600000e+01 -1.750000e+01
      vertex   1.175000e+01 3.566622e+01 -1.753761e+01
    endloop
  endfacet
  facet normal -1.000000e+00 -0.000000e+00 -2.833645e-16
    outer loop
      vertex   1.175000e+01 4.000000e+01 -5.000000e+00
      vertex   1.175000e+01 3.566622e+01 -1.753761e+01
      vertex   1.175000e+01 3.000000e+01 -5.000000e+00
    endloop
  endfacet
  facet normal -1.000000e+00 8.561448e-17 -2.446721e-16
    outer loop
      vertex   1.175000e+01 3.000000e+01 -5.000000e+00
      vertex   1.175000e+01 3.566622e+01 -1.753761e+01
      vertex   1.175000e+01 3.534917e+01 -1.764855e+01
    endloop
  endfacet
  facet normal -1.000000e+00 1.394357e-16 -2.219107e-16
    outer loop
      vertex   1.175000e+01 3.000000e+01 -5.000000e+00
      vertex   1.175000e+01 3.534917e+01 -1.764855e+01
      vertex   1.175000e+01 3.506477e+01 -1.782725e+01
    endloop
  endfacet
  facet normal -1.000000e+00 1.985642e-16 -1.985642e-16
    outer loop
      vertex   1.175000e+01 3.506477e+01 -1.782725e+01
      vertex   1.175000e+01 3.482725e+01 -1.806477e+01
      vertex   1.175000e+01 3.000000e+01 -5.000000e+00
    endloop
  endfacet
  facet normal -1.000000e+00 2.725228e-16 -1.712374e-16
    outer loop
      vertex   1.175000e+01 3.000000e+01 -5.000000e+00
      vertex   1.175000e+01 3.482725e+01 -1.806477e+01
      vertex   1.175000e+01 3.464855e+01 -1.834917e+01
    endloop
  endfacet
  facet normal -1.000000e+00 7.642633e-16 0.000000e+00
    outer loop
      vertex   1.175000e+01 3.000000e+01 -5.000000e+00
      vertex   1.175000e+01 3.464855e+01 -1.834917e+01
      vertex   1.175000e+01 3.000000e+01 -2.200000e+01
    endloop
  endfacet
  facet normal -1.000000e+00 1.053884e-15 -3.687699e-16
    outer loop
      vertex   1.175000e+01 3.000000e+01 -2.200000e+01
      vertex   1.175000e+01 3.464855e+01 -1.834917e+01
      vertex   1.175000e+01 3.453761e+01 -1.866622e+01
    endloop
  endfacet
  facet normal -1.000000e+00 -5.921189e-16 0.000000e+00
    outer loop
      vertex   1.175000e+01 3.900000e+01 -2.500000e+01
      vertex   1.175000e+01 3.600000e+01 -2.500000e+01
      vertex   1.175000e+01 3.600000e+01 -2.200000e+01
    endloop
  endfacet
  facet normal -1.000000e+00 0.000000e+00 0.000000e+00
    outer loop
      vertex   1.175000e+01 4.000000e+01 -5.000000e+00
      vertex   1.175000e+01 4.500000e+01 -5.000000e+00
      vertex   1.175000e+01 4.500000e+01 -1.900000e+01
    endloop
  endfacet
  facet normal 0.000000e+00 0.000000e+00 1.000000e+00
    outer loop
      vertex   -1.175000e+01 3.000000e+01 -2.200000e+01
      vertex   1.175000e+01 3.000000e+01 -2.200000e+01
      vertex   -1.175000e+01 3.600000e+01 -2.200000e+01
    endloop
  endfacet
  facet normal -0.000000e+00 0.000000e+00 1.000000e+00
    outer loop
      vertex   -1.175000e+01 3.600000e+01 -2.200000e+01
      vertex   1.175000e+01 3.000000e+01 -2.200000e+01
      vertex   1.175000e+01 3.600000e+01 -2.200000e+01
    endloop
  endfacet
  facet normal 0.000000e+00 -1.000000e+00 0.000000e+00
    outer loop
      vertex   -1.105000e+01 3.700000e+01 -1.794603e-15
      vertex   -1.101050e+01 3.700000e+01 -4.892544e-01
      vertex   -1.101050e+01 3.700000e+01 4.892544e-01
    endloop
  endfacet
  facet normal 0.000000e+00 -1.000000e+00 0.000000e+00
    outer loop
      vertex   -1.101050e+01 3.700000e+01 4.892544e-01
      vertex   -1.101050e+01 3.700000e+01 -4.892544e-01
      vertex   -1.089304e+01 3.700000e+01 9.658374e-01
    endloop
  endfacet
  facet normal 0.000000e+00 -1.000000e+00 -0.000000e+00
    outer loop
      vertex   -1.089304e+01 3.700000e+01 9.658374e-01
      vertex   -1.101050e+01 3.700000e+01 -4.892544e-01
      vertex   -1.089304e+01 3.700000e+01 -9.658374e-01
    endloop
  endfacet
  facet normal 0.000000e+00 -1.000000e+00 0.000000e+00
    outer loop
      vertex   -1.089304e+01 3.700000e+01 9.658374e-01
      vertex   -1.089304e+01 3.700000e+01 -9.658374e-01
      vertex   -1.070064e+01 3.700000e+01 1.417406e+00
    endloop
  endfacet
  facet normal 0.000000e+00 -1.000000e+00 -0.000000e+00
    outer loop
      vertex   -1.070064e+01 3.700000e+01 1.417406e+00
      vertex   -1.089304e+01 3.700000e+01 -9.658374e-01
      vertex   -1.070064e+01 3.700000e+01 -1.417406e+00
    endloop
  endfacet
  facet normal 0.000000e+00 -1.000000e+00 0.000000e+00
    outer loop
      vertex   -1.070064e+01 3.700000e+01 1.417406e+00
      vertex   -1.070064e+01 3.700000e+01 -1.417406e+00
      vertex   -1.043830e+01 3.700000e+01 1.832264e+00
    endloop
  endfacet
  facet normal 0.000000e+00 -1.000000e+00 -0.000000e+00
    outer loop
      vertex   -1.043830e+01 3.700000e+01 1.832264e+00
      vertex   -1.070064e+01 3.700000e+01 -1.417406e+00
      vertex   -1.043830e+01 3.700000e+01 -1.832264e+00
    endloop
  endfacet
  facet normal 0.000000e+00 -1.000000e+00 0.000000e+00
    outer loop
      vertex   -1.043830e+01 3.700000e+01 1.832264e+00
      vertex   -1.043830e+01 3.700000e+01 -1.832264e+00
      vertex   -1.011281e+01 3.700000e+01 2.199667e+00
    endloop
  endfacet
  facet normal 0.000000e+00 -1.000000e+00 -0.000000e+00
    outer loop
      vertex   -1.011281e+01 3.700000e+01 2.199667e+00
      vertex   -1.043830e+01 3.700000e+01 -1.832264e+00
      vertex   -1.011281e+01 3.700000e+01 -2.199667e+00
    endloop
  endfacet
  facet normal 0.000000e+00 -1.000000e+00 0.000000e+00
    outer loop
      vertex   -1.011281e+01 3.700000e+01 2.199667e+00
      vertex   -1.011281e+01 3.700000e+01 -2.199667e+00
      vertex   -9.732597e+00 3.700000e+01 2.510101e+00
    endloop
  endfacet
  facet normal 0.000000e+00 -1.000000e+00 -0.000000e+00
    outer loop
      vertex   -9.732597e+00 3.700000e+01 2.510101e+00
      vertex   -1.011281e+01 3.700000e+01 -2.199667e+00
      vertex   -9.732597e+00 3.700000e+01 -2.510101e+00
    endloop
  endfacet
  facet normal 0.000000e+00 -1.000000e+00 0.000000e+00
    outer loop
      vertex   -9.732597e+00 3.700000e+01 2.510101e+00
      vertex   -9.732597e+00 3.700000e+01 -2.510101e+00
      vertex   -9.307512e+00 3.700000e+01 2.755524e+00
    endloop
  endfacet
  facet normal 0.000000e+00 -1.000000e+00 -0.000000e+00
    outer loop
      vertex   -9.307512e+00 3.700000e+01 2.755524e+00
      vertex   -9.732597e+00 3.700000e+01 -2.510101e+00
      vertex   -9.307512e+00 3.700000e+01 -2.755524e+00
    endloop
  endfacet
  facet normal 0.000000e+00 -1.000000e+00 0.000000e+00
    outer loop
      vertex   -9.307512e+00 3.700000e+01 2.755524e+00
      vertex   -9.307512e+00 3.700000e+01 -2.755524e+00
      vertex   -8.848563e+00 3.700000e+01 2.929580e+00
    endloop
  endfacet
  facet normal 0.000000e+00 -1.000000e+00 -0.000000e+00
    outer loop
      vertex   -8.848563e+00 3.700000e+01 2.929580e+00
      vertex   -9.307512e+00 3.700000e+01 -2.755524e+00
      vertex   -8.848563e+00 3.700000e+01 -2.929580e+00
    endloop
  endfacet
  facet normal 0.000000e+00 -1.000000e+00 0.000000e+00
    outer loop
      vertex   -8.848563e+00 3.700000e+01 2.929580e+00
      vertex   -8.848563e+00 3.700000e+01 -2.929580e+00
      vertex   -8.367637e+00 3.700000e+01 3.027762e+00
    endloop
  endfacet
  facet normal 0.000000e+00 -1.000000e+00 -0.000000e+00
    outer loop
      vertex   -8.367637e+00 3.700000e+01 3.027762e+00
      vertex   -8.848563e+00 3.700000e+01 -2.929580e+00
      vertex   -8.367637e+00 3.700000e+01 -3.027762e+00
    endloop
  endfacet
  facet normal 0.000000e+00 -1.000000e+00 0.000000e+00
    outer loop
      vertex   -8.367637e+00 3.700000e+01 3.027762e+00
      vertex   -8.367637e+00 3.700000e+01 -3.027762e+00
      vertex   -7.877189e+00 3.700000e+01 3.047526e+00
    endloop
  endfacet
  facet normal 0.000000e+00 -1.000000e+00 -0.000000e+00
    outer loop
      vertex   -7.877189e+00 3.700000e+01 3.047526e+00
      vertex   -8.367637e+00 3.700000e+01 -3.027762e+00
      vertex   -7.877189e+00 3.700000e+01 -3.047526e+00
    endloop
  endfacet
  facet normal 0.000000e+00 -1.000000e+00 0.000000e+00
    outer loop
      vertex   -7.877189e+00 3.700000e+01 3.047526e+00
      vertex   -7.877189e+00 3.700000e+01 -3.047526e+00
      vertex   -7.389922e+00 3.700000e+01 2.988361e+00
    endloop
  endfacet
  facet normal 0.000000e+00 -1.000000e+00 -0.000000e+00
    outer loop
      vertex   -7.389922e+00 3.700000e+01 2.988361e+00
      vertex   -7.877189e+00 3.700000e+01 -3.047526e+00
      vertex   -7.389922e+00 3.700000e+01 -2.988361e+00
    endloop
  endfacet
  facet normal 0.000000e+00 -1.000000e+00 0.000000e+00
    outer loop
      vertex   -7.389922e+00 3.700000e+01 2.988361e+00
      vertex   -7.389922e+00 3.700000e+01 -2.988361e+00
      vertex   -6.918455e+00 3.700000e+01 2.851800e+00
    endloop
  endfacet
  facet normal 0.000000e+00 -1.000000e+00 -0.000000e+00
    outer loop
      vertex   -6.918455e+00 3.700000e+01 2.851800e+00
      vertex   -7.389922e+00 3.700000e+01 -2.988361e+00
      vertex   -6.918455e+00 3.700000e+01 -2.851800e+00
    endloop
  endfacet
  facet normal 0.000000e+00 -1.000000e+00 0.000000e+00
    outer loop
      vertex   -6.918455e+00 3.700000e+01 2.851800e+00
      vertex   -6.918455e+00 3.700000e+01 -2.851800e+00
      vertex   -6.475000e+00 3.700000e+01 2.641377e+00
    endloop
  endfacet
  facet normal 0.000000e+00 -1.000000e+00 -0.000000e+00
    outer loop
      vertex   -6.475000e+00 3.700000e+01 2.641377e+00
      vertex   -6.918455e+00 3.700000e+01 -2.851800e+00
      vertex   -6.475000e+00 3.700000e+01 -2.641377e+00
    endloop
  endfacet
  facet normal 0.000000e+00 -1.000000e+00 0.000000e+00
    outer loop
      vertex   -6.475000e+00 3.700000e+01 2.641377e+00
      vertex   -6.475000e+00 3.700000e+01 -2.641377e+00
      vertex   -6.071042e+00 3.700000e+01 2.362545e+00
    endloop
  endfacet
  facet normal 0.000000e+00 -1.000000e+00 -0.000000e+00
    outer loop
      vertex   -6.071042e+00 3.700000e+01 2.362545e+00
      vertex   -6.475000e+00 3.700000e+01 -2.641377e+00
      vertex   -6.071042e+00 3.700000e+01 -2.362545e+00
    endloop
  endfacet
  facet normal 0.000000e+00 -1.000000e+00 0.000000e+00
    outer loop
      vertex   -6.071042e+00 3.700000e+01 2.362545e+00
      vertex   -6.071042e+00 3.700000e+01 -2.362545e+00
      vertex   -5.717042e+00 3.700000e+01 2.022524e+00
    endloop
  endfacet
  facet normal 0.000000e+00 -1.000000e+00 -0.000000e+00
    outer loop
      vertex   -5.717042e+00 3.700000e+01 2.022524e+00
      vertex   -6.071042e+00 3.700000e+01 -2.362545e+00
      vertex   -5.717042e+00 3.700000e+01 -2.022524e+00
    endloop
  endfacet
  facet normal 0.000000e+00 -1.000000e+00 0.000000e+00
    outer loop
      vertex   -5.717042e+00 3.700000e+01 2.022524e+00
      vertex   -5.717042e+00 3.700000e+01 -2.022524e+00
      vertex   -5.422170e+00 3.700000e+01 1.630121e+00
    endloop
  endfacet
  facet normal 0.000000e+00 -1.000000e+00 -0.000000e+00
    outer loop
      vertex   -5.422170e+00 3.700000e+01 1.630121e+00
      vertex   -5.717042e+00 3.700000e+01 -2.022524e+00
      vertex   -5.422170e+00 3.700000e+01 -1.630121e+00
    endloop
  endfacet
  facet normal 0.000000e+00 -1.000000e+00 0.000000e+00
    outer loop
      vertex   -5.422170e+00 3.700000e+01 1.630121e+00
      vertex   -5.422170e+00 3.700000e+01 -1.630121e+00
      vertex   -5.194063e+00 3.700000e+01 1.195498e+00
    endloop
  endfacet
  facet normal 0.000000e+00 -1.000000e+00 -0.000000e+00
    outer loop
      vertex   -5.194063e+00 3.700000e+01 1.195498e+00
      vertex   -5.422170e+00 3.700000e+01 -1.630121e+00
      vertex   -5.194063e+00 3.700000e+01 -1.195498e+00
    endloop
  endfacet
  facet normal 0.000000e+00 -1.000000e+00 0.000000e+00
    outer loop
      vertex   -5.194063e+00 3.700000e+01 1.195498e+00
      vertex   -5.194063e+00 3.700000e+01 -1.195498e+00
      vertex   -5.038627e+00 3.700000e+01 7.299128e-01
    endloop
  endfacet
  facet normal 0.000000e+00 -1.000000e+00 -0.000000e+00
    outer loop
      vertex   -5.038627e+00 3.700000e+01 7.299128e-01
      vertex   -5.194063e+00 3.700000e+01 -1.195498e+00
      vertex   -5.038627e+00 3.700000e+01 -7.299128e-01
    endloop
  endfacet
  facet normal 0.000000e+00 -1.000000e+00 0.000000e+00
    outer loop
      vertex   -5.038627e+00 3.700000e+01 7.299128e-01
      vertex   -5.038627e+00 3.700000e+01 -7.299128e-01
      vertex   -4.959890e+00 3.700000e+01 2.454230e-01
    endloop
  endfacet
  facet normal 0.000000e+00 -1.000000e+00 -0.000000e+00
    outer loop
      vertex   -4.959890e+00 3.700000e+01 2.454230e-01
      vertex   -5.038627e+00 3.700000e+01 -7.299128e-01
      vertex   -4.959890e+00 3.700000e+01 -2.454230e-01
    endloop
  endfacet
  facet normal 0.000000e+00 -1.000000e+00 0.000000e+00
    outer loop
      vertex   4.950000e+00 3.700000e+01 -3.735173e-16
      vertex   4.989497e+00 3.700000e+01 -4.892544e-01
      vertex   4.989497e+00 3.700000e+01 4.892544e-01
    endloop
  endfacet
  facet normal 0.000000e+00 -1.000000e+00 0.000000e+00
    outer loop
      vertex   4.989497e+00 3.700000e+01 4.892544e-01
      vertex   4.989497e+00 3.700000e+01 -4.892544e-01
      vertex   5.106964e+00 3.700000e+01 9.658374e-01
    endloop
  endfacet
  facet normal 0.000000e+00 -1.000000e+00 -0.000000e+00
    outer loop
      vertex   5.106964e+00 3.700000e+01 9.658374e-01
      vertex   4.989497e+00 3.700000e+01 -4.892544e-01
      vertex   5.106964e+00 3.700000e+01 -9.658374e-01
    endloop
  endfacet
  facet normal 0.000000e+00 -1.000000e+00 0.000000e+00
    outer loop
      vertex   5.106964e+00 3.700000e+01 9.658374e-01
      vertex   5.106964e+00 3.700000e+01 -9.658374e-01
      vertex   5.299359e+00 3.700000e+01 1.417406e+00
    endloop
  endfacet
  facet normal 0.000000e+00 -1.000000e+00 -0.000000e+00
    outer loop
      vertex   5.299359e+00 3.700000e+01 1.417406e+00
      vertex   5.106964e+00 3.700000e+01 -9.658374e-01
      vertex   5.299359e+00 3.700000e+01 -1.417406e+00
    endloop
  endfacet
  facet normal 0.000000e+00 -1.000000e+00 0.000000e+00
    outer loop
      vertex   5.299359e+00 3.700000e+01 1.417406e+00
      vertex   5.299359e+00 3.700000e+01 -1.417406e+00
      vertex   5.561700e+00 3.700000e+01 1.832264e+00
    endloop
  endfacet
  facet normal 0.000000e+00 -1.000000e+00 -0.000000e+00
    outer loop
      vertex   5.561700e+00 3.700000e+01 1.832264e+00
      vertex   5.299359e+00 3.700000e+01 -1.417406e+00
      vertex   5.561700e+00 3.700000e+01 -1.832264e+00
    endloop
  endfacet
  facet normal 0.000000e+00 -1.000000e+00 0.000000e+00
    outer loop
      vertex   5.561700e+00 3.700000e+01 1.832264e+00
      vertex   5.561700e+00 3.700000e+01 -1.832264e+00
      vertex   5.887191e+00 3.700000e+01 2.199667e+00
    endloop
  endfacet
  facet normal 0.000000e+00 -1.000000e+00 -0.000000e+00
    outer loop
      vertex   5.887191e+00 3.700000e+01 2.199667e+00
      vertex   5.561700e+00 3.700000e+01 -1.832264e+00
      vertex   5.887191e+00 3.700000e+01 -2.199667e+00
    endloop
  endfacet
  facet normal 0.000000e+00 -1.000000e+00 0.000000e+00
    outer loop
      vertex   5.887191e+00 3.700000e+01 2.199667e+00
      vertex   5.887191e+00 3.700000e+01 -2.199667e+00
      vertex   6.267403e+00 3.700000e+01 2.510101e+00
    endloop
  endfacet
  facet normal 0.000000e+00 -1.000000e+00 -0.000000e+00
    outer loop
      vertex   6.267403e+00 3.700000e+01 2.510101e+00
      vertex   5.887191e+00 3.700000e+01 -2.199667e+00
      vertex   6.267403e+00 3.700000e+01 -2.510101e+00
    endloop
  endfacet
  facet normal 0.000000e+00 -1.000000e+00 0.000000e+00
    outer loop
      vertex   6.267403e+00 3.700000e+01 2.510101e+00
      vertex   6.267403e+00 3.700000e+01 -2.510101e+00
      vertex   6.692488e+00 3.700000e+01 2.755524e+00
    endloop
  endfacet
  facet normal 0.000000e+00 -1.000000e+00 -0.000000e+00
    outer loop
      vertex   6.692488e+00 3.700000e+01 2.755524e+00
      vertex   6.267403e+00 3.700000e+01 -2.510101e+00
      vertex   6.692488e+00 3.700000e+01 -2.755524e+00
    endloop
  endfacet
  facet normal 0.000000e+00 -1.000000e+00 0.000000e+00
    outer loop
      vertex   6.692488e+00 3.700000e+01 2.755524e+00
      vertex   6.692488e+00 3.700000e+01 -2.755524e+00
      vertex   7.151437e+00 3.700000e+01 2.929580e+00
    endloop
  endfacet
  facet normal 0.000000e+00 -1.000000e+00 -0.000000e+00
    outer loop
      vertex   7.151437e+00 3.700000e+01 2.929580e+00
      vertex   6.692488e+00 3.700000e+01 -2.755524e+00
      vertex   7.151437e+00 3.700000e+01 -2.929580e+00
    endloop
  endfacet
  facet normal 0.000000e+00 -1.000000e+00 0.000000e+00
    outer loop
      vertex   7.151437e+00 3.700000e+01 2.929580e+00
      vertex   7.151437e+00 3.700000e+01 -2.929580e+00
      vertex   7.632363e+00 3.700000e+01 3.027762e+00
    endloop
  endfacet
  facet normal 0.000000e+00 -1.000000e+00 -0.000000e+00
    outer loop
      vertex   7.632363e+00 3.700000e+01 3.027762e+00
      vertex   7.151437e+00 3.700000e+01 -2.929580e+00
      vertex   7.632363e+00 3.700000e+01 -3.027762e+00
    endloop
  endfacet
  facet normal 0.000000e+00 -1.000000e+00 0.000000e+00
    outer loop
      vertex   7.632363e+00 3.700000e+01 3.027762e+00
      vertex   7.632363e+00 3.700000e+01 -3.027762e+00
      vertex   8.122811e+00 3.700000e+01 3.047526e+00
    endloop
  endfacet
  facet normal 0.000000e+00 -1.000000e+00 -0.000000e+00
    outer loop
      vertex   8.122811e+00 3.700000e+01 3.047526e+00
      vertex   7.632363e+00 3.700000e+01 -3.027762e+00
      vertex   8.122811e+00 3.700000e+01 -3.047526e+00
    endloop
  endfacet
  facet normal 0.000000e+00 -1.000000e+00 0.000000e+00
    outer loop
      vertex   8.122811e+00 3.700000e+01 3.047526e+00
      vertex   8.122811e+00 3.700000e+01 -3.047526e+00
      vertex   8.610078e+00 3.700000e+01 2.988361e+00
    endloop
  endfacet
  facet normal 0.000000e+00 -1.000000e+00 -0.000000e+00
    outer loop
      vertex   8.610078e+00 3.700000e+01 2.988361e+00
      vertex   8.122811e+00 3.700000e+01 -3.047526e+00
      vertex   8.610078e+00 3.700000e+01 -2.988361e+00
    endloop
  endfacet
  facet normal 0.000000e+00 -1.000000e+00 0.000000e+00
    outer loop
      vertex   8.610078e+00 3.700000e+01 2.988361e+00
      vertex   8.610078e+00 3.700000e+01 -2.988361e+00
      vertex   9.081545e+00 3.700000e+01 2.851800e+00
    endloop
  endfacet
  facet normal 0.000000e+00 -1.000000e+00 -0.000000e+00
    outer loop
      vertex   9.081545e+00 3.700000e+01 2.851800e+00
      vertex   8.610078e+00 3.700000e+01 -2.988361e+00
      vertex   9.081545e+00 3.700000e+01 -2.851800e+00
    endloop
  endfacet
  facet normal 0.000000e+00 -1.000000e+00 0.000000e+00
    outer loop
      vertex   9.081545e+00 3.700000e+01 2.851800e+00
      vertex   9.081545e+00 3.700000e+01 -2.851800e+00
      vertex   9.525000e+00 3.700000e+01 2.641377e+00
    endloop
  endfacet
  facet normal 0.000000e+00 -1.000000e+00 -0.000000e+00
    outer loop
      vertex   9.525000e+00 3.700000e+01 2.641377e+00
      vertex   9.081545e+00 3.700000e+01 -2.851800e+00
      vertex   9.525000e+00 3.700000e+01 -2.641377e+00
    endloop
  endfacet
  facet normal 0.000000e+00 -1.000000e+00 0.000000e+00
    outer loop
      vertex   9.525000e+00 3.700000e+01 2.641377e+00
      vertex   9.525000e+00 3.700000e+01 -2.641377e+00
      vertex   9.928958e+00 3.700000e+01 2.362545e+00
    endloop
  endfacet
  facet normal 0.000000e+00 -1.000000e+00 -0.000000e+00
    outer loop
      vertex   9.928958e+00 3.700000e+01 2.362545e+00
      vertex   9.525000e+00 3.700000e+01 -2.641377e+00
      vertex   9.928958e+00 3.700000e+01 -2.362545e+00
    endloop
  endfacet
  facet normal 0.000000e+00 -1.000000e+00 0.000000e+00
    outer loop
      vertex   9.928958e+00 3.700000e+01 2.362545e+00
      vertex   9.928958e+00 3.700000e+01 -2.362545e+00
      vertex   1.028296e+01 3.700000e+01 2.022524e+00
    endloop
  endfacet
  facet normal 0.000000e+00 -1.000000e+00 -0.000000e+00
    outer loop
      vertex   1.028296e+01 3.700000e+01 2.022524e+00
      vertex   9.928958e+00 3.700000e+01 -2.362545e+00
      vertex   1.028296e+01 3.700000e+01 -2.022524e+00
    endloop
  endfacet
  facet normal 0.000000e+00 -1.000000e+00 0.000000e+00
    outer loop
      vertex   1.028296e+01 3.700000e+01 2.022524e+00
      vertex   1.028296e+01 3.700000e+01 -2.022524e+00
      vertex   1.057783e+01 3.700000e+01 1.630121e+00
    endloop
  endfacet
  facet normal 0.000000e+00 -1.000000e+00 -0.000000e+00
    outer loop
      vertex   1.057783e+01 3.700000e+01 1.630121e+00
      vertex   1.028296e+01 3.700000e+01 -2.022524e+00
      vertex   1.057783e+01 3.700000e+01 -1.630121e+00
    endloop
  endfacet
  facet normal 0.000000e+00 -1.000000e+00 0.000000e+00
    outer loop
      vertex   1.057783e+01 3.700000e+01 1.630121e+00
      vertex   1.057783e+01 3.700000e+01 -1.630121e+00
      vertex   1.080594e+01 3.700000e+01 1.195498e+00
    endloop
  endfacet
  facet normal 0.000000e+00 -1.000000e+00 -0.000000e+00
    outer loop
      vertex   1.080594e+01 3.700000e+01 1.195498e+00
      vertex   1.057783e+01 3.700000e+01 -1.630121e+00
      vertex   1.080594e+01 3.700000e+01 -1.195498e+00
    endloop
  endfacet
  facet normal 0.000000e+00 -1.000000e+00 0.000000e+00
    outer loop
      vertex   1.080594e+01 3.700000e+01 1.195498e+00
      vertex   1.080594e+01 3.700000e+01 -1.195498e+00
      vertex   1.096137e+01 3.700000e+01 7.299128e-01
    endloop
  endfacet
  facet normal 0.000000e+00 -1.000000e+00 -0.000000e+00
    outer loop
      vertex   1.096137e+01 3.700000e+01 7.299128e-01
      vertex   1.080594e+01 3.700000e+01 -1.195498e+00
      vertex   1.096137e+01 3.700000e+01 -7.299128e-01
    endloop
  endfacet
  facet normal 0.000000e+00 -1.000000e+00 0.000000e+00
    outer loop
      vertex   1.096137e+01 3.700000e+01 7.299128e-01
      vertex   1.096137e+01 3.700000e+01 -7.299128e-01
      vertex   1.104011e+01 3.700000e+01 2.454230e-01
    endloop
  endfacet
  facet normal 0.000000e+00 -1.000000e+00 -0.000000e+00
    outer loop
      vertex   1.104011e+01 3.700000e+01 2.454230e-01
      vertex   1.096137e+01 3.700000e+01 -7.299128e-01
      vertex   1.104011e+01 3.700000e+01 -2.454230e-01
    endloop
  endfacet
  facet normal 9.967573e-01 0.000000e+00 -8.046657e-02
    outer loop
      vertex   4.989497e+00 3.700000e+01 4.892544e-01
      vertex   4.989497e+00 3.000000e+01 4.892544e-01
      vertex   4.950000e+00 3.700000e+01 -3.735173e-16
    endloop
  endfacet
  facet normal 9.967573e-01 -8.587330e-18 -8.046657e-02
    outer loop
      vertex   4.950000e+00 3.700000e+01 -3.735173e-16
      vertex   4.989497e+00 3.000000e+01 4.892544e-01
      vertex   4.950000e+00 3.000000e+01 3.735173e-16
    endloop
  endfacet
  facet normal 9.967573e-01 8.587330e-18 8.046657e-02
    outer loop
      vertex   4.950000e+00 3.700000e+01 -3.735173e-16
      vertex   4.950000e+00 3.000000e+01 3.735173e-16
      vertex   4.989497e+00 3.700000e+01 -4.892544e-01
    endloop
  endfacet
  facet normal 9.967573e-01 0.000000e+00 8.046657e-02
    outer loop
      vertex   4.989497e+00 3.700000e+01 -4.892544e-01
      vertex   4.950000e+00 3.000000e+01 3.735173e-16
      vertex   4.989497e+00 3.000000e+01 -4.892544e-01
    endloop
  endfacet
  facet normal 9.709418e-01 0.000000e+00 2.393157e-01
    outer loop
      vertex   4.989497e+00 3.700000e+01 -4.892544e-01
      vertex   4.989497e+00 3.000000e+01 -4.892544e-01
      vertex   5.106964e+00 3.700000e+01 -9.658374e-01
    endloop
  endfacet
  facet normal 9.709418e-01 -8.144378e-17 2.393157e-01
    outer loop
      vertex   5.106964e+00 3.700000e+01 -9.658374e-01
      vertex   4.989497e+00 3.000000e+01 -4.892544e-01
      vertex   5.106964e+00 3.000000e+01 -9.658374e-01
    endloop
  endfacet
  facet normal 9.199794e-01 -4.834550e-17 3.919666e-01
    outer loop
      vertex   5.106964e+00 3.700000e+01 -9.658374e-01
      vertex   5.106964e+00 3.000000e+01 -9.658374e-01
      vertex   5.299359e+00 3.700000e+01 -1.417406e+00
    endloop
  endfacet
  facet normal 9.199794e-01 6.216719e-17 3.919666e-01
    outer loop
      vertex   5.299359e+00 3.700000e+01 -1.417406e+00
      vertex   5.106964e+00 3.000000e+01 -9.658374e-01
      vertex   5.299359e+00 3.000000e+01 -1.417406e+00
    endloop
  endfacet
  facet normal 8.451901e-01 8.476804e-17 5.344658e-01
    outer loop
      vertex   5.299359e+00 3.700000e+01 -1.417406e+00
      vertex   5.299359e+00 3.000000e+01 -1.417406e+00
      vertex   5.561700e+00 3.700000e+01 -1.832264e+00
    endloop
  endfacet
  facet normal 8.451901e-01 -1.521838e-16 5.344658e-01
    outer loop
      vertex   5.561700e+00 3.700000e+01 -1.832264e+00
      vertex   5.299359e+00 3.000000e+01 -1.417406e+00
      vertex   5.561700e+00 3.000000e+01 -1.832264e+00
    endloop
  endfacet
  facet normal 7.485107e-01 -7.457217e-17 6.631227e-01
    outer loop
      vertex   5.561700e+00 3.700000e+01 -1.832264e+00
      vertex   5.561700e+00 3.000000e+01 -1.832264e+00
      vertex   5.887191e+00 3.700000e+01 -2.199667e+00
    endloop
  endfacet
  facet normal 7.485107e-01 0.000000e+00 6.631227e-01
    outer loop
      vertex   5.887191e+00 3.700000e+01 -2.199667e+00
      vertex   5.561700e+00 3.000000e+01 -1.832264e+00
      vertex   5.887191e+00 3.000000e+01 -2.199667e+00
    endloop
  endfacet
  facet normal 6.324454e-01 0.000000e+00 7.746050e-01
    outer loop
      vertex   5.887191e+00 3.700000e+01 -2.199667e+00
      vertex   5.887191e+00 3.000000e+01 -2.199667e+00
      vertex   6.267403e+00 3.700000e+01 -2.510101e+00
    endloop
  endfacet
  facet normal 6.324454e-01 0.000000e+00 7.746050e-01
    outer loop
      vertex   6.267403e+00 3.700000e+01 -2.510101e+00
      vertex   5.887191e+00 3.000000e+01 -2.199667e+00
      vertex   6.267403e+00 3.000000e+01 -2.510101e+00
    endloop
  endfacet
  facet normal 5.000000e-01 0.000000e+00 8.660254e-01
    outer loop
      vertex   6.267403e+00 3.700000e+01 -2.510101e+00
      vertex   6.267403e+00 3.000000e+01 -2.510101e+00
      vertex   6.692488e+00 3.700000e+01 -2.755524e+00
    endloop
  endfacet
  facet normal 5.000000e-01 0.000000e+00 8.660254e-01
    outer loop
      vertex   6.692488e+00 3.700000e+01 -2.755524e+00
      vertex   6.267403e+00 3.000000e+01 -2.510101e+00
      vertex   6.692488e+00 3.000000e+01 -2.755524e+00
    endloop
  endfacet
  facet normal 3.546049e-01 0.000000e+00 9.350162e-01
    outer loop
      vertex   6.692488e+00 3.700000e+01 -2.755524e+00
      vertex   6.692488e+00 3.000000e+01 -2.755524e+00
      vertex   7.151437e+00 3.700000e+01 -2.929580e+00
    endloop
  endfacet
  facet normal 3.546049e-01 1.432546e-17 9.350162e-01
    outer loop
      vertex   7.151437e+00 3.700000e+01 -2.929580e+00
      vertex   6.692488e+00 3.000000e+01 -2.755524e+00
      vertex   7.151437e+00 3.000000e+01 -2.929580e+00
    endloop
  endfacet
  facet normal 2.000257e-01 3.677942e-17 9.797907e-01
    outer loop
      vertex   7.151437e+00 3.700000e+01 -2.929580e+00
      vertex   7.151437e+00 3.000000e+01 -2.929580e+00
      vertex   7.632363e+00 3.700000e+01 -3.027762e+00
    endloop
  endfacet
  facet normal 2.000257e-01 3.677942e-17 9.797907e-01
    outer loop
      vertex   7.632363e+00 3.700000e+01 -3.027762e+00
      vertex   7.151437e+00 3.000000e+01 -2.929580e+00
      vertex   7.632363e+00 3.000000e+01 -3.027762e+00
    endloop
  endfacet
  facet normal 4.026594e-02 5.828082e-17 9.991890e-01
    outer loop
      vertex   7.632363e+00 3.700000e+01 -3.027762e+00
      vertex   7.632363e+00 3.000000e+01 -3.027762e+00
      vertex   8.122811e+00 3.700000e+01 -3.047526e+00
    endloop
  endfacet
  facet normal 4.026594e-02 0.000000e+00 9.991890e-01
    outer loop
      vertex   8.122811e+00 3.700000e+01 -3.047526e+00
      vertex   7.632363e+00 3.000000e+01 -3.027762e+00
      vertex   8.122811e+00 3.000000e+01 -3.047526e+00
    endloop
  endfacet
  facet normal -1.205367e-01 0.000000e+00 9.927089e-01
    outer loop
      vertex   8.122811e+00 3.700000e+01 -3.047526e+00
      vertex   8.122811e+00 3.000000e+01 -3.047526e+00
      vertex   8.610078e+00 3.700000e+01 -2.988361e+00
    endloop
  endfacet
  facet normal -1.205367e-01 0.000000e+00 9.927089e-01
    outer loop
      vertex   8.610078e+00 3.700000e+01 -2.988361e+00
      vertex   8.122811e+00 3.000000e+01 -3.047526e+00
      vertex   8.610078e+00 3.000000e+01 -2.988361e+00
    endloop
  endfacet
  facet normal -2.782175e-01 0.000000e+00 9.605181e-01
    outer loop
      vertex   8.610078e+00 3.700000e+01 -2.988361e+00
      vertex   8.610078e+00 3.000000e+01 -2.988361e+00
      vertex   9.081545e+00 3.700000e+01 -2.851800e+00
    endloop
  endfacet
  facet normal -2.782175e-01 7.060193e-17 9.605181e-01
    outer loop
      vertex   9.081545e+00 3.700000e+01 -2.851800e+00
      vertex   8.610078e+00 3.000000e+01 -2.988361e+00
      vertex   9.081545e+00 3.000000e+01 -2.851800e+00
    endloop
  endfacet
  facet normal -4.286926e-01 1.087873e-16 9.034504e-01
    outer loop
      vertex   9.081545e+00 3.700000e+01 -2.851800e+00
      vertex   9.081545e+00 3.000000e+01 -2.851800e+00
      vertex   9.525000e+00 3.700000e+01 -2.641377e+00
    endloop
  endfacet
  facet normal -4.286926e-01 5.147120e-17 9.034504e-01
    outer loop
      vertex   9.525000e+00 3.700000e+01 -2.641377e+00
      vertex   9.081545e+00 3.000000e+01 -2.851800e+00
      vertex   9.525000e+00 3.000000e+01 -2.641377e+00
    endloop
  endfacet
  facet normal -5.680647e-01 9.194392e-17 8.229839e-01
    outer loop
      vertex   9.525000e+00 3.700000e+01 -2.641377e+00
      vertex   9.525000e+00 3.000000e+01 -2.641377e+00
      vertex   9.928958e+00 3.700000e+01 -2.362545e+00
    endloop
  endfacet
  facet normal -5.680647e-01 -1.566335e-16 8.229839e-01
    outer loop
      vertex   9.928958e+00 3.700000e+01 -2.362545e+00
      vertex   9.525000e+00 3.000000e+01 -2.641377e+00
      vertex   9.928958e+00 3.000000e+01 -2.362545e+00
    endloop
  endfacet
  facet normal -6.927244e-01 -1.372621e-16 7.212024e-01
    outer loop
      vertex   9.928958e+00 3.700000e+01 -2.362545e+00
      vertex   9.928958e+00 3.000000e+01 -2.362545e+00
      vertex   1.028296e+01 3.700000e+01 -2.022524e+00
    endloop
  endfacet
  facet normal -6.927244e-01 -9.150806e-17 7.212024e-01
    outer loop
      vertex   1.028296e+01 3.700000e+01 -2.022524e+00
      vertex   9.928958e+00 3.000000e+01 -2.362545e+00
      vertex   1.028296e+01 3.000000e+01 -2.022524e+00
    endloop
  endfacet
  facet normal -7.994428e-01 -7.622376e-17 6.007423e-01
    outer loop
      vertex   1.028296e+01 3.700000e+01 -2.022524e+00
      vertex   1.028296e+01 3.000000e+01 -2.022524e+00
      vertex   1.057783e+01 3.700000e+01 -1.630121e+00
    endloop
  endfacet
  facet normal -7.994428e-01 -9.527970e-17 6.007423e-01
    outer loop
      vertex   1.057783e+01 3.700000e+01 -1.630121e+00
      vertex   1.028296e+01 3.000000e+01 -2.022524e+00
      vertex   1.057783e+01 3.000000e+01 -1.630121e+00
    endloop
  endfacet
  facet normal -8.854560e-01 -7.370662e-17 4.647232e-01
    outer loop
      vertex   1.057783e+01 3.700000e+01 -1.630121e+00
      vertex   1.057783e+01 3.000000e+01 -1.630121e+00
      vertex   1.080594e+01 3.700000e+01 -1.195498e+00
    endloop
  endfacet
  facet normal -8.854560e-01 0.000000e+00 4.647232e-01
    outer loop
      vertex   1.080594e+01 3.700000e+01 -1.195498e+00
      vertex   1.057783e+01 3.000000e+01 -1.630121e+00
      vertex   1.080594e+01 3.000000e+01 -1.195498e+00
    endloop
  endfacet
  facet normal -9.485364e-01 0.000000e+00 3.166680e-01
    outer loop
      vertex   1.080594e+01 3.700000e+01 -1.195498e+00
      vertex   1.080594e+01 3.000000e+01 -1.195498e+00
      vertex   1.096137e+01 3.700000e+01 -7.299128e-01
    endloop
  endfacet
  facet normal -9.485364e-01 -5.524704e-17 3.166680e-01
    outer loop
      vertex   1.096137e+01 3.700000e+01 -7.299128e-01
      vertex   1.080594e+01 3.000000e+01 -1.195498e+00
      vertex   1.096137e+01 3.000000e+01 -7.299128e-01
    endloop
  endfacet
  facet normal -9.870503e-01 -2.798593e-17 1.604113e-01
    outer loop
      vertex   1.096137e+01 3.700000e+01 -7.299128e-01
      vertex   1.096137e+01 3.000000e+01 -7.299128e-01
      vertex   1.104011e+01 3.700000e+01 -2.454230e-01
    endloop
  endfacet
  facet normal -9.870503e-01 -3.053011e-17 1.604113e-01
    outer loop
      vertex   1.104011e+01 3.700000e+01 -2.454230e-01
      vertex   1.096137e+01 3.000000e+01 -7.299128e-01
      vertex   1.104011e+01 3.000000e+01 -2.454230e-01
    endloop
  endfacet
  facet normal -1.000000e+00 -0.000000e+00 0.000000e+00
    outer loop
      vertex   1.104011e+01 3.700000e+01 -2.454230e-01
      vertex   1.104011e+01 3.000000e+01 -2.454230e-01
      vertex   1.104011e+01 3.700000e+01 2.454230e-01
    endloop
  endfacet
  facet normal -1.000000e+00 0.000000e+00 0.000000e+00
    outer loop
      vertex   1.104011e+01 3.700000e+01 2.454230e-01
      vertex   1.104011e+01 3.000000e+01 -2.454230e-01
      vertex   1.104011e+01 3.000000e+01 2.454230e-01
    endloop
  endfacet
  facet normal -9.870503e-01 3.053011e-17 -1.604113e-01
    outer loop
      vertex   1.104011e+01 3.700000e+01 2.454230e-01
      vertex   1.104011e+01 3.000000e+01 2.454230e-01
      vertex   1.096137e+01 3.700000e+01 7.299128e-01
    endloop
  endfacet
  facet normal -9.870503e-01 2.798593e-17 -1.604113e-01
    outer loop
      vertex   1.096137e+01 3.700000e+01 7.299128e-01
      vertex   1.104011e+01 3.000000e+01 2.454230e-01
      vertex   1.096137e+01 3.000000e+01 7.299128e-01
    endloop
  endfacet
  facet normal -9.485364e-01 5.524704e-17 -3.166680e-01
    outer loop
      vertex   1.096137e+01 3.700000e+01 7.299128e-01
      vertex   1.096137e+01 3.000000e+01 7.299128e-01
      vertex   1.080594e+01 3.700000e+01 1.195498e+00
    endloop
  endfacet
  facet normal -9.485364e-01 -0.000000e+00 -3.166680e-01
    outer loop
      vertex   1.080594e+01 3.700000e+01 1.195498e+00
      vertex   1.096137e+01 3.000000e+01 7.299128e-01
      vertex   1.080594e+01 3.000000e+01 1.195498e+00
    endloop
  endfacet
  facet normal -8.854560e-01 -0.000000e+00 -4.647232e-01
    outer loop
      vertex   1.080594e+01 3.700000e+01 1.195498e+00
      vertex   1.080594e+01 3.000000e+01 1.195498e+00
      vertex   1.057783e+01 3.700000e+01 1.630121e+00
    endloop
  endfacet
  facet normal -8.854560e-01 7.370662e-17 -4.647232e-01
    outer loop
      vertex   1.057783e+01 3.700000e+01 1.630121e+00
      vertex   1.080594e+01 3.000000e+01 1.195498e+00
      vertex   1.057783e+01 3.000000e+01 1.630121e+00
    endloop
  endfacet
  facet normal -7.994428e-01 9.527970e-17 -6.007423e-01
    outer loop
      vertex   1.057783e+01 3.700000e+01 1.630121e+00
      vertex   1.057783e+01 3.000000e+01 1.630121e+00
      vertex   1.028296e+01 3.700000e+01 2.022524e+00
    endloop
  endfacet
  facet normal -7.994428e-01 7.622376e-17 -6.007423e-01
    outer loop
      vertex   1.028296e+01 3.700000e+01 2.022524e+00
      vertex   1.057783e+01 3.000000e+01 1.630121e+00
      vertex   1.028296e+01 3.000000e+01 2.022524e+00
    endloop
  endfacet
  facet normal -6.927244e-01 9.150806e-17 -7.212024e-01
    outer loop
      vertex   1.028296e+01 3.700000e+01 2.022524e+00
      vertex   1.028296e+01 3.000000e+01 2.022524e+00
      vertex   9.928958e+00 3.700000e+01 2.362545e+00
    endloop
  endfacet
  facet normal -6.927244e-01 1.372621e-16 -7.212024e-01
    outer loop
      vertex   9.928958e+00 3.700000e+01 2.362545e+00
      vertex   1.028296e+01 3.000000e+01 2.022524e+00
      vertex   9.928958e+00 3.000000e+01 2.362545e+00
    endloop
  endfacet
  facet normal -5.680647e-01 1.566335e-16 -8.229839e-01
    outer loop
      vertex   9.928958e+00 3.700000e+01 2.362545e+00
      vertex   9.928958e+00 3.000000e+01 2.362545e+00
      vertex   9.525000e+00 3.700000e+01 2.641377e+00
    endloop
  endfacet
  facet normal -5.680647e-01 -9.194392e-17 -8.229839e-01
    outer loop
      vertex   9.525000e+00 3.700000e+01 2.641377e+00
      vertex   9.928958e+00 3.000000e+01 2.362545e+00
      vertex   9.525000e+00 3.000000e+01 2.641377e+00
    endloop
  endfacet
  facet normal -4.286926e-01 -5.147120e-17 -9.034504e-01
    outer loop
      vertex   9.525000e+00 3.700000e+01 2.641377e+00
      vertex   9.525000e+00 3.000000e+01 2.641377e+00
      vertex   9.081545e+00 3.700000e+01 2.851800e+00
    endloop
  endfacet
  facet normal -4.286926e-01 -1.087873e-16 -9.034504e-01
    outer loop
      vertex   9.081545e+00 3.700000e+01 2.851800e+00
      vertex   9.525000e+00 3.000000e+01 2.641377e+00
      vertex   9.081545e+00 3.000000e+01 2.851800e+00
    endloop
  endfacet
  facet normal -2.782175e-01 -7.060193e-17 -9.605181e-01
    outer loop
      vertex   9.081545e+00 3.700000e+01 2.851800e+00
      vertex   9.081545e+00 3.000000e+01 2.851800e+00
      vertex   8.610078e+00 3.700000e+01 2.988361e+00
    endloop
  endfacet
  facet normal -2.782175e-01 -0.000000e+00 -9.605181e-01
    outer loop
      vertex   8.610078e+00 3.700000e+01 2.988361e+00
      vertex   9.081545e+00 3.000000e+01 2.851800e+00
      vertex   8.610078e+00 3.000000e+01 2.988361e+00
    endloop
  endfacet
  facet normal -1.205367e-01 -0.000000e+00 -9.927089e-01
    outer loop
      vertex   8.610078e+00 3.700000e+01 2.988361e+00
      vertex   8.610078e+00 3.000000e+01 2.988361e+00
      vertex   8.122811e+00 3.700000e+01 3.047526e+00
    endloop
  endfacet
  facet normal -1.205367e-01 -0.000000e+00 -9.927089e-01
    outer loop
      vertex   8.122811e+00 3.700000e+01 3.047526e+00
      vertex   8.610078e+00 3.000000e+01 2.988361e+00
      vertex   8.122811e+00 3.000000e+01 3.047526e+00
    endloop
  endfacet
  facet normal 4.026594e-02 0.000000e+00 -9.991890e-01
    outer loop
      vertex   8.122811e+00 3.700000e+01 3.047526e+00
      vertex   8.122811e+00 3.000000e+01 3.047526e+00
      vertex   7.632363e+00 3.700000e+01 3.027762e+00
    endloop
  endfacet
  facet normal 4.026594e-02 -5.828082e-17 -9.991890e-01
    outer loop
      vertex   7.632363e+00 3.700000e+01 3.027762e+00
      vertex   8.122811e+00 3.000000e+01 3.047526e+00
      vertex   7.632363e+00 3.000000e+01 3.027762e+00
    endloop
  endfacet
  facet normal 2.000257e-01 -3.677942e-17 -9.797907e-01
    outer loop
      vertex   7.632363e+00 3.700000e+01 3.027762e+00
      vertex   7.632363e+00 3.000000e+01 3.027762e+00
      vertex   7.151437e+00 3.700000e+01 2.929580e+00
    endloop
  endfacet
  facet normal 2.000257e-01 -3.677942e-17 -9.797907e-01
    outer loop
      vertex   7.151437e+00 3.700000e+01 2.929580e+00
      vertex   7.632363e+00 3.000000e+01 3.027762e+00
      vertex   7.151437e+00 3.000000e+01 2.929580e+00
    endloop
  endfacet
  facet normal 3.546049e-01 -1.432546e-17 -9.350162e-01
    outer loop
      vertex   7.151437e+00 3.700000e+01 2.929580e+00
      vertex   7.151437e+00 3.000000e+01 2.929580e+00
      vertex   6.692488e+00 3.700000e+01 2.755524e+00
    endloop
  endfacet
  facet normal 3.546049e-01 0.000000e+00 -9.350162e-01
    outer loop
      vertex   6.692488e+00 3.700000e+01 2.755524e+00
      vertex   7.151437e+00 3.000000e+01 2.929580e+00
      vertex   6.692488e+00 3.000000e+01 2.755524e+00
    endloop
  endfacet
  facet normal 5.000000e-01 0.000000e+00 -8.660254e-01
    outer loop
      vertex   6.692488e+00 3.700000e+01 2.755524e+00
      vertex   6.692488e+00 3.000000e+01 2.755524e+00
      vertex   6.267403e+00 3.700000e+01 2.510101e+00
    endloop
  endfacet
  facet normal 5.000000e-01 0.000000e+00 -8.660254e-01
    outer loop
      vertex   6.267403e+00 3.700000e+01 2.510101e+00
      vertex   6.692488e+00 3.000000e+01 2.755524e+00
      vertex   6.267403e+00 3.000000e+01 2.510101e+00
    endloop
  endfacet
  facet normal 6.324454e-01 0.000000e+00 -7.746050e-01
    outer loop
      vertex   6.267403e+00 3.700000e+01 2.510101e+00
      vertex   6.267403e+00 3.000000e+01 2.510101e+00
      vertex   5.887191e+00 3.700000e+01 2.199667e+00
    endloop
  endfacet
  facet normal 6.324454e-01 0.000000e+00 -7.746050e-01
    outer loop
      vertex   5.887191e+00 3.700000e+01 2.199667e+00
      vertex   6.267403e+00 3.000000e+01 2.510101e+00
      vertex   5.887191e+00 3.000000e+01 2.199667e+00
    endloop
  endfacet
  facet normal 7.485107e-01 0.000000e+00 -6.631227e-01
    outer loop
      vertex   5.887191e+00 3.700000e+01 2.199667e+00
      vertex   5.887191e+00 3.000000e+01 2.199667e+00
      vertex   5.561700e+00 3.700000e+01 1.832264e+00
    endloop
  endfacet
  facet normal 7.485107e-01 7.457217e-17 -6.631227e-01
    outer loop
      vertex   5.561700e+00 3.700000e+01 1.832264e+00
      vertex   5.887191e+00 3.000000e+01 2.199667e+00
      vertex   5.561700e+00 3.000000e+01 1.832264e+00
    endloop
  endfacet
  facet normal 8.451901e-01 1.521838e-16 -5.344658e-01
    outer loop
      vertex   5.561700e+00 3.700000e+01 1.832264e+00
      vertex   5.561700e+00 3.000000e+01 1.832264e+00
      vertex   5.299359e+00 3.700000e+01 1.417406e+00
    endloop
  endfacet
  facet normal 8.451901e-01 -8.476804e-17 -5.344658e-01
    outer loop
      vertex   5.299359e+00 3.700000e+01 1.417406e+00
      vertex   5.561700e+00 3.000000e+01 1.832264e+00
      vertex   5.299359e+00 3.000000e+01 1.417406e+00
    endloop
  endfacet
  facet normal 9.199794e-01 -6.216719e-17 -3.919666e-01
    outer loop
      vertex   5.299359e+00 3.700000e+01 1.417406e+00
      vertex   5.299359e+00 3.000000e+01 1.417406e+00
      vertex   5.106964e+00 3.700000e+01 9.658374e-01
    endloop
  endfacet
  facet normal 9.199794e-01 4.834550e-17 -3.919666e-01
    outer loop
      vertex   5.106964e+00 3.700000e+01 9.658374e-01
      vertex   5.299359e+00 3.000000e+01 1.417406e+00
      vertex   5.106964e+00 3.000000e+01 9.658374e-01
    endloop
  endfacet
  facet normal 9.709418e-01 8.144378e-17 -2.393157e-01
    outer loop
      vertex   5.106964e+00 3.700000e+01 9.658374e-01
      vertex   5.106964e+00 3.000000e+01 9.658374e-01
      vertex   4.989497e+00 3.700000e+01 4.892544e-01
    endloop
  endfacet
  facet normal 9.709418e-01 0.000000e+00 -2.393157e-01
    outer loop
      vertex   4.989497e+00 3.700000e+01 4.892544e-01
      vertex   5.106964e+00 3.000000e+01 9.658374e-01
      vertex   4.989497e+00 3.000000e+01 4.892544e-01
    endloop
  endfacet
  facet normal 9.967573e-01 0.000000e+00 -8.046657e-02
    outer loop
      vertex   -1.101050e+01 3.700000e+01 4.892544e-01
      vertex   -1.101050e+01 3.000000e+01 4.892544e-01
      vertex   -1.105000e+01 3.700000e+01 -1.794603e-15
    endloop
  endfacet
  facet normal 9.967573e-01 -8.587330e-18 -8.046657e-02
    outer loop
      vertex   -1.105000e+01 3.700000e+01 -1.794603e-15
      vertex   -1.101050e+01 3.000000e+01 4.892544e-01
      vertex   -1.105000e+01 3.000000e+01 -1.047568e-15
    endloop
  endfacet
  facet normal 9.967573e-01 8.587330e-18 8.046657e-02
    outer loop
      vertex   -1.105000e+01 3.700000e+01 -1.794603e-15
      vertex   -1.105000e+01 3.000000e+01 -1.047568e-15
      vertex   -1.101050e+01 3.700000e+01 -4.892544e-01
    endloop
  endfacet
  facet normal 9.967573e-01 0.000000e+00 8.046657e-02
    outer loop
      vertex   -1.101050e+01 3.700000e+01 -4.892544e-01
      vertex   -1.105000e+01 3.000000e+01 -1.047568e-15
      vertex   -1.101050e+01 3.000000e+01 -4.892544e-01
    endloop
  endfacet
  facet normal 9.709418e-01 0.000000e+00 2.393157e-01
    outer loop
      vertex   -1.101050e+01 3.700000e+01 -4.892544e-01
      vertex   -1.101050e+01 3.000000e+01 -4.892544e-01
      vertex   -1.089304e+01 3.700000e+01 -9.658374e-01
    endloop
  endfacet
  facet normal 9.709418e-01 4.554750e-17 2.393157e-01
    outer loop
      vertex   -1.089304e+01 3.700000e+01 -9.658374e-01
      vertex   -1.101050e+01 3.000000e+01 -4.892544e-01
      vertex   -1.089304e+01 3.000000e+01 -9.658374e-01
    endloop
  endfacet
  facet normal 9.199794e-01 7.460063e-17 3.919666e-01
    outer loop
      vertex   -1.089304e+01 3.700000e+01 -9.658374e-01
      vertex   -1.089304e+01 3.000000e+01 -9.658374e-01
      vertex   -1.070064e+01 3.700000e+01 -1.417406e+00
    endloop
  endfacet
  facet normal 9.199794e-01 -1.712916e-16 3.919666e-01
    outer loop
      vertex   -1.070064e+01 3.700000e+01 -1.417406e+00
      vertex   -1.089304e+01 3.000000e+01 -9.658374e-01
      vertex   -1.070064e+01 3.000000e+01 -1.417406e+00
    endloop
  endfacet
  facet normal 8.451901e-01 -1.297118e-16 5.344658e-01
    outer loop
      vertex   -1.070064e+01 3.700000e+01 -1.417406e+00
      vertex   -1.070064e+01 3.000000e+01 -1.417406e+00
      vertex   -1.043830e+01 3.700000e+01 -1.832264e+00
    endloop
  endfacet
  facet normal 8.451901e-01 -4.494381e-17 5.344658e-01
    outer loop
      vertex   -1.043830e+01 3.700000e+01 -1.832264e+00
      vertex   -1.070064e+01 3.000000e+01 -1.417406e+00
      vertex   -1.043830e+01 3.000000e+01 -1.832264e+00
    endloop
  endfacet
  facet normal 7.485107e-01 2.040084e-17 6.631227e-01
    outer loop
      vertex   -1.043830e+01 3.700000e+01 -1.832264e+00
      vertex   -1.043830e+01 3.000000e+01 -1.832264e+00
      vertex   -1.011281e+01 3.700000e+01 -2.199667e+00
    endloop
  endfacet
  facet normal 7.485107e-01 0.000000e+00 6.631227e-01
    outer loop
      vertex   -1.011281e+01 3.700000e+01 -2.199667e+00
      vertex   -1.043830e+01 3.000000e+01 -1.832264e+00
      vertex   -1.011281e+01 3.000000e+01 -2.199667e+00
    endloop
  endfacet
  facet normal 6.324454e-01 0.000000e+00 7.746050e-01
    outer loop
      vertex   -1.011281e+01 3.700000e+01 -2.199667e+00
      vertex   -1.011281e+01 3.000000e+01 -2.199667e+00
      vertex   -9.732597e+00 3.700000e+01 -2.510101e+00
    endloop
  endfacet
  facet normal 6.324454e-01 0.000000e+00 7.746050e-01
    outer loop
      vertex   -9.732597e+00 3.700000e+01 -2.510101e+00
      vertex   -1.011281e+01 3.000000e+01 -2.199667e+00
      vertex   -9.732597e+00 3.000000e+01 -2.510101e+00
    endloop
  endfacet
  facet normal 5.000000e-01 0.000000e+00 8.660254e-01
    outer loop
      vertex   -9.732597e+00 3.700000e+01 -2.510101e+00
      vertex   -9.732597e+00 3.000000e+01 -2.510101e+00
      vertex   -9.307512e+00 3.700000e+01 -2.755524e+00
    endloop
  endfacet
  facet normal 5.000000e-01 0.000000e+00 8.660254e-01
    outer loop
      vertex   -9.307512e+00 3.700000e+01 -2.755524e+00
      vertex   -9.732597e+00 3.000000e+01 -2.510101e+00
      vertex   -9.307512e+00 3.000000e+01 -2.755524e+00
    endloop
  endfacet
  facet normal 3.546049e-01 0.000000e+00 9.350162e-01
    outer loop
      vertex   -9.307512e+00 3.700000e+01 -2.755524e+00
      vertex   -9.307512e+00 3.000000e+01 -2.755524e+00
      vertex   -8.848563e+00 3.700000e+01 -2.929580e+00
    endloop
  endfacet
  facet normal 3.546049e-01 2.865092e-17 9.350162e-01
    outer loop
      vertex   -8.848563e+00 3.700000e+01 -2.929580e+00
      vertex   -9.307512e+00 3.000000e+01 -2.755524e+00
      vertex   -8.848563e+00 3.000000e+01 -2.929580e+00
    endloop
  endfacet
  facet normal 2.000257e-01 7.355884e-17 9.797907e-01
    outer loop
      vertex   -8.848563e+00 3.700000e+01 -2.929580e+00
      vertex   -8.848563e+00 3.000000e+01 -2.929580e+00
      vertex   -8.367637e+00 3.700000e+01 -3.027762e+00
    endloop
  endfacet
  facet normal 2.000257e-01 1.139964e-17 9.797907e-01
    outer loop
      vertex   -8.367637e+00 3.700000e+01 -3.027762e+00
      vertex   -8.848563e+00 3.000000e+01 -2.929580e+00
      vertex   -8.367637e+00 3.000000e+01 -3.027762e+00
    endloop
  endfacet
  facet normal 4.026594e-02 5.317177e-17 9.991890e-01
    outer loop
      vertex   -8.367637e+00 3.700000e+01 -3.027762e+00
      vertex   -8.367637e+00 3.000000e+01 -3.027762e+00
      vertex   -7.877189e+00 3.700000e+01 -3.047526e+00
    endloop
  endfacet
  facet normal 4.026594e-02 0.000000e+00 9.991890e-01
    outer loop
      vertex   -7.877189e+00 3.700000e+01 -3.047526e+00
      vertex   -8.367637e+00 3.000000e+01 -3.027762e+00
      vertex   -7.877189e+00 3.000000e+01 -3.047526e+00
    endloop
  endfacet
  facet normal -1.205367e-01 0.000000e+00 9.927089e-01
    outer loop
      vertex   -7.877189e+00 3.700000e+01 -3.047526e+00
      vertex   -7.877189e+00 3.000000e+01 -3.047526e+00
      vertex   -7.389922e+00 3.700000e+01 -2.988361e+00
    endloop
  endfacet
  facet normal -1.205367e-01 0.000000e+00 9.927089e-01
    outer loop
      vertex   -7.389922e+00 3.700000e+01 -2.988361e+00
      vertex   -7.877189e+00 3.000000e+01 -3.047526e+00
      vertex   -7.389922e+00 3.000000e+01 -2.988361e+00
    endloop
  endfacet
  facet normal -2.782175e-01 0.000000e+00 9.605181e-01
    outer loop
      vertex   -7.389922e+00 3.700000e+01 -2.988361e+00
      vertex   -7.389922e+00 3.000000e+01 -2.988361e+00
      vertex   -6.918455e+00 3.700000e+01 -2.851800e+00
    endloop
  endfacet
  facet normal -2.782175e-01 3.530096e-17 9.605181e-01
    outer loop
      vertex   -6.918455e+00 3.700000e+01 -2.851800e+00
      vertex   -7.389922e+00 3.000000e+01 -2.988361e+00
      vertex   -6.918455e+00 3.000000e+01 -2.851800e+00
    endloop
  endfacet
  facet normal -4.286926e-01 5.439364e-17 9.034504e-01
    outer loop
      vertex   -6.918455e+00 3.700000e+01 -2.851800e+00
      vertex   -6.918455e+00 3.000000e+01 -2.851800e+00
      vertex   -6.475000e+00 3.700000e+01 -2.641377e+00
    endloop
  endfacet
  facet normal -4.286926e-01 -2.922444e-18 9.034504e-01
    outer loop
      vertex   -6.475000e+00 3.700000e+01 -2.641377e+00
      vertex   -6.918455e+00 3.000000e+01 -2.851800e+00
      vertex   -6.475000e+00 3.000000e+01 -2.641377e+00
    endloop
  endfacet
  facet normal -5.680647e-01 1.986637e-17 8.229839e-01
    outer loop
      vertex   -6.475000e+00 3.700000e+01 -2.641377e+00
      vertex   -6.475000e+00 3.000000e+01 -2.641377e+00
      vertex   -6.071042e+00 3.700000e+01 -2.362545e+00
    endloop
  endfacet
  facet normal -5.680647e-01 3.973274e-17 8.229839e-01
    outer loop
      vertex   -6.071042e+00 3.700000e+01 -2.362545e+00
      vertex   -6.475000e+00 3.000000e+01 -2.641377e+00
      vertex   -6.071042e+00 3.000000e+01 -2.362545e+00
    endloop
  endfacet
  facet normal -6.927244e-01 8.428131e-17 7.212024e-01
    outer loop
      vertex   -6.071042e+00 3.700000e+01 -2.362545e+00
      vertex   -6.071042e+00 3.000000e+01 -2.362545e+00
      vertex   -5.717042e+00 3.700000e+01 -2.022524e+00
    endloop
  endfacet
  facet normal -6.927244e-01 -9.150806e-17 7.212024e-01
    outer loop
      vertex   -5.717042e+00 3.700000e+01 -2.022524e+00
      vertex   -6.071042e+00 3.000000e+01 -2.362545e+00
      vertex   -5.717042e+00 3.000000e+01 -2.022524e+00
    endloop
  endfacet
  facet normal -7.994428e-01 -7.622376e-17 6.007423e-01
    outer loop
      vertex   -5.717042e+00 3.700000e+01 -2.022524e+00
      vertex   -5.717042e+00 3.000000e+01 -2.022524e+00
      vertex   -5.422170e+00 3.700000e+01 -1.630121e+00
    endloop
  endfacet
  facet normal -7.994428e-01 -9.527970e-17 6.007423e-01
    outer loop
      vertex   -5.422170e+00 3.700000e+01 -1.630121e+00
      vertex   -5.717042e+00 3.000000e+01 -2.022524e+00
      vertex   -5.422170e+00 3.000000e+01 -1.630121e+00
    endloop
  endfacet
  facet normal -8.854560e-01 -7.370662e-17 4.647232e-01
    outer loop
      vertex   -5.422170e+00 3.700000e+01 -1.630121e+00
      vertex   -5.422170e+00 3.000000e+01 -1.630121e+00
      vertex   -5.194063e+00 3.700000e+01 -1.195498e+00
    endloop
  endfacet
  facet normal -8.854560e-01 0.000000e+00 4.647232e-01
    outer loop
      vertex   -5.194063e+00 3.700000e+01 -1.195498e+00
      vertex   -5.422170e+00 3.000000e+01 -1.630121e+00
      vertex   -5.194063e+00 3.000000e+01 -1.195498e+00
    endloop
  endfacet
  facet normal -9.485364e-01 0.000000e+00 3.166680e-01
    outer loop
      vertex   -5.194063e+00 3.700000e+01 -1.195498e+00
      vertex   -5.194063e+00 3.000000e+01 -1.195498e+00
      vertex   -5.038627e+00 3.700000e+01 -7.299128e-01
    endloop
  endfacet
  facet normal -9.485364e-01 -5.524704e-17 3.166680e-01
    outer loop
      vertex   -5.038627e+00 3.700000e+01 -7.299128e-01
      vertex   -5.194063e+00 3.000000e+01 -1.195498e+00
      vertex   -5.038627e+00 3.000000e+01 -7.299128e-01
    endloop
  endfacet
  facet normal -9.870503e-01 -2.798593e-17 1.604113e-01
    outer loop
      vertex   -5.038627e+00 3.700000e+01 -7.299128e-01
      vertex   -5.038627e+00 3.000000e+01 -7.299128e-01
      vertex   -4.959890e+00 3.700000e+01 -2.454230e-01
    endloop
  endfacet
  facet normal -9.870503e-01 -3.116615e-17 1.604113e-01
    outer loop
      vertex   -4.959890e+00 3.700000e+01 -2.454230e-01
      vertex   -5.038627e+00 3.000000e+01 -7.299128e-01
      vertex   -4.959890e+00 3.000000e+01 -2.454230e-01
    endloop
  endfacet
  facet normal -1.000000e+00 -0.000000e+00 0.000000e+00
    outer loop
      vertex   -4.959890e+00 3.700000e+01 -2.454230e-01
      vertex   -4.959890e+00 3.000000e+01 -2.454230e-01
      vertex   -4.959890e+00 3.700000e+01 2.454230e-01
    endloop
  endfacet
  facet normal -1.000000e+00 0.000000e+00 0.000000e+00
    outer loop
      vertex   -4.959890e+00 3.700000e+01 2.454230e-01
      vertex   -4.959890e+00 3.000000e+01 -2.454230e-01
      vertex   -4.959890e+00 3.000000e+01 2.454230e-01
    endloop
  endfacet
  facet normal -9.870503e-01 3.053011e-17 -1.604113e-01
    outer loop
      vertex   -4.959890e+00 3.700000e+01 2.454230e-01
      vertex   -4.959890e+00 3.000000e+01 2.454230e-01
      vertex   -5.038627e+00 3.700000e+01 7.299128e-01
    endloop
  endfacet
  facet normal -9.870503e-01 3.053011e-17 -1.604113e-01
    outer loop
      vertex   -5.038627e+00 3.700000e+01 7.299128e-01
      vertex   -4.959890e+00 3.000000e+01 2.454230e-01
      vertex   -5.038627e+00 3.000000e+01 7.299128e-01
    endloop
  endfacet
  facet normal -9.485364e-01 6.026950e-17 -3.166680e-01
    outer loop
      vertex   -5.038627e+00 3.700000e+01 7.299128e-01
      vertex   -5.038627e+00 3.000000e+01 7.299128e-01
      vertex   -5.194063e+00 3.700000e+01 1.195498e+00
    endloop
  endfacet
  facet normal -9.485364e-01 -0.000000e+00 -3.166680e-01
    outer loop
      vertex   -5.194063e+00 3.700000e+01 1.195498e+00
      vertex   -5.038627e+00 3.000000e+01 7.299128e-01
      vertex   -5.194063e+00 3.000000e+01 1.195498e+00
    endloop
  endfacet
  facet normal -8.854560e-01 -0.000000e+00 -4.647232e-01
    outer loop
      vertex   -5.194063e+00 3.700000e+01 1.195498e+00
      vertex   -5.194063e+00 3.000000e+01 1.195498e+00
      vertex   -5.422170e+00 3.700000e+01 1.630121e+00
    endloop
  endfacet
  facet normal -8.854560e-01 7.370662e-17 -4.647232e-01
    outer loop
      vertex   -5.422170e+00 3.700000e+01 1.630121e+00
      vertex   -5.194063e+00 3.000000e+01 1.195498e+00
      vertex   -5.422170e+00 3.000000e+01 1.630121e+00
    endloop
  endfacet
  facet normal -7.994428e-01 9.527970e-17 -6.007423e-01
    outer loop
      vertex   -5.422170e+00 3.700000e+01 1.630121e+00
      vertex   -5.422170e+00 3.000000e+01 1.630121e+00
      vertex   -5.717042e+00 3.700000e+01 2.022524e+00
    endloop
  endfacet
  facet normal -7.994428e-01 7.622376e-17 -6.007423e-01
    outer loop
      vertex   -5.717042e+00 3.700000e+01 2.022524e+00
      vertex   -5.422170e+00 3.000000e+01 1.630121e+00
      vertex   -5.717042e+00 3.000000e+01 2.022524e+00
    endloop
  endfacet
  facet normal -6.927244e-01 9.150806e-17 -7.212024e-01
    outer loop
      vertex   -5.717042e+00 3.700000e+01 2.022524e+00
      vertex   -5.717042e+00 3.000000e+01 2.022524e+00
      vertex   -6.071042e+00 3.700000e+01 2.362545e+00
    endloop
  endfacet
  facet normal -6.927244e-01 -1.300353e-16 -7.212024e-01
    outer loop
      vertex   -6.071042e+00 3.700000e+01 2.362545e+00
      vertex   -5.717042e+00 3.000000e+01 2.022524e+00
      vertex   -6.071042e+00 3.000000e+01 2.362545e+00
    endloop
  endfacet
  facet normal -5.680647e-01 -9.194392e-17 -8.229839e-01
    outer loop
      vertex   -6.071042e+00 3.700000e+01 2.362545e+00
      vertex   -6.071042e+00 3.000000e+01 2.362545e+00
      vertex   -6.475000e+00 3.700000e+01 2.641377e+00
    endloop
  endfacet
  facet normal -5.680647e-01 -1.986637e-17 -8.229839e-01
    outer loop
      vertex   -6.475000e+00 3.700000e+01 2.641377e+00
      vertex   -6.071042e+00 3.000000e+01 2.362545e+00
      vertex   -6.475000e+00 3.000000e+01 2.641377e+00
    endloop
  endfacet
  facet normal -4.286926e-01 2.922444e-18 -9.034504e-01
    outer loop
      vertex   -6.475000e+00 3.700000e+01 2.641377e+00
      vertex   -6.475000e+00 3.000000e+01 2.641377e+00
      vertex   -6.918455e+00 3.700000e+01 2.851800e+00
    endloop
  endfacet
  facet normal -4.286926e-01 -5.439364e-17 -9.034504e-01
    outer loop
      vertex   -6.918455e+00 3.700000e+01 2.851800e+00
      vertex   -6.475000e+00 3.000000e+01 2.641377e+00
      vertex   -6.918455e+00 3.000000e+01 2.851800e+00
    endloop
  endfacet
  facet normal -2.782175e-01 -3.530096e-17 -9.605181e-01
    outer loop
      vertex   -6.918455e+00 3.700000e+01 2.851800e+00
      vertex   -6.918455e+00 3.000000e+01 2.851800e+00
      vertex   -7.389922e+00 3.700000e+01 2.988361e+00
    endloop
  endfacet
  facet normal -2.782175e-01 -0.000000e+00 -9.605181e-01
    outer loop
      vertex   -7.389922e+00 3.700000e+01 2.988361e+00
      vertex   -6.918455e+00 3.000000e+01 2.851800e+00
      vertex   -7.389922e+00 3.000000e+01 2.988361e+00
    endloop
  endfacet
  facet normal -1.205367e-01 -0.000000e+00 -9.927089e-01
    outer loop
      vertex   -7.389922e+00 3.700000e+01 2.988361e+00
      vertex   -7.389922e+00 3.000000e+01 2.988361e+00
      vertex   -7.877189e+00 3.700000e+01 3.047526e+00
    endloop
  endfacet
  facet normal -1.205367e-01 -0.000000e+00 -9.927089e-01
    outer loop
      vertex   -7.877189e+00 3.700000e+01 3.047526e+00
      vertex   -7.389922e+00 3.000000e+01 2.988361e+00
      vertex   -7.877189e+00 3.000000e+01 3.047526e+00
    endloop
  endfacet
  facet normal 4.026594e-02 0.000000e+00 -9.991890e-01
    outer loop
      vertex   -7.877189e+00 3.700000e+01 3.047526e+00
      vertex   -7.877189e+00 3.000000e+01 3.047526e+00
      vertex   -8.367637e+00 3.700000e+01 3.027762e+00
    endloop
  endfacet
  facet normal 4.026594e-02 -5.317177e-17 -9.991890e-01
    outer loop
      vertex   -8.367637e+00 3.700000e+01 3.027762e+00
      vertex   -7.877189e+00 3.000000e+01 3.047526e+00
      vertex   -8.367637e+00 3.000000e+01 3.027762e+00
    endloop
  endfacet
  facet normal 2.000257e-01 -1.139964e-17 -9.797907e-01
    outer loop
      vertex   -8.367637e+00 3.700000e+01 3.027762e+00
      vertex   -8.367637e+00 3.000000e+01 3.027762e+00
      vertex   -8.848563e+00 3.700000e+01 2.929580e+00
    endloop
  endfacet
  facet normal 2.000257e-01 -1.139964e-17 -9.797907e-01
    outer loop
      vertex   -8.848563e+00 3.700000e+01 2.929580e+00
      vertex   -8.367637e+00 3.000000e+01 3.027762e+00
      vertex   -8.848563e+00 3.000000e+01 2.929580e+00
    endloop
  endfacet
  facet normal 3.546049e-01 3.066774e-17 -9.350162e-01
    outer loop
      vertex   -8.848563e+00 3.700000e+01 2.929580e+00
      vertex   -8.848563e+00 3.000000e+01 2.929580e+00
      vertex   -9.307512e+00 3.700000e+01 2.755524e+00
    endloop
  endfacet
  facet normal 3.546049e-01 0.000000e+00 -9.350162e-01
    outer loop
      vertex   -9.307512e+00 3.700000e+01 2.755524e+00
      vertex   -8.848563e+00 3.000000e+01 2.929580e+00
      vertex   -9.307512e+00 3.000000e+01 2.755524e+00
    endloop
  endfacet
  facet normal 5.000000e-01 0.000000e+00 -8.660254e-01
    outer loop
      vertex   -9.307512e+00 3.700000e+01 2.755524e+00
      vertex   -9.307512e+00 3.000000e+01 2.755524e+00
      vertex   -9.732597e+00 3.700000e+01 2.510101e+00
    endloop
  endfacet
  facet normal 5.000000e-01 0.000000e+00 -8.660254e-01
    outer loop
      vertex   -9.732597e+00 3.700000e+01 2.510101e+00
      vertex   -9.307512e+00 3.000000e+01 2.755524e+00
      vertex   -9.732597e+00 3.000000e+01 2.510101e+00
    endloop
  endfacet
  facet normal 6.324454e-01 0.000000e+00 -7.746050e-01
    outer loop
      vertex   -9.732597e+00 3.700000e+01 2.510101e+00
      vertex   -9.732597e+00 3.000000e+01 2.510101e+00
      vertex   -1.011281e+01 3.700000e+01 2.199667e+00
    endloop
  endfacet
  facet normal 6.324454e-01 0.000000e+00 -7.746050e-01
    outer loop
      vertex   -1.011281e+01 3.700000e+01 2.199667e+00
      vertex   -9.732597e+00 3.000000e+01 2.510101e+00
      vertex   -1.011281e+01 3.000000e+01 2.199667e+00
    endloop
  endfacet
  facet normal 7.485107e-01 0.000000e+00 -6.631227e-01
    outer loop
      vertex   -1.011281e+01 3.700000e+01 2.199667e+00
      vertex   -1.011281e+01 3.000000e+01 2.199667e+00
      vertex   -1.043830e+01 3.700000e+01 1.832264e+00
    endloop
  endfacet
  facet normal 7.485107e-01 -2.040084e-17 -6.631227e-01
    outer loop
      vertex   -1.043830e+01 3.700000e+01 1.832264e+00
      vertex   -1.011281e+01 3.000000e+01 2.199667e+00
      vertex   -1.043830e+01 3.000000e+01 1.832264e+00
    endloop
  endfacet
  facet normal 8.451901e-01 4.494381e-17 -5.344658e-01
    outer loop
      vertex   -1.043830e+01 3.700000e+01 1.832264e+00
      vertex   -1.043830e+01 3.000000e+01 1.832264e+00
      vertex   -1.070064e+01 3.700000e+01 1.417406e+00
    endloop
  endfacet
  facet normal 8.451901e-01 1.297118e-16 -5.344658e-01
    outer loop
      vertex   -1.070064e+01 3.700000e+01 1.417406e+00
      vertex   -1.043830e+01 3.000000e+01 1.832264e+00
      vertex   -1.070064e+01 3.000000e+01 1.417406e+00
    endloop
  endfacet
  facet normal 9.199794e-01 1.712916e-16 -3.919666e-01
    outer loop
      vertex   -1.070064e+01 3.700000e+01 1.417406e+00
      vertex   -1.070064e+01 3.000000e+01 1.417406e+00
      vertex   -1.089304e+01 3.700000e+01 9.658374e-01
    endloop
  endfacet
  facet normal 9.199794e-01 -7.460063e-17 -3.919666e-01
    outer loop
      vertex   -1.089304e+01 3.700000e+01 9.658374e-01
      vertex   -1.070064e+01 3.000000e+01 1.417406e+00
      vertex   -1.089304e+01 3.000000e+01 9.658374e-01
    endloop
  endfacet
  facet normal 9.709418e-01 -4.554750e-17 -2.393157e-01
    outer loop
      vertex   -1.089304e+01 3.700000e+01 9.658374e-01
      vertex   -1.089304e+01 3.000000e+01 9.658374e-01
      vertex   -1.101050e+01 3.700000e+01 4.892544e-01
    endloop
  endfacet
  facet normal 9.709418e-01 0.000000e+00 -2.393157e-01
    outer loop
      vertex   -1.101050e+01 3.700000e+01 4.892544e-01
      vertex   -1.089304e+01 3.000000e+01 9.658374e-01
      vertex   -1.101050e+01 3.000000e+01 4.892544e-01
    endloop
  endfacet
  facet normal 1.000000e+00 0.000000e+00 -1.675953e-07
    outer loop
      vertex   2.150000e+01 3.000000e+01 4.500000e+00
      vertex   2.150000e+01 3.000000e+01 -3.000000e+00
      vertex   2.150000e+01 4.000000e+01 4.500000e+00
    endloop
  endfacet
  facet normal 1.000000e+00 0.000000e+00 -1.675953e-07
    outer loop
      vertex   2.150000e+01 4.000000e+01 4.500000e+00
      vertex   2.150000e+01 3.000000e+01 -3.000000e+00
      vertex   2.150000e+01 4.000000e+01 -3.000000e+00
    endloop
  endfacet
  facet normal 0.000000e+00 -0.000000e+00 1.000000e+00
    outer loop
      vertex   1.000000e+01 3.000000e+01 5.000000e+00
      vertex   1.700000e+01 3.000000e+01 5.000000e+00
      vertex   1.000000e+01 3.200000e+01 5.000000e+00
    endloop
  endfacet
  facet normal -0.000000e+00 0.000000e+00 1.000000e+00
    outer loop
      vertex   1.000000e+01 3.200000e+01 5.000000e+00
      vertex   1.700000e+01 3.000000e+01 5.000000e+00
      vertex   1.700000e+01 4.000000e+01 5.000000e+00
    endloop
  endfacet
  facet normal 0.000000e+00 -0.000000e+00 1.000000e+00
    outer loop
      vertex   1.000000e+01 3.200000e+01 5.000000e+00
      vertex   1.700000e+01 4.000000e+01 5.000000e+00
      vertex   -1.900000e+01 4.000000e+01 5.000000e+00
    endloop
  endfacet
  facet normal 0.000000e+00 0.000000e+00 1.000000e+00
    outer loop
      vertex   -1.900000e+01 4.000000e+01 5.000000e+00
      vertex   -1.900000e+01 3.200000e+01 5.000000e+00
      vertex   1.000000e+01 3.200000e+01 5.000000e+00
    endloop
  endfacet
  facet normal 1.000000e+00 0.000000e+00 -1.894781e-15
    outer loop
      vertex   -2.025000e+01 4.000000e+01 -3.000000e+00
      vertex   -2.025000e+01 4.000000e+01 4.500000e+00
      vertex   -2.025000e+01 3.000000e+01 -3.000000e+00
    endloop
  endfacet
  facet normal 1.000000e+00 0.000000e+00 -1.894781e-15
    outer loop
      vertex   -2.025000e+01 3.000000e+01 -3.000000e+00
      vertex   -2.025000e+01 4.000000e+01 4.500000e+00
      vertex   -2.025000e+01 3.000000e+01 4.500000e+00
    endloop
  endfacet
  facet normal 0.000000e+00 1.000000e+00 0.000000e+00
    outer loop
      vertex   2.112941e+01 4.000000e+01 4.982963e+00
      vertex   2.125000e+01 4.000000e+01 4.933013e+00
      vertex   2.100000e+01 4.000000e+01 5.000000e+00
    endloop
  endfacet
  facet normal 0.000000e+00 1.000000e+00 0.000000e+00
    outer loop
      vertex   2.100000e+01 4.000000e+01 5.000000e+00
      vertex   2.125000e+01 4.000000e+01 4.933013e+00
      vertex   2.050000e+01 4.000000e+01 5.000000e+00
    endloop
  endfacet
  facet normal 0.000000e+00 1.000000e+00 0.000000e+00
    outer loop
      vertex   2.050000e+01 4.000000e+01 5.000000e+00
      vertex   2.125000e+01 4.000000e+01 4.933013e+00
      vertex   2.025000e+01 4.000000e+01 4.933013e+00
    endloop
  endfacet
  facet normal 0.000000e+00 1.000000e+00 0.000000e+00
    outer loop
      vertex   2.050000e+01 4.000000e+01 5.000000e+00
      vertex   2.025000e+01 4.000000e+01 4.933013e+00
      vertex   2.037059e+01 4.000000e+01 4.982963e+00
    endloop
  endfacet
  facet normal 0.000000e+00 1.000000e+00 0.000000e+00
    outer loop
      vertex   2.125000e+01 4.000000e+01 4.933013e+00
      vertex   2.135355e+01 4.000000e+01 4.853553e+00
      vertex   2.025000e+01 4.000000e+01 4.933013e+00
    endloop
  endfacet
  facet normal 0.000000e+00 1.000000e+00 0.000000e+00
    outer loop
      vertex   2.025000e+01 4.000000e+01 4.933013e+00
      vertex   2.135355e+01 4.000000e+01 4.853553e+00
      vertex   2.014645e+01 4.000000e+01 4.853553e+00
    endloop
  endfacet
  facet normal 0.000000e+00 1.000000e+00 0.000000e+00
    outer loop
      vertex   2.014645e+01 4.000000e+01 4.853553e+00
      vertex   2.135355e+01 4.000000e+01 4.853553e+00
      vertex   2.143301e+01 4.000000e+01 4.750000e+00
    endloop
  endfacet
  facet normal 0.000000e+00 1.000000e+00 0.000000e+00
    outer loop
      vertex   2.014645e+01 4.000000e+01 4.853553e+00
      vertex   2.143301e+01 4.000000e+01 4.750000e+00
      vertex   2.006699e+01 4.000000e+01 4.750000e+00
    endloop
  endfacet
  facet normal 0.000000e+00 1.000000e+00 0.000000e+00
    outer loop
      vertex   2.006699e+01 4.000000e+01 4.750000e+00
      vertex   2.143301e+01 4.000000e+01 4.750000e+00
      vertex   2.148296e+01 4.000000e+01 4.629409e+00
    endloop
  endfacet
  facet normal 0.000000e+00 1.000000e+00 0.000000e+00
    outer loop
      vertex   2.006699e+01 4.000000e+01 4.750000e+00
      vertex   2.148296e+01 4.000000e+01 4.629409e+00
      vertex   2.001704e+01 4.000000e+01 4.629410e+00
    endloop
  endfacet
  facet normal 0.000000e+00 1.000000e+00 0.000000e+00
    outer loop
      vertex   2.001704e+01 4.000000e+01 4.629410e+00
      vertex   2.148296e+01 4.000000e+01 4.629409e+00
      vertex   2.150000e+01 4.000000e+01 4.500000e+00
    endloop
  endfacet
  facet normal 0.000000e+00 1.000000e+00 0.000000e+00
    outer loop
      vertex   2.001704e+01 4.000000e+01 4.629410e+00
      vertex   2.150000e+01 4.000000e+01 4.500000e+00
      vertex   2.000000e+01 4.000000e+01 4.500000e+00
    endloop
  endfacet
  facet normal 0.000000e+00 1.000000e+00 0.000000e+00
    outer loop
      vertex   2.000000e+01 4.000000e+01 4.500000e+00
      vertex   2.150000e+01 4.000000e+01 4.500000e+00
      vertex   2.000000e+01 4.000000e+01 -3.000000e+00
    endloop
  endfacet
  facet normal -0.000000e+00 1.000000e+00 0.000000e+00
    outer loop
      vertex   2.000000e+01 4.000000e+01 -3.000000e+00
      vertex   2.150000e+01 4.000000e+01 4.500000e+00
      vertex   2.150000e+01 4.000000e+01 -3.000000e+00
    endloop
  endfacet
  facet normal 0.000000e+00 1.000000e+00 0.000000e+00
    outer loop
      vertex   2.000000e+01 4.000000e+01 -3.000000e+00
      vertex   2.150000e+01 4.000000e+01 -3.000000e+00
      vertex   1.998296e+01 4.000000e+01 -3.129410e+00
    endloop
  endfacet
  facet normal -0.000000e+00 1.000000e+00 0.000000e+00
    outer loop
      vertex   1.998296e+01 4.000000e+01 -3.129410e+00
      vertex   2.150000e+01 4.000000e+01 -3.000000e+00
      vertex   2.146157e+01 4.000000e+01 -3.390181e+00
    endloop
  endfacet
  facet normal 0.000000e+00 1.000000e+00 0.000000e+00
    outer loop
      vertex   1.998296e+01 4.000000e+01 -3.129410e+00
      vertex   2.146157e+01 4.000000e+01 -3.390181e+00
      vertex   1.993301e+01 4.000000e+01 -3.250000e+00
    endloop
  endfacet
  facet normal 0.000000e+00 1.000000e+00 0.000000e+00
    outer loop
      vertex   1.993301e+01 4.000000e+01 -3.250000e+00
      vertex   2.146157e+01 4.000000e+01 -3.390181e+00
      vertex   1.985355e+01 4.000000e+01 -3.353553e+00
    endloop
  endfacet
  facet normal 0.000000e+00 1.000000e+00 0.000000e+00
    outer loop
      vertex   1.985355e+01 4.000000e+01 -3.353553e+00
      vertex   2.146157e+01 4.000000e+01 -3.390181e+00
      vertex   1.975000e+01 4.000000e+01 -3.433013e+00
    endloop
  endfacet
  facet normal -0.000000e+00 1.000000e+00 0.000000e+00
    outer loop
      vertex   1.975000e+01 4.000000e+01 -3.433013e+00
      vertex   2.146157e+01 4.000000e+01 -3.390181e+00
      vertex   2.134776e+01 4.000000e+01 -3.765367e+00
    endloop
  endfacet
  facet normal 0.000000e+00 1.000000e+00 0.000000e+00
    outer loop
      vertex   1.975000e+01 4.000000e+01 -3.433013e+00
      vertex   2.134776e+01 4.000000e+01 -3.765367e+00
      vertex   1.962941e+01 4.000000e+01 -3.482963e+00
    endloop
  endfacet
  facet normal 0.000000e+00 1.000000e+00 0.000000e+00
    outer loop
      vertex   1.962941e+01 4.000000e+01 -3.482963e+00
      vertex   2.134776e+01 4.000000e+01 -3.765367e+00
      vertex   1.950000e+01 4.000000e+01 -3.500000e+00
    endloop
  endfacet
  facet normal 0.000000e+00 1.000000e+00 0.000000e+00
    outer loop
      vertex   1.950000e+01 4.000000e+01 -3.500000e+00
      vertex   2.134776e+01 4.000000e+01 -3.765367e+00
      vertex   2.116294e+01 4.000000e+01 -4.111141e+00
    endloop
  endfacet
  facet normal 0.000000e+00 1.000000e+00 0.000000e+00
    outer loop
      vertex   1.950000e+01 4.000000e+01 -3.500000e+00
      vertex   2.116294e+01 4.000000e+01 -4.111141e+00
      vertex   2.091421e+01 4.000000e+01 -4.414214e+00
    endloop
  endfacet
  facet normal 0.000000e+00 1.000000e+00 -0.000000e+00
    outer loop
      vertex   2.061114e+01 4.000000e+01 -4.662939e+00
      vertex   1.900000e+01 4.000000e+01 -5.000000e+00
      vertex   2.091421e+01 4.000000e+01 -4.414214e+00
    endloop
  endfacet
  facet normal 0.000000e+00 1.000000e+00 0.000000e+00
    outer loop
      vertex   2.091421e+01 4.000000e+01 -4.414214e+00
      vertex   1.900000e+01 4.000000e+01 -5.000000e+00
      vertex   1.937059e+01 4.000000e+01 -3.482963e+00
    endloop
  endfacet
  facet normal 0.000000e+00 1.000000e+00 0.000000e+00
    outer loop
      vertex   2.091421e+01 4.000000e+01 -4.414214e+00
      vertex   1.937059e+01 4.000000e+01 -3.482963e+00
      vertex   1.950000e+01 4.000000e+01 -3.500000e+00
    endloop
  endfacet
  facet normal 0.000000e+00 1.000000e+00 0.000000e+00
    outer loop
      vertex   2.061114e+01 4.000000e+01 -4.662939e+00
      vertex   2.026537e+01 4.000000e+01 -4.847759e+00
      vertex   1.900000e+01 4.000000e+01 -5.000000e+00
    endloop
  endfacet
  facet normal 0.000000e+00 1.000000e+00 0.000000e+00
    outer loop
      vertex   1.900000e+01 4.000000e+01 -5.000000e+00
      vertex   2.026537e+01 4.000000e+01 -4.847759e+00
      vertex   1.950000e+01 4.000000e+01 -5.000000e+00
    endloop
  endfacet
  facet normal 0.000000e+00 1.000000e+00 0.000000e+00
    outer loop
      vertex   1.950000e+01 4.000000e+01 -5.000000e+00
      vertex   2.026537e+01 4.000000e+01 -4.847759e+00
      vertex   1.989018e+01 4.000000e+01 -4.961571e+00
    endloop
  endfacet
  facet normal 0.000000e+00 1.000000e+00 0.000000e+00
    outer loop
      vertex   1.937059e+01 4.000000e+01 -3.482963e+00
      vertex   1.900000e+01 4.000000e+01 -5.000000e+00
      vertex   1.700000e+01 4.000000e+01 -5.000000e+00
    endloop
  endfacet
  facet normal 0.000000e+00 1.000000e+00 0.000000e+00
    outer loop
      vertex   1.700000e+01 4.000000e+01 -5.000000e+00
      vertex   1.900000e+01 4.000000e+01 -5.000000e+00
      vertex   1.860982e+01 4.000000e+01 -5.038429e+00
    endloop
  endfacet
  facet normal 0.000000e+00 1.000000e+00 0.000000e+00
    outer loop
      vertex   1.700000e+01 4.000000e+01 -5.000000e+00
      vertex   1.860982e+01 4.000000e+01 -5.038429e+00
      vertex   1.823463e+01 4.000000e+01 -5.152241e+00
    endloop
  endfacet
  facet normal 0.000000e+00 1.000000e+00 0.000000e+00
    outer loop
      vertex   1.823463e+01 4.000000e+01 -5.152241e+00
      vertex   1.788886e+01 4.000000e+01 -5.337061e+00
      vertex   1.700000e+01 4.000000e+01 -5.000000e+00
    endloop
  endfacet
  facet normal 0.000000e+00 1.000000e+00 0.000000e+00
    outer loop
      vertex   1.700000e+01 4.000000e+01 -5.000000e+00
      vertex   1.788886e+01 4.000000e+01 -5.337061e+00
      vertex   1.758579e+01 4.000000e+01 -5.585786e+00
    endloop
  endfacet
  facet normal 0.000000e+00 1.000000e+00 0.000000e+00
    outer loop
      vertex   1.700000e+01 4.000000e+01 -5.000000e+00
      vertex   1.758579e+01 4.000000e+01 -5.585786e+00
      vertex   1.733706e+01 4.000000e+01 -5.888860e+00
    endloop
  endfacet
  facet normal 0.000000e+00 1.000000e+00 0.000000e+00
    outer loop
      vertex   1.733706e+01 4.000000e+01 -5.888860e+00
      vertex   1.715224e+01 4.000000e+01 -6.234633e+00
      vertex   1.700000e+01 4.000000e+01 -5.000000e+00
    endloop
  endfacet
  facet normal 0.000000e+00 1.000000e+00 0.000000e+00
    outer loop
      vertex   1.700000e+01 4.000000e+01 -5.000000e+00
      vertex   1.715224e+01 4.000000e+01 -6.234633e+00
      vertex   1.703843e+01 4.000000e+01 -6.609819e+00
    endloop
  endfacet
  facet normal 0.000000e+00 1.000000e+00 0.000000e+00
    outer loop
      vertex   1.700000e+01 4.000000e+01 -5.000000e+00
      vertex   1.703843e+01 4.000000e+01 -6.609819e+00
      vertex   1.700000e+01 4.000000e+01 -7.000000e+00
    endloop
  endfacet
  facet normal 0.000000e+00 1.000000e+00 0.000000e+00
    outer loop
      vertex   1.175000e+01 4.000000e+01 -5.000000e+00
      vertex   1.914645e+01 4.000000e+01 -3.353553e+00
      vertex   1.700000e+01 4.000000e+01 -5.000000e+00
    endloop
  endfacet
  facet normal 0.000000e+00 1.000000e+00 0.000000e+00
    outer loop
      vertex   1.700000e+01 4.000000e+01 -5.000000e+00
      vertex   1.914645e+01 4.000000e+01 -3.353553e+00
      vertex   1.925000e+01 4.000000e+01 -3.433013e+00
    endloop
  endfacet
  facet normal 0.000000e+00 1.000000e+00 0.000000e+00
    outer loop
      vertex   1.700000e+01 4.000000e+01 -5.000000e+00
      vertex   1.925000e+01 4.000000e+01 -3.433013e+00
      vertex   1.937059e+01 4.000000e+01 -3.482963e+00
    endloop
  endfacet
  facet normal 0.000000e+00 1.000000e+00 0.000000e+00
    outer loop
      vertex   -1.175000e+01 4.000000e+01 -5.000000e+00
      vertex   1.900000e+01 4.000000e+01 3.000000e+00
      vertex   1.175000e+01 4.000000e+01 -5.000000e+00
    endloop
  endfacet
  facet normal 0.000000e+00 1.000000e+00 0.000000e+00
    outer loop
      vertex   1.175000e+01 4.000000e+01 -5.000000e+00
      vertex   1.900000e+01 4.000000e+01 3.000000e+00
      vertex   1.900000e+01 4.000000e+01 -3.000000e+00
    endloop
  endfacet
  facet normal 0.000000e+00 1.000000e+00 0.000000e+00
    outer loop
      vertex   1.175000e+01 4.000000e+01 -5.000000e+00
      vertex   1.900000e+01 4.000000e+01 -3.000000e+00
      vertex   1.901704e+01 4.000000e+01 -3.129410e+00
    endloop
  endfacet
  facet normal 0.000000e+00 1.000000e+00 -0.000000e+00
    outer loop
      vertex   -1.700000e+01 4.000000e+01 -5.000000e+00
      vertex   -1.914645e+01 4.000000e+01 -3.353553e+00
      vertex   -1.175000e+01 4.000000e+01 -5.000000e+00
    endloop
  endfacet
  facet normal 0.000000e+00 1.000000e+00 0.000000e+00
    outer loop
      vertex   -1.175000e+01 4.000000e+01 -5.000000e+00
      vertex   -1.914645e+01 4.000000e+01 -3.353553e+00
      vertex   -1.906699e+01 4.000000e+01 -3.250000e+00
    endloop
  endfacet
  facet normal 0.000000e+00 1.000000e+00 0.000000e+00
    outer loop
      vertex   -1.175000e+01 4.000000e+01 -5.000000e+00
      vertex   -1.906699e+01 4.000000e+01 -3.250000e+00
      vertex   -1.901704e+01 4.000000e+01 -3.129410e+00
    endloop
  endfacet
  facet normal 0.000000e+00 1.000000e+00 -0.000000e+00
    outer loop
      vertex   -1.700000e+01 4.000000e+01 -7.000000e+00
      vertex   -1.703843e+01 4.000000e+01 -6.609819e+00
      vertex   -1.700000e+01 4.000000e+01 -5.000000e+00
    endloop
  endfacet
  facet normal 0.000000e+00 1.000000e+00 0.000000e+00
    outer loop
      vertex   -1.700000e+01 4.000000e+01 -5.000000e+00
      vertex   -1.703843e+01 4.000000e+01 -6.609819e+00
      vertex   -1.715224e+01 4.000000e+01 -6.234633e+00
    endloop
  endfacet
  facet normal 0.000000e+00 1.000000e+00 0.000000e+00
    outer loop
      vertex   -1.700000e+01 4.000000e+01 -5.000000e+00
      vertex   -1.715224e+01 4.000000e+01 -6.234633e+00
      vertex   -1.733706e+01 4.000000e+01 -5.888860e+00
    endloop
  endfacet
  facet normal 0.000000e+00 1.000000e+00 -0.000000e+00
    outer loop
      vertex   -1.733706e+01 4.000000e+01 -5.888860e+00
      vertex   -1.758579e+01 4.000000e+01 -5.585786e+00
      vertex   -1.700000e+01 4.000000e+01 -5.000000e+00
    endloop
  endfacet
  facet normal 0.000000e+00 1.000000e+00 0.000000e+00
    outer loop
      vertex   -1.700000e+01 4.000000e+01 -5.000000e+00
      vertex   -1.758579e+01 4.000000e+01 -5.585786e+00
      vertex   -1.788886e+01 4.000000e+01 -5.337061e+00
    endloop
  endfacet
  facet normal 0.000000e+00 1.000000e+00 0.000000e+00
    outer loop
      vertex   -1.700000e+01 4.000000e+01 -5.000000e+00
      vertex   -1.788886e+01 4.000000e+01 -5.337061e+00
      vertex   -1.823463e+01 4.000000e+01 -5.152241e+00
    endloop
  endfacet
  facet normal 0.000000e+00 1.000000e+00 -0.000000e+00
    outer loop
      vertex   -1.823463e+01 4.000000e+01 -5.152241e+00
      vertex   -1.860982e+01 4.000000e+01 -5.038429e+00
      vertex   -1.700000e+01 4.000000e+01 -5.000000e+00
    endloop
  endfacet
  facet normal 0.000000e+00 1.000000e+00 0.000000e+00
    outer loop
      vertex   -1.700000e+01 4.000000e+01 -5.000000e+00
      vertex   -1.860982e+01 4.000000e+01 -5.038429e+00
      vertex   -1.900000e+01 4.000000e+01 -5.000000e+00
    endloop
  endfacet
  facet normal 0.000000e+00 1.000000e+00 0.000000e+00
    outer loop
      vertex   -1.700000e+01 4.000000e+01 -5.000000e+00
      vertex   -1.900000e+01 4.000000e+01 -5.000000e+00
      vertex   -1.937059e+01 4.000000e+01 -3.482963e+00
    endloop
  endfacet
  facet normal 0.000000e+00 1.000000e+00 0.000000e+00
    outer loop
      vertex   -1.937059e+01 4.000000e+01 -3.482963e+00
      vertex   -1.900000e+01 4.000000e+01 -5.000000e+00
      vertex   -1.950000e+01 4.000000e+01 -3.500000e+00
    endloop
  endfacet
  facet normal 0.000000e+00 1.000000e+00 0.000000e+00
    outer loop
      vertex   -1.950000e+01 4.000000e+01 -3.500000e+00
      vertex   -1.900000e+01 4.000000e+01 -5.000000e+00
      vertex   -2.116421e+01 4.000000e+01 -4.414214e+00
    endloop
  endfacet
  facet normal 0.000000e+00 1.000000e+00 0.000000e+00
    outer loop
      vertex   -1.950000e+01 4.000000e+01 -3.500000e+00
      vertex   -2.116421e+01 4.000000e+01 -4.414214e+00
      vertex   -2.141294e+01 4.000000e+01 -4.111140e+00
    endloop
  endfacet
  facet normal 0.000000e+00 1.000000e+00 -0.000000e+00
    outer loop
      vertex   -1.975000e+01 4.000000e+01 -5.000000e+00
      vertex   -2.051537e+01 4.000000e+01 -4.847759e+00
      vertex   -1.900000e+01 4.000000e+01 -5.000000e+00
    endloop
  endfacet
  facet normal 0.000000e+00 1.000000e+00 0.000000e+00
    outer loop
      vertex   -1.900000e+01 4.000000e+01 -5.000000e+00
      vertex   -2.051537e+01 4.000000e+01 -4.847759e+00
      vertex   -2.086114e+01 4.000000e+01 -4.662939e+00
    endloop
  endfacet
  facet normal 0.000000e+00 1.000000e+00 0.000000e+00
    outer loop
      vertex   -1.900000e+01 4.000000e+01 -5.000000e+00
      vertex   -2.086114e+01 4.000000e+01 -4.662939e+00
      vertex   -2.116421e+01 4.000000e+01 -4.414214e+00
    endloop
  endfacet
  facet normal 0.000000e+00 1.000000e+00 0.000000e+00
    outer loop
      vertex   -1.975000e+01 4.000000e+01 -5.000000e+00
      vertex   -2.014018e+01 4.000000e+01 -4.961571e+00
      vertex   -2.051537e+01 4.000000e+01 -4.847759e+00
    endloop
  endfacet
  facet normal 0.000000e+00 1.000000e+00 0.000000e+00
    outer loop
      vertex   -1.950000e+01 4.000000e+01 -3.500000e+00
      vertex   -2.141294e+01 4.000000e+01 -4.111140e+00
      vertex   -1.975000e+01 4.000000e+01 -3.500000e+00
    endloop
  endfacet
  facet normal 0.000000e+00 1.000000e+00 0.000000e+00
    outer loop
      vertex   -1.975000e+01 4.000000e+01 -3.500000e+00
      vertex   -2.141294e+01 4.000000e+01 -4.111140e+00
      vertex   -2.159776e+01 4.000000e+01 -3.765367e+00
    endloop
  endfacet
  facet normal 0.000000e+00 1.000000e+00 0.000000e+00
    outer loop
      vertex   -1.975000e+01 4.000000e+01 -3.500000e+00
      vertex   -2.159776e+01 4.000000e+01 -3.765367e+00
      vertex   -1.987941e+01 4.000000e+01 -3.482963e+00
    endloop
  endfacet
  facet normal 0.000000e+00 1.000000e+00 0.000000e+00
    outer loop
      vertex   -1.987941e+01 4.000000e+01 -3.482963e+00
      vertex   -2.159776e+01 4.000000e+01 -3.765367e+00
      vertex   -2.000000e+01 4.000000e+01 -3.433013e+00
    endloop
  endfacet
  facet normal 0.000000e+00 1.000000e+00 0.000000e+00
    outer loop
      vertex   -2.000000e+01 4.000000e+01 -3.433013e+00
      vertex   -2.159776e+01 4.000000e+01 -3.765367e+00
      vertex   -2.171157e+01 4.000000e+01 -3.390181e+00
    endloop
  endfacet
  facet normal 0.000000e+00 1.000000e+00 0.000000e+00
    outer loop
      vertex   -2.000000e+01 4.000000e+01 -3.433013e+00
      vertex   -2.171157e+01 4.000000e+01 -3.390181e+00
      vertex   -2.010355e+01 4.000000e+01 -3.353553e+00
    endloop
  endfacet
  facet normal 0.000000e+00 1.000000e+00 0.000000e+00
    outer loop
      vertex   -2.010355e+01 4.000000e+01 -3.353553e+00
      vertex   -2.171157e+01 4.000000e+01 -3.390181e+00
      vertex   -2.018301e+01 4.000000e+01 -3.250000e+00
    endloop
  endfacet
  facet normal 0.000000e+00 1.000000e+00 0.000000e+00
    outer loop
      vertex   -2.018301e+01 4.000000e+01 -3.250000e+00
      vertex   -2.171157e+01 4.000000e+01 -3.390181e+00
      vertex   -2.023296e+01 4.000000e+01 -3.129410e+00
    endloop
  endfacet
  facet normal 0.000000e+00 1.000000e+00 0.000000e+00
    outer loop
      vertex   -2.023296e+01 4.000000e+01 -3.129410e+00
      vertex   -2.171157e+01 4.000000e+01 -3.390181e+00
      vertex   -2.175000e+01 4.000000e+01 -3.000000e+00
    endloop
  endfacet
  facet normal 0.000000e+00 1.000000e+00 0.000000e+00
    outer loop
      vertex   -2.023296e+01 4.000000e+01 -3.129410e+00
      vertex   -2.175000e+01 4.000000e+01 -3.000000e+00
      vertex   -2.025000e+01 4.000000e+01 -3.000000e+00
    endloop
  endfacet
  facet normal 0.000000e+00 1.000000e+00 -0.000000e+00
    outer loop
      vertex   -2.025000e+01 4.000000e+01 -3.000000e+00
      vertex   -2.175000e+01 4.000000e+01 -3.000000e+00
      vertex   -2.025000e+01 4.000000e+01 4.500000e+00
    endloop
  endfacet
  facet normal 0.000000e+00 1.000000e+00 0.000000e+00
    outer loop
      vertex   -2.025000e+01 4.000000e+01 4.500000e+00
      vertex   -2.175000e+01 4.000000e+01 -3.000000e+00
      vertex   -2.175000e+01 4.000000e+01 4.500000e+00
    endloop
  endfacet
  facet normal 0.000000e+00 1.000000e+00 0.000000e+00
    outer loop
      vertex   -2.025000e+01 4.000000e+01 4.500000e+00
      vertex   -2.175000e+01 4.000000e+01 4.500000e+00
      vertex   -2.026704e+01 4.000000e+01 4.629410e+00
    endloop
  endfacet
  facet normal 0.000000e+00 1.000000e+00 0.000000e+00
    outer loop
      vertex   -2.026704e+01 4.000000e+01 4.629410e+00
      vertex   -2.175000e+01 4.000000e+01 4.500000e+00
      vertex   -2.173296e+01 4.000000e+01 4.629410e+00
    endloop
  endfacet
  facet normal 0.000000e+00 1.000000e+00 0.000000e+00
    outer loop
      vertex   -2.026704e+01 4.000000e+01 4.629410e+00
      vertex   -2.173296e+01 4.000000e+01 4.629410e+00
      vertex   -2.031699e+01 4.000000e+01 4.750000e+00
    endloop
  endfacet
  facet normal 0.000000e+00 1.000000e+00 0.000000e+00
    outer loop
      vertex   -2.031699e+01 4.000000e+01 4.750000e+00
      vertex   -2.173296e+01 4.000000e+01 4.629410e+00
      vertex   -2.168301e+01 4.000000e+01 4.750000e+00
    endloop
  endfacet
  facet normal 0.000000e+00 1.000000e+00 0.000000e+00
    outer loop
      vertex   -2.031699e+01 4.000000e+01 4.750000e+00
      vertex   -2.168301e+01 4.000000e+01 4.750000e+00
      vertex   -2.039645e+01 4.000000e+01 4.853553e+00
    endloop
  endfacet
  facet normal 0.000000e+00 1.000000e+00 0.000000e+00
    outer loop
      vertex   -2.039645e+01 4.000000e+01 4.853553e+00
      vertex   -2.168301e+01 4.000000e+01 4.750000e+00
      vertex   -2.160355e+01 4.000000e+01 4.853553e+00
    endloop
  endfacet
  facet normal 0.000000e+00 1.000000e+00 0.000000e+00
    outer loop
      vertex   -2.039645e+01 4.000000e+01 4.853553e+00
      vertex   -2.160355e+01 4.000000e+01 4.853553e+00
      vertex   -2.050000e+01 4.000000e+01 4.933013e+00
    endloop
  endfacet
  facet normal 0.000000e+00 1.000000e+00 0.000000e+00
    outer loop
      vertex   -2.050000e+01 4.000000e+01 4.933013e+00
      vertex   -2.160355e+01 4.000000e+01 4.853553e+00
      vertex   -2.150000e+01 4.000000e+01 4.933013e+00
    endloop
  endfacet
  facet normal 0.000000e+00 1.000000e+00 0.000000e+00
    outer loop
      vertex   -2.050000e+01 4.000000e+01 4.933013e+00
      vertex   -2.150000e+01 4.000000e+01 4.933013e+00
      vertex   -2.075000e+01 4.000000e+01 5.000000e+00
    endloop
  endfacet
  facet normal 0.000000e+00 1.000000e+00 0.000000e+00
    outer loop
      vertex   -2.075000e+01 4.000000e+01 5.000000e+00
      vertex   -2.150000e+01 4.000000e+01 4.933013e+00
      vertex   -2.125000e+01 4.000000e+01 5.000000e+00
    endloop
  endfacet
  facet normal 0.000000e+00 1.000000e+00 0.000000e+00
    outer loop
      vertex   -2.125000e+01 4.000000e+01 5.000000e+00
      vertex   -2.150000e+01 4.000000e+01 4.933013e+00
      vertex   -2.137941e+01 4.000000e+01 4.982963e+00
    endloop
  endfacet
  facet normal 0.000000e+00 1.000000e+00 0.000000e+00
    outer loop
      vertex   -2.075000e+01 4.000000e+01 5.000000e+00
      vertex   -2.062059e+01 4.000000e+01 4.982963e+00
      vertex   -2.050000e+01 4.000000e+01 4.933013e+00
    endloop
  endfacet
  facet normal -0.000000e+00 1.000000e+00 0.000000e+00
    outer loop
      vertex   -1.937059e+01 4.000000e+01 -3.482963e+00
      vertex   -1.925000e+01 4.000000e+01 -3.433013e+00
      vertex   -1.700000e+01 4.000000e+01 -5.000000e+00
    endloop
  endfacet
  facet normal 0.000000e+00 1.000000e+00 0.000000e+00
    outer loop
      vertex   -1.700000e+01 4.000000e+01 -5.000000e+00
      vertex   -1.925000e+01 4.000000e+01 -3.433013e+00
      vertex   -1.914645e+01 4.000000e+01 -3.353553e+00
    endloop
  endfacet
  facet normal -0.000000e+00 1.000000e+00 0.000000e+00
    outer loop
      vertex   -1.901704e+01 4.000000e+01 -3.129410e+00
      vertex   -1.900000e+01 4.000000e+01 -3.000000e+00
      vertex   -1.175000e+01 4.000000e+01 -5.000000e+00
    endloop
  endfacet
  facet normal 0.000000e+00 1.000000e+00 -0.000000e+00
    outer loop
      vertex   -1.175000e+01 4.000000e+01 -5.000000e+00
      vertex   -1.900000e+01 4.000000e+01 -3.000000e+00
      vertex   1.900000e+01 4.000000e+01 3.000000e+00
    endloop
  endfacet
  facet normal 0.000000e+00 1.000000e+00 0.000000e+00
    outer loop
      vertex   -1.900000e+01 4.000000e+01 -3.000000e+00
      vertex   -1.900000e+01 4.000000e+01 5.000000e+00
      vertex   1.900000e+01 4.000000e+01 3.000000e+00
    endloop
  endfacet
  facet normal 0.000000e+00 1.000000e+00 0.000000e+00
    outer loop
      vertex   1.900000e+01 4.000000e+01 3.000000e+00
      vertex   -1.900000e+01 4.000000e+01 5.000000e+00
      vertex   1.700000e+01 4.000000e+01 5.000000e+00
    endloop
  endfacet
  facet normal 0.000000e+00 1.000000e+00 0.000000e+00
    outer loop
      vertex   1.900000e+01 4.000000e+01 3.000000e+00
      vertex   1.700000e+01 4.000000e+01 5.000000e+00
      vertex   1.896157e+01 4.000000e+01 3.390181e+00
    endloop
  endfacet
  facet normal 0.000000e+00 1.000000e+00 0.000000e+00
    outer loop
      vertex   1.896157e+01 4.000000e+01 3.390181e+00
      vertex   1.700000e+01 4.000000e+01 5.000000e+00
      vertex   1.884776e+01 4.000000e+01 3.765367e+00
    endloop
  endfacet
  facet normal 0.000000e+00 1.000000e+00 0.000000e+00
    outer loop
      vertex   1.884776e+01 4.000000e+01 3.765367e+00
      vertex   1.700000e+01 4.000000e+01 5.000000e+00
      vertex   1.866294e+01 4.000000e+01 4.111140e+00
    endloop
  endfacet
  facet normal 0.000000e+00 1.000000e+00 0.000000e+00
    outer loop
      vertex   1.866294e+01 4.000000e+01 4.111140e+00
      vertex   1.700000e+01 4.000000e+01 5.000000e+00
      vertex   1.841421e+01 4.000000e+01 4.414214e+00
    endloop
  endfacet
  facet normal 0.000000e+00 1.000000e+00 0.000000e+00
    outer loop
      vertex   1.841421e+01 4.000000e+01 4.414214e+00
      vertex   1.700000e+01 4.000000e+01 5.000000e+00
      vertex   1.811114e+01 4.000000e+01 4.662939e+00
    endloop
  endfacet
  facet normal 0.000000e+00 1.000000e+00 0.000000e+00
    outer loop
      vertex   1.811114e+01 4.000000e+01 4.662939e+00
      vertex   1.700000e+01 4.000000e+01 5.000000e+00
      vertex   1.776537e+01 4.000000e+01 4.847759e+00
    endloop
  endfacet
  facet normal 0.000000e+00 1.000000e+00 0.000000e+00
    outer loop
      vertex   1.776537e+01 4.000000e+01 4.847759e+00
      vertex   1.700000e+01 4.000000e+01 5.000000e+00
      vertex   1.739018e+01 4.000000e+01 4.961571e+00
    endloop
  endfacet
  facet normal 0.000000e+00 1.000000e+00 0.000000e+00
    outer loop
      vertex   1.901704e+01 4.000000e+01 -3.129410e+00
      vertex   1.906699e+01 4.000000e+01 -3.250000e+00
      vertex   1.175000e+01 4.000000e+01 -5.000000e+00
    endloop
  endfacet
  facet normal 0.000000e+00 1.000000e+00 0.000000e+00
    outer loop
      vertex   1.175000e+01 4.000000e+01 -5.000000e+00
      vertex   1.906699e+01 4.000000e+01 -3.250000e+00
      vertex   1.914645e+01 4.000000e+01 -3.353553e+00
    endloop
  endfacet
endsolid
