solid ASCII
  facet normal -9.981756e-01 -6.037850e-02 0.000000e+00
    outer loop
      vertex   1.100000e+01 -4.900000e+01 -1.500000e+01
      vertex   1.100000e+01 -4.900000e+01 -5.000000e+00
      vertex   1.097084e+01 -4.851785e+01 -1.500000e+01
    endloop
  endfacet
  facet normal -9.981756e-01 -6.037850e-02 0.000000e+00
    outer loop
      vertex   1.097084e+01 -4.851785e+01 -1.500000e+01
      vertex   1.100000e+01 -4.900000e+01 -5.000000e+00
      vertex   1.097084e+01 -4.851785e+01 -5.000000e+00
    endloop
  endfacet
  facet normal -9.836199e-01 -1.802550e-01 0.000000e+00
    outer loop
      vertex   1.097084e+01 -4.851785e+01 -1.500000e+01
      vertex   1.097084e+01 -4.851785e+01 -5.000000e+00
      vertex   1.088377e+01 -4.804274e+01 -1.500000e+01
    endloop
  endfacet
  facet normal -9.836199e-01 -1.802550e-01 0.000000e+00
    outer loop
      vertex   1.088377e+01 -4.804274e+01 -1.500000e+01
      vertex   1.097084e+01 -4.851785e+01 -5.000000e+00
      vertex   1.088377e+01 -4.804274e+01 -5.000000e+00
    endloop
  endfacet
  facet normal -9.547209e-01 -2.975031e-01 0.000000e+00
    outer loop
      vertex   1.088377e+01 -4.804274e+01 -1.500000e+01
      vertex   1.088377e+01 -4.804274e+01 -5.000000e+00
      vertex   1.074006e+01 -4.758158e+01 -1.500000e+01
    endloop
  endfacet
  facet normal -9.547209e-01 -2.975031e-01 0.000000e+00
    outer loop
      vertex   1.074006e+01 -4.758158e+01 -1.500000e+01
      vertex   1.088377e+01 -4.804274e+01 -5.000000e+00
      vertex   1.074006e+01 -4.758158e+01 -5.000000e+00
    endloop
  endfacet
  facet normal -9.118998e-01 -4.104128e-01 0.000000e+00
    outer loop
      vertex   1.074006e+01 -4.758158e+01 -1.500000e+01
      vertex   1.074006e+01 -4.758158e+01 -5.000000e+00
      vertex   1.054182e+01 -4.714111e+01 -1.500000e+01
    endloop
  endfacet
  facet normal -9.118998e-01 -4.104128e-01 3.239719e-16
    outer loop
      vertex   1.054182e+01 -4.714111e+01 -1.500000e+01
      vertex   1.074006e+01 -4.758158e+01 -5.000000e+00
      vertex   1.054182e+01 -4.714111e+01 -5.000000e+00
    endloop
  endfacet
  facet normal -8.557813e-01 -5.173378e-01 3.040346e-16
    outer loop
      vertex   1.054182e+01 -4.714111e+01 -1.500000e+01
      vertex   1.054182e+01 -4.714111e+01 -5.000000e+00
      vertex   1.029194e+01 -4.672774e+01 -1.500000e+01
    endloop
  endfacet
  facet normal -8.557813e-01 -5.173378e-01 0.000000e+00
    outer loop
      vertex   1.029194e+01 -4.672774e+01 -1.500000e+01
      vertex   1.054182e+01 -4.714111e+01 -5.000000e+00
      vertex   1.029194e+01 -4.672774e+01 -5.000000e+00
    endloop
  endfacet
  facet normal -7.871835e-01 -6.167189e-01 0.000000e+00
    outer loop
      vertex   1.029194e+01 -4.672774e+01 -1.500000e+01
      vertex   1.029194e+01 -4.672774e+01 -5.000000e+00
      vertex   9.994043e+00 -4.634751e+01 -1.500000e+01
    endloop
  endfacet
  facet normal -7.871835e-01 -6.167189e-01 0.000000e+00
    outer loop
      vertex   9.994043e+00 -4.634751e+01 -1.500000e+01
      vertex   1.029194e+01 -4.672774e+01 -5.000000e+00
      vertex   9.994043e+00 -4.634751e+01 -5.000000e+00
    endloop
  endfacet
  facet normal -7.071068e-01 -7.071068e-01 0.000000e+00
    outer loop
      vertex   9.994043e+00 -4.634751e+01 -1.500000e+01
      vertex   9.994043e+00 -4.634751e+01 -5.000000e+00
      vertex   9.652491e+00 -4.600596e+01 -1.500000e+01
    endloop
  endfacet
  facet normal -7.071068e-01 -7.071068e-01 0.000000e+00
    outer loop
      vertex   9.652491e+00 -4.600596e+01 -1.500000e+01
      vertex   9.994043e+00 -4.634751e+01 -5.000000e+00
      vertex   9.652491e+00 -4.600596e+01 -5.000000e+00
    endloop
  endfacet
  facet normal -6.167189e-01 -7.871835e-01 0.000000e+00
    outer loop
      vertex   9.652491e+00 -4.600596e+01 -1.500000e+01
      vertex   9.652491e+00 -4.600596e+01 -5.000000e+00
      vertex   9.272259e+00 -4.570806e+01 -1.500000e+01
    endloop
  endfacet
  facet normal -6.167189e-01 -7.871835e-01 0.000000e+00
    outer loop
      vertex   9.272259e+00 -4.570806e+01 -1.500000e+01
      vertex   9.652491e+00 -4.600596e+01 -5.000000e+00
      vertex   9.272259e+00 -4.570806e+01 -5.000000e+00
    endloop
  endfacet
  facet normal -5.173378e-01 -8.557813e-01 0.000000e+00
    outer loop
      vertex   9.272259e+00 -4.570806e+01 -1.500000e+01
      vertex   9.272259e+00 -4.570806e+01 -5.000000e+00
      vertex   8.858893e+00 -4.545818e+01 -1.500000e+01
    endloop
  endfacet
  facet normal -5.173378e-01 -8.557813e-01 0.000000e+00
    outer loop
      vertex   8.858893e+00 -4.545818e+01 -1.500000e+01
      vertex   9.272259e+00 -4.570806e+01 -5.000000e+00
      vertex   8.858893e+00 -4.545818e+01 -5.000000e+00
    endloop
  endfacet
  facet normal -4.104128e-01 -9.118998e-01 0.000000e+00
    outer loop
      vertex   8.858893e+00 -4.545818e+01 -1.500000e+01
      vertex   8.858893e+00 -4.545818e+01 -5.000000e+00
      vertex   8.418420e+00 -4.525994e+01 -1.500000e+01
    endloop
  endfacet
  facet normal -4.104128e-01 -9.118998e-01 7.290396e-17
    outer loop
      vertex   8.418420e+00 -4.525994e+01 -1.500000e+01
      vertex   8.858893e+00 -4.545818e+01 -5.000000e+00
      vertex   8.418420e+00 -4.525994e+01 -5.000000e+00
    endloop
  endfacet
  facet normal -2.975031e-01 -9.547209e-01 5.284716e-17
    outer loop
      vertex   8.418420e+00 -4.525994e+01 -1.500000e+01
      vertex   8.418420e+00 -4.525994e+01 -5.000000e+00
      vertex   7.957263e+00 -4.511623e+01 -1.500000e+01
    endloop
  endfacet
  facet normal -2.975031e-01 -9.547209e-01 2.642358e-17
    outer loop
      vertex   7.957263e+00 -4.511623e+01 -1.500000e+01
      vertex   8.418420e+00 -4.525994e+01 -5.000000e+00
      vertex   7.957263e+00 -4.511623e+01 -5.000000e+00
    endloop
  endfacet
  facet normal -1.802550e-01 -9.836199e-01 1.600986e-17
    outer loop
      vertex   7.957263e+00 -4.511623e+01 -1.500000e+01
      vertex   7.957263e+00 -4.511623e+01 -5.000000e+00
      vertex   7.482147e+00 -4.502916e+01 -1.500000e+01
    endloop
  endfacet
  facet normal -1.802550e-01 -9.836199e-01 -6.828941e-16
    outer loop
      vertex   7.482147e+00 -4.502916e+01 -1.500000e+01
      vertex   7.957263e+00 -4.511623e+01 -5.000000e+00
      vertex   7.482147e+00 -4.502916e+01 -5.000000e+00
    endloop
  endfacet
  facet normal -6.037850e-02 -9.981756e-01 -7.038837e-16
    outer loop
      vertex   7.482147e+00 -4.502916e+01 -1.500000e+01
      vertex   7.482147e+00 -4.502916e+01 -5.000000e+00
      vertex   7.000000e+00 -4.500000e+01 -1.500000e+01
    endloop
  endfacet
  facet normal -6.037850e-02 -9.981756e-01 5.362688e-18
    outer loop
      vertex   7.000000e+00 -4.500000e+01 -1.500000e+01
      vertex   7.482147e+00 -4.502916e+01 -5.000000e+00
      vertex   7.000000e+00 -4.500000e+01 -5.000000e+00
    endloop
  endfacet
  facet normal 0.000000e+00 -1.000000e+00 0.000000e+00
    outer loop
      vertex   -7.000000e+00 -4.500000e+01 -1.500000e+01
      vertex   7.000000e+00 -4.500000e+01 -1.500000e+01
      vertex   -7.000000e+00 -4.500000e+01 -5.000000e+00
    endloop
  endfacet
  facet normal 0.000000e+00 -1.000000e+00 0.000000e+00
    outer loop
      vertex   -7.000000e+00 -4.500000e+01 -5.000000e+00
      vertex   7.000000e+00 -4.500000e+01 -1.500000e+01
      vertex   7.000000e+00 -4.500000e+01 -5.000000e+00
    endloop
  endfacet
  facet normal 0.000000e+00 -1.000000e+00 0.000000e+00
    outer loop
      vertex   -7.000000e+00 -4.500000e+01 -5.000000e+00
      vertex   7.000000e+00 -4.500000e+01 -5.000000e+00
      vertex   -7.000000e+00 -4.500000e+01 5.000000e+00
    endloop
  endfacet
  facet normal 0.000000e+00 -1.000000e+00 0.000000e+00
    outer loop
      vertex   -7.000000e+00 -4.500000e+01 5.000000e+00
      vertex   7.000000e+00 -4.500000e+01 -5.000000e+00
      vertex   7.000000e+00 -4.500000e+01 5.000000e+00
    endloop
  endfacet
  facet normal 0.000000e+00 -1.000000e+00 0.000000e+00
    outer loop
      vertex   -7.000000e+00 -4.500000e+01 5.000000e+00
      vertex   7.000000e+00 -4.500000e+01 5.000000e+00
      vertex   -7.000000e+00 -4.500000e+01 1.000000e+01
    endloop
  endfacet
  facet normal 0.000000e+00 -1.000000e+00 0.000000e+00
    outer loop
      vertex   -7.000000e+00 -4.500000e+01 1.000000e+01
      vertex   7.000000e+00 -4.500000e+01 5.000000e+00
      vertex   7.000000e+00 -4.500000e+01 1.000000e+01
    endloop
  endfacet
  facet normal 0.000000e+00 -1.000000e+00 0.000000e+00
    outer loop
      vertex   7.000000e+00 -4.500000e+01 -5.000000e+00
      vertex   1.900000e+01 -4.500000e+01 -5.000000e+00
      vertex   7.000000e+00 -4.500000e+01 5.000000e+00
    endloop
  endfacet
  facet normal 0.000000e+00 -1.000000e+00 0.000000e+00
    outer loop
      vertex   7.000000e+00 -4.500000e+01 5.000000e+00
      vertex   1.900000e+01 -4.500000e+01 -5.000000e+00
      vertex   1.900000e+01 -4.500000e+01 5.000000e+00
    endloop
  endfacet
  facet normal -0.000000e+00 -1.000000e+00 -0.000000e+00
    outer loop
      vertex   -7.000000e+00 -4.500000e+01 5.000000e+00
      vertex   -1.900000e+01 -4.500000e+01 5.000000e+00
      vertex   -7.000000e+00 -4.500000e+01 -5.000000e+00
    endloop
  endfacet
  facet normal 0.000000e+00 -1.000000e+00 0.000000e+00
    outer loop
      vertex   -7.000000e+00 -4.500000e+01 -5.000000e+00
      vertex   -1.900000e+01 -4.500000e+01 5.000000e+00
      vertex   -1.900000e+01 -4.500000e+01 -5.000000e+00
    endloop
  endfacet
  facet normal -6.037850e-02 -9.981756e-01 -1.072538e-17
    outer loop
      vertex   7.000000e+00 -4.500000e+01 1.000000e+01
      vertex   7.000000e+00 -4.500000e+01 5.000000e+00
      vertex   7.482147e+00 -4.502916e+01 1.000000e+01
    endloop
  endfacet
  facet normal -6.037850e-02 -9.981756e-01 1.418493e-15
    outer loop
      vertex   7.482147e+00 -4.502916e+01 1.000000e+01
      vertex   7.000000e+00 -4.500000e+01 5.000000e+00
      vertex   7.482147e+00 -4.502916e+01 5.000000e+00
    endloop
  endfacet
  facet normal -1.802550e-01 -9.836199e-01 1.397808e-15
    outer loop
      vertex   7.482147e+00 -4.502916e+01 1.000000e+01
      vertex   7.482147e+00 -4.502916e+01 5.000000e+00
      vertex   7.957263e+00 -4.511623e+01 1.000000e+01
    endloop
  endfacet
  facet normal -1.802550e-01 -9.836199e-01 -3.201973e-17
    outer loop
      vertex   7.957263e+00 -4.511623e+01 1.000000e+01
      vertex   7.482147e+00 -4.502916e+01 5.000000e+00
      vertex   7.957263e+00 -4.511623e+01 5.000000e+00
    endloop
  endfacet
  facet normal -2.975031e-01 -9.547209e-01 -5.284716e-17
    outer loop
      vertex   7.957263e+00 -4.511623e+01 1.000000e+01
      vertex   7.957263e+00 -4.511623e+01 5.000000e+00
      vertex   8.418420e+00 -4.525994e+01 1.000000e+01
    endloop
  endfacet
  facet normal -2.975031e-01 -9.547209e-01 -0.000000e+00
    outer loop
      vertex   8.418420e+00 -4.525994e+01 1.000000e+01
      vertex   7.957263e+00 -4.511623e+01 5.000000e+00
      vertex   8.418420e+00 -4.525994e+01 5.000000e+00
    endloop
  endfacet
  facet normal -4.104128e-01 -9.118998e-01 -0.000000e+00
    outer loop
      vertex   8.418420e+00 -4.525994e+01 1.000000e+01
      vertex   8.418420e+00 -4.525994e+01 5.000000e+00
      vertex   8.858893e+00 -4.545818e+01 1.000000e+01
    endloop
  endfacet
  facet normal -4.104128e-01 -9.118998e-01 -0.000000e+00
    outer loop
      vertex   8.858893e+00 -4.545818e+01 1.000000e+01
      vertex   8.418420e+00 -4.525994e+01 5.000000e+00
      vertex   8.858893e+00 -4.545818e+01 5.000000e+00
    endloop
  endfacet
  facet normal -5.173378e-01 -8.557813e-01 -0.000000e+00
    outer loop
      vertex   8.858893e+00 -4.545818e+01 1.000000e+01
      vertex   8.858893e+00 -4.545818e+01 5.000000e+00
      vertex   9.272259e+00 -4.570806e+01 1.000000e+01
    endloop
  endfacet
  facet normal -5.173378e-01 -8.557813e-01 -0.000000e+00
    outer loop
      vertex   9.272259e+00 -4.570806e+01 1.000000e+01
      vertex   8.858893e+00 -4.545818e+01 5.000000e+00
      vertex   9.272259e+00 -4.570806e+01 5.000000e+00
    endloop
  endfacet
  facet normal -6.167189e-01 -7.871835e-01 -0.000000e+00
    outer loop
      vertex   9.272259e+00 -4.570806e+01 1.000000e+01
      vertex   9.272259e+00 -4.570806e+01 5.000000e+00
      vertex   9.652491e+00 -4.600596e+01 1.000000e+01
    endloop
  endfacet
  facet normal -6.167189e-01 -7.871835e-01 -2.191026e-16
    outer loop
      vertex   9.652491e+00 -4.600596e+01 1.000000e+01
      vertex   9.272259e+00 -4.570806e+01 5.000000e+00
      vertex   9.652491e+00 -4.600596e+01 5.000000e+00
    endloop
  endfacet
  facet normal -7.071068e-01 -7.071068e-01 -2.512148e-16
    outer loop
      vertex   9.652491e+00 -4.600596e+01 1.000000e+01
      vertex   9.652491e+00 -4.600596e+01 5.000000e+00
      vertex   9.994043e+00 -4.634751e+01 1.000000e+01
    endloop
  endfacet
  facet normal -7.071068e-01 -7.071068e-01 -0.000000e+00
    outer loop
      vertex   9.994043e+00 -4.634751e+01 1.000000e+01
      vertex   9.652491e+00 -4.600596e+01 5.000000e+00
      vertex   9.994043e+00 -4.634751e+01 5.000000e+00
    endloop
  endfacet
  facet normal -7.871835e-01 -6.167189e-01 -0.000000e+00
    outer loop
      vertex   9.994043e+00 -4.634751e+01 1.000000e+01
      vertex   9.994043e+00 -4.634751e+01 5.000000e+00
      vertex   1.029194e+01 -4.672774e+01 1.000000e+01
    endloop
  endfacet
  facet normal -7.871835e-01 -6.167189e-01 -0.000000e+00
    outer loop
      vertex   1.029194e+01 -4.672774e+01 1.000000e+01
      vertex   9.994043e+00 -4.634751e+01 5.000000e+00
      vertex   1.029194e+01 -4.672774e+01 5.000000e+00
    endloop
  endfacet
  facet normal -8.557813e-01 -5.173378e-01 -0.000000e+00
    outer loop
      vertex   1.029194e+01 -4.672774e+01 1.000000e+01
      vertex   1.029194e+01 -4.672774e+01 5.000000e+00
      vertex   1.054182e+01 -4.714111e+01 1.000000e+01
    endloop
  endfacet
  facet normal -8.557813e-01 -5.173378e-01 -0.000000e+00
    outer loop
      vertex   1.054182e+01 -4.714111e+01 1.000000e+01
      vertex   1.029194e+01 -4.672774e+01 5.000000e+00
      vertex   1.054182e+01 -4.714111e+01 5.000000e+00
    endloop
  endfacet
  facet normal -9.118998e-01 -4.104128e-01 -0.000000e+00
    outer loop
      vertex   1.054182e+01 -4.714111e+01 1.000000e+01
      vertex   1.054182e+01 -4.714111e+01 5.000000e+00
      vertex   1.074006e+01 -4.758158e+01 1.000000e+01
    endloop
  endfacet
  facet normal -9.118998e-01 -4.104128e-01 -0.000000e+00
    outer loop
      vertex   1.074006e+01 -4.758158e+01 1.000000e+01
      vertex   1.054182e+01 -4.714111e+01 5.000000e+00
      vertex   1.074006e+01 -4.758158e+01 5.000000e+00
    endloop
  endfacet
  facet normal -9.547209e-01 -2.975031e-01 -0.000000e+00
    outer loop
      vertex   1.074006e+01 -4.758158e+01 1.000000e+01
      vertex   1.074006e+01 -4.758158e+01 5.000000e+00
      vertex   1.088377e+01 -4.804274e+01 1.000000e+01
    endloop
  endfacet
  facet normal -9.547209e-01 -2.975031e-01 -0.000000e+00
    outer loop
      vertex   1.088377e+01 -4.804274e+01 1.000000e+01
      vertex   1.074006e+01 -4.758158e+01 5.000000e+00
      vertex   1.088377e+01 -4.804274e+01 5.000000e+00
    endloop
  endfacet
  facet normal -9.836199e-01 -1.802550e-01 -0.000000e+00
    outer loop
      vertex   1.088377e+01 -4.804274e+01 1.000000e+01
      vertex   1.088377e+01 -4.804274e+01 5.000000e+00
      vertex   1.097084e+01 -4.851785e+01 1.000000e+01
    endloop
  endfacet
  facet normal -9.836199e-01 -1.802550e-01 -0.000000e+00
    outer loop
      vertex   1.097084e+01 -4.851785e+01 1.000000e+01
      vertex   1.088377e+01 -4.804274e+01 5.000000e+00
      vertex   1.097084e+01 -4.851785e+01 5.000000e+00
    endloop
  endfacet
  facet normal -9.981756e-01 -6.037850e-02 -0.000000e+00
    outer loop
      vertex   1.097084e+01 -4.851785e+01 1.000000e+01
      vertex   1.097084e+01 -4.851785e+01 5.000000e+00
      vertex   1.100000e+01 -4.900000e+01 1.000000e+01
    endloop
  endfacet
  facet normal -9.981756e-01 -6.037850e-02 -0.000000e+00
    outer loop
      vertex   1.100000e+01 -4.900000e+01 1.000000e+01
      vertex   1.097084e+01 -4.851785e+01 5.000000e+00
      vertex   1.100000e+01 -4.900000e+01 5.000000e+00
    endloop
  endfacet
  facet normal -1.000000e+00 -0.000000e+00 -0.000000e+00
    outer loop
      vertex   1.100000e+01 -4.900000e+01 1.000000e+01
      vertex   1.100000e+01 -4.900000e+01 5.000000e+00
      vertex   1.100000e+01 -5.300000e+01 1.000000e+01
    endloop
  endfacet
  facet normal -1.000000e+00 0.000000e+00 0.000000e+00
    outer loop
      vertex   1.100000e+01 -5.300000e+01 1.000000e+01
      vertex   1.100000e+01 -4.900000e+01 5.000000e+00
      vertex   1.100000e+01 -5.300000e+01 5.000000e+00
    endloop
  endfacet
  facet normal 6.037850e-02 -9.981756e-01 -1.608806e-17
    outer loop
      vertex   -7.000000e+00 -4.500000e+01 -1.500000e+01
      vertex   -7.000000e+00 -4.500000e+01 -5.000000e+00
      vertex   -7.482147e+00 -4.502916e+01 -1.500000e+01
    endloop
  endfacet
  facet normal 6.037850e-02 -9.981756e-01 -2.145075e-17
    outer loop
      vertex   -7.482147e+00 -4.502916e+01 -1.500000e+01
      vertex   -7.000000e+00 -4.500000e+01 -5.000000e+00
      vertex   -7.482147e+00 -4.502916e+01 -5.000000e+00
    endloop
  endfacet
  facet normal 1.802550e-01 -9.836199e-01 -6.403945e-17
    outer loop
      vertex   -7.482147e+00 -4.502916e+01 -1.500000e+01
      vertex   -7.482147e+00 -4.502916e+01 -5.000000e+00
      vertex   -7.957263e+00 -4.511623e+01 -1.500000e+01
    endloop
  endfacet
  facet normal 1.802550e-01 -9.836199e-01 -3.201973e-17
    outer loop
      vertex   -7.957263e+00 -4.511623e+01 -1.500000e+01
      vertex   -7.482147e+00 -4.502916e+01 -5.000000e+00
      vertex   -7.957263e+00 -4.511623e+01 -5.000000e+00
    endloop
  endfacet
  facet normal 2.975031e-01 -9.547209e-01 -5.284716e-17
    outer loop
      vertex   -7.957263e+00 -4.511623e+01 -1.500000e+01
      vertex   -7.957263e+00 -4.511623e+01 -5.000000e+00
      vertex   -8.418420e+00 -4.525994e+01 -1.500000e+01
    endloop
  endfacet
  facet normal 2.975031e-01 -9.547209e-01 -1.056943e-16
    outer loop
      vertex   -8.418420e+00 -4.525994e+01 -1.500000e+01
      vertex   -7.957263e+00 -4.511623e+01 -5.000000e+00
      vertex   -8.418420e+00 -4.525994e+01 -5.000000e+00
    endloop
  endfacet
  facet normal 4.104128e-01 -9.118998e-01 -1.458079e-16
    outer loop
      vertex   -8.418420e+00 -4.525994e+01 -1.500000e+01
      vertex   -8.418420e+00 -4.525994e+01 -5.000000e+00
      vertex   -8.858893e+00 -4.545818e+01 -1.500000e+01
    endloop
  endfacet
  facet normal 4.104128e-01 -9.118998e-01 -1.458079e-16
    outer loop
      vertex   -8.858893e+00 -4.545818e+01 -1.500000e+01
      vertex   -8.418420e+00 -4.525994e+01 -5.000000e+00
      vertex   -8.858893e+00 -4.545818e+01 -5.000000e+00
    endloop
  endfacet
  facet normal 5.173378e-01 -8.557813e-01 -1.837953e-16
    outer loop
      vertex   -8.858893e+00 -4.545818e+01 -1.500000e+01
      vertex   -8.858893e+00 -4.545818e+01 -5.000000e+00
      vertex   -9.272259e+00 -4.570806e+01 -1.500000e+01
    endloop
  endfacet
  facet normal 5.173378e-01 -8.557813e-01 -9.189766e-17
    outer loop
      vertex   -9.272259e+00 -4.570806e+01 -1.500000e+01
      vertex   -8.858893e+00 -4.545818e+01 -5.000000e+00
      vertex   -9.272259e+00 -4.570806e+01 -5.000000e+00
    endloop
  endfacet
  facet normal 6.167189e-01 -7.871835e-01 -1.095513e-16
    outer loop
      vertex   -9.272259e+00 -4.570806e+01 -1.500000e+01
      vertex   -9.272259e+00 -4.570806e+01 -5.000000e+00
      vertex   -9.652491e+00 -4.600596e+01 -1.500000e+01
    endloop
  endfacet
  facet normal 6.167189e-01 -7.871835e-01 -1.095513e-16
    outer loop
      vertex   -9.652491e+00 -4.600596e+01 -1.500000e+01
      vertex   -9.272259e+00 -4.570806e+01 -5.000000e+00
      vertex   -9.652491e+00 -4.600596e+01 -5.000000e+00
    endloop
  endfacet
  facet normal 7.071068e-01 -7.071068e-01 -1.256074e-16
    outer loop
      vertex   -9.652491e+00 -4.600596e+01 -1.500000e+01
      vertex   -9.652491e+00 -4.600596e+01 -5.000000e+00
      vertex   -9.994043e+00 -4.634751e+01 -1.500000e+01
    endloop
  endfacet
  facet normal 7.071068e-01 -7.071068e-01 -2.512148e-16
    outer loop
      vertex   -9.994043e+00 -4.634751e+01 -1.500000e+01
      vertex   -9.652491e+00 -4.600596e+01 -5.000000e+00
      vertex   -9.994043e+00 -4.634751e+01 -5.000000e+00
    endloop
  endfacet
  facet normal 7.871835e-01 -6.167189e-01 -2.796638e-16
    outer loop
      vertex   -9.994043e+00 -4.634751e+01 -1.500000e+01
      vertex   -9.994043e+00 -4.634751e+01 -5.000000e+00
      vertex   -1.029194e+01 -4.672774e+01 -1.500000e+01
    endloop
  endfacet
  facet normal 7.871835e-01 -6.167189e-01 -4.194956e-16
    outer loop
      vertex   -1.029194e+01 -4.672774e+01 -1.500000e+01
      vertex   -9.994043e+00 -4.634751e+01 -5.000000e+00
      vertex   -1.029194e+01 -4.672774e+01 -5.000000e+00
    endloop
  endfacet
  facet normal 8.557813e-01 -5.173378e-01 -4.560519e-16
    outer loop
      vertex   -1.029194e+01 -4.672774e+01 -1.500000e+01
      vertex   -1.029194e+01 -4.672774e+01 -5.000000e+00
      vertex   -1.054182e+01 -4.714111e+01 -1.500000e+01
    endloop
  endfacet
  facet normal 8.557813e-01 -5.173378e-01 -3.040346e-16
    outer loop
      vertex   -1.054182e+01 -4.714111e+01 -1.500000e+01
      vertex   -1.029194e+01 -4.672774e+01 -5.000000e+00
      vertex   -1.054182e+01 -4.714111e+01 -5.000000e+00
    endloop
  endfacet
  facet normal 9.118998e-01 -4.104128e-01 -3.239719e-16
    outer loop
      vertex   -1.054182e+01 -4.714111e+01 -1.500000e+01
      vertex   -1.054182e+01 -4.714111e+01 -5.000000e+00
      vertex   -1.074006e+01 -4.758158e+01 -1.500000e+01
    endloop
  endfacet
  facet normal 9.118998e-01 -4.104128e-01 -3.239719e-16
    outer loop
      vertex   -1.074006e+01 -4.758158e+01 -1.500000e+01
      vertex   -1.054182e+01 -4.714111e+01 -5.000000e+00
      vertex   -1.074006e+01 -4.758158e+01 -5.000000e+00
    endloop
  endfacet
  facet normal 9.547209e-01 -2.975031e-01 -3.391850e-16
    outer loop
      vertex   -1.074006e+01 -4.758158e+01 -1.500000e+01
      vertex   -1.074006e+01 -4.758158e+01 -5.000000e+00
      vertex   -1.088377e+01 -4.804274e+01 -1.500000e+01
    endloop
  endfacet
  facet normal 9.547209e-01 -2.975031e-01 4.179614e-17
    outer loop
      vertex   -1.088377e+01 -4.804274e+01 -1.500000e+01
      vertex   -1.074006e+01 -4.758158e+01 -5.000000e+00
      vertex   -1.088377e+01 -4.804274e+01 -5.000000e+00
    endloop
  endfacet
  facet normal 9.836199e-01 -1.802550e-01 -4.664709e-17
    outer loop
      vertex   -1.088377e+01 -4.804274e+01 -1.500000e+01
      vertex   -1.088377e+01 -4.804274e+01 -5.000000e+00
      vertex   -1.097084e+01 -4.851785e+01 -1.500000e+01
    endloop
  endfacet
  facet normal 9.836199e-01 -1.802550e-01 -1.747260e-16
    outer loop
      vertex   -1.097084e+01 -4.851785e+01 -1.500000e+01
      vertex   -1.088377e+01 -4.804274e+01 -5.000000e+00
      vertex   -1.097084e+01 -4.851785e+01 -5.000000e+00
    endloop
  endfacet
  facet normal 9.981756e-01 -6.037850e-02 -1.773116e-16
    outer loop
      vertex   -1.097084e+01 -4.851785e+01 -1.500000e+01
      vertex   -1.097084e+01 -4.851785e+01 -5.000000e+00
      vertex   -1.100000e+01 -4.900000e+01 -1.500000e+01
    endloop
  endfacet
  facet normal 9.981756e-01 -6.037850e-02 -1.773116e-16
    outer loop
      vertex   -1.100000e+01 -4.900000e+01 -1.500000e+01
      vertex   -1.097084e+01 -4.851785e+01 -5.000000e+00
      vertex   -1.100000e+01 -4.900000e+01 -5.000000e+00
    endloop
  endfacet
  facet normal 1.000000e+00 0.000000e+00 -1.776357e-16
    outer loop
      vertex   -1.100000e+01 -4.900000e+01 -1.500000e+01
      vertex   -1.100000e+01 -4.900000e+01 -5.000000e+00
      vertex   -1.100000e+01 -5.300000e+01 -1.500000e+01
    endloop
  endfacet
  facet normal 1.000000e+00 0.000000e+00 -1.776357e-16
    outer loop
      vertex   -1.100000e+01 -5.300000e+01 -1.500000e+01
      vertex   -1.100000e+01 -4.900000e+01 -5.000000e+00
      vertex   -1.100000e+01 -5.300000e+01 -5.000000e+00
    endloop
  endfacet
  facet normal 9.981756e-01 -6.037850e-02 7.092464e-16
    outer loop
      vertex   -1.100000e+01 -4.900000e+01 1.000000e+01
      vertex   -1.100000e+01 -4.900000e+01 5.000000e+00
      vertex   -1.097084e+01 -4.851785e+01 1.000000e+01
    endloop
  endfacet
  facet normal 9.981756e-01 -6.037850e-02 3.546232e-16
    outer loop
      vertex   -1.097084e+01 -4.851785e+01 1.000000e+01
      vertex   -1.100000e+01 -4.900000e+01 5.000000e+00
      vertex   -1.097084e+01 -4.851785e+01 5.000000e+00
    endloop
  endfacet
  facet normal 9.836199e-01 -1.802550e-01 3.494520e-16
    outer loop
      vertex   -1.097084e+01 -4.851785e+01 1.000000e+01
      vertex   -1.097084e+01 -4.851785e+01 5.000000e+00
      vertex   -1.088377e+01 -4.804274e+01 1.000000e+01
    endloop
  endfacet
  facet normal 9.836199e-01 -1.802550e-01 9.329417e-17
    outer loop
      vertex   -1.088377e+01 -4.804274e+01 1.000000e+01
      vertex   -1.097084e+01 -4.851785e+01 5.000000e+00
      vertex   -1.088377e+01 -4.804274e+01 5.000000e+00
    endloop
  endfacet
  facet normal 9.547209e-01 -2.975031e-01 -8.359228e-17
    outer loop
      vertex   -1.088377e+01 -4.804274e+01 1.000000e+01
      vertex   -1.088377e+01 -4.804274e+01 5.000000e+00
      vertex   -1.074006e+01 -4.758158e+01 1.000000e+01
    endloop
  endfacet
  facet normal 9.547209e-01 -2.975031e-01 0.000000e+00
    outer loop
      vertex   -1.074006e+01 -4.758158e+01 1.000000e+01
      vertex   -1.088377e+01 -4.804274e+01 5.000000e+00
      vertex   -1.074006e+01 -4.758158e+01 5.000000e+00
    endloop
  endfacet
  facet normal 9.118998e-01 -4.104128e-01 0.000000e+00
    outer loop
      vertex   -1.074006e+01 -4.758158e+01 1.000000e+01
      vertex   -1.074006e+01 -4.758158e+01 5.000000e+00
      vertex   -1.054182e+01 -4.714111e+01 1.000000e+01
    endloop
  endfacet
  facet normal 9.118998e-01 -4.104128e-01 0.000000e+00
    outer loop
      vertex   -1.054182e+01 -4.714111e+01 1.000000e+01
      vertex   -1.074006e+01 -4.758158e+01 5.000000e+00
      vertex   -1.054182e+01 -4.714111e+01 5.000000e+00
    endloop
  endfacet
  facet normal 8.557813e-01 -5.173378e-01 0.000000e+00
    outer loop
      vertex   -1.054182e+01 -4.714111e+01 1.000000e+01
      vertex   -1.054182e+01 -4.714111e+01 5.000000e+00
      vertex   -1.029194e+01 -4.672774e+01 1.000000e+01
    endloop
  endfacet
  facet normal 8.557813e-01 -5.173378e-01 9.121037e-16
    outer loop
      vertex   -1.029194e+01 -4.672774e+01 1.000000e+01
      vertex   -1.054182e+01 -4.714111e+01 5.000000e+00
      vertex   -1.029194e+01 -4.672774e+01 5.000000e+00
    endloop
  endfacet
  facet normal 7.871835e-01 -6.167189e-01 8.389913e-16
    outer loop
      vertex   -1.029194e+01 -4.672774e+01 1.000000e+01
      vertex   -1.029194e+01 -4.672774e+01 5.000000e+00
      vertex   -9.994043e+00 -4.634751e+01 1.000000e+01
    endloop
  endfacet
  facet normal 7.871835e-01 -6.167189e-01 5.593275e-16
    outer loop
      vertex   -9.994043e+00 -4.634751e+01 1.000000e+01
      vertex   -1.029194e+01 -4.672774e+01 5.000000e+00
      vertex   -9.994043e+00 -4.634751e+01 5.000000e+00
    endloop
  endfacet
  facet normal 7.071068e-01 -7.071068e-01 5.024296e-16
    outer loop
      vertex   -9.994043e+00 -4.634751e+01 1.000000e+01
      vertex   -9.994043e+00 -4.634751e+01 5.000000e+00
      vertex   -9.652491e+00 -4.600596e+01 1.000000e+01
    endloop
  endfacet
  facet normal 7.071068e-01 -7.071068e-01 2.512148e-16
    outer loop
      vertex   -9.652491e+00 -4.600596e+01 1.000000e+01
      vertex   -9.994043e+00 -4.634751e+01 5.000000e+00
      vertex   -9.652491e+00 -4.600596e+01 5.000000e+00
    endloop
  endfacet
  facet normal 6.167189e-01 -7.871835e-01 2.191026e-16
    outer loop
      vertex   -9.652491e+00 -4.600596e+01 1.000000e+01
      vertex   -9.652491e+00 -4.600596e+01 5.000000e+00
      vertex   -9.272259e+00 -4.570806e+01 1.000000e+01
    endloop
  endfacet
  facet normal 6.167189e-01 -7.871835e-01 2.191026e-16
    outer loop
      vertex   -9.272259e+00 -4.570806e+01 1.000000e+01
      vertex   -9.652491e+00 -4.600596e+01 5.000000e+00
      vertex   -9.272259e+00 -4.570806e+01 5.000000e+00
    endloop
  endfacet
  facet normal 5.173378e-01 -8.557813e-01 1.837953e-16
    outer loop
      vertex   -9.272259e+00 -4.570806e+01 1.000000e+01
      vertex   -9.272259e+00 -4.570806e+01 5.000000e+00
      vertex   -8.858893e+00 -4.545818e+01 1.000000e+01
    endloop
  endfacet
  facet normal 5.173378e-01 -8.557813e-01 1.837953e-16
    outer loop
      vertex   -8.858893e+00 -4.545818e+01 1.000000e+01
      vertex   -9.272259e+00 -4.570806e+01 5.000000e+00
      vertex   -8.858893e+00 -4.545818e+01 5.000000e+00
    endloop
  endfacet
  facet normal 4.104128e-01 -9.118998e-01 1.458079e-16
    outer loop
      vertex   -8.858893e+00 -4.545818e+01 1.000000e+01
      vertex   -8.858893e+00 -4.545818e+01 5.000000e+00
      vertex   -8.418420e+00 -4.525994e+01 1.000000e+01
    endloop
  endfacet
  facet normal 4.104128e-01 -9.118998e-01 -1.295888e-15
    outer loop
      vertex   -8.418420e+00 -4.525994e+01 1.000000e+01
      vertex   -8.858893e+00 -4.545818e+01 5.000000e+00
      vertex   -8.418420e+00 -4.525994e+01 5.000000e+00
    endloop
  endfacet
  facet normal 2.975031e-01 -9.547209e-01 -1.356740e-15
    outer loop
      vertex   -8.418420e+00 -4.525994e+01 1.000000e+01
      vertex   -8.418420e+00 -4.525994e+01 5.000000e+00
      vertex   -7.957263e+00 -4.511623e+01 1.000000e+01
    endloop
  endfacet
  facet normal 2.975031e-01 -9.547209e-01 1.056943e-16
    outer loop
      vertex   -7.957263e+00 -4.511623e+01 1.000000e+01
      vertex   -8.418420e+00 -4.525994e+01 5.000000e+00
      vertex   -7.957263e+00 -4.511623e+01 5.000000e+00
    endloop
  endfacet
  facet normal 1.802550e-01 -9.836199e-01 6.403945e-17
    outer loop
      vertex   -7.957263e+00 -4.511623e+01 1.000000e+01
      vertex   -7.957263e+00 -4.511623e+01 5.000000e+00
      vertex   -7.482147e+00 -4.502916e+01 1.000000e+01
    endloop
  endfacet
  facet normal 1.802550e-01 -9.836199e-01 6.403945e-17
    outer loop
      vertex   -7.482147e+00 -4.502916e+01 1.000000e+01
      vertex   -7.957263e+00 -4.511623e+01 5.000000e+00
      vertex   -7.482147e+00 -4.502916e+01 5.000000e+00
    endloop
  endfacet
  facet normal 6.037850e-02 -9.981756e-01 2.145075e-17
    outer loop
      vertex   -7.482147e+00 -4.502916e+01 1.000000e+01
      vertex   -7.482147e+00 -4.502916e+01 5.000000e+00
      vertex   -7.000000e+00 -4.500000e+01 1.000000e+01
    endloop
  endfacet
  facet normal 6.037850e-02 -9.981756e-01 2.145075e-17
    outer loop
      vertex   -7.000000e+00 -4.500000e+01 1.000000e+01
      vertex   -7.482147e+00 -4.502916e+01 5.000000e+00
      vertex   -7.000000e+00 -4.500000e+01 5.000000e+00
    endloop
  endfacet
  facet normal 3.748641e-15 4.636820e-15 1.000000e+00
    outer loop
      vertex   -1.303214e+01 -5.135711e+01 1.000000e+01
      vertex   -1.100000e+01 -5.300000e+01 1.000000e+01
      vertex   -1.300000e+01 -5.100000e+01 1.000000e+01
    endloop
  endfacet
  facet normal -8.881784e-16 0.000000e+00 1.000000e+00
    outer loop
      vertex   -1.300000e+01 -5.100000e+01 1.000000e+01
      vertex   -1.100000e+01 -5.300000e+01 1.000000e+01
      vertex   -1.100000e+01 -4.900000e+01 1.000000e+01
    endloop
  endfacet
  facet normal 3.748642e-15 -4.636820e-15 1.000000e+00
    outer loop
      vertex   -1.300000e+01 -5.100000e+01 1.000000e+01
      vertex   -1.100000e+01 -4.900000e+01 1.000000e+01
      vertex   -1.303214e+01 -5.064289e+01 1.000000e+01
    endloop
  endfacet
  facet normal 0.000000e+00 -0.000000e+00 1.000000e+00
    outer loop
      vertex   -1.303214e+01 -5.064289e+01 1.000000e+01
      vertex   -1.100000e+01 -4.900000e+01 1.000000e+01
      vertex   -1.312753e+01 -5.029725e+01 1.000000e+01
    endloop
  endfacet
  facet normal 0.000000e+00 -0.000000e+00 1.000000e+00
    outer loop
      vertex   -1.312753e+01 -5.029725e+01 1.000000e+01
      vertex   -1.100000e+01 -4.900000e+01 1.000000e+01
      vertex   -1.328310e+01 -4.997420e+01 1.000000e+01
    endloop
  endfacet
  facet normal 0.000000e+00 -0.000000e+00 1.000000e+00
    outer loop
      vertex   -1.328310e+01 -4.997420e+01 1.000000e+01
      vertex   -1.100000e+01 -4.900000e+01 1.000000e+01
      vertex   -1.349386e+01 -4.968412e+01 1.000000e+01
    endloop
  endfacet
  facet normal 0.000000e+00 -0.000000e+00 1.000000e+00
    outer loop
      vertex   -1.349386e+01 -4.968412e+01 1.000000e+01
      vertex   -1.100000e+01 -4.900000e+01 1.000000e+01
      vertex   -1.375302e+01 -4.943634e+01 1.000000e+01
    endloop
  endfacet
  facet normal -3.537518e-15 2.231958e-14 1.000000e+00
    outer loop
      vertex   -1.375302e+01 -4.943634e+01 1.000000e+01
      vertex   -1.100000e+01 -4.900000e+01 1.000000e+01
      vertex   -1.097084e+01 -4.851785e+01 1.000000e+01
    endloop
  endfacet
  facet normal 2.553687e-15 3.868671e-15 1.000000e+00
    outer loop
      vertex   -1.375302e+01 -4.943634e+01 1.000000e+01
      vertex   -1.097084e+01 -4.851785e+01 1.000000e+01
      vertex   -1.405226e+01 -4.923881e+01 1.000000e+01
    endloop
  endfacet
  facet normal 3.613778e-15 -6.622494e-16 1.000000e+00
    outer loop
      vertex   -1.405226e+01 -4.923881e+01 1.000000e+01
      vertex   -1.097084e+01 -4.851785e+01 1.000000e+01
      vertex   -1.088377e+01 -4.804274e+01 1.000000e+01
    endloop
  endfacet
  facet normal 1.786227e-15 4.179087e-15 1.000000e+00
    outer loop
      vertex   -1.405226e+01 -4.923881e+01 1.000000e+01
      vertex   -1.088377e+01 -4.804274e+01 1.000000e+01
      vertex   -1.438197e+01 -4.909789e+01 1.000000e+01
    endloop
  endfacet
  facet normal 3.362825e-15 -1.047899e-15 1.000000e+00
    outer loop
      vertex   -1.438197e+01 -4.909789e+01 1.000000e+01
      vertex   -1.088377e+01 -4.804274e+01 1.000000e+01
      vertex   -1.074006e+01 -4.758158e+01 1.000000e+01
    endloop
  endfacet
  facet normal 1.036252e-15 4.540119e-15 1.000000e+00
    outer loop
      vertex   -1.438197e+01 -4.909789e+01 1.000000e+01
      vertex   -1.074006e+01 -4.758158e+01 1.000000e+01
      vertex   -1.473153e+01 -4.901810e+01 1.000000e+01
    endloop
  endfacet
  facet normal 3.186344e-15 -1.434057e-15 1.000000e+00
    outer loop
      vertex   -1.473153e+01 -4.901810e+01 1.000000e+01
      vertex   -1.074006e+01 -4.758158e+01 1.000000e+01
      vertex   -1.054182e+01 -4.714111e+01 1.000000e+01
    endloop
  endfacet
  facet normal 2.317783e-16 5.160944e-15 1.000000e+00
    outer loop
      vertex   -1.473153e+01 -4.901810e+01 1.000000e+01
      vertex   -1.054182e+01 -4.714111e+01 1.000000e+01
      vertex   -1.508973e+01 -4.900201e+01 1.000000e+01
    endloop
  endfacet
  facet normal 3.113731e-15 -1.882316e-15 1.000000e+00
    outer loop
      vertex   -1.508973e+01 -4.900201e+01 1.000000e+01
      vertex   -1.054182e+01 -4.714111e+01 1.000000e+01
      vertex   -1.029194e+01 -4.672774e+01 1.000000e+01
    endloop
  endfacet
  facet normal 3.533849e-15 -2.768594e-15 1.000000e+00
    outer loop
      vertex   -1.508973e+01 -4.900201e+01 1.000000e+01
      vertex   -1.029194e+01 -4.672774e+01 1.000000e+01
      vertex   -9.994043e+00 -4.634751e+01 1.000000e+01
    endloop
  endfacet
  facet normal 0.000000e+00 0.000000e+00 1.000000e+00
    outer loop
      vertex   -1.303214e+01 -5.135711e+01 1.000000e+01
      vertex   -1.312753e+01 -5.170275e+01 1.000000e+01
      vertex   -1.100000e+01 -5.300000e+01 1.000000e+01
    endloop
  endfacet
  facet normal 0.000000e+00 0.000000e+00 1.000000e+00
    outer loop
      vertex   -1.100000e+01 -5.300000e+01 1.000000e+01
      vertex   -1.312753e+01 -5.170275e+01 1.000000e+01
      vertex   -1.328310e+01 -5.202580e+01 1.000000e+01
    endloop
  endfacet
  facet normal 0.000000e+00 0.000000e+00 1.000000e+00
    outer loop
      vertex   -1.100000e+01 -5.300000e+01 1.000000e+01
      vertex   -1.328310e+01 -5.202580e+01 1.000000e+01
      vertex   -1.349386e+01 -5.231588e+01 1.000000e+01
    endloop
  endfacet
  facet normal 0.000000e+00 0.000000e+00 1.000000e+00
    outer loop
      vertex   -1.349386e+01 -5.231588e+01 1.000000e+01
      vertex   -1.375302e+01 -5.256366e+01 1.000000e+01
      vertex   -1.100000e+01 -5.300000e+01 1.000000e+01
    endloop
  endfacet
  facet normal 5.560417e-16 3.508285e-15 1.000000e+00
    outer loop
      vertex   -1.100000e+01 -5.300000e+01 1.000000e+01
      vertex   -1.375302e+01 -5.256366e+01 1.000000e+01
      vertex   -1.103154e+01 -5.350133e+01 1.000000e+01
    endloop
  endfacet
  facet normal -4.288657e-16 6.497038e-16 1.000000e+00
    outer loop
      vertex   -1.103154e+01 -5.350133e+01 1.000000e+01
      vertex   -1.375302e+01 -5.256366e+01 1.000000e+01
      vertex   -1.405226e+01 -5.276119e+01 1.000000e+01
    endloop
  endfacet
  facet normal -5.617985e-16 1.071688e-16 1.000000e+00
    outer loop
      vertex   -1.103154e+01 -5.350133e+01 1.000000e+01
      vertex   -1.405226e+01 -5.276119e+01 1.000000e+01
      vertex   -1.112567e+01 -5.399476e+01 1.000000e+01
    endloop
  endfacet
  facet normal -5.338564e-16 1.734604e-16 1.000000e+00
    outer loop
      vertex   -1.112567e+01 -5.399476e+01 1.000000e+01
      vertex   -1.405226e+01 -5.276119e+01 1.000000e+01
      vertex   -1.128089e+01 -5.447250e+01 1.000000e+01
    endloop
  endfacet
  facet normal -2.621863e-16 6.134153e-16 1.000000e+00
    outer loop
      vertex   -1.128089e+01 -5.447250e+01 1.000000e+01
      vertex   -1.405226e+01 -5.276119e+01 1.000000e+01
      vertex   -1.438197e+01 -5.290211e+01 1.000000e+01
    endloop
  endfacet
  facet normal -4.625882e-16 2.176775e-16 1.000000e+00
    outer loop
      vertex   -1.128089e+01 -5.447250e+01 1.000000e+01
      vertex   -1.438197e+01 -5.290211e+01 1.000000e+01
      vertex   -1.149477e+01 -5.492701e+01 1.000000e+01
    endloop
  endfacet
  facet normal -4.257567e-16 2.701934e-16 1.000000e+00
    outer loop
      vertex   -1.149477e+01 -5.492701e+01 1.000000e+01
      vertex   -1.438197e+01 -5.290211e+01 1.000000e+01
      vertex   -1.176393e+01 -5.535114e+01 1.000000e+01
    endloop
  endfacet
  facet normal -1.330811e-16 5.830664e-16 1.000000e+00
    outer loop
      vertex   -1.176393e+01 -5.535114e+01 1.000000e+01
      vertex   -1.438197e+01 -5.290211e+01 1.000000e+01
      vertex   -1.473153e+01 -5.298190e+01 1.000000e+01
    endloop
  endfacet
  facet normal -3.604907e-16 2.982238e-16 1.000000e+00
    outer loop
      vertex   -1.176393e+01 -5.535114e+01 1.000000e+01
      vertex   -1.473153e+01 -5.298190e+01 1.000000e+01
      vertex   -1.208413e+01 -5.573819e+01 1.000000e+01
    endloop
  endfacet
  facet normal -3.181977e-16 3.388461e-16 1.000000e+00
    outer loop
      vertex   -1.208413e+01 -5.573819e+01 1.000000e+01
      vertex   -1.473153e+01 -5.298190e+01 1.000000e+01
      vertex   -1.245030e+01 -5.608205e+01 1.000000e+01
    endloop
  endfacet
  facet normal -2.712731e-16 3.733753e-16 1.000000e+00
    outer loop
      vertex   -1.245030e+01 -5.608205e+01 1.000000e+01
      vertex   -1.473153e+01 -5.298190e+01 1.000000e+01
      vertex   -1.285669e+01 -5.637731e+01 1.000000e+01
    endloop
  endfacet
  facet normal -2.292678e-17 5.105044e-16 1.000000e+00
    outer loop
      vertex   -1.285669e+01 -5.637731e+01 1.000000e+01
      vertex   -1.473153e+01 -5.298190e+01 1.000000e+01
      vertex   -1.508973e+01 -5.299799e+01 1.000000e+01
    endloop
  endfacet
  facet normal -2.119756e-16 3.855821e-16 1.000000e+00
    outer loop
      vertex   -1.285669e+01 -5.637731e+01 1.000000e+01
      vertex   -1.508973e+01 -5.299799e+01 1.000000e+01
      vertex   -1.329688e+01 -5.661931e+01 1.000000e+01
    endloop
  endfacet
  facet normal -1.623836e-16 4.101342e-16 1.000000e+00
    outer loop
      vertex   -1.329688e+01 -5.661931e+01 1.000000e+01
      vertex   -1.508973e+01 -5.299799e+01 1.000000e+01
      vertex   -1.376393e+01 -5.680423e+01 1.000000e+01
    endloop
  endfacet
  facet normal -1.099903e-16 4.283839e-16 1.000000e+00
    outer loop
      vertex   -1.376393e+01 -5.680423e+01 1.000000e+01
      vertex   -1.508973e+01 -5.299799e+01 1.000000e+01
      vertex   -1.425047e+01 -5.692915e+01 1.000000e+01
    endloop
  endfacet
  facet normal -5.558478e-17 4.399988e-16 1.000000e+00
    outer loop
      vertex   -1.425047e+01 -5.692915e+01 1.000000e+01
      vertex   -1.508973e+01 -5.299799e+01 1.000000e+01
      vertex   -1.474884e+01 -5.699211e+01 1.000000e+01
    endloop
  endfacet
  facet normal 0.000000e+00 4.447429e-16 1.000000e+00
    outer loop
      vertex   -1.474884e+01 -5.699211e+01 1.000000e+01
      vertex   -1.508973e+01 -5.299799e+01 1.000000e+01
      vertex   -1.525116e+01 -5.699211e+01 1.000000e+01
    endloop
  endfacet
  facet normal 5.589868e-17 4.424836e-16 1.000000e+00
    outer loop
      vertex   -1.525116e+01 -5.699211e+01 1.000000e+01
      vertex   -1.508973e+01 -5.299799e+01 1.000000e+01
      vertex   -1.574953e+01 -5.692915e+01 1.000000e+01
    endloop
  endfacet
  facet normal 1.112262e-16 4.331976e-16 1.000000e+00
    outer loop
      vertex   -1.574953e+01 -5.692915e+01 1.000000e+01
      vertex   -1.508973e+01 -5.299799e+01 1.000000e+01
      vertex   -1.623607e+01 -5.680423e+01 1.000000e+01
    endloop
  endfacet
  facet normal 1.650920e-16 4.169747e-16 1.000000e+00
    outer loop
      vertex   -1.623607e+01 -5.680423e+01 1.000000e+01
      vertex   -1.508973e+01 -5.299799e+01 1.000000e+01
      vertex   -1.670312e+01 -5.661931e+01 1.000000e+01
    endloop
  endfacet
  facet normal 2.166144e-16 3.940202e-16 1.000000e+00
    outer loop
      vertex   -1.670312e+01 -5.661931e+01 1.000000e+01
      vertex   -1.508973e+01 -5.299799e+01 1.000000e+01
      vertex   -1.714331e+01 -5.637731e+01 1.000000e+01
    endloop
  endfacet
  facet normal 2.649373e-16 3.646549e-16 1.000000e+00
    outer loop
      vertex   -1.714331e+01 -5.637731e+01 1.000000e+01
      vertex   -1.508973e+01 -5.299799e+01 1.000000e+01
      vertex   -1.754970e+01 -5.608205e+01 1.000000e+01
    endloop
  endfacet
  facet normal 3.092455e-16 3.293130e-16 1.000000e+00
    outer loop
      vertex   -1.754970e+01 -5.608205e+01 1.000000e+01
      vertex   -1.508973e+01 -5.299799e+01 1.000000e+01
      vertex   -1.791587e+01 -5.573819e+01 1.000000e+01
    endloop
  endfacet
  facet normal 7.704823e-17 5.687928e-16 1.000000e+00
    outer loop
      vertex   -1.791587e+01 -5.573819e+01 1.000000e+01
      vertex   -1.508973e+01 -5.299799e+01 1.000000e+01
      vertex   -1.544504e+01 -5.294986e+01 1.000000e+01
    endloop
  endfacet
  facet normal 3.718140e-16 3.075913e-16 1.000000e+00
    outer loop
      vertex   -1.791587e+01 -5.573819e+01 1.000000e+01
      vertex   -1.544504e+01 -5.294986e+01 1.000000e+01
      vertex   -1.823607e+01 -5.535114e+01 1.000000e+01
    endloop
  endfacet
  facet normal 4.116771e-16 2.612582e-16 1.000000e+00
    outer loop
      vertex   -1.823607e+01 -5.535114e+01 1.000000e+01
      vertex   -1.544504e+01 -5.294986e+01 1.000000e+01
      vertex   -1.850523e+01 -5.492701e+01 1.000000e+01
    endloop
  endfacet
  facet normal 1.942381e-16 5.978034e-16 1.000000e+00
    outer loop
      vertex   -1.850523e+01 -5.492701e+01 1.000000e+01
      vertex   -1.544504e+01 -5.294986e+01 1.000000e+01
      vertex   -1.578605e+01 -5.283906e+01 1.000000e+01
    endloop
  endfacet
  facet normal 4.798765e-16 2.258128e-16 1.000000e+00
    outer loop
      vertex   -1.850523e+01 -5.492701e+01 1.000000e+01
      vertex   -1.578605e+01 -5.283906e+01 1.000000e+01
      vertex   -1.871911e+01 -5.447250e+01 1.000000e+01
    endloop
  endfacet
  facet normal 5.128357e-16 1.666304e-16 1.000000e+00
    outer loop
      vertex   -1.871911e+01 -5.447250e+01 1.000000e+01
      vertex   -1.578605e+01 -5.283906e+01 1.000000e+01
      vertex   -1.887433e+01 -5.399476e+01 1.000000e+01
    endloop
  endfacet
  facet normal 3.392622e-16 6.304549e-16 1.000000e+00
    outer loop
      vertex   -1.887433e+01 -5.399476e+01 1.000000e+01
      vertex   -1.578605e+01 -5.283906e+01 1.000000e+01
      vertex   -1.610179e+01 -5.266915e+01 1.000000e+01
    endloop
  endfacet
  facet normal 5.871453e-16 1.120040e-16 1.000000e+00
    outer loop
      vertex   -1.887433e+01 -5.399476e+01 1.000000e+01
      vertex   -1.610179e+01 -5.266915e+01 1.000000e+01
      vertex   -1.896846e+01 -5.350133e+01 1.000000e+01
    endloop
  endfacet
  facet normal 4.542887e-16 5.696601e-16 1.000000e+00
    outer loop
      vertex   -1.896846e+01 -5.350133e+01 1.000000e+01
      vertex   -1.610179e+01 -5.266915e+01 1.000000e+01
      vertex   -1.638213e+01 -5.244559e+01 1.000000e+01
    endloop
  endfacet
  facet normal -2.150671e-15 6.951227e-15 1.000000e+00
    outer loop
      vertex   -1.896846e+01 -5.350133e+01 1.000000e+01
      vertex   -1.638213e+01 -5.244559e+01 1.000000e+01
      vertex   -1.900000e+01 -5.300000e+01 1.000000e+01
    endloop
  endfacet
  facet normal -5.726031e-16 -5.002682e-16 1.000000e+00
    outer loop
      vertex   -1.900000e+01 -5.300000e+01 1.000000e+01
      vertex   -1.638213e+01 -5.244559e+01 1.000000e+01
      vertex   -1.661803e+01 -5.217557e+01 1.000000e+01
    endloop
  endfacet
  facet normal -6.179622e-16 -3.692152e-16 1.000000e+00
    outer loop
      vertex   -1.900000e+01 -5.300000e+01 1.000000e+01
      vertex   -1.661803e+01 -5.217557e+01 1.000000e+01
      vertex   -1.680194e+01 -5.186777e+01 1.000000e+01
    endloop
  endfacet
  facet normal -6.772244e-16 -2.541666e-16 1.000000e+00
    outer loop
      vertex   -1.680194e+01 -5.186777e+01 1.000000e+01
      vertex   -1.692793e+01 -5.153207e+01 1.000000e+01
      vertex   -1.900000e+01 -5.300000e+01 1.000000e+01
    endloop
  endfacet
  facet normal -7.596256e-16 -1.378517e-16 1.000000e+00
    outer loop
      vertex   -1.900000e+01 -5.300000e+01 1.000000e+01
      vertex   -1.692793e+01 -5.153207e+01 1.000000e+01
      vertex   -1.699195e+01 -5.117928e+01 1.000000e+01
    endloop
  endfacet
  facet normal -8.846173e-16 0.000000e+00 1.000000e+00
    outer loop
      vertex   -1.900000e+01 -5.300000e+01 1.000000e+01
      vertex   -1.699195e+01 -5.117928e+01 1.000000e+01
      vertex   -1.699195e+01 -5.082072e+01 1.000000e+01
    endloop
  endfacet
  facet normal -1.101568e-15 1.999052e-16 1.000000e+00
    outer loop
      vertex   -1.699195e+01 -5.082072e+01 1.000000e+01
      vertex   -1.692793e+01 -5.046793e+01 1.000000e+01
      vertex   -1.900000e+01 -5.300000e+01 1.000000e+01
    endloop
  endfacet
  facet normal -1.583529e-15 5.943083e-16 1.000000e+00
    outer loop
      vertex   -1.900000e+01 -5.300000e+01 1.000000e+01
      vertex   -1.692793e+01 -5.046793e+01 1.000000e+01
      vertex   -1.680194e+01 -5.013223e+01 1.000000e+01
    endloop
  endfacet
  facet normal -3.665229e-15 2.189873e-15 1.000000e+00
    outer loop
      vertex   -1.900000e+01 -5.300000e+01 1.000000e+01
      vertex   -1.680194e+01 -5.013223e+01 1.000000e+01
      vertex   -1.661803e+01 -4.982443e+01 1.000000e+01
    endloop
  endfacet
  facet normal -7.457524e-16 0.000000e+00 1.000000e+00
    outer loop
      vertex   -1.900000e+01 -5.300000e+01 1.000000e+01
      vertex   -1.661803e+01 -4.982443e+01 1.000000e+01
      vertex   -1.900000e+01 -3.000000e+01 1.000000e+01
    endloop
  endfacet
  facet normal -9.016102e-17 7.877131e-17 1.000000e+00
    outer loop
      vertex   -1.900000e+01 -3.000000e+01 1.000000e+01
      vertex   -1.661803e+01 -4.982443e+01 1.000000e+01
      vertex   -1.638213e+01 -4.955441e+01 1.000000e+01
    endloop
  endfacet
  facet normal -6.545564e-17 8.207878e-17 1.000000e+00
    outer loop
      vertex   -1.900000e+01 -3.000000e+01 1.000000e+01
      vertex   -1.638213e+01 -4.955441e+01 1.000000e+01
      vertex   -1.610179e+01 -4.933085e+01 1.000000e+01
    endloop
  endfacet
  facet normal -4.575768e-17 8.503203e-17 1.000000e+00
    outer loop
      vertex   -1.610179e+01 -4.933085e+01 1.000000e+01
      vertex   -1.578605e+01 -4.916094e+01 1.000000e+01
      vertex   -1.900000e+01 -3.000000e+01 1.000000e+01
    endloop
  endfacet
  facet normal -2.856555e-17 8.791574e-17 1.000000e+00
    outer loop
      vertex   -1.900000e+01 -3.000000e+01 1.000000e+01
      vertex   -1.578605e+01 -4.916094e+01 1.000000e+01
      vertex   -1.544504e+01 -4.905014e+01 1.000000e+01
    endloop
  endfacet
  facet normal 1.631015e-15 3.976110e-16 1.000000e+00
    outer loop
      vertex   -1.900000e+01 -3.000000e+01 1.000000e+01
      vertex   -1.544504e+01 -4.905014e+01 1.000000e+01
      vertex   -9.652491e+00 -4.600596e+01 1.000000e+01
    endloop
  endfacet
  facet normal 3.877995e-15 -3.877995e-15 1.000000e+00
    outer loop
      vertex   -9.652491e+00 -4.600596e+01 1.000000e+01
      vertex   -1.544504e+01 -4.905014e+01 1.000000e+01
      vertex   -9.994043e+00 -4.634751e+01 1.000000e+01
    endloop
  endfacet
  facet normal -7.350111e-16 5.426070e-15 1.000000e+00
    outer loop
      vertex   -9.994043e+00 -4.634751e+01 1.000000e+01
      vertex   -1.544504e+01 -4.905014e+01 1.000000e+01
      vertex   -1.508973e+01 -4.900201e+01 1.000000e+01
    endloop
  endfacet
  facet normal -6.442190e-15 -5.554012e-15 1.000000e+00
    outer loop
      vertex   1.696786e+01 -5.064289e+01 1.000000e+01
      vertex   1.700000e+01 -5.100000e+01 1.000000e+01
      vertex   1.900000e+01 -5.300000e+01 1.000000e+01
    endloop
  endfacet
  facet normal 3.748642e-15 4.636820e-15 1.000000e+00
    outer loop
      vertex   1.900000e+01 -5.300000e+01 1.000000e+01
      vertex   1.700000e+01 -5.100000e+01 1.000000e+01
      vertex   1.696786e+01 -5.135711e+01 1.000000e+01
    endloop
  endfacet
  facet normal 0.000000e+00 0.000000e+00 1.000000e+00
    outer loop
      vertex   1.900000e+01 -5.300000e+01 1.000000e+01
      vertex   1.696786e+01 -5.135711e+01 1.000000e+01
      vertex   1.687247e+01 -5.170275e+01 1.000000e+01
    endloop
  endfacet
  facet normal 0.000000e+00 0.000000e+00 1.000000e+00
    outer loop
      vertex   1.687247e+01 -5.170275e+01 1.000000e+01
      vertex   1.671690e+01 -5.202580e+01 1.000000e+01
      vertex   1.900000e+01 -5.300000e+01 1.000000e+01
    endloop
  endfacet
  facet normal 0.000000e+00 0.000000e+00 1.000000e+00
    outer loop
      vertex   1.900000e+01 -5.300000e+01 1.000000e+01
      vertex   1.671690e+01 -5.202580e+01 1.000000e+01
      vertex   1.650614e+01 -5.231588e+01 1.000000e+01
    endloop
  endfacet
  facet normal 0.000000e+00 0.000000e+00 1.000000e+00
    outer loop
      vertex   1.900000e+01 -5.300000e+01 1.000000e+01
      vertex   1.650614e+01 -5.231588e+01 1.000000e+01
      vertex   1.624698e+01 -5.256366e+01 1.000000e+01
    endloop
  endfacet
  facet normal 0.000000e+00 0.000000e+00 1.000000e+00
    outer loop
      vertex   1.900000e+01 -5.300000e+01 1.000000e+01
      vertex   1.624698e+01 -5.256366e+01 1.000000e+01
      vertex   1.896846e+01 -5.350133e+01 1.000000e+01
    endloop
  endfacet
  facet normal 0.000000e+00 0.000000e+00 1.000000e+00
    outer loop
      vertex   1.896846e+01 -5.350133e+01 1.000000e+01
      vertex   1.624698e+01 -5.256366e+01 1.000000e+01
      vertex   1.594774e+01 -5.276119e+01 1.000000e+01
    endloop
  endfacet
  facet normal 0.000000e+00 0.000000e+00 1.000000e+00
    outer loop
      vertex   1.896846e+01 -5.350133e+01 1.000000e+01
      vertex   1.594774e+01 -5.276119e+01 1.000000e+01
      vertex   1.887433e+01 -5.399476e+01 1.000000e+01
    endloop
  endfacet
  facet normal 0.000000e+00 0.000000e+00 1.000000e+00
    outer loop
      vertex   1.887433e+01 -5.399476e+01 1.000000e+01
      vertex   1.594774e+01 -5.276119e+01 1.000000e+01
      vertex   1.871911e+01 -5.447250e+01 1.000000e+01
    endloop
  endfacet
  facet normal 0.000000e+00 0.000000e+00 1.000000e+00
    outer loop
      vertex   1.871911e+01 -5.447250e+01 1.000000e+01
      vertex   1.594774e+01 -5.276119e+01 1.000000e+01
      vertex   1.561803e+01 -5.290211e+01 1.000000e+01
    endloop
  endfacet
  facet normal 0.000000e+00 0.000000e+00 1.000000e+00
    outer loop
      vertex   1.871911e+01 -5.447250e+01 1.000000e+01
      vertex   1.561803e+01 -5.290211e+01 1.000000e+01
      vertex   1.850523e+01 -5.492701e+01 1.000000e+01
    endloop
  endfacet
  facet normal 0.000000e+00 0.000000e+00 1.000000e+00
    outer loop
      vertex   1.850523e+01 -5.492701e+01 1.000000e+01
      vertex   1.561803e+01 -5.290211e+01 1.000000e+01
      vertex   1.823607e+01 -5.535114e+01 1.000000e+01
    endloop
  endfacet
  facet normal 0.000000e+00 0.000000e+00 1.000000e+00
    outer loop
      vertex   1.823607e+01 -5.535114e+01 1.000000e+01
      vertex   1.561803e+01 -5.290211e+01 1.000000e+01
      vertex   1.526847e+01 -5.298190e+01 1.000000e+01
    endloop
  endfacet
  facet normal 0.000000e+00 0.000000e+00 1.000000e+00
    outer loop
      vertex   1.823607e+01 -5.535114e+01 1.000000e+01
      vertex   1.526847e+01 -5.298190e+01 1.000000e+01
      vertex   1.791587e+01 -5.573819e+01 1.000000e+01
    endloop
  endfacet
  facet normal 0.000000e+00 0.000000e+00 1.000000e+00
    outer loop
      vertex   1.791587e+01 -5.573819e+01 1.000000e+01
      vertex   1.526847e+01 -5.298190e+01 1.000000e+01
      vertex   1.754970e+01 -5.608205e+01 1.000000e+01
    endloop
  endfacet
  facet normal 0.000000e+00 0.000000e+00 1.000000e+00
    outer loop
      vertex   1.754970e+01 -5.608205e+01 1.000000e+01
      vertex   1.526847e+01 -5.298190e+01 1.000000e+01
      vertex   1.714331e+01 -5.637731e+01 1.000000e+01
    endloop
  endfacet
  facet normal 0.000000e+00 0.000000e+00 1.000000e+00
    outer loop
      vertex   1.714331e+01 -5.637731e+01 1.000000e+01
      vertex   1.526847e+01 -5.298190e+01 1.000000e+01
      vertex   1.491027e+01 -5.299799e+01 1.000000e+01
    endloop
  endfacet
  facet normal 0.000000e+00 0.000000e+00 1.000000e+00
    outer loop
      vertex   1.714331e+01 -5.637731e+01 1.000000e+01
      vertex   1.491027e+01 -5.299799e+01 1.000000e+01
      vertex   1.670312e+01 -5.661931e+01 1.000000e+01
    endloop
  endfacet
  facet normal 0.000000e+00 0.000000e+00 1.000000e+00
    outer loop
      vertex   1.670312e+01 -5.661931e+01 1.000000e+01
      vertex   1.491027e+01 -5.299799e+01 1.000000e+01
      vertex   1.623607e+01 -5.680423e+01 1.000000e+01
    endloop
  endfacet
  facet normal 0.000000e+00 0.000000e+00 1.000000e+00
    outer loop
      vertex   1.623607e+01 -5.680423e+01 1.000000e+01
      vertex   1.491027e+01 -5.299799e+01 1.000000e+01
      vertex   1.574953e+01 -5.692915e+01 1.000000e+01
    endloop
  endfacet
  facet normal 0.000000e+00 0.000000e+00 1.000000e+00
    outer loop
      vertex   1.574953e+01 -5.692915e+01 1.000000e+01
      vertex   1.491027e+01 -5.299799e+01 1.000000e+01
      vertex   1.525116e+01 -5.699211e+01 1.000000e+01
    endloop
  endfacet
  facet normal 0.000000e+00 0.000000e+00 1.000000e+00
    outer loop
      vertex   1.525116e+01 -5.699211e+01 1.000000e+01
      vertex   1.491027e+01 -5.299799e+01 1.000000e+01
      vertex   1.474884e+01 -5.699211e+01 1.000000e+01
    endloop
  endfacet
  facet normal 0.000000e+00 -0.000000e+00 1.000000e+00
    outer loop
      vertex   1.474884e+01 -5.699211e+01 1.000000e+01
      vertex   1.491027e+01 -5.299799e+01 1.000000e+01
      vertex   1.425047e+01 -5.692915e+01 1.000000e+01
    endloop
  endfacet
  facet normal 0.000000e+00 -0.000000e+00 1.000000e+00
    outer loop
      vertex   1.425047e+01 -5.692915e+01 1.000000e+01
      vertex   1.491027e+01 -5.299799e+01 1.000000e+01
      vertex   1.376393e+01 -5.680423e+01 1.000000e+01
    endloop
  endfacet
  facet normal 0.000000e+00 -0.000000e+00 1.000000e+00
    outer loop
      vertex   1.376393e+01 -5.680423e+01 1.000000e+01
      vertex   1.491027e+01 -5.299799e+01 1.000000e+01
      vertex   1.329688e+01 -5.661931e+01 1.000000e+01
    endloop
  endfacet
  facet normal 0.000000e+00 -0.000000e+00 1.000000e+00
    outer loop
      vertex   1.329688e+01 -5.661931e+01 1.000000e+01
      vertex   1.491027e+01 -5.299799e+01 1.000000e+01
      vertex   1.285669e+01 -5.637731e+01 1.000000e+01
    endloop
  endfacet
  facet normal 0.000000e+00 -0.000000e+00 1.000000e+00
    outer loop
      vertex   1.285669e+01 -5.637731e+01 1.000000e+01
      vertex   1.491027e+01 -5.299799e+01 1.000000e+01
      vertex   1.245030e+01 -5.608205e+01 1.000000e+01
    endloop
  endfacet
  facet normal 0.000000e+00 -0.000000e+00 1.000000e+00
    outer loop
      vertex   1.245030e+01 -5.608205e+01 1.000000e+01
      vertex   1.491027e+01 -5.299799e+01 1.000000e+01
      vertex   1.208413e+01 -5.573819e+01 1.000000e+01
    endloop
  endfacet
  facet normal 0.000000e+00 0.000000e+00 1.000000e+00
    outer loop
      vertex   1.208413e+01 -5.573819e+01 1.000000e+01
      vertex   1.491027e+01 -5.299799e+01 1.000000e+01
      vertex   1.455496e+01 -5.294986e+01 1.000000e+01
    endloop
  endfacet
  facet normal 0.000000e+00 -0.000000e+00 1.000000e+00
    outer loop
      vertex   1.208413e+01 -5.573819e+01 1.000000e+01
      vertex   1.455496e+01 -5.294986e+01 1.000000e+01
      vertex   1.176393e+01 -5.535114e+01 1.000000e+01
    endloop
  endfacet
  facet normal 0.000000e+00 -0.000000e+00 1.000000e+00
    outer loop
      vertex   1.176393e+01 -5.535114e+01 1.000000e+01
      vertex   1.455496e+01 -5.294986e+01 1.000000e+01
      vertex   1.149477e+01 -5.492701e+01 1.000000e+01
    endloop
  endfacet
  facet normal 0.000000e+00 0.000000e+00 1.000000e+00
    outer loop
      vertex   1.149477e+01 -5.492701e+01 1.000000e+01
      vertex   1.455496e+01 -5.294986e+01 1.000000e+01
      vertex   1.421395e+01 -5.283906e+01 1.000000e+01
    endloop
  endfacet
  facet normal 0.000000e+00 -0.000000e+00 1.000000e+00
    outer loop
      vertex   1.149477e+01 -5.492701e+01 1.000000e+01
      vertex   1.421395e+01 -5.283906e+01 1.000000e+01
      vertex   1.128089e+01 -5.447250e+01 1.000000e+01
    endloop
  endfacet
  facet normal 0.000000e+00 -0.000000e+00 1.000000e+00
    outer loop
      vertex   1.128089e+01 -5.447250e+01 1.000000e+01
      vertex   1.421395e+01 -5.283906e+01 1.000000e+01
      vertex   1.112567e+01 -5.399476e+01 1.000000e+01
    endloop
  endfacet
  facet normal 0.000000e+00 0.000000e+00 1.000000e+00
    outer loop
      vertex   1.112567e+01 -5.399476e+01 1.000000e+01
      vertex   1.421395e+01 -5.283906e+01 1.000000e+01
      vertex   1.389821e+01 -5.266915e+01 1.000000e+01
    endloop
  endfacet
  facet normal 0.000000e+00 -0.000000e+00 1.000000e+00
    outer loop
      vertex   1.112567e+01 -5.399476e+01 1.000000e+01
      vertex   1.389821e+01 -5.266915e+01 1.000000e+01
      vertex   1.103154e+01 -5.350133e+01 1.000000e+01
    endloop
  endfacet
  facet normal 0.000000e+00 0.000000e+00 1.000000e+00
    outer loop
      vertex   1.103154e+01 -5.350133e+01 1.000000e+01
      vertex   1.389821e+01 -5.266915e+01 1.000000e+01
      vertex   1.361787e+01 -5.244559e+01 1.000000e+01
    endloop
  endfacet
  facet normal -1.410149e-15 3.454549e-15 1.000000e+00
    outer loop
      vertex   1.103154e+01 -5.350133e+01 1.000000e+01
      vertex   1.361787e+01 -5.244559e+01 1.000000e+01
      vertex   1.100000e+01 -5.300000e+01 1.000000e+01
    endloop
  endfacet
  facet normal -5.726030e-16 -5.002682e-16 1.000000e+00
    outer loop
      vertex   1.100000e+01 -5.300000e+01 1.000000e+01
      vertex   1.361787e+01 -5.244559e+01 1.000000e+01
      vertex   1.338197e+01 -5.217557e+01 1.000000e+01
    endloop
  endfacet
  facet normal -6.179622e-16 -3.692152e-16 1.000000e+00
    outer loop
      vertex   1.100000e+01 -5.300000e+01 1.000000e+01
      vertex   1.338197e+01 -5.217557e+01 1.000000e+01
      vertex   1.319806e+01 -5.186777e+01 1.000000e+01
    endloop
  endfacet
  facet normal -6.772243e-16 -2.541665e-16 1.000000e+00
    outer loop
      vertex   1.319806e+01 -5.186777e+01 1.000000e+01
      vertex   1.307207e+01 -5.153207e+01 1.000000e+01
      vertex   1.100000e+01 -5.300000e+01 1.000000e+01
    endloop
  endfacet
  facet normal -7.596256e-16 -1.378517e-16 1.000000e+00
    outer loop
      vertex   1.100000e+01 -5.300000e+01 1.000000e+01
      vertex   1.307207e+01 -5.153207e+01 1.000000e+01
      vertex   1.300805e+01 -5.117928e+01 1.000000e+01
    endloop
  endfacet
  facet normal -8.846172e-16 0.000000e+00 1.000000e+00
    outer loop
      vertex   1.100000e+01 -5.300000e+01 1.000000e+01
      vertex   1.300805e+01 -5.117928e+01 1.000000e+01
      vertex   1.100000e+01 -4.900000e+01 1.000000e+01
    endloop
  endfacet
  facet normal -8.846172e-16 0.000000e+00 1.000000e+00
    outer loop
      vertex   1.100000e+01 -4.900000e+01 1.000000e+01
      vertex   1.300805e+01 -5.117928e+01 1.000000e+01
      vertex   1.300805e+01 -5.082072e+01 1.000000e+01
    endloop
  endfacet
  facet normal -7.596256e-16 1.378517e-16 1.000000e+00
    outer loop
      vertex   1.100000e+01 -4.900000e+01 1.000000e+01
      vertex   1.300805e+01 -5.082072e+01 1.000000e+01
      vertex   1.307207e+01 -5.046793e+01 1.000000e+01
    endloop
  endfacet
  facet normal -6.772243e-16 2.541665e-16 1.000000e+00
    outer loop
      vertex   1.307207e+01 -5.046793e+01 1.000000e+01
      vertex   1.319806e+01 -5.013223e+01 1.000000e+01
      vertex   1.100000e+01 -4.900000e+01 1.000000e+01
    endloop
  endfacet
  facet normal -6.179622e-16 3.692152e-16 1.000000e+00
    outer loop
      vertex   1.100000e+01 -4.900000e+01 1.000000e+01
      vertex   1.319806e+01 -5.013223e+01 1.000000e+01
      vertex   1.338197e+01 -4.982443e+01 1.000000e+01
    endloop
  endfacet
  facet normal -5.726030e-16 5.002682e-16 1.000000e+00
    outer loop
      vertex   1.100000e+01 -4.900000e+01 1.000000e+01
      vertex   1.338197e+01 -4.982443e+01 1.000000e+01
      vertex   1.361787e+01 -4.955441e+01 1.000000e+01
    endloop
  endfacet
  facet normal -1.477729e-15 -3.773652e-15 1.000000e+00
    outer loop
      vertex   1.100000e+01 -4.900000e+01 1.000000e+01
      vertex   1.361787e+01 -4.955441e+01 1.000000e+01
      vertex   1.097084e+01 -4.851785e+01 1.000000e+01
    endloop
  endfacet
  facet normal 0.000000e+00 0.000000e+00 1.000000e+00
    outer loop
      vertex   1.097084e+01 -4.851785e+01 1.000000e+01
      vertex   1.361787e+01 -4.955441e+01 1.000000e+01
      vertex   1.389821e+01 -4.933085e+01 1.000000e+01
    endloop
  endfacet
  facet normal 0.000000e+00 0.000000e+00 1.000000e+00
    outer loop
      vertex   1.097084e+01 -4.851785e+01 1.000000e+01
      vertex   1.389821e+01 -4.933085e+01 1.000000e+01
      vertex   1.421395e+01 -4.916094e+01 1.000000e+01
    endloop
  endfacet
  facet normal -0.000000e+00 -0.000000e+00 1.000000e+00
    outer loop
      vertex   1.097084e+01 -4.851785e+01 1.000000e+01
      vertex   1.421395e+01 -4.916094e+01 1.000000e+01
      vertex   1.088377e+01 -4.804274e+01 1.000000e+01
    endloop
  endfacet
  facet normal 0.000000e+00 0.000000e+00 1.000000e+00
    outer loop
      vertex   1.088377e+01 -4.804274e+01 1.000000e+01
      vertex   1.421395e+01 -4.916094e+01 1.000000e+01
      vertex   1.455496e+01 -4.905014e+01 1.000000e+01
    endloop
  endfacet
  facet normal -0.000000e+00 -0.000000e+00 1.000000e+00
    outer loop
      vertex   1.088377e+01 -4.804274e+01 1.000000e+01
      vertex   1.455496e+01 -4.905014e+01 1.000000e+01
      vertex   1.074006e+01 -4.758158e+01 1.000000e+01
    endloop
  endfacet
  facet normal -0.000000e+00 -0.000000e+00 1.000000e+00
    outer loop
      vertex   1.074006e+01 -4.758158e+01 1.000000e+01
      vertex   1.455496e+01 -4.905014e+01 1.000000e+01
      vertex   1.054182e+01 -4.714111e+01 1.000000e+01
    endloop
  endfacet
  facet normal 0.000000e+00 0.000000e+00 1.000000e+00
    outer loop
      vertex   1.054182e+01 -4.714111e+01 1.000000e+01
      vertex   1.455496e+01 -4.905014e+01 1.000000e+01
      vertex   1.491027e+01 -4.900201e+01 1.000000e+01
    endloop
  endfacet
  facet normal -0.000000e+00 -0.000000e+00 1.000000e+00
    outer loop
      vertex   1.054182e+01 -4.714111e+01 1.000000e+01
      vertex   1.491027e+01 -4.900201e+01 1.000000e+01
      vertex   1.029194e+01 -4.672774e+01 1.000000e+01
    endloop
  endfacet
  facet normal 0.000000e+00 0.000000e+00 1.000000e+00
    outer loop
      vertex   1.029194e+01 -4.672774e+01 1.000000e+01
      vertex   1.491027e+01 -4.900201e+01 1.000000e+01
      vertex   1.526847e+01 -4.901810e+01 1.000000e+01
    endloop
  endfacet
  facet normal -0.000000e+00 -0.000000e+00 1.000000e+00
    outer loop
      vertex   1.029194e+01 -4.672774e+01 1.000000e+01
      vertex   1.526847e+01 -4.901810e+01 1.000000e+01
      vertex   9.994043e+00 -4.634751e+01 1.000000e+01
    endloop
  endfacet
  facet normal -0.000000e+00 -0.000000e+00 1.000000e+00
    outer loop
      vertex   9.994043e+00 -4.634751e+01 1.000000e+01
      vertex   1.526847e+01 -4.901810e+01 1.000000e+01
      vertex   9.652491e+00 -4.600596e+01 1.000000e+01
    endloop
  endfacet
  facet normal 0.000000e+00 0.000000e+00 1.000000e+00
    outer loop
      vertex   9.652491e+00 -4.600596e+01 1.000000e+01
      vertex   1.526847e+01 -4.901810e+01 1.000000e+01
      vertex   1.561803e+01 -4.909789e+01 1.000000e+01
    endloop
  endfacet
  facet normal -0.000000e+00 0.000000e+00 1.000000e+00
    outer loop
      vertex   9.652491e+00 -4.600596e+01 1.000000e+01
      vertex   1.561803e+01 -4.909789e+01 1.000000e+01
      vertex   1.900000e+01 -3.000000e+01 1.000000e+01
    endloop
  endfacet
  facet normal 0.000000e+00 0.000000e+00 1.000000e+00
    outer loop
      vertex   1.900000e+01 -3.000000e+01 1.000000e+01
      vertex   1.561803e+01 -4.909789e+01 1.000000e+01
      vertex   1.594774e+01 -4.923881e+01 1.000000e+01
    endloop
  endfacet
  facet normal 0.000000e+00 0.000000e+00 1.000000e+00
    outer loop
      vertex   1.900000e+01 -3.000000e+01 1.000000e+01
      vertex   1.594774e+01 -4.923881e+01 1.000000e+01
      vertex   1.624698e+01 -4.943634e+01 1.000000e+01
    endloop
  endfacet
  facet normal -0.000000e+00 0.000000e+00 1.000000e+00
    outer loop
      vertex   1.624698e+01 -4.943634e+01 1.000000e+01
      vertex   1.650614e+01 -4.968412e+01 1.000000e+01
      vertex   1.900000e+01 -3.000000e+01 1.000000e+01
    endloop
  endfacet
  facet normal 0.000000e+00 0.000000e+00 1.000000e+00
    outer loop
      vertex   1.900000e+01 -3.000000e+01 1.000000e+01
      vertex   1.650614e+01 -4.968412e+01 1.000000e+01
      vertex   1.671690e+01 -4.997420e+01 1.000000e+01
    endloop
  endfacet
  facet normal 0.000000e+00 0.000000e+00 1.000000e+00
    outer loop
      vertex   1.900000e+01 -3.000000e+01 1.000000e+01
      vertex   1.671690e+01 -4.997420e+01 1.000000e+01
      vertex   1.900000e+01 -5.300000e+01 1.000000e+01
    endloop
  endfacet
  facet normal 0.000000e+00 0.000000e+00 1.000000e+00
    outer loop
      vertex   1.900000e+01 -5.300000e+01 1.000000e+01
      vertex   1.671690e+01 -4.997420e+01 1.000000e+01
      vertex   1.687247e+01 -5.029725e+01 1.000000e+01
    endloop
  endfacet
  facet normal 0.000000e+00 0.000000e+00 1.000000e+00
    outer loop
      vertex   1.900000e+01 -5.300000e+01 1.000000e+01
      vertex   1.687247e+01 -5.029725e+01 1.000000e+01
      vertex   1.696786e+01 -5.064289e+01 1.000000e+01
    endloop
  endfacet
  facet normal 2.982706e-16 -3.807143e-16 1.000000e+00
    outer loop
      vertex   -9.652491e+00 -4.600596e+01 1.000000e+01
      vertex   -9.272259e+00 -4.570806e+01 1.000000e+01
      vertex   -1.900000e+01 -3.000000e+01 1.000000e+01
    endloop
  endfacet
  facet normal 2.487055e-16 -4.114092e-16 1.000000e+00
    outer loop
      vertex   -1.900000e+01 -3.000000e+01 1.000000e+01
      vertex   -9.272259e+00 -4.570806e+01 1.000000e+01
      vertex   -8.858893e+00 -4.545818e+01 1.000000e+01
    endloop
  endfacet
  facet normal 1.996455e-16 -4.435942e-16 1.000000e+00
    outer loop
      vertex   -1.900000e+01 -3.000000e+01 1.000000e+01
      vertex   -8.858893e+00 -4.545818e+01 1.000000e+01
      vertex   -8.418420e+00 -4.525994e+01 1.000000e+01
    endloop
  endfacet
  facet normal 1.491423e-16 -4.786143e-16 1.000000e+00
    outer loop
      vertex   -8.418420e+00 -4.525994e+01 1.000000e+01
      vertex   -7.957263e+00 -4.511623e+01 1.000000e+01
      vertex   -1.900000e+01 -3.000000e+01 1.000000e+01
    endloop
  endfacet
  facet normal 9.496254e-17 -5.181938e-16 1.000000e+00
    outer loop
      vertex   -1.900000e+01 -3.000000e+01 1.000000e+01
      vertex   -7.957263e+00 -4.511623e+01 1.000000e+01
      vertex   -7.482147e+00 -4.502916e+01 1.000000e+01
    endloop
  endfacet
  facet normal -2.109209e-14 -1.675525e-14 1.000000e+00
    outer loop
      vertex   -1.900000e+01 -3.000000e+01 1.000000e+01
      vertex   -7.482147e+00 -4.502916e+01 1.000000e+01
      vertex   -7.000000e+00 -4.500000e+01 1.000000e+01
    endloop
  endfacet
  facet normal -0.000000e+00 1.184238e-16 1.000000e+00
    outer loop
      vertex   -7.000000e+00 -4.500000e+01 1.000000e+01
      vertex   7.000000e+00 -4.500000e+01 1.000000e+01
      vertex   -1.900000e+01 -3.000000e+01 1.000000e+01
    endloop
  endfacet
  facet normal -9.349247e-17 -4.362982e-17 1.000000e+00
    outer loop
      vertex   -1.900000e+01 -3.000000e+01 1.000000e+01
      vertex   7.000000e+00 -4.500000e+01 1.000000e+01
      vertex   1.900000e+01 -3.000000e+01 1.000000e+01
    endloop
  endfacet
  facet normal -3.521042e-15 2.698410e-15 1.000000e+00
    outer loop
      vertex   1.900000e+01 -3.000000e+01 1.000000e+01
      vertex   7.000000e+00 -4.500000e+01 1.000000e+01
      vertex   7.482147e+00 -4.502916e+01 1.000000e+01
    endloop
  endfacet
  facet normal 0.000000e+00 0.000000e+00 1.000000e+00
    outer loop
      vertex   1.900000e+01 -3.000000e+01 1.000000e+01
      vertex   7.482147e+00 -4.502916e+01 1.000000e+01
      vertex   7.957263e+00 -4.511623e+01 1.000000e+01
    endloop
  endfacet
  facet normal -0.000000e+00 0.000000e+00 1.000000e+00
    outer loop
      vertex   7.957263e+00 -4.511623e+01 1.000000e+01
      vertex   8.418420e+00 -4.525994e+01 1.000000e+01
      vertex   1.900000e+01 -3.000000e+01 1.000000e+01
    endloop
  endfacet
  facet normal 0.000000e+00 0.000000e+00 1.000000e+00
    outer loop
      vertex   1.900000e+01 -3.000000e+01 1.000000e+01
      vertex   8.418420e+00 -4.525994e+01 1.000000e+01
      vertex   8.858893e+00 -4.545818e+01 1.000000e+01
    endloop
  endfacet
  facet normal 0.000000e+00 0.000000e+00 1.000000e+00
    outer loop
      vertex   1.900000e+01 -3.000000e+01 1.000000e+01
      vertex   8.858893e+00 -4.545818e+01 1.000000e+01
      vertex   9.272259e+00 -4.570806e+01 1.000000e+01
    endloop
  endfacet
  facet normal -0.000000e+00 0.000000e+00 1.000000e+00
    outer loop
      vertex   9.272259e+00 -4.570806e+01 1.000000e+01
      vertex   9.652491e+00 -4.600596e+01 1.000000e+01
      vertex   1.900000e+01 -3.000000e+01 1.000000e+01
    endloop
  endfacet
  facet normal 9.980267e-01 -6.279052e-02 7.091406e-16
    outer loop
      vertex   -1.100000e+01 -5.300000e+01 5.000000e+00
      vertex   -1.100000e+01 -5.300000e+01 1.000000e+01
      vertex   -1.103154e+01 -5.350133e+01 5.000000e+00
    endloop
  endfacet
  facet normal 9.980267e-01 -6.279052e-02 -8.923070e-17
    outer loop
      vertex   -1.103154e+01 -5.350133e+01 5.000000e+00
      vertex   -1.100000e+01 -5.300000e+01 1.000000e+01
      vertex   -1.103154e+01 -5.350133e+01 1.000000e+01
    endloop
  endfacet
  facet normal 9.822873e-01 -1.873813e-01 -2.662849e-16
    outer loop
      vertex   -1.103154e+01 -5.350133e+01 5.000000e+00
      vertex   -1.103154e+01 -5.350133e+01 1.000000e+01
      vertex   -1.112567e+01 -5.399476e+01 5.000000e+00
    endloop
  endfacet
  facet normal 9.822873e-01 -1.873813e-01 -6.152634e-16
    outer loop
      vertex   -1.112567e+01 -5.399476e+01 5.000000e+00
      vertex   -1.103154e+01 -5.350133e+01 1.000000e+01
      vertex   -1.112567e+01 -5.399476e+01 1.000000e+01
    endloop
  endfacet
  facet normal 9.510565e-01 -3.090170e-01 -7.770227e-16
    outer loop
      vertex   -1.112567e+01 -5.399476e+01 5.000000e+00
      vertex   -1.112567e+01 -5.399476e+01 1.000000e+01
      vertex   -1.128089e+01 -5.447250e+01 5.000000e+00
    endloop
  endfacet
  facet normal 9.510565e-01 -3.090170e-01 0.000000e+00
    outer loop
      vertex   -1.128089e+01 -5.447250e+01 5.000000e+00
      vertex   -1.112567e+01 -5.399476e+01 1.000000e+01
      vertex   -1.128089e+01 -5.447250e+01 1.000000e+01
    endloop
  endfacet
  facet normal 9.048271e-01 -4.257793e-01 0.000000e+00
    outer loop
      vertex   -1.128089e+01 -5.447250e+01 5.000000e+00
      vertex   -1.128089e+01 -5.447250e+01 1.000000e+01
      vertex   -1.149477e+01 -5.492701e+01 5.000000e+00
    endloop
  endfacet
  facet normal 9.048271e-01 -4.257793e-01 0.000000e+00
    outer loop
      vertex   -1.149477e+01 -5.492701e+01 5.000000e+00
      vertex   -1.128089e+01 -5.447250e+01 1.000000e+01
      vertex   -1.149477e+01 -5.492701e+01 1.000000e+01
    endloop
  endfacet
  facet normal 8.443279e-01 -5.358268e-01 0.000000e+00
    outer loop
      vertex   -1.149477e+01 -5.492701e+01 5.000000e+00
      vertex   -1.149477e+01 -5.492701e+01 1.000000e+01
      vertex   -1.176393e+01 -5.535114e+01 5.000000e+00
    endloop
  endfacet
  facet normal 8.443279e-01 -5.358268e-01 0.000000e+00
    outer loop
      vertex   -1.176393e+01 -5.535114e+01 5.000000e+00
      vertex   -1.149477e+01 -5.492701e+01 1.000000e+01
      vertex   -1.176393e+01 -5.535114e+01 1.000000e+01
    endloop
  endfacet
  facet normal 7.705132e-01 -6.374240e-01 0.000000e+00
    outer loop
      vertex   -1.176393e+01 -5.535114e+01 5.000000e+00
      vertex   -1.176393e+01 -5.535114e+01 1.000000e+01
      vertex   -1.208413e+01 -5.573819e+01 5.000000e+00
    endloop
  endfacet
  facet normal 7.705132e-01 -6.374240e-01 2.737413e-16
    outer loop
      vertex   -1.208413e+01 -5.573819e+01 5.000000e+00
      vertex   -1.176393e+01 -5.535114e+01 1.000000e+01
      vertex   -1.208413e+01 -5.573819e+01 1.000000e+01
    endloop
  endfacet
  facet normal 6.845471e-01 -7.289686e-01 2.432000e-16
    outer loop
      vertex   -1.208413e+01 -5.573819e+01 5.000000e+00
      vertex   -1.208413e+01 -5.573819e+01 1.000000e+01
      vertex   -1.245030e+01 -5.608205e+01 5.000000e+00
    endloop
  endfacet
  facet normal 6.845471e-01 -7.289686e-01 2.432000e-16
    outer loop
      vertex   -1.245030e+01 -5.608205e+01 5.000000e+00
      vertex   -1.208413e+01 -5.573819e+01 1.000000e+01
      vertex   -1.245030e+01 -5.608205e+01 1.000000e+01
    endloop
  endfacet
  facet normal 5.877853e-01 -8.090170e-01 2.088233e-16
    outer loop
      vertex   -1.245030e+01 -5.608205e+01 5.000000e+00
      vertex   -1.245030e+01 -5.608205e+01 1.000000e+01
      vertex   -1.285669e+01 -5.637731e+01 5.000000e+00
    endloop
  endfacet
  facet normal 5.877853e-01 -8.090170e-01 0.000000e+00
    outer loop
      vertex   -1.285669e+01 -5.637731e+01 5.000000e+00
      vertex   -1.245030e+01 -5.608205e+01 1.000000e+01
      vertex   -1.285669e+01 -5.637731e+01 1.000000e+01
    endloop
  endfacet
  facet normal 4.817537e-01 -8.763067e-01 0.000000e+00
    outer loop
      vertex   -1.285669e+01 -5.637731e+01 5.000000e+00
      vertex   -1.285669e+01 -5.637731e+01 1.000000e+01
      vertex   -1.329688e+01 -5.661931e+01 5.000000e+00
    endloop
  endfacet
  facet normal 4.817537e-01 -8.763067e-01 3.423066e-16
    outer loop
      vertex   -1.329688e+01 -5.661931e+01 5.000000e+00
      vertex   -1.285669e+01 -5.637731e+01 1.000000e+01
      vertex   -1.329688e+01 -5.661931e+01 1.000000e+01
    endloop
  endfacet
  facet normal 3.681246e-01 -9.297765e-01 2.615682e-16
    outer loop
      vertex   -1.329688e+01 -5.661931e+01 5.000000e+00
      vertex   -1.329688e+01 -5.661931e+01 1.000000e+01
      vertex   -1.376393e+01 -5.680423e+01 5.000000e+00
    endloop
  endfacet
  facet normal 3.681246e-01 -9.297765e-01 1.307841e-16
    outer loop
      vertex   -1.376393e+01 -5.680423e+01 5.000000e+00
      vertex   -1.329688e+01 -5.661931e+01 1.000000e+01
      vertex   -1.376393e+01 -5.680423e+01 1.000000e+01
    endloop
  endfacet
  facet normal 2.486899e-01 -9.685832e-01 8.835240e-17
    outer loop
      vertex   -1.376393e+01 -5.680423e+01 5.000000e+00
      vertex   -1.376393e+01 -5.680423e+01 1.000000e+01
      vertex   -1.425047e+01 -5.692915e+01 5.000000e+00
    endloop
  endfacet
  facet normal 2.486899e-01 -9.685832e-01 -1.288087e-15
    outer loop
      vertex   -1.425047e+01 -5.692915e+01 5.000000e+00
      vertex   -1.376393e+01 -5.680423e+01 1.000000e+01
      vertex   -1.425047e+01 -5.692915e+01 1.000000e+01
    endloop
  endfacet
  facet normal 1.253332e-01 -9.921147e-01 -1.365352e-15
    outer loop
      vertex   -1.425047e+01 -5.692915e+01 5.000000e+00
      vertex   -1.425047e+01 -5.692915e+01 1.000000e+01
      vertex   -1.474884e+01 -5.699211e+01 5.000000e+00
    endloop
  endfacet
  facet normal 1.253332e-01 -9.921147e-01 -8.905462e-17
    outer loop
      vertex   -1.474884e+01 -5.699211e+01 5.000000e+00
      vertex   -1.425047e+01 -5.692915e+01 1.000000e+01
      vertex   -1.474884e+01 -5.699211e+01 1.000000e+01
    endloop
  endfacet
  facet normal 0.000000e+00 -1.000000e+00 0.000000e+00
    outer loop
      vertex   -1.474884e+01 -5.699211e+01 5.000000e+00
      vertex   -1.474884e+01 -5.699211e+01 1.000000e+01
      vertex   -1.525116e+01 -5.699211e+01 5.000000e+00
    endloop
  endfacet
  facet normal 0.000000e+00 -1.000000e+00 0.000000e+00
    outer loop
      vertex   -1.525116e+01 -5.699211e+01 5.000000e+00
      vertex   -1.474884e+01 -5.699211e+01 1.000000e+01
      vertex   -1.525116e+01 -5.699211e+01 1.000000e+01
    endloop
  endfacet
  facet normal -1.253332e-01 -9.921147e-01 -4.452731e-17
    outer loop
      vertex   -1.525116e+01 -5.699211e+01 5.000000e+00
      vertex   -1.525116e+01 -5.699211e+01 1.000000e+01
      vertex   -1.574953e+01 -5.692915e+01 5.000000e+00
    endloop
  endfacet
  facet normal -1.253332e-01 -9.921147e-01 1.409880e-15
    outer loop
      vertex   -1.574953e+01 -5.692915e+01 5.000000e+00
      vertex   -1.525116e+01 -5.699211e+01 1.000000e+01
      vertex   -1.574953e+01 -5.692915e+01 1.000000e+01
    endloop
  endfacet
  facet normal -2.486899e-01 -9.685832e-01 1.376439e-15
    outer loop
      vertex   -1.574953e+01 -5.692915e+01 5.000000e+00
      vertex   -1.574953e+01 -5.692915e+01 1.000000e+01
      vertex   -1.623607e+01 -5.680423e+01 5.000000e+00
    endloop
  endfacet
  facet normal -2.486899e-01 -9.685832e-01 0.000000e+00
    outer loop
      vertex   -1.623607e+01 -5.680423e+01 5.000000e+00
      vertex   -1.574953e+01 -5.692915e+01 1.000000e+01
      vertex   -1.623607e+01 -5.680423e+01 1.000000e+01
    endloop
  endfacet
  facet normal -3.681246e-01 -9.297765e-01 0.000000e+00
    outer loop
      vertex   -1.623607e+01 -5.680423e+01 5.000000e+00
      vertex   -1.623607e+01 -5.680423e+01 1.000000e+01
      vertex   -1.670312e+01 -5.661931e+01 5.000000e+00
    endloop
  endfacet
  facet normal -3.681246e-01 -9.297765e-01 0.000000e+00
    outer loop
      vertex   -1.670312e+01 -5.661931e+01 5.000000e+00
      vertex   -1.623607e+01 -5.680423e+01 1.000000e+01
      vertex   -1.670312e+01 -5.661931e+01 1.000000e+01
    endloop
  endfacet
  facet normal -4.817537e-01 -8.763067e-01 0.000000e+00
    outer loop
      vertex   -1.670312e+01 -5.661931e+01 5.000000e+00
      vertex   -1.670312e+01 -5.661931e+01 1.000000e+01
      vertex   -1.714331e+01 -5.637731e+01 5.000000e+00
    endloop
  endfacet
  facet normal -4.817537e-01 -8.763067e-01 -3.423066e-16
    outer loop
      vertex   -1.714331e+01 -5.637731e+01 5.000000e+00
      vertex   -1.670312e+01 -5.661931e+01 1.000000e+01
      vertex   -1.714331e+01 -5.637731e+01 1.000000e+01
    endloop
  endfacet
  facet normal -5.877853e-01 -8.090170e-01 -4.176465e-16
    outer loop
      vertex   -1.714331e+01 -5.637731e+01 5.000000e+00
      vertex   -1.714331e+01 -5.637731e+01 1.000000e+01
      vertex   -1.754970e+01 -5.608205e+01 5.000000e+00
    endloop
  endfacet
  facet normal -5.877853e-01 -8.090170e-01 0.000000e+00
    outer loop
      vertex   -1.754970e+01 -5.608205e+01 5.000000e+00
      vertex   -1.714331e+01 -5.637731e+01 1.000000e+01
      vertex   -1.754970e+01 -5.608205e+01 1.000000e+01
    endloop
  endfacet
  facet normal -6.845471e-01 -7.289686e-01 0.000000e+00
    outer loop
      vertex   -1.754970e+01 -5.608205e+01 5.000000e+00
      vertex   -1.754970e+01 -5.608205e+01 1.000000e+01
      vertex   -1.791587e+01 -5.573819e+01 5.000000e+00
    endloop
  endfacet
  facet normal -6.845471e-01 -7.289686e-01 4.864000e-16
    outer loop
      vertex   -1.791587e+01 -5.573819e+01 5.000000e+00
      vertex   -1.754970e+01 -5.608205e+01 1.000000e+01
      vertex   -1.791587e+01 -5.573819e+01 1.000000e+01
    endloop
  endfacet
  facet normal -7.705132e-01 -6.374240e-01 5.474826e-16
    outer loop
      vertex   -1.791587e+01 -5.573819e+01 5.000000e+00
      vertex   -1.791587e+01 -5.573819e+01 1.000000e+01
      vertex   -1.823607e+01 -5.535114e+01 5.000000e+00
    endloop
  endfacet
  facet normal -7.705132e-01 -6.374240e-01 0.000000e+00
    outer loop
      vertex   -1.823607e+01 -5.535114e+01 5.000000e+00
      vertex   -1.791587e+01 -5.573819e+01 1.000000e+01
      vertex   -1.823607e+01 -5.535114e+01 1.000000e+01
    endloop
  endfacet
  facet normal -8.443279e-01 -5.358268e-01 0.000000e+00
    outer loop
      vertex   -1.823607e+01 -5.535114e+01 5.000000e+00
      vertex   -1.823607e+01 -5.535114e+01 1.000000e+01
      vertex   -1.850523e+01 -5.492701e+01 5.000000e+00
    endloop
  endfacet
  facet normal -8.443279e-01 -5.358268e-01 5.999311e-16
    outer loop
      vertex   -1.850523e+01 -5.492701e+01 5.000000e+00
      vertex   -1.823607e+01 -5.535114e+01 1.000000e+01
      vertex   -1.850523e+01 -5.492701e+01 1.000000e+01
    endloop
  endfacet
  facet normal -9.048271e-01 -4.257793e-01 6.429183e-16
    outer loop
      vertex   -1.850523e+01 -5.492701e+01 5.000000e+00
      vertex   -1.850523e+01 -5.492701e+01 1.000000e+01
      vertex   -1.871911e+01 -5.447250e+01 5.000000e+00
    endloop
  endfacet
  facet normal -9.048271e-01 -4.257793e-01 0.000000e+00
    outer loop
      vertex   -1.871911e+01 -5.447250e+01 5.000000e+00
      vertex   -1.850523e+01 -5.492701e+01 1.000000e+01
      vertex   -1.871911e+01 -5.447250e+01 1.000000e+01
    endloop
  endfacet
  facet normal -9.510565e-01 -3.090170e-01 0.000000e+00
    outer loop
      vertex   -1.871911e+01 -5.447250e+01 5.000000e+00
      vertex   -1.871911e+01 -5.447250e+01 1.000000e+01
      vertex   -1.887433e+01 -5.399476e+01 5.000000e+00
    endloop
  endfacet
  facet normal -9.510565e-01 -3.090170e-01 6.757663e-16
    outer loop
      vertex   -1.887433e+01 -5.399476e+01 5.000000e+00
      vertex   -1.871911e+01 -5.447250e+01 1.000000e+01
      vertex   -1.887433e+01 -5.399476e+01 1.000000e+01
    endloop
  endfacet
  facet normal -9.822873e-01 -1.873813e-01 6.979571e-16
    outer loop
      vertex   -1.887433e+01 -5.399476e+01 5.000000e+00
      vertex   -1.887433e+01 -5.399476e+01 1.000000e+01
      vertex   -1.896846e+01 -5.350133e+01 5.000000e+00
    endloop
  endfacet
  facet normal -9.822873e-01 -1.873813e-01 0.000000e+00
    outer loop
      vertex   -1.896846e+01 -5.350133e+01 5.000000e+00
      vertex   -1.887433e+01 -5.399476e+01 1.000000e+01
      vertex   -1.896846e+01 -5.350133e+01 1.000000e+01
    endloop
  endfacet
  facet normal -9.980267e-01 -6.279052e-02 0.000000e+00
    outer loop
      vertex   -1.896846e+01 -5.350133e+01 5.000000e+00
      vertex   -1.896846e+01 -5.350133e+01 1.000000e+01
      vertex   -1.900000e+01 -5.300000e+01 5.000000e+00
    endloop
  endfacet
  facet normal -9.980267e-01 -6.279052e-02 0.000000e+00
    outer loop
      vertex   -1.900000e+01 -5.300000e+01 5.000000e+00
      vertex   -1.896846e+01 -5.350133e+01 1.000000e+01
      vertex   -1.900000e+01 -5.300000e+01 1.000000e+01
    endloop
  endfacet
  facet normal 4.074207e-16 -3.666852e-17 1.000000e+00
    outer loop
      vertex   -1.303214e+01 -5.135711e+01 -5.000000e+00
      vertex   -1.100000e+01 -5.300000e+01 -5.000000e+00
      vertex   -1.300000e+01 -5.100000e+01 -5.000000e+00
    endloop
  endfacet
  facet normal 4.440892e-16 0.000000e+00 1.000000e+00
    outer loop
      vertex   -1.300000e+01 -5.100000e+01 -5.000000e+00
      vertex   -1.100000e+01 -5.300000e+01 -5.000000e+00
      vertex   -1.100000e+01 -4.900000e+01 -5.000000e+00
    endloop
  endfacet
  facet normal 4.074207e-16 3.666852e-17 1.000000e+00
    outer loop
      vertex   -1.300000e+01 -5.100000e+01 -5.000000e+00
      vertex   -1.100000e+01 -4.900000e+01 -5.000000e+00
      vertex   -1.303214e+01 -5.064289e+01 -5.000000e+00
    endloop
  endfacet
  facet normal 3.573370e-16 9.861874e-17 1.000000e+00
    outer loop
      vertex   -1.303214e+01 -5.064289e+01 -5.000000e+00
      vertex   -1.100000e+01 -4.900000e+01 -5.000000e+00
      vertex   -1.312753e+01 -5.029725e+01 -5.000000e+00
    endloop
  endfacet
  facet normal 3.227096e-16 1.554087e-16 1.000000e+00
    outer loop
      vertex   -1.312753e+01 -5.029725e+01 -5.000000e+00
      vertex   -1.100000e+01 -4.900000e+01 -5.000000e+00
      vertex   -1.328310e+01 -4.997420e+01 -5.000000e+00
    endloop
  endfacet
  facet normal 2.969601e-16 2.157542e-16 1.000000e+00
    outer loop
      vertex   -1.328310e+01 -4.997420e+01 -5.000000e+00
      vertex   -1.100000e+01 -4.900000e+01 -5.000000e+00
      vertex   -1.349386e+01 -4.968412e+01 -5.000000e+00
    endloop
  endfacet
  facet normal 3.621559e-16 -2.190640e-17 1.000000e+00
    outer loop
      vertex   -1.349386e+01 -4.968412e+01 -5.000000e+00
      vertex   -1.100000e+01 -4.900000e+01 -5.000000e+00
      vertex   -1.097084e+01 -4.851785e+01 -5.000000e+00
    endloop
  endfacet
  facet normal 2.373004e-16 2.481968e-16 1.000000e+00
    outer loop
      vertex   -1.349386e+01 -4.968412e+01 -5.000000e+00
      vertex   -1.097084e+01 -4.851785e+01 -5.000000e+00
      vertex   -1.375302e+01 -4.943634e+01 -5.000000e+00
    endloop
  endfacet
  facet normal 3.397949e-16 -6.226972e-17 1.000000e+00
    outer loop
      vertex   -1.375302e+01 -4.943634e+01 -5.000000e+00
      vertex   -1.097084e+01 -4.851785e+01 -5.000000e+00
      vertex   -1.088377e+01 -4.804274e+01 -5.000000e+00
    endloop
  endfacet
  facet normal 1.783324e-16 2.701620e-16 1.000000e+00
    outer loop
      vertex   -1.375302e+01 -4.943634e+01 -5.000000e+00
      vertex   -1.088377e+01 -4.804274e+01 -5.000000e+00
      vertex   -1.405226e+01 -4.923881e+01 -5.000000e+00
    endloop
  endfacet
  facet normal 1.141643e-15 -2.281729e-15 1.000000e+00
    outer loop
      vertex   -1.405226e+01 -4.923881e+01 -5.000000e+00
      vertex   -1.088377e+01 -4.804274e+01 -5.000000e+00
      vertex   -1.074006e+01 -4.758158e+01 -5.000000e+00
    endloop
  endfacet
  facet normal 0.000000e+00 -0.000000e+00 1.000000e+00
    outer loop
      vertex   -1.405226e+01 -4.923881e+01 -5.000000e+00
      vertex   -1.074006e+01 -4.758158e+01 -5.000000e+00
      vertex   -1.438197e+01 -4.909789e+01 -5.000000e+00
    endloop
  endfacet
  facet normal 0.000000e+00 0.000000e+00 1.000000e+00
    outer loop
      vertex   -1.438197e+01 -4.909789e+01 -5.000000e+00
      vertex   -1.074006e+01 -4.758158e+01 -5.000000e+00
      vertex   -1.054182e+01 -4.714111e+01 -5.000000e+00
    endloop
  endfacet
  facet normal 0.000000e+00 -0.000000e+00 1.000000e+00
    outer loop
      vertex   -1.438197e+01 -4.909789e+01 -5.000000e+00
      vertex   -1.054182e+01 -4.714111e+01 -5.000000e+00
      vertex   -1.473153e+01 -4.901810e+01 -5.000000e+00
    endloop
  endfacet
  facet normal 0.000000e+00 0.000000e+00 1.000000e+00
    outer loop
      vertex   -1.473153e+01 -4.901810e+01 -5.000000e+00
      vertex   -1.054182e+01 -4.714111e+01 -5.000000e+00
      vertex   -1.029194e+01 -4.672774e+01 -5.000000e+00
    endloop
  endfacet
  facet normal -7.366440e-17 1.427900e-16 1.000000e+00
    outer loop
      vertex   -1.473153e+01 -4.901810e+01 -5.000000e+00
      vertex   -1.029194e+01 -4.672774e+01 -5.000000e+00
      vertex   -1.900000e+01 -4.500000e+01 -5.000000e+00
    endloop
  endfacet
  facet normal -8.827352e-17 6.915789e-17 1.000000e+00
    outer loop
      vertex   -1.900000e+01 -4.500000e+01 -5.000000e+00
      vertex   -1.029194e+01 -4.672774e+01 -5.000000e+00
      vertex   -9.994043e+00 -4.634751e+01 -5.000000e+00
    endloop
  endfacet
  facet normal -8.578561e-17 8.578561e-17 1.000000e+00
    outer loop
      vertex   -1.900000e+01 -4.500000e+01 -5.000000e+00
      vertex   -9.994043e+00 -4.634751e+01 -5.000000e+00
      vertex   -9.652491e+00 -4.600596e+01 -5.000000e+00
    endloop
  endfacet
  facet normal 3.573370e-16 -9.861874e-17 1.000000e+00
    outer loop
      vertex   -1.303214e+01 -5.135711e+01 -5.000000e+00
      vertex   -1.312753e+01 -5.170275e+01 -5.000000e+00
      vertex   -1.100000e+01 -5.300000e+01 -5.000000e+00
    endloop
  endfacet
  facet normal 3.227096e-16 -1.554087e-16 1.000000e+00
    outer loop
      vertex   -1.100000e+01 -5.300000e+01 -5.000000e+00
      vertex   -1.312753e+01 -5.170275e+01 -5.000000e+00
      vertex   -1.328310e+01 -5.202580e+01 -5.000000e+00
    endloop
  endfacet
  facet normal 2.969601e-16 -2.157542e-16 1.000000e+00
    outer loop
      vertex   -1.100000e+01 -5.300000e+01 -5.000000e+00
      vertex   -1.328310e+01 -5.202580e+01 -5.000000e+00
      vertex   -1.349386e+01 -5.231588e+01 -5.000000e+00
    endloop
  endfacet
  facet normal 2.153597e-16 -2.252486e-16 1.000000e+00
    outer loop
      vertex   -1.375302e+01 -5.256366e+01 -5.000000e+00
      vertex   -1.112567e+01 -5.399476e+01 -5.000000e+00
      vertex   -1.349386e+01 -5.231588e+01 -5.000000e+00
    endloop
  endfacet
  facet normal 3.303678e-16 -6.302102e-17 1.000000e+00
    outer loop
      vertex   -1.349386e+01 -5.231588e+01 -5.000000e+00
      vertex   -1.112567e+01 -5.399476e+01 -5.000000e+00
      vertex   -1.103154e+01 -5.350133e+01 -5.000000e+00
    endloop
  endfacet
  facet normal 3.501041e-16 -2.202668e-17 1.000000e+00
    outer loop
      vertex   -1.349386e+01 -5.231588e+01 -5.000000e+00
      vertex   -1.103154e+01 -5.350133e+01 -5.000000e+00
      vertex   -1.100000e+01 -5.300000e+01 -5.000000e+00
    endloop
  endfacet
  facet normal 1.521225e-16 -2.304558e-16 1.000000e+00
    outer loop
      vertex   -1.405226e+01 -5.276119e+01 -5.000000e+00
      vertex   -1.149477e+01 -5.492701e+01 -5.000000e+00
      vertex   -1.375302e+01 -5.256366e+01 -5.000000e+00
    endloop
  endfacet
  facet normal 2.635266e-16 -1.240062e-16 1.000000e+00
    outer loop
      vertex   -1.375302e+01 -5.256366e+01 -5.000000e+00
      vertex   -1.149477e+01 -5.492701e+01 -5.000000e+00
      vertex   -1.128089e+01 -5.447250e+01 -5.000000e+00
    endloop
  endfacet
  facet normal 2.872185e-16 -9.332293e-17 1.000000e+00
    outer loop
      vertex   -1.375302e+01 -5.256366e+01 -5.000000e+00
      vertex   -1.128089e+01 -5.447250e+01 -5.000000e+00
      vertex   -1.112567e+01 -5.399476e+01 -5.000000e+00
    endloop
  endfacet
  facet normal 9.942479e-17 -2.326159e-16 1.000000e+00
    outer loop
      vertex   -1.438197e+01 -5.290211e+01 -5.000000e+00
      vertex   -1.208413e+01 -5.573819e+01 -5.000000e+00
      vertex   -1.405226e+01 -5.276119e+01 -5.000000e+00
    endloop
  endfacet
  facet normal 2.004500e-16 -1.658266e-16 1.000000e+00
    outer loop
      vertex   -1.405226e+01 -5.276119e+01 -5.000000e+00
      vertex   -1.208413e+01 -5.573819e+01 -5.000000e+00
      vertex   -1.176393e+01 -5.535114e+01 -5.000000e+00
    endloop
  endfacet
  facet normal 2.258868e-16 -1.433521e-16 1.000000e+00
    outer loop
      vertex   -1.405226e+01 -5.276119e+01 -5.000000e+00
      vertex   -1.176393e+01 -5.535114e+01 -5.000000e+00
      vertex   -1.149477e+01 -5.492701e+01 -5.000000e+00
    endloop
  endfacet
  facet normal 5.112943e-17 -2.240127e-16 1.000000e+00
    outer loop
      vertex   -1.473153e+01 -5.298190e+01 -5.000000e+00
      vertex   -1.329688e+01 -5.661931e+01 -5.000000e+00
      vertex   -1.438197e+01 -5.290211e+01 -5.000000e+00
    endloop
  endfacet
  facet normal 1.131923e-16 -2.058959e-16 1.000000e+00
    outer loop
      vertex   -1.438197e+01 -5.290211e+01 -5.000000e+00
      vertex   -1.329688e+01 -5.661931e+01 -5.000000e+00
      vertex   -1.285669e+01 -5.637731e+01 -5.000000e+00
    endloop
  endfacet
  facet normal 1.407913e-16 -1.937826e-16 1.000000e+00
    outer loop
      vertex   -1.438197e+01 -5.290211e+01 -5.000000e+00
      vertex   -1.285669e+01 -5.637731e+01 -5.000000e+00
      vertex   -1.245030e+01 -5.608205e+01 -5.000000e+00
    endloop
  endfacet
  facet normal 9.948581e-18 -2.215224e-16 1.000000e+00
    outer loop
      vertex   -1.508973e+01 -5.299799e+01 -5.000000e+00
      vertex   -1.474884e+01 -5.699211e+01 -5.000000e+00
      vertex   -1.473153e+01 -5.298190e+01 -5.000000e+00
    endloop
  endfacet
  facet normal 2.799462e-17 -2.216002e-16 1.000000e+00
    outer loop
      vertex   -1.473153e+01 -5.298190e+01 -5.000000e+00
      vertex   -1.474884e+01 -5.699211e+01 -5.000000e+00
      vertex   -1.425047e+01 -5.692915e+01 -5.000000e+00
    endloop
  endfacet
  facet normal 5.602031e-17 -2.181847e-16 1.000000e+00
    outer loop
      vertex   -1.473153e+01 -5.298190e+01 -5.000000e+00
      vertex   -1.425047e+01 -5.692915e+01 -5.000000e+00
      vertex   -1.376393e+01 -5.680423e+01 -5.000000e+00
    endloop
  endfacet
  facet normal -3.037013e-17 -2.242013e-16 1.000000e+00
    outer loop
      vertex   -1.544504e+01 -5.294986e+01 -5.000000e+00
      vertex   -1.623607e+01 -5.680423e+01 -5.000000e+00
      vertex   -1.508973e+01 -5.299799e+01 -5.000000e+00
    endloop
  endfacet
  facet normal -5.561312e-17 -2.165988e-16 1.000000e+00
    outer loop
      vertex   -1.508973e+01 -5.299799e+01 -5.000000e+00
      vertex   -1.623607e+01 -5.680423e+01 -5.000000e+00
      vertex   -1.574953e+01 -5.692915e+01 -5.000000e+00
    endloop
  endfacet
  facet normal -2.794934e-17 -2.212418e-16 1.000000e+00
    outer loop
      vertex   -1.508973e+01 -5.299799e+01 -5.000000e+00
      vertex   -1.574953e+01 -5.692915e+01 -5.000000e+00
      vertex   -1.525116e+01 -5.699211e+01 -5.000000e+00
    endloop
  endfacet
  facet normal -7.252278e-17 -2.232022e-16 1.000000e+00
    outer loop
      vertex   -1.578605e+01 -5.283906e+01 -5.000000e+00
      vertex   -1.714331e+01 -5.637731e+01 -5.000000e+00
      vertex   -1.544504e+01 -5.294986e+01 -5.000000e+00
    endloop
  endfacet
  facet normal -1.119630e-16 -2.036600e-16 1.000000e+00
    outer loop
      vertex   -1.544504e+01 -5.294986e+01 -5.000000e+00
      vertex   -1.714331e+01 -5.637731e+01 -5.000000e+00
      vertex   -1.670312e+01 -5.661931e+01 -5.000000e+00
    endloop
  endfacet
  facet normal -8.437905e-17 -2.131172e-16 1.000000e+00
    outer loop
      vertex   -1.544504e+01 -5.294986e+01 -5.000000e+00
      vertex   -1.670312e+01 -5.661931e+01 -5.000000e+00
      vertex   -1.623607e+01 -5.680423e+01 -5.000000e+00
    endloop
  endfacet
  facet normal -1.247747e-16 -2.318703e-16 1.000000e+00
    outer loop
      vertex   -1.610179e+01 -5.266915e+01 -5.000000e+00
      vertex   -1.823607e+01 -5.535114e+01 -5.000000e+00
      vertex   -1.578605e+01 -5.283906e+01 -5.000000e+00
    endloop
  endfacet
  facet normal -1.961440e-16 -1.622644e-16 1.000000e+00
    outer loop
      vertex   -1.578605e+01 -5.283906e+01 -5.000000e+00
      vertex   -1.823607e+01 -5.535114e+01 -5.000000e+00
      vertex   -1.791587e+01 -5.573819e+01 -5.000000e+00
    endloop
  endfacet
  facet normal -1.702441e-16 -1.812916e-16 1.000000e+00
    outer loop
      vertex   -1.578605e+01 -5.283906e+01 -5.000000e+00
      vertex   -1.791587e+01 -5.573819e+01 -5.000000e+00
      vertex   -1.754970e+01 -5.608205e+01 -5.000000e+00
    endloop
  endfacet
  facet normal -1.820544e-16 -2.282890e-16 1.000000e+00
    outer loop
      vertex   -1.638213e+01 -5.244559e+01 -5.000000e+00
      vertex   -1.871911e+01 -5.447250e+01 -5.000000e+00
      vertex   -1.610179e+01 -5.266915e+01 -5.000000e+00
    endloop
  endfacet
  facet normal -2.562616e-16 -1.205876e-16 1.000000e+00
    outer loop
      vertex   -1.610179e+01 -5.266915e+01 -5.000000e+00
      vertex   -1.871911e+01 -5.447250e+01 -5.000000e+00
      vertex   -1.850523e+01 -5.492701e+01 -5.000000e+00
    endloop
  endfacet
  facet normal -2.315184e-16 -1.469260e-16 1.000000e+00
    outer loop
      vertex   -1.610179e+01 -5.266915e+01 -5.000000e+00
      vertex   -1.850523e+01 -5.492701e+01 -5.000000e+00
      vertex   -1.823607e+01 -5.535114e+01 -5.000000e+00
    endloop
  endfacet
  facet normal -2.531354e-16 -2.211578e-16 1.000000e+00
    outer loop
      vertex   -1.661803e+01 -5.217557e+01 -5.000000e+00
      vertex   -1.896846e+01 -5.350133e+01 -5.000000e+00
      vertex   -1.638213e+01 -5.244559e+01 -5.000000e+00
    endloop
  endfacet
  facet normal -3.186031e-16 -6.077678e-17 1.000000e+00
    outer loop
      vertex   -1.638213e+01 -5.244559e+01 -5.000000e+00
      vertex   -1.896846e+01 -5.350133e+01 -5.000000e+00
      vertex   -1.887433e+01 -5.399476e+01 -5.000000e+00
    endloop
  endfacet
  facet normal -2.964980e-16 -9.633804e-17 1.000000e+00
    outer loop
      vertex   -1.638213e+01 -5.244559e+01 -5.000000e+00
      vertex   -1.887433e+01 -5.399476e+01 -5.000000e+00
      vertex   -1.871911e+01 -5.447250e+01 -5.000000e+00
    endloop
  endfacet
  facet normal -3.649297e-16 -2.295943e-17 1.000000e+00
    outer loop
      vertex   -1.896846e+01 -5.350133e+01 -5.000000e+00
      vertex   -1.661803e+01 -5.217557e+01 -5.000000e+00
      vertex   -1.900000e+01 -5.300000e+01 -5.000000e+00
    endloop
  endfacet
  facet normal -3.089811e-16 -1.846076e-16 1.000000e+00
    outer loop
      vertex   -1.900000e+01 -5.300000e+01 -5.000000e+00
      vertex   -1.661803e+01 -5.217557e+01 -5.000000e+00
      vertex   -1.680194e+01 -5.186777e+01 -5.000000e+00
    endloop
  endfacet
  facet normal -3.386122e-16 -1.270833e-16 1.000000e+00
    outer loop
      vertex   -1.900000e+01 -5.300000e+01 -5.000000e+00
      vertex   -1.680194e+01 -5.186777e+01 -5.000000e+00
      vertex   -1.692793e+01 -5.153207e+01 -5.000000e+00
    endloop
  endfacet
  facet normal -3.798128e-16 -6.892586e-17 1.000000e+00
    outer loop
      vertex   -1.692793e+01 -5.153207e+01 -5.000000e+00
      vertex   -1.699195e+01 -5.117928e+01 -5.000000e+00
      vertex   -1.900000e+01 -5.300000e+01 -5.000000e+00
    endloop
  endfacet
  facet normal -4.423086e-16 0.000000e+00 1.000000e+00
    outer loop
      vertex   -1.900000e+01 -5.300000e+01 -5.000000e+00
      vertex   -1.699195e+01 -5.117928e+01 -5.000000e+00
      vertex   -1.699195e+01 -5.082072e+01 -5.000000e+00
    endloop
  endfacet
  facet normal -5.507842e-16 9.995260e-17 1.000000e+00
    outer loop
      vertex   -1.900000e+01 -5.300000e+01 -5.000000e+00
      vertex   -1.699195e+01 -5.082072e+01 -5.000000e+00
      vertex   -1.692793e+01 -5.046793e+01 -5.000000e+00
    endloop
  endfacet
  facet normal -4.286422e-16 0.000000e+00 1.000000e+00
    outer loop
      vertex   -1.900000e+01 -5.300000e+01 -5.000000e+00
      vertex   -1.692793e+01 -5.046793e+01 -5.000000e+00
      vertex   -1.900000e+01 -4.500000e+01 -5.000000e+00
    endloop
  endfacet
  facet normal -2.153566e-16 8.082470e-17 1.000000e+00
    outer loop
      vertex   -1.900000e+01 -4.500000e+01 -5.000000e+00
      vertex   -1.692793e+01 -5.046793e+01 -5.000000e+00
      vertex   -1.680194e+01 -5.013223e+01 -5.000000e+00
    endloop
  endfacet
  facet normal -1.687132e-16 1.008014e-16 1.000000e+00
    outer loop
      vertex   -1.900000e+01 -4.500000e+01 -5.000000e+00
      vertex   -1.680194e+01 -5.013223e+01 -5.000000e+00
      vertex   -1.661803e+01 -4.982443e+01 -5.000000e+00
    endloop
  endfacet
  facet normal -1.346348e-16 1.176269e-16 1.000000e+00
    outer loop
      vertex   -1.661803e+01 -4.982443e+01 -5.000000e+00
      vertex   -1.638213e+01 -4.955441e+01 -5.000000e+00
      vertex   -1.900000e+01 -4.500000e+01 -5.000000e+00
    endloop
  endfacet
  facet normal -1.066378e-16 1.337196e-16 1.000000e+00
    outer loop
      vertex   -1.900000e+01 -4.500000e+01 -5.000000e+00
      vertex   -1.638213e+01 -4.955441e+01 -5.000000e+00
      vertex   -1.610179e+01 -4.933085e+01 -5.000000e+00
    endloop
  endfacet
  facet normal -8.113975e-17 1.507829e-16 1.000000e+00
    outer loop
      vertex   -1.900000e+01 -4.500000e+01 -5.000000e+00
      vertex   -1.610179e+01 -4.933085e+01 -5.000000e+00
      vertex   -1.578605e+01 -4.916094e+01 -5.000000e+00
    endloop
  endfacet
  facet normal -5.544178e-17 1.706322e-16 1.000000e+00
    outer loop
      vertex   -1.578605e+01 -4.916094e+01 -5.000000e+00
      vertex   -1.544504e+01 -4.905014e+01 -5.000000e+00
      vertex   -1.900000e+01 -4.500000e+01 -5.000000e+00
    endloop
  endfacet
  facet normal -2.654899e-17 1.959925e-16 1.000000e+00
    outer loop
      vertex   -1.900000e+01 -4.500000e+01 -5.000000e+00
      vertex   -1.544504e+01 -4.905014e+01 -5.000000e+00
      vertex   -1.508973e+01 -4.900201e+01 -5.000000e+00
    endloop
  endfacet
  facet normal 1.042445e-17 2.321183e-16 1.000000e+00
    outer loop
      vertex   -1.900000e+01 -4.500000e+01 -5.000000e+00
      vertex   -1.508973e+01 -4.900201e+01 -5.000000e+00
      vertex   -1.473153e+01 -4.901810e+01 -5.000000e+00
    endloop
  endfacet
  facet normal -1.426277e-16 -1.963102e-16 1.000000e+00
    outer loop
      vertex   -1.754970e+01 -5.608205e+01 -5.000000e+00
      vertex   -1.714331e+01 -5.637731e+01 -5.000000e+00
      vertex   -1.578605e+01 -5.283906e+01 -5.000000e+00
    endloop
  endfacet
  facet normal 0.000000e+00 -2.223715e-16 1.000000e+00
    outer loop
      vertex   -1.525116e+01 -5.699211e+01 -5.000000e+00
      vertex   -1.474884e+01 -5.699211e+01 -5.000000e+00
      vertex   -1.508973e+01 -5.299799e+01 -5.000000e+00
    endloop
  endfacet
  facet normal 8.361927e-17 -2.111982e-16 1.000000e+00
    outer loop
      vertex   -1.376393e+01 -5.680423e+01 -5.000000e+00
      vertex   -1.329688e+01 -5.661931e+01 -5.000000e+00
      vertex   -1.473153e+01 -5.298190e+01 -5.000000e+00
    endloop
  endfacet
  facet normal 1.670151e-16 -1.778530e-16 1.000000e+00
    outer loop
      vertex   -1.245030e+01 -5.608205e+01 -5.000000e+00
      vertex   -1.208413e+01 -5.573819e+01 -5.000000e+00
      vertex   -1.438197e+01 -5.290211e+01 -5.000000e+00
    endloop
  endfacet
  facet normal -8.354201e-17 1.066335e-16 1.000000e+00
    outer loop
      vertex   -9.652491e+00 -4.600596e+01 -5.000000e+00
      vertex   -9.272259e+00 -4.570806e+01 -5.000000e+00
      vertex   -1.900000e+01 -4.500000e+01 -5.000000e+00
    endloop
  endfacet
  facet normal -8.149156e-17 1.348035e-16 1.000000e+00
    outer loop
      vertex   -1.900000e+01 -4.500000e+01 -5.000000e+00
      vertex   -9.272259e+00 -4.570806e+01 -5.000000e+00
      vertex   -8.858893e+00 -4.545818e+01 -5.000000e+00
    endloop
  endfacet
  facet normal -7.959207e-17 1.768463e-16 1.000000e+00
    outer loop
      vertex   -1.900000e+01 -4.500000e+01 -5.000000e+00
      vertex   -8.858893e+00 -4.545818e+01 -5.000000e+00
      vertex   -8.418420e+00 -4.525994e+01 -5.000000e+00
    endloop
  endfacet
  facet normal 6.293045e-17 5.978733e-15 1.000000e+00
    outer loop
      vertex   -8.418420e+00 -4.525994e+01 -5.000000e+00
      vertex   -7.957263e+00 -4.511623e+01 -5.000000e+00
      vertex   -1.900000e+01 -4.500000e+01 -5.000000e+00
    endloop
  endfacet
  facet normal 0.000000e+00 0.000000e+00 1.000000e+00
    outer loop
      vertex   -1.900000e+01 -4.500000e+01 -5.000000e+00
      vertex   -7.957263e+00 -4.511623e+01 -5.000000e+00
      vertex   -7.482147e+00 -4.502916e+01 -5.000000e+00
    endloop
  endfacet
  facet normal -0.000000e+00 0.000000e+00 1.000000e+00
    outer loop
      vertex   -1.900000e+01 -4.500000e+01 -5.000000e+00
      vertex   -7.482147e+00 -4.502916e+01 -5.000000e+00
      vertex   -7.000000e+00 -4.500000e+01 -5.000000e+00
    endloop
  endfacet
  facet normal 9.980267e-01 -6.279052e-02 -1.772852e-16
    outer loop
      vertex   -1.100000e+01 -5.300000e+01 -1.500000e+01
      vertex   -1.100000e+01 -5.300000e+01 -5.000000e+00
      vertex   -1.103154e+01 -5.350133e+01 -1.500000e+01
    endloop
  endfacet
  facet normal 9.980267e-01 -6.279052e-02 -3.991857e-16
    outer loop
      vertex   -1.103154e+01 -5.350133e+01 -1.500000e+01
      vertex   -1.100000e+01 -5.300000e+01 -5.000000e+00
      vertex   -1.103154e+01 -5.350133e+01 -5.000000e+00
    endloop
  endfacet
  facet normal 9.822873e-01 -1.873813e-01 -4.821210e-16
    outer loop
      vertex   -1.103154e+01 -5.350133e+01 -1.500000e+01
      vertex   -1.103154e+01 -5.350133e+01 -5.000000e+00
      vertex   -1.112567e+01 -5.399476e+01 -1.500000e+01
    endloop
  endfacet
  facet normal 9.822873e-01 -1.873813e-01 -8.310995e-16
    outer loop
      vertex   -1.112567e+01 -5.399476e+01 -1.500000e+01
      vertex   -1.103154e+01 -5.350133e+01 -5.000000e+00
      vertex   -1.112567e+01 -5.399476e+01 -5.000000e+00
    endloop
  endfacet
  facet normal 9.510565e-01 -3.090170e-01 -8.953361e-16
    outer loop
      vertex   -1.112567e+01 -5.399476e+01 -1.500000e+01
      vertex   -1.112567e+01 -5.399476e+01 -5.000000e+00
      vertex   -1.128089e+01 -5.447250e+01 -1.500000e+01
    endloop
  endfacet
  facet normal 9.510565e-01 -3.090170e-01 -5.068247e-16
    outer loop
      vertex   -1.128089e+01 -5.447250e+01 -1.500000e+01
      vertex   -1.112567e+01 -5.399476e+01 -5.000000e+00
      vertex   -1.128089e+01 -5.447250e+01 -5.000000e+00
    endloop
  endfacet
  facet normal 9.048271e-01 -4.257793e-01 -4.821887e-16
    outer loop
      vertex   -1.128089e+01 -5.447250e+01 -1.500000e+01
      vertex   -1.128089e+01 -5.447250e+01 -5.000000e+00
      vertex   -1.149477e+01 -5.492701e+01 -1.500000e+01
    endloop
  endfacet
  facet normal 9.048271e-01 -4.257793e-01 -1.607296e-16
    outer loop
      vertex   -1.149477e+01 -5.492701e+01 -1.500000e+01
      vertex   -1.128089e+01 -5.447250e+01 -5.000000e+00
      vertex   -1.149477e+01 -5.492701e+01 -5.000000e+00
    endloop
  endfacet
  facet normal 8.443279e-01 -5.358268e-01 -1.499828e-16
    outer loop
      vertex   -1.149477e+01 -5.492701e+01 -1.500000e+01
      vertex   -1.149477e+01 -5.492701e+01 -5.000000e+00
      vertex   -1.176393e+01 -5.535114e+01 -1.500000e+01
    endloop
  endfacet
  facet normal 8.443279e-01 -5.358268e-01 -1.499828e-16
    outer loop
      vertex   -1.176393e+01 -5.535114e+01 -1.500000e+01
      vertex   -1.149477e+01 -5.492701e+01 -5.000000e+00
      vertex   -1.176393e+01 -5.535114e+01 -5.000000e+00
    endloop
  endfacet
  facet normal 7.705132e-01 -6.374240e-01 -1.368706e-16
    outer loop
      vertex   -1.176393e+01 -5.535114e+01 -1.500000e+01
      vertex   -1.176393e+01 -5.535114e+01 -5.000000e+00
      vertex   -1.208413e+01 -5.573819e+01 -1.500000e+01
    endloop
  endfacet
  facet normal 7.705132e-01 -6.374240e-01 -2.737413e-16
    outer loop
      vertex   -1.208413e+01 -5.573819e+01 -1.500000e+01
      vertex   -1.176393e+01 -5.535114e+01 -5.000000e+00
      vertex   -1.208413e+01 -5.573819e+01 -5.000000e+00
    endloop
  endfacet
  facet normal 6.845471e-01 -7.289686e-01 -2.432000e-16
    outer loop
      vertex   -1.208413e+01 -5.573819e+01 -1.500000e+01
      vertex   -1.208413e+01 -5.573819e+01 -5.000000e+00
      vertex   -1.245030e+01 -5.608205e+01 -1.500000e+01
    endloop
  endfacet
  facet normal 6.845471e-01 -7.289686e-01 0.000000e+00
    outer loop
      vertex   -1.245030e+01 -5.608205e+01 -1.500000e+01
      vertex   -1.208413e+01 -5.573819e+01 -5.000000e+00
      vertex   -1.245030e+01 -5.608205e+01 -5.000000e+00
    endloop
  endfacet
  facet normal 5.877853e-01 -8.090170e-01 0.000000e+00
    outer loop
      vertex   -1.245030e+01 -5.608205e+01 -1.500000e+01
      vertex   -1.245030e+01 -5.608205e+01 -5.000000e+00
      vertex   -1.285669e+01 -5.637731e+01 -1.500000e+01
    endloop
  endfacet
  facet normal 5.877853e-01 -8.090170e-01 -3.132349e-16
    outer loop
      vertex   -1.285669e+01 -5.637731e+01 -1.500000e+01
      vertex   -1.245030e+01 -5.608205e+01 -5.000000e+00
      vertex   -1.285669e+01 -5.637731e+01 -5.000000e+00
    endloop
  endfacet
  facet normal 4.817537e-01 -8.763067e-01 -2.567299e-16
    outer loop
      vertex   -1.285669e+01 -5.637731e+01 -1.500000e+01
      vertex   -1.285669e+01 -5.637731e+01 -5.000000e+00
      vertex   -1.329688e+01 -5.661931e+01 -1.500000e+01
    endloop
  endfacet
  facet normal 4.817537e-01 -8.763067e-01 -1.330883e-15
    outer loop
      vertex   -1.329688e+01 -5.661931e+01 -1.500000e+01
      vertex   -1.285669e+01 -5.637731e+01 -5.000000e+00
      vertex   -1.329688e+01 -5.661931e+01 -5.000000e+00
    endloop
  endfacet
  facet normal 3.681246e-01 -9.297765e-01 -1.386684e-15
    outer loop
      vertex   -1.329688e+01 -5.661931e+01 -1.500000e+01
      vertex   -1.329688e+01 -5.661931e+01 -5.000000e+00
      vertex   -1.376393e+01 -5.680423e+01 -1.500000e+01
    endloop
  endfacet
  facet normal 3.681246e-01 -9.297765e-01 -1.321292e-15
    outer loop
      vertex   -1.376393e+01 -5.680423e+01 -1.500000e+01
      vertex   -1.329688e+01 -5.661931e+01 -5.000000e+00
      vertex   -1.376393e+01 -5.680423e+01 -5.000000e+00
    endloop
  endfacet
  facet normal 2.486899e-01 -9.685832e-01 -1.376439e-15
    outer loop
      vertex   -1.376393e+01 -5.680423e+01 -1.500000e+01
      vertex   -1.376393e+01 -5.680423e+01 -5.000000e+00
      vertex   -1.425047e+01 -5.692915e+01 -1.500000e+01
    endloop
  endfacet
  facet normal 2.486899e-01 -9.685832e-01 -7.323959e-16
    outer loop
      vertex   -1.425047e+01 -5.692915e+01 -1.500000e+01
      vertex   -1.376393e+01 -5.680423e+01 -5.000000e+00
      vertex   -1.425047e+01 -5.692915e+01 -5.000000e+00
    endloop
  endfacet
  facet normal 1.253332e-01 -9.921147e-01 -7.272035e-16
    outer loop
      vertex   -1.425047e+01 -5.692915e+01 -1.500000e+01
      vertex   -1.425047e+01 -5.692915e+01 -5.000000e+00
      vertex   -1.474884e+01 -5.699211e+01 -1.500000e+01
    endloop
  endfacet
  facet normal 1.253332e-01 -9.921147e-01 -4.452731e-17
    outer loop
      vertex   -1.474884e+01 -5.699211e+01 -1.500000e+01
      vertex   -1.425047e+01 -5.692915e+01 -5.000000e+00
      vertex   -1.474884e+01 -5.699211e+01 -5.000000e+00
    endloop
  endfacet
  facet normal 0.000000e+00 -1.000000e+00 0.000000e+00
    outer loop
      vertex   -1.474884e+01 -5.699211e+01 -1.500000e+01
      vertex   -1.474884e+01 -5.699211e+01 -5.000000e+00
      vertex   -1.525116e+01 -5.699211e+01 -1.500000e+01
    endloop
  endfacet
  facet normal 0.000000e+00 -1.000000e+00 0.000000e+00
    outer loop
      vertex   -1.525116e+01 -5.699211e+01 -1.500000e+01
      vertex   -1.474884e+01 -5.699211e+01 -5.000000e+00
      vertex   -1.525116e+01 -5.699211e+01 -5.000000e+00
    endloop
  endfacet
  facet normal -1.253332e-01 -9.921147e-01 2.226365e-17
    outer loop
      vertex   -1.525116e+01 -5.699211e+01 -1.500000e+01
      vertex   -1.525116e+01 -5.699211e+01 -5.000000e+00
      vertex   -1.574953e+01 -5.692915e+01 -1.500000e+01
    endloop
  endfacet
  facet normal -1.253332e-01 -9.921147e-01 7.494672e-16
    outer loop
      vertex   -1.574953e+01 -5.692915e+01 -1.500000e+01
      vertex   -1.525116e+01 -5.699211e+01 -5.000000e+00
      vertex   -1.574953e+01 -5.692915e+01 -5.000000e+00
    endloop
  endfacet
  facet normal -2.486899e-01 -9.685832e-01 7.765721e-16
    outer loop
      vertex   -1.574953e+01 -5.692915e+01 -1.500000e+01
      vertex   -1.574953e+01 -5.692915e+01 -5.000000e+00
      vertex   -1.623607e+01 -5.680423e+01 -1.500000e+01
    endloop
  endfacet
  facet normal -2.486899e-01 -9.685832e-01 0.000000e+00
    outer loop
      vertex   -1.623607e+01 -5.680423e+01 -1.500000e+01
      vertex   -1.574953e+01 -5.692915e+01 -5.000000e+00
      vertex   -1.623607e+01 -5.680423e+01 -5.000000e+00
    endloop
  endfacet
  facet normal -3.681246e-01 -9.297765e-01 0.000000e+00
    outer loop
      vertex   -1.623607e+01 -5.680423e+01 -1.500000e+01
      vertex   -1.623607e+01 -5.680423e+01 -5.000000e+00
      vertex   -1.670312e+01 -5.661931e+01 -1.500000e+01
    endloop
  endfacet
  facet normal -3.681246e-01 -9.297765e-01 0.000000e+00
    outer loop
      vertex   -1.670312e+01 -5.661931e+01 -1.500000e+01
      vertex   -1.623607e+01 -5.680423e+01 -5.000000e+00
      vertex   -1.670312e+01 -5.661931e+01 -5.000000e+00
    endloop
  endfacet
  facet normal -4.817537e-01 -8.763067e-01 0.000000e+00
    outer loop
      vertex   -1.670312e+01 -5.661931e+01 -1.500000e+01
      vertex   -1.670312e+01 -5.661931e+01 -5.000000e+00
      vertex   -1.714331e+01 -5.637731e+01 -1.500000e+01
    endloop
  endfacet
  facet normal -4.817537e-01 -8.763067e-01 6.226533e-16
    outer loop
      vertex   -1.714331e+01 -5.637731e+01 -1.500000e+01
      vertex   -1.670312e+01 -5.661931e+01 -5.000000e+00
      vertex   -1.714331e+01 -5.637731e+01 -5.000000e+00
    endloop
  endfacet
  facet normal -5.877853e-01 -8.090170e-01 5.748411e-16
    outer loop
      vertex   -1.714331e+01 -5.637731e+01 -1.500000e+01
      vertex   -1.714331e+01 -5.637731e+01 -5.000000e+00
      vertex   -1.754970e+01 -5.608205e+01 -1.500000e+01
    endloop
  endfacet
  facet normal -5.877853e-01 -8.090170e-01 2.088233e-16
    outer loop
      vertex   -1.754970e+01 -5.608205e+01 -1.500000e+01
      vertex   -1.714331e+01 -5.637731e+01 -5.000000e+00
      vertex   -1.754970e+01 -5.608205e+01 -5.000000e+00
    endloop
  endfacet
  facet normal -6.845471e-01 -7.289686e-01 2.432000e-16
    outer loop
      vertex   -1.754970e+01 -5.608205e+01 -1.500000e+01
      vertex   -1.754970e+01 -5.608205e+01 -5.000000e+00
      vertex   -1.791587e+01 -5.573819e+01 -1.500000e+01
    endloop
  endfacet
  facet normal -6.845471e-01 -7.289686e-01 4.864000e-16
    outer loop
      vertex   -1.791587e+01 -5.573819e+01 -1.500000e+01
      vertex   -1.754970e+01 -5.608205e+01 -5.000000e+00
      vertex   -1.791587e+01 -5.573819e+01 -5.000000e+00
    endloop
  endfacet
  facet normal -7.705132e-01 -6.374240e-01 5.474826e-16
    outer loop
      vertex   -1.791587e+01 -5.573819e+01 -1.500000e+01
      vertex   -1.791587e+01 -5.573819e+01 -5.000000e+00
      vertex   -1.823607e+01 -5.535114e+01 -1.500000e+01
    endloop
  endfacet
  facet normal -7.705132e-01 -6.374240e-01 2.737413e-16
    outer loop
      vertex   -1.823607e+01 -5.535114e+01 -1.500000e+01
      vertex   -1.791587e+01 -5.573819e+01 -5.000000e+00
      vertex   -1.823607e+01 -5.535114e+01 -5.000000e+00
    endloop
  endfacet
  facet normal -8.443279e-01 -5.358268e-01 2.999655e-16
    outer loop
      vertex   -1.823607e+01 -5.535114e+01 -1.500000e+01
      vertex   -1.823607e+01 -5.535114e+01 -5.000000e+00
      vertex   -1.850523e+01 -5.492701e+01 -1.500000e+01
    endloop
  endfacet
  facet normal -8.443279e-01 -5.358268e-01 2.999655e-16
    outer loop
      vertex   -1.850523e+01 -5.492701e+01 -1.500000e+01
      vertex   -1.823607e+01 -5.535114e+01 -5.000000e+00
      vertex   -1.850523e+01 -5.492701e+01 -5.000000e+00
    endloop
  endfacet
  facet normal -9.048271e-01 -4.257793e-01 3.214591e-16
    outer loop
      vertex   -1.850523e+01 -5.492701e+01 -1.500000e+01
      vertex   -1.850523e+01 -5.492701e+01 -5.000000e+00
      vertex   -1.871911e+01 -5.447250e+01 -1.500000e+01
    endloop
  endfacet
  facet normal -9.048271e-01 -4.257793e-01 3.214591e-16
    outer loop
      vertex   -1.871911e+01 -5.447250e+01 -1.500000e+01
      vertex   -1.850523e+01 -5.492701e+01 -5.000000e+00
      vertex   -1.871911e+01 -5.447250e+01 -5.000000e+00
    endloop
  endfacet
  facet normal -9.510565e-01 -3.090170e-01 3.378831e-16
    outer loop
      vertex   -1.871911e+01 -5.447250e+01 -1.500000e+01
      vertex   -1.871911e+01 -5.447250e+01 -5.000000e+00
      vertex   -1.887433e+01 -5.399476e+01 -1.500000e+01
    endloop
  endfacet
  facet normal -9.510565e-01 -3.090170e-01 5.574529e-16
    outer loop
      vertex   -1.887433e+01 -5.399476e+01 -1.500000e+01
      vertex   -1.871911e+01 -5.447250e+01 -5.000000e+00
      vertex   -1.887433e+01 -5.399476e+01 -5.000000e+00
    endloop
  endfacet
  facet normal -9.822873e-01 -1.873813e-01 4.821210e-16
    outer loop
      vertex   -1.887433e+01 -5.399476e+01 -1.500000e+01
      vertex   -1.887433e+01 -5.399476e+01 -5.000000e+00
      vertex   -1.896846e+01 -5.350133e+01 -1.500000e+01
    endloop
  endfacet
  facet normal -9.822873e-01 -1.873813e-01 6.152634e-16
    outer loop
      vertex   -1.896846e+01 -5.350133e+01 -1.500000e+01
      vertex   -1.887433e+01 -5.399476e+01 -5.000000e+00
      vertex   -1.896846e+01 -5.350133e+01 -5.000000e+00
    endloop
  endfacet
  facet normal -9.980267e-01 -6.279052e-02 4.438010e-16
    outer loop
      vertex   -1.896846e+01 -5.350133e+01 -1.500000e+01
      vertex   -1.896846e+01 -5.350133e+01 -5.000000e+00
      vertex   -1.900000e+01 -5.300000e+01 -1.500000e+01
    endloop
  endfacet
  facet normal -9.980267e-01 -6.279052e-02 0.000000e+00
    outer loop
      vertex   -1.900000e+01 -5.300000e+01 -1.500000e+01
      vertex   -1.896846e+01 -5.350133e+01 -5.000000e+00
      vertex   -1.900000e+01 -5.300000e+01 -5.000000e+00
    endloop
  endfacet
  facet normal -4.880110e-16 -4.392178e-17 1.000000e+00
    outer loop
      vertex   1.696786e+01 -5.064289e+01 -5.000000e+00
      vertex   1.700000e+01 -5.100000e+01 -5.000000e+00
      vertex   1.900000e+01 -5.300000e+01 -5.000000e+00
    endloop
  endfacet
  facet normal -4.074207e-16 3.666853e-17 1.000000e+00
    outer loop
      vertex   1.900000e+01 -5.300000e+01 -5.000000e+00
      vertex   1.700000e+01 -5.100000e+01 -5.000000e+00
      vertex   1.696786e+01 -5.135711e+01 -5.000000e+00
    endloop
  endfacet
  facet normal -3.573370e-16 9.861874e-17 1.000000e+00
    outer loop
      vertex   1.900000e+01 -5.300000e+01 -5.000000e+00
      vertex   1.696786e+01 -5.135711e+01 -5.000000e+00
      vertex   1.687247e+01 -5.170275e+01 -5.000000e+00
    endloop
  endfacet
  facet normal -3.227096e-16 1.554087e-16 1.000000e+00
    outer loop
      vertex   1.687247e+01 -5.170275e+01 -5.000000e+00
      vertex   1.671690e+01 -5.202580e+01 -5.000000e+00
      vertex   1.900000e+01 -5.300000e+01 -5.000000e+00
    endloop
  endfacet
  facet normal -2.969601e-16 2.157542e-16 1.000000e+00
    outer loop
      vertex   1.900000e+01 -5.300000e+01 -5.000000e+00
      vertex   1.671690e+01 -5.202580e+01 -5.000000e+00
      vertex   1.650614e+01 -5.231588e+01 -5.000000e+00
    endloop
  endfacet
  facet normal -3.501041e-16 2.202668e-17 1.000000e+00
    outer loop
      vertex   1.900000e+01 -5.300000e+01 -5.000000e+00
      vertex   1.650614e+01 -5.231588e+01 -5.000000e+00
      vertex   1.896846e+01 -5.350133e+01 -5.000000e+00
    endloop
  endfacet
  facet normal -3.303678e-16 6.302102e-17 1.000000e+00
    outer loop
      vertex   1.896846e+01 -5.350133e+01 -5.000000e+00
      vertex   1.650614e+01 -5.231588e+01 -5.000000e+00
      vertex   1.887433e+01 -5.399476e+01 -5.000000e+00
    endloop
  endfacet
  facet normal -2.153597e-16 2.252486e-16 1.000000e+00
    outer loop
      vertex   1.887433e+01 -5.399476e+01 -5.000000e+00
      vertex   1.650614e+01 -5.231588e+01 -5.000000e+00
      vertex   1.624698e+01 -5.256366e+01 -5.000000e+00
    endloop
  endfacet
  facet normal -2.872185e-16 9.332293e-17 1.000000e+00
    outer loop
      vertex   1.887433e+01 -5.399476e+01 -5.000000e+00
      vertex   1.624698e+01 -5.256366e+01 -5.000000e+00
      vertex   1.871911e+01 -5.447250e+01 -5.000000e+00
    endloop
  endfacet
  facet normal -2.635266e-16 1.240062e-16 1.000000e+00
    outer loop
      vertex   1.871911e+01 -5.447250e+01 -5.000000e+00
      vertex   1.624698e+01 -5.256366e+01 -5.000000e+00
      vertex   1.850523e+01 -5.492701e+01 -5.000000e+00
    endloop
  endfacet
  facet normal -1.521225e-16 2.304558e-16 1.000000e+00
    outer loop
      vertex   1.850523e+01 -5.492701e+01 -5.000000e+00
      vertex   1.624698e+01 -5.256366e+01 -5.000000e+00
      vertex   1.594774e+01 -5.276119e+01 -5.000000e+00
    endloop
  endfacet
  facet normal -2.258868e-16 1.433521e-16 1.000000e+00
    outer loop
      vertex   1.850523e+01 -5.492701e+01 -5.000000e+00
      vertex   1.594774e+01 -5.276119e+01 -5.000000e+00
      vertex   1.823607e+01 -5.535114e+01 -5.000000e+00
    endloop
  endfacet
  facet normal -2.004500e-16 1.658266e-16 1.000000e+00
    outer loop
      vertex   1.823607e+01 -5.535114e+01 -5.000000e+00
      vertex   1.594774e+01 -5.276119e+01 -5.000000e+00
      vertex   1.791587e+01 -5.573819e+01 -5.000000e+00
    endloop
  endfacet
  facet normal -9.942479e-17 2.326159e-16 1.000000e+00
    outer loop
      vertex   1.791587e+01 -5.573819e+01 -5.000000e+00
      vertex   1.594774e+01 -5.276119e+01 -5.000000e+00
      vertex   1.561803e+01 -5.290211e+01 -5.000000e+00
    endloop
  endfacet
  facet normal -1.670151e-16 1.778530e-16 1.000000e+00
    outer loop
      vertex   1.791587e+01 -5.573819e+01 -5.000000e+00
      vertex   1.561803e+01 -5.290211e+01 -5.000000e+00
      vertex   1.754970e+01 -5.608205e+01 -5.000000e+00
    endloop
  endfacet
  facet normal -1.407913e-16 1.937826e-16 1.000000e+00
    outer loop
      vertex   1.754970e+01 -5.608205e+01 -5.000000e+00
      vertex   1.561803e+01 -5.290211e+01 -5.000000e+00
      vertex   1.714331e+01 -5.637731e+01 -5.000000e+00
    endloop
  endfacet
  facet normal -1.131923e-16 2.058959e-16 1.000000e+00
    outer loop
      vertex   1.714331e+01 -5.637731e+01 -5.000000e+00
      vertex   1.561803e+01 -5.290211e+01 -5.000000e+00
      vertex   1.670312e+01 -5.661931e+01 -5.000000e+00
    endloop
  endfacet
  facet normal -5.112943e-17 2.240126e-16 1.000000e+00
    outer loop
      vertex   1.670312e+01 -5.661931e+01 -5.000000e+00
      vertex   1.561803e+01 -5.290211e+01 -5.000000e+00
      vertex   1.526847e+01 -5.298190e+01 -5.000000e+00
    endloop
  endfacet
  facet normal -8.361926e-17 2.111982e-16 1.000000e+00
    outer loop
      vertex   1.670312e+01 -5.661931e+01 -5.000000e+00
      vertex   1.526847e+01 -5.298190e+01 -5.000000e+00
      vertex   1.623607e+01 -5.680423e+01 -5.000000e+00
    endloop
  endfacet
  facet normal -5.602030e-17 2.181847e-16 1.000000e+00
    outer loop
      vertex   1.623607e+01 -5.680423e+01 -5.000000e+00
      vertex   1.526847e+01 -5.298190e+01 -5.000000e+00
      vertex   1.574953e+01 -5.692915e+01 -5.000000e+00
    endloop
  endfacet
  facet normal -2.799462e-17 2.216002e-16 1.000000e+00
    outer loop
      vertex   1.574953e+01 -5.692915e+01 -5.000000e+00
      vertex   1.526847e+01 -5.298190e+01 -5.000000e+00
      vertex   1.525116e+01 -5.699211e+01 -5.000000e+00
    endloop
  endfacet
  facet normal -9.948580e-18 2.215224e-16 1.000000e+00
    outer loop
      vertex   1.525116e+01 -5.699211e+01 -5.000000e+00
      vertex   1.526847e+01 -5.298190e+01 -5.000000e+00
      vertex   1.491027e+01 -5.299799e+01 -5.000000e+00
    endloop
  endfacet
  facet normal -3.145467e-30 2.223714e-16 1.000000e+00
    outer loop
      vertex   1.525116e+01 -5.699211e+01 -5.000000e+00
      vertex   1.491027e+01 -5.299799e+01 -5.000000e+00
      vertex   1.474884e+01 -5.699211e+01 -5.000000e+00
    endloop
  endfacet
  facet normal 2.794934e-17 2.212418e-16 1.000000e+00
    outer loop
      vertex   1.474884e+01 -5.699211e+01 -5.000000e+00
      vertex   1.491027e+01 -5.299799e+01 -5.000000e+00
      vertex   1.425047e+01 -5.692915e+01 -5.000000e+00
    endloop
  endfacet
  facet normal 5.561312e-17 2.165988e-16 1.000000e+00
    outer loop
      vertex   1.425047e+01 -5.692915e+01 -5.000000e+00
      vertex   1.491027e+01 -5.299799e+01 -5.000000e+00
      vertex   1.376393e+01 -5.680423e+01 -5.000000e+00
    endloop
  endfacet
  facet normal 3.037013e-17 2.242013e-16 1.000000e+00
    outer loop
      vertex   1.376393e+01 -5.680423e+01 -5.000000e+00
      vertex   1.491027e+01 -5.299799e+01 -5.000000e+00
      vertex   1.455496e+01 -5.294986e+01 -5.000000e+00
    endloop
  endfacet
  facet normal 8.437905e-17 2.131171e-16 1.000000e+00
    outer loop
      vertex   1.376393e+01 -5.680423e+01 -5.000000e+00
      vertex   1.455496e+01 -5.294986e+01 -5.000000e+00
      vertex   1.329688e+01 -5.661931e+01 -5.000000e+00
    endloop
  endfacet
  facet normal 1.119630e-16 2.036600e-16 1.000000e+00
    outer loop
      vertex   1.329688e+01 -5.661931e+01 -5.000000e+00
      vertex   1.455496e+01 -5.294986e+01 -5.000000e+00
      vertex   1.285669e+01 -5.637731e+01 -5.000000e+00
    endloop
  endfacet
  facet normal 7.252277e-17 2.232021e-16 1.000000e+00
    outer loop
      vertex   1.285669e+01 -5.637731e+01 -5.000000e+00
      vertex   1.455496e+01 -5.294986e+01 -5.000000e+00
      vertex   1.421395e+01 -5.283906e+01 -5.000000e+00
    endloop
  endfacet
  facet normal 1.426277e-16 1.963102e-16 1.000000e+00
    outer loop
      vertex   1.285669e+01 -5.637731e+01 -5.000000e+00
      vertex   1.421395e+01 -5.283906e+01 -5.000000e+00
      vertex   1.245030e+01 -5.608205e+01 -5.000000e+00
    endloop
  endfacet
  facet normal 1.702441e-16 1.812916e-16 1.000000e+00
    outer loop
      vertex   1.245030e+01 -5.608205e+01 -5.000000e+00
      vertex   1.421395e+01 -5.283906e+01 -5.000000e+00
      vertex   1.208413e+01 -5.573819e+01 -5.000000e+00
    endloop
  endfacet
  facet normal 1.961440e-16 1.622644e-16 1.000000e+00
    outer loop
      vertex   1.208413e+01 -5.573819e+01 -5.000000e+00
      vertex   1.421395e+01 -5.283906e+01 -5.000000e+00
      vertex   1.176393e+01 -5.535114e+01 -5.000000e+00
    endloop
  endfacet
  facet normal 1.247747e-16 2.318703e-16 1.000000e+00
    outer loop
      vertex   1.176393e+01 -5.535114e+01 -5.000000e+00
      vertex   1.421395e+01 -5.283906e+01 -5.000000e+00
      vertex   1.389821e+01 -5.266915e+01 -5.000000e+00
    endloop
  endfacet
  facet normal 2.315184e-16 1.469260e-16 1.000000e+00
    outer loop
      vertex   1.176393e+01 -5.535114e+01 -5.000000e+00
      vertex   1.389821e+01 -5.266915e+01 -5.000000e+00
      vertex   1.149477e+01 -5.492701e+01 -5.000000e+00
    endloop
  endfacet
  facet normal 2.562616e-16 1.205876e-16 1.000000e+00
    outer loop
      vertex   1.149477e+01 -5.492701e+01 -5.000000e+00
      vertex   1.389821e+01 -5.266915e+01 -5.000000e+00
      vertex   1.128089e+01 -5.447250e+01 -5.000000e+00
    endloop
  endfacet
  facet normal 1.820544e-16 2.282890e-16 1.000000e+00
    outer loop
      vertex   1.128089e+01 -5.447250e+01 -5.000000e+00
      vertex   1.389821e+01 -5.266915e+01 -5.000000e+00
      vertex   1.361787e+01 -5.244559e+01 -5.000000e+00
    endloop
  endfacet
  facet normal 2.964980e-16 9.633803e-17 1.000000e+00
    outer loop
      vertex   1.128089e+01 -5.447250e+01 -5.000000e+00
      vertex   1.361787e+01 -5.244559e+01 -5.000000e+00
      vertex   1.112567e+01 -5.399476e+01 -5.000000e+00
    endloop
  endfacet
  facet normal 3.186031e-16 6.077678e-17 1.000000e+00
    outer loop
      vertex   1.112567e+01 -5.399476e+01 -5.000000e+00
      vertex   1.361787e+01 -5.244559e+01 -5.000000e+00
      vertex   1.103154e+01 -5.350133e+01 -5.000000e+00
    endloop
  endfacet
  facet normal 2.531354e-16 2.211578e-16 1.000000e+00
    outer loop
      vertex   1.103154e+01 -5.350133e+01 -5.000000e+00
      vertex   1.361787e+01 -5.244559e+01 -5.000000e+00
      vertex   1.338197e+01 -5.217557e+01 -5.000000e+00
    endloop
  endfacet
  facet normal 3.649296e-16 2.295943e-17 1.000000e+00
    outer loop
      vertex   1.103154e+01 -5.350133e+01 -5.000000e+00
      vertex   1.338197e+01 -5.217557e+01 -5.000000e+00
      vertex   1.100000e+01 -5.300000e+01 -5.000000e+00
    endloop
  endfacet
  facet normal 3.089811e-16 1.846076e-16 1.000000e+00
    outer loop
      vertex   1.100000e+01 -5.300000e+01 -5.000000e+00
      vertex   1.338197e+01 -5.217557e+01 -5.000000e+00
      vertex   1.319806e+01 -5.186777e+01 -5.000000e+00
    endloop
  endfacet
  facet normal 3.386122e-16 1.270833e-16 1.000000e+00
    outer loop
      vertex   1.100000e+01 -5.300000e+01 -5.000000e+00
      vertex   1.319806e+01 -5.186777e+01 -5.000000e+00
      vertex   1.307207e+01 -5.153207e+01 -5.000000e+00
    endloop
  endfacet
  facet normal 3.798128e-16 6.892586e-17 1.000000e+00
    outer loop
      vertex   1.307207e+01 -5.153207e+01 -5.000000e+00
      vertex   1.300805e+01 -5.117928e+01 -5.000000e+00
      vertex   1.100000e+01 -5.300000e+01 -5.000000e+00
    endloop
  endfacet
  facet normal 4.423086e-16 -0.000000e+00 1.000000e+00
    outer loop
      vertex   1.100000e+01 -5.300000e+01 -5.000000e+00
      vertex   1.300805e+01 -5.117928e+01 -5.000000e+00
      vertex   1.100000e+01 -4.900000e+01 -5.000000e+00
    endloop
  endfacet
  facet normal 4.423086e-16 0.000000e+00 1.000000e+00
    outer loop
      vertex   1.100000e+01 -4.900000e+01 -5.000000e+00
      vertex   1.300805e+01 -5.117928e+01 -5.000000e+00
      vertex   1.300805e+01 -5.082072e+01 -5.000000e+00
    endloop
  endfacet
  facet normal 3.798128e-16 -6.892586e-17 1.000000e+00
    outer loop
      vertex   1.100000e+01 -4.900000e+01 -5.000000e+00
      vertex   1.300805e+01 -5.082072e+01 -5.000000e+00
      vertex   1.307207e+01 -5.046793e+01 -5.000000e+00
    endloop
  endfacet
  facet normal 3.386122e-16 -1.270833e-16 1.000000e+00
    outer loop
      vertex   1.307207e+01 -5.046793e+01 -5.000000e+00
      vertex   1.319806e+01 -5.013223e+01 -5.000000e+00
      vertex   1.100000e+01 -4.900000e+01 -5.000000e+00
    endloop
  endfacet
  facet normal 3.089811e-16 -1.846076e-16 1.000000e+00
    outer loop
      vertex   1.100000e+01 -4.900000e+01 -5.000000e+00
      vertex   1.319806e+01 -5.013223e+01 -5.000000e+00
      vertex   1.338197e+01 -4.982443e+01 -5.000000e+00
    endloop
  endfacet
  facet normal 2.863015e-16 -2.501341e-16 1.000000e+00
    outer loop
      vertex   1.100000e+01 -4.900000e+01 -5.000000e+00
      vertex   1.338197e+01 -4.982443e+01 -5.000000e+00
      vertex   1.361787e+01 -4.955441e+01 -5.000000e+00
    endloop
  endfacet
  facet normal 3.436772e-16 2.078864e-17 1.000000e+00
    outer loop
      vertex   1.100000e+01 -4.900000e+01 -5.000000e+00
      vertex   1.361787e+01 -4.955441e+01 -5.000000e+00
      vertex   1.097084e+01 -4.851785e+01 -5.000000e+00
    endloop
  endfacet
  facet normal 2.250353e-16 -2.821853e-16 1.000000e+00
    outer loop
      vertex   1.097084e+01 -4.851785e+01 -5.000000e+00
      vertex   1.361787e+01 -4.955441e+01 -5.000000e+00
      vertex   1.389821e+01 -4.933085e+01 -5.000000e+00
    endloop
  endfacet
  facet normal 3.196746e-16 5.858255e-17 1.000000e+00
    outer loop
      vertex   1.097084e+01 -4.851785e+01 -5.000000e+00
      vertex   1.389821e+01 -4.933085e+01 -5.000000e+00
      vertex   1.088377e+01 -4.804274e+01 -5.000000e+00
    endloop
  endfacet
  facet normal 1.642293e-16 -3.051892e-16 1.000000e+00
    outer loop
      vertex   1.088377e+01 -4.804274e+01 -5.000000e+00
      vertex   1.389821e+01 -4.933085e+01 -5.000000e+00
      vertex   1.421395e+01 -4.916094e+01 -5.000000e+00
    endloop
  endfacet
  facet normal 2.978730e-16 9.282098e-17 1.000000e+00
    outer loop
      vertex   1.088377e+01 -4.804274e+01 -5.000000e+00
      vertex   1.421395e+01 -4.916094e+01 -5.000000e+00
      vertex   1.074006e+01 -4.758158e+01 -5.000000e+00
    endloop
  endfacet
  facet normal 1.065643e-16 -3.279713e-16 1.000000e+00
    outer loop
      vertex   1.074006e+01 -4.758158e+01 -5.000000e+00
      vertex   1.421395e+01 -4.916094e+01 -5.000000e+00
      vertex   1.455496e+01 -4.905014e+01 -5.000000e+00
    endloop
  endfacet
  facet normal 2.816086e-16 1.267417e-16 1.000000e+00
    outer loop
      vertex   1.074006e+01 -4.758158e+01 -5.000000e+00
      vertex   1.455496e+01 -4.905014e+01 -5.000000e+00
      vertex   1.054182e+01 -4.714111e+01 -5.000000e+00
    endloop
  endfacet
  facet normal 4.905380e-17 -3.621297e-16 1.000000e+00
    outer loop
      vertex   1.054182e+01 -4.714111e+01 -5.000000e+00
      vertex   1.455496e+01 -4.905014e+01 -5.000000e+00
      vertex   1.491027e+01 -4.900201e+01 -5.000000e+00
    endloop
  endfacet
  facet normal 2.738343e-16 1.655386e-16 1.000000e+00
    outer loop
      vertex   1.054182e+01 -4.714111e+01 -5.000000e+00
      vertex   1.491027e+01 -4.900201e+01 -5.000000e+00
      vertex   1.029194e+01 -4.672774e+01 -5.000000e+00
    endloop
  endfacet
  facet normal 5.523155e-17 -2.783750e-16 1.000000e+00
    outer loop
      vertex   1.029194e+01 -4.672774e+01 -5.000000e+00
      vertex   1.491027e+01 -4.900201e+01 -5.000000e+00
      vertex   1.900000e+01 -4.500000e+01 -5.000000e+00
    endloop
  endfacet
  facet normal 0.000000e+00 -0.000000e+00 1.000000e+00
    outer loop
      vertex   1.029194e+01 -4.672774e+01 -5.000000e+00
      vertex   1.900000e+01 -4.500000e+01 -5.000000e+00
      vertex   9.994043e+00 -4.634751e+01 -5.000000e+00
    endloop
  endfacet
  facet normal 0.000000e+00 -0.000000e+00 1.000000e+00
    outer loop
      vertex   9.994043e+00 -4.634751e+01 -5.000000e+00
      vertex   1.900000e+01 -4.500000e+01 -5.000000e+00
      vertex   9.652491e+00 -4.600596e+01 -5.000000e+00
    endloop
  endfacet
  facet normal 0.000000e+00 -0.000000e+00 1.000000e+00
    outer loop
      vertex   9.652491e+00 -4.600596e+01 -5.000000e+00
      vertex   1.900000e+01 -4.500000e+01 -5.000000e+00
      vertex   9.272259e+00 -4.570806e+01 -5.000000e+00
    endloop
  endfacet
  facet normal 0.000000e+00 -0.000000e+00 1.000000e+00
    outer loop
      vertex   9.272259e+00 -4.570806e+01 -5.000000e+00
      vertex   1.900000e+01 -4.500000e+01 -5.000000e+00
      vertex   8.858893e+00 -4.545818e+01 -5.000000e+00
    endloop
  endfacet
  facet normal 0.000000e+00 -0.000000e+00 1.000000e+00
    outer loop
      vertex   8.858893e+00 -4.545818e+01 -5.000000e+00
      vertex   1.900000e+01 -4.500000e+01 -5.000000e+00
      vertex   8.418420e+00 -4.525994e+01 -5.000000e+00
    endloop
  endfacet
  facet normal 0.000000e+00 -0.000000e+00 1.000000e+00
    outer loop
      vertex   8.418420e+00 -4.525994e+01 -5.000000e+00
      vertex   1.900000e+01 -4.500000e+01 -5.000000e+00
      vertex   7.957263e+00 -4.511623e+01 -5.000000e+00
    endloop
  endfacet
  facet normal 0.000000e+00 -0.000000e+00 1.000000e+00
    outer loop
      vertex   7.957263e+00 -4.511623e+01 -5.000000e+00
      vertex   1.900000e+01 -4.500000e+01 -5.000000e+00
      vertex   7.482147e+00 -4.502916e+01 -5.000000e+00
    endloop
  endfacet
  facet normal 0.000000e+00 -0.000000e+00 1.000000e+00
    outer loop
      vertex   7.482147e+00 -4.502916e+01 -5.000000e+00
      vertex   1.900000e+01 -4.500000e+01 -5.000000e+00
      vertex   7.000000e+00 -4.500000e+01 -5.000000e+00
    endloop
  endfacet
  facet normal -9.529659e-18 -2.121943e-16 1.000000e+00
    outer loop
      vertex   1.491027e+01 -4.900201e+01 -5.000000e+00
      vertex   1.526847e+01 -4.901810e+01 -5.000000e+00
      vertex   1.900000e+01 -4.500000e+01 -5.000000e+00
    endloop
  endfacet
  facet normal -4.162820e-17 -1.823850e-16 1.000000e+00
    outer loop
      vertex   1.900000e+01 -4.500000e+01 -5.000000e+00
      vertex   1.526847e+01 -4.901810e+01 -5.000000e+00
      vertex   1.561803e+01 -4.909789e+01 -5.000000e+00
    endloop
  endfacet
  facet normal -6.848235e-17 -1.602224e-16 1.000000e+00
    outer loop
      vertex   1.900000e+01 -4.500000e+01 -5.000000e+00
      vertex   1.561803e+01 -4.909789e+01 -5.000000e+00
      vertex   1.594774e+01 -4.923881e+01 -5.000000e+00
    endloop
  endfacet
  facet normal -9.375118e-17 -1.420270e-16 1.000000e+00
    outer loop
      vertex   1.594774e+01 -4.923881e+01 -5.000000e+00
      vertex   1.624698e+01 -4.943634e+01 -5.000000e+00
      vertex   1.900000e+01 -4.500000e+01 -5.000000e+00
    endloop
  endfacet
  facet normal -1.201367e-16 -1.256531e-16 1.000000e+00
    outer loop
      vertex   1.900000e+01 -4.500000e+01 -5.000000e+00
      vertex   1.624698e+01 -4.943634e+01 -5.000000e+00
      vertex   1.650614e+01 -4.968412e+01 -5.000000e+00
    endloop
  endfacet
  facet normal -1.506135e-16 -1.094271e-16 1.000000e+00
    outer loop
      vertex   1.900000e+01 -4.500000e+01 -5.000000e+00
      vertex   1.650614e+01 -4.968412e+01 -5.000000e+00
      vertex   1.671690e+01 -4.997420e+01 -5.000000e+00
    endloop
  endfacet
  facet normal -1.898405e-16 -9.142235e-17 1.000000e+00
    outer loop
      vertex   1.671690e+01 -4.997420e+01 -5.000000e+00
      vertex   1.687247e+01 -5.029725e+01 -5.000000e+00
      vertex   1.900000e+01 -4.500000e+01 -5.000000e+00
    endloop
  endfacet
  facet normal -4.174692e-16 0.000000e+00 1.000000e+00
    outer loop
      vertex   1.900000e+01 -4.500000e+01 -5.000000e+00
      vertex   1.687247e+01 -5.029725e+01 -5.000000e+00
      vertex   1.900000e+01 -5.300000e+01 -5.000000e+00
    endloop
  endfacet
  facet normal -6.428535e-16 -1.774163e-16 1.000000e+00
    outer loop
      vertex   1.900000e+01 -5.300000e+01 -5.000000e+00
      vertex   1.687247e+01 -5.029725e+01 -5.000000e+00
      vertex   1.696786e+01 -5.064289e+01 -5.000000e+00
    endloop
  endfacet
  facet normal -9.980267e-01 -6.279052e-02 -0.000000e+00
    outer loop
      vertex   1.100000e+01 -5.300000e+01 -5.000000e+00
      vertex   1.100000e+01 -5.300000e+01 -1.500000e+01
      vertex   1.103154e+01 -5.350133e+01 -5.000000e+00
    endloop
  endfacet
  facet normal -9.980267e-01 -6.279052e-02 -3.545703e-16
    outer loop
      vertex   1.103154e+01 -5.350133e+01 -5.000000e+00
      vertex   1.100000e+01 -5.300000e+01 -1.500000e+01
      vertex   1.103154e+01 -5.350133e+01 -1.500000e+01
    endloop
  endfacet
  facet normal -9.822873e-01 -1.873813e-01 -3.489785e-16
    outer loop
      vertex   1.103154e+01 -5.350133e+01 -5.000000e+00
      vertex   1.103154e+01 -5.350133e+01 -1.500000e+01
      vertex   1.112567e+01 -5.399476e+01 -5.000000e+00
    endloop
  endfacet
  facet normal -9.822873e-01 -1.873813e-01 -0.000000e+00
    outer loop
      vertex   1.112567e+01 -5.399476e+01 -5.000000e+00
      vertex   1.103154e+01 -5.350133e+01 -1.500000e+01
      vertex   1.112567e+01 -5.399476e+01 -1.500000e+01
    endloop
  endfacet
  facet normal -9.510565e-01 -3.090170e-01 -0.000000e+00
    outer loop
      vertex   1.112567e+01 -5.399476e+01 -5.000000e+00
      vertex   1.112567e+01 -5.399476e+01 -1.500000e+01
      vertex   1.128089e+01 -5.447250e+01 -5.000000e+00
    endloop
  endfacet
  facet normal -9.510565e-01 -3.090170e-01 -1.689416e-16
    outer loop
      vertex   1.128089e+01 -5.447250e+01 -5.000000e+00
      vertex   1.112567e+01 -5.399476e+01 -1.500000e+01
      vertex   1.128089e+01 -5.447250e+01 -1.500000e+01
    endloop
  endfacet
  facet normal -9.048271e-01 -4.257793e-01 -1.607296e-16
    outer loop
      vertex   1.128089e+01 -5.447250e+01 -5.000000e+00
      vertex   1.128089e+01 -5.447250e+01 -1.500000e+01
      vertex   1.149477e+01 -5.492701e+01 -5.000000e+00
    endloop
  endfacet
  facet normal -9.048271e-01 -4.257793e-01 -0.000000e+00
    outer loop
      vertex   1.149477e+01 -5.492701e+01 -5.000000e+00
      vertex   1.128089e+01 -5.447250e+01 -1.500000e+01
      vertex   1.149477e+01 -5.492701e+01 -1.500000e+01
    endloop
  endfacet
  facet normal -8.443279e-01 -5.358268e-01 -0.000000e+00
    outer loop
      vertex   1.149477e+01 -5.492701e+01 -5.000000e+00
      vertex   1.149477e+01 -5.492701e+01 -1.500000e+01
      vertex   1.176393e+01 -5.535114e+01 -5.000000e+00
    endloop
  endfacet
  facet normal -8.443279e-01 -5.358268e-01 -0.000000e+00
    outer loop
      vertex   1.176393e+01 -5.535114e+01 -5.000000e+00
      vertex   1.149477e+01 -5.492701e+01 -1.500000e+01
      vertex   1.176393e+01 -5.535114e+01 -1.500000e+01
    endloop
  endfacet
  facet normal -7.705132e-01 -6.374240e-01 -0.000000e+00
    outer loop
      vertex   1.176393e+01 -5.535114e+01 -5.000000e+00
      vertex   1.176393e+01 -5.535114e+01 -1.500000e+01
      vertex   1.208413e+01 -5.573819e+01 -5.000000e+00
    endloop
  endfacet
  facet normal -7.705132e-01 -6.374240e-01 -0.000000e+00
    outer loop
      vertex   1.208413e+01 -5.573819e+01 -5.000000e+00
      vertex   1.176393e+01 -5.535114e+01 -1.500000e+01
      vertex   1.208413e+01 -5.573819e+01 -1.500000e+01
    endloop
  endfacet
  facet normal -6.845471e-01 -7.289686e-01 -0.000000e+00
    outer loop
      vertex   1.208413e+01 -5.573819e+01 -5.000000e+00
      vertex   1.208413e+01 -5.573819e+01 -1.500000e+01
      vertex   1.245030e+01 -5.608205e+01 -5.000000e+00
    endloop
  endfacet
  facet normal -6.845471e-01 -7.289686e-01 -2.747634e-16
    outer loop
      vertex   1.245030e+01 -5.608205e+01 -5.000000e+00
      vertex   1.208413e+01 -5.573819e+01 -1.500000e+01
      vertex   1.245030e+01 -5.608205e+01 -1.500000e+01
    endloop
  endfacet
  facet normal -5.877853e-01 -8.090170e-01 -3.660179e-16
    outer loop
      vertex   1.245030e+01 -5.608205e+01 -5.000000e+00
      vertex   1.245030e+01 -5.608205e+01 -1.500000e+01
      vertex   1.285669e+01 -5.637731e+01 -5.000000e+00
    endloop
  endfacet
  facet normal -5.877853e-01 -8.090170e-01 -1.044116e-16
    outer loop
      vertex   1.285669e+01 -5.637731e+01 -5.000000e+00
      vertex   1.245030e+01 -5.608205e+01 -1.500000e+01
      vertex   1.285669e+01 -5.637731e+01 -1.500000e+01
    endloop
  endfacet
  facet normal -4.817537e-01 -8.763067e-01 -8.557664e-17
    outer loop
      vertex   1.285669e+01 -5.637731e+01 -5.000000e+00
      vertex   1.285669e+01 -5.637731e+01 -1.500000e+01
      vertex   1.329688e+01 -5.661931e+01 -5.000000e+00
    endloop
  endfacet
  facet normal -4.817537e-01 -8.763067e-01 -0.000000e+00
    outer loop
      vertex   1.329688e+01 -5.661931e+01 -5.000000e+00
      vertex   1.285669e+01 -5.637731e+01 -1.500000e+01
      vertex   1.329688e+01 -5.661931e+01 -1.500000e+01
    endloop
  endfacet
  facet normal -3.681246e-01 -9.297765e-01 -0.000000e+00
    outer loop
      vertex   1.329688e+01 -5.661931e+01 -5.000000e+00
      vertex   1.329688e+01 -5.661931e+01 -1.500000e+01
      vertex   1.376393e+01 -5.680423e+01 -5.000000e+00
    endloop
  endfacet
  facet normal -3.681246e-01 -9.297765e-01 1.321292e-15
    outer loop
      vertex   1.376393e+01 -5.680423e+01 -5.000000e+00
      vertex   1.329688e+01 -5.661931e+01 -1.500000e+01
      vertex   1.376393e+01 -5.680423e+01 -1.500000e+01
    endloop
  endfacet
  facet normal -2.486899e-01 -9.685832e-01 1.376439e-15
    outer loop
      vertex   1.376393e+01 -5.680423e+01 -5.000000e+00
      vertex   1.376393e+01 -5.680423e+01 -1.500000e+01
      vertex   1.425047e+01 -5.692915e+01 -5.000000e+00
    endloop
  endfacet
  facet normal -2.486899e-01 -9.685832e-01 6.440435e-16
    outer loop
      vertex   1.425047e+01 -5.692915e+01 -5.000000e+00
      vertex   1.376393e+01 -5.680423e+01 -1.500000e+01
      vertex   1.425047e+01 -5.692915e+01 -1.500000e+01
    endloop
  endfacet
  facet normal -1.253332e-01 -9.921147e-01 6.826762e-16
    outer loop
      vertex   1.425047e+01 -5.692915e+01 -5.000000e+00
      vertex   1.425047e+01 -5.692915e+01 -1.500000e+01
      vertex   1.474884e+01 -5.699211e+01 -5.000000e+00
    endloop
  endfacet
  facet normal -1.253332e-01 -9.921147e-01 -0.000000e+00
    outer loop
      vertex   1.474884e+01 -5.699211e+01 -5.000000e+00
      vertex   1.425047e+01 -5.692915e+01 -1.500000e+01
      vertex   1.474884e+01 -5.699211e+01 -1.500000e+01
    endloop
  endfacet
  facet normal 1.414510e-14 -1.000000e+00 0.000000e+00
    outer loop
      vertex   1.474884e+01 -5.699211e+01 -5.000000e+00
      vertex   1.474884e+01 -5.699211e+01 -1.500000e+01
      vertex   1.525116e+01 -5.699211e+01 -5.000000e+00
    endloop
  endfacet
  facet normal 0.000000e+00 -1.000000e+00 7.105427e-16
    outer loop
      vertex   1.525116e+01 -5.699211e+01 -5.000000e+00
      vertex   1.474884e+01 -5.699211e+01 -1.500000e+01
      vertex   1.525116e+01 -5.699211e+01 -1.500000e+01
    endloop
  endfacet
  facet normal 1.253332e-01 -9.921147e-01 7.049399e-16
    outer loop
      vertex   1.525116e+01 -5.699211e+01 -5.000000e+00
      vertex   1.525116e+01 -5.699211e+01 -1.500000e+01
      vertex   1.574953e+01 -5.692915e+01 -5.000000e+00
    endloop
  endfacet
  facet normal 1.253332e-01 -9.921147e-01 0.000000e+00
    outer loop
      vertex   1.574953e+01 -5.692915e+01 -5.000000e+00
      vertex   1.525116e+01 -5.699211e+01 -1.500000e+01
      vertex   1.574953e+01 -5.692915e+01 -1.500000e+01
    endloop
  endfacet
  facet normal 2.486899e-01 -9.685832e-01 0.000000e+00
    outer loop
      vertex   1.574953e+01 -5.692915e+01 -5.000000e+00
      vertex   1.574953e+01 -5.692915e+01 -1.500000e+01
      vertex   1.623607e+01 -5.680423e+01 -5.000000e+00
    endloop
  endfacet
  facet normal 2.486899e-01 -9.685832e-01 8.835240e-17
    outer loop
      vertex   1.623607e+01 -5.680423e+01 -5.000000e+00
      vertex   1.574953e+01 -5.692915e+01 -1.500000e+01
      vertex   1.623607e+01 -5.680423e+01 -1.500000e+01
    endloop
  endfacet
  facet normal 3.681246e-01 -9.297765e-01 1.307841e-16
    outer loop
      vertex   1.623607e+01 -5.680423e+01 -5.000000e+00
      vertex   1.623607e+01 -5.680423e+01 -1.500000e+01
      vertex   1.670312e+01 -5.661931e+01 -5.000000e+00
    endloop
  endfacet
  facet normal 3.681246e-01 -9.297765e-01 0.000000e+00
    outer loop
      vertex   1.670312e+01 -5.661931e+01 -5.000000e+00
      vertex   1.623607e+01 -5.680423e+01 -1.500000e+01
      vertex   1.670312e+01 -5.661931e+01 -1.500000e+01
    endloop
  endfacet
  facet normal 4.817537e-01 -8.763067e-01 0.000000e+00
    outer loop
      vertex   1.670312e+01 -5.661931e+01 -5.000000e+00
      vertex   1.670312e+01 -5.661931e+01 -1.500000e+01
      vertex   1.714331e+01 -5.637731e+01 -5.000000e+00
    endloop
  endfacet
  facet normal 4.817537e-01 -8.763067e-01 1.711533e-16
    outer loop
      vertex   1.714331e+01 -5.637731e+01 -5.000000e+00
      vertex   1.670312e+01 -5.661931e+01 -1.500000e+01
      vertex   1.714331e+01 -5.637731e+01 -1.500000e+01
    endloop
  endfacet
  facet normal 5.877853e-01 -8.090170e-01 2.088233e-16
    outer loop
      vertex   1.714331e+01 -5.637731e+01 -5.000000e+00
      vertex   1.714331e+01 -5.637731e+01 -1.500000e+01
      vertex   1.754970e+01 -5.608205e+01 -5.000000e+00
    endloop
  endfacet
  facet normal 5.877853e-01 -8.090170e-01 0.000000e+00
    outer loop
      vertex   1.754970e+01 -5.608205e+01 -5.000000e+00
      vertex   1.714331e+01 -5.637731e+01 -1.500000e+01
      vertex   1.754970e+01 -5.608205e+01 -1.500000e+01
    endloop
  endfacet
  facet normal 6.845471e-01 -7.289686e-01 0.000000e+00
    outer loop
      vertex   1.754970e+01 -5.608205e+01 -5.000000e+00
      vertex   1.754970e+01 -5.608205e+01 -1.500000e+01
      vertex   1.791587e+01 -5.573819e+01 -5.000000e+00
    endloop
  endfacet
  facet normal 6.845471e-01 -7.289686e-01 2.432000e-16
    outer loop
      vertex   1.791587e+01 -5.573819e+01 -5.000000e+00
      vertex   1.754970e+01 -5.608205e+01 -1.500000e+01
      vertex   1.791587e+01 -5.573819e+01 -1.500000e+01
    endloop
  endfacet
  facet normal 7.705132e-01 -6.374240e-01 2.737413e-16
    outer loop
      vertex   1.791587e+01 -5.573819e+01 -5.000000e+00
      vertex   1.791587e+01 -5.573819e+01 -1.500000e+01
      vertex   1.823607e+01 -5.535114e+01 -5.000000e+00
    endloop
  endfacet
  facet normal 7.705132e-01 -6.374240e-01 0.000000e+00
    outer loop
      vertex   1.823607e+01 -5.535114e+01 -5.000000e+00
      vertex   1.791587e+01 -5.573819e+01 -1.500000e+01
      vertex   1.823607e+01 -5.535114e+01 -1.500000e+01
    endloop
  endfacet
  facet normal 8.443279e-01 -5.358268e-01 0.000000e+00
    outer loop
      vertex   1.823607e+01 -5.535114e+01 -5.000000e+00
      vertex   1.823607e+01 -5.535114e+01 -1.500000e+01
      vertex   1.850523e+01 -5.492701e+01 -5.000000e+00
    endloop
  endfacet
  facet normal 8.443279e-01 -5.358268e-01 0.000000e+00
    outer loop
      vertex   1.850523e+01 -5.492701e+01 -5.000000e+00
      vertex   1.823607e+01 -5.535114e+01 -1.500000e+01
      vertex   1.850523e+01 -5.492701e+01 -1.500000e+01
    endloop
  endfacet
  facet normal 9.048271e-01 -4.257793e-01 0.000000e+00
    outer loop
      vertex   1.850523e+01 -5.492701e+01 -5.000000e+00
      vertex   1.850523e+01 -5.492701e+01 -1.500000e+01
      vertex   1.871911e+01 -5.447250e+01 -5.000000e+00
    endloop
  endfacet
  facet normal 9.048271e-01 -4.257793e-01 -1.892476e-17
    outer loop
      vertex   1.871911e+01 -5.447250e+01 -5.000000e+00
      vertex   1.850523e+01 -5.492701e+01 -1.500000e+01
      vertex   1.871911e+01 -5.447250e+01 -1.500000e+01
    endloop
  endfacet
  facet normal 9.510565e-01 -3.090170e-01 -1.183134e-16
    outer loop
      vertex   1.871911e+01 -5.447250e+01 -5.000000e+00
      vertex   1.871911e+01 -5.447250e+01 -1.500000e+01
      vertex   1.887433e+01 -5.399476e+01 -5.000000e+00
    endloop
  endfacet
  facet normal 9.510565e-01 -3.090170e-01 0.000000e+00
    outer loop
      vertex   1.887433e+01 -5.399476e+01 -5.000000e+00
      vertex   1.871911e+01 -5.447250e+01 -1.500000e+01
      vertex   1.887433e+01 -5.399476e+01 -1.500000e+01
    endloop
  endfacet
  facet normal 9.822873e-01 -1.873813e-01 0.000000e+00
    outer loop
      vertex   1.887433e+01 -5.399476e+01 -5.000000e+00
      vertex   1.887433e+01 -5.399476e+01 -1.500000e+01
      vertex   1.896846e+01 -5.350133e+01 -5.000000e+00
    endloop
  endfacet
  facet normal 9.822873e-01 -1.873813e-01 -4.821210e-16
    outer loop
      vertex   1.896846e+01 -5.350133e+01 -5.000000e+00
      vertex   1.887433e+01 -5.399476e+01 -1.500000e+01
      vertex   1.896846e+01 -5.350133e+01 -1.500000e+01
    endloop
  endfacet
  facet normal 9.980267e-01 -6.279052e-02 -3.991857e-16
    outer loop
      vertex   1.896846e+01 -5.350133e+01 -5.000000e+00
      vertex   1.896846e+01 -5.350133e+01 -1.500000e+01
      vertex   1.900000e+01 -5.300000e+01 -5.000000e+00
    endloop
  endfacet
  facet normal 9.980267e-01 -6.279052e-02 0.000000e+00
    outer loop
      vertex   1.900000e+01 -5.300000e+01 -5.000000e+00
      vertex   1.896846e+01 -5.350133e+01 -1.500000e+01
      vertex   1.900000e+01 -5.300000e+01 -1.500000e+01
    endloop
  endfacet
  facet normal 1.000000e+00 -0.000000e+00 0.000000e+00
    outer loop
      vertex   1.900000e+01 -5.300000e+01 -5.000000e+00
      vertex   1.900000e+01 -5.300000e+01 -1.500000e+01
      vertex   1.900000e+01 -4.500000e+01 -5.000000e+00
    endloop
  endfacet
  facet normal 1.000000e+00 0.000000e+00 0.000000e+00
    outer loop
      vertex   1.900000e+01 -4.500000e+01 -5.000000e+00
      vertex   1.900000e+01 -5.300000e+01 -1.500000e+01
      vertex   1.900000e+01 -3.600000e+01 -1.500000e+01
    endloop
  endfacet
  facet normal 1.000000e+00 0.000000e+00 0.000000e+00
    outer loop
      vertex   1.900000e+01 -4.500000e+01 -5.000000e+00
      vertex   1.900000e+01 -3.600000e+01 -1.500000e+01
      vertex   1.900000e+01 -3.000000e+01 -9.000000e+00
    endloop
  endfacet
  facet normal 1.000000e+00 -0.000000e+00 0.000000e+00
    outer loop
      vertex   1.900000e+01 -4.500000e+01 -5.000000e+00
      vertex   1.900000e+01 -3.000000e+01 -9.000000e+00
      vertex   1.900000e+01 -4.500000e+01 5.000000e+00
    endloop
  endfacet
  facet normal 1.000000e+00 -0.000000e+00 0.000000e+00
    outer loop
      vertex   1.900000e+01 -4.500000e+01 5.000000e+00
      vertex   1.900000e+01 -3.000000e+01 -9.000000e+00
      vertex   1.900000e+01 -3.000000e+01 1.000000e+01
    endloop
  endfacet
  facet normal 1.000000e+00 0.000000e+00 -0.000000e+00
    outer loop
      vertex   1.900000e+01 -4.500000e+01 5.000000e+00
      vertex   1.900000e+01 -3.000000e+01 1.000000e+01
      vertex   1.900000e+01 -5.300000e+01 1.000000e+01
    endloop
  endfacet
  facet normal 1.000000e+00 0.000000e+00 0.000000e+00
    outer loop
      vertex   1.900000e+01 -5.300000e+01 1.000000e+01
      vertex   1.900000e+01 -5.300000e+01 5.000000e+00
      vertex   1.900000e+01 -4.500000e+01 5.000000e+00
    endloop
  endfacet
  facet normal 9.980267e-01 -6.279052e-02 0.000000e+00
    outer loop
      vertex   1.900000e+01 -5.300000e+01 5.000000e+00
      vertex   1.900000e+01 -5.300000e+01 1.000000e+01
      vertex   1.896846e+01 -5.350133e+01 5.000000e+00
    endloop
  endfacet
  facet normal 9.980267e-01 -6.279052e-02 -7.983713e-16
    outer loop
      vertex   1.896846e+01 -5.350133e+01 5.000000e+00
      vertex   1.900000e+01 -5.300000e+01 1.000000e+01
      vertex   1.896846e+01 -5.350133e+01 1.000000e+01
    endloop
  endfacet
  facet normal 9.822873e-01 -1.873813e-01 -9.642419e-16
    outer loop
      vertex   1.896846e+01 -5.350133e+01 5.000000e+00
      vertex   1.896846e+01 -5.350133e+01 1.000000e+01
      vertex   1.887433e+01 -5.399476e+01 5.000000e+00
    endloop
  endfacet
  facet normal 9.822873e-01 -1.873813e-01 0.000000e+00
    outer loop
      vertex   1.887433e+01 -5.399476e+01 5.000000e+00
      vertex   1.896846e+01 -5.350133e+01 1.000000e+01
      vertex   1.887433e+01 -5.399476e+01 1.000000e+01
    endloop
  endfacet
  facet normal 9.510565e-01 -3.090170e-01 0.000000e+00
    outer loop
      vertex   1.887433e+01 -5.399476e+01 5.000000e+00
      vertex   1.887433e+01 -5.399476e+01 1.000000e+01
      vertex   1.871911e+01 -5.447250e+01 5.000000e+00
    endloop
  endfacet
  facet normal 9.510565e-01 -3.090170e-01 -2.366267e-16
    outer loop
      vertex   1.871911e+01 -5.447250e+01 5.000000e+00
      vertex   1.887433e+01 -5.399476e+01 1.000000e+01
      vertex   1.871911e+01 -5.447250e+01 1.000000e+01
    endloop
  endfacet
  facet normal 9.048271e-01 -4.257793e-01 -3.784952e-17
    outer loop
      vertex   1.871911e+01 -5.447250e+01 5.000000e+00
      vertex   1.871911e+01 -5.447250e+01 1.000000e+01
      vertex   1.850523e+01 -5.492701e+01 5.000000e+00
    endloop
  endfacet
  facet normal 9.048271e-01 -4.257793e-01 0.000000e+00
    outer loop
      vertex   1.850523e+01 -5.492701e+01 5.000000e+00
      vertex   1.871911e+01 -5.447250e+01 1.000000e+01
      vertex   1.850523e+01 -5.492701e+01 1.000000e+01
    endloop
  endfacet
  facet normal 8.443279e-01 -5.358268e-01 0.000000e+00
    outer loop
      vertex   1.850523e+01 -5.492701e+01 5.000000e+00
      vertex   1.850523e+01 -5.492701e+01 1.000000e+01
      vertex   1.823607e+01 -5.535114e+01 5.000000e+00
    endloop
  endfacet
  facet normal 8.443279e-01 -5.358268e-01 0.000000e+00
    outer loop
      vertex   1.823607e+01 -5.535114e+01 5.000000e+00
      vertex   1.850523e+01 -5.492701e+01 1.000000e+01
      vertex   1.823607e+01 -5.535114e+01 1.000000e+01
    endloop
  endfacet
  facet normal 7.705132e-01 -6.374240e-01 0.000000e+00
    outer loop
      vertex   1.823607e+01 -5.535114e+01 5.000000e+00
      vertex   1.823607e+01 -5.535114e+01 1.000000e+01
      vertex   1.791587e+01 -5.573819e+01 5.000000e+00
    endloop
  endfacet
  facet normal 7.705132e-01 -6.374240e-01 5.474826e-16
    outer loop
      vertex   1.791587e+01 -5.573819e+01 5.000000e+00
      vertex   1.823607e+01 -5.535114e+01 1.000000e+01
      vertex   1.791587e+01 -5.573819e+01 1.000000e+01
    endloop
  endfacet
  facet normal 6.845471e-01 -7.289686e-01 4.864000e-16
    outer loop
      vertex   1.791587e+01 -5.573819e+01 5.000000e+00
      vertex   1.791587e+01 -5.573819e+01 1.000000e+01
      vertex   1.754970e+01 -5.608205e+01 5.000000e+00
    endloop
  endfacet
  facet normal 6.845471e-01 -7.289686e-01 0.000000e+00
    outer loop
      vertex   1.754970e+01 -5.608205e+01 5.000000e+00
      vertex   1.791587e+01 -5.573819e+01 1.000000e+01
      vertex   1.754970e+01 -5.608205e+01 1.000000e+01
    endloop
  endfacet
  facet normal 5.877853e-01 -8.090170e-01 0.000000e+00
    outer loop
      vertex   1.754970e+01 -5.608205e+01 5.000000e+00
      vertex   1.754970e+01 -5.608205e+01 1.000000e+01
      vertex   1.714331e+01 -5.637731e+01 5.000000e+00
    endloop
  endfacet
  facet normal 5.877853e-01 -8.090170e-01 4.176465e-16
    outer loop
      vertex   1.714331e+01 -5.637731e+01 5.000000e+00
      vertex   1.754970e+01 -5.608205e+01 1.000000e+01
      vertex   1.714331e+01 -5.637731e+01 1.000000e+01
    endloop
  endfacet
  facet normal 4.817537e-01 -8.763067e-01 3.423066e-16
    outer loop
      vertex   1.714331e+01 -5.637731e+01 5.000000e+00
      vertex   1.714331e+01 -5.637731e+01 1.000000e+01
      vertex   1.670312e+01 -5.661931e+01 5.000000e+00
    endloop
  endfacet
  facet normal 4.817537e-01 -8.763067e-01 0.000000e+00
    outer loop
      vertex   1.670312e+01 -5.661931e+01 5.000000e+00
      vertex   1.714331e+01 -5.637731e+01 1.000000e+01
      vertex   1.670312e+01 -5.661931e+01 1.000000e+01
    endloop
  endfacet
  facet normal 3.681246e-01 -9.297765e-01 0.000000e+00
    outer loop
      vertex   1.670312e+01 -5.661931e+01 5.000000e+00
      vertex   1.670312e+01 -5.661931e+01 1.000000e+01
      vertex   1.623607e+01 -5.680423e+01 5.000000e+00
    endloop
  endfacet
  facet normal 3.681246e-01 -9.297765e-01 2.615682e-16
    outer loop
      vertex   1.623607e+01 -5.680423e+01 5.000000e+00
      vertex   1.670312e+01 -5.661931e+01 1.000000e+01
      vertex   1.623607e+01 -5.680423e+01 1.000000e+01
    endloop
  endfacet
  facet normal 2.486899e-01 -9.685832e-01 1.767048e-16
    outer loop
      vertex   1.623607e+01 -5.680423e+01 5.000000e+00
      vertex   1.623607e+01 -5.680423e+01 1.000000e+01
      vertex   1.574953e+01 -5.692915e+01 5.000000e+00
    endloop
  endfacet
  facet normal 2.486899e-01 -9.685832e-01 0.000000e+00
    outer loop
      vertex   1.574953e+01 -5.692915e+01 5.000000e+00
      vertex   1.623607e+01 -5.680423e+01 1.000000e+01
      vertex   1.574953e+01 -5.692915e+01 1.000000e+01
    endloop
  endfacet
  facet normal 1.253332e-01 -9.921147e-01 0.000000e+00
    outer loop
      vertex   1.574953e+01 -5.692915e+01 5.000000e+00
      vertex   1.574953e+01 -5.692915e+01 1.000000e+01
      vertex   1.525116e+01 -5.699211e+01 5.000000e+00
    endloop
  endfacet
  facet normal 1.253332e-01 -9.921147e-01 1.409880e-15
    outer loop
      vertex   1.525116e+01 -5.699211e+01 5.000000e+00
      vertex   1.574953e+01 -5.692915e+01 1.000000e+01
      vertex   1.525116e+01 -5.699211e+01 1.000000e+01
    endloop
  endfacet
  facet normal 0.000000e+00 -1.000000e+00 1.421085e-15
    outer loop
      vertex   1.525116e+01 -5.699211e+01 5.000000e+00
      vertex   1.525116e+01 -5.699211e+01 1.000000e+01
      vertex   1.474884e+01 -5.699211e+01 5.000000e+00
    endloop
  endfacet
  facet normal 1.414510e-14 -1.000000e+00 0.000000e+00
    outer loop
      vertex   1.474884e+01 -5.699211e+01 5.000000e+00
      vertex   1.525116e+01 -5.699211e+01 1.000000e+01
      vertex   1.474884e+01 -5.699211e+01 1.000000e+01
    endloop
  endfacet
  facet normal -1.253332e-01 -9.921147e-01 0.000000e+00
    outer loop
      vertex   1.474884e+01 -5.699211e+01 5.000000e+00
      vertex   1.474884e+01 -5.699211e+01 1.000000e+01
      vertex   1.425047e+01 -5.692915e+01 5.000000e+00
    endloop
  endfacet
  facet normal -1.253332e-01 -9.921147e-01 1.365352e-15
    outer loop
      vertex   1.425047e+01 -5.692915e+01 5.000000e+00
      vertex   1.474884e+01 -5.699211e+01 1.000000e+01
      vertex   1.425047e+01 -5.692915e+01 1.000000e+01
    endloop
  endfacet
  facet normal -2.486899e-01 -9.685832e-01 1.288087e-15
    outer loop
      vertex   1.425047e+01 -5.692915e+01 5.000000e+00
      vertex   1.425047e+01 -5.692915e+01 1.000000e+01
      vertex   1.376393e+01 -5.680423e+01 5.000000e+00
    endloop
  endfacet
  facet normal -2.486899e-01 -9.685832e-01 2.752879e-15
    outer loop
      vertex   1.376393e+01 -5.680423e+01 5.000000e+00
      vertex   1.425047e+01 -5.692915e+01 1.000000e+01
      vertex   1.376393e+01 -5.680423e+01 1.000000e+01
    endloop
  endfacet
  facet normal -3.681246e-01 -9.297765e-01 2.642584e-15
    outer loop
      vertex   1.376393e+01 -5.680423e+01 5.000000e+00
      vertex   1.376393e+01 -5.680423e+01 1.000000e+01
      vertex   1.329688e+01 -5.661931e+01 5.000000e+00
    endloop
  endfacet
  facet normal -3.681246e-01 -9.297765e-01 0.000000e+00
    outer loop
      vertex   1.329688e+01 -5.661931e+01 5.000000e+00
      vertex   1.376393e+01 -5.680423e+01 1.000000e+01
      vertex   1.329688e+01 -5.661931e+01 1.000000e+01
    endloop
  endfacet
  facet normal -4.817537e-01 -8.763067e-01 0.000000e+00
    outer loop
      vertex   1.329688e+01 -5.661931e+01 5.000000e+00
      vertex   1.329688e+01 -5.661931e+01 1.000000e+01
      vertex   1.285669e+01 -5.637731e+01 5.000000e+00
    endloop
  endfacet
  facet normal -4.817537e-01 -8.763067e-01 -1.711533e-16
    outer loop
      vertex   1.285669e+01 -5.637731e+01 5.000000e+00
      vertex   1.329688e+01 -5.661931e+01 1.000000e+01
      vertex   1.285669e+01 -5.637731e+01 1.000000e+01
    endloop
  endfacet
  facet normal -5.877853e-01 -8.090170e-01 -2.088233e-16
    outer loop
      vertex   1.285669e+01 -5.637731e+01 5.000000e+00
      vertex   1.285669e+01 -5.637731e+01 1.000000e+01
      vertex   1.245030e+01 -5.608205e+01 5.000000e+00
    endloop
  endfacet
  facet normal -5.877853e-01 -8.090170e-01 -7.320358e-16
    outer loop
      vertex   1.245030e+01 -5.608205e+01 5.000000e+00
      vertex   1.285669e+01 -5.637731e+01 1.000000e+01
      vertex   1.245030e+01 -5.608205e+01 1.000000e+01
    endloop
  endfacet
  facet normal -6.845471e-01 -7.289686e-01 -5.495268e-16
    outer loop
      vertex   1.245030e+01 -5.608205e+01 5.000000e+00
      vertex   1.245030e+01 -5.608205e+01 1.000000e+01
      vertex   1.208413e+01 -5.573819e+01 5.000000e+00
    endloop
  endfacet
  facet normal -6.845471e-01 -7.289686e-01 0.000000e+00
    outer loop
      vertex   1.208413e+01 -5.573819e+01 5.000000e+00
      vertex   1.245030e+01 -5.608205e+01 1.000000e+01
      vertex   1.208413e+01 -5.573819e+01 1.000000e+01
    endloop
  endfacet
  facet normal -7.705132e-01 -6.374240e-01 0.000000e+00
    outer loop
      vertex   1.208413e+01 -5.573819e+01 5.000000e+00
      vertex   1.208413e+01 -5.573819e+01 1.000000e+01
      vertex   1.176393e+01 -5.535114e+01 5.000000e+00
    endloop
  endfacet
  facet normal -7.705132e-01 -6.374240e-01 0.000000e+00
    outer loop
      vertex   1.176393e+01 -5.535114e+01 5.000000e+00
      vertex   1.208413e+01 -5.573819e+01 1.000000e+01
      vertex   1.176393e+01 -5.535114e+01 1.000000e+01
    endloop
  endfacet
  facet normal -8.443279e-01 -5.358268e-01 0.000000e+00
    outer loop
      vertex   1.176393e+01 -5.535114e+01 5.000000e+00
      vertex   1.176393e+01 -5.535114e+01 1.000000e+01
      vertex   1.149477e+01 -5.492701e+01 5.000000e+00
    endloop
  endfacet
  facet normal -8.443279e-01 -5.358268e-01 0.000000e+00
    outer loop
      vertex   1.149477e+01 -5.492701e+01 5.000000e+00
      vertex   1.176393e+01 -5.535114e+01 1.000000e+01
      vertex   1.149477e+01 -5.492701e+01 1.000000e+01
    endloop
  endfacet
  facet normal -9.048271e-01 -4.257793e-01 0.000000e+00
    outer loop
      vertex   1.149477e+01 -5.492701e+01 5.000000e+00
      vertex   1.149477e+01 -5.492701e+01 1.000000e+01
      vertex   1.128089e+01 -5.447250e+01 5.000000e+00
    endloop
  endfacet
  facet normal -9.048271e-01 -4.257793e-01 -3.214591e-16
    outer loop
      vertex   1.128089e+01 -5.447250e+01 5.000000e+00
      vertex   1.149477e+01 -5.492701e+01 1.000000e+01
      vertex   1.128089e+01 -5.447250e+01 1.000000e+01
    endloop
  endfacet
  facet normal -9.510565e-01 -3.090170e-01 -3.378831e-16
    outer loop
      vertex   1.128089e+01 -5.447250e+01 5.000000e+00
      vertex   1.128089e+01 -5.447250e+01 1.000000e+01
      vertex   1.112567e+01 -5.399476e+01 5.000000e+00
    endloop
  endfacet
  facet normal -9.510565e-01 -3.090170e-01 0.000000e+00
    outer loop
      vertex   1.112567e+01 -5.399476e+01 5.000000e+00
      vertex   1.128089e+01 -5.447250e+01 1.000000e+01
      vertex   1.112567e+01 -5.399476e+01 1.000000e+01
    endloop
  endfacet
  facet normal -9.822873e-01 -1.873813e-01 0.000000e+00
    outer loop
      vertex   1.112567e+01 -5.399476e+01 5.000000e+00
      vertex   1.112567e+01 -5.399476e+01 1.000000e+01
      vertex   1.103154e+01 -5.350133e+01 5.000000e+00
    endloop
  endfacet
  facet normal -9.822873e-01 -1.873813e-01 -6.979571e-16
    outer loop
      vertex   1.103154e+01 -5.350133e+01 5.000000e+00
      vertex   1.112567e+01 -5.399476e+01 1.000000e+01
      vertex   1.103154e+01 -5.350133e+01 1.000000e+01
    endloop
  endfacet
  facet normal -9.980267e-01 -6.279052e-02 -7.091406e-16
    outer loop
      vertex   1.103154e+01 -5.350133e+01 5.000000e+00
      vertex   1.103154e+01 -5.350133e+01 1.000000e+01
      vertex   1.100000e+01 -5.300000e+01 5.000000e+00
    endloop
  endfacet
  facet normal -9.980267e-01 -6.279052e-02 0.000000e+00
    outer loop
      vertex   1.100000e+01 -5.300000e+01 5.000000e+00
      vertex   1.103154e+01 -5.350133e+01 1.000000e+01
      vertex   1.100000e+01 -5.300000e+01 1.000000e+01
    endloop
  endfacet
  facet normal 0.000000e+00 0.000000e+00 -1.000000e+00
    outer loop
      vertex   1.896846e+01 -5.350133e+01 5.000000e+00
      vertex   1.650614e+01 -5.231588e+01 5.000000e+00
      vertex   1.900000e+01 -5.300000e+01 5.000000e+00
    endloop
  endfacet
  facet normal 0.000000e+00 0.000000e+00 -1.000000e+00
    outer loop
      vertex   1.900000e+01 -5.300000e+01 5.000000e+00
      vertex   1.650614e+01 -5.231588e+01 5.000000e+00
      vertex   1.671690e+01 -5.202580e+01 5.000000e+00
    endloop
  endfacet
  facet normal 0.000000e+00 0.000000e+00 -1.000000e+00
    outer loop
      vertex   1.900000e+01 -5.300000e+01 5.000000e+00
      vertex   1.671690e+01 -5.202580e+01 5.000000e+00
      vertex   1.687247e+01 -5.170275e+01 5.000000e+00
    endloop
  endfacet
  facet normal -0.000000e+00 0.000000e+00 -1.000000e+00
    outer loop
      vertex   1.896846e+01 -5.350133e+01 5.000000e+00
      vertex   1.887433e+01 -5.399476e+01 5.000000e+00
      vertex   1.650614e+01 -5.231588e+01 5.000000e+00
    endloop
  endfacet
  facet normal 0.000000e+00 -0.000000e+00 -1.000000e+00
    outer loop
      vertex   1.650614e+01 -5.231588e+01 5.000000e+00
      vertex   1.887433e+01 -5.399476e+01 5.000000e+00
      vertex   1.624698e+01 -5.256366e+01 5.000000e+00
    endloop
  endfacet
  facet normal 0.000000e+00 0.000000e+00 -1.000000e+00
    outer loop
      vertex   1.624698e+01 -5.256366e+01 5.000000e+00
      vertex   1.887433e+01 -5.399476e+01 5.000000e+00
      vertex   1.871911e+01 -5.447250e+01 5.000000e+00
    endloop
  endfacet
  facet normal 0.000000e+00 0.000000e+00 -1.000000e+00
    outer loop
      vertex   1.624698e+01 -5.256366e+01 5.000000e+00
      vertex   1.871911e+01 -5.447250e+01 5.000000e+00
      vertex   1.850523e+01 -5.492701e+01 5.000000e+00
    endloop
  endfacet
  facet normal 0.000000e+00 -0.000000e+00 -1.000000e+00
    outer loop
      vertex   1.624698e+01 -5.256366e+01 5.000000e+00
      vertex   1.850523e+01 -5.492701e+01 5.000000e+00
      vertex   1.594774e+01 -5.276119e+01 5.000000e+00
    endloop
  endfacet
  facet normal 0.000000e+00 0.000000e+00 -1.000000e+00
    outer loop
      vertex   1.594774e+01 -5.276119e+01 5.000000e+00
      vertex   1.850523e+01 -5.492701e+01 5.000000e+00
      vertex   1.823607e+01 -5.535114e+01 5.000000e+00
    endloop
  endfacet
  facet normal 0.000000e+00 0.000000e+00 -1.000000e+00
    outer loop
      vertex   1.594774e+01 -5.276119e+01 5.000000e+00
      vertex   1.823607e+01 -5.535114e+01 5.000000e+00
      vertex   1.791587e+01 -5.573819e+01 5.000000e+00
    endloop
  endfacet
  facet normal 0.000000e+00 -0.000000e+00 -1.000000e+00
    outer loop
      vertex   1.594774e+01 -5.276119e+01 5.000000e+00
      vertex   1.791587e+01 -5.573819e+01 5.000000e+00
      vertex   1.561803e+01 -5.290211e+01 5.000000e+00
    endloop
  endfacet
  facet normal 0.000000e+00 0.000000e+00 -1.000000e+00
    outer loop
      vertex   1.561803e+01 -5.290211e+01 5.000000e+00
      vertex   1.791587e+01 -5.573819e+01 5.000000e+00
      vertex   1.754970e+01 -5.608205e+01 5.000000e+00
    endloop
  endfacet
  facet normal 0.000000e+00 0.000000e+00 -1.000000e+00
    outer loop
      vertex   1.561803e+01 -5.290211e+01 5.000000e+00
      vertex   1.754970e+01 -5.608205e+01 5.000000e+00
      vertex   1.714331e+01 -5.637731e+01 5.000000e+00
    endloop
  endfacet
  facet normal -0.000000e+00 0.000000e+00 -1.000000e+00
    outer loop
      vertex   1.714331e+01 -5.637731e+01 5.000000e+00
      vertex   1.670312e+01 -5.661931e+01 5.000000e+00
      vertex   1.561803e+01 -5.290211e+01 5.000000e+00
    endloop
  endfacet
  facet normal 0.000000e+00 -0.000000e+00 -1.000000e+00
    outer loop
      vertex   1.561803e+01 -5.290211e+01 5.000000e+00
      vertex   1.670312e+01 -5.661931e+01 5.000000e+00
      vertex   1.526847e+01 -5.298190e+01 5.000000e+00
    endloop
  endfacet
  facet normal 0.000000e+00 0.000000e+00 -1.000000e+00
    outer loop
      vertex   1.526847e+01 -5.298190e+01 5.000000e+00
      vertex   1.670312e+01 -5.661931e+01 5.000000e+00
      vertex   1.623607e+01 -5.680423e+01 5.000000e+00
    endloop
  endfacet
  facet normal 0.000000e+00 0.000000e+00 -1.000000e+00
    outer loop
      vertex   1.526847e+01 -5.298190e+01 5.000000e+00
      vertex   1.623607e+01 -5.680423e+01 5.000000e+00
      vertex   1.574953e+01 -5.692915e+01 5.000000e+00
    endloop
  endfacet
  facet normal -0.000000e+00 0.000000e+00 -1.000000e+00
    outer loop
      vertex   1.574953e+01 -5.692915e+01 5.000000e+00
      vertex   1.525116e+01 -5.699211e+01 5.000000e+00
      vertex   1.526847e+01 -5.298190e+01 5.000000e+00
    endloop
  endfacet
  facet normal 0.000000e+00 0.000000e+00 -1.000000e+00
    outer loop
      vertex   1.526847e+01 -5.298190e+01 5.000000e+00
      vertex   1.525116e+01 -5.699211e+01 5.000000e+00
      vertex   1.491027e+01 -5.299799e+01 5.000000e+00
    endloop
  endfacet
  facet normal 0.000000e+00 -0.000000e+00 -1.000000e+00
    outer loop
      vertex   1.491027e+01 -5.299799e+01 5.000000e+00
      vertex   1.525116e+01 -5.699211e+01 5.000000e+00
      vertex   1.474884e+01 -5.699211e+01 5.000000e+00
    endloop
  endfacet
  facet normal 0.000000e+00 0.000000e+00 -1.000000e+00
    outer loop
      vertex   1.491027e+01 -5.299799e+01 5.000000e+00
      vertex   1.474884e+01 -5.699211e+01 5.000000e+00
      vertex   1.425047e+01 -5.692915e+01 5.000000e+00
    endloop
  endfacet
  facet normal 0.000000e+00 0.000000e+00 -1.000000e+00
    outer loop
      vertex   1.425047e+01 -5.692915e+01 5.000000e+00
      vertex   1.376393e+01 -5.680423e+01 5.000000e+00
      vertex   1.491027e+01 -5.299799e+01 5.000000e+00
    endloop
  endfacet
  facet normal -0.000000e+00 0.000000e+00 -1.000000e+00
    outer loop
      vertex   1.491027e+01 -5.299799e+01 5.000000e+00
      vertex   1.376393e+01 -5.680423e+01 5.000000e+00
      vertex   1.455496e+01 -5.294986e+01 5.000000e+00
    endloop
  endfacet
  facet normal 0.000000e+00 0.000000e+00 -1.000000e+00
    outer loop
      vertex   1.455496e+01 -5.294986e+01 5.000000e+00
      vertex   1.376393e+01 -5.680423e+01 5.000000e+00
      vertex   1.329688e+01 -5.661931e+01 5.000000e+00
    endloop
  endfacet
  facet normal 0.000000e+00 0.000000e+00 -1.000000e+00
    outer loop
      vertex   1.455496e+01 -5.294986e+01 5.000000e+00
      vertex   1.329688e+01 -5.661931e+01 5.000000e+00
      vertex   1.285669e+01 -5.637731e+01 5.000000e+00
    endloop
  endfacet
  facet normal -0.000000e+00 0.000000e+00 -1.000000e+00
    outer loop
      vertex   1.455496e+01 -5.294986e+01 5.000000e+00
      vertex   1.285669e+01 -5.637731e+01 5.000000e+00
      vertex   1.421395e+01 -5.283906e+01 5.000000e+00
    endloop
  endfacet
  facet normal 0.000000e+00 0.000000e+00 -1.000000e+00
    outer loop
      vertex   1.421395e+01 -5.283906e+01 5.000000e+00
      vertex   1.285669e+01 -5.637731e+01 5.000000e+00
      vertex   1.245030e+01 -5.608205e+01 5.000000e+00
    endloop
  endfacet
  facet normal 0.000000e+00 0.000000e+00 -1.000000e+00
    outer loop
      vertex   1.421395e+01 -5.283906e+01 5.000000e+00
      vertex   1.245030e+01 -5.608205e+01 5.000000e+00
      vertex   1.208413e+01 -5.573819e+01 5.000000e+00
    endloop
  endfacet
  facet normal 0.000000e+00 0.000000e+00 -1.000000e+00
    outer loop
      vertex   1.208413e+01 -5.573819e+01 5.000000e+00
      vertex   1.176393e+01 -5.535114e+01 5.000000e+00
      vertex   1.421395e+01 -5.283906e+01 5.000000e+00
    endloop
  endfacet
  facet normal -0.000000e+00 0.000000e+00 -1.000000e+00
    outer loop
      vertex   1.421395e+01 -5.283906e+01 5.000000e+00
      vertex   1.176393e+01 -5.535114e+01 5.000000e+00
      vertex   1.389821e+01 -5.266915e+01 5.000000e+00
    endloop
  endfacet
  facet normal 0.000000e+00 0.000000e+00 -1.000000e+00
    outer loop
      vertex   1.389821e+01 -5.266915e+01 5.000000e+00
      vertex   1.176393e+01 -5.535114e+01 5.000000e+00
      vertex   1.149477e+01 -5.492701e+01 5.000000e+00
    endloop
  endfacet
  facet normal 0.000000e+00 0.000000e+00 -1.000000e+00
    outer loop
      vertex   1.389821e+01 -5.266915e+01 5.000000e+00
      vertex   1.149477e+01 -5.492701e+01 5.000000e+00
      vertex   1.128089e+01 -5.447250e+01 5.000000e+00
    endloop
  endfacet
  facet normal -0.000000e+00 0.000000e+00 -1.000000e+00
    outer loop
      vertex   1.389821e+01 -5.266915e+01 5.000000e+00
      vertex   1.128089e+01 -5.447250e+01 5.000000e+00
      vertex   1.361787e+01 -5.244559e+01 5.000000e+00
    endloop
  endfacet
  facet normal 0.000000e+00 0.000000e+00 -1.000000e+00
    outer loop
      vertex   1.361787e+01 -5.244559e+01 5.000000e+00
      vertex   1.128089e+01 -5.447250e+01 5.000000e+00
      vertex   1.112567e+01 -5.399476e+01 5.000000e+00
    endloop
  endfacet
  facet normal 0.000000e+00 0.000000e+00 -1.000000e+00
    outer loop
      vertex   1.361787e+01 -5.244559e+01 5.000000e+00
      vertex   1.112567e+01 -5.399476e+01 5.000000e+00
      vertex   1.103154e+01 -5.350133e+01 5.000000e+00
    endloop
  endfacet
  facet normal -0.000000e+00 0.000000e+00 -1.000000e+00
    outer loop
      vertex   1.361787e+01 -5.244559e+01 5.000000e+00
      vertex   1.103154e+01 -5.350133e+01 5.000000e+00
      vertex   1.338197e+01 -5.217557e+01 5.000000e+00
    endloop
  endfacet
  facet normal 0.000000e+00 0.000000e+00 -1.000000e+00
    outer loop
      vertex   1.338197e+01 -5.217557e+01 5.000000e+00
      vertex   1.103154e+01 -5.350133e+01 5.000000e+00
      vertex   1.100000e+01 -5.300000e+01 5.000000e+00
    endloop
  endfacet
  facet normal -0.000000e+00 0.000000e+00 -1.000000e+00
    outer loop
      vertex   1.338197e+01 -5.217557e+01 5.000000e+00
      vertex   1.100000e+01 -5.300000e+01 5.000000e+00
      vertex   1.319806e+01 -5.186777e+01 5.000000e+00
    endloop
  endfacet
  facet normal -0.000000e+00 0.000000e+00 -1.000000e+00
    outer loop
      vertex   1.319806e+01 -5.186777e+01 5.000000e+00
      vertex   1.100000e+01 -5.300000e+01 5.000000e+00
      vertex   1.307207e+01 -5.153207e+01 5.000000e+00
    endloop
  endfacet
  facet normal -0.000000e+00 0.000000e+00 -1.000000e+00
    outer loop
      vertex   1.307207e+01 -5.153207e+01 5.000000e+00
      vertex   1.100000e+01 -5.300000e+01 5.000000e+00
      vertex   1.300805e+01 -5.117928e+01 5.000000e+00
    endloop
  endfacet
  facet normal -0.000000e+00 0.000000e+00 -1.000000e+00
    outer loop
      vertex   1.300805e+01 -5.117928e+01 5.000000e+00
      vertex   1.100000e+01 -5.300000e+01 5.000000e+00
      vertex   1.100000e+01 -4.900000e+01 5.000000e+00
    endloop
  endfacet
  facet normal 0.000000e+00 0.000000e+00 -1.000000e+00
    outer loop
      vertex   1.300805e+01 -5.117928e+01 5.000000e+00
      vertex   1.100000e+01 -4.900000e+01 5.000000e+00
      vertex   1.300805e+01 -5.082072e+01 5.000000e+00
    endloop
  endfacet
  facet normal 0.000000e+00 0.000000e+00 -1.000000e+00
    outer loop
      vertex   1.300805e+01 -5.082072e+01 5.000000e+00
      vertex   1.100000e+01 -4.900000e+01 5.000000e+00
      vertex   1.307207e+01 -5.046793e+01 5.000000e+00
    endloop
  endfacet
  facet normal 0.000000e+00 0.000000e+00 -1.000000e+00
    outer loop
      vertex   1.307207e+01 -5.046793e+01 5.000000e+00
      vertex   1.100000e+01 -4.900000e+01 5.000000e+00
      vertex   1.319806e+01 -5.013223e+01 5.000000e+00
    endloop
  endfacet
  facet normal 0.000000e+00 0.000000e+00 -1.000000e+00
    outer loop
      vertex   1.319806e+01 -5.013223e+01 5.000000e+00
      vertex   1.100000e+01 -4.900000e+01 5.000000e+00
      vertex   1.338197e+01 -4.982443e+01 5.000000e+00
    endloop
  endfacet
  facet normal 0.000000e+00 0.000000e+00 -1.000000e+00
    outer loop
      vertex   1.338197e+01 -4.982443e+01 5.000000e+00
      vertex   1.100000e+01 -4.900000e+01 5.000000e+00
      vertex   1.361787e+01 -4.955441e+01 5.000000e+00
    endloop
  endfacet
  facet normal 0.000000e+00 0.000000e+00 -1.000000e+00
    outer loop
      vertex   1.361787e+01 -4.955441e+01 5.000000e+00
      vertex   1.100000e+01 -4.900000e+01 5.000000e+00
      vertex   1.097084e+01 -4.851785e+01 5.000000e+00
    endloop
  endfacet
  facet normal 0.000000e+00 0.000000e+00 -1.000000e+00
    outer loop
      vertex   1.361787e+01 -4.955441e+01 5.000000e+00
      vertex   1.097084e+01 -4.851785e+01 5.000000e+00
      vertex   1.389821e+01 -4.933085e+01 5.000000e+00
    endloop
  endfacet
  facet normal 0.000000e+00 0.000000e+00 -1.000000e+00
    outer loop
      vertex   1.389821e+01 -4.933085e+01 5.000000e+00
      vertex   1.097084e+01 -4.851785e+01 5.000000e+00
      vertex   1.088377e+01 -4.804274e+01 5.000000e+00
    endloop
  endfacet
  facet normal 0.000000e+00 0.000000e+00 -1.000000e+00
    outer loop
      vertex   1.389821e+01 -4.933085e+01 5.000000e+00
      vertex   1.088377e+01 -4.804274e+01 5.000000e+00
      vertex   1.421395e+01 -4.916094e+01 5.000000e+00
    endloop
  endfacet
  facet normal 0.000000e+00 0.000000e+00 -1.000000e+00
    outer loop
      vertex   1.421395e+01 -4.916094e+01 5.000000e+00
      vertex   1.088377e+01 -4.804274e+01 5.000000e+00
      vertex   1.074006e+01 -4.758158e+01 5.000000e+00
    endloop
  endfacet
  facet normal 0.000000e+00 0.000000e+00 -1.000000e+00
    outer loop
      vertex   1.421395e+01 -4.916094e+01 5.000000e+00
      vertex   1.074006e+01 -4.758158e+01 5.000000e+00
      vertex   1.455496e+01 -4.905014e+01 5.000000e+00
    endloop
  endfacet
  facet normal 0.000000e+00 0.000000e+00 -1.000000e+00
    outer loop
      vertex   1.455496e+01 -4.905014e+01 5.000000e+00
      vertex   1.074006e+01 -4.758158e+01 5.000000e+00
      vertex   1.054182e+01 -4.714111e+01 5.000000e+00
    endloop
  endfacet
  facet normal 0.000000e+00 0.000000e+00 -1.000000e+00
    outer loop
      vertex   1.455496e+01 -4.905014e+01 5.000000e+00
      vertex   1.054182e+01 -4.714111e+01 5.000000e+00
      vertex   1.491027e+01 -4.900201e+01 5.000000e+00
    endloop
  endfacet
  facet normal 0.000000e+00 0.000000e+00 -1.000000e+00
    outer loop
      vertex   1.491027e+01 -4.900201e+01 5.000000e+00
      vertex   1.054182e+01 -4.714111e+01 5.000000e+00
      vertex   1.029194e+01 -4.672774e+01 5.000000e+00
    endloop
  endfacet
  facet normal 0.000000e+00 0.000000e+00 -1.000000e+00
    outer loop
      vertex   1.491027e+01 -4.900201e+01 5.000000e+00
      vertex   1.029194e+01 -4.672774e+01 5.000000e+00
      vertex   1.900000e+01 -4.500000e+01 5.000000e+00
    endloop
  endfacet
  facet normal 0.000000e+00 0.000000e+00 -1.000000e+00
    outer loop
      vertex   1.900000e+01 -4.500000e+01 5.000000e+00
      vertex   1.029194e+01 -4.672774e+01 5.000000e+00
      vertex   9.994043e+00 -4.634751e+01 5.000000e+00
    endloop
  endfacet
  facet normal 0.000000e+00 0.000000e+00 -1.000000e+00
    outer loop
      vertex   1.900000e+01 -4.500000e+01 5.000000e+00
      vertex   9.994043e+00 -4.634751e+01 5.000000e+00
      vertex   9.652491e+00 -4.600596e+01 5.000000e+00
    endloop
  endfacet
  facet normal 0.000000e+00 0.000000e+00 -1.000000e+00
    outer loop
      vertex   9.652491e+00 -4.600596e+01 5.000000e+00
      vertex   9.272259e+00 -4.570806e+01 5.000000e+00
      vertex   1.900000e+01 -4.500000e+01 5.000000e+00
    endloop
  endfacet
  facet normal 0.000000e+00 0.000000e+00 -1.000000e+00
    outer loop
      vertex   1.900000e+01 -4.500000e+01 5.000000e+00
      vertex   9.272259e+00 -4.570806e+01 5.000000e+00
      vertex   8.858893e+00 -4.545818e+01 5.000000e+00
    endloop
  endfacet
  facet normal 0.000000e+00 0.000000e+00 -1.000000e+00
    outer loop
      vertex   1.900000e+01 -4.500000e+01 5.000000e+00
      vertex   8.858893e+00 -4.545818e+01 5.000000e+00
      vertex   8.418420e+00 -4.525994e+01 5.000000e+00
    endloop
  endfacet
  facet normal 0.000000e+00 0.000000e+00 -1.000000e+00
    outer loop
      vertex   8.418420e+00 -4.525994e+01 5.000000e+00
      vertex   7.957263e+00 -4.511623e+01 5.000000e+00
      vertex   1.900000e+01 -4.500000e+01 5.000000e+00
    endloop
  endfacet
  facet normal 0.000000e+00 0.000000e+00 -1.000000e+00
    outer loop
      vertex   1.900000e+01 -4.500000e+01 5.000000e+00
      vertex   7.957263e+00 -4.511623e+01 5.000000e+00
      vertex   7.482147e+00 -4.502916e+01 5.000000e+00
    endloop
  endfacet
  facet normal -0.000000e+00 0.000000e+00 -1.000000e+00
    outer loop
      vertex   1.900000e+01 -4.500000e+01 5.000000e+00
      vertex   7.482147e+00 -4.502916e+01 5.000000e+00
      vertex   7.000000e+00 -4.500000e+01 5.000000e+00
    endloop
  endfacet
  facet normal 0.000000e+00 0.000000e+00 -1.000000e+00
    outer loop
      vertex   1.900000e+01 -5.300000e+01 5.000000e+00
      vertex   1.687247e+01 -5.029725e+01 5.000000e+00
      vertex   1.900000e+01 -4.500000e+01 5.000000e+00
    endloop
  endfacet
  facet normal 0.000000e+00 0.000000e+00 -1.000000e+00
    outer loop
      vertex   1.900000e+01 -4.500000e+01 5.000000e+00
      vertex   1.687247e+01 -5.029725e+01 5.000000e+00
      vertex   1.671690e+01 -4.997420e+01 5.000000e+00
    endloop
  endfacet
  facet normal 0.000000e+00 0.000000e+00 -1.000000e+00
    outer loop
      vertex   1.900000e+01 -4.500000e+01 5.000000e+00
      vertex   1.671690e+01 -4.997420e+01 5.000000e+00
      vertex   1.650614e+01 -4.968412e+01 5.000000e+00
    endloop
  endfacet
  facet normal 0.000000e+00 0.000000e+00 -1.000000e+00
    outer loop
      vertex   1.696786e+01 -5.135711e+01 5.000000e+00
      vertex   1.700000e+01 -5.100000e+01 5.000000e+00
      vertex   1.900000e+01 -5.300000e+01 5.000000e+00
    endloop
  endfacet
  facet normal 0.000000e+00 0.000000e+00 -1.000000e+00
    outer loop
      vertex   1.900000e+01 -5.300000e+01 5.000000e+00
      vertex   1.700000e+01 -5.100000e+01 5.000000e+00
      vertex   1.696786e+01 -5.064289e+01 5.000000e+00
    endloop
  endfacet
  facet normal 0.000000e+00 0.000000e+00 -1.000000e+00
    outer loop
      vertex   1.900000e+01 -5.300000e+01 5.000000e+00
      vertex   1.696786e+01 -5.064289e+01 5.000000e+00
      vertex   1.687247e+01 -5.029725e+01 5.000000e+00
    endloop
  endfacet
  facet normal 0.000000e+00 0.000000e+00 -1.000000e+00
    outer loop
      vertex   1.650614e+01 -4.968412e+01 5.000000e+00
      vertex   1.624698e+01 -4.943634e+01 5.000000e+00
      vertex   1.900000e+01 -4.500000e+01 5.000000e+00
    endloop
  endfacet
  facet normal 0.000000e+00 0.000000e+00 -1.000000e+00
    outer loop
      vertex   1.900000e+01 -4.500000e+01 5.000000e+00
      vertex   1.624698e+01 -4.943634e+01 5.000000e+00
      vertex   1.594774e+01 -4.923881e+01 5.000000e+00
    endloop
  endfacet
  facet normal 0.000000e+00 0.000000e+00 -1.000000e+00
    outer loop
      vertex   1.900000e+01 -4.500000e+01 5.000000e+00
      vertex   1.594774e+01 -4.923881e+01 5.000000e+00
      vertex   1.561803e+01 -4.909789e+01 5.000000e+00
    endloop
  endfacet
  facet normal 0.000000e+00 0.000000e+00 -1.000000e+00
    outer loop
      vertex   1.561803e+01 -4.909789e+01 5.000000e+00
      vertex   1.526847e+01 -4.901810e+01 5.000000e+00
      vertex   1.900000e+01 -4.500000e+01 5.000000e+00
    endloop
  endfacet
  facet normal 0.000000e+00 0.000000e+00 -1.000000e+00
    outer loop
      vertex   1.900000e+01 -4.500000e+01 5.000000e+00
      vertex   1.526847e+01 -4.901810e+01 5.000000e+00
      vertex   1.491027e+01 -4.900201e+01 5.000000e+00
    endloop
  endfacet
  facet normal 0.000000e+00 0.000000e+00 -1.000000e+00
    outer loop
      vertex   1.687247e+01 -5.170275e+01 5.000000e+00
      vertex   1.696786e+01 -5.135711e+01 5.000000e+00
      vertex   1.900000e+01 -5.300000e+01 5.000000e+00
    endloop
  endfacet
  facet normal 0.000000e+00 7.071068e-01 -7.071068e-01
    outer loop
      vertex   -1.900000e+01 -3.000000e+01 -9.000000e+00
      vertex   1.900000e+01 -3.000000e+01 -9.000000e+00
      vertex   -1.900000e+01 -3.600000e+01 -1.500000e+01
    endloop
  endfacet
  facet normal 0.000000e+00 7.071068e-01 -7.071068e-01
    outer loop
      vertex   -1.900000e+01 -3.600000e+01 -1.500000e+01
      vertex   1.900000e+01 -3.000000e+01 -9.000000e+00
      vertex   1.900000e+01 -3.600000e+01 -1.500000e+01
    endloop
  endfacet
  facet normal -1.000000e+00 0.000000e+00 0.000000e+00
    outer loop
      vertex   -1.900000e+01 -5.300000e+01 5.000000e+00
      vertex   -1.900000e+01 -5.300000e+01 1.000000e+01
      vertex   -1.900000e+01 -4.500000e+01 5.000000e+00
    endloop
  endfacet
  facet normal -1.000000e+00 0.000000e+00 0.000000e+00
    outer loop
      vertex   -1.900000e+01 -4.500000e+01 5.000000e+00
      vertex   -1.900000e+01 -5.300000e+01 1.000000e+01
      vertex   -1.900000e+01 -3.000000e+01 1.000000e+01
    endloop
  endfacet
  facet normal -1.000000e+00 0.000000e+00 0.000000e+00
    outer loop
      vertex   -1.900000e+01 -4.500000e+01 5.000000e+00
      vertex   -1.900000e+01 -3.000000e+01 1.000000e+01
      vertex   -1.900000e+01 -3.000000e+01 -9.000000e+00
    endloop
  endfacet
  facet normal -1.000000e+00 0.000000e+00 0.000000e+00
    outer loop
      vertex   -1.900000e+01 -4.500000e+01 5.000000e+00
      vertex   -1.900000e+01 -3.000000e+01 -9.000000e+00
      vertex   -1.900000e+01 -4.500000e+01 -5.000000e+00
    endloop
  endfacet
  facet normal -1.000000e+00 0.000000e+00 0.000000e+00
    outer loop
      vertex   -1.900000e+01 -4.500000e+01 -5.000000e+00
      vertex   -1.900000e+01 -3.000000e+01 -9.000000e+00
      vertex   -1.900000e+01 -3.600000e+01 -1.500000e+01
    endloop
  endfacet
  facet normal -1.000000e+00 0.000000e+00 -0.000000e+00
    outer loop
      vertex   -1.900000e+01 -4.500000e+01 -5.000000e+00
      vertex   -1.900000e+01 -3.600000e+01 -1.500000e+01
      vertex   -1.900000e+01 -5.300000e+01 -1.500000e+01
    endloop
  endfacet
  facet normal -1.000000e+00 0.000000e+00 0.000000e+00
    outer loop
      vertex   -1.900000e+01 -5.300000e+01 -1.500000e+01
      vertex   -1.900000e+01 -5.300000e+01 -5.000000e+00
      vertex   -1.900000e+01 -4.500000e+01 -5.000000e+00
    endloop
  endfacet
  facet normal 0.000000e+00 0.000000e+00 -1.000000e+00
    outer loop
      vertex   -1.103154e+01 -5.350133e+01 -1.500000e+01
      vertex   -1.375302e+01 -5.256366e+01 -1.500000e+01
      vertex   -1.100000e+01 -5.300000e+01 -1.500000e+01
    endloop
  endfacet
  facet normal 0.000000e+00 0.000000e+00 -1.000000e+00
    outer loop
      vertex   -1.100000e+01 -5.300000e+01 -1.500000e+01
      vertex   -1.375302e+01 -5.256366e+01 -1.500000e+01
      vertex   -1.349386e+01 -5.231588e+01 -1.500000e+01
    endloop
  endfacet
  facet normal 0.000000e+00 0.000000e+00 -1.000000e+00
    outer loop
      vertex   -1.100000e+01 -5.300000e+01 -1.500000e+01
      vertex   -1.349386e+01 -5.231588e+01 -1.500000e+01
      vertex   -1.328310e+01 -5.202580e+01 -1.500000e+01
    endloop
  endfacet
  facet normal 0.000000e+00 -0.000000e+00 -1.000000e+00
    outer loop
      vertex   -1.375302e+01 -5.256366e+01 -1.500000e+01
      vertex   -1.103154e+01 -5.350133e+01 -1.500000e+01
      vertex   -1.405226e+01 -5.276119e+01 -1.500000e+01
    endloop
  endfacet
  facet normal 0.000000e+00 0.000000e+00 -1.000000e+00
    outer loop
      vertex   -1.405226e+01 -5.276119e+01 -1.500000e+01
      vertex   -1.103154e+01 -5.350133e+01 -1.500000e+01
      vertex   -1.112567e+01 -5.399476e+01 -1.500000e+01
    endloop
  endfacet
  facet normal 0.000000e+00 -0.000000e+00 -1.000000e+00
    outer loop
      vertex   -1.405226e+01 -5.276119e+01 -1.500000e+01
      vertex   -1.112567e+01 -5.399476e+01 -1.500000e+01
      vertex   -1.438197e+01 -5.290211e+01 -1.500000e+01
    endloop
  endfacet
  facet normal 0.000000e+00 0.000000e+00 -1.000000e+00
    outer loop
      vertex   -1.438197e+01 -5.290211e+01 -1.500000e+01
      vertex   -1.112567e+01 -5.399476e+01 -1.500000e+01
      vertex   -1.128089e+01 -5.447250e+01 -1.500000e+01
    endloop
  endfacet
  facet normal 0.000000e+00 -0.000000e+00 -1.000000e+00
    outer loop
      vertex   -1.438197e+01 -5.290211e+01 -1.500000e+01
      vertex   -1.128089e+01 -5.447250e+01 -1.500000e+01
      vertex   -1.473153e+01 -5.298190e+01 -1.500000e+01
    endloop
  endfacet
  facet normal 0.000000e+00 0.000000e+00 -1.000000e+00
    outer loop
      vertex   -1.473153e+01 -5.298190e+01 -1.500000e+01
      vertex   -1.128089e+01 -5.447250e+01 -1.500000e+01
      vertex   -1.149477e+01 -5.492701e+01 -1.500000e+01
    endloop
  endfacet
  facet normal 0.000000e+00 0.000000e+00 -1.000000e+00
    outer loop
      vertex   -1.473153e+01 -5.298190e+01 -1.500000e+01
      vertex   -1.149477e+01 -5.492701e+01 -1.500000e+01
      vertex   -1.176393e+01 -5.535114e+01 -1.500000e+01
    endloop
  endfacet
  facet normal 0.000000e+00 -0.000000e+00 -1.000000e+00
    outer loop
      vertex   -1.473153e+01 -5.298190e+01 -1.500000e+01
      vertex   -1.176393e+01 -5.535114e+01 -1.500000e+01
      vertex   -1.508973e+01 -5.299799e+01 -1.500000e+01
    endloop
  endfacet
  facet normal 0.000000e+00 0.000000e+00 -1.000000e+00
    outer loop
      vertex   -1.508973e+01 -5.299799e+01 -1.500000e+01
      vertex   -1.176393e+01 -5.535114e+01 -1.500000e+01
      vertex   -1.208413e+01 -5.573819e+01 -1.500000e+01
    endloop
  endfacet
  facet normal 0.000000e+00 -0.000000e+00 -1.000000e+00
    outer loop
      vertex   -1.508973e+01 -5.299799e+01 -1.500000e+01
      vertex   -1.208413e+01 -5.573819e+01 -1.500000e+01
      vertex   -1.791587e+01 -5.573819e+01 -1.500000e+01
    endloop
  endfacet
  facet normal 0.000000e+00 0.000000e+00 -1.000000e+00
    outer loop
      vertex   -1.791587e+01 -5.573819e+01 -1.500000e+01
      vertex   -1.208413e+01 -5.573819e+01 -1.500000e+01
      vertex   -1.754970e+01 -5.608205e+01 -1.500000e+01
    endloop
  endfacet
  facet normal 0.000000e+00 0.000000e+00 -1.000000e+00
    outer loop
      vertex   -1.754970e+01 -5.608205e+01 -1.500000e+01
      vertex   -1.208413e+01 -5.573819e+01 -1.500000e+01
      vertex   -1.245030e+01 -5.608205e+01 -1.500000e+01
    endloop
  endfacet
  facet normal 0.000000e+00 0.000000e+00 -1.000000e+00
    outer loop
      vertex   -1.754970e+01 -5.608205e+01 -1.500000e+01
      vertex   -1.245030e+01 -5.608205e+01 -1.500000e+01
      vertex   -1.714331e+01 -5.637731e+01 -1.500000e+01
    endloop
  endfacet
  facet normal 0.000000e+00 0.000000e+00 -1.000000e+00
    outer loop
      vertex   -1.714331e+01 -5.637731e+01 -1.500000e+01
      vertex   -1.245030e+01 -5.608205e+01 -1.500000e+01
      vertex   -1.285669e+01 -5.637731e+01 -1.500000e+01
    endloop
  endfacet
  facet normal 0.000000e+00 0.000000e+00 -1.000000e+00
    outer loop
      vertex   -1.714331e+01 -5.637731e+01 -1.500000e+01
      vertex   -1.285669e+01 -5.637731e+01 -1.500000e+01
      vertex   -1.670312e+01 -5.661931e+01 -1.500000e+01
    endloop
  endfacet
  facet normal 0.000000e+00 0.000000e+00 -1.000000e+00
    outer loop
      vertex   -1.670312e+01 -5.661931e+01 -1.500000e+01
      vertex   -1.285669e+01 -5.637731e+01 -1.500000e+01
      vertex   -1.329688e+01 -5.661931e+01 -1.500000e+01
    endloop
  endfacet
  facet normal 0.000000e+00 0.000000e+00 -1.000000e+00
    outer loop
      vertex   -1.670312e+01 -5.661931e+01 -1.500000e+01
      vertex   -1.329688e+01 -5.661931e+01 -1.500000e+01
      vertex   -1.623607e+01 -5.680423e+01 -1.500000e+01
    endloop
  endfacet
  facet normal 0.000000e+00 0.000000e+00 -1.000000e+00
    outer loop
      vertex   -1.623607e+01 -5.680423e+01 -1.500000e+01
      vertex   -1.329688e+01 -5.661931e+01 -1.500000e+01
      vertex   -1.376393e+01 -5.680423e+01 -1.500000e+01
    endloop
  endfacet
  facet normal 0.000000e+00 0.000000e+00 -1.000000e+00
    outer loop
      vertex   -1.623607e+01 -5.680423e+01 -1.500000e+01
      vertex   -1.376393e+01 -5.680423e+01 -1.500000e+01
      vertex   -1.574953e+01 -5.692915e+01 -1.500000e+01
    endloop
  endfacet
  facet normal 0.000000e+00 0.000000e+00 -1.000000e+00
    outer loop
      vertex   -1.574953e+01 -5.692915e+01 -1.500000e+01
      vertex   -1.376393e+01 -5.680423e+01 -1.500000e+01
      vertex   -1.425047e+01 -5.692915e+01 -1.500000e+01
    endloop
  endfacet
  facet normal 0.000000e+00 0.000000e+00 -1.000000e+00
    outer loop
      vertex   -1.574953e+01 -5.692915e+01 -1.500000e+01
      vertex   -1.425047e+01 -5.692915e+01 -1.500000e+01
      vertex   -1.525116e+01 -5.699211e+01 -1.500000e+01
    endloop
  endfacet
  facet normal 0.000000e+00 0.000000e+00 -1.000000e+00
    outer loop
      vertex   -1.525116e+01 -5.699211e+01 -1.500000e+01
      vertex   -1.425047e+01 -5.692915e+01 -1.500000e+01
      vertex   -1.474884e+01 -5.699211e+01 -1.500000e+01
    endloop
  endfacet
  facet normal 0.000000e+00 0.000000e+00 -1.000000e+00
    outer loop
      vertex   -1.791587e+01 -5.573819e+01 -1.500000e+01
      vertex   -1.823607e+01 -5.535114e+01 -1.500000e+01
      vertex   -1.508973e+01 -5.299799e+01 -1.500000e+01
    endloop
  endfacet
  facet normal 0.000000e+00 0.000000e+00 -1.000000e+00
    outer loop
      vertex   -1.508973e+01 -5.299799e+01 -1.500000e+01
      vertex   -1.823607e+01 -5.535114e+01 -1.500000e+01
      vertex   -1.850523e+01 -5.492701e+01 -1.500000e+01
    endloop
  endfacet
  facet normal -0.000000e+00 0.000000e+00 -1.000000e+00
    outer loop
      vertex   -1.508973e+01 -5.299799e+01 -1.500000e+01
      vertex   -1.850523e+01 -5.492701e+01 -1.500000e+01
      vertex   -1.544504e+01 -5.294986e+01 -1.500000e+01
    endloop
  endfacet
  facet normal 0.000000e+00 0.000000e+00 -1.000000e+00
    outer loop
      vertex   -1.544504e+01 -5.294986e+01 -1.500000e+01
      vertex   -1.850523e+01 -5.492701e+01 -1.500000e+01
      vertex   -1.871911e+01 -5.447250e+01 -1.500000e+01
    endloop
  endfacet
  facet normal 0.000000e+00 0.000000e+00 -1.000000e+00
    outer loop
      vertex   -1.544504e+01 -5.294986e+01 -1.500000e+01
      vertex   -1.871911e+01 -5.447250e+01 -1.500000e+01
      vertex   -1.887433e+01 -5.399476e+01 -1.500000e+01
    endloop
  endfacet
  facet normal -0.000000e+00 0.000000e+00 -1.000000e+00
    outer loop
      vertex   -1.544504e+01 -5.294986e+01 -1.500000e+01
      vertex   -1.887433e+01 -5.399476e+01 -1.500000e+01
      vertex   -1.578605e+01 -5.283906e+01 -1.500000e+01
    endloop
  endfacet
  facet normal 0.000000e+00 0.000000e+00 -1.000000e+00
    outer loop
      vertex   -1.578605e+01 -5.283906e+01 -1.500000e+01
      vertex   -1.887433e+01 -5.399476e+01 -1.500000e+01
      vertex   -1.896846e+01 -5.350133e+01 -1.500000e+01
    endloop
  endfacet
  facet normal -0.000000e+00 0.000000e+00 -1.000000e+00
    outer loop
      vertex   -1.578605e+01 -5.283906e+01 -1.500000e+01
      vertex   -1.896846e+01 -5.350133e+01 -1.500000e+01
      vertex   -1.610179e+01 -5.266915e+01 -1.500000e+01
    endloop
  endfacet
  facet normal 0.000000e+00 0.000000e+00 -1.000000e+00
    outer loop
      vertex   -1.610179e+01 -5.266915e+01 -1.500000e+01
      vertex   -1.896846e+01 -5.350133e+01 -1.500000e+01
      vertex   -1.900000e+01 -5.300000e+01 -1.500000e+01
    endloop
  endfacet
  facet normal -0.000000e+00 0.000000e+00 -1.000000e+00
    outer loop
      vertex   -1.610179e+01 -5.266915e+01 -1.500000e+01
      vertex   -1.900000e+01 -5.300000e+01 -1.500000e+01
      vertex   -1.638213e+01 -5.244559e+01 -1.500000e+01
    endloop
  endfacet
  facet normal -0.000000e+00 0.000000e+00 -1.000000e+00
    outer loop
      vertex   -1.638213e+01 -5.244559e+01 -1.500000e+01
      vertex   -1.900000e+01 -5.300000e+01 -1.500000e+01
      vertex   -1.661803e+01 -5.217557e+01 -1.500000e+01
    endloop
  endfacet
  facet normal -0.000000e+00 0.000000e+00 -1.000000e+00
    outer loop
      vertex   -1.661803e+01 -5.217557e+01 -1.500000e+01
      vertex   -1.900000e+01 -5.300000e+01 -1.500000e+01
      vertex   -1.680194e+01 -5.186777e+01 -1.500000e+01
    endloop
  endfacet
  facet normal -0.000000e+00 0.000000e+00 -1.000000e+00
    outer loop
      vertex   -1.680194e+01 -5.186777e+01 -1.500000e+01
      vertex   -1.900000e+01 -5.300000e+01 -1.500000e+01
      vertex   -1.692793e+01 -5.153207e+01 -1.500000e+01
    endloop
  endfacet
  facet normal -0.000000e+00 0.000000e+00 -1.000000e+00
    outer loop
      vertex   -1.692793e+01 -5.153207e+01 -1.500000e+01
      vertex   -1.900000e+01 -5.300000e+01 -1.500000e+01
      vertex   -1.699195e+01 -5.117928e+01 -1.500000e+01
    endloop
  endfacet
  facet normal -0.000000e+00 0.000000e+00 -1.000000e+00
    outer loop
      vertex   -1.699195e+01 -5.117928e+01 -1.500000e+01
      vertex   -1.900000e+01 -5.300000e+01 -1.500000e+01
      vertex   -1.699195e+01 -5.082072e+01 -1.500000e+01
    endloop
  endfacet
  facet normal -0.000000e+00 0.000000e+00 -1.000000e+00
    outer loop
      vertex   -1.699195e+01 -5.082072e+01 -1.500000e+01
      vertex   -1.900000e+01 -5.300000e+01 -1.500000e+01
      vertex   -1.692793e+01 -5.046793e+01 -1.500000e+01
    endloop
  endfacet
  facet normal -0.000000e+00 0.000000e+00 -1.000000e+00
    outer loop
      vertex   -1.692793e+01 -5.046793e+01 -1.500000e+01
      vertex   -1.900000e+01 -5.300000e+01 -1.500000e+01
      vertex   -1.680194e+01 -5.013223e+01 -1.500000e+01
    endloop
  endfacet
  facet normal -0.000000e+00 0.000000e+00 -1.000000e+00
    outer loop
      vertex   -1.680194e+01 -5.013223e+01 -1.500000e+01
      vertex   -1.900000e+01 -5.300000e+01 -1.500000e+01
      vertex   -1.900000e+01 -3.600000e+01 -1.500000e+01
    endloop
  endfacet
  facet normal 0.000000e+00 0.000000e+00 -1.000000e+00
    outer loop
      vertex   -1.680194e+01 -5.013223e+01 -1.500000e+01
      vertex   -1.900000e+01 -3.600000e+01 -1.500000e+01
      vertex   -1.661803e+01 -4.982443e+01 -1.500000e+01
    endloop
  endfacet
  facet normal 0.000000e+00 0.000000e+00 -1.000000e+00
    outer loop
      vertex   -1.661803e+01 -4.982443e+01 -1.500000e+01
      vertex   -1.900000e+01 -3.600000e+01 -1.500000e+01
      vertex   -1.638213e+01 -4.955441e+01 -1.500000e+01
    endloop
  endfacet
  facet normal 0.000000e+00 0.000000e+00 -1.000000e+00
    outer loop
      vertex   -1.638213e+01 -4.955441e+01 -1.500000e+01
      vertex   -1.900000e+01 -3.600000e+01 -1.500000e+01
      vertex   -1.610179e+01 -4.933085e+01 -1.500000e+01
    endloop
  endfacet
  facet normal 0.000000e+00 0.000000e+00 -1.000000e+00
    outer loop
      vertex   -1.610179e+01 -4.933085e+01 -1.500000e+01
      vertex   -1.900000e+01 -3.600000e+01 -1.500000e+01
      vertex   -1.578605e+01 -4.916094e+01 -1.500000e+01
    endloop
  endfacet
  facet normal 0.000000e+00 0.000000e+00 -1.000000e+00
    outer loop
      vertex   -1.578605e+01 -4.916094e+01 -1.500000e+01
      vertex   -1.900000e+01 -3.600000e+01 -1.500000e+01
      vertex   -1.544504e+01 -4.905014e+01 -1.500000e+01
    endloop
  endfacet
  facet normal 0.000000e+00 0.000000e+00 -1.000000e+00
    outer loop
      vertex   -1.544504e+01 -4.905014e+01 -1.500000e+01
      vertex   -1.900000e+01 -3.600000e+01 -1.500000e+01
      vertex   -9.652491e+00 -4.600596e+01 -1.500000e+01
    endloop
  endfacet
  facet normal 0.000000e+00 0.000000e+00 -1.000000e+00
    outer loop
      vertex   -1.544504e+01 -4.905014e+01 -1.500000e+01
      vertex   -9.652491e+00 -4.600596e+01 -1.500000e+01
      vertex   -9.994043e+00 -4.634751e+01 -1.500000e+01
    endloop
  endfacet
  facet normal -0.000000e+00 0.000000e+00 -1.000000e+00
    outer loop
      vertex   1.900000e+01 -3.600000e+01 -1.500000e+01
      vertex   -7.000000e+00 -4.500000e+01 -1.500000e+01
      vertex   -1.900000e+01 -3.600000e+01 -1.500000e+01
    endloop
  endfacet
  facet normal 0.000000e+00 0.000000e+00 -1.000000e+00
    outer loop
      vertex   -1.900000e+01 -3.600000e+01 -1.500000e+01
      vertex   -7.000000e+00 -4.500000e+01 -1.500000e+01
      vertex   -7.482147e+00 -4.502916e+01 -1.500000e+01
    endloop
  endfacet
  facet normal 0.000000e+00 0.000000e+00 -1.000000e+00
    outer loop
      vertex   -1.900000e+01 -3.600000e+01 -1.500000e+01
      vertex   -7.482147e+00 -4.502916e+01 -1.500000e+01
      vertex   -7.957263e+00 -4.511623e+01 -1.500000e+01
    endloop
  endfacet
  facet normal 0.000000e+00 0.000000e+00 -1.000000e+00
    outer loop
      vertex   1.900000e+01 -5.300000e+01 -1.500000e+01
      vertex   1.671690e+01 -4.997420e+01 -1.500000e+01
      vertex   1.900000e+01 -3.600000e+01 -1.500000e+01
    endloop
  endfacet
  facet normal 0.000000e+00 0.000000e+00 -1.000000e+00
    outer loop
      vertex   1.900000e+01 -3.600000e+01 -1.500000e+01
      vertex   1.671690e+01 -4.997420e+01 -1.500000e+01
      vertex   1.650614e+01 -4.968412e+01 -1.500000e+01
    endloop
  endfacet
  facet normal 0.000000e+00 0.000000e+00 -1.000000e+00
    outer loop
      vertex   1.900000e+01 -3.600000e+01 -1.500000e+01
      vertex   1.650614e+01 -4.968412e+01 -1.500000e+01
      vertex   1.624698e+01 -4.943634e+01 -1.500000e+01
    endloop
  endfacet
  facet normal 0.000000e+00 0.000000e+00 -1.000000e+00
    outer loop
      vertex   1.896846e+01 -5.350133e+01 -1.500000e+01
      vertex   1.624698e+01 -5.256366e+01 -1.500000e+01
      vertex   1.900000e+01 -5.300000e+01 -1.500000e+01
    endloop
  endfacet
  facet normal 0.000000e+00 0.000000e+00 -1.000000e+00
    outer loop
      vertex   1.900000e+01 -5.300000e+01 -1.500000e+01
      vertex   1.624698e+01 -5.256366e+01 -1.500000e+01
      vertex   1.650614e+01 -5.231588e+01 -1.500000e+01
    endloop
  endfacet
  facet normal 0.000000e+00 0.000000e+00 -1.000000e+00
    outer loop
      vertex   1.900000e+01 -5.300000e+01 -1.500000e+01
      vertex   1.650614e+01 -5.231588e+01 -1.500000e+01
      vertex   1.671690e+01 -5.202580e+01 -1.500000e+01
    endloop
  endfacet
  facet normal 0.000000e+00 -0.000000e+00 -1.000000e+00
    outer loop
      vertex   1.624698e+01 -5.256366e+01 -1.500000e+01
      vertex   1.896846e+01 -5.350133e+01 -1.500000e+01
      vertex   1.594774e+01 -5.276119e+01 -1.500000e+01
    endloop
  endfacet
  facet normal 0.000000e+00 0.000000e+00 -1.000000e+00
    outer loop
      vertex   1.594774e+01 -5.276119e+01 -1.500000e+01
      vertex   1.896846e+01 -5.350133e+01 -1.500000e+01
      vertex   1.887433e+01 -5.399476e+01 -1.500000e+01
    endloop
  endfacet
  facet normal 0.000000e+00 -0.000000e+00 -1.000000e+00
    outer loop
      vertex   1.594774e+01 -5.276119e+01 -1.500000e+01
      vertex   1.887433e+01 -5.399476e+01 -1.500000e+01
      vertex   1.561803e+01 -5.290211e+01 -1.500000e+01
    endloop
  endfacet
  facet normal 0.000000e+00 0.000000e+00 -1.000000e+00
    outer loop
      vertex   1.561803e+01 -5.290211e+01 -1.500000e+01
      vertex   1.887433e+01 -5.399476e+01 -1.500000e+01
      vertex   1.871911e+01 -5.447250e+01 -1.500000e+01
    endloop
  endfacet
  facet normal 0.000000e+00 -0.000000e+00 -1.000000e+00
    outer loop
      vertex   1.561803e+01 -5.290211e+01 -1.500000e+01
      vertex   1.871911e+01 -5.447250e+01 -1.500000e+01
      vertex   1.526847e+01 -5.298190e+01 -1.500000e+01
    endloop
  endfacet
  facet normal 0.000000e+00 0.000000e+00 -1.000000e+00
    outer loop
      vertex   1.526847e+01 -5.298190e+01 -1.500000e+01
      vertex   1.871911e+01 -5.447250e+01 -1.500000e+01
      vertex   1.850523e+01 -5.492701e+01 -1.500000e+01
    endloop
  endfacet
  facet normal 0.000000e+00 0.000000e+00 -1.000000e+00
    outer loop
      vertex   1.526847e+01 -5.298190e+01 -1.500000e+01
      vertex   1.850523e+01 -5.492701e+01 -1.500000e+01
      vertex   1.823607e+01 -5.535114e+01 -1.500000e+01
    endloop
  endfacet
  facet normal 0.000000e+00 -0.000000e+00 -1.000000e+00
    outer loop
      vertex   1.526847e+01 -5.298190e+01 -1.500000e+01
      vertex   1.823607e+01 -5.535114e+01 -1.500000e+01
      vertex   1.491027e+01 -5.299799e+01 -1.500000e+01
    endloop
  endfacet
  facet normal 0.000000e+00 0.000000e+00 -1.000000e+00
    outer loop
      vertex   1.491027e+01 -5.299799e+01 -1.500000e+01
      vertex   1.823607e+01 -5.535114e+01 -1.500000e+01
      vertex   1.791587e+01 -5.573819e+01 -1.500000e+01
    endloop
  endfacet
  facet normal 0.000000e+00 -0.000000e+00 -1.000000e+00
    outer loop
      vertex   1.491027e+01 -5.299799e+01 -1.500000e+01
      vertex   1.791587e+01 -5.573819e+01 -1.500000e+01
      vertex   1.208413e+01 -5.573819e+01 -1.500000e+01
    endloop
  endfacet
  facet normal 0.000000e+00 0.000000e+00 -1.000000e+00
    outer loop
      vertex   1.208413e+01 -5.573819e+01 -1.500000e+01
      vertex   1.791587e+01 -5.573819e+01 -1.500000e+01
      vertex   1.245030e+01 -5.608205e+01 -1.500000e+01
    endloop
  endfacet
  facet normal 0.000000e+00 0.000000e+00 -1.000000e+00
    outer loop
      vertex   1.245030e+01 -5.608205e+01 -1.500000e+01
      vertex   1.791587e+01 -5.573819e+01 -1.500000e+01
      vertex   1.754970e+01 -5.608205e+01 -1.500000e+01
    endloop
  endfacet
  facet normal 0.000000e+00 0.000000e+00 -1.000000e+00
    outer loop
      vertex   1.245030e+01 -5.608205e+01 -1.500000e+01
      vertex   1.754970e+01 -5.608205e+01 -1.500000e+01
      vertex   1.285669e+01 -5.637731e+01 -1.500000e+01
    endloop
  endfacet
  facet normal 0.000000e+00 0.000000e+00 -1.000000e+00
    outer loop
      vertex   1.285669e+01 -5.637731e+01 -1.500000e+01
      vertex   1.754970e+01 -5.608205e+01 -1.500000e+01
      vertex   1.714331e+01 -5.637731e+01 -1.500000e+01
    endloop
  endfacet
  facet normal 0.000000e+00 0.000000e+00 -1.000000e+00
    outer loop
      vertex   1.285669e+01 -5.637731e+01 -1.500000e+01
      vertex   1.714331e+01 -5.637731e+01 -1.500000e+01
      vertex   1.329688e+01 -5.661931e+01 -1.500000e+01
    endloop
  endfacet
  facet normal 0.000000e+00 0.000000e+00 -1.000000e+00
    outer loop
      vertex   1.329688e+01 -5.661931e+01 -1.500000e+01
      vertex   1.714331e+01 -5.637731e+01 -1.500000e+01
      vertex   1.670312e+01 -5.661931e+01 -1.500000e+01
    endloop
  endfacet
  facet normal 0.000000e+00 0.000000e+00 -1.000000e+00
    outer loop
      vertex   1.329688e+01 -5.661931e+01 -1.500000e+01
      vertex   1.670312e+01 -5.661931e+01 -1.500000e+01
      vertex   1.376393e+01 -5.680423e+01 -1.500000e+01
    endloop
  endfacet
  facet normal 0.000000e+00 0.000000e+00 -1.000000e+00
    outer loop
      vertex   1.376393e+01 -5.680423e+01 -1.500000e+01
      vertex   1.670312e+01 -5.661931e+01 -1.500000e+01
      vertex   1.623607e+01 -5.680423e+01 -1.500000e+01
    endloop
  endfacet
  facet normal 0.000000e+00 0.000000e+00 -1.000000e+00
    outer loop
      vertex   1.376393e+01 -5.680423e+01 -1.500000e+01
      vertex   1.623607e+01 -5.680423e+01 -1.500000e+01
      vertex   1.425047e+01 -5.692915e+01 -1.500000e+01
    endloop
  endfacet
  facet normal 0.000000e+00 0.000000e+00 -1.000000e+00
    outer loop
      vertex   1.425047e+01 -5.692915e+01 -1.500000e+01
      vertex   1.623607e+01 -5.680423e+01 -1.500000e+01
      vertex   1.574953e+01 -5.692915e+01 -1.500000e+01
    endloop
  endfacet
  facet normal 0.000000e+00 0.000000e+00 -1.000000e+00
    outer loop
      vertex   1.425047e+01 -5.692915e+01 -1.500000e+01
      vertex   1.574953e+01 -5.692915e+01 -1.500000e+01
      vertex   1.474884e+01 -5.699211e+01 -1.500000e+01
    endloop
  endfacet
  facet normal 0.000000e+00 0.000000e+00 -1.000000e+00
    outer loop
      vertex   1.474884e+01 -5.699211e+01 -1.500000e+01
      vertex   1.574953e+01 -5.692915e+01 -1.500000e+01
      vertex   1.525116e+01 -5.699211e+01 -1.500000e+01
    endloop
  endfacet
  facet normal 0.000000e+00 0.000000e+00 -1.000000e+00
    outer loop
      vertex   1.208413e+01 -5.573819e+01 -1.500000e+01
      vertex   1.176393e+01 -5.535114e+01 -1.500000e+01
      vertex   1.491027e+01 -5.299799e+01 -1.500000e+01
    endloop
  endfacet
  facet normal 0.000000e+00 0.000000e+00 -1.000000e+00
    outer loop
      vertex   1.491027e+01 -5.299799e+01 -1.500000e+01
      vertex   1.176393e+01 -5.535114e+01 -1.500000e+01
      vertex   1.149477e+01 -5.492701e+01 -1.500000e+01
    endloop
  endfacet
  facet normal -0.000000e+00 0.000000e+00 -1.000000e+00
    outer loop
      vertex   1.491027e+01 -5.299799e+01 -1.500000e+01
      vertex   1.149477e+01 -5.492701e+01 -1.500000e+01
      vertex   1.455496e+01 -5.294986e+01 -1.500000e+01
    endloop
  endfacet
  facet normal 0.000000e+00 0.000000e+00 -1.000000e+00
    outer loop
      vertex   1.455496e+01 -5.294986e+01 -1.500000e+01
      vertex   1.149477e+01 -5.492701e+01 -1.500000e+01
      vertex   1.128089e+01 -5.447250e+01 -1.500000e+01
    endloop
  endfacet
  facet normal 0.000000e+00 0.000000e+00 -1.000000e+00
    outer loop
      vertex   1.455496e+01 -5.294986e+01 -1.500000e+01
      vertex   1.128089e+01 -5.447250e+01 -1.500000e+01
      vertex   1.112567e+01 -5.399476e+01 -1.500000e+01
    endloop
  endfacet
  facet normal -0.000000e+00 0.000000e+00 -1.000000e+00
    outer loop
      vertex   1.455496e+01 -5.294986e+01 -1.500000e+01
      vertex   1.112567e+01 -5.399476e+01 -1.500000e+01
      vertex   1.421395e+01 -5.283906e+01 -1.500000e+01
    endloop
  endfacet
  facet normal 0.000000e+00 0.000000e+00 -1.000000e+00
    outer loop
      vertex   1.421395e+01 -5.283906e+01 -1.500000e+01
      vertex   1.112567e+01 -5.399476e+01 -1.500000e+01
      vertex   1.103154e+01 -5.350133e+01 -1.500000e+01
    endloop
  endfacet
  facet normal -0.000000e+00 0.000000e+00 -1.000000e+00
    outer loop
      vertex   1.421395e+01 -5.283906e+01 -1.500000e+01
      vertex   1.103154e+01 -5.350133e+01 -1.500000e+01
      vertex   1.389821e+01 -5.266915e+01 -1.500000e+01
    endloop
  endfacet
  facet normal 0.000000e+00 0.000000e+00 -1.000000e+00
    outer loop
      vertex   1.389821e+01 -5.266915e+01 -1.500000e+01
      vertex   1.103154e+01 -5.350133e+01 -1.500000e+01
      vertex   1.100000e+01 -5.300000e+01 -1.500000e+01
    endloop
  endfacet
  facet normal -0.000000e+00 0.000000e+00 -1.000000e+00
    outer loop
      vertex   1.389821e+01 -5.266915e+01 -1.500000e+01
      vertex   1.100000e+01 -5.300000e+01 -1.500000e+01
      vertex   1.361787e+01 -5.244559e+01 -1.500000e+01
    endloop
  endfacet
  facet normal -0.000000e+00 0.000000e+00 -1.000000e+00
    outer loop
      vertex   1.361787e+01 -5.244559e+01 -1.500000e+01
      vertex   1.100000e+01 -5.300000e+01 -1.500000e+01
      vertex   1.338197e+01 -5.217557e+01 -1.500000e+01
    endloop
  endfacet
  facet normal -0.000000e+00 0.000000e+00 -1.000000e+00
    outer loop
      vertex   1.338197e+01 -5.217557e+01 -1.500000e+01
      vertex   1.100000e+01 -5.300000e+01 -1.500000e+01
      vertex   1.319806e+01 -5.186777e+01 -1.500000e+01
    endloop
  endfacet
  facet normal -0.000000e+00 0.000000e+00 -1.000000e+00
    outer loop
      vertex   1.319806e+01 -5.186777e+01 -1.500000e+01
      vertex   1.100000e+01 -5.300000e+01 -1.500000e+01
      vertex   1.307207e+01 -5.153207e+01 -1.500000e+01
    endloop
  endfacet
  facet normal -0.000000e+00 0.000000e+00 -1.000000e+00
    outer loop
      vertex   1.307207e+01 -5.153207e+01 -1.500000e+01
      vertex   1.100000e+01 -5.300000e+01 -1.500000e+01
      vertex   1.300805e+01 -5.117928e+01 -1.500000e+01
    endloop
  endfacet
  facet normal -0.000000e+00 0.000000e+00 -1.000000e+00
    outer loop
      vertex   1.300805e+01 -5.117928e+01 -1.500000e+01
      vertex   1.100000e+01 -5.300000e+01 -1.500000e+01
      vertex   1.100000e+01 -4.900000e+01 -1.500000e+01
    endloop
  endfacet
  facet normal 0.000000e+00 0.000000e+00 -1.000000e+00
    outer loop
      vertex   1.300805e+01 -5.117928e+01 -1.500000e+01
      vertex   1.100000e+01 -4.900000e+01 -1.500000e+01
      vertex   1.300805e+01 -5.082072e+01 -1.500000e+01
    endloop
  endfacet
  facet normal 0.000000e+00 0.000000e+00 -1.000000e+00
    outer loop
      vertex   1.300805e+01 -5.082072e+01 -1.500000e+01
      vertex   1.100000e+01 -4.900000e+01 -1.500000e+01
      vertex   1.307207e+01 -5.046793e+01 -1.500000e+01
    endloop
  endfacet
  facet normal 0.000000e+00 0.000000e+00 -1.000000e+00
    outer loop
      vertex   1.307207e+01 -5.046793e+01 -1.500000e+01
      vertex   1.100000e+01 -4.900000e+01 -1.500000e+01
      vertex   1.319806e+01 -5.013223e+01 -1.500000e+01
    endloop
  endfacet
  facet normal 0.000000e+00 0.000000e+00 -1.000000e+00
    outer loop
      vertex   1.319806e+01 -5.013223e+01 -1.500000e+01
      vertex   1.100000e+01 -4.900000e+01 -1.500000e+01
      vertex   1.338197e+01 -4.982443e+01 -1.500000e+01
    endloop
  endfacet
  facet normal 0.000000e+00 0.000000e+00 -1.000000e+00
    outer loop
      vertex   1.338197e+01 -4.982443e+01 -1.500000e+01
      vertex   1.100000e+01 -4.900000e+01 -1.500000e+01
      vertex   1.361787e+01 -4.955441e+01 -1.500000e+01
    endloop
  endfacet
  facet normal 0.000000e+00 0.000000e+00 -1.000000e+00
    outer loop
      vertex   1.361787e+01 -4.955441e+01 -1.500000e+01
      vertex   1.100000e+01 -4.900000e+01 -1.500000e+01
      vertex   1.389821e+01 -4.933085e+01 -1.500000e+01
    endloop
  endfacet
  facet normal 0.000000e+00 0.000000e+00 -1.000000e+00
    outer loop
      vertex   1.389821e+01 -4.933085e+01 -1.500000e+01
      vertex   1.100000e+01 -4.900000e+01 -1.500000e+01
      vertex   1.097084e+01 -4.851785e+01 -1.500000e+01
    endloop
  endfacet
  facet normal 0.000000e+00 0.000000e+00 -1.000000e+00
    outer loop
      vertex   1.389821e+01 -4.933085e+01 -1.500000e+01
      vertex   1.097084e+01 -4.851785e+01 -1.500000e+01
      vertex   1.421395e+01 -4.916094e+01 -1.500000e+01
    endloop
  endfacet
  facet normal 0.000000e+00 0.000000e+00 -1.000000e+00
    outer loop
      vertex   1.421395e+01 -4.916094e+01 -1.500000e+01
      vertex   1.097084e+01 -4.851785e+01 -1.500000e+01
      vertex   1.088377e+01 -4.804274e+01 -1.500000e+01
    endloop
  endfacet
  facet normal 0.000000e+00 0.000000e+00 -1.000000e+00
    outer loop
      vertex   1.421395e+01 -4.916094e+01 -1.500000e+01
      vertex   1.088377e+01 -4.804274e+01 -1.500000e+01
      vertex   1.455496e+01 -4.905014e+01 -1.500000e+01
    endloop
  endfacet
  facet normal 0.000000e+00 0.000000e+00 -1.000000e+00
    outer loop
      vertex   1.455496e+01 -4.905014e+01 -1.500000e+01
      vertex   1.088377e+01 -4.804274e+01 -1.500000e+01
      vertex   1.074006e+01 -4.758158e+01 -1.500000e+01
    endloop
  endfacet
  facet normal 0.000000e+00 0.000000e+00 -1.000000e+00
    outer loop
      vertex   1.455496e+01 -4.905014e+01 -1.500000e+01
      vertex   1.074006e+01 -4.758158e+01 -1.500000e+01
      vertex   1.491027e+01 -4.900201e+01 -1.500000e+01
    endloop
  endfacet
  facet normal 0.000000e+00 0.000000e+00 -1.000000e+00
    outer loop
      vertex   1.491027e+01 -4.900201e+01 -1.500000e+01
      vertex   1.074006e+01 -4.758158e+01 -1.500000e+01
      vertex   1.054182e+01 -4.714111e+01 -1.500000e+01
    endloop
  endfacet
  facet normal 0.000000e+00 0.000000e+00 -1.000000e+00
    outer loop
      vertex   1.491027e+01 -4.900201e+01 -1.500000e+01
      vertex   1.054182e+01 -4.714111e+01 -1.500000e+01
      vertex   1.526847e+01 -4.901810e+01 -1.500000e+01
    endloop
  endfacet
  facet normal 0.000000e+00 0.000000e+00 -1.000000e+00
    outer loop
      vertex   1.526847e+01 -4.901810e+01 -1.500000e+01
      vertex   1.054182e+01 -4.714111e+01 -1.500000e+01
      vertex   1.029194e+01 -4.672774e+01 -1.500000e+01
    endloop
  endfacet
  facet normal 0.000000e+00 0.000000e+00 -1.000000e+00
    outer loop
      vertex   1.526847e+01 -4.901810e+01 -1.500000e+01
      vertex   1.029194e+01 -4.672774e+01 -1.500000e+01
      vertex   9.994043e+00 -4.634751e+01 -1.500000e+01
    endloop
  endfacet
  facet normal 0.000000e+00 0.000000e+00 -1.000000e+00
    outer loop
      vertex   1.526847e+01 -4.901810e+01 -1.500000e+01
      vertex   9.994043e+00 -4.634751e+01 -1.500000e+01
      vertex   1.561803e+01 -4.909789e+01 -1.500000e+01
    endloop
  endfacet
  facet normal 0.000000e+00 0.000000e+00 -1.000000e+00
    outer loop
      vertex   1.561803e+01 -4.909789e+01 -1.500000e+01
      vertex   9.994043e+00 -4.634751e+01 -1.500000e+01
      vertex   9.652491e+00 -4.600596e+01 -1.500000e+01
    endloop
  endfacet
  facet normal 0.000000e+00 0.000000e+00 -1.000000e+00
    outer loop
      vertex   1.561803e+01 -4.909789e+01 -1.500000e+01
      vertex   9.652491e+00 -4.600596e+01 -1.500000e+01
      vertex   1.900000e+01 -3.600000e+01 -1.500000e+01
    endloop
  endfacet
  facet normal 0.000000e+00 0.000000e+00 -1.000000e+00
    outer loop
      vertex   1.900000e+01 -3.600000e+01 -1.500000e+01
      vertex   9.652491e+00 -4.600596e+01 -1.500000e+01
      vertex   9.272259e+00 -4.570806e+01 -1.500000e+01
    endloop
  endfacet
  facet normal 0.000000e+00 0.000000e+00 -1.000000e+00
    outer loop
      vertex   1.900000e+01 -3.600000e+01 -1.500000e+01
      vertex   9.272259e+00 -4.570806e+01 -1.500000e+01
      vertex   8.858893e+00 -4.545818e+01 -1.500000e+01
    endloop
  endfacet
  facet normal 0.000000e+00 0.000000e+00 -1.000000e+00
    outer loop
      vertex   8.858893e+00 -4.545818e+01 -1.500000e+01
      vertex   8.418420e+00 -4.525994e+01 -1.500000e+01
      vertex   1.900000e+01 -3.600000e+01 -1.500000e+01
    endloop
  endfacet
  facet normal 0.000000e+00 0.000000e+00 -1.000000e+00
    outer loop
      vertex   1.900000e+01 -3.600000e+01 -1.500000e+01
      vertex   8.418420e+00 -4.525994e+01 -1.500000e+01
      vertex   7.957263e+00 -4.511623e+01 -1.500000e+01
    endloop
  endfacet
  facet normal 0.000000e+00 0.000000e+00 -1.000000e+00
    outer loop
      vertex   1.900000e+01 -3.600000e+01 -1.500000e+01
      vertex   7.957263e+00 -4.511623e+01 -1.500000e+01
      vertex   7.482147e+00 -4.502916e+01 -1.500000e+01
    endloop
  endfacet
  facet normal 0.000000e+00 0.000000e+00 -1.000000e+00
    outer loop
      vertex   7.482147e+00 -4.502916e+01 -1.500000e+01
      vertex   7.000000e+00 -4.500000e+01 -1.500000e+01
      vertex   1.900000e+01 -3.600000e+01 -1.500000e+01
    endloop
  endfacet
  facet normal 0.000000e+00 0.000000e+00 -1.000000e+00
    outer loop
      vertex   1.900000e+01 -3.600000e+01 -1.500000e+01
      vertex   7.000000e+00 -4.500000e+01 -1.500000e+01
      vertex   -7.000000e+00 -4.500000e+01 -1.500000e+01
    endloop
  endfacet
  facet normal -0.000000e+00 0.000000e+00 -1.000000e+00
    outer loop
      vertex   -7.957263e+00 -4.511623e+01 -1.500000e+01
      vertex   -8.418420e+00 -4.525994e+01 -1.500000e+01
      vertex   -1.900000e+01 -3.600000e+01 -1.500000e+01
    endloop
  endfacet
  facet normal 0.000000e+00 0.000000e+00 -1.000000e+00
    outer loop
      vertex   -1.900000e+01 -3.600000e+01 -1.500000e+01
      vertex   -8.418420e+00 -4.525994e+01 -1.500000e+01
      vertex   -8.858893e+00 -4.545818e+01 -1.500000e+01
    endloop
  endfacet
  facet normal 0.000000e+00 0.000000e+00 -1.000000e+00
    outer loop
      vertex   -1.900000e+01 -3.600000e+01 -1.500000e+01
      vertex   -8.858893e+00 -4.545818e+01 -1.500000e+01
      vertex   -9.272259e+00 -4.570806e+01 -1.500000e+01
    endloop
  endfacet
  facet normal -0.000000e+00 0.000000e+00 -1.000000e+00
    outer loop
      vertex   -9.272259e+00 -4.570806e+01 -1.500000e+01
      vertex   -9.652491e+00 -4.600596e+01 -1.500000e+01
      vertex   -1.900000e+01 -3.600000e+01 -1.500000e+01
    endloop
  endfacet
  facet normal 0.000000e+00 0.000000e+00 -1.000000e+00
    outer loop
      vertex   -9.994043e+00 -4.634751e+01 -1.500000e+01
      vertex   -1.029194e+01 -4.672774e+01 -1.500000e+01
      vertex   -1.544504e+01 -4.905014e+01 -1.500000e+01
    endloop
  endfacet
  facet normal 0.000000e+00 0.000000e+00 -1.000000e+00
    outer loop
      vertex   -1.544504e+01 -4.905014e+01 -1.500000e+01
      vertex   -1.029194e+01 -4.672774e+01 -1.500000e+01
      vertex   -1.508973e+01 -4.900201e+01 -1.500000e+01
    endloop
  endfacet
  facet normal 0.000000e+00 0.000000e+00 -1.000000e+00
    outer loop
      vertex   -1.508973e+01 -4.900201e+01 -1.500000e+01
      vertex   -1.029194e+01 -4.672774e+01 -1.500000e+01
      vertex   -1.054182e+01 -4.714111e+01 -1.500000e+01
    endloop
  endfacet
  facet normal 0.000000e+00 0.000000e+00 -1.000000e+00
    outer loop
      vertex   -1.508973e+01 -4.900201e+01 -1.500000e+01
      vertex   -1.054182e+01 -4.714111e+01 -1.500000e+01
      vertex   -1.473153e+01 -4.901810e+01 -1.500000e+01
    endloop
  endfacet
  facet normal 0.000000e+00 0.000000e+00 -1.000000e+00
    outer loop
      vertex   -1.473153e+01 -4.901810e+01 -1.500000e+01
      vertex   -1.054182e+01 -4.714111e+01 -1.500000e+01
      vertex   -1.074006e+01 -4.758158e+01 -1.500000e+01
    endloop
  endfacet
  facet normal 0.000000e+00 0.000000e+00 -1.000000e+00
    outer loop
      vertex   -1.473153e+01 -4.901810e+01 -1.500000e+01
      vertex   -1.074006e+01 -4.758158e+01 -1.500000e+01
      vertex   -1.088377e+01 -4.804274e+01 -1.500000e+01
    endloop
  endfacet
  facet normal 0.000000e+00 0.000000e+00 -1.000000e+00
    outer loop
      vertex   -1.473153e+01 -4.901810e+01 -1.500000e+01
      vertex   -1.088377e+01 -4.804274e+01 -1.500000e+01
      vertex   -1.438197e+01 -4.909789e+01 -1.500000e+01
    endloop
  endfacet
  facet normal 0.000000e+00 0.000000e+00 -1.000000e+00
    outer loop
      vertex   -1.438197e+01 -4.909789e+01 -1.500000e+01
      vertex   -1.088377e+01 -4.804274e+01 -1.500000e+01
      vertex   -1.097084e+01 -4.851785e+01 -1.500000e+01
    endloop
  endfacet
  facet normal 0.000000e+00 0.000000e+00 -1.000000e+00
    outer loop
      vertex   -1.438197e+01 -4.909789e+01 -1.500000e+01
      vertex   -1.097084e+01 -4.851785e+01 -1.500000e+01
      vertex   -1.405226e+01 -4.923881e+01 -1.500000e+01
    endloop
  endfacet
  facet normal 0.000000e+00 0.000000e+00 -1.000000e+00
    outer loop
      vertex   -1.405226e+01 -4.923881e+01 -1.500000e+01
      vertex   -1.097084e+01 -4.851785e+01 -1.500000e+01
      vertex   -1.100000e+01 -4.900000e+01 -1.500000e+01
    endloop
  endfacet
  facet normal 0.000000e+00 0.000000e+00 -1.000000e+00
    outer loop
      vertex   -1.405226e+01 -4.923881e+01 -1.500000e+01
      vertex   -1.100000e+01 -4.900000e+01 -1.500000e+01
      vertex   -1.375302e+01 -4.943634e+01 -1.500000e+01
    endloop
  endfacet
  facet normal 0.000000e+00 0.000000e+00 -1.000000e+00
    outer loop
      vertex   -1.375302e+01 -4.943634e+01 -1.500000e+01
      vertex   -1.100000e+01 -4.900000e+01 -1.500000e+01
      vertex   -1.349386e+01 -4.968412e+01 -1.500000e+01
    endloop
  endfacet
  facet normal 0.000000e+00 0.000000e+00 -1.000000e+00
    outer loop
      vertex   -1.349386e+01 -4.968412e+01 -1.500000e+01
      vertex   -1.100000e+01 -4.900000e+01 -1.500000e+01
      vertex   -1.328310e+01 -4.997420e+01 -1.500000e+01
    endloop
  endfacet
  facet normal 0.000000e+00 0.000000e+00 -1.000000e+00
    outer loop
      vertex   -1.328310e+01 -4.997420e+01 -1.500000e+01
      vertex   -1.100000e+01 -4.900000e+01 -1.500000e+01
      vertex   -1.312753e+01 -5.029725e+01 -1.500000e+01
    endloop
  endfacet
  facet normal 0.000000e+00 0.000000e+00 -1.000000e+00
    outer loop
      vertex   -1.312753e+01 -5.029725e+01 -1.500000e+01
      vertex   -1.100000e+01 -4.900000e+01 -1.500000e+01
      vertex   -1.303214e+01 -5.064289e+01 -1.500000e+01
    endloop
  endfacet
  facet normal 0.000000e+00 0.000000e+00 -1.000000e+00
    outer loop
      vertex   -1.303214e+01 -5.064289e+01 -1.500000e+01
      vertex   -1.100000e+01 -4.900000e+01 -1.500000e+01
      vertex   -1.300000e+01 -5.100000e+01 -1.500000e+01
    endloop
  endfacet
  facet normal 0.000000e+00 0.000000e+00 -1.000000e+00
    outer loop
      vertex   -1.300000e+01 -5.100000e+01 -1.500000e+01
      vertex   -1.100000e+01 -4.900000e+01 -1.500000e+01
      vertex   -1.100000e+01 -5.300000e+01 -1.500000e+01
    endloop
  endfacet
  facet normal 0.000000e+00 -0.000000e+00 -1.000000e+00
    outer loop
      vertex   -1.300000e+01 -5.100000e+01 -1.500000e+01
      vertex   -1.100000e+01 -5.300000e+01 -1.500000e+01
      vertex   -1.303214e+01 -5.135711e+01 -1.500000e+01
    endloop
  endfacet
  facet normal 0.000000e+00 -0.000000e+00 -1.000000e+00
    outer loop
      vertex   -1.303214e+01 -5.135711e+01 -1.500000e+01
      vertex   -1.100000e+01 -5.300000e+01 -1.500000e+01
      vertex   -1.312753e+01 -5.170275e+01 -1.500000e+01
    endloop
  endfacet
  facet normal 0.000000e+00 -0.000000e+00 -1.000000e+00
    outer loop
      vertex   -1.312753e+01 -5.170275e+01 -1.500000e+01
      vertex   -1.100000e+01 -5.300000e+01 -1.500000e+01
      vertex   -1.328310e+01 -5.202580e+01 -1.500000e+01
    endloop
  endfacet
  facet normal 0.000000e+00 0.000000e+00 -1.000000e+00
    outer loop
      vertex   1.696786e+01 -5.135711e+01 -1.500000e+01
      vertex   1.700000e+01 -5.100000e+01 -1.500000e+01
      vertex   1.900000e+01 -5.300000e+01 -1.500000e+01
    endloop
  endfacet
  facet normal 0.000000e+00 0.000000e+00 -1.000000e+00
    outer loop
      vertex   1.900000e+01 -5.300000e+01 -1.500000e+01
      vertex   1.700000e+01 -5.100000e+01 -1.500000e+01
      vertex   1.696786e+01 -5.064289e+01 -1.500000e+01
    endloop
  endfacet
  facet normal 0.000000e+00 0.000000e+00 -1.000000e+00
    outer loop
      vertex   1.900000e+01 -5.300000e+01 -1.500000e+01
      vertex   1.696786e+01 -5.064289e+01 -1.500000e+01
      vertex   1.687247e+01 -5.029725e+01 -1.500000e+01
    endloop
  endfacet
  facet normal 0.000000e+00 0.000000e+00 -1.000000e+00
    outer loop
      vertex   1.687247e+01 -5.029725e+01 -1.500000e+01
      vertex   1.671690e+01 -4.997420e+01 -1.500000e+01
      vertex   1.900000e+01 -5.300000e+01 -1.500000e+01
    endloop
  endfacet
  facet normal 0.000000e+00 0.000000e+00 -1.000000e+00
    outer loop
      vertex   1.624698e+01 -4.943634e+01 -1.500000e+01
      vertex   1.594774e+01 -4.923881e+01 -1.500000e+01
      vertex   1.900000e+01 -3.600000e+01 -1.500000e+01
    endloop
  endfacet
  facet normal 0.000000e+00 0.000000e+00 -1.000000e+00
    outer loop
      vertex   1.900000e+01 -3.600000e+01 -1.500000e+01
      vertex   1.594774e+01 -4.923881e+01 -1.500000e+01
      vertex   1.561803e+01 -4.909789e+01 -1.500000e+01
    endloop
  endfacet
  facet normal 0.000000e+00 0.000000e+00 -1.000000e+00
    outer loop
      vertex   1.671690e+01 -5.202580e+01 -1.500000e+01
      vertex   1.687247e+01 -5.170275e+01 -1.500000e+01
      vertex   1.900000e+01 -5.300000e+01 -1.500000e+01
    endloop
  endfacet
  facet normal 0.000000e+00 0.000000e+00 -1.000000e+00
    outer loop
      vertex   1.900000e+01 -5.300000e+01 -1.500000e+01
      vertex   1.687247e+01 -5.170275e+01 -1.500000e+01
      vertex   1.696786e+01 -5.135711e+01 -1.500000e+01
    endloop
  endfacet
  facet normal -9.959743e-01 -8.963931e-02 -0.000000e+00
    outer loop
      vertex   1.696786e+01 -5.064289e+01 1.000000e+01
      vertex   1.696786e+01 -5.064289e+01 5.000000e+00
      vertex   1.700000e+01 -5.100000e+01 1.000000e+01
    endloop
  endfacet
  facet normal -9.959743e-01 -8.963931e-02 -0.000000e+00
    outer loop
      vertex   1.700000e+01 -5.100000e+01 1.000000e+01
      vertex   1.696786e+01 -5.064289e+01 5.000000e+00
      vertex   1.700000e+01 -5.100000e+01 5.000000e+00
    endloop
  endfacet
  facet normal -9.959743e-01 8.963931e-02 0.000000e+00
    outer loop
      vertex   1.700000e+01 -5.100000e+01 1.000000e+01
      vertex   1.700000e+01 -5.100000e+01 5.000000e+00
      vertex   1.696786e+01 -5.135711e+01 1.000000e+01
    endloop
  endfacet
  facet normal -9.959743e-01 8.963931e-02 0.000000e+00
    outer loop
      vertex   1.696786e+01 -5.135711e+01 1.000000e+01
      vertex   1.700000e+01 -5.100000e+01 5.000000e+00
      vertex   1.696786e+01 -5.135711e+01 5.000000e+00
    endloop
  endfacet
  facet normal -9.639629e-01 2.660368e-01 0.000000e+00
    outer loop
      vertex   1.696786e+01 -5.135711e+01 1.000000e+01
      vertex   1.696786e+01 -5.135711e+01 5.000000e+00
      vertex   1.687247e+01 -5.170275e+01 1.000000e+01
    endloop
  endfacet
  facet normal -9.639629e-01 2.660368e-01 0.000000e+00
    outer loop
      vertex   1.687247e+01 -5.170275e+01 1.000000e+01
      vertex   1.696786e+01 -5.135711e+01 5.000000e+00
      vertex   1.687247e+01 -5.170275e+01 5.000000e+00
    endloop
  endfacet
  facet normal -9.009689e-01 4.338837e-01 0.000000e+00
    outer loop
      vertex   1.687247e+01 -5.170275e+01 1.000000e+01
      vertex   1.687247e+01 -5.170275e+01 5.000000e+00
      vertex   1.671690e+01 -5.202580e+01 1.000000e+01
    endloop
  endfacet
  facet normal -9.009689e-01 4.338837e-01 0.000000e+00
    outer loop
      vertex   1.671690e+01 -5.202580e+01 1.000000e+01
      vertex   1.687247e+01 -5.170275e+01 5.000000e+00
      vertex   1.671690e+01 -5.202580e+01 5.000000e+00
    endloop
  endfacet
  facet normal -8.090170e-01 5.877853e-01 0.000000e+00
    outer loop
      vertex   1.671690e+01 -5.202580e+01 1.000000e+01
      vertex   1.671690e+01 -5.202580e+01 5.000000e+00
      vertex   1.650614e+01 -5.231588e+01 1.000000e+01
    endloop
  endfacet
  facet normal -8.090170e-01 5.877853e-01 0.000000e+00
    outer loop
      vertex   1.650614e+01 -5.231588e+01 1.000000e+01
      vertex   1.671690e+01 -5.202580e+01 5.000000e+00
      vertex   1.650614e+01 -5.231588e+01 5.000000e+00
    endloop
  endfacet
  facet normal -6.910626e-01 7.227949e-01 0.000000e+00
    outer loop
      vertex   1.650614e+01 -5.231588e+01 1.000000e+01
      vertex   1.650614e+01 -5.231588e+01 5.000000e+00
      vertex   1.624698e+01 -5.256366e+01 1.000000e+01
    endloop
  endfacet
  facet normal -6.910626e-01 7.227949e-01 0.000000e+00
    outer loop
      vertex   1.624698e+01 -5.256366e+01 1.000000e+01
      vertex   1.650614e+01 -5.231588e+01 5.000000e+00
      vertex   1.624698e+01 -5.256366e+01 5.000000e+00
    endloop
  endfacet
  facet normal -5.508970e-01 8.345733e-01 0.000000e+00
    outer loop
      vertex   1.624698e+01 -5.256366e+01 1.000000e+01
      vertex   1.624698e+01 -5.256366e+01 5.000000e+00
      vertex   1.594774e+01 -5.276119e+01 1.000000e+01
    endloop
  endfacet
  facet normal -5.508970e-01 8.345733e-01 0.000000e+00
    outer loop
      vertex   1.594774e+01 -5.276119e+01 1.000000e+01
      vertex   1.624698e+01 -5.256366e+01 5.000000e+00
      vertex   1.594774e+01 -5.276119e+01 5.000000e+00
    endloop
  endfacet
  facet normal -3.930250e-01 9.195278e-01 0.000000e+00
    outer loop
      vertex   1.594774e+01 -5.276119e+01 1.000000e+01
      vertex   1.594774e+01 -5.276119e+01 5.000000e+00
      vertex   1.561803e+01 -5.290211e+01 1.000000e+01
    endloop
  endfacet
  facet normal -3.930250e-01 9.195278e-01 0.000000e+00
    outer loop
      vertex   1.561803e+01 -5.290211e+01 1.000000e+01
      vertex   1.594774e+01 -5.276119e+01 5.000000e+00
      vertex   1.561803e+01 -5.290211e+01 5.000000e+00
    endloop
  endfacet
  facet normal -2.225209e-01 9.749279e-01 0.000000e+00
    outer loop
      vertex   1.561803e+01 -5.290211e+01 1.000000e+01
      vertex   1.561803e+01 -5.290211e+01 5.000000e+00
      vertex   1.526847e+01 -5.298190e+01 1.000000e+01
    endloop
  endfacet
  facet normal -2.225209e-01 9.749279e-01 0.000000e+00
    outer loop
      vertex   1.526847e+01 -5.298190e+01 1.000000e+01
      vertex   1.561803e+01 -5.290211e+01 5.000000e+00
      vertex   1.526847e+01 -5.298190e+01 5.000000e+00
    endloop
  endfacet
  facet normal -4.486483e-02 9.989931e-01 0.000000e+00
    outer loop
      vertex   1.526847e+01 -5.298190e+01 1.000000e+01
      vertex   1.526847e+01 -5.298190e+01 5.000000e+00
      vertex   1.491027e+01 -5.299799e+01 1.000000e+01
    endloop
  endfacet
  facet normal -4.486483e-02 9.989931e-01 0.000000e+00
    outer loop
      vertex   1.491027e+01 -5.299799e+01 1.000000e+01
      vertex   1.526847e+01 -5.298190e+01 5.000000e+00
      vertex   1.491027e+01 -5.299799e+01 5.000000e+00
    endloop
  endfacet
  facet normal 1.342333e-01 9.909498e-01 0.000000e+00
    outer loop
      vertex   1.491027e+01 -5.299799e+01 1.000000e+01
      vertex   1.491027e+01 -5.299799e+01 5.000000e+00
      vertex   1.455496e+01 -5.294986e+01 1.000000e+01
    endloop
  endfacet
  facet normal 1.342333e-01 9.909498e-01 0.000000e+00
    outer loop
      vertex   1.455496e+01 -5.294986e+01 1.000000e+01
      vertex   1.491027e+01 -5.299799e+01 5.000000e+00
      vertex   1.455496e+01 -5.294986e+01 5.000000e+00
    endloop
  endfacet
  facet normal 3.090170e-01 9.510565e-01 0.000000e+00
    outer loop
      vertex   1.455496e+01 -5.294986e+01 1.000000e+01
      vertex   1.455496e+01 -5.294986e+01 5.000000e+00
      vertex   1.421395e+01 -5.283906e+01 1.000000e+01
    endloop
  endfacet
  facet normal 3.090170e-01 9.510565e-01 0.000000e+00
    outer loop
      vertex   1.421395e+01 -5.283906e+01 1.000000e+01
      vertex   1.455496e+01 -5.294986e+01 5.000000e+00
      vertex   1.421395e+01 -5.283906e+01 5.000000e+00
    endloop
  endfacet
  facet normal 4.738687e-01 8.805955e-01 0.000000e+00
    outer loop
      vertex   1.421395e+01 -5.283906e+01 1.000000e+01
      vertex   1.421395e+01 -5.283906e+01 5.000000e+00
      vertex   1.389821e+01 -5.266915e+01 1.000000e+01
    endloop
  endfacet
  facet normal 4.738687e-01 8.805955e-01 0.000000e+00
    outer loop
      vertex   1.389821e+01 -5.266915e+01 1.000000e+01
      vertex   1.421395e+01 -5.283906e+01 5.000000e+00
      vertex   1.389821e+01 -5.266915e+01 5.000000e+00
    endloop
  endfacet
  facet normal 6.234898e-01 7.818315e-01 0.000000e+00
    outer loop
      vertex   1.389821e+01 -5.266915e+01 1.000000e+01
      vertex   1.389821e+01 -5.266915e+01 5.000000e+00
      vertex   1.361787e+01 -5.244559e+01 1.000000e+01
    endloop
  endfacet
  facet normal 6.234898e-01 7.818315e-01 0.000000e+00
    outer loop
      vertex   1.361787e+01 -5.244559e+01 1.000000e+01
      vertex   1.389821e+01 -5.266915e+01 5.000000e+00
      vertex   1.361787e+01 -5.244559e+01 5.000000e+00
    endloop
  endfacet
  facet normal 7.530715e-01 6.579387e-01 0.000000e+00
    outer loop
      vertex   1.361787e+01 -5.244559e+01 1.000000e+01
      vertex   1.361787e+01 -5.244559e+01 5.000000e+00
      vertex   1.338197e+01 -5.217557e+01 1.000000e+01
    endloop
  endfacet
  facet normal 7.530715e-01 6.579387e-01 0.000000e+00
    outer loop
      vertex   1.338197e+01 -5.217557e+01 1.000000e+01
      vertex   1.361787e+01 -5.244559e+01 5.000000e+00
      vertex   1.338197e+01 -5.217557e+01 5.000000e+00
    endloop
  endfacet
  facet normal 8.584488e-01 5.128993e-01 0.000000e+00
    outer loop
      vertex   1.338197e+01 -5.217557e+01 1.000000e+01
      vertex   1.338197e+01 -5.217557e+01 5.000000e+00
      vertex   1.319806e+01 -5.186777e+01 1.000000e+01
    endloop
  endfacet
  facet normal 8.584488e-01 5.128993e-01 0.000000e+00
    outer loop
      vertex   1.319806e+01 -5.186777e+01 1.000000e+01
      vertex   1.338197e+01 -5.217557e+01 5.000000e+00
      vertex   1.319806e+01 -5.186777e+01 5.000000e+00
    endloop
  endfacet
  facet normal 9.362349e-01 3.513748e-01 0.000000e+00
    outer loop
      vertex   1.319806e+01 -5.186777e+01 1.000000e+01
      vertex   1.319806e+01 -5.186777e+01 5.000000e+00
      vertex   1.307207e+01 -5.153207e+01 1.000000e+01
    endloop
  endfacet
  facet normal 9.362349e-01 3.513748e-01 0.000000e+00
    outer loop
      vertex   1.307207e+01 -5.153207e+01 1.000000e+01
      vertex   1.319806e+01 -5.186777e+01 5.000000e+00
      vertex   1.307207e+01 -5.153207e+01 5.000000e+00
    endloop
  endfacet
  facet normal 9.839296e-01 1.785569e-01 0.000000e+00
    outer loop
      vertex   1.307207e+01 -5.153207e+01 1.000000e+01
      vertex   1.307207e+01 -5.153207e+01 5.000000e+00
      vertex   1.300805e+01 -5.117928e+01 1.000000e+01
    endloop
  endfacet
  facet normal 9.839296e-01 1.785569e-01 0.000000e+00
    outer loop
      vertex   1.300805e+01 -5.117928e+01 1.000000e+01
      vertex   1.307207e+01 -5.153207e+01 5.000000e+00
      vertex   1.300805e+01 -5.117928e+01 5.000000e+00
    endloop
  endfacet
  facet normal 1.000000e+00 -0.000000e+00 0.000000e+00
    outer loop
      vertex   1.300805e+01 -5.117928e+01 1.000000e+01
      vertex   1.300805e+01 -5.117928e+01 5.000000e+00
      vertex   1.300805e+01 -5.082072e+01 1.000000e+01
    endloop
  endfacet
  facet normal 1.000000e+00 0.000000e+00 0.000000e+00
    outer loop
      vertex   1.300805e+01 -5.082072e+01 1.000000e+01
      vertex   1.300805e+01 -5.117928e+01 5.000000e+00
      vertex   1.300805e+01 -5.082072e+01 5.000000e+00
    endloop
  endfacet
  facet normal 9.839296e-01 -1.785569e-01 0.000000e+00
    outer loop
      vertex   1.300805e+01 -5.082072e+01 1.000000e+01
      vertex   1.300805e+01 -5.082072e+01 5.000000e+00
      vertex   1.307207e+01 -5.046793e+01 1.000000e+01
    endloop
  endfacet
  facet normal 9.839296e-01 -1.785569e-01 0.000000e+00
    outer loop
      vertex   1.307207e+01 -5.046793e+01 1.000000e+01
      vertex   1.300805e+01 -5.082072e+01 5.000000e+00
      vertex   1.307207e+01 -5.046793e+01 5.000000e+00
    endloop
  endfacet
  facet normal 9.362349e-01 -3.513748e-01 0.000000e+00
    outer loop
      vertex   1.307207e+01 -5.046793e+01 1.000000e+01
      vertex   1.307207e+01 -5.046793e+01 5.000000e+00
      vertex   1.319806e+01 -5.013223e+01 1.000000e+01
    endloop
  endfacet
  facet normal 9.362349e-01 -3.513748e-01 0.000000e+00
    outer loop
      vertex   1.319806e+01 -5.013223e+01 1.000000e+01
      vertex   1.307207e+01 -5.046793e+01 5.000000e+00
      vertex   1.319806e+01 -5.013223e+01 5.000000e+00
    endloop
  endfacet
  facet normal 8.584488e-01 -5.128993e-01 0.000000e+00
    outer loop
      vertex   1.319806e+01 -5.013223e+01 1.000000e+01
      vertex   1.319806e+01 -5.013223e+01 5.000000e+00
      vertex   1.338197e+01 -4.982443e+01 1.000000e+01
    endloop
  endfacet
  facet normal 8.584488e-01 -5.128993e-01 0.000000e+00
    outer loop
      vertex   1.338197e+01 -4.982443e+01 1.000000e+01
      vertex   1.319806e+01 -5.013223e+01 5.000000e+00
      vertex   1.338197e+01 -4.982443e+01 5.000000e+00
    endloop
  endfacet
  facet normal 7.530715e-01 -6.579387e-01 0.000000e+00
    outer loop
      vertex   1.338197e+01 -4.982443e+01 1.000000e+01
      vertex   1.338197e+01 -4.982443e+01 5.000000e+00
      vertex   1.361787e+01 -4.955441e+01 1.000000e+01
    endloop
  endfacet
  facet normal 7.530715e-01 -6.579387e-01 0.000000e+00
    outer loop
      vertex   1.361787e+01 -4.955441e+01 1.000000e+01
      vertex   1.338197e+01 -4.982443e+01 5.000000e+00
      vertex   1.361787e+01 -4.955441e+01 5.000000e+00
    endloop
  endfacet
  facet normal 6.234898e-01 -7.818315e-01 0.000000e+00
    outer loop
      vertex   1.361787e+01 -4.955441e+01 1.000000e+01
      vertex   1.361787e+01 -4.955441e+01 5.000000e+00
      vertex   1.389821e+01 -4.933085e+01 1.000000e+01
    endloop
  endfacet
  facet normal 6.234898e-01 -7.818315e-01 0.000000e+00
    outer loop
      vertex   1.389821e+01 -4.933085e+01 1.000000e+01
      vertex   1.361787e+01 -4.955441e+01 5.000000e+00
      vertex   1.389821e+01 -4.933085e+01 5.000000e+00
    endloop
  endfacet
  facet normal 4.738687e-01 -8.805955e-01 0.000000e+00
    outer loop
      vertex   1.389821e+01 -4.933085e+01 1.000000e+01
      vertex   1.389821e+01 -4.933085e+01 5.000000e+00
      vertex   1.421395e+01 -4.916094e+01 1.000000e+01
    endloop
  endfacet
  facet normal 4.738687e-01 -8.805955e-01 0.000000e+00
    outer loop
      vertex   1.421395e+01 -4.916094e+01 1.000000e+01
      vertex   1.389821e+01 -4.933085e+01 5.000000e+00
      vertex   1.421395e+01 -4.916094e+01 5.000000e+00
    endloop
  endfacet
  facet normal 3.090170e-01 -9.510565e-01 0.000000e+00
    outer loop
      vertex   1.421395e+01 -4.916094e+01 1.000000e+01
      vertex   1.421395e+01 -4.916094e+01 5.000000e+00
      vertex   1.455496e+01 -4.905014e+01 1.000000e+01
    endloop
  endfacet
  facet normal 3.090170e-01 -9.510565e-01 0.000000e+00
    outer loop
      vertex   1.455496e+01 -4.905014e+01 1.000000e+01
      vertex   1.421395e+01 -4.916094e+01 5.000000e+00
      vertex   1.455496e+01 -4.905014e+01 5.000000e+00
    endloop
  endfacet
  facet normal 1.342333e-01 -9.909498e-01 0.000000e+00
    outer loop
      vertex   1.455496e+01 -4.905014e+01 1.000000e+01
      vertex   1.455496e+01 -4.905014e+01 5.000000e+00
      vertex   1.491027e+01 -4.900201e+01 1.000000e+01
    endloop
  endfacet
  facet normal 1.342333e-01 -9.909498e-01 0.000000e+00
    outer loop
      vertex   1.491027e+01 -4.900201e+01 1.000000e+01
      vertex   1.455496e+01 -4.905014e+01 5.000000e+00
      vertex   1.491027e+01 -4.900201e+01 5.000000e+00
    endloop
  endfacet
  facet normal -4.486483e-02 -9.989931e-01 -0.000000e+00
    outer loop
      vertex   1.491027e+01 -4.900201e+01 1.000000e+01
      vertex   1.491027e+01 -4.900201e+01 5.000000e+00
      vertex   1.526847e+01 -4.901810e+01 1.000000e+01
    endloop
  endfacet
  facet normal -4.486483e-02 -9.989931e-01 -0.000000e+00
    outer loop
      vertex   1.526847e+01 -4.901810e+01 1.000000e+01
      vertex   1.491027e+01 -4.900201e+01 5.000000e+00
      vertex   1.526847e+01 -4.901810e+01 5.000000e+00
    endloop
  endfacet
  facet normal -2.225209e-01 -9.749279e-01 -0.000000e+00
    outer loop
      vertex   1.526847e+01 -4.901810e+01 1.000000e+01
      vertex   1.526847e+01 -4.901810e+01 5.000000e+00
      vertex   1.561803e+01 -4.909789e+01 1.000000e+01
    endloop
  endfacet
  facet normal -2.225209e-01 -9.749279e-01 -0.000000e+00
    outer loop
      vertex   1.561803e+01 -4.909789e+01 1.000000e+01
      vertex   1.526847e+01 -4.901810e+01 5.000000e+00
      vertex   1.561803e+01 -4.909789e+01 5.000000e+00
    endloop
  endfacet
  facet normal -3.930250e-01 -9.195278e-01 -0.000000e+00
    outer loop
      vertex   1.561803e+01 -4.909789e+01 1.000000e+01
      vertex   1.561803e+01 -4.909789e+01 5.000000e+00
      vertex   1.594774e+01 -4.923881e+01 1.000000e+01
    endloop
  endfacet
  facet normal -3.930250e-01 -9.195278e-01 -0.000000e+00
    outer loop
      vertex   1.594774e+01 -4.923881e+01 1.000000e+01
      vertex   1.561803e+01 -4.909789e+01 5.000000e+00
      vertex   1.594774e+01 -4.923881e+01 5.000000e+00
    endloop
  endfacet
  facet normal -5.508970e-01 -8.345733e-01 -0.000000e+00
    outer loop
      vertex   1.594774e+01 -4.923881e+01 1.000000e+01
      vertex   1.594774e+01 -4.923881e+01 5.000000e+00
      vertex   1.624698e+01 -4.943634e+01 1.000000e+01
    endloop
  endfacet
  facet normal -5.508970e-01 -8.345733e-01 -0.000000e+00
    outer loop
      vertex   1.624698e+01 -4.943634e+01 1.000000e+01
      vertex   1.594774e+01 -4.923881e+01 5.000000e+00
      vertex   1.624698e+01 -4.943634e+01 5.000000e+00
    endloop
  endfacet
  facet normal -6.910626e-01 -7.227949e-01 -0.000000e+00
    outer loop
      vertex   1.624698e+01 -4.943634e+01 1.000000e+01
      vertex   1.624698e+01 -4.943634e+01 5.000000e+00
      vertex   1.650614e+01 -4.968412e+01 1.000000e+01
    endloop
  endfacet
  facet normal -6.910626e-01 -7.227949e-01 -0.000000e+00
    outer loop
      vertex   1.650614e+01 -4.968412e+01 1.000000e+01
      vertex   1.624698e+01 -4.943634e+01 5.000000e+00
      vertex   1.650614e+01 -4.968412e+01 5.000000e+00
    endloop
  endfacet
  facet normal -8.090170e-01 -5.877853e-01 -0.000000e+00
    outer loop
      vertex   1.650614e+01 -4.968412e+01 1.000000e+01
      vertex   1.650614e+01 -4.968412e+01 5.000000e+00
      vertex   1.671690e+01 -4.997420e+01 1.000000e+01
    endloop
  endfacet
  facet normal -8.090170e-01 -5.877853e-01 -0.000000e+00
    outer loop
      vertex   1.671690e+01 -4.997420e+01 1.000000e+01
      vertex   1.650614e+01 -4.968412e+01 5.000000e+00
      vertex   1.671690e+01 -4.997420e+01 5.000000e+00
    endloop
  endfacet
  facet normal -9.009689e-01 -4.338837e-01 -0.000000e+00
    outer loop
      vertex   1.671690e+01 -4.997420e+01 1.000000e+01
      vertex   1.671690e+01 -4.997420e+01 5.000000e+00
      vertex   1.687247e+01 -5.029725e+01 1.000000e+01
    endloop
  endfacet
  facet normal -9.009689e-01 -4.338837e-01 -0.000000e+00
    outer loop
      vertex   1.687247e+01 -5.029725e+01 1.000000e+01
      vertex   1.671690e+01 -4.997420e+01 5.000000e+00
      vertex   1.687247e+01 -5.029725e+01 5.000000e+00
    endloop
  endfacet
  facet normal -9.639629e-01 -2.660368e-01 -0.000000e+00
    outer loop
      vertex   1.687247e+01 -5.029725e+01 1.000000e+01
      vertex   1.687247e+01 -5.029725e+01 5.000000e+00
      vertex   1.696786e+01 -5.064289e+01 1.000000e+01
    endloop
  endfacet
  facet normal -9.639629e-01 -2.660368e-01 -0.000000e+00
    outer loop
      vertex   1.696786e+01 -5.064289e+01 1.000000e+01
      vertex   1.687247e+01 -5.029725e+01 5.000000e+00
      vertex   1.696786e+01 -5.064289e+01 5.000000e+00
    endloop
  endfacet
  facet normal -9.959743e-01 -8.963931e-02 -0.000000e+00
    outer loop
      vertex   1.696786e+01 -5.064289e+01 -5.000000e+00
      vertex   1.696786e+01 -5.064289e+01 -1.000000e+01
      vertex   1.700000e+01 -5.100000e+01 -5.000000e+00
    endloop
  endfacet
  facet normal -9.959743e-01 -8.963931e-02 -0.000000e+00
    outer loop
      vertex   1.700000e+01 -5.100000e+01 -5.000000e+00
      vertex   1.696786e+01 -5.064289e+01 -1.000000e+01
      vertex   1.700000e+01 -5.100000e+01 -1.000000e+01
    endloop
  endfacet
  facet normal -9.959743e-01 8.963931e-02 0.000000e+00
    outer loop
      vertex   1.700000e+01 -5.100000e+01 -5.000000e+00
      vertex   1.700000e+01 -5.100000e+01 -1.000000e+01
      vertex   1.696786e+01 -5.135711e+01 -5.000000e+00
    endloop
  endfacet
  facet normal -9.959743e-01 8.963931e-02 0.000000e+00
    outer loop
      vertex   1.696786e+01 -5.135711e+01 -5.000000e+00
      vertex   1.700000e+01 -5.100000e+01 -1.000000e+01
      vertex   1.696786e+01 -5.135711e+01 -1.000000e+01
    endloop
  endfacet
  facet normal -9.639629e-01 2.660368e-01 0.000000e+00
    outer loop
      vertex   1.696786e+01 -5.135711e+01 -5.000000e+00
      vertex   1.696786e+01 -5.135711e+01 -1.000000e+01
      vertex   1.687247e+01 -5.170275e+01 -5.000000e+00
    endloop
  endfacet
  facet normal -9.639629e-01 2.660368e-01 -6.849368e-16
    outer loop
      vertex   1.687247e+01 -5.170275e+01 -5.000000e+00
      vertex   1.696786e+01 -5.135711e+01 -1.000000e+01
      vertex   1.687247e+01 -5.170275e+01 -1.000000e+01
    endloop
  endfacet
  facet normal -9.009689e-01 4.338837e-01 -6.401769e-16
    outer loop
      vertex   1.687247e+01 -5.170275e+01 -5.000000e+00
      vertex   1.687247e+01 -5.170275e+01 -1.000000e+01
      vertex   1.671690e+01 -5.202580e+01 -5.000000e+00
    endloop
  endfacet
  facet normal -9.009689e-01 4.338837e-01 0.000000e+00
    outer loop
      vertex   1.671690e+01 -5.202580e+01 -5.000000e+00
      vertex   1.687247e+01 -5.170275e+01 -1.000000e+01
      vertex   1.671690e+01 -5.202580e+01 -1.000000e+01
    endloop
  endfacet
  facet normal -8.090170e-01 5.877853e-01 0.000000e+00
    outer loop
      vertex   1.671690e+01 -5.202580e+01 -5.000000e+00
      vertex   1.671690e+01 -5.202580e+01 -1.000000e+01
      vertex   1.650614e+01 -5.231588e+01 -5.000000e+00
    endloop
  endfacet
  facet normal -8.090170e-01 5.877853e-01 -5.748411e-16
    outer loop
      vertex   1.650614e+01 -5.231588e+01 -5.000000e+00
      vertex   1.671690e+01 -5.202580e+01 -1.000000e+01
      vertex   1.650614e+01 -5.231588e+01 -1.000000e+01
    endloop
  endfacet
  facet normal -6.910626e-01 7.227949e-01 -4.910295e-16
    outer loop
      vertex   1.650614e+01 -5.231588e+01 -5.000000e+00
      vertex   1.650614e+01 -5.231588e+01 -1.000000e+01
      vertex   1.624698e+01 -5.256366e+01 -5.000000e+00
    endloop
  endfacet
  facet normal -6.910626e-01 7.227949e-01 -4.910295e-16
    outer loop
      vertex   1.624698e+01 -5.256366e+01 -5.000000e+00
      vertex   1.650614e+01 -5.231588e+01 -1.000000e+01
      vertex   1.624698e+01 -5.256366e+01 -1.000000e+01
    endloop
  endfacet
  facet normal -5.508970e-01 8.345733e-01 -3.914358e-16
    outer loop
      vertex   1.624698e+01 -5.256366e+01 -5.000000e+00
      vertex   1.624698e+01 -5.256366e+01 -1.000000e+01
      vertex   1.594774e+01 -5.276119e+01 -5.000000e+00
    endloop
  endfacet
  facet normal -5.508970e-01 8.345733e-01 -3.914358e-16
    outer loop
      vertex   1.594774e+01 -5.276119e+01 -5.000000e+00
      vertex   1.624698e+01 -5.256366e+01 -1.000000e+01
      vertex   1.594774e+01 -5.276119e+01 -1.000000e+01
    endloop
  endfacet
  facet normal -3.930250e-01 9.195278e-01 -2.792611e-16
    outer loop
      vertex   1.594774e+01 -5.276119e+01 -5.000000e+00
      vertex   1.594774e+01 -5.276119e+01 -1.000000e+01
      vertex   1.561803e+01 -5.290211e+01 -5.000000e+00
    endloop
  endfacet
  facet normal -3.930250e-01 9.195278e-01 -1.396305e-16
    outer loop
      vertex   1.561803e+01 -5.290211e+01 -5.000000e+00
      vertex   1.594774e+01 -5.276119e+01 -1.000000e+01
      vertex   1.561803e+01 -5.290211e+01 -1.000000e+01
    endloop
  endfacet
  facet normal -2.225209e-01 9.749279e-01 -7.905532e-17
    outer loop
      vertex   1.561803e+01 -5.290211e+01 -5.000000e+00
      vertex   1.561803e+01 -5.290211e+01 -1.000000e+01
      vertex   1.526847e+01 -5.298190e+01 -5.000000e+00
    endloop
  endfacet
  facet normal -2.225209e-01 9.749279e-01 0.000000e+00
    outer loop
      vertex   1.526847e+01 -5.298190e+01 -5.000000e+00
      vertex   1.561803e+01 -5.290211e+01 -1.000000e+01
      vertex   1.526847e+01 -5.298190e+01 -1.000000e+01
    endloop
  endfacet
  facet normal -4.486483e-02 9.989931e-01 0.000000e+00
    outer loop
      vertex   1.526847e+01 -5.298190e+01 -5.000000e+00
      vertex   1.526847e+01 -5.298190e+01 -1.000000e+01
      vertex   1.491027e+01 -5.299799e+01 -5.000000e+00
    endloop
  endfacet
  facet normal -4.486483e-02 9.989931e-01 -1.593919e-17
    outer loop
      vertex   1.491027e+01 -5.299799e+01 -5.000000e+00
      vertex   1.526847e+01 -5.298190e+01 -1.000000e+01
      vertex   1.491027e+01 -5.299799e+01 -1.000000e+01
    endloop
  endfacet
  facet normal 1.342333e-01 9.909498e-01 4.768924e-17
    outer loop
      vertex   1.491027e+01 -5.299799e+01 -5.000000e+00
      vertex   1.491027e+01 -5.299799e+01 -1.000000e+01
      vertex   1.455496e+01 -5.294986e+01 -5.000000e+00
    endloop
  endfacet
  facet normal 1.342333e-01 9.909498e-01 9.537847e-17
    outer loop
      vertex   1.455496e+01 -5.294986e+01 -5.000000e+00
      vertex   1.491027e+01 -5.299799e+01 -1.000000e+01
      vertex   1.455496e+01 -5.294986e+01 -1.000000e+01
    endloop
  endfacet
  facet normal 3.090170e-01 9.510565e-01 2.195698e-16
    outer loop
      vertex   1.455496e+01 -5.294986e+01 -5.000000e+00
      vertex   1.455496e+01 -5.294986e+01 -1.000000e+01
      vertex   1.421395e+01 -5.283906e+01 -5.000000e+00
    endloop
  endfacet
  facet normal 3.090170e-01 9.510565e-01 2.195698e-16
    outer loop
      vertex   1.421395e+01 -5.283906e+01 -5.000000e+00
      vertex   1.455496e+01 -5.294986e+01 -1.000000e+01
      vertex   1.421395e+01 -5.283906e+01 -1.000000e+01
    endloop
  endfacet
  facet normal 4.738687e-01 8.805955e-01 3.367039e-16
    outer loop
      vertex   1.421395e+01 -5.283906e+01 -5.000000e+00
      vertex   1.421395e+01 -5.283906e+01 -1.000000e+01
      vertex   1.389821e+01 -5.266915e+01 -5.000000e+00
    endloop
  endfacet
  facet normal 4.738687e-01 8.805955e-01 1.683520e-16
    outer loop
      vertex   1.389821e+01 -5.266915e+01 -5.000000e+00
      vertex   1.421395e+01 -5.283906e+01 -1.000000e+01
      vertex   1.389821e+01 -5.266915e+01 -1.000000e+01
    endloop
  endfacet
  facet normal 6.234898e-01 7.818315e-01 2.215081e-16
    outer loop
      vertex   1.389821e+01 -5.266915e+01 -5.000000e+00
      vertex   1.389821e+01 -5.266915e+01 -1.000000e+01
      vertex   1.361787e+01 -5.244559e+01 -5.000000e+00
    endloop
  endfacet
  facet normal 6.234898e-01 7.818315e-01 0.000000e+00
    outer loop
      vertex   1.361787e+01 -5.244559e+01 -5.000000e+00
      vertex   1.389821e+01 -5.266915e+01 -1.000000e+01
      vertex   1.361787e+01 -5.244559e+01 -1.000000e+01
    endloop
  endfacet
  facet normal 7.530715e-01 6.579387e-01 0.000000e+00
    outer loop
      vertex   1.361787e+01 -5.244559e+01 -5.000000e+00
      vertex   1.361787e+01 -5.244559e+01 -1.000000e+01
      vertex   1.338197e+01 -5.217557e+01 -5.000000e+00
    endloop
  endfacet
  facet normal 7.530715e-01 6.579387e-01 2.675447e-16
    outer loop
      vertex   1.338197e+01 -5.217557e+01 -5.000000e+00
      vertex   1.361787e+01 -5.244559e+01 -1.000000e+01
      vertex   1.338197e+01 -5.217557e+01 -1.000000e+01
    endloop
  endfacet
  facet normal 8.584488e-01 5.128993e-01 3.049823e-16
    outer loop
      vertex   1.338197e+01 -5.217557e+01 -5.000000e+00
      vertex   1.338197e+01 -5.217557e+01 -1.000000e+01
      vertex   1.319806e+01 -5.186777e+01 -5.000000e+00
    endloop
  endfacet
  facet normal 8.584488e-01 5.128993e-01 6.099646e-16
    outer loop
      vertex   1.319806e+01 -5.186777e+01 -5.000000e+00
      vertex   1.338197e+01 -5.217557e+01 -1.000000e+01
      vertex   1.319806e+01 -5.186777e+01 -1.000000e+01
    endloop
  endfacet
  facet normal 9.362349e-01 3.513748e-01 6.652349e-16
    outer loop
      vertex   1.319806e+01 -5.186777e+01 -5.000000e+00
      vertex   1.319806e+01 -5.186777e+01 -1.000000e+01
      vertex   1.307207e+01 -5.153207e+01 -5.000000e+00
    endloop
  endfacet
  facet normal 9.362349e-01 3.513748e-01 3.326174e-16
    outer loop
      vertex   1.307207e+01 -5.153207e+01 -5.000000e+00
      vertex   1.319806e+01 -5.186777e+01 -1.000000e+01
      vertex   1.307207e+01 -5.153207e+01 -1.000000e+01
    endloop
  endfacet
  facet normal 9.839296e-01 1.785569e-01 3.495620e-16
    outer loop
      vertex   1.307207e+01 -5.153207e+01 -5.000000e+00
      vertex   1.307207e+01 -5.153207e+01 -1.000000e+01
      vertex   1.300805e+01 -5.117928e+01 -5.000000e+00
    endloop
  endfacet
  facet normal 9.839296e-01 1.785569e-01 6.991240e-16
    outer loop
      vertex   1.300805e+01 -5.117928e+01 -5.000000e+00
      vertex   1.307207e+01 -5.153207e+01 -1.000000e+01
      vertex   1.300805e+01 -5.117928e+01 -1.000000e+01
    endloop
  endfacet
  facet normal 1.000000e+00 -0.000000e+00 7.105427e-16
    outer loop
      vertex   1.300805e+01 -5.117928e+01 -5.000000e+00
      vertex   1.300805e+01 -5.117928e+01 -1.000000e+01
      vertex   1.300805e+01 -5.082072e+01 -5.000000e+00
    endloop
  endfacet
  facet normal 1.000000e+00 0.000000e+00 7.105427e-16
    outer loop
      vertex   1.300805e+01 -5.082072e+01 -5.000000e+00
      vertex   1.300805e+01 -5.117928e+01 -1.000000e+01
      vertex   1.300805e+01 -5.082072e+01 -1.000000e+01
    endloop
  endfacet
  facet normal 9.839296e-01 -1.785569e-01 6.991240e-16
    outer loop
      vertex   1.300805e+01 -5.082072e+01 -5.000000e+00
      vertex   1.300805e+01 -5.082072e+01 -1.000000e+01
      vertex   1.307207e+01 -5.046793e+01 -5.000000e+00
    endloop
  endfacet
  facet normal 9.839296e-01 -1.785569e-01 3.495620e-16
    outer loop
      vertex   1.307207e+01 -5.046793e+01 -5.000000e+00
      vertex   1.300805e+01 -5.082072e+01 -1.000000e+01
      vertex   1.307207e+01 -5.046793e+01 -1.000000e+01
    endloop
  endfacet
  facet normal 9.362349e-01 -3.513748e-01 3.326174e-16
    outer loop
      vertex   1.307207e+01 -5.046793e+01 -5.000000e+00
      vertex   1.307207e+01 -5.046793e+01 -1.000000e+01
      vertex   1.319806e+01 -5.013223e+01 -5.000000e+00
    endloop
  endfacet
  facet normal 9.362349e-01 -3.513748e-01 6.652349e-16
    outer loop
      vertex   1.319806e+01 -5.013223e+01 -5.000000e+00
      vertex   1.307207e+01 -5.046793e+01 -1.000000e+01
      vertex   1.319806e+01 -5.013223e+01 -1.000000e+01
    endloop
  endfacet
  facet normal 8.584488e-01 -5.128993e-01 6.099646e-16
    outer loop
      vertex   1.319806e+01 -5.013223e+01 -5.000000e+00
      vertex   1.319806e+01 -5.013223e+01 -1.000000e+01
      vertex   1.338197e+01 -4.982443e+01 -5.000000e+00
    endloop
  endfacet
  facet normal 8.584488e-01 -5.128993e-01 3.049823e-16
    outer loop
      vertex   1.338197e+01 -4.982443e+01 -5.000000e+00
      vertex   1.319806e+01 -5.013223e+01 -1.000000e+01
      vertex   1.338197e+01 -4.982443e+01 -1.000000e+01
    endloop
  endfacet
  facet normal 7.530715e-01 -6.579387e-01 2.675447e-16
    outer loop
      vertex   1.338197e+01 -4.982443e+01 -5.000000e+00
      vertex   1.338197e+01 -4.982443e+01 -1.000000e+01
      vertex   1.361787e+01 -4.955441e+01 -5.000000e+00
    endloop
  endfacet
  facet normal 7.530715e-01 -6.579387e-01 0.000000e+00
    outer loop
      vertex   1.361787e+01 -4.955441e+01 -5.000000e+00
      vertex   1.338197e+01 -4.982443e+01 -1.000000e+01
      vertex   1.361787e+01 -4.955441e+01 -1.000000e+01
    endloop
  endfacet
  facet normal 6.234898e-01 -7.818315e-01 0.000000e+00
    outer loop
      vertex   1.361787e+01 -4.955441e+01 -5.000000e+00
      vertex   1.361787e+01 -4.955441e+01 -1.000000e+01
      vertex   1.389821e+01 -4.933085e+01 -5.000000e+00
    endloop
  endfacet
  facet normal 6.234898e-01 -7.818315e-01 2.215081e-16
    outer loop
      vertex   1.389821e+01 -4.933085e+01 -5.000000e+00
      vertex   1.361787e+01 -4.955441e+01 -1.000000e+01
      vertex   1.389821e+01 -4.933085e+01 -1.000000e+01
    endloop
  endfacet
  facet normal 4.738687e-01 -8.805955e-01 1.683520e-16
    outer loop
      vertex   1.389821e+01 -4.933085e+01 -5.000000e+00
      vertex   1.389821e+01 -4.933085e+01 -1.000000e+01
      vertex   1.421395e+01 -4.916094e+01 -5.000000e+00
    endloop
  endfacet
  facet normal 4.738687e-01 -8.805955e-01 3.367039e-16
    outer loop
      vertex   1.421395e+01 -4.916094e+01 -5.000000e+00
      vertex   1.389821e+01 -4.933085e+01 -1.000000e+01
      vertex   1.421395e+01 -4.916094e+01 -1.000000e+01
    endloop
  endfacet
  facet normal 3.090170e-01 -9.510565e-01 2.195698e-16
    outer loop
      vertex   1.421395e+01 -4.916094e+01 -5.000000e+00
      vertex   1.421395e+01 -4.916094e+01 -1.000000e+01
      vertex   1.455496e+01 -4.905014e+01 -5.000000e+00
    endloop
  endfacet
  facet normal 3.090170e-01 -9.510565e-01 2.195698e-16
    outer loop
      vertex   1.455496e+01 -4.905014e+01 -5.000000e+00
      vertex   1.421395e+01 -4.916094e+01 -1.000000e+01
      vertex   1.455496e+01 -4.905014e+01 -1.000000e+01
    endloop
  endfacet
  facet normal 1.342333e-01 -9.909498e-01 9.537847e-17
    outer loop
      vertex   1.455496e+01 -4.905014e+01 -5.000000e+00
      vertex   1.455496e+01 -4.905014e+01 -1.000000e+01
      vertex   1.491027e+01 -4.900201e+01 -5.000000e+00
    endloop
  endfacet
  facet normal 1.342333e-01 -9.909498e-01 4.768924e-17
    outer loop
      vertex   1.491027e+01 -4.900201e+01 -5.000000e+00
      vertex   1.455496e+01 -4.905014e+01 -1.000000e+01
      vertex   1.491027e+01 -4.900201e+01 -1.000000e+01
    endloop
  endfacet
  facet normal -4.486483e-02 -9.989931e-01 -1.593919e-17
    outer loop
      vertex   1.491027e+01 -4.900201e+01 -5.000000e+00
      vertex   1.491027e+01 -4.900201e+01 -1.000000e+01
      vertex   1.526847e+01 -4.901810e+01 -5.000000e+00
    endloop
  endfacet
  facet normal -4.486483e-02 -9.989931e-01 -0.000000e+00
    outer loop
      vertex   1.526847e+01 -4.901810e+01 -5.000000e+00
      vertex   1.491027e+01 -4.900201e+01 -1.000000e+01
      vertex   1.526847e+01 -4.901810e+01 -1.000000e+01
    endloop
  endfacet
  facet normal -2.225209e-01 -9.749279e-01 -0.000000e+00
    outer loop
      vertex   1.526847e+01 -4.901810e+01 -5.000000e+00
      vertex   1.526847e+01 -4.901810e+01 -1.000000e+01
      vertex   1.561803e+01 -4.909789e+01 -5.000000e+00
    endloop
  endfacet
  facet normal -2.225209e-01 -9.749279e-01 -7.905532e-17
    outer loop
      vertex   1.561803e+01 -4.909789e+01 -5.000000e+00
      vertex   1.526847e+01 -4.901810e+01 -1.000000e+01
      vertex   1.561803e+01 -4.909789e+01 -1.000000e+01
    endloop
  endfacet
  facet normal -3.930250e-01 -9.195278e-01 -1.396305e-16
    outer loop
      vertex   1.561803e+01 -4.909789e+01 -5.000000e+00
      vertex   1.561803e+01 -4.909789e+01 -1.000000e+01
      vertex   1.594774e+01 -4.923881e+01 -5.000000e+00
    endloop
  endfacet
  facet normal -3.930250e-01 -9.195278e-01 -2.792611e-16
    outer loop
      vertex   1.594774e+01 -4.923881e+01 -5.000000e+00
      vertex   1.561803e+01 -4.909789e+01 -1.000000e+01
      vertex   1.594774e+01 -4.923881e+01 -1.000000e+01
    endloop
  endfacet
  facet normal -5.508970e-01 -8.345733e-01 -3.914358e-16
    outer loop
      vertex   1.594774e+01 -4.923881e+01 -5.000000e+00
      vertex   1.594774e+01 -4.923881e+01 -1.000000e+01
      vertex   1.624698e+01 -4.943634e+01 -5.000000e+00
    endloop
  endfacet
  facet normal -5.508970e-01 -8.345733e-01 -3.914358e-16
    outer loop
      vertex   1.624698e+01 -4.943634e+01 -5.000000e+00
      vertex   1.594774e+01 -4.923881e+01 -1.000000e+01
      vertex   1.624698e+01 -4.943634e+01 -1.000000e+01
    endloop
  endfacet
  facet normal -6.910626e-01 -7.227949e-01 -4.910295e-16
    outer loop
      vertex   1.624698e+01 -4.943634e+01 -5.000000e+00
      vertex   1.624698e+01 -4.943634e+01 -1.000000e+01
      vertex   1.650614e+01 -4.968412e+01 -5.000000e+00
    endloop
  endfacet
  facet normal -6.910626e-01 -7.227949e-01 -4.910295e-16
    outer loop
      vertex   1.650614e+01 -4.968412e+01 -5.000000e+00
      vertex   1.624698e+01 -4.943634e+01 -1.000000e+01
      vertex   1.650614e+01 -4.968412e+01 -1.000000e+01
    endloop
  endfacet
  facet normal -8.090170e-01 -5.877853e-01 -5.748411e-16
    outer loop
      vertex   1.650614e+01 -4.968412e+01 -5.000000e+00
      vertex   1.650614e+01 -4.968412e+01 -1.000000e+01
      vertex   1.671690e+01 -4.997420e+01 -5.000000e+00
    endloop
  endfacet
  facet normal -8.090170e-01 -5.877853e-01 -0.000000e+00
    outer loop
      vertex   1.671690e+01 -4.997420e+01 -5.000000e+00
      vertex   1.650614e+01 -4.968412e+01 -1.000000e+01
      vertex   1.671690e+01 -4.997420e+01 -1.000000e+01
    endloop
  endfacet
  facet normal -9.009689e-01 -4.338837e-01 -0.000000e+00
    outer loop
      vertex   1.671690e+01 -4.997420e+01 -5.000000e+00
      vertex   1.671690e+01 -4.997420e+01 -1.000000e+01
      vertex   1.687247e+01 -5.029725e+01 -5.000000e+00
    endloop
  endfacet
  facet normal -9.009689e-01 -4.338837e-01 -6.401769e-16
    outer loop
      vertex   1.687247e+01 -5.029725e+01 -5.000000e+00
      vertex   1.671690e+01 -4.997420e+01 -1.000000e+01
      vertex   1.687247e+01 -5.029725e+01 -1.000000e+01
    endloop
  endfacet
  facet normal -9.639629e-01 -2.660368e-01 -6.849368e-16
    outer loop
      vertex   1.687247e+01 -5.029725e+01 -5.000000e+00
      vertex   1.687247e+01 -5.029725e+01 -1.000000e+01
      vertex   1.696786e+01 -5.064289e+01 -5.000000e+00
    endloop
  endfacet
  facet normal -9.639629e-01 -2.660368e-01 -0.000000e+00
    outer loop
      vertex   1.696786e+01 -5.064289e+01 -5.000000e+00
      vertex   1.687247e+01 -5.029725e+01 -1.000000e+01
      vertex   1.696786e+01 -5.064289e+01 -1.000000e+01
    endloop
  endfacet
  facet normal -9.959743e-01 8.963931e-02 -7.076823e-16
    outer loop
      vertex   1.696786e+01 -5.135711e+01 -1.500000e+01
      vertex   1.696786e+01 -5.135711e+01 -1.000000e+01
      vertex   1.700000e+01 -5.100000e+01 -1.500000e+01
    endloop
  endfacet
  facet normal -9.959743e-01 8.963931e-02 0.000000e+00
    outer loop
      vertex   1.700000e+01 -5.100000e+01 -1.500000e+01
      vertex   1.696786e+01 -5.135711e+01 -1.000000e+01
      vertex   1.700000e+01 -5.100000e+01 -1.000000e+01
    endloop
  endfacet
  facet normal -9.959743e-01 -8.963931e-02 0.000000e+00
    outer loop
      vertex   1.700000e+01 -5.100000e+01 -1.500000e+01
      vertex   1.700000e+01 -5.100000e+01 -1.000000e+01
      vertex   1.696786e+01 -5.064289e+01 -1.500000e+01
    endloop
  endfacet
  facet normal -9.959743e-01 -8.963931e-02 -7.076823e-16
    outer loop
      vertex   1.696786e+01 -5.064289e+01 -1.500000e+01
      vertex   1.700000e+01 -5.100000e+01 -1.000000e+01
      vertex   1.696786e+01 -5.064289e+01 -1.000000e+01
    endloop
  endfacet
  facet normal -9.639629e-01 -2.660368e-01 -6.849368e-16
    outer loop
      vertex   1.696786e+01 -5.064289e+01 -1.500000e+01
      vertex   1.696786e+01 -5.064289e+01 -1.000000e+01
      vertex   1.687247e+01 -5.029725e+01 -1.500000e+01
    endloop
  endfacet
  facet normal -9.639629e-01 -2.660368e-01 0.000000e+00
    outer loop
      vertex   1.687247e+01 -5.029725e+01 -1.500000e+01
      vertex   1.696786e+01 -5.064289e+01 -1.000000e+01
      vertex   1.687247e+01 -5.029725e+01 -1.000000e+01
    endloop
  endfacet
  facet normal -9.009689e-01 -4.338837e-01 0.000000e+00
    outer loop
      vertex   1.687247e+01 -5.029725e+01 -1.500000e+01
      vertex   1.687247e+01 -5.029725e+01 -1.000000e+01
      vertex   1.671690e+01 -4.997420e+01 -1.500000e+01
    endloop
  endfacet
  facet normal -9.009689e-01 -4.338837e-01 0.000000e+00
    outer loop
      vertex   1.671690e+01 -4.997420e+01 -1.500000e+01
      vertex   1.687247e+01 -5.029725e+01 -1.000000e+01
      vertex   1.671690e+01 -4.997420e+01 -1.000000e+01
    endloop
  endfacet
  facet normal -8.090170e-01 -5.877853e-01 0.000000e+00
    outer loop
      vertex   1.671690e+01 -4.997420e+01 -1.500000e+01
      vertex   1.671690e+01 -4.997420e+01 -1.000000e+01
      vertex   1.650614e+01 -4.968412e+01 -1.500000e+01
    endloop
  endfacet
  facet normal -8.090170e-01 -5.877853e-01 5.748411e-16
    outer loop
      vertex   1.650614e+01 -4.968412e+01 -1.500000e+01
      vertex   1.671690e+01 -4.997420e+01 -1.000000e+01
      vertex   1.650614e+01 -4.968412e+01 -1.000000e+01
    endloop
  endfacet
  facet normal -6.910626e-01 -7.227949e-01 4.910295e-16
    outer loop
      vertex   1.650614e+01 -4.968412e+01 -1.500000e+01
      vertex   1.650614e+01 -4.968412e+01 -1.000000e+01
      vertex   1.624698e+01 -4.943634e+01 -1.500000e+01
    endloop
  endfacet
  facet normal -6.910626e-01 -7.227949e-01 0.000000e+00
    outer loop
      vertex   1.624698e+01 -4.943634e+01 -1.500000e+01
      vertex   1.650614e+01 -4.968412e+01 -1.000000e+01
      vertex   1.624698e+01 -4.943634e+01 -1.000000e+01
    endloop
  endfacet
  facet normal -5.508970e-01 -8.345733e-01 0.000000e+00
    outer loop
      vertex   1.624698e+01 -4.943634e+01 -1.500000e+01
      vertex   1.624698e+01 -4.943634e+01 -1.000000e+01
      vertex   1.594774e+01 -4.923881e+01 -1.500000e+01
    endloop
  endfacet
  facet normal -5.508970e-01 -8.345733e-01 1.957179e-16
    outer loop
      vertex   1.594774e+01 -4.923881e+01 -1.500000e+01
      vertex   1.624698e+01 -4.943634e+01 -1.000000e+01
      vertex   1.594774e+01 -4.923881e+01 -1.000000e+01
    endloop
  endfacet
  facet normal -3.930250e-01 -9.195278e-01 1.396305e-16
    outer loop
      vertex   1.594774e+01 -4.923881e+01 -1.500000e+01
      vertex   1.594774e+01 -4.923881e+01 -1.000000e+01
      vertex   1.561803e+01 -4.909789e+01 -1.500000e+01
    endloop
  endfacet
  facet normal -3.930250e-01 -9.195278e-01 0.000000e+00
    outer loop
      vertex   1.561803e+01 -4.909789e+01 -1.500000e+01
      vertex   1.594774e+01 -4.923881e+01 -1.000000e+01
      vertex   1.561803e+01 -4.909789e+01 -1.000000e+01
    endloop
  endfacet
  facet normal -2.225209e-01 -9.749279e-01 0.000000e+00
    outer loop
      vertex   1.561803e+01 -4.909789e+01 -1.500000e+01
      vertex   1.561803e+01 -4.909789e+01 -1.000000e+01
      vertex   1.526847e+01 -4.901810e+01 -1.500000e+01
    endloop
  endfacet
  facet normal -2.225209e-01 -9.749279e-01 0.000000e+00
    outer loop
      vertex   1.526847e+01 -4.901810e+01 -1.500000e+01
      vertex   1.561803e+01 -4.909789e+01 -1.000000e+01
      vertex   1.526847e+01 -4.901810e+01 -1.000000e+01
    endloop
  endfacet
  facet normal -4.486483e-02 -9.989931e-01 0.000000e+00
    outer loop
      vertex   1.526847e+01 -4.901810e+01 -1.500000e+01
      vertex   1.526847e+01 -4.901810e+01 -1.000000e+01
      vertex   1.491027e+01 -4.900201e+01 -1.500000e+01
    endloop
  endfacet
  facet normal -4.486483e-02 -9.989931e-01 0.000000e+00
    outer loop
      vertex   1.491027e+01 -4.900201e+01 -1.500000e+01
      vertex   1.526847e+01 -4.901810e+01 -1.000000e+01
      vertex   1.491027e+01 -4.900201e+01 -1.000000e+01
    endloop
  endfacet
  facet normal 1.342333e-01 -9.909498e-01 0.000000e+00
    outer loop
      vertex   1.491027e+01 -4.900201e+01 -1.500000e+01
      vertex   1.491027e+01 -4.900201e+01 -1.000000e+01
      vertex   1.455496e+01 -4.905014e+01 -1.500000e+01
    endloop
  endfacet
  facet normal 1.342333e-01 -9.909498e-01 0.000000e+00
    outer loop
      vertex   1.455496e+01 -4.905014e+01 -1.500000e+01
      vertex   1.491027e+01 -4.900201e+01 -1.000000e+01
      vertex   1.455496e+01 -4.905014e+01 -1.000000e+01
    endloop
  endfacet
  facet normal 3.090170e-01 -9.510565e-01 0.000000e+00
    outer loop
      vertex   1.455496e+01 -4.905014e+01 -1.500000e+01
      vertex   1.455496e+01 -4.905014e+01 -1.000000e+01
      vertex   1.421395e+01 -4.916094e+01 -1.500000e+01
    endloop
  endfacet
  facet normal 3.090170e-01 -9.510565e-01 0.000000e+00
    outer loop
      vertex   1.421395e+01 -4.916094e+01 -1.500000e+01
      vertex   1.455496e+01 -4.905014e+01 -1.000000e+01
      vertex   1.421395e+01 -4.916094e+01 -1.000000e+01
    endloop
  endfacet
  facet normal 4.738687e-01 -8.805955e-01 0.000000e+00
    outer loop
      vertex   1.421395e+01 -4.916094e+01 -1.500000e+01
      vertex   1.421395e+01 -4.916094e+01 -1.000000e+01
      vertex   1.389821e+01 -4.933085e+01 -1.500000e+01
    endloop
  endfacet
  facet normal 4.738687e-01 -8.805955e-01 0.000000e+00
    outer loop
      vertex   1.389821e+01 -4.933085e+01 -1.500000e+01
      vertex   1.421395e+01 -4.916094e+01 -1.000000e+01
      vertex   1.389821e+01 -4.933085e+01 -1.000000e+01
    endloop
  endfacet
  facet normal 6.234898e-01 -7.818315e-01 0.000000e+00
    outer loop
      vertex   1.389821e+01 -4.933085e+01 -1.500000e+01
      vertex   1.389821e+01 -4.933085e+01 -1.000000e+01
      vertex   1.361787e+01 -4.955441e+01 -1.500000e+01
    endloop
  endfacet
  facet normal 6.234898e-01 -7.818315e-01 4.430161e-16
    outer loop
      vertex   1.361787e+01 -4.955441e+01 -1.500000e+01
      vertex   1.389821e+01 -4.933085e+01 -1.000000e+01
      vertex   1.361787e+01 -4.955441e+01 -1.000000e+01
    endloop
  endfacet
  facet normal 7.530715e-01 -6.579387e-01 5.350895e-16
    outer loop
      vertex   1.361787e+01 -4.955441e+01 -1.500000e+01
      vertex   1.361787e+01 -4.955441e+01 -1.000000e+01
      vertex   1.338197e+01 -4.982443e+01 -1.500000e+01
    endloop
  endfacet
  facet normal 7.530715e-01 -6.579387e-01 0.000000e+00
    outer loop
      vertex   1.338197e+01 -4.982443e+01 -1.500000e+01
      vertex   1.361787e+01 -4.955441e+01 -1.000000e+01
      vertex   1.338197e+01 -4.982443e+01 -1.000000e+01
    endloop
  endfacet
  facet normal 8.584488e-01 -5.128993e-01 0.000000e+00
    outer loop
      vertex   1.338197e+01 -4.982443e+01 -1.500000e+01
      vertex   1.338197e+01 -4.982443e+01 -1.000000e+01
      vertex   1.319806e+01 -5.013223e+01 -1.500000e+01
    endloop
  endfacet
  facet normal 8.584488e-01 -5.128993e-01 0.000000e+00
    outer loop
      vertex   1.319806e+01 -5.013223e+01 -1.500000e+01
      vertex   1.338197e+01 -4.982443e+01 -1.000000e+01
      vertex   1.319806e+01 -5.013223e+01 -1.000000e+01
    endloop
  endfacet
  facet normal 9.362349e-01 -3.513748e-01 0.000000e+00
    outer loop
      vertex   1.319806e+01 -5.013223e+01 -1.500000e+01
      vertex   1.319806e+01 -5.013223e+01 -1.000000e+01
      vertex   1.307207e+01 -5.046793e+01 -1.500000e+01
    endloop
  endfacet
  facet normal 9.362349e-01 -3.513748e-01 0.000000e+00
    outer loop
      vertex   1.307207e+01 -5.046793e+01 -1.500000e+01
      vertex   1.319806e+01 -5.013223e+01 -1.000000e+01
      vertex   1.307207e+01 -5.046793e+01 -1.000000e+01
    endloop
  endfacet
  facet normal 9.839296e-01 -1.785569e-01 0.000000e+00
    outer loop
      vertex   1.307207e+01 -5.046793e+01 -1.500000e+01
      vertex   1.307207e+01 -5.046793e+01 -1.000000e+01
      vertex   1.300805e+01 -5.082072e+01 -1.500000e+01
    endloop
  endfacet
  facet normal 9.839296e-01 -1.785569e-01 0.000000e+00
    outer loop
      vertex   1.300805e+01 -5.082072e+01 -1.500000e+01
      vertex   1.307207e+01 -5.046793e+01 -1.000000e+01
      vertex   1.300805e+01 -5.082072e+01 -1.000000e+01
    endloop
  endfacet
  facet normal 1.000000e+00 0.000000e+00 -0.000000e+00
    outer loop
      vertex   1.300805e+01 -5.082072e+01 -1.500000e+01
      vertex   1.300805e+01 -5.082072e+01 -1.000000e+01
      vertex   1.300805e+01 -5.117928e+01 -1.500000e+01
    endloop
  endfacet
  facet normal 1.000000e+00 0.000000e+00 0.000000e+00
    outer loop
      vertex   1.300805e+01 -5.117928e+01 -1.500000e+01
      vertex   1.300805e+01 -5.082072e+01 -1.000000e+01
      vertex   1.300805e+01 -5.117928e+01 -1.000000e+01
    endloop
  endfacet
  facet normal 9.839296e-01 1.785569e-01 -0.000000e+00
    outer loop
      vertex   1.300805e+01 -5.117928e+01 -1.500000e+01
      vertex   1.300805e+01 -5.117928e+01 -1.000000e+01
      vertex   1.307207e+01 -5.153207e+01 -1.500000e+01
    endloop
  endfacet
  facet normal 9.839296e-01 1.785569e-01 -0.000000e+00
    outer loop
      vertex   1.307207e+01 -5.153207e+01 -1.500000e+01
      vertex   1.300805e+01 -5.117928e+01 -1.000000e+01
      vertex   1.307207e+01 -5.153207e+01 -1.000000e+01
    endloop
  endfacet
  facet normal 9.362349e-01 3.513748e-01 -0.000000e+00
    outer loop
      vertex   1.307207e+01 -5.153207e+01 -1.500000e+01
      vertex   1.307207e+01 -5.153207e+01 -1.000000e+01
      vertex   1.319806e+01 -5.186777e+01 -1.500000e+01
    endloop
  endfacet
  facet normal 9.362349e-01 3.513748e-01 -0.000000e+00
    outer loop
      vertex   1.319806e+01 -5.186777e+01 -1.500000e+01
      vertex   1.307207e+01 -5.153207e+01 -1.000000e+01
      vertex   1.319806e+01 -5.186777e+01 -1.000000e+01
    endloop
  endfacet
  facet normal 8.584488e-01 5.128993e-01 -0.000000e+00
    outer loop
      vertex   1.319806e+01 -5.186777e+01 -1.500000e+01
      vertex   1.319806e+01 -5.186777e+01 -1.000000e+01
      vertex   1.338197e+01 -5.217557e+01 -1.500000e+01
    endloop
  endfacet
  facet normal 8.584488e-01 5.128993e-01 -0.000000e+00
    outer loop
      vertex   1.338197e+01 -5.217557e+01 -1.500000e+01
      vertex   1.319806e+01 -5.186777e+01 -1.000000e+01
      vertex   1.338197e+01 -5.217557e+01 -1.000000e+01
    endloop
  endfacet
  facet normal 7.530715e-01 6.579387e-01 -0.000000e+00
    outer loop
      vertex   1.338197e+01 -5.217557e+01 -1.500000e+01
      vertex   1.338197e+01 -5.217557e+01 -1.000000e+01
      vertex   1.361787e+01 -5.244559e+01 -1.500000e+01
    endloop
  endfacet
  facet normal 7.530715e-01 6.579387e-01 5.350895e-16
    outer loop
      vertex   1.361787e+01 -5.244559e+01 -1.500000e+01
      vertex   1.338197e+01 -5.217557e+01 -1.000000e+01
      vertex   1.361787e+01 -5.244559e+01 -1.000000e+01
    endloop
  endfacet
  facet normal 6.234898e-01 7.818315e-01 4.430161e-16
    outer loop
      vertex   1.361787e+01 -5.244559e+01 -1.500000e+01
      vertex   1.361787e+01 -5.244559e+01 -1.000000e+01
      vertex   1.389821e+01 -5.266915e+01 -1.500000e+01
    endloop
  endfacet
  facet normal 6.234898e-01 7.818315e-01 -0.000000e+00
    outer loop
      vertex   1.389821e+01 -5.266915e+01 -1.500000e+01
      vertex   1.361787e+01 -5.244559e+01 -1.000000e+01
      vertex   1.389821e+01 -5.266915e+01 -1.000000e+01
    endloop
  endfacet
  facet normal 4.738687e-01 8.805955e-01 -0.000000e+00
    outer loop
      vertex   1.389821e+01 -5.266915e+01 -1.500000e+01
      vertex   1.389821e+01 -5.266915e+01 -1.000000e+01
      vertex   1.421395e+01 -5.283906e+01 -1.500000e+01
    endloop
  endfacet
  facet normal 4.738687e-01 8.805955e-01 -0.000000e+00
    outer loop
      vertex   1.421395e+01 -5.283906e+01 -1.500000e+01
      vertex   1.389821e+01 -5.266915e+01 -1.000000e+01
      vertex   1.421395e+01 -5.283906e+01 -1.000000e+01
    endloop
  endfacet
  facet normal 3.090170e-01 9.510565e-01 -0.000000e+00
    outer loop
      vertex   1.421395e+01 -5.283906e+01 -1.500000e+01
      vertex   1.421395e+01 -5.283906e+01 -1.000000e+01
      vertex   1.455496e+01 -5.294986e+01 -1.500000e+01
    endloop
  endfacet
  facet normal 3.090170e-01 9.510565e-01 -0.000000e+00
    outer loop
      vertex   1.455496e+01 -5.294986e+01 -1.500000e+01
      vertex   1.421395e+01 -5.283906e+01 -1.000000e+01
      vertex   1.455496e+01 -5.294986e+01 -1.000000e+01
    endloop
  endfacet
  facet normal 1.342333e-01 9.909498e-01 -0.000000e+00
    outer loop
      vertex   1.455496e+01 -5.294986e+01 -1.500000e+01
      vertex   1.455496e+01 -5.294986e+01 -1.000000e+01
      vertex   1.491027e+01 -5.299799e+01 -1.500000e+01
    endloop
  endfacet
  facet normal 1.342333e-01 9.909498e-01 -0.000000e+00
    outer loop
      vertex   1.491027e+01 -5.299799e+01 -1.500000e+01
      vertex   1.455496e+01 -5.294986e+01 -1.000000e+01
      vertex   1.491027e+01 -5.299799e+01 -1.000000e+01
    endloop
  endfacet
  facet normal -4.486483e-02 9.989931e-01 0.000000e+00
    outer loop
      vertex   1.491027e+01 -5.299799e+01 -1.500000e+01
      vertex   1.491027e+01 -5.299799e+01 -1.000000e+01
      vertex   1.526847e+01 -5.298190e+01 -1.500000e+01
    endloop
  endfacet
  facet normal -4.486483e-02 9.989931e-01 0.000000e+00
    outer loop
      vertex   1.526847e+01 -5.298190e+01 -1.500000e+01
      vertex   1.491027e+01 -5.299799e+01 -1.000000e+01
      vertex   1.526847e+01 -5.298190e+01 -1.000000e+01
    endloop
  endfacet
  facet normal -2.225209e-01 9.749279e-01 0.000000e+00
    outer loop
      vertex   1.526847e+01 -5.298190e+01 -1.500000e+01
      vertex   1.526847e+01 -5.298190e+01 -1.000000e+01
      vertex   1.561803e+01 -5.290211e+01 -1.500000e+01
    endloop
  endfacet
  facet normal -2.225209e-01 9.749279e-01 0.000000e+00
    outer loop
      vertex   1.561803e+01 -5.290211e+01 -1.500000e+01
      vertex   1.526847e+01 -5.298190e+01 -1.000000e+01
      vertex   1.561803e+01 -5.290211e+01 -1.000000e+01
    endloop
  endfacet
  facet normal -3.930250e-01 9.195278e-01 0.000000e+00
    outer loop
      vertex   1.561803e+01 -5.290211e+01 -1.500000e+01
      vertex   1.561803e+01 -5.290211e+01 -1.000000e+01
      vertex   1.594774e+01 -5.276119e+01 -1.500000e+01
    endloop
  endfacet
  facet normal -3.930250e-01 9.195278e-01 1.396305e-16
    outer loop
      vertex   1.594774e+01 -5.276119e+01 -1.500000e+01
      vertex   1.561803e+01 -5.290211e+01 -1.000000e+01
      vertex   1.594774e+01 -5.276119e+01 -1.000000e+01
    endloop
  endfacet
  facet normal -5.508970e-01 8.345733e-01 1.957179e-16
    outer loop
      vertex   1.594774e+01 -5.276119e+01 -1.500000e+01
      vertex   1.594774e+01 -5.276119e+01 -1.000000e+01
      vertex   1.624698e+01 -5.256366e+01 -1.500000e+01
    endloop
  endfacet
  facet normal -5.508970e-01 8.345733e-01 0.000000e+00
    outer loop
      vertex   1.624698e+01 -5.256366e+01 -1.500000e+01
      vertex   1.594774e+01 -5.276119e+01 -1.000000e+01
      vertex   1.624698e+01 -5.256366e+01 -1.000000e+01
    endloop
  endfacet
  facet normal -6.910626e-01 7.227949e-01 0.000000e+00
    outer loop
      vertex   1.624698e+01 -5.256366e+01 -1.500000e+01
      vertex   1.624698e+01 -5.256366e+01 -1.000000e+01
      vertex   1.650614e+01 -5.231588e+01 -1.500000e+01
    endloop
  endfacet
  facet normal -6.910626e-01 7.227949e-01 4.910295e-16
    outer loop
      vertex   1.650614e+01 -5.231588e+01 -1.500000e+01
      vertex   1.624698e+01 -5.256366e+01 -1.000000e+01
      vertex   1.650614e+01 -5.231588e+01 -1.000000e+01
    endloop
  endfacet
  facet normal -8.090170e-01 5.877853e-01 5.748411e-16
    outer loop
      vertex   1.650614e+01 -5.231588e+01 -1.500000e+01
      vertex   1.650614e+01 -5.231588e+01 -1.000000e+01
      vertex   1.671690e+01 -5.202580e+01 -1.500000e+01
    endloop
  endfacet
  facet normal -8.090170e-01 5.877853e-01 0.000000e+00
    outer loop
      vertex   1.671690e+01 -5.202580e+01 -1.500000e+01
      vertex   1.650614e+01 -5.231588e+01 -1.000000e+01
      vertex   1.671690e+01 -5.202580e+01 -1.000000e+01
    endloop
  endfacet
  facet normal -9.009689e-01 4.338837e-01 0.000000e+00
    outer loop
      vertex   1.671690e+01 -5.202580e+01 -1.500000e+01
      vertex   1.671690e+01 -5.202580e+01 -1.000000e+01
      vertex   1.687247e+01 -5.170275e+01 -1.500000e+01
    endloop
  endfacet
  facet normal -9.009689e-01 4.338837e-01 0.000000e+00
    outer loop
      vertex   1.687247e+01 -5.170275e+01 -1.500000e+01
      vertex   1.671690e+01 -5.202580e+01 -1.000000e+01
      vertex   1.687247e+01 -5.170275e+01 -1.000000e+01
    endloop
  endfacet
  facet normal -9.639629e-01 2.660368e-01 0.000000e+00
    outer loop
      vertex   1.687247e+01 -5.170275e+01 -1.500000e+01
      vertex   1.687247e+01 -5.170275e+01 -1.000000e+01
      vertex   1.696786e+01 -5.135711e+01 -1.500000e+01
    endloop
  endfacet
  facet normal -9.639629e-01 2.660368e-01 -6.849368e-16
    outer loop
      vertex   1.696786e+01 -5.135711e+01 -1.500000e+01
      vertex   1.687247e+01 -5.170275e+01 -1.000000e+01
      vertex   1.696786e+01 -5.135711e+01 -1.000000e+01
    endloop
  endfacet
  facet normal -9.959743e-01 -8.963931e-02 -0.000000e+00
    outer loop
      vertex   -1.303214e+01 -5.064289e+01 1.000000e+01
      vertex   -1.303214e+01 -5.064289e+01 5.000000e+00
      vertex   -1.300000e+01 -5.100000e+01 1.000000e+01
    endloop
  endfacet
  facet normal -9.959743e-01 -8.963931e-02 -0.000000e+00
    outer loop
      vertex   -1.300000e+01 -5.100000e+01 1.000000e+01
      vertex   -1.303214e+01 -5.064289e+01 5.000000e+00
      vertex   -1.300000e+01 -5.100000e+01 5.000000e+00
    endloop
  endfacet
  facet normal -9.959743e-01 8.963931e-02 0.000000e+00
    outer loop
      vertex   -1.300000e+01 -5.100000e+01 1.000000e+01
      vertex   -1.300000e+01 -5.100000e+01 5.000000e+00
      vertex   -1.303214e+01 -5.135711e+01 1.000000e+01
    endloop
  endfacet
  facet normal -9.959743e-01 8.963931e-02 0.000000e+00
    outer loop
      vertex   -1.303214e+01 -5.135711e+01 1.000000e+01
      vertex   -1.300000e+01 -5.100000e+01 5.000000e+00
      vertex   -1.303214e+01 -5.135711e+01 5.000000e+00
    endloop
  endfacet
  facet normal -9.639629e-01 2.660368e-01 0.000000e+00
    outer loop
      vertex   -1.303214e+01 -5.135711e+01 1.000000e+01
      vertex   -1.303214e+01 -5.135711e+01 5.000000e+00
      vertex   -1.312753e+01 -5.170275e+01 1.000000e+01
    endloop
  endfacet
  facet normal -9.639629e-01 2.660368e-01 0.000000e+00
    outer loop
      vertex   -1.312753e+01 -5.170275e+01 1.000000e+01
      vertex   -1.303214e+01 -5.135711e+01 5.000000e+00
      vertex   -1.312753e+01 -5.170275e+01 5.000000e+00
    endloop
  endfacet
  facet normal -9.009689e-01 4.338837e-01 0.000000e+00
    outer loop
      vertex   -1.312753e+01 -5.170275e+01 1.000000e+01
      vertex   -1.312753e+01 -5.170275e+01 5.000000e+00
      vertex   -1.328310e+01 -5.202580e+01 1.000000e+01
    endloop
  endfacet
  facet normal -9.009689e-01 4.338837e-01 0.000000e+00
    outer loop
      vertex   -1.328310e+01 -5.202580e+01 1.000000e+01
      vertex   -1.312753e+01 -5.170275e+01 5.000000e+00
      vertex   -1.328310e+01 -5.202580e+01 5.000000e+00
    endloop
  endfacet
  facet normal -8.090170e-01 5.877853e-01 0.000000e+00
    outer loop
      vertex   -1.328310e+01 -5.202580e+01 1.000000e+01
      vertex   -1.328310e+01 -5.202580e+01 5.000000e+00
      vertex   -1.349386e+01 -5.231588e+01 1.000000e+01
    endloop
  endfacet
  facet normal -8.090170e-01 5.877853e-01 0.000000e+00
    outer loop
      vertex   -1.349386e+01 -5.231588e+01 1.000000e+01
      vertex   -1.328310e+01 -5.202580e+01 5.000000e+00
      vertex   -1.349386e+01 -5.231588e+01 5.000000e+00
    endloop
  endfacet
  facet normal -6.910626e-01 7.227949e-01 0.000000e+00
    outer loop
      vertex   -1.349386e+01 -5.231588e+01 1.000000e+01
      vertex   -1.349386e+01 -5.231588e+01 5.000000e+00
      vertex   -1.375302e+01 -5.256366e+01 1.000000e+01
    endloop
  endfacet
  facet normal -6.910626e-01 7.227949e-01 0.000000e+00
    outer loop
      vertex   -1.375302e+01 -5.256366e+01 1.000000e+01
      vertex   -1.349386e+01 -5.231588e+01 5.000000e+00
      vertex   -1.375302e+01 -5.256366e+01 5.000000e+00
    endloop
  endfacet
  facet normal -5.508970e-01 8.345733e-01 0.000000e+00
    outer loop
      vertex   -1.375302e+01 -5.256366e+01 1.000000e+01
      vertex   -1.375302e+01 -5.256366e+01 5.000000e+00
      vertex   -1.405226e+01 -5.276119e+01 1.000000e+01
    endloop
  endfacet
  facet normal -5.508970e-01 8.345733e-01 0.000000e+00
    outer loop
      vertex   -1.405226e+01 -5.276119e+01 1.000000e+01
      vertex   -1.375302e+01 -5.256366e+01 5.000000e+00
      vertex   -1.405226e+01 -5.276119e+01 5.000000e+00
    endloop
  endfacet
  facet normal -3.930250e-01 9.195278e-01 0.000000e+00
    outer loop
      vertex   -1.405226e+01 -5.276119e+01 1.000000e+01
      vertex   -1.405226e+01 -5.276119e+01 5.000000e+00
      vertex   -1.438197e+01 -5.290211e+01 1.000000e+01
    endloop
  endfacet
  facet normal -3.930250e-01 9.195278e-01 0.000000e+00
    outer loop
      vertex   -1.438197e+01 -5.290211e+01 1.000000e+01
      vertex   -1.405226e+01 -5.276119e+01 5.000000e+00
      vertex   -1.438197e+01 -5.290211e+01 5.000000e+00
    endloop
  endfacet
  facet normal -2.225209e-01 9.749279e-01 0.000000e+00
    outer loop
      vertex   -1.438197e+01 -5.290211e+01 1.000000e+01
      vertex   -1.438197e+01 -5.290211e+01 5.000000e+00
      vertex   -1.473153e+01 -5.298190e+01 1.000000e+01
    endloop
  endfacet
  facet normal -2.225209e-01 9.749279e-01 0.000000e+00
    outer loop
      vertex   -1.473153e+01 -5.298190e+01 1.000000e+01
      vertex   -1.438197e+01 -5.290211e+01 5.000000e+00
      vertex   -1.473153e+01 -5.298190e+01 5.000000e+00
    endloop
  endfacet
  facet normal -4.486483e-02 9.989931e-01 0.000000e+00
    outer loop
      vertex   -1.473153e+01 -5.298190e+01 1.000000e+01
      vertex   -1.473153e+01 -5.298190e+01 5.000000e+00
      vertex   -1.508973e+01 -5.299799e+01 1.000000e+01
    endloop
  endfacet
  facet normal -4.486483e-02 9.989931e-01 0.000000e+00
    outer loop
      vertex   -1.508973e+01 -5.299799e+01 1.000000e+01
      vertex   -1.473153e+01 -5.298190e+01 5.000000e+00
      vertex   -1.508973e+01 -5.299799e+01 5.000000e+00
    endloop
  endfacet
  facet normal 1.342333e-01 9.909498e-01 0.000000e+00
    outer loop
      vertex   -1.508973e+01 -5.299799e+01 1.000000e+01
      vertex   -1.508973e+01 -5.299799e+01 5.000000e+00
      vertex   -1.544504e+01 -5.294986e+01 1.000000e+01
    endloop
  endfacet
  facet normal 1.342333e-01 9.909498e-01 0.000000e+00
    outer loop
      vertex   -1.544504e+01 -5.294986e+01 1.000000e+01
      vertex   -1.508973e+01 -5.299799e+01 5.000000e+00
      vertex   -1.544504e+01 -5.294986e+01 5.000000e+00
    endloop
  endfacet
  facet normal 3.090170e-01 9.510565e-01 0.000000e+00
    outer loop
      vertex   -1.544504e+01 -5.294986e+01 1.000000e+01
      vertex   -1.544504e+01 -5.294986e+01 5.000000e+00
      vertex   -1.578605e+01 -5.283906e+01 1.000000e+01
    endloop
  endfacet
  facet normal 3.090170e-01 9.510565e-01 0.000000e+00
    outer loop
      vertex   -1.578605e+01 -5.283906e+01 1.000000e+01
      vertex   -1.544504e+01 -5.294986e+01 5.000000e+00
      vertex   -1.578605e+01 -5.283906e+01 5.000000e+00
    endloop
  endfacet
  facet normal 4.738687e-01 8.805955e-01 0.000000e+00
    outer loop
      vertex   -1.578605e+01 -5.283906e+01 1.000000e+01
      vertex   -1.578605e+01 -5.283906e+01 5.000000e+00
      vertex   -1.610179e+01 -5.266915e+01 1.000000e+01
    endloop
  endfacet
  facet normal 4.738687e-01 8.805955e-01 0.000000e+00
    outer loop
      vertex   -1.610179e+01 -5.266915e+01 1.000000e+01
      vertex   -1.578605e+01 -5.283906e+01 5.000000e+00
      vertex   -1.610179e+01 -5.266915e+01 5.000000e+00
    endloop
  endfacet
  facet normal 6.234898e-01 7.818315e-01 0.000000e+00
    outer loop
      vertex   -1.610179e+01 -5.266915e+01 1.000000e+01
      vertex   -1.610179e+01 -5.266915e+01 5.000000e+00
      vertex   -1.638213e+01 -5.244559e+01 1.000000e+01
    endloop
  endfacet
  facet normal 6.234898e-01 7.818315e-01 0.000000e+00
    outer loop
      vertex   -1.638213e+01 -5.244559e+01 1.000000e+01
      vertex   -1.610179e+01 -5.266915e+01 5.000000e+00
      vertex   -1.638213e+01 -5.244559e+01 5.000000e+00
    endloop
  endfacet
  facet normal 7.530715e-01 6.579387e-01 0.000000e+00
    outer loop
      vertex   -1.638213e+01 -5.244559e+01 1.000000e+01
      vertex   -1.638213e+01 -5.244559e+01 5.000000e+00
      vertex   -1.661803e+01 -5.217557e+01 1.000000e+01
    endloop
  endfacet
  facet normal 7.530715e-01 6.579387e-01 0.000000e+00
    outer loop
      vertex   -1.661803e+01 -5.217557e+01 1.000000e+01
      vertex   -1.638213e+01 -5.244559e+01 5.000000e+00
      vertex   -1.661803e+01 -5.217557e+01 5.000000e+00
    endloop
  endfacet
  facet normal 8.584488e-01 5.128993e-01 0.000000e+00
    outer loop
      vertex   -1.661803e+01 -5.217557e+01 1.000000e+01
      vertex   -1.661803e+01 -5.217557e+01 5.000000e+00
      vertex   -1.680194e+01 -5.186777e+01 1.000000e+01
    endloop
  endfacet
  facet normal 8.584488e-01 5.128993e-01 0.000000e+00
    outer loop
      vertex   -1.680194e+01 -5.186777e+01 1.000000e+01
      vertex   -1.661803e+01 -5.217557e+01 5.000000e+00
      vertex   -1.680194e+01 -5.186777e+01 5.000000e+00
    endloop
  endfacet
  facet normal 9.362349e-01 3.513748e-01 0.000000e+00
    outer loop
      vertex   -1.680194e+01 -5.186777e+01 1.000000e+01
      vertex   -1.680194e+01 -5.186777e+01 5.000000e+00
      vertex   -1.692793e+01 -5.153207e+01 1.000000e+01
    endloop
  endfacet
  facet normal 9.362349e-01 3.513748e-01 0.000000e+00
    outer loop
      vertex   -1.692793e+01 -5.153207e+01 1.000000e+01
      vertex   -1.680194e+01 -5.186777e+01 5.000000e+00
      vertex   -1.692793e+01 -5.153207e+01 5.000000e+00
    endloop
  endfacet
  facet normal 9.839296e-01 1.785569e-01 0.000000e+00
    outer loop
      vertex   -1.692793e+01 -5.153207e+01 1.000000e+01
      vertex   -1.692793e+01 -5.153207e+01 5.000000e+00
      vertex   -1.699195e+01 -5.117928e+01 1.000000e+01
    endloop
  endfacet
  facet normal 9.839296e-01 1.785569e-01 0.000000e+00
    outer loop
      vertex   -1.699195e+01 -5.117928e+01 1.000000e+01
      vertex   -1.692793e+01 -5.153207e+01 5.000000e+00
      vertex   -1.699195e+01 -5.117928e+01 5.000000e+00
    endloop
  endfacet
  facet normal 1.000000e+00 -0.000000e+00 0.000000e+00
    outer loop
      vertex   -1.699195e+01 -5.117928e+01 1.000000e+01
      vertex   -1.699195e+01 -5.117928e+01 5.000000e+00
      vertex   -1.699195e+01 -5.082072e+01 1.000000e+01
    endloop
  endfacet
  facet normal 1.000000e+00 0.000000e+00 0.000000e+00
    outer loop
      vertex   -1.699195e+01 -5.082072e+01 1.000000e+01
      vertex   -1.699195e+01 -5.117928e+01 5.000000e+00
      vertex   -1.699195e+01 -5.082072e+01 5.000000e+00
    endloop
  endfacet
  facet normal 9.839296e-01 -1.785569e-01 0.000000e+00
    outer loop
      vertex   -1.699195e+01 -5.082072e+01 1.000000e+01
      vertex   -1.699195e+01 -5.082072e+01 5.000000e+00
      vertex   -1.692793e+01 -5.046793e+01 1.000000e+01
    endloop
  endfacet
  facet normal 9.839296e-01 -1.785569e-01 0.000000e+00
    outer loop
      vertex   -1.692793e+01 -5.046793e+01 1.000000e+01
      vertex   -1.699195e+01 -5.082072e+01 5.000000e+00
      vertex   -1.692793e+01 -5.046793e+01 5.000000e+00
    endloop
  endfacet
  facet normal 9.362349e-01 -3.513748e-01 0.000000e+00
    outer loop
      vertex   -1.692793e+01 -5.046793e+01 1.000000e+01
      vertex   -1.692793e+01 -5.046793e+01 5.000000e+00
      vertex   -1.680194e+01 -5.013223e+01 1.000000e+01
    endloop
  endfacet
  facet normal 9.362349e-01 -3.513748e-01 0.000000e+00
    outer loop
      vertex   -1.680194e+01 -5.013223e+01 1.000000e+01
      vertex   -1.692793e+01 -5.046793e+01 5.000000e+00
      vertex   -1.680194e+01 -5.013223e+01 5.000000e+00
    endloop
  endfacet
  facet normal 8.584488e-01 -5.128993e-01 0.000000e+00
    outer loop
      vertex   -1.680194e+01 -5.013223e+01 1.000000e+01
      vertex   -1.680194e+01 -5.013223e+01 5.000000e+00
      vertex   -1.661803e+01 -4.982443e+01 1.000000e+01
    endloop
  endfacet
  facet normal 8.584488e-01 -5.128993e-01 0.000000e+00
    outer loop
      vertex   -1.661803e+01 -4.982443e+01 1.000000e+01
      vertex   -1.680194e+01 -5.013223e+01 5.000000e+00
      vertex   -1.661803e+01 -4.982443e+01 5.000000e+00
    endloop
  endfacet
  facet normal 7.530715e-01 -6.579387e-01 0.000000e+00
    outer loop
      vertex   -1.661803e+01 -4.982443e+01 1.000000e+01
      vertex   -1.661803e+01 -4.982443e+01 5.000000e+00
      vertex   -1.638213e+01 -4.955441e+01 1.000000e+01
    endloop
  endfacet
  facet normal 7.530715e-01 -6.579387e-01 0.000000e+00
    outer loop
      vertex   -1.638213e+01 -4.955441e+01 1.000000e+01
      vertex   -1.661803e+01 -4.982443e+01 5.000000e+00
      vertex   -1.638213e+01 -4.955441e+01 5.000000e+00
    endloop
  endfacet
  facet normal 6.234898e-01 -7.818315e-01 0.000000e+00
    outer loop
      vertex   -1.638213e+01 -4.955441e+01 1.000000e+01
      vertex   -1.638213e+01 -4.955441e+01 5.000000e+00
      vertex   -1.610179e+01 -4.933085e+01 1.000000e+01
    endloop
  endfacet
  facet normal 6.234898e-01 -7.818315e-01 0.000000e+00
    outer loop
      vertex   -1.610179e+01 -4.933085e+01 1.000000e+01
      vertex   -1.638213e+01 -4.955441e+01 5.000000e+00
      vertex   -1.610179e+01 -4.933085e+01 5.000000e+00
    endloop
  endfacet
  facet normal 4.738687e-01 -8.805955e-01 0.000000e+00
    outer loop
      vertex   -1.610179e+01 -4.933085e+01 1.000000e+01
      vertex   -1.610179e+01 -4.933085e+01 5.000000e+00
      vertex   -1.578605e+01 -4.916094e+01 1.000000e+01
    endloop
  endfacet
  facet normal 4.738687e-01 -8.805955e-01 0.000000e+00
    outer loop
      vertex   -1.578605e+01 -4.916094e+01 1.000000e+01
      vertex   -1.610179e+01 -4.933085e+01 5.000000e+00
      vertex   -1.578605e+01 -4.916094e+01 5.000000e+00
    endloop
  endfacet
  facet normal 3.090170e-01 -9.510565e-01 0.000000e+00
    outer loop
      vertex   -1.578605e+01 -4.916094e+01 1.000000e+01
      vertex   -1.578605e+01 -4.916094e+01 5.000000e+00
      vertex   -1.544504e+01 -4.905014e+01 1.000000e+01
    endloop
  endfacet
  facet normal 3.090170e-01 -9.510565e-01 0.000000e+00
    outer loop
      vertex   -1.544504e+01 -4.905014e+01 1.000000e+01
      vertex   -1.578605e+01 -4.916094e+01 5.000000e+00
      vertex   -1.544504e+01 -4.905014e+01 5.000000e+00
    endloop
  endfacet
  facet normal 1.342333e-01 -9.909498e-01 0.000000e+00
    outer loop
      vertex   -1.544504e+01 -4.905014e+01 1.000000e+01
      vertex   -1.544504e+01 -4.905014e+01 5.000000e+00
      vertex   -1.508973e+01 -4.900201e+01 1.000000e+01
    endloop
  endfacet
  facet normal 1.342333e-01 -9.909498e-01 0.000000e+00
    outer loop
      vertex   -1.508973e+01 -4.900201e+01 1.000000e+01
      vertex   -1.544504e+01 -4.905014e+01 5.000000e+00
      vertex   -1.508973e+01 -4.900201e+01 5.000000e+00
    endloop
  endfacet
  facet normal -4.486483e-02 -9.989931e-01 -0.000000e+00
    outer loop
      vertex   -1.508973e+01 -4.900201e+01 1.000000e+01
      vertex   -1.508973e+01 -4.900201e+01 5.000000e+00
      vertex   -1.473153e+01 -4.901810e+01 1.000000e+01
    endloop
  endfacet
  facet normal -4.486483e-02 -9.989931e-01 -0.000000e+00
    outer loop
      vertex   -1.473153e+01 -4.901810e+01 1.000000e+01
      vertex   -1.508973e+01 -4.900201e+01 5.000000e+00
      vertex   -1.473153e+01 -4.901810e+01 5.000000e+00
    endloop
  endfacet
  facet normal -2.225209e-01 -9.749279e-01 -0.000000e+00
    outer loop
      vertex   -1.473153e+01 -4.901810e+01 1.000000e+01
      vertex   -1.473153e+01 -4.901810e+01 5.000000e+00
      vertex   -1.438197e+01 -4.909789e+01 1.000000e+01
    endloop
  endfacet
  facet normal -2.225209e-01 -9.749279e-01 -0.000000e+00
    outer loop
      vertex   -1.438197e+01 -4.909789e+01 1.000000e+01
      vertex   -1.473153e+01 -4.901810e+01 5.000000e+00
      vertex   -1.438197e+01 -4.909789e+01 5.000000e+00
    endloop
  endfacet
  facet normal -3.930250e-01 -9.195278e-01 -0.000000e+00
    outer loop
      vertex   -1.438197e+01 -4.909789e+01 1.000000e+01
      vertex   -1.438197e+01 -4.909789e+01 5.000000e+00
      vertex   -1.405226e+01 -4.923881e+01 1.000000e+01
    endloop
  endfacet
  facet normal -3.930250e-01 -9.195278e-01 -0.000000e+00
    outer loop
      vertex   -1.405226e+01 -4.923881e+01 1.000000e+01
      vertex   -1.438197e+01 -4.909789e+01 5.000000e+00
      vertex   -1.405226e+01 -4.923881e+01 5.000000e+00
    endloop
  endfacet
  facet normal -5.508970e-01 -8.345733e-01 -0.000000e+00
    outer loop
      vertex   -1.405226e+01 -4.923881e+01 1.000000e+01
      vertex   -1.405226e+01 -4.923881e+01 5.000000e+00
      vertex   -1.375302e+01 -4.943634e+01 1.000000e+01
    endloop
  endfacet
  facet normal -5.508970e-01 -8.345733e-01 -0.000000e+00
    outer loop
      vertex   -1.375302e+01 -4.943634e+01 1.000000e+01
      vertex   -1.405226e+01 -4.923881e+01 5.000000e+00
      vertex   -1.375302e+01 -4.943634e+01 5.000000e+00
    endloop
  endfacet
  facet normal -6.910626e-01 -7.227949e-01 -0.000000e+00
    outer loop
      vertex   -1.375302e+01 -4.943634e+01 1.000000e+01
      vertex   -1.375302e+01 -4.943634e+01 5.000000e+00
      vertex   -1.349386e+01 -4.968412e+01 1.000000e+01
    endloop
  endfacet
  facet normal -6.910626e-01 -7.227949e-01 -0.000000e+00
    outer loop
      vertex   -1.349386e+01 -4.968412e+01 1.000000e+01
      vertex   -1.375302e+01 -4.943634e+01 5.000000e+00
      vertex   -1.349386e+01 -4.968412e+01 5.000000e+00
    endloop
  endfacet
  facet normal -8.090170e-01 -5.877853e-01 -0.000000e+00
    outer loop
      vertex   -1.349386e+01 -4.968412e+01 1.000000e+01
      vertex   -1.349386e+01 -4.968412e+01 5.000000e+00
      vertex   -1.328310e+01 -4.997420e+01 1.000000e+01
    endloop
  endfacet
  facet normal -8.090170e-01 -5.877853e-01 -0.000000e+00
    outer loop
      vertex   -1.328310e+01 -4.997420e+01 1.000000e+01
      vertex   -1.349386e+01 -4.968412e+01 5.000000e+00
      vertex   -1.328310e+01 -4.997420e+01 5.000000e+00
    endloop
  endfacet
  facet normal -9.009689e-01 -4.338837e-01 -0.000000e+00
    outer loop
      vertex   -1.328310e+01 -4.997420e+01 1.000000e+01
      vertex   -1.328310e+01 -4.997420e+01 5.000000e+00
      vertex   -1.312753e+01 -5.029725e+01 1.000000e+01
    endloop
  endfacet
  facet normal -9.009689e-01 -4.338837e-01 -0.000000e+00
    outer loop
      vertex   -1.312753e+01 -5.029725e+01 1.000000e+01
      vertex   -1.328310e+01 -4.997420e+01 5.000000e+00
      vertex   -1.312753e+01 -5.029725e+01 5.000000e+00
    endloop
  endfacet
  facet normal -9.639629e-01 -2.660368e-01 -0.000000e+00
    outer loop
      vertex   -1.312753e+01 -5.029725e+01 1.000000e+01
      vertex   -1.312753e+01 -5.029725e+01 5.000000e+00
      vertex   -1.303214e+01 -5.064289e+01 1.000000e+01
    endloop
  endfacet
  facet normal -9.639629e-01 -2.660368e-01 -0.000000e+00
    outer loop
      vertex   -1.303214e+01 -5.064289e+01 1.000000e+01
      vertex   -1.312753e+01 -5.029725e+01 5.000000e+00
      vertex   -1.303214e+01 -5.064289e+01 5.000000e+00
    endloop
  endfacet
  facet normal -9.959743e-01 -8.963931e-02 -3.538411e-16
    outer loop
      vertex   -1.303214e+01 -5.064289e+01 -5.000000e+00
      vertex   -1.303214e+01 -5.064289e+01 -1.000000e+01
      vertex   -1.300000e+01 -5.100000e+01 -5.000000e+00
    endloop
  endfacet
  facet normal -9.959743e-01 -8.963931e-02 -3.538411e-16
    outer loop
      vertex   -1.300000e+01 -5.100000e+01 -5.000000e+00
      vertex   -1.303214e+01 -5.064289e+01 -1.000000e+01
      vertex   -1.300000e+01 -5.100000e+01 -1.000000e+01
    endloop
  endfacet
  facet normal -9.959743e-01 8.963931e-02 -3.538411e-16
    outer loop
      vertex   -1.300000e+01 -5.100000e+01 -5.000000e+00
      vertex   -1.300000e+01 -5.100000e+01 -1.000000e+01
      vertex   -1.303214e+01 -5.135711e+01 -5.000000e+00
    endloop
  endfacet
  facet normal -9.959743e-01 8.963931e-02 -3.538411e-16
    outer loop
      vertex   -1.303214e+01 -5.135711e+01 -5.000000e+00
      vertex   -1.300000e+01 -5.100000e+01 -1.000000e+01
      vertex   -1.303214e+01 -5.135711e+01 -1.000000e+01
    endloop
  endfacet
  facet normal -9.639629e-01 2.660368e-01 -3.424684e-16
    outer loop
      vertex   -1.303214e+01 -5.135711e+01 -5.000000e+00
      vertex   -1.303214e+01 -5.135711e+01 -1.000000e+01
      vertex   -1.312753e+01 -5.170275e+01 -5.000000e+00
    endloop
  endfacet
  facet normal -9.639629e-01 2.660368e-01 0.000000e+00
    outer loop
      vertex   -1.312753e+01 -5.170275e+01 -5.000000e+00
      vertex   -1.303214e+01 -5.135711e+01 -1.000000e+01
      vertex   -1.312753e+01 -5.170275e+01 -1.000000e+01
    endloop
  endfacet
  facet normal -9.009689e-01 4.338837e-01 0.000000e+00
    outer loop
      vertex   -1.312753e+01 -5.170275e+01 -5.000000e+00
      vertex   -1.312753e+01 -5.170275e+01 -1.000000e+01
      vertex   -1.328310e+01 -5.202580e+01 -5.000000e+00
    endloop
  endfacet
  facet normal -9.009689e-01 4.338837e-01 -6.401769e-16
    outer loop
      vertex   -1.328310e+01 -5.202580e+01 -5.000000e+00
      vertex   -1.312753e+01 -5.170275e+01 -1.000000e+01
      vertex   -1.328310e+01 -5.202580e+01 -1.000000e+01
    endloop
  endfacet
  facet normal -8.090170e-01 5.877853e-01 -5.748411e-16
    outer loop
      vertex   -1.328310e+01 -5.202580e+01 -5.000000e+00
      vertex   -1.328310e+01 -5.202580e+01 -1.000000e+01
      vertex   -1.349386e+01 -5.231588e+01 -5.000000e+00
    endloop
  endfacet
  facet normal -8.090170e-01 5.877853e-01 -5.748411e-16
    outer loop
      vertex   -1.349386e+01 -5.231588e+01 -5.000000e+00
      vertex   -1.328310e+01 -5.202580e+01 -1.000000e+01
      vertex   -1.349386e+01 -5.231588e+01 -1.000000e+01
    endloop
  endfacet
  facet normal -6.910626e-01 7.227949e-01 -4.910295e-16
    outer loop
      vertex   -1.349386e+01 -5.231588e+01 -5.000000e+00
      vertex   -1.349386e+01 -5.231588e+01 -1.000000e+01
      vertex   -1.375302e+01 -5.256366e+01 -5.000000e+00
    endloop
  endfacet
  facet normal -6.910626e-01 7.227949e-01 -2.455148e-16
    outer loop
      vertex   -1.375302e+01 -5.256366e+01 -5.000000e+00
      vertex   -1.349386e+01 -5.231588e+01 -1.000000e+01
      vertex   -1.375302e+01 -5.256366e+01 -1.000000e+01
    endloop
  endfacet
  facet normal -5.508970e-01 8.345733e-01 -1.957179e-16
    outer loop
      vertex   -1.375302e+01 -5.256366e+01 -5.000000e+00
      vertex   -1.375302e+01 -5.256366e+01 -1.000000e+01
      vertex   -1.405226e+01 -5.276119e+01 -5.000000e+00
    endloop
  endfacet
  facet normal -5.508970e-01 8.345733e-01 -3.914358e-16
    outer loop
      vertex   -1.405226e+01 -5.276119e+01 -5.000000e+00
      vertex   -1.375302e+01 -5.256366e+01 -1.000000e+01
      vertex   -1.405226e+01 -5.276119e+01 -1.000000e+01
    endloop
  endfacet
  facet normal -3.930250e-01 9.195278e-01 -2.792611e-16
    outer loop
      vertex   -1.405226e+01 -5.276119e+01 -5.000000e+00
      vertex   -1.405226e+01 -5.276119e+01 -1.000000e+01
      vertex   -1.438197e+01 -5.290211e+01 -5.000000e+00
    endloop
  endfacet
  facet normal -3.930250e-01 9.195278e-01 -1.396305e-16
    outer loop
      vertex   -1.438197e+01 -5.290211e+01 -5.000000e+00
      vertex   -1.405226e+01 -5.276119e+01 -1.000000e+01
      vertex   -1.438197e+01 -5.290211e+01 -1.000000e+01
    endloop
  endfacet
  facet normal -2.225209e-01 9.749279e-01 -7.905532e-17
    outer loop
      vertex   -1.438197e+01 -5.290211e+01 -5.000000e+00
      vertex   -1.438197e+01 -5.290211e+01 -1.000000e+01
      vertex   -1.473153e+01 -5.298190e+01 -5.000000e+00
    endloop
  endfacet
  facet normal -2.225209e-01 9.749279e-01 -7.905532e-17
    outer loop
      vertex   -1.473153e+01 -5.298190e+01 -5.000000e+00
      vertex   -1.438197e+01 -5.290211e+01 -1.000000e+01
      vertex   -1.473153e+01 -5.298190e+01 -1.000000e+01
    endloop
  endfacet
  facet normal -4.486483e-02 9.989931e-01 -1.593919e-17
    outer loop
      vertex   -1.473153e+01 -5.298190e+01 -5.000000e+00
      vertex   -1.473153e+01 -5.298190e+01 -1.000000e+01
      vertex   -1.508973e+01 -5.299799e+01 -5.000000e+00
    endloop
  endfacet
  facet normal -4.486483e-02 9.989931e-01 -1.593919e-17
    outer loop
      vertex   -1.508973e+01 -5.299799e+01 -5.000000e+00
      vertex   -1.473153e+01 -5.298190e+01 -1.000000e+01
      vertex   -1.508973e+01 -5.299799e+01 -1.000000e+01
    endloop
  endfacet
  facet normal 1.342333e-01 9.909498e-01 4.768924e-17
    outer loop
      vertex   -1.508973e+01 -5.299799e+01 -5.000000e+00
      vertex   -1.508973e+01 -5.299799e+01 -1.000000e+01
      vertex   -1.544504e+01 -5.294986e+01 -5.000000e+00
    endloop
  endfacet
  facet normal 1.342333e-01 9.909498e-01 4.768924e-17
    outer loop
      vertex   -1.544504e+01 -5.294986e+01 -5.000000e+00
      vertex   -1.508973e+01 -5.299799e+01 -1.000000e+01
      vertex   -1.544504e+01 -5.294986e+01 -1.000000e+01
    endloop
  endfacet
  facet normal 3.090170e-01 9.510565e-01 1.097849e-16
    outer loop
      vertex   -1.544504e+01 -5.294986e+01 -5.000000e+00
      vertex   -1.544504e+01 -5.294986e+01 -1.000000e+01
      vertex   -1.578605e+01 -5.283906e+01 -5.000000e+00
    endloop
  endfacet
  facet normal 3.090170e-01 9.510565e-01 1.097849e-16
    outer loop
      vertex   -1.578605e+01 -5.283906e+01 -5.000000e+00
      vertex   -1.544504e+01 -5.294986e+01 -1.000000e+01
      vertex   -1.578605e+01 -5.283906e+01 -1.000000e+01
    endloop
  endfacet
  facet normal 4.738687e-01 8.805955e-01 1.683520e-16
    outer loop
      vertex   -1.578605e+01 -5.283906e+01 -5.000000e+00
      vertex   -1.578605e+01 -5.283906e+01 -1.000000e+01
      vertex   -1.610179e+01 -5.266915e+01 -5.000000e+00
    endloop
  endfacet
  facet normal 4.738687e-01 8.805955e-01 3.367039e-16
    outer loop
      vertex   -1.610179e+01 -5.266915e+01 -5.000000e+00
      vertex   -1.578605e+01 -5.283906e+01 -1.000000e+01
      vertex   -1.610179e+01 -5.266915e+01 -1.000000e+01
    endloop
  endfacet
  facet normal 6.234898e-01 7.818315e-01 4.430161e-16
    outer loop
      vertex   -1.610179e+01 -5.266915e+01 -5.000000e+00
      vertex   -1.610179e+01 -5.266915e+01 -1.000000e+01
      vertex   -1.638213e+01 -5.244559e+01 -5.000000e+00
    endloop
  endfacet
  facet normal 6.234898e-01 7.818315e-01 8.860323e-16
    outer loop
      vertex   -1.638213e+01 -5.244559e+01 -5.000000e+00
      vertex   -1.610179e+01 -5.266915e+01 -1.000000e+01
      vertex   -1.638213e+01 -5.244559e+01 -1.000000e+01
    endloop
  endfacet
  facet normal 7.530715e-01 6.579387e-01 1.070179e-15
    outer loop
      vertex   -1.638213e+01 -5.244559e+01 -5.000000e+00
      vertex   -1.638213e+01 -5.244559e+01 -1.000000e+01
      vertex   -1.661803e+01 -5.217557e+01 -5.000000e+00
    endloop
  endfacet
  facet normal 7.530715e-01 6.579387e-01 5.350895e-16
    outer loop
      vertex   -1.661803e+01 -5.217557e+01 -5.000000e+00
      vertex   -1.638213e+01 -5.244559e+01 -1.000000e+01
      vertex   -1.661803e+01 -5.217557e+01 -1.000000e+01
    endloop
  endfacet
  facet normal 8.584488e-01 5.128993e-01 6.099646e-16
    outer loop
      vertex   -1.661803e+01 -5.217557e+01 -5.000000e+00
      vertex   -1.661803e+01 -5.217557e+01 -1.000000e+01
      vertex   -1.680194e+01 -5.186777e+01 -5.000000e+00
    endloop
  endfacet
  facet normal 8.584488e-01 5.128993e-01 6.099646e-16
    outer loop
      vertex   -1.680194e+01 -5.186777e+01 -5.000000e+00
      vertex   -1.661803e+01 -5.217557e+01 -1.000000e+01
      vertex   -1.680194e+01 -5.186777e+01 -1.000000e+01
    endloop
  endfacet
  facet normal 9.362349e-01 3.513748e-01 6.652349e-16
    outer loop
      vertex   -1.680194e+01 -5.186777e+01 -5.000000e+00
      vertex   -1.680194e+01 -5.186777e+01 -1.000000e+01
      vertex   -1.692793e+01 -5.153207e+01 -5.000000e+00
    endloop
  endfacet
  facet normal 9.362349e-01 3.513748e-01 6.652349e-16
    outer loop
      vertex   -1.692793e+01 -5.153207e+01 -5.000000e+00
      vertex   -1.680194e+01 -5.186777e+01 -1.000000e+01
      vertex   -1.692793e+01 -5.153207e+01 -1.000000e+01
    endloop
  endfacet
  facet normal 9.839296e-01 1.785569e-01 6.991240e-16
    outer loop
      vertex   -1.692793e+01 -5.153207e+01 -5.000000e+00
      vertex   -1.692793e+01 -5.153207e+01 -1.000000e+01
      vertex   -1.699195e+01 -5.117928e+01 -5.000000e+00
    endloop
  endfacet
  facet normal 9.839296e-01 1.785569e-01 0.000000e+00
    outer loop
      vertex   -1.699195e+01 -5.117928e+01 -5.000000e+00
      vertex   -1.692793e+01 -5.153207e+01 -1.000000e+01
      vertex   -1.699195e+01 -5.117928e+01 -1.000000e+01
    endloop
  endfacet
  facet normal 1.000000e+00 -0.000000e+00 0.000000e+00
    outer loop
      vertex   -1.699195e+01 -5.117928e+01 -5.000000e+00
      vertex   -1.699195e+01 -5.117928e+01 -1.000000e+01
      vertex   -1.699195e+01 -5.082072e+01 -5.000000e+00
    endloop
  endfacet
  facet normal 1.000000e+00 0.000000e+00 0.000000e+00
    outer loop
      vertex   -1.699195e+01 -5.082072e+01 -5.000000e+00
      vertex   -1.699195e+01 -5.117928e+01 -1.000000e+01
      vertex   -1.699195e+01 -5.082072e+01 -1.000000e+01
    endloop
  endfacet
  facet normal 9.839296e-01 -1.785569e-01 0.000000e+00
    outer loop
      vertex   -1.699195e+01 -5.082072e+01 -5.000000e+00
      vertex   -1.699195e+01 -5.082072e+01 -1.000000e+01
      vertex   -1.692793e+01 -5.046793e+01 -5.000000e+00
    endloop
  endfacet
  facet normal 9.839296e-01 -1.785569e-01 6.991240e-16
    outer loop
      vertex   -1.692793e+01 -5.046793e+01 -5.000000e+00
      vertex   -1.699195e+01 -5.082072e+01 -1.000000e+01
      vertex   -1.692793e+01 -5.046793e+01 -1.000000e+01
    endloop
  endfacet
  facet normal 9.362349e-01 -3.513748e-01 6.652349e-16
    outer loop
      vertex   -1.692793e+01 -5.046793e+01 -5.000000e+00
      vertex   -1.692793e+01 -5.046793e+01 -1.000000e+01
      vertex   -1.680194e+01 -5.013223e+01 -5.000000e+00
    endloop
  endfacet
  facet normal 9.362349e-01 -3.513748e-01 6.652349e-16
    outer loop
      vertex   -1.680194e+01 -5.013223e+01 -5.000000e+00
      vertex   -1.692793e+01 -5.046793e+01 -1.000000e+01
      vertex   -1.680194e+01 -5.013223e+01 -1.000000e+01
    endloop
  endfacet
  facet normal 8.584488e-01 -5.128993e-01 6.099646e-16
    outer loop
      vertex   -1.680194e+01 -5.013223e+01 -5.000000e+00
      vertex   -1.680194e+01 -5.013223e+01 -1.000000e+01
      vertex   -1.661803e+01 -4.982443e+01 -5.000000e+00
    endloop
  endfacet
  facet normal 8.584488e-01 -5.128993e-01 6.099646e-16
    outer loop
      vertex   -1.661803e+01 -4.982443e+01 -5.000000e+00
      vertex   -1.680194e+01 -5.013223e+01 -1.000000e+01
      vertex   -1.661803e+01 -4.982443e+01 -1.000000e+01
    endloop
  endfacet
  facet normal 7.530715e-01 -6.579387e-01 5.350895e-16
    outer loop
      vertex   -1.661803e+01 -4.982443e+01 -5.000000e+00
      vertex   -1.661803e+01 -4.982443e+01 -1.000000e+01
      vertex   -1.638213e+01 -4.955441e+01 -5.000000e+00
    endloop
  endfacet
  facet normal 7.530715e-01 -6.579387e-01 1.070179e-15
    outer loop
      vertex   -1.638213e+01 -4.955441e+01 -5.000000e+00
      vertex   -1.661803e+01 -4.982443e+01 -1.000000e+01
      vertex   -1.638213e+01 -4.955441e+01 -1.000000e+01
    endloop
  endfacet
  facet normal 6.234898e-01 -7.818315e-01 8.860323e-16
    outer loop
      vertex   -1.638213e+01 -4.955441e+01 -5.000000e+00
      vertex   -1.638213e+01 -4.955441e+01 -1.000000e+01
      vertex   -1.610179e+01 -4.933085e+01 -5.000000e+00
    endloop
  endfacet
  facet normal 6.234898e-01 -7.818315e-01 4.430161e-16
    outer loop
      vertex   -1.610179e+01 -4.933085e+01 -5.000000e+00
      vertex   -1.638213e+01 -4.955441e+01 -1.000000e+01
      vertex   -1.610179e+01 -4.933085e+01 -1.000000e+01
    endloop
  endfacet
  facet normal 4.738687e-01 -8.805955e-01 3.367039e-16
    outer loop
      vertex   -1.610179e+01 -4.933085e+01 -5.000000e+00
      vertex   -1.610179e+01 -4.933085e+01 -1.000000e+01
      vertex   -1.578605e+01 -4.916094e+01 -5.000000e+00
    endloop
  endfacet
  facet normal 4.738687e-01 -8.805955e-01 1.683520e-16
    outer loop
      vertex   -1.578605e+01 -4.916094e+01 -5.000000e+00
      vertex   -1.610179e+01 -4.933085e+01 -1.000000e+01
      vertex   -1.578605e+01 -4.916094e+01 -1.000000e+01
    endloop
  endfacet
  facet normal 3.090170e-01 -9.510565e-01 1.097849e-16
    outer loop
      vertex   -1.578605e+01 -4.916094e+01 -5.000000e+00
      vertex   -1.578605e+01 -4.916094e+01 -1.000000e+01
      vertex   -1.544504e+01 -4.905014e+01 -5.000000e+00
    endloop
  endfacet
  facet normal 3.090170e-01 -9.510565e-01 1.097849e-16
    outer loop
      vertex   -1.544504e+01 -4.905014e+01 -5.000000e+00
      vertex   -1.578605e+01 -4.916094e+01 -1.000000e+01
      vertex   -1.544504e+01 -4.905014e+01 -1.000000e+01
    endloop
  endfacet
  facet normal 1.342333e-01 -9.909498e-01 4.768924e-17
    outer loop
      vertex   -1.544504e+01 -4.905014e+01 -5.000000e+00
      vertex   -1.544504e+01 -4.905014e+01 -1.000000e+01
      vertex   -1.508973e+01 -4.900201e+01 -5.000000e+00
    endloop
  endfacet
  facet normal 1.342333e-01 -9.909498e-01 4.768924e-17
    outer loop
      vertex   -1.508973e+01 -4.900201e+01 -5.000000e+00
      vertex   -1.544504e+01 -4.905014e+01 -1.000000e+01
      vertex   -1.508973e+01 -4.900201e+01 -1.000000e+01
    endloop
  endfacet
  facet normal -4.486483e-02 -9.989931e-01 -1.593919e-17
    outer loop
      vertex   -1.508973e+01 -4.900201e+01 -5.000000e+00
      vertex   -1.508973e+01 -4.900201e+01 -1.000000e+01
      vertex   -1.473153e+01 -4.901810e+01 -5.000000e+00
    endloop
  endfacet
  facet normal -4.486483e-02 -9.989931e-01 -1.593919e-17
    outer loop
      vertex   -1.473153e+01 -4.901810e+01 -5.000000e+00
      vertex   -1.508973e+01 -4.900201e+01 -1.000000e+01
      vertex   -1.473153e+01 -4.901810e+01 -1.000000e+01
    endloop
  endfacet
  facet normal -2.225209e-01 -9.749279e-01 -7.905532e-17
    outer loop
      vertex   -1.473153e+01 -4.901810e+01 -5.000000e+00
      vertex   -1.473153e+01 -4.901810e+01 -1.000000e+01
      vertex   -1.438197e+01 -4.909789e+01 -5.000000e+00
    endloop
  endfacet
  facet normal -2.225209e-01 -9.749279e-01 -7.905532e-17
    outer loop
      vertex   -1.438197e+01 -4.909789e+01 -5.000000e+00
      vertex   -1.473153e+01 -4.901810e+01 -1.000000e+01
      vertex   -1.438197e+01 -4.909789e+01 -1.000000e+01
    endloop
  endfacet
  facet normal -3.930250e-01 -9.195278e-01 -1.396305e-16
    outer loop
      vertex   -1.438197e+01 -4.909789e+01 -5.000000e+00
      vertex   -1.438197e+01 -4.909789e+01 -1.000000e+01
      vertex   -1.405226e+01 -4.923881e+01 -5.000000e+00
    endloop
  endfacet
  facet normal -3.930250e-01 -9.195278e-01 -2.792611e-16
    outer loop
      vertex   -1.405226e+01 -4.923881e+01 -5.000000e+00
      vertex   -1.438197e+01 -4.909789e+01 -1.000000e+01
      vertex   -1.405226e+01 -4.923881e+01 -1.000000e+01
    endloop
  endfacet
  facet normal -5.508970e-01 -8.345733e-01 -3.914358e-16
    outer loop
      vertex   -1.405226e+01 -4.923881e+01 -5.000000e+00
      vertex   -1.405226e+01 -4.923881e+01 -1.000000e+01
      vertex   -1.375302e+01 -4.943634e+01 -5.000000e+00
    endloop
  endfacet
  facet normal -5.508970e-01 -8.345733e-01 -1.957179e-16
    outer loop
      vertex   -1.375302e+01 -4.943634e+01 -5.000000e+00
      vertex   -1.405226e+01 -4.923881e+01 -1.000000e+01
      vertex   -1.375302e+01 -4.943634e+01 -1.000000e+01
    endloop
  endfacet
  facet normal -6.910626e-01 -7.227949e-01 -2.455148e-16
    outer loop
      vertex   -1.375302e+01 -4.943634e+01 -5.000000e+00
      vertex   -1.375302e+01 -4.943634e+01 -1.000000e+01
      vertex   -1.349386e+01 -4.968412e+01 -5.000000e+00
    endloop
  endfacet
  facet normal -6.910626e-01 -7.227949e-01 -4.910295e-16
    outer loop
      vertex   -1.349386e+01 -4.968412e+01 -5.000000e+00
      vertex   -1.375302e+01 -4.943634e+01 -1.000000e+01
      vertex   -1.349386e+01 -4.968412e+01 -1.000000e+01
    endloop
  endfacet
  facet normal -8.090170e-01 -5.877853e-01 -5.748411e-16
    outer loop
      vertex   -1.349386e+01 -4.968412e+01 -5.000000e+00
      vertex   -1.349386e+01 -4.968412e+01 -1.000000e+01
      vertex   -1.328310e+01 -4.997420e+01 -5.000000e+00
    endloop
  endfacet
  facet normal -8.090170e-01 -5.877853e-01 -5.748411e-16
    outer loop
      vertex   -1.328310e+01 -4.997420e+01 -5.000000e+00
      vertex   -1.349386e+01 -4.968412e+01 -1.000000e+01
      vertex   -1.328310e+01 -4.997420e+01 -1.000000e+01
    endloop
  endfacet
  facet normal -9.009689e-01 -4.338837e-01 -6.401769e-16
    outer loop
      vertex   -1.328310e+01 -4.997420e+01 -5.000000e+00
      vertex   -1.328310e+01 -4.997420e+01 -1.000000e+01
      vertex   -1.312753e+01 -5.029725e+01 -5.000000e+00
    endloop
  endfacet
  facet normal -9.009689e-01 -4.338837e-01 -0.000000e+00
    outer loop
      vertex   -1.312753e+01 -5.029725e+01 -5.000000e+00
      vertex   -1.328310e+01 -4.997420e+01 -1.000000e+01
      vertex   -1.312753e+01 -5.029725e+01 -1.000000e+01
    endloop
  endfacet
  facet normal -9.639629e-01 -2.660368e-01 -0.000000e+00
    outer loop
      vertex   -1.312753e+01 -5.029725e+01 -5.000000e+00
      vertex   -1.312753e+01 -5.029725e+01 -1.000000e+01
      vertex   -1.303214e+01 -5.064289e+01 -5.000000e+00
    endloop
  endfacet
  facet normal -9.639629e-01 -2.660368e-01 -3.424684e-16
    outer loop
      vertex   -1.303214e+01 -5.064289e+01 -5.000000e+00
      vertex   -1.312753e+01 -5.029725e+01 -1.000000e+01
      vertex   -1.303214e+01 -5.064289e+01 -1.000000e+01
    endloop
  endfacet
  facet normal -9.959743e-01 8.963931e-02 0.000000e+00
    outer loop
      vertex   -1.303214e+01 -5.135711e+01 -1.500000e+01
      vertex   -1.303214e+01 -5.135711e+01 -1.000000e+01
      vertex   -1.300000e+01 -5.100000e+01 -1.500000e+01
    endloop
  endfacet
  facet normal -9.959743e-01 8.963931e-02 0.000000e+00
    outer loop
      vertex   -1.300000e+01 -5.100000e+01 -1.500000e+01
      vertex   -1.303214e+01 -5.135711e+01 -1.000000e+01
      vertex   -1.300000e+01 -5.100000e+01 -1.000000e+01
    endloop
  endfacet
  facet normal -9.959743e-01 -8.963931e-02 0.000000e+00
    outer loop
      vertex   -1.300000e+01 -5.100000e+01 -1.500000e+01
      vertex   -1.300000e+01 -5.100000e+01 -1.000000e+01
      vertex   -1.303214e+01 -5.064289e+01 -1.500000e+01
    endloop
  endfacet
  facet normal -9.959743e-01 -8.963931e-02 0.000000e+00
    outer loop
      vertex   -1.303214e+01 -5.064289e+01 -1.500000e+01
      vertex   -1.300000e+01 -5.100000e+01 -1.000000e+01
      vertex   -1.303214e+01 -5.064289e+01 -1.000000e+01
    endloop
  endfacet
  facet normal -9.639629e-01 -2.660368e-01 0.000000e+00
    outer loop
      vertex   -1.303214e+01 -5.064289e+01 -1.500000e+01
      vertex   -1.303214e+01 -5.064289e+01 -1.000000e+01
      vertex   -1.312753e+01 -5.029725e+01 -1.500000e+01
    endloop
  endfacet
  facet normal -9.639629e-01 -2.660368e-01 -3.424684e-16
    outer loop
      vertex   -1.312753e+01 -5.029725e+01 -1.500000e+01
      vertex   -1.303214e+01 -5.064289e+01 -1.000000e+01
      vertex   -1.312753e+01 -5.029725e+01 -1.000000e+01
    endloop
  endfacet
  facet normal -9.009689e-01 -4.338837e-01 -3.200884e-16
    outer loop
      vertex   -1.312753e+01 -5.029725e+01 -1.500000e+01
      vertex   -1.312753e+01 -5.029725e+01 -1.000000e+01
      vertex   -1.328310e+01 -4.997420e+01 -1.500000e+01
    endloop
  endfacet
  facet normal -9.009689e-01 -4.338837e-01 0.000000e+00
    outer loop
      vertex   -1.328310e+01 -4.997420e+01 -1.500000e+01
      vertex   -1.312753e+01 -5.029725e+01 -1.000000e+01
      vertex   -1.328310e+01 -4.997420e+01 -1.000000e+01
    endloop
  endfacet
  facet normal -8.090170e-01 -5.877853e-01 0.000000e+00
    outer loop
      vertex   -1.328310e+01 -4.997420e+01 -1.500000e+01
      vertex   -1.328310e+01 -4.997420e+01 -1.000000e+01
      vertex   -1.349386e+01 -4.968412e+01 -1.500000e+01
    endloop
  endfacet
  facet normal -8.090170e-01 -5.877853e-01 2.874206e-16
    outer loop
      vertex   -1.349386e+01 -4.968412e+01 -1.500000e+01
      vertex   -1.328310e+01 -4.997420e+01 -1.000000e+01
      vertex   -1.349386e+01 -4.968412e+01 -1.000000e+01
    endloop
  endfacet
  facet normal -6.910626e-01 -7.227949e-01 2.455148e-16
    outer loop
      vertex   -1.349386e+01 -4.968412e+01 -1.500000e+01
      vertex   -1.349386e+01 -4.968412e+01 -1.000000e+01
      vertex   -1.375302e+01 -4.943634e+01 -1.500000e+01
    endloop
  endfacet
  facet normal -6.910626e-01 -7.227949e-01 0.000000e+00
    outer loop
      vertex   -1.375302e+01 -4.943634e+01 -1.500000e+01
      vertex   -1.349386e+01 -4.968412e+01 -1.000000e+01
      vertex   -1.375302e+01 -4.943634e+01 -1.000000e+01
    endloop
  endfacet
  facet normal -5.508970e-01 -8.345733e-01 0.000000e+00
    outer loop
      vertex   -1.375302e+01 -4.943634e+01 -1.500000e+01
      vertex   -1.375302e+01 -4.943634e+01 -1.000000e+01
      vertex   -1.405226e+01 -4.923881e+01 -1.500000e+01
    endloop
  endfacet
  facet normal -5.508970e-01 -8.345733e-01 0.000000e+00
    outer loop
      vertex   -1.405226e+01 -4.923881e+01 -1.500000e+01
      vertex   -1.375302e+01 -4.943634e+01 -1.000000e+01
      vertex   -1.405226e+01 -4.923881e+01 -1.000000e+01
    endloop
  endfacet
  facet normal -3.930250e-01 -9.195278e-01 0.000000e+00
    outer loop
      vertex   -1.405226e+01 -4.923881e+01 -1.500000e+01
      vertex   -1.405226e+01 -4.923881e+01 -1.000000e+01
      vertex   -1.438197e+01 -4.909789e+01 -1.500000e+01
    endloop
  endfacet
  facet normal -3.930250e-01 -9.195278e-01 0.000000e+00
    outer loop
      vertex   -1.438197e+01 -4.909789e+01 -1.500000e+01
      vertex   -1.405226e+01 -4.923881e+01 -1.000000e+01
      vertex   -1.438197e+01 -4.909789e+01 -1.000000e+01
    endloop
  endfacet
  facet normal -2.225209e-01 -9.749279e-01 0.000000e+00
    outer loop
      vertex   -1.438197e+01 -4.909789e+01 -1.500000e+01
      vertex   -1.438197e+01 -4.909789e+01 -1.000000e+01
      vertex   -1.473153e+01 -4.901810e+01 -1.500000e+01
    endloop
  endfacet
  facet normal -2.225209e-01 -9.749279e-01 0.000000e+00
    outer loop
      vertex   -1.473153e+01 -4.901810e+01 -1.500000e+01
      vertex   -1.438197e+01 -4.909789e+01 -1.000000e+01
      vertex   -1.473153e+01 -4.901810e+01 -1.000000e+01
    endloop
  endfacet
  facet normal -4.486483e-02 -9.989931e-01 0.000000e+00
    outer loop
      vertex   -1.473153e+01 -4.901810e+01 -1.500000e+01
      vertex   -1.473153e+01 -4.901810e+01 -1.000000e+01
      vertex   -1.508973e+01 -4.900201e+01 -1.500000e+01
    endloop
  endfacet
  facet normal -4.486483e-02 -9.989931e-01 0.000000e+00
    outer loop
      vertex   -1.508973e+01 -4.900201e+01 -1.500000e+01
      vertex   -1.473153e+01 -4.901810e+01 -1.000000e+01
      vertex   -1.508973e+01 -4.900201e+01 -1.000000e+01
    endloop
  endfacet
  facet normal 1.342333e-01 -9.909498e-01 0.000000e+00
    outer loop
      vertex   -1.508973e+01 -4.900201e+01 -1.500000e+01
      vertex   -1.508973e+01 -4.900201e+01 -1.000000e+01
      vertex   -1.544504e+01 -4.905014e+01 -1.500000e+01
    endloop
  endfacet
  facet normal 1.342333e-01 -9.909498e-01 0.000000e+00
    outer loop
      vertex   -1.544504e+01 -4.905014e+01 -1.500000e+01
      vertex   -1.508973e+01 -4.900201e+01 -1.000000e+01
      vertex   -1.544504e+01 -4.905014e+01 -1.000000e+01
    endloop
  endfacet
  facet normal 3.090170e-01 -9.510565e-01 0.000000e+00
    outer loop
      vertex   -1.544504e+01 -4.905014e+01 -1.500000e+01
      vertex   -1.544504e+01 -4.905014e+01 -1.000000e+01
      vertex   -1.578605e+01 -4.916094e+01 -1.500000e+01
    endloop
  endfacet
  facet normal 3.090170e-01 -9.510565e-01 0.000000e+00
    outer loop
      vertex   -1.578605e+01 -4.916094e+01 -1.500000e+01
      vertex   -1.544504e+01 -4.905014e+01 -1.000000e+01
      vertex   -1.578605e+01 -4.916094e+01 -1.000000e+01
    endloop
  endfacet
  facet normal 4.738687e-01 -8.805955e-01 0.000000e+00
    outer loop
      vertex   -1.578605e+01 -4.916094e+01 -1.500000e+01
      vertex   -1.578605e+01 -4.916094e+01 -1.000000e+01
      vertex   -1.610179e+01 -4.933085e+01 -1.500000e+01
    endloop
  endfacet
  facet normal 4.738687e-01 -8.805955e-01 0.000000e+00
    outer loop
      vertex   -1.610179e+01 -4.933085e+01 -1.500000e+01
      vertex   -1.578605e+01 -4.916094e+01 -1.000000e+01
      vertex   -1.610179e+01 -4.933085e+01 -1.000000e+01
    endloop
  endfacet
  facet normal 6.234898e-01 -7.818315e-01 0.000000e+00
    outer loop
      vertex   -1.610179e+01 -4.933085e+01 -1.500000e+01
      vertex   -1.610179e+01 -4.933085e+01 -1.000000e+01
      vertex   -1.638213e+01 -4.955441e+01 -1.500000e+01
    endloop
  endfacet
  facet normal 6.234898e-01 -7.818315e-01 -4.430161e-16
    outer loop
      vertex   -1.638213e+01 -4.955441e+01 -1.500000e+01
      vertex   -1.610179e+01 -4.933085e+01 -1.000000e+01
      vertex   -1.638213e+01 -4.955441e+01 -1.000000e+01
    endloop
  endfacet
  facet normal 7.530715e-01 -6.579387e-01 -5.350895e-16
    outer loop
      vertex   -1.638213e+01 -4.955441e+01 -1.500000e+01
      vertex   -1.638213e+01 -4.955441e+01 -1.000000e+01
      vertex   -1.661803e+01 -4.982443e+01 -1.500000e+01
    endloop
  endfacet
  facet normal 7.530715e-01 -6.579387e-01 -5.350895e-16
    outer loop
      vertex   -1.661803e+01 -4.982443e+01 -1.500000e+01
      vertex   -1.638213e+01 -4.955441e+01 -1.000000e+01
      vertex   -1.661803e+01 -4.982443e+01 -1.000000e+01
    endloop
  endfacet
  facet normal 8.584488e-01 -5.128993e-01 -6.099646e-16
    outer loop
      vertex   -1.661803e+01 -4.982443e+01 -1.500000e+01
      vertex   -1.661803e+01 -4.982443e+01 -1.000000e+01
      vertex   -1.680194e+01 -5.013223e+01 -1.500000e+01
    endloop
  endfacet
  facet normal 8.584488e-01 -5.128993e-01 0.000000e+00
    outer loop
      vertex   -1.680194e+01 -5.013223e+01 -1.500000e+01
      vertex   -1.661803e+01 -4.982443e+01 -1.000000e+01
      vertex   -1.680194e+01 -5.013223e+01 -1.000000e+01
    endloop
  endfacet
  facet normal 9.362349e-01 -3.513748e-01 0.000000e+00
    outer loop
      vertex   -1.680194e+01 -5.013223e+01 -1.500000e+01
      vertex   -1.680194e+01 -5.013223e+01 -1.000000e+01
      vertex   -1.692793e+01 -5.046793e+01 -1.500000e+01
    endloop
  endfacet
  facet normal 9.362349e-01 -3.513748e-01 -6.652349e-16
    outer loop
      vertex   -1.692793e+01 -5.046793e+01 -1.500000e+01
      vertex   -1.680194e+01 -5.013223e+01 -1.000000e+01
      vertex   -1.692793e+01 -5.046793e+01 -1.000000e+01
    endloop
  endfacet
  facet normal 9.839296e-01 -1.785569e-01 -6.991240e-16
    outer loop
      vertex   -1.692793e+01 -5.046793e+01 -1.500000e+01
      vertex   -1.692793e+01 -5.046793e+01 -1.000000e+01
      vertex   -1.699195e+01 -5.082072e+01 -1.500000e+01
    endloop
  endfacet
  facet normal 9.839296e-01 -1.785569e-01 0.000000e+00
    outer loop
      vertex   -1.699195e+01 -5.082072e+01 -1.500000e+01
      vertex   -1.692793e+01 -5.046793e+01 -1.000000e+01
      vertex   -1.699195e+01 -5.082072e+01 -1.000000e+01
    endloop
  endfacet
  facet normal 1.000000e+00 0.000000e+00 -0.000000e+00
    outer loop
      vertex   -1.699195e+01 -5.082072e+01 -1.500000e+01
      vertex   -1.699195e+01 -5.082072e+01 -1.000000e+01
      vertex   -1.699195e+01 -5.117928e+01 -1.500000e+01
    endloop
  endfacet
  facet normal 1.000000e+00 0.000000e+00 0.000000e+00
    outer loop
      vertex   -1.699195e+01 -5.117928e+01 -1.500000e+01
      vertex   -1.699195e+01 -5.082072e+01 -1.000000e+01
      vertex   -1.699195e+01 -5.117928e+01 -1.000000e+01
    endloop
  endfacet
  facet normal 9.839296e-01 1.785569e-01 -0.000000e+00
    outer loop
      vertex   -1.699195e+01 -5.117928e+01 -1.500000e+01
      vertex   -1.699195e+01 -5.117928e+01 -1.000000e+01
      vertex   -1.692793e+01 -5.153207e+01 -1.500000e+01
    endloop
  endfacet
  facet normal 9.839296e-01 1.785569e-01 -6.991240e-16
    outer loop
      vertex   -1.692793e+01 -5.153207e+01 -1.500000e+01
      vertex   -1.699195e+01 -5.117928e+01 -1.000000e+01
      vertex   -1.692793e+01 -5.153207e+01 -1.000000e+01
    endloop
  endfacet
  facet normal 9.362349e-01 3.513748e-01 -6.652349e-16
    outer loop
      vertex   -1.692793e+01 -5.153207e+01 -1.500000e+01
      vertex   -1.692793e+01 -5.153207e+01 -1.000000e+01
      vertex   -1.680194e+01 -5.186777e+01 -1.500000e+01
    endloop
  endfacet
  facet normal 9.362349e-01 3.513748e-01 -0.000000e+00
    outer loop
      vertex   -1.680194e+01 -5.186777e+01 -1.500000e+01
      vertex   -1.692793e+01 -5.153207e+01 -1.000000e+01
      vertex   -1.680194e+01 -5.186777e+01 -1.000000e+01
    endloop
  endfacet
  facet normal 8.584488e-01 5.128993e-01 -0.000000e+00
    outer loop
      vertex   -1.680194e+01 -5.186777e+01 -1.500000e+01
      vertex   -1.680194e+01 -5.186777e+01 -1.000000e+01
      vertex   -1.661803e+01 -5.217557e+01 -1.500000e+01
    endloop
  endfacet
  facet normal 8.584488e-01 5.128993e-01 -6.099646e-16
    outer loop
      vertex   -1.661803e+01 -5.217557e+01 -1.500000e+01
      vertex   -1.680194e+01 -5.186777e+01 -1.000000e+01
      vertex   -1.661803e+01 -5.217557e+01 -1.000000e+01
    endloop
  endfacet
  facet normal 7.530715e-01 6.579387e-01 -5.350895e-16
    outer loop
      vertex   -1.661803e+01 -5.217557e+01 -1.500000e+01
      vertex   -1.661803e+01 -5.217557e+01 -1.000000e+01
      vertex   -1.638213e+01 -5.244559e+01 -1.500000e+01
    endloop
  endfacet
  facet normal 7.530715e-01 6.579387e-01 -5.350895e-16
    outer loop
      vertex   -1.638213e+01 -5.244559e+01 -1.500000e+01
      vertex   -1.661803e+01 -5.217557e+01 -1.000000e+01
      vertex   -1.638213e+01 -5.244559e+01 -1.000000e+01
    endloop
  endfacet
  facet normal 6.234898e-01 7.818315e-01 -4.430161e-16
    outer loop
      vertex   -1.638213e+01 -5.244559e+01 -1.500000e+01
      vertex   -1.638213e+01 -5.244559e+01 -1.000000e+01
      vertex   -1.610179e+01 -5.266915e+01 -1.500000e+01
    endloop
  endfacet
  facet normal 6.234898e-01 7.818315e-01 -0.000000e+00
    outer loop
      vertex   -1.610179e+01 -5.266915e+01 -1.500000e+01
      vertex   -1.638213e+01 -5.244559e+01 -1.000000e+01
      vertex   -1.610179e+01 -5.266915e+01 -1.000000e+01
    endloop
  endfacet
  facet normal 4.738687e-01 8.805955e-01 -0.000000e+00
    outer loop
      vertex   -1.610179e+01 -5.266915e+01 -1.500000e+01
      vertex   -1.610179e+01 -5.266915e+01 -1.000000e+01
      vertex   -1.578605e+01 -5.283906e+01 -1.500000e+01
    endloop
  endfacet
  facet normal 4.738687e-01 8.805955e-01 -0.000000e+00
    outer loop
      vertex   -1.578605e+01 -5.283906e+01 -1.500000e+01
      vertex   -1.610179e+01 -5.266915e+01 -1.000000e+01
      vertex   -1.578605e+01 -5.283906e+01 -1.000000e+01
    endloop
  endfacet
  facet normal 3.090170e-01 9.510565e-01 -0.000000e+00
    outer loop
      vertex   -1.578605e+01 -5.283906e+01 -1.500000e+01
      vertex   -1.578605e+01 -5.283906e+01 -1.000000e+01
      vertex   -1.544504e+01 -5.294986e+01 -1.500000e+01
    endloop
  endfacet
  facet normal 3.090170e-01 9.510565e-01 -0.000000e+00
    outer loop
      vertex   -1.544504e+01 -5.294986e+01 -1.500000e+01
      vertex   -1.578605e+01 -5.283906e+01 -1.000000e+01
      vertex   -1.544504e+01 -5.294986e+01 -1.000000e+01
    endloop
  endfacet
  facet normal 1.342333e-01 9.909498e-01 -0.000000e+00
    outer loop
      vertex   -1.544504e+01 -5.294986e+01 -1.500000e+01
      vertex   -1.544504e+01 -5.294986e+01 -1.000000e+01
      vertex   -1.508973e+01 -5.299799e+01 -1.500000e+01
    endloop
  endfacet
  facet normal 1.342333e-01 9.909498e-01 -0.000000e+00
    outer loop
      vertex   -1.508973e+01 -5.299799e+01 -1.500000e+01
      vertex   -1.544504e+01 -5.294986e+01 -1.000000e+01
      vertex   -1.508973e+01 -5.299799e+01 -1.000000e+01
    endloop
  endfacet
  facet normal -4.486483e-02 9.989931e-01 0.000000e+00
    outer loop
      vertex   -1.508973e+01 -5.299799e+01 -1.500000e+01
      vertex   -1.508973e+01 -5.299799e+01 -1.000000e+01
      vertex   -1.473153e+01 -5.298190e+01 -1.500000e+01
    endloop
  endfacet
  facet normal -4.486483e-02 9.989931e-01 0.000000e+00
    outer loop
      vertex   -1.473153e+01 -5.298190e+01 -1.500000e+01
      vertex   -1.508973e+01 -5.299799e+01 -1.000000e+01
      vertex   -1.473153e+01 -5.298190e+01 -1.000000e+01
    endloop
  endfacet
  facet normal -2.225209e-01 9.749279e-01 0.000000e+00
    outer loop
      vertex   -1.473153e+01 -5.298190e+01 -1.500000e+01
      vertex   -1.473153e+01 -5.298190e+01 -1.000000e+01
      vertex   -1.438197e+01 -5.290211e+01 -1.500000e+01
    endloop
  endfacet
  facet normal -2.225209e-01 9.749279e-01 0.000000e+00
    outer loop
      vertex   -1.438197e+01 -5.290211e+01 -1.500000e+01
      vertex   -1.473153e+01 -5.298190e+01 -1.000000e+01
      vertex   -1.438197e+01 -5.290211e+01 -1.000000e+01
    endloop
  endfacet
  facet normal -3.930250e-01 9.195278e-01 0.000000e+00
    outer loop
      vertex   -1.438197e+01 -5.290211e+01 -1.500000e+01
      vertex   -1.438197e+01 -5.290211e+01 -1.000000e+01
      vertex   -1.405226e+01 -5.276119e+01 -1.500000e+01
    endloop
  endfacet
  facet normal -3.930250e-01 9.195278e-01 0.000000e+00
    outer loop
      vertex   -1.405226e+01 -5.276119e+01 -1.500000e+01
      vertex   -1.438197e+01 -5.290211e+01 -1.000000e+01
      vertex   -1.405226e+01 -5.276119e+01 -1.000000e+01
    endloop
  endfacet
  facet normal -5.508970e-01 8.345733e-01 0.000000e+00
    outer loop
      vertex   -1.405226e+01 -5.276119e+01 -1.500000e+01
      vertex   -1.405226e+01 -5.276119e+01 -1.000000e+01
      vertex   -1.375302e+01 -5.256366e+01 -1.500000e+01
    endloop
  endfacet
  facet normal -5.508970e-01 8.345733e-01 0.000000e+00
    outer loop
      vertex   -1.375302e+01 -5.256366e+01 -1.500000e+01
      vertex   -1.405226e+01 -5.276119e+01 -1.000000e+01
      vertex   -1.375302e+01 -5.256366e+01 -1.000000e+01
    endloop
  endfacet
  facet normal -6.910626e-01 7.227949e-01 0.000000e+00
    outer loop
      vertex   -1.375302e+01 -5.256366e+01 -1.500000e+01
      vertex   -1.375302e+01 -5.256366e+01 -1.000000e+01
      vertex   -1.349386e+01 -5.231588e+01 -1.500000e+01
    endloop
  endfacet
  facet normal -6.910626e-01 7.227949e-01 2.455148e-16
    outer loop
      vertex   -1.349386e+01 -5.231588e+01 -1.500000e+01
      vertex   -1.375302e+01 -5.256366e+01 -1.000000e+01
      vertex   -1.349386e+01 -5.231588e+01 -1.000000e+01
    endloop
  endfacet
  facet normal -8.090170e-01 5.877853e-01 2.874206e-16
    outer loop
      vertex   -1.349386e+01 -5.231588e+01 -1.500000e+01
      vertex   -1.349386e+01 -5.231588e+01 -1.000000e+01
      vertex   -1.328310e+01 -5.202580e+01 -1.500000e+01
    endloop
  endfacet
  facet normal -8.090170e-01 5.877853e-01 0.000000e+00
    outer loop
      vertex   -1.328310e+01 -5.202580e+01 -1.500000e+01
      vertex   -1.349386e+01 -5.231588e+01 -1.000000e+01
      vertex   -1.328310e+01 -5.202580e+01 -1.000000e+01
    endloop
  endfacet
  facet normal -9.009689e-01 4.338837e-01 0.000000e+00
    outer loop
      vertex   -1.328310e+01 -5.202580e+01 -1.500000e+01
      vertex   -1.328310e+01 -5.202580e+01 -1.000000e+01
      vertex   -1.312753e+01 -5.170275e+01 -1.500000e+01
    endloop
  endfacet
  facet normal -9.009689e-01 4.338837e-01 -3.200884e-16
    outer loop
      vertex   -1.312753e+01 -5.170275e+01 -1.500000e+01
      vertex   -1.328310e+01 -5.202580e+01 -1.000000e+01
      vertex   -1.312753e+01 -5.170275e+01 -1.000000e+01
    endloop
  endfacet
  facet normal -9.639629e-01 2.660368e-01 -3.424684e-16
    outer loop
      vertex   -1.312753e+01 -5.170275e+01 -1.500000e+01
      vertex   -1.312753e+01 -5.170275e+01 -1.000000e+01
      vertex   -1.303214e+01 -5.135711e+01 -1.500000e+01
    endloop
  endfacet
  facet normal -9.639629e-01 2.660368e-01 0.000000e+00
    outer loop
      vertex   -1.303214e+01 -5.135711e+01 -1.500000e+01
      vertex   -1.312753e+01 -5.170275e+01 -1.000000e+01
      vertex   -1.303214e+01 -5.135711e+01 -1.000000e+01
    endloop
  endfacet
  facet normal 1.000000e+00 0.000000e+00 7.105427e-16
    outer loop
      vertex   -1.100000e+01 -4.900000e+01 5.000000e+00
      vertex   -1.100000e+01 -4.900000e+01 1.000000e+01
      vertex   -1.100000e+01 -5.300000e+01 5.000000e+00
    endloop
  endfacet
  facet normal 1.000000e+00 0.000000e+00 7.105427e-16
    outer loop
      vertex   -1.100000e+01 -5.300000e+01 5.000000e+00
      vertex   -1.100000e+01 -4.900000e+01 1.000000e+01
      vertex   -1.100000e+01 -5.300000e+01 1.000000e+01
    endloop
  endfacet
  facet normal -9.555089e-16 -3.483152e-15 -1.000000e+00
    outer loop
      vertex   -1.103154e+01 -5.350133e+01 5.000000e+00
      vertex   -1.349386e+01 -5.231588e+01 5.000000e+00
      vertex   -1.100000e+01 -5.300000e+01 5.000000e+00
    endloop
  endfacet
  facet normal 0.000000e+00 0.000000e+00 -1.000000e+00
    outer loop
      vertex   -1.100000e+01 -5.300000e+01 5.000000e+00
      vertex   -1.349386e+01 -5.231588e+01 5.000000e+00
      vertex   -1.328310e+01 -5.202580e+01 5.000000e+00
    endloop
  endfacet
  facet normal 0.000000e+00 0.000000e+00 -1.000000e+00
    outer loop
      vertex   -1.100000e+01 -5.300000e+01 5.000000e+00
      vertex   -1.328310e+01 -5.202580e+01 5.000000e+00
      vertex   -1.312753e+01 -5.170275e+01 5.000000e+00
    endloop
  endfacet
  facet normal 6.607355e-16 -1.260420e-16 -1.000000e+00
    outer loop
      vertex   -1.103154e+01 -5.350133e+01 5.000000e+00
      vertex   -1.112567e+01 -5.399476e+01 5.000000e+00
      vertex   -1.349386e+01 -5.231588e+01 5.000000e+00
    endloop
  endfacet
  facet normal 4.307194e-16 -4.504972e-16 -1.000000e+00
    outer loop
      vertex   -1.349386e+01 -5.231588e+01 5.000000e+00
      vertex   -1.112567e+01 -5.399476e+01 5.000000e+00
      vertex   -1.375302e+01 -5.256366e+01 5.000000e+00
    endloop
  endfacet
  facet normal 5.744369e-16 -1.866459e-16 -1.000000e+00
    outer loop
      vertex   -1.375302e+01 -5.256366e+01 5.000000e+00
      vertex   -1.112567e+01 -5.399476e+01 5.000000e+00
      vertex   -1.128089e+01 -5.447250e+01 5.000000e+00
    endloop
  endfacet
  facet normal 5.270532e-16 -2.480124e-16 -1.000000e+00
    outer loop
      vertex   -1.375302e+01 -5.256366e+01 5.000000e+00
      vertex   -1.128089e+01 -5.447250e+01 5.000000e+00
      vertex   -1.149477e+01 -5.492701e+01 5.000000e+00
    endloop
  endfacet
  facet normal 3.042451e-16 -4.609116e-16 -1.000000e+00
    outer loop
      vertex   -1.375302e+01 -5.256366e+01 5.000000e+00
      vertex   -1.149477e+01 -5.492701e+01 5.000000e+00
      vertex   -1.405226e+01 -5.276119e+01 5.000000e+00
    endloop
  endfacet
  facet normal 4.517736e-16 -2.867042e-16 -1.000000e+00
    outer loop
      vertex   -1.405226e+01 -5.276119e+01 5.000000e+00
      vertex   -1.149477e+01 -5.492701e+01 5.000000e+00
      vertex   -1.176393e+01 -5.535114e+01 5.000000e+00
    endloop
  endfacet
  facet normal 4.008999e-16 -3.316532e-16 -1.000000e+00
    outer loop
      vertex   -1.405226e+01 -5.276119e+01 5.000000e+00
      vertex   -1.176393e+01 -5.535114e+01 5.000000e+00
      vertex   -1.208413e+01 -5.573819e+01 5.000000e+00
    endloop
  endfacet
  facet normal 1.988496e-16 -4.652317e-16 -1.000000e+00
    outer loop
      vertex   -1.405226e+01 -5.276119e+01 5.000000e+00
      vertex   -1.208413e+01 -5.573819e+01 5.000000e+00
      vertex   -1.438197e+01 -5.290211e+01 5.000000e+00
    endloop
  endfacet
  facet normal 3.340301e-16 -3.557060e-16 -1.000000e+00
    outer loop
      vertex   -1.438197e+01 -5.290211e+01 5.000000e+00
      vertex   -1.208413e+01 -5.573819e+01 5.000000e+00
      vertex   -1.245030e+01 -5.608205e+01 5.000000e+00
    endloop
  endfacet
  facet normal 2.815827e-16 -3.875653e-16 -1.000000e+00
    outer loop
      vertex   -1.438197e+01 -5.290211e+01 5.000000e+00
      vertex   -1.245030e+01 -5.608205e+01 5.000000e+00
      vertex   -1.285669e+01 -5.637731e+01 5.000000e+00
    endloop
  endfacet
  facet normal 2.263845e-16 -4.117919e-16 -1.000000e+00
    outer loop
      vertex   -1.285669e+01 -5.637731e+01 5.000000e+00
      vertex   -1.329688e+01 -5.661931e+01 5.000000e+00
      vertex   -1.438197e+01 -5.290211e+01 5.000000e+00
    endloop
  endfacet
  facet normal 1.022589e-16 -4.480253e-16 -1.000000e+00
    outer loop
      vertex   -1.438197e+01 -5.290211e+01 5.000000e+00
      vertex   -1.329688e+01 -5.661931e+01 5.000000e+00
      vertex   -1.473153e+01 -5.298190e+01 5.000000e+00
    endloop
  endfacet
  facet normal 1.672385e-16 -4.223963e-16 -1.000000e+00
    outer loop
      vertex   -1.473153e+01 -5.298190e+01 5.000000e+00
      vertex   -1.329688e+01 -5.661931e+01 5.000000e+00
      vertex   -1.376393e+01 -5.680423e+01 5.000000e+00
    endloop
  endfacet
  facet normal 1.120406e-16 -4.363694e-16 -1.000000e+00
    outer loop
      vertex   -1.473153e+01 -5.298190e+01 5.000000e+00
      vertex   -1.376393e+01 -5.680423e+01 5.000000e+00
      vertex   -1.425047e+01 -5.692915e+01 5.000000e+00
    endloop
  endfacet
  facet normal 5.598924e-17 -4.432005e-16 -1.000000e+00
    outer loop
      vertex   -1.425047e+01 -5.692915e+01 5.000000e+00
      vertex   -1.474884e+01 -5.699211e+01 5.000000e+00
      vertex   -1.473153e+01 -5.298190e+01 5.000000e+00
    endloop
  endfacet
  facet normal 1.989716e-17 -4.430447e-16 -1.000000e+00
    outer loop
      vertex   -1.473153e+01 -5.298190e+01 5.000000e+00
      vertex   -1.474884e+01 -5.699211e+01 5.000000e+00
      vertex   -1.508973e+01 -5.299799e+01 5.000000e+00
    endloop
  endfacet
  facet normal 0.000000e+00 -4.447429e-16 -1.000000e+00
    outer loop
      vertex   -1.508973e+01 -5.299799e+01 5.000000e+00
      vertex   -1.474884e+01 -5.699211e+01 5.000000e+00
      vertex   -1.525116e+01 -5.699211e+01 5.000000e+00
    endloop
  endfacet
  facet normal -5.589868e-17 -4.424836e-16 -1.000000e+00
    outer loop
      vertex   -1.508973e+01 -5.299799e+01 5.000000e+00
      vertex   -1.525116e+01 -5.699211e+01 5.000000e+00
      vertex   -1.574953e+01 -5.692915e+01 5.000000e+00
    endloop
  endfacet
  facet normal 1.638846e-15 -7.269250e-16 -1.000000e+00
    outer loop
      vertex   -1.574953e+01 -5.692915e+01 5.000000e+00
      vertex   -1.623607e+01 -5.680423e+01 5.000000e+00
      vertex   -1.508973e+01 -5.299799e+01 5.000000e+00
    endloop
  endfacet
  facet normal -3.037013e-17 -2.242013e-16 -1.000000e+00
    outer loop
      vertex   -1.508973e+01 -5.299799e+01 5.000000e+00
      vertex   -1.623607e+01 -5.680423e+01 5.000000e+00
      vertex   -1.544504e+01 -5.294986e+01 5.000000e+00
    endloop
  endfacet
  facet normal -8.437905e-17 -2.131172e-16 -1.000000e+00
    outer loop
      vertex   -1.544504e+01 -5.294986e+01 5.000000e+00
      vertex   -1.623607e+01 -5.680423e+01 5.000000e+00
      vertex   -1.670312e+01 -5.661931e+01 5.000000e+00
    endloop
  endfacet
  facet normal -1.119630e-16 -2.036600e-16 -1.000000e+00
    outer loop
      vertex   -1.544504e+01 -5.294986e+01 5.000000e+00
      vertex   -1.670312e+01 -5.661931e+01 5.000000e+00
      vertex   -1.714331e+01 -5.637731e+01 5.000000e+00
    endloop
  endfacet
  facet normal -7.252278e-17 -2.232022e-16 -1.000000e+00
    outer loop
      vertex   -1.544504e+01 -5.294986e+01 5.000000e+00
      vertex   -1.714331e+01 -5.637731e+01 5.000000e+00
      vertex   -1.578605e+01 -5.283906e+01 5.000000e+00
    endloop
  endfacet
  facet normal -1.426277e-16 -1.963102e-16 -1.000000e+00
    outer loop
      vertex   -1.578605e+01 -5.283906e+01 5.000000e+00
      vertex   -1.714331e+01 -5.637731e+01 5.000000e+00
      vertex   -1.754970e+01 -5.608205e+01 5.000000e+00
    endloop
  endfacet
  facet normal -1.702441e-16 -1.812916e-16 -1.000000e+00
    outer loop
      vertex   -1.578605e+01 -5.283906e+01 5.000000e+00
      vertex   -1.754970e+01 -5.608205e+01 5.000000e+00
      vertex   -1.791587e+01 -5.573819e+01 5.000000e+00
    endloop
  endfacet
  facet normal -1.961440e-16 -1.622644e-16 -1.000000e+00
    outer loop
      vertex   -1.791587e+01 -5.573819e+01 5.000000e+00
      vertex   -1.823607e+01 -5.535114e+01 5.000000e+00
      vertex   -1.578605e+01 -5.283906e+01 5.000000e+00
    endloop
  endfacet
  facet normal -1.247747e-16 -2.318703e-16 -1.000000e+00
    outer loop
      vertex   -1.578605e+01 -5.283906e+01 5.000000e+00
      vertex   -1.823607e+01 -5.535114e+01 5.000000e+00
      vertex   -1.610179e+01 -5.266915e+01 5.000000e+00
    endloop
  endfacet
  facet normal -2.315184e-16 -1.469260e-16 -1.000000e+00
    outer loop
      vertex   -1.610179e+01 -5.266915e+01 5.000000e+00
      vertex   -1.823607e+01 -5.535114e+01 5.000000e+00
      vertex   -1.850523e+01 -5.492701e+01 5.000000e+00
    endloop
  endfacet
  facet normal -2.562616e-16 -1.205876e-16 -1.000000e+00
    outer loop
      vertex   -1.610179e+01 -5.266915e+01 5.000000e+00
      vertex   -1.850523e+01 -5.492701e+01 5.000000e+00
      vertex   -1.871911e+01 -5.447250e+01 5.000000e+00
    endloop
  endfacet
  facet normal -1.820544e-16 -2.282890e-16 -1.000000e+00
    outer loop
      vertex   -1.610179e+01 -5.266915e+01 5.000000e+00
      vertex   -1.871911e+01 -5.447250e+01 5.000000e+00
      vertex   -1.638213e+01 -5.244559e+01 5.000000e+00
    endloop
  endfacet
  facet normal 9.614581e-16 -1.546734e-15 -1.000000e+00
    outer loop
      vertex   -1.638213e+01 -5.244559e+01 5.000000e+00
      vertex   -1.871911e+01 -5.447250e+01 5.000000e+00
      vertex   -1.887433e+01 -5.399476e+01 5.000000e+00
    endloop
  endfacet
  facet normal 0.000000e+00 0.000000e+00 -1.000000e+00
    outer loop
      vertex   -1.638213e+01 -5.244559e+01 5.000000e+00
      vertex   -1.887433e+01 -5.399476e+01 5.000000e+00
      vertex   -1.896846e+01 -5.350133e+01 5.000000e+00
    endloop
  endfacet
  facet normal -0.000000e+00 0.000000e+00 -1.000000e+00
    outer loop
      vertex   -1.638213e+01 -5.244559e+01 5.000000e+00
      vertex   -1.896846e+01 -5.350133e+01 5.000000e+00
      vertex   -1.661803e+01 -5.217557e+01 5.000000e+00
    endloop
  endfacet
  facet normal 0.000000e+00 0.000000e+00 -1.000000e+00
    outer loop
      vertex   -1.661803e+01 -5.217557e+01 5.000000e+00
      vertex   -1.896846e+01 -5.350133e+01 5.000000e+00
      vertex   -1.900000e+01 -5.300000e+01 5.000000e+00
    endloop
  endfacet
  facet normal -0.000000e+00 0.000000e+00 -1.000000e+00
    outer loop
      vertex   -1.661803e+01 -5.217557e+01 5.000000e+00
      vertex   -1.900000e+01 -5.300000e+01 5.000000e+00
      vertex   -1.680194e+01 -5.186777e+01 5.000000e+00
    endloop
  endfacet
  facet normal -0.000000e+00 0.000000e+00 -1.000000e+00
    outer loop
      vertex   -1.680194e+01 -5.186777e+01 5.000000e+00
      vertex   -1.900000e+01 -5.300000e+01 5.000000e+00
      vertex   -1.692793e+01 -5.153207e+01 5.000000e+00
    endloop
  endfacet
  facet normal -0.000000e+00 0.000000e+00 -1.000000e+00
    outer loop
      vertex   -1.692793e+01 -5.153207e+01 5.000000e+00
      vertex   -1.900000e+01 -5.300000e+01 5.000000e+00
      vertex   -1.699195e+01 -5.117928e+01 5.000000e+00
    endloop
  endfacet
  facet normal -0.000000e+00 0.000000e+00 -1.000000e+00
    outer loop
      vertex   -1.699195e+01 -5.117928e+01 5.000000e+00
      vertex   -1.900000e+01 -5.300000e+01 5.000000e+00
      vertex   -1.699195e+01 -5.082072e+01 5.000000e+00
    endloop
  endfacet
  facet normal -0.000000e+00 0.000000e+00 -1.000000e+00
    outer loop
      vertex   -1.699195e+01 -5.082072e+01 5.000000e+00
      vertex   -1.900000e+01 -5.300000e+01 5.000000e+00
      vertex   -1.692793e+01 -5.046793e+01 5.000000e+00
    endloop
  endfacet
  facet normal -0.000000e+00 0.000000e+00 -1.000000e+00
    outer loop
      vertex   -1.692793e+01 -5.046793e+01 5.000000e+00
      vertex   -1.900000e+01 -5.300000e+01 5.000000e+00
      vertex   -1.900000e+01 -4.500000e+01 5.000000e+00
    endloop
  endfacet
  facet normal 0.000000e+00 0.000000e+00 -1.000000e+00
    outer loop
      vertex   -1.692793e+01 -5.046793e+01 5.000000e+00
      vertex   -1.900000e+01 -4.500000e+01 5.000000e+00
      vertex   -1.680194e+01 -5.013223e+01 5.000000e+00
    endloop
  endfacet
  facet normal 0.000000e+00 0.000000e+00 -1.000000e+00
    outer loop
      vertex   -1.680194e+01 -5.013223e+01 5.000000e+00
      vertex   -1.900000e+01 -4.500000e+01 5.000000e+00
      vertex   -1.661803e+01 -4.982443e+01 5.000000e+00
    endloop
  endfacet
  facet normal 0.000000e+00 0.000000e+00 -1.000000e+00
    outer loop
      vertex   -1.661803e+01 -4.982443e+01 5.000000e+00
      vertex   -1.900000e+01 -4.500000e+01 5.000000e+00
      vertex   -1.638213e+01 -4.955441e+01 5.000000e+00
    endloop
  endfacet
  facet normal 0.000000e+00 0.000000e+00 -1.000000e+00
    outer loop
      vertex   -1.638213e+01 -4.955441e+01 5.000000e+00
      vertex   -1.900000e+01 -4.500000e+01 5.000000e+00
      vertex   -1.610179e+01 -4.933085e+01 5.000000e+00
    endloop
  endfacet
  facet normal 0.000000e+00 0.000000e+00 -1.000000e+00
    outer loop
      vertex   -1.610179e+01 -4.933085e+01 5.000000e+00
      vertex   -1.900000e+01 -4.500000e+01 5.000000e+00
      vertex   -1.578605e+01 -4.916094e+01 5.000000e+00
    endloop
  endfacet
  facet normal 0.000000e+00 0.000000e+00 -1.000000e+00
    outer loop
      vertex   -1.578605e+01 -4.916094e+01 5.000000e+00
      vertex   -1.900000e+01 -4.500000e+01 5.000000e+00
      vertex   -1.544504e+01 -4.905014e+01 5.000000e+00
    endloop
  endfacet
  facet normal 0.000000e+00 0.000000e+00 -1.000000e+00
    outer loop
      vertex   -1.544504e+01 -4.905014e+01 5.000000e+00
      vertex   -1.900000e+01 -4.500000e+01 5.000000e+00
      vertex   -1.508973e+01 -4.900201e+01 5.000000e+00
    endloop
  endfacet
  facet normal 0.000000e+00 0.000000e+00 -1.000000e+00
    outer loop
      vertex   -1.508973e+01 -4.900201e+01 5.000000e+00
      vertex   -1.900000e+01 -4.500000e+01 5.000000e+00
      vertex   -1.473153e+01 -4.901810e+01 5.000000e+00
    endloop
  endfacet
  facet normal 6.461670e-16 6.864294e-16 -1.000000e+00
    outer loop
      vertex   -1.473153e+01 -4.901810e+01 5.000000e+00
      vertex   -1.900000e+01 -4.500000e+01 5.000000e+00
      vertex   -1.029194e+01 -4.672774e+01 5.000000e+00
    endloop
  endfacet
  facet normal 1.453634e-15 -8.787524e-16 -1.000000e+00
    outer loop
      vertex   -1.473153e+01 -4.901810e+01 5.000000e+00
      vertex   -1.029194e+01 -4.672774e+01 5.000000e+00
      vertex   -1.054182e+01 -4.714111e+01 5.000000e+00
    endloop
  endfacet
  facet normal -0.000000e+00 -1.522705e-13 -1.000000e+00
    outer loop
      vertex   -7.000000e+00 -4.500000e+01 5.000000e+00
      vertex   -7.482147e+00 -4.502916e+01 5.000000e+00
      vertex   -1.900000e+01 -4.500000e+01 5.000000e+00
    endloop
  endfacet
  facet normal 3.803111e-16 -2.075290e-15 -1.000000e+00
    outer loop
      vertex   -1.900000e+01 -4.500000e+01 5.000000e+00
      vertex   -7.482147e+00 -4.502916e+01 5.000000e+00
      vertex   -7.957263e+00 -4.511623e+01 5.000000e+00
    endloop
  endfacet
  facet normal 3.890148e-16 -1.248392e-15 -1.000000e+00
    outer loop
      vertex   -1.900000e+01 -4.500000e+01 5.000000e+00
      vertex   -7.957263e+00 -4.511623e+01 5.000000e+00
      vertex   -8.418420e+00 -4.525994e+01 5.000000e+00
    endloop
  endfacet
  facet normal 3.979603e-16 -8.842316e-16 -1.000000e+00
    outer loop
      vertex   -8.418420e+00 -4.525994e+01 5.000000e+00
      vertex   -8.858893e+00 -4.545818e+01 5.000000e+00
      vertex   -1.900000e+01 -4.500000e+01 5.000000e+00
    endloop
  endfacet
  facet normal 4.074578e-16 -6.740176e-16 -1.000000e+00
    outer loop
      vertex   -1.900000e+01 -4.500000e+01 5.000000e+00
      vertex   -8.858893e+00 -4.545818e+01 5.000000e+00
      vertex   -9.272259e+00 -4.570806e+01 5.000000e+00
    endloop
  endfacet
  facet normal 4.177100e-16 -5.331675e-16 -1.000000e+00
    outer loop
      vertex   -1.900000e+01 -4.500000e+01 5.000000e+00
      vertex   -9.272259e+00 -4.570806e+01 5.000000e+00
      vertex   -9.652491e+00 -4.600596e+01 5.000000e+00
    endloop
  endfacet
  facet normal 4.289280e-16 -4.289280e-16 -1.000000e+00
    outer loop
      vertex   -9.652491e+00 -4.600596e+01 5.000000e+00
      vertex   -9.994043e+00 -4.634751e+01 5.000000e+00
      vertex   -1.900000e+01 -4.500000e+01 5.000000e+00
    endloop
  endfacet
  facet normal 4.413676e-16 -3.457894e-16 -1.000000e+00
    outer loop
      vertex   -1.900000e+01 -4.500000e+01 5.000000e+00
      vertex   -9.994043e+00 -4.634751e+01 5.000000e+00
      vertex   -1.029194e+01 -4.672774e+01 5.000000e+00
    endloop
  endfacet
  facet normal 3.577512e-16 1.567410e-15 -1.000000e+00
    outer loop
      vertex   -1.473153e+01 -4.901810e+01 5.000000e+00
      vertex   -1.054182e+01 -4.714111e+01 5.000000e+00
      vertex   -1.438197e+01 -4.909789e+01 5.000000e+00
    endloop
  endfacet
  facet normal 1.500572e-15 -6.753525e-16 -1.000000e+00
    outer loop
      vertex   -1.438197e+01 -4.909789e+01 5.000000e+00
      vertex   -1.054182e+01 -4.714111e+01 5.000000e+00
      vertex   -1.074006e+01 -4.758158e+01 5.000000e+00
    endloop
  endfacet
  facet normal 6.176934e-16 1.445165e-15 -1.000000e+00
    outer loop
      vertex   -1.438197e+01 -4.909789e+01 5.000000e+00
      vertex   -1.074006e+01 -4.758158e+01 5.000000e+00
      vertex   -1.405226e+01 -4.923881e+01 5.000000e+00
    endloop
  endfacet
  facet normal 1.588424e-15 -4.949730e-16 -1.000000e+00
    outer loop
      vertex   -1.405226e+01 -4.923881e+01 5.000000e+00
      vertex   -1.074006e+01 -4.758158e+01 5.000000e+00
      vertex   -1.088377e+01 -4.804274e+01 5.000000e+00
    endloop
  endfacet
  facet normal 8.916619e-16 1.350810e-15 -1.000000e+00
    outer loop
      vertex   -1.405226e+01 -4.923881e+01 5.000000e+00
      vertex   -1.088377e+01 -4.804274e+01 5.000000e+00
      vertex   -1.375302e+01 -4.943634e+01 5.000000e+00
    endloop
  endfacet
  facet normal 1.698974e-15 -3.113486e-16 -1.000000e+00
    outer loop
      vertex   -1.375302e+01 -4.943634e+01 5.000000e+00
      vertex   -1.088377e+01 -4.804274e+01 5.000000e+00
      vertex   -1.097084e+01 -4.851785e+01 5.000000e+00
    endloop
  endfacet
  facet normal 1.186502e-15 1.240984e-15 -1.000000e+00
    outer loop
      vertex   -1.375302e+01 -4.943634e+01 5.000000e+00
      vertex   -1.097084e+01 -4.851785e+01 5.000000e+00
      vertex   -1.349386e+01 -4.968412e+01 5.000000e+00
    endloop
  endfacet
  facet normal -2.569332e-15 9.366081e-15 -1.000000e+00
    outer loop
      vertex   -1.349386e+01 -4.968412e+01 5.000000e+00
      vertex   -1.097084e+01 -4.851785e+01 5.000000e+00
      vertex   -1.100000e+01 -4.900000e+01 5.000000e+00
    endloop
  endfacet
  facet normal 0.000000e+00 0.000000e+00 -1.000000e+00
    outer loop
      vertex   -1.349386e+01 -4.968412e+01 5.000000e+00
      vertex   -1.100000e+01 -4.900000e+01 5.000000e+00
      vertex   -1.328310e+01 -4.997420e+01 5.000000e+00
    endloop
  endfacet
  facet normal 0.000000e+00 0.000000e+00 -1.000000e+00
    outer loop
      vertex   -1.328310e+01 -4.997420e+01 5.000000e+00
      vertex   -1.100000e+01 -4.900000e+01 5.000000e+00
      vertex   -1.312753e+01 -5.029725e+01 5.000000e+00
    endloop
  endfacet
  facet normal 0.000000e+00 0.000000e+00 -1.000000e+00
    outer loop
      vertex   -1.312753e+01 -5.029725e+01 5.000000e+00
      vertex   -1.100000e+01 -4.900000e+01 5.000000e+00
      vertex   -1.303214e+01 -5.064289e+01 5.000000e+00
    endloop
  endfacet
  facet normal 0.000000e+00 0.000000e+00 -1.000000e+00
    outer loop
      vertex   -1.303214e+01 -5.064289e+01 5.000000e+00
      vertex   -1.100000e+01 -4.900000e+01 5.000000e+00
      vertex   -1.300000e+01 -5.100000e+01 5.000000e+00
    endloop
  endfacet
  facet normal 0.000000e+00 0.000000e+00 -1.000000e+00
    outer loop
      vertex   -1.300000e+01 -5.100000e+01 5.000000e+00
      vertex   -1.100000e+01 -4.900000e+01 5.000000e+00
      vertex   -1.100000e+01 -5.300000e+01 5.000000e+00
    endloop
  endfacet
  facet normal 0.000000e+00 -0.000000e+00 -1.000000e+00
    outer loop
      vertex   -1.300000e+01 -5.100000e+01 5.000000e+00
      vertex   -1.100000e+01 -5.300000e+01 5.000000e+00
      vertex   -1.303214e+01 -5.135711e+01 5.000000e+00
    endloop
  endfacet
  facet normal 0.000000e+00 -0.000000e+00 -1.000000e+00
    outer loop
      vertex   -1.303214e+01 -5.135711e+01 5.000000e+00
      vertex   -1.100000e+01 -5.300000e+01 5.000000e+00
      vertex   -1.312753e+01 -5.170275e+01 5.000000e+00
    endloop
  endfacet
  facet normal -1.000000e+00 -0.000000e+00 -0.000000e+00
    outer loop
      vertex   1.100000e+01 -4.900000e+01 -5.000000e+00
      vertex   1.100000e+01 -4.900000e+01 -1.500000e+01
      vertex   1.100000e+01 -5.300000e+01 -5.000000e+00
    endloop
  endfacet
  facet normal -1.000000e+00 0.000000e+00 0.000000e+00
    outer loop
      vertex   1.100000e+01 -5.300000e+01 -5.000000e+00
      vertex   1.100000e+01 -4.900000e+01 -1.500000e+01
      vertex   1.100000e+01 -5.300000e+01 -1.500000e+01
    endloop
  endfacet
  facet normal -0.000000e+00 1.000000e+00 0.000000e+00
    outer loop
      vertex   4.950000e+00 -4.200000e+01 3.735173e-16
      vertex   4.982503e+00 -4.200000e+01 4.440836e-01
      vertex   4.982503e+00 -4.200000e+01 -4.440836e-01
    endloop
  endfacet
  facet normal -0.000000e+00 1.000000e+00 0.000000e+00
    outer loop
      vertex   4.982503e+00 -4.200000e+01 -4.440836e-01
      vertex   4.982503e+00 -4.200000e+01 4.440836e-01
      vertex   5.079318e+00 -4.200000e+01 -8.787023e-01
    endloop
  endfacet
  facet normal 0.000000e+00 1.000000e+00 -0.000000e+00
    outer loop
      vertex   5.079318e+00 -4.200000e+01 -8.787023e-01
      vertex   4.982503e+00 -4.200000e+01 4.440836e-01
      vertex   5.079318e+00 -4.200000e+01 8.787023e-01
    endloop
  endfacet
  facet normal -0.000000e+00 1.000000e+00 0.000000e+00
    outer loop
      vertex   5.079318e+00 -4.200000e+01 -8.787023e-01
      vertex   5.079318e+00 -4.200000e+01 8.787023e-01
      vertex   5.238383e+00 -4.200000e+01 -1.294593e+00
    endloop
  endfacet
  facet normal 0.000000e+00 1.000000e+00 -0.000000e+00
    outer loop
      vertex   5.238383e+00 -4.200000e+01 -1.294593e+00
      vertex   5.079318e+00 -4.200000e+01 8.787023e-01
      vertex   5.238383e+00 -4.200000e+01 1.294593e+00
    endloop
  endfacet
  facet normal -0.000000e+00 1.000000e+00 0.000000e+00
    outer loop
      vertex   5.238383e+00 -4.200000e+01 -1.294593e+00
      vertex   5.238383e+00 -4.200000e+01 1.294593e+00
      vertex   5.456307e+00 -4.200000e+01 -1.682892e+00
    endloop
  endfacet
  facet normal 0.000000e+00 1.000000e+00 0.000000e+00
    outer loop
      vertex   5.456307e+00 -4.200000e+01 -1.682892e+00
      vertex   5.238383e+00 -4.200000e+01 1.294593e+00
      vertex   5.456307e+00 -4.200000e+01 1.682892e+00
    endloop
  endfacet
  facet normal -0.000000e+00 1.000000e+00 -0.000000e+00
    outer loop
      vertex   5.456307e+00 -4.200000e+01 -1.682892e+00
      vertex   5.456307e+00 -4.200000e+01 1.682892e+00
      vertex   5.728445e+00 -4.200000e+01 -2.035322e+00
    endloop
  endfacet
  facet normal 0.000000e+00 1.000000e+00 -0.000000e+00
    outer loop
      vertex   5.728445e+00 -4.200000e+01 -2.035322e+00
      vertex   5.456307e+00 -4.200000e+01 1.682892e+00
      vertex   5.728445e+00 -4.200000e+01 2.035322e+00
    endloop
  endfacet
  facet normal -0.000000e+00 1.000000e+00 0.000000e+00
    outer loop
      vertex   5.728445e+00 -4.200000e+01 -2.035322e+00
      vertex   5.728445e+00 -4.200000e+01 2.035322e+00
      vertex   6.048997e+00 -4.200000e+01 -2.344374e+00
    endloop
  endfacet
  facet normal 0.000000e+00 1.000000e+00 -0.000000e+00
    outer loop
      vertex   6.048997e+00 -4.200000e+01 -2.344374e+00
      vertex   5.728445e+00 -4.200000e+01 2.035322e+00
      vertex   6.048997e+00 -4.200000e+01 2.344374e+00
    endloop
  endfacet
  facet normal -0.000000e+00 1.000000e+00 0.000000e+00
    outer loop
      vertex   6.048997e+00 -4.200000e+01 -2.344374e+00
      vertex   6.048997e+00 -4.200000e+01 2.344374e+00
      vertex   6.411132e+00 -4.200000e+01 -2.603459e+00
    endloop
  endfacet
  facet normal 0.000000e+00 1.000000e+00 0.000000e+00
    outer loop
      vertex   6.411132e+00 -4.200000e+01 -2.603459e+00
      vertex   6.048997e+00 -4.200000e+01 2.344374e+00
      vertex   6.411132e+00 -4.200000e+01 2.603459e+00
    endloop
  endfacet
  facet normal -0.000000e+00 1.000000e+00 -0.000000e+00
    outer loop
      vertex   6.411132e+00 -4.200000e+01 -2.603459e+00
      vertex   6.411132e+00 -4.200000e+01 2.603459e+00
      vertex   6.807131e+00 -4.200000e+01 -2.807056e+00
    endloop
  endfacet
  facet normal 0.000000e+00 1.000000e+00 0.000000e+00
    outer loop
      vertex   6.807131e+00 -4.200000e+01 -2.807056e+00
      vertex   6.411132e+00 -4.200000e+01 2.603459e+00
      vertex   6.807131e+00 -4.200000e+01 2.807056e+00
    endloop
  endfacet
  facet normal -0.000000e+00 1.000000e+00 -0.000000e+00
    outer loop
      vertex   6.807131e+00 -4.200000e+01 -2.807056e+00
      vertex   6.807131e+00 -4.200000e+01 2.807056e+00
      vertex   7.228553e+00 -4.200000e+01 -2.950825e+00
    endloop
  endfacet
  facet normal 0.000000e+00 1.000000e+00 -0.000000e+00
    outer loop
      vertex   7.228553e+00 -4.200000e+01 -2.950825e+00
      vertex   6.807131e+00 -4.200000e+01 2.807056e+00
      vertex   7.228553e+00 -4.200000e+01 2.950825e+00
    endloop
  endfacet
  facet normal -0.000000e+00 1.000000e+00 0.000000e+00
    outer loop
      vertex   7.228553e+00 -4.200000e+01 -2.950825e+00
      vertex   7.228553e+00 -4.200000e+01 2.950825e+00
      vertex   7.666418e+00 -4.200000e+01 -3.031703e+00
    endloop
  endfacet
  facet normal 0.000000e+00 1.000000e+00 -0.000000e+00
    outer loop
      vertex   7.666418e+00 -4.200000e+01 -3.031703e+00
      vertex   7.228553e+00 -4.200000e+01 2.950825e+00
      vertex   7.666418e+00 -4.200000e+01 3.031703e+00
    endloop
  endfacet
  facet normal -0.000000e+00 1.000000e+00 0.000000e+00
    outer loop
      vertex   7.666418e+00 -4.200000e+01 -3.031703e+00
      vertex   7.666418e+00 -4.200000e+01 3.031703e+00
      vertex   8.111392e+00 -4.200000e+01 -3.047965e+00
    endloop
  endfacet
  facet normal 0.000000e+00 1.000000e+00 -0.000000e+00
    outer loop
      vertex   8.111392e+00 -4.200000e+01 -3.047965e+00
      vertex   7.666418e+00 -4.200000e+01 3.031703e+00
      vertex   8.111392e+00 -4.200000e+01 3.047965e+00
    endloop
  endfacet
  facet normal 0.000000e+00 1.000000e+00 0.000000e+00
    outer loop
      vertex   8.111392e+00 -4.200000e+01 -3.047965e+00
      vertex   8.111392e+00 -4.200000e+01 3.047965e+00
      vertex   8.553992e+00 -4.200000e+01 -2.999265e+00
    endloop
  endfacet
  facet normal 0.000000e+00 1.000000e+00 0.000000e+00
    outer loop
      vertex   8.553992e+00 -4.200000e+01 -2.999265e+00
      vertex   8.111392e+00 -4.200000e+01 3.047965e+00
      vertex   8.553992e+00 -4.200000e+01 2.999265e+00
    endloop
  endfacet
  facet normal 0.000000e+00 1.000000e+00 -0.000000e+00
    outer loop
      vertex   8.553992e+00 -4.200000e+01 -2.999265e+00
      vertex   8.553992e+00 -4.200000e+01 2.999265e+00
      vertex   8.984785e+00 -4.200000e+01 -2.886641e+00
    endloop
  endfacet
  facet normal 0.000000e+00 1.000000e+00 0.000000e+00
    outer loop
      vertex   8.984785e+00 -4.200000e+01 -2.886641e+00
      vertex   8.553992e+00 -4.200000e+01 2.999265e+00
      vertex   8.984785e+00 -4.200000e+01 2.886641e+00
    endloop
  endfacet
  facet normal 0.000000e+00 1.000000e+00 -0.000000e+00
    outer loop
      vertex   8.984785e+00 -4.200000e+01 -2.886641e+00
      vertex   8.984785e+00 -4.200000e+01 2.886641e+00
      vertex   9.394589e+00 -4.200000e+01 -2.712494e+00
    endloop
  endfacet
  facet normal 0.000000e+00 1.000000e+00 -0.000000e+00
    outer loop
      vertex   9.394589e+00 -4.200000e+01 -2.712494e+00
      vertex   8.984785e+00 -4.200000e+01 2.886641e+00
      vertex   9.394589e+00 -4.200000e+01 2.712494e+00
    endloop
  endfacet
  facet normal 0.000000e+00 1.000000e+00 0.000000e+00
    outer loop
      vertex   9.394589e+00 -4.200000e+01 -2.712494e+00
      vertex   9.394589e+00 -4.200000e+01 2.712494e+00
      vertex   9.774670e+00 -4.200000e+01 -2.480534e+00
    endloop
  endfacet
  facet normal 0.000000e+00 1.000000e+00 0.000000e+00
    outer loop
      vertex   9.774670e+00 -4.200000e+01 -2.480534e+00
      vertex   9.394589e+00 -4.200000e+01 2.712494e+00
      vertex   9.774670e+00 -4.200000e+01 2.480534e+00
    endloop
  endfacet
  facet normal 0.000000e+00 1.000000e+00 -0.000000e+00
    outer loop
      vertex   9.774670e+00 -4.200000e+01 -2.480534e+00
      vertex   9.774670e+00 -4.200000e+01 2.480534e+00
      vertex   1.011693e+01 -4.200000e+01 -2.195706e+00
    endloop
  endfacet
  facet normal 0.000000e+00 1.000000e+00 0.000000e+00
    outer loop
      vertex   1.011693e+01 -4.200000e+01 -2.195706e+00
      vertex   9.774670e+00 -4.200000e+01 2.480534e+00
      vertex   1.011693e+01 -4.200000e+01 2.195706e+00
    endloop
  endfacet
  facet normal 0.000000e+00 1.000000e+00 -0.000000e+00
    outer loop
      vertex   1.011693e+01 -4.200000e+01 -2.195706e+00
      vertex   1.011693e+01 -4.200000e+01 2.195706e+00
      vertex   1.041406e+01 -4.200000e+01 -1.864080e+00
    endloop
  endfacet
  facet normal 0.000000e+00 1.000000e+00 -0.000000e+00
    outer loop
      vertex   1.041406e+01 -4.200000e+01 -1.864080e+00
      vertex   1.011693e+01 -4.200000e+01 2.195706e+00
      vertex   1.041406e+01 -4.200000e+01 1.864080e+00
    endloop
  endfacet
  facet normal 0.000000e+00 1.000000e+00 0.000000e+00
    outer loop
      vertex   1.041406e+01 -4.200000e+01 -1.864080e+00
      vertex   1.041406e+01 -4.200000e+01 1.864080e+00
      vertex   1.065975e+01 -4.200000e+01 -1.492724e+00
    endloop
  endfacet
  facet normal 0.000000e+00 1.000000e+00 -0.000000e+00
    outer loop
      vertex   1.065975e+01 -4.200000e+01 -1.492724e+00
      vertex   1.041406e+01 -4.200000e+01 1.864080e+00
      vertex   1.065975e+01 -4.200000e+01 1.492724e+00
    endloop
  endfacet
  facet normal 0.000000e+00 1.000000e+00 0.000000e+00
    outer loop
      vertex   1.065975e+01 -4.200000e+01 -1.492724e+00
      vertex   1.065975e+01 -4.200000e+01 1.492724e+00
      vertex   1.084875e+01 -4.200000e+01 -1.089554e+00
    endloop
  endfacet
  facet normal 0.000000e+00 1.000000e+00 -0.000000e+00
    outer loop
      vertex   1.084875e+01 -4.200000e+01 -1.089554e+00
      vertex   1.065975e+01 -4.200000e+01 1.492724e+00
      vertex   1.084875e+01 -4.200000e+01 1.089554e+00
    endloop
  endfacet
  facet normal 0.000000e+00 1.000000e+00 0.000000e+00
    outer loop
      vertex   1.084875e+01 -4.200000e+01 -1.089554e+00
      vertex   1.084875e+01 -4.200000e+01 1.089554e+00
      vertex   1.097703e+01 -4.200000e+01 -6.631620e-01
    endloop
  endfacet
  facet normal 0.000000e+00 1.000000e+00 -0.000000e+00
    outer loop
      vertex   1.097703e+01 -4.200000e+01 -6.631620e-01
      vertex   1.084875e+01 -4.200000e+01 1.089554e+00
      vertex   1.097703e+01 -4.200000e+01 6.631620e-01
    endloop
  endfacet
  facet normal 0.000000e+00 1.000000e+00 0.000000e+00
    outer loop
      vertex   1.097703e+01 -4.200000e+01 -6.631620e-01
      vertex   1.097703e+01 -4.200000e+01 6.631620e-01
      vertex   1.104186e+01 -4.200000e+01 -2.226357e-01
    endloop
  endfacet
  facet normal 0.000000e+00 1.000000e+00 -0.000000e+00
    outer loop
      vertex   1.104186e+01 -4.200000e+01 -2.226357e-01
      vertex   1.097703e+01 -4.200000e+01 6.631620e-01
      vertex   1.104186e+01 -4.200000e+01 2.226357e-01
    endloop
  endfacet
  facet normal -0.000000e+00 1.000000e+00 0.000000e+00
    outer loop
      vertex   -1.105000e+01 -4.200000e+01 -1.047568e-15
      vertex   -1.101750e+01 -4.200000e+01 4.440836e-01
      vertex   -1.101750e+01 -4.200000e+01 -4.440836e-01
    endloop
  endfacet
  facet normal -0.000000e+00 1.000000e+00 0.000000e+00
    outer loop
      vertex   -1.101750e+01 -4.200000e+01 -4.440836e-01
      vertex   -1.101750e+01 -4.200000e+01 4.440836e-01
      vertex   -1.092068e+01 -4.200000e+01 -8.787023e-01
    endloop
  endfacet
  facet normal 0.000000e+00 1.000000e+00 0.000000e+00
    outer loop
      vertex   -1.092068e+01 -4.200000e+01 -8.787023e-01
      vertex   -1.101750e+01 -4.200000e+01 4.440836e-01
      vertex   -1.092068e+01 -4.200000e+01 8.787023e-01
    endloop
  endfacet
  facet normal -0.000000e+00 1.000000e+00 -0.000000e+00
    outer loop
      vertex   -1.092068e+01 -4.200000e+01 -8.787023e-01
      vertex   -1.092068e+01 -4.200000e+01 8.787023e-01
      vertex   -1.076162e+01 -4.200000e+01 -1.294593e+00
    endloop
  endfacet
  facet normal 0.000000e+00 1.000000e+00 -0.000000e+00
    outer loop
      vertex   -1.076162e+01 -4.200000e+01 -1.294593e+00
      vertex   -1.092068e+01 -4.200000e+01 8.787023e-01
      vertex   -1.076162e+01 -4.200000e+01 1.294593e+00
    endloop
  endfacet
  facet normal -0.000000e+00 1.000000e+00 0.000000e+00
    outer loop
      vertex   -1.076162e+01 -4.200000e+01 -1.294593e+00
      vertex   -1.076162e+01 -4.200000e+01 1.294593e+00
      vertex   -1.054369e+01 -4.200000e+01 -1.682892e+00
    endloop
  endfacet
  facet normal 0.000000e+00 1.000000e+00 0.000000e+00
    outer loop
      vertex   -1.054369e+01 -4.200000e+01 -1.682892e+00
      vertex   -1.076162e+01 -4.200000e+01 1.294593e+00
      vertex   -1.054369e+01 -4.200000e+01 1.682892e+00
    endloop
  endfacet
  facet normal -0.000000e+00 1.000000e+00 -0.000000e+00
    outer loop
      vertex   -1.054369e+01 -4.200000e+01 -1.682892e+00
      vertex   -1.054369e+01 -4.200000e+01 1.682892e+00
      vertex   -1.027156e+01 -4.200000e+01 -2.035322e+00
    endloop
  endfacet
  facet normal 0.000000e+00 1.000000e+00 -0.000000e+00
    outer loop
      vertex   -1.027156e+01 -4.200000e+01 -2.035322e+00
      vertex   -1.054369e+01 -4.200000e+01 1.682892e+00
      vertex   -1.027156e+01 -4.200000e+01 2.035322e+00
    endloop
  endfacet
  facet normal -0.000000e+00 1.000000e+00 0.000000e+00
    outer loop
      vertex   -1.027156e+01 -4.200000e+01 -2.035322e+00
      vertex   -1.027156e+01 -4.200000e+01 2.035322e+00
      vertex   -9.951003e+00 -4.200000e+01 -2.344374e+00
    endloop
  endfacet
  facet normal 0.000000e+00 1.000000e+00 -0.000000e+00
    outer loop
      vertex   -9.951003e+00 -4.200000e+01 -2.344374e+00
      vertex   -1.027156e+01 -4.200000e+01 2.035322e+00
      vertex   -9.951003e+00 -4.200000e+01 2.344374e+00
    endloop
  endfacet
  facet normal -0.000000e+00 1.000000e+00 0.000000e+00
    outer loop
      vertex   -9.951003e+00 -4.200000e+01 -2.344374e+00
      vertex   -9.951003e+00 -4.200000e+01 2.344374e+00
      vertex   -9.588868e+00 -4.200000e+01 -2.603459e+00
    endloop
  endfacet
  facet normal 0.000000e+00 1.000000e+00 0.000000e+00
    outer loop
      vertex   -9.588868e+00 -4.200000e+01 -2.603459e+00
      vertex   -9.951003e+00 -4.200000e+01 2.344374e+00
      vertex   -9.588868e+00 -4.200000e+01 2.603459e+00
    endloop
  endfacet
  facet normal -0.000000e+00 1.000000e+00 -0.000000e+00
    outer loop
      vertex   -9.588868e+00 -4.200000e+01 -2.603459e+00
      vertex   -9.588868e+00 -4.200000e+01 2.603459e+00
      vertex   -9.192869e+00 -4.200000e+01 -2.807056e+00
    endloop
  endfacet
  facet normal 0.000000e+00 1.000000e+00 0.000000e+00
    outer loop
      vertex   -9.192869e+00 -4.200000e+01 -2.807056e+00
      vertex   -9.588868e+00 -4.200000e+01 2.603459e+00
      vertex   -9.192869e+00 -4.200000e+01 2.807056e+00
    endloop
  endfacet
  facet normal -0.000000e+00 1.000000e+00 -0.000000e+00
    outer loop
      vertex   -9.192869e+00 -4.200000e+01 -2.807056e+00
      vertex   -9.192869e+00 -4.200000e+01 2.807056e+00
      vertex   -8.771447e+00 -4.200000e+01 -2.950825e+00
    endloop
  endfacet
  facet normal 0.000000e+00 1.000000e+00 -0.000000e+00
    outer loop
      vertex   -8.771447e+00 -4.200000e+01 -2.950825e+00
      vertex   -9.192869e+00 -4.200000e+01 2.807056e+00
      vertex   -8.771447e+00 -4.200000e+01 2.950825e+00
    endloop
  endfacet
  facet normal -0.000000e+00 1.000000e+00 0.000000e+00
    outer loop
      vertex   -8.771447e+00 -4.200000e+01 -2.950825e+00
      vertex   -8.771447e+00 -4.200000e+01 2.950825e+00
      vertex   -8.333582e+00 -4.200000e+01 -3.031703e+00
    endloop
  endfacet
  facet normal 0.000000e+00 1.000000e+00 -0.000000e+00
    outer loop
      vertex   -8.333582e+00 -4.200000e+01 -3.031703e+00
      vertex   -8.771447e+00 -4.200000e+01 2.950825e+00
      vertex   -8.333582e+00 -4.200000e+01 3.031703e+00
    endloop
  endfacet
  facet normal -0.000000e+00 1.000000e+00 0.000000e+00
    outer loop
      vertex   -8.333582e+00 -4.200000e+01 -3.031703e+00
      vertex   -8.333582e+00 -4.200000e+01 3.031703e+00
      vertex   -7.888608e+00 -4.200000e+01 -3.047965e+00
    endloop
  endfacet
  facet normal 0.000000e+00 1.000000e+00 0.000000e+00
    outer loop
      vertex   -7.888608e+00 -4.200000e+01 -3.047965e+00
      vertex   -8.333582e+00 -4.200000e+01 3.031703e+00
      vertex   -7.888608e+00 -4.200000e+01 3.047965e+00
    endloop
  endfacet
  facet normal 0.000000e+00 1.000000e+00 -0.000000e+00
    outer loop
      vertex   -7.888608e+00 -4.200000e+01 -3.047965e+00
      vertex   -7.888608e+00 -4.200000e+01 3.047965e+00
      vertex   -7.446008e+00 -4.200000e+01 -2.999265e+00
    endloop
  endfacet
  facet normal 0.000000e+00 1.000000e+00 0.000000e+00
    outer loop
      vertex   -7.446008e+00 -4.200000e+01 -2.999265e+00
      vertex   -7.888608e+00 -4.200000e+01 3.047965e+00
      vertex   -7.446008e+00 -4.200000e+01 2.999265e+00
    endloop
  endfacet
  facet normal 0.000000e+00 1.000000e+00 -0.000000e+00
    outer loop
      vertex   -7.446008e+00 -4.200000e+01 -2.999265e+00
      vertex   -7.446008e+00 -4.200000e+01 2.999265e+00
      vertex   -7.015215e+00 -4.200000e+01 -2.886641e+00
    endloop
  endfacet
  facet normal 0.000000e+00 1.000000e+00 0.000000e+00
    outer loop
      vertex   -7.015215e+00 -4.200000e+01 -2.886641e+00
      vertex   -7.446008e+00 -4.200000e+01 2.999265e+00
      vertex   -7.015215e+00 -4.200000e+01 2.886641e+00
    endloop
  endfacet
  facet normal 0.000000e+00 1.000000e+00 -0.000000e+00
    outer loop
      vertex   -7.015215e+00 -4.200000e+01 -2.886641e+00
      vertex   -7.015215e+00 -4.200000e+01 2.886641e+00
      vertex   -6.605411e+00 -4.200000e+01 -2.712494e+00
    endloop
  endfacet
  facet normal 0.000000e+00 1.000000e+00 -0.000000e+00
    outer loop
      vertex   -6.605411e+00 -4.200000e+01 -2.712494e+00
      vertex   -7.015215e+00 -4.200000e+01 2.886641e+00
      vertex   -6.605411e+00 -4.200000e+01 2.712494e+00
    endloop
  endfacet
  facet normal 0.000000e+00 1.000000e+00 0.000000e+00
    outer loop
      vertex   -6.605411e+00 -4.200000e+01 -2.712494e+00
      vertex   -6.605411e+00 -4.200000e+01 2.712494e+00
      vertex   -6.225330e+00 -4.200000e+01 -2.480534e+00
    endloop
  endfacet
  facet normal 0.000000e+00 1.000000e+00 0.000000e+00
    outer loop
      vertex   -6.225330e+00 -4.200000e+01 -2.480534e+00
      vertex   -6.605411e+00 -4.200000e+01 2.712494e+00
      vertex   -6.225330e+00 -4.200000e+01 2.480534e+00
    endloop
  endfacet
  facet normal 0.000000e+00 1.000000e+00 -0.000000e+00
    outer loop
      vertex   -6.225330e+00 -4.200000e+01 -2.480534e+00
      vertex   -6.225330e+00 -4.200000e+01 2.480534e+00
      vertex   -5.883074e+00 -4.200000e+01 -2.195706e+00
    endloop
  endfacet
  facet normal 0.000000e+00 1.000000e+00 0.000000e+00
    outer loop
      vertex   -5.883074e+00 -4.200000e+01 -2.195706e+00
      vertex   -6.225330e+00 -4.200000e+01 2.480534e+00
      vertex   -5.883074e+00 -4.200000e+01 2.195706e+00
    endloop
  endfacet
  facet normal 0.000000e+00 1.000000e+00 -0.000000e+00
    outer loop
      vertex   -5.883074e+00 -4.200000e+01 -2.195706e+00
      vertex   -5.883074e+00 -4.200000e+01 2.195706e+00
      vertex   -5.585936e+00 -4.200000e+01 -1.864080e+00
    endloop
  endfacet
  facet normal 0.000000e+00 1.000000e+00 -0.000000e+00
    outer loop
      vertex   -5.585936e+00 -4.200000e+01 -1.864080e+00
      vertex   -5.883074e+00 -4.200000e+01 2.195706e+00
      vertex   -5.585936e+00 -4.200000e+01 1.864080e+00
    endloop
  endfacet
  facet normal 0.000000e+00 1.000000e+00 0.000000e+00
    outer loop
      vertex   -5.585936e+00 -4.200000e+01 -1.864080e+00
      vertex   -5.585936e+00 -4.200000e+01 1.864080e+00
      vertex   -5.340249e+00 -4.200000e+01 -1.492724e+00
    endloop
  endfacet
  facet normal 0.000000e+00 1.000000e+00 0.000000e+00
    outer loop
      vertex   -5.340249e+00 -4.200000e+01 -1.492724e+00
      vertex   -5.585936e+00 -4.200000e+01 1.864080e+00
      vertex   -5.340249e+00 -4.200000e+01 1.492724e+00
    endloop
  endfacet
  facet normal 0.000000e+00 1.000000e+00 -0.000000e+00
    outer loop
      vertex   -5.340249e+00 -4.200000e+01 -1.492724e+00
      vertex   -5.340249e+00 -4.200000e+01 1.492724e+00
      vertex   -5.151251e+00 -4.200000e+01 -1.089554e+00
    endloop
  endfacet
  facet normal 0.000000e+00 1.000000e+00 -0.000000e+00
    outer loop
      vertex   -5.151251e+00 -4.200000e+01 -1.089554e+00
      vertex   -5.340249e+00 -4.200000e+01 1.492724e+00
      vertex   -5.151251e+00 -4.200000e+01 1.089554e+00
    endloop
  endfacet
  facet normal 0.000000e+00 1.000000e+00 0.000000e+00
    outer loop
      vertex   -5.151251e+00 -4.200000e+01 -1.089554e+00
      vertex   -5.151251e+00 -4.200000e+01 1.089554e+00
      vertex   -5.022969e+00 -4.200000e+01 -6.631620e-01
    endloop
  endfacet
  facet normal 0.000000e+00 1.000000e+00 -0.000000e+00
    outer loop
      vertex   -5.022969e+00 -4.200000e+01 -6.631620e-01
      vertex   -5.151251e+00 -4.200000e+01 1.089554e+00
      vertex   -5.022969e+00 -4.200000e+01 6.631620e-01
    endloop
  endfacet
  facet normal 0.000000e+00 1.000000e+00 0.000000e+00
    outer loop
      vertex   -5.022969e+00 -4.200000e+01 -6.631620e-01
      vertex   -5.022969e+00 -4.200000e+01 6.631620e-01
      vertex   -4.958137e+00 -4.200000e+01 -2.226357e-01
    endloop
  endfacet
  facet normal 0.000000e+00 1.000000e+00 -0.000000e+00
    outer loop
      vertex   -4.958137e+00 -4.200000e+01 -2.226357e-01
      vertex   -5.022969e+00 -4.200000e+01 6.631620e-01
      vertex   -4.958137e+00 -4.200000e+01 2.226357e-01
    endloop
  endfacet
  facet normal 9.973323e-01 -0.000000e+00 7.299531e-02
    outer loop
      vertex   4.982503e+00 -4.200000e+01 -4.440836e-01
      vertex   4.982503e+00 -3.600000e+01 -4.440836e-01
      vertex   4.950000e+00 -4.200000e+01 3.735173e-16
    endloop
  endfacet
  facet normal 9.973323e-01 -0.000000e+00 7.299531e-02
    outer loop
      vertex   4.950000e+00 -4.200000e+01 3.735173e-16
      vertex   4.982503e+00 -3.600000e+01 -4.440836e-01
      vertex   4.950000e+00 -3.600000e+01 3.735173e-16
    endloop
  endfacet
  facet normal 9.973323e-01 0.000000e+00 -7.299531e-02
    outer loop
      vertex   4.950000e+00 -4.200000e+01 3.735173e-16
      vertex   4.950000e+00 -3.600000e+01 3.735173e-16
      vertex   4.982503e+00 -4.200000e+01 4.440836e-01
    endloop
  endfacet
  facet normal 9.973323e-01 0.000000e+00 -7.299531e-02
    outer loop
      vertex   4.982503e+00 -4.200000e+01 4.440836e-01
      vertex   4.950000e+00 -3.600000e+01 3.735173e-16
      vertex   4.982503e+00 -3.600000e+01 4.440836e-01
    endloop
  endfacet
  facet normal 9.760759e-01 0.000000e+00 -2.174302e-01
    outer loop
      vertex   4.982503e+00 -4.200000e+01 4.440836e-01
      vertex   4.982503e+00 -3.600000e+01 4.440836e-01
      vertex   5.079318e+00 -4.200000e+01 8.787023e-01
    endloop
  endfacet
  facet normal 9.760759e-01 0.000000e+00 -2.174302e-01
    outer loop
      vertex   5.079318e+00 -4.200000e+01 8.787023e-01
      vertex   4.982503e+00 -3.600000e+01 4.440836e-01
      vertex   5.079318e+00 -3.600000e+01 8.787023e-01
    endloop
  endfacet
  facet normal 9.340161e-01 0.000000e+00 -3.572309e-01
    outer loop
      vertex   5.079318e+00 -4.200000e+01 8.787023e-01
      vertex   5.079318e+00 -3.600000e+01 8.787023e-01
      vertex   5.238383e+00 -4.200000e+01 1.294593e+00
    endloop
  endfacet
  facet normal 9.340161e-01 0.000000e+00 -3.572309e-01
    outer loop
      vertex   5.238383e+00 -4.200000e+01 1.294593e+00
      vertex   5.079318e+00 -3.600000e+01 8.787023e-01
      vertex   5.238383e+00 -3.600000e+01 1.294593e+00
    endloop
  endfacet
  facet normal 8.720494e-01 0.000000e+00 -4.894178e-01
    outer loop
      vertex   5.238383e+00 -4.200000e+01 1.294593e+00
      vertex   5.238383e+00 -3.600000e+01 1.294593e+00
      vertex   5.456307e+00 -4.200000e+01 1.682892e+00
    endloop
  endfacet
  facet normal 8.720494e-01 0.000000e+00 -4.894178e-01
    outer loop
      vertex   5.456307e+00 -4.200000e+01 1.682892e+00
      vertex   5.238383e+00 -3.600000e+01 1.294593e+00
      vertex   5.456307e+00 -3.600000e+01 1.682892e+00
    endloop
  endfacet
  facet normal 7.914965e-01 0.000000e+00 -6.111737e-01
    outer loop
      vertex   5.456307e+00 -4.200000e+01 1.682892e+00
      vertex   5.456307e+00 -3.600000e+01 1.682892e+00
      vertex   5.728445e+00 -4.200000e+01 2.035322e+00
    endloop
  endfacet
  facet normal 7.914965e-01 0.000000e+00 -6.111737e-01
    outer loop
      vertex   5.728445e+00 -4.200000e+01 2.035322e+00
      vertex   5.456307e+00 -3.600000e+01 1.682892e+00
      vertex   5.728445e+00 -3.600000e+01 2.035322e+00
    endloop
  endfacet
  facet normal 6.940742e-01 0.000000e+00 -7.199035e-01
    outer loop
      vertex   5.728445e+00 -4.200000e+01 2.035322e+00
      vertex   5.728445e+00 -3.600000e+01 2.035322e+00
      vertex   6.048997e+00 -4.200000e+01 2.344374e+00
    endloop
  endfacet
  facet normal 6.940742e-01 0.000000e+00 -7.199035e-01
    outer loop
      vertex   6.048997e+00 -4.200000e+01 2.344374e+00
      vertex   5.728445e+00 -3.600000e+01 2.035322e+00
      vertex   6.048997e+00 -3.600000e+01 2.344374e+00
    endloop
  endfacet
  facet normal 5.818589e-01 0.000000e+00 -8.132897e-01
    outer loop
      vertex   6.048997e+00 -4.200000e+01 2.344374e+00
      vertex   6.048997e+00 -3.600000e+01 2.344374e+00
      vertex   6.411132e+00 -4.200000e+01 2.603459e+00
    endloop
  endfacet
  facet normal 5.818589e-01 0.000000e+00 -8.132897e-01
    outer loop
      vertex   6.411132e+00 -4.200000e+01 2.603459e+00
      vertex   6.048997e+00 -3.600000e+01 2.344374e+00
      vertex   6.411132e+00 -3.600000e+01 2.603459e+00
    endloop
  endfacet
  facet normal 4.572423e-01 0.000000e+00 -8.893421e-01
    outer loop
      vertex   6.411132e+00 -4.200000e+01 2.603459e+00
      vertex   6.411132e+00 -3.600000e+01 2.603459e+00
      vertex   6.807131e+00 -4.200000e+01 2.807056e+00
    endloop
  endfacet
  facet normal 4.572423e-01 0.000000e+00 -8.893421e-01
    outer loop
      vertex   6.807131e+00 -4.200000e+01 2.807056e+00
      vertex   6.411132e+00 -3.600000e+01 2.603459e+00
      vertex   6.807131e+00 -3.600000e+01 2.807056e+00
    endloop
  endfacet
  facet normal 3.228804e-01 0.000000e+00 -9.464398e-01
    outer loop
      vertex   6.807131e+00 -4.200000e+01 2.807056e+00
      vertex   6.807131e+00 -3.600000e+01 2.807056e+00
      vertex   7.228553e+00 -4.200000e+01 2.950825e+00
    endloop
  endfacet
  facet normal 3.228804e-01 0.000000e+00 -9.464398e-01
    outer loop
      vertex   7.228553e+00 -4.200000e+01 2.950825e+00
      vertex   6.807131e+00 -3.600000e+01 2.807056e+00
      vertex   7.228553e+00 -3.600000e+01 2.950825e+00
    endloop
  endfacet
  facet normal 1.816369e-01 0.000000e+00 -9.833657e-01
    outer loop
      vertex   7.228553e+00 -4.200000e+01 2.950825e+00
      vertex   7.228553e+00 -3.600000e+01 2.950825e+00
      vertex   7.666418e+00 -4.200000e+01 3.031703e+00
    endloop
  endfacet
  facet normal 1.816369e-01 0.000000e+00 -9.833657e-01
    outer loop
      vertex   7.666418e+00 -4.200000e+01 3.031703e+00
      vertex   7.228553e+00 -3.600000e+01 2.950825e+00
      vertex   7.666418e+00 -3.600000e+01 3.031703e+00
    endloop
  endfacet
  facet normal 3.652202e-02 0.000000e+00 -9.993328e-01
    outer loop
      vertex   7.666418e+00 -4.200000e+01 3.031703e+00
      vertex   7.666418e+00 -3.600000e+01 3.031703e+00
      vertex   8.111392e+00 -4.200000e+01 3.047965e+00
    endloop
  endfacet
  facet normal 3.652202e-02 0.000000e+00 -9.993328e-01
    outer loop
      vertex   8.111392e+00 -4.200000e+01 3.047965e+00
      vertex   7.666418e+00 -3.600000e+01 3.031703e+00
      vertex   8.111392e+00 -3.600000e+01 3.047965e+00
    endloop
  endfacet
  facet normal -1.093712e-01 0.000000e+00 -9.940010e-01
    outer loop
      vertex   8.111392e+00 -4.200000e+01 3.047965e+00
      vertex   8.111392e+00 -3.600000e+01 3.047965e+00
      vertex   8.553992e+00 -4.200000e+01 2.999265e+00
    endloop
  endfacet
  facet normal -1.093712e-01 0.000000e+00 -9.940010e-01
    outer loop
      vertex   8.553992e+00 -4.200000e+01 2.999265e+00
      vertex   8.111392e+00 -3.600000e+01 3.047965e+00
      vertex   8.553992e+00 -3.600000e+01 2.999265e+00
    endloop
  endfacet
  facet normal -2.529334e-01 0.000000e+00 -9.674837e-01
    outer loop
      vertex   8.553992e+00 -4.200000e+01 2.999265e+00
      vertex   8.553992e+00 -3.600000e+01 2.999265e+00
      vertex   8.984785e+00 -4.200000e+01 2.886641e+00
    endloop
  endfacet
  facet normal -2.529334e-01 0.000000e+00 -9.674837e-01
    outer loop
      vertex   8.984785e+00 -4.200000e+01 2.886641e+00
      vertex   8.553992e+00 -3.600000e+01 2.999265e+00
      vertex   8.984785e+00 -3.600000e+01 2.886641e+00
    endloop
  endfacet
  facet normal -3.911047e-01 0.000000e+00 -9.203462e-01
    outer loop
      vertex   8.984785e+00 -4.200000e+01 2.886641e+00
      vertex   8.984785e+00 -3.600000e+01 2.886641e+00
      vertex   9.394589e+00 -4.200000e+01 2.712494e+00
    endloop
  endfacet
  facet normal -3.911047e-01 0.000000e+00 -9.203462e-01
    outer loop
      vertex   9.394589e+00 -4.200000e+01 2.712494e+00
      vertex   8.984785e+00 -3.600000e+01 2.886641e+00
      vertex   9.394589e+00 -3.600000e+01 2.712494e+00
    endloop
  endfacet
  facet normal -5.209403e-01 0.000000e+00 -8.535931e-01
    outer loop
      vertex   9.394589e+00 -4.200000e+01 2.712494e+00
      vertex   9.394589e+00 -3.600000e+01 2.712494e+00
      vertex   9.774670e+00 -4.200000e+01 2.480534e+00
    endloop
  endfacet
  facet normal -5.209403e-01 0.000000e+00 -8.535931e-01
    outer loop
      vertex   9.774670e+00 -4.200000e+01 2.480534e+00
      vertex   9.394589e+00 -3.600000e+01 2.712494e+00
      vertex   9.774670e+00 -3.600000e+01 2.480534e+00
    endloop
  endfacet
  facet normal -6.396730e-01 0.000000e+00 -7.686471e-01
    outer loop
      vertex   9.774670e+00 -4.200000e+01 2.480534e+00
      vertex   9.774670e+00 -3.600000e+01 2.480534e+00
      vertex   1.011693e+01 -4.200000e+01 2.195706e+00
    endloop
  endfacet
  facet normal -6.396730e-01 1.137826e-16 -7.686471e-01
    outer loop
      vertex   1.011693e+01 -4.200000e+01 2.195706e+00
      vertex   9.774670e+00 -3.600000e+01 2.480534e+00
      vertex   1.011693e+01 -3.600000e+01 2.195706e+00
    endloop
  endfacet
  facet normal -7.447722e-01 9.878303e-17 -6.673188e-01
    outer loop
      vertex   1.011693e+01 -4.200000e+01 2.195706e+00
      vertex   1.011693e+01 -3.600000e+01 2.195706e+00
      vertex   1.041406e+01 -4.200000e+01 1.864080e+00
    endloop
  endfacet
  facet normal -7.447722e-01 -4.939151e-17 -6.673188e-01
    outer loop
      vertex   1.041406e+01 -4.200000e+01 1.864080e+00
      vertex   1.011693e+01 -3.600000e+01 2.195706e+00
      vertex   1.041406e+01 -3.600000e+01 1.864080e+00
    endloop
  endfacet
  facet normal -8.339978e-01 -4.083902e-17 -5.517677e-01
    outer loop
      vertex   1.041406e+01 -4.200000e+01 1.864080e+00
      vertex   1.041406e+01 -3.600000e+01 1.864080e+00
      vertex   1.065975e+01 -4.200000e+01 1.492724e+00
    endloop
  endfacet
  facet normal -8.339978e-01 0.000000e+00 -5.517677e-01
    outer loop
      vertex   1.065975e+01 -4.200000e+01 1.492724e+00
      vertex   1.041406e+01 -3.600000e+01 1.864080e+00
      vertex   1.065975e+01 -3.600000e+01 1.492724e+00
    endloop
  endfacet
  facet normal -9.054482e-01 0.000000e+00 -4.244567e-01
    outer loop
      vertex   1.065975e+01 -4.200000e+01 1.492724e+00
      vertex   1.065975e+01 -3.600000e+01 1.492724e+00
      vertex   1.084875e+01 -4.200000e+01 1.089554e+00
    endloop
  endfacet
  facet normal -9.054482e-01 -1.570805e-17 -4.244567e-01
    outer loop
      vertex   1.084875e+01 -4.200000e+01 1.089554e+00
      vertex   1.065975e+01 -3.600000e+01 1.492724e+00
      vertex   1.084875e+01 -3.600000e+01 1.089554e+00
    endloop
  endfacet
  facet normal -9.576006e-01 -1.066181e-17 -2.880991e-01
    outer loop
      vertex   1.084875e+01 -4.200000e+01 1.089554e+00
      vertex   1.084875e+01 -3.600000e+01 1.089554e+00
      vertex   1.097703e+01 -4.200000e+01 6.631620e-01
    endloop
  endfacet
  facet normal -9.576006e-01 -5.330904e-18 -2.880991e-01
    outer loop
      vertex   1.097703e+01 -4.200000e+01 6.631620e-01
      vertex   1.084875e+01 -3.600000e+01 1.089554e+00
      vertex   1.097703e+01 -3.600000e+01 6.631620e-01
    endloop
  endfacet
  facet normal -9.893434e-01 -2.694163e-18 -1.456012e-01
    outer loop
      vertex   1.097703e+01 -4.200000e+01 6.631620e-01
      vertex   1.097703e+01 -3.600000e+01 6.631620e-01
      vertex   1.104186e+01 -4.200000e+01 2.226357e-01
    endloop
  endfacet
  facet normal -9.893434e-01 2.020622e-18 -1.456012e-01
    outer loop
      vertex   1.104186e+01 -4.200000e+01 2.226357e-01
      vertex   1.097703e+01 -3.600000e+01 6.631620e-01
      vertex   1.104186e+01 -3.600000e+01 2.226357e-01
    endloop
  endfacet
  facet normal -1.000000e+00 0.000000e+00 0.000000e+00
    outer loop
      vertex   1.104186e+01 -4.200000e+01 2.226357e-01
      vertex   1.104186e+01 -3.600000e+01 2.226357e-01
      vertex   1.104186e+01 -4.200000e+01 -2.226357e-01
    endloop
  endfacet
  facet normal -1.000000e+00 0.000000e+00 0.000000e+00
    outer loop
      vertex   1.104186e+01 -4.200000e+01 -2.226357e-01
      vertex   1.104186e+01 -3.600000e+01 2.226357e-01
      vertex   1.104186e+01 -3.600000e+01 -2.226357e-01
    endloop
  endfacet
  facet normal -9.893434e-01 2.694163e-18 1.456012e-01
    outer loop
      vertex   1.104186e+01 -4.200000e+01 -2.226357e-01
      vertex   1.104186e+01 -3.600000e+01 -2.226357e-01
      vertex   1.097703e+01 -4.200000e+01 -6.631620e-01
    endloop
  endfacet
  facet normal -9.893434e-01 0.000000e+00 1.456012e-01
    outer loop
      vertex   1.097703e+01 -4.200000e+01 -6.631620e-01
      vertex   1.104186e+01 -3.600000e+01 -2.226357e-01
      vertex   1.097703e+01 -3.600000e+01 -6.631620e-01
    endloop
  endfacet
  facet normal -9.576006e-01 0.000000e+00 2.880991e-01
    outer loop
      vertex   1.097703e+01 -4.200000e+01 -6.631620e-01
      vertex   1.097703e+01 -3.600000e+01 -6.631620e-01
      vertex   1.084875e+01 -4.200000e+01 -1.089554e+00
    endloop
  endfacet
  facet normal -9.576006e-01 -1.066181e-17 2.880991e-01
    outer loop
      vertex   1.084875e+01 -4.200000e+01 -1.089554e+00
      vertex   1.097703e+01 -3.600000e+01 -6.631620e-01
      vertex   1.084875e+01 -3.600000e+01 -1.089554e+00
    endloop
  endfacet
  facet normal -9.054482e-01 -1.570805e-17 4.244567e-01
    outer loop
      vertex   1.084875e+01 -4.200000e+01 -1.089554e+00
      vertex   1.084875e+01 -3.600000e+01 -1.089554e+00
      vertex   1.065975e+01 -4.200000e+01 -1.492724e+00
    endloop
  endfacet
  facet normal -9.054482e-01 1.570805e-17 4.244567e-01
    outer loop
      vertex   1.065975e+01 -4.200000e+01 -1.492724e+00
      vertex   1.084875e+01 -3.600000e+01 -1.089554e+00
      vertex   1.065975e+01 -3.600000e+01 -1.492724e+00
    endloop
  endfacet
  facet normal -8.339978e-01 2.041951e-17 5.517677e-01
    outer loop
      vertex   1.065975e+01 -4.200000e+01 -1.492724e+00
      vertex   1.065975e+01 -3.600000e+01 -1.492724e+00
      vertex   1.041406e+01 -4.200000e+01 -1.864080e+00
    endloop
  endfacet
  facet normal -8.339978e-01 -4.083902e-17 5.517677e-01
    outer loop
      vertex   1.041406e+01 -4.200000e+01 -1.864080e+00
      vertex   1.065975e+01 -3.600000e+01 -1.492724e+00
      vertex   1.041406e+01 -3.600000e+01 -1.864080e+00
    endloop
  endfacet
  facet normal -7.447722e-01 -4.939151e-17 6.673188e-01
    outer loop
      vertex   1.041406e+01 -4.200000e+01 -1.864080e+00
      vertex   1.041406e+01 -3.600000e+01 -1.864080e+00
      vertex   1.011693e+01 -4.200000e+01 -2.195706e+00
    endloop
  endfacet
  facet normal -7.447722e-01 -4.939151e-17 6.673188e-01
    outer loop
      vertex   1.011693e+01 -4.200000e+01 -2.195706e+00
      vertex   1.041406e+01 -3.600000e+01 -1.864080e+00
      vertex   1.011693e+01 -3.600000e+01 -2.195706e+00
    endloop
  endfacet
  facet normal -6.396730e-01 -5.689132e-17 7.686471e-01
    outer loop
      vertex   1.011693e+01 -4.200000e+01 -2.195706e+00
      vertex   1.011693e+01 -3.600000e+01 -2.195706e+00
      vertex   9.774670e+00 -4.200000e+01 -2.480534e+00
    endloop
  endfacet
  facet normal -6.396730e-01 -5.689132e-17 7.686471e-01
    outer loop
      vertex   9.774670e+00 -4.200000e+01 -2.480534e+00
      vertex   1.011693e+01 -3.600000e+01 -2.195706e+00
      vertex   9.774670e+00 -3.600000e+01 -2.480534e+00
    endloop
  endfacet
  facet normal -5.209403e-01 -6.317858e-17 8.535931e-01
    outer loop
      vertex   9.774670e+00 -4.200000e+01 -2.480534e+00
      vertex   9.774670e+00 -3.600000e+01 -2.480534e+00
      vertex   9.394589e+00 -4.200000e+01 -2.712494e+00
    endloop
  endfacet
  facet normal -5.209403e-01 0.000000e+00 8.535931e-01
    outer loop
      vertex   9.394589e+00 -4.200000e+01 -2.712494e+00
      vertex   9.774670e+00 -3.600000e+01 -2.480534e+00
      vertex   9.394589e+00 -3.600000e+01 -2.712494e+00
    endloop
  endfacet
  facet normal -3.911047e-01 0.000000e+00 9.203462e-01
    outer loop
      vertex   9.394589e+00 -4.200000e+01 -2.712494e+00
      vertex   9.394589e+00 -3.600000e+01 -2.712494e+00
      vertex   8.984785e+00 -4.200000e+01 -2.886641e+00
    endloop
  endfacet
  facet normal -3.911047e-01 0.000000e+00 9.203462e-01
    outer loop
      vertex   8.984785e+00 -4.200000e+01 -2.886641e+00
      vertex   9.394589e+00 -3.600000e+01 -2.712494e+00
      vertex   8.984785e+00 -3.600000e+01 -2.886641e+00
    endloop
  endfacet
  facet normal -2.529334e-01 0.000000e+00 9.674837e-01
    outer loop
      vertex   8.984785e+00 -4.200000e+01 -2.886641e+00
      vertex   8.984785e+00 -3.600000e+01 -2.886641e+00
      vertex   8.553992e+00 -4.200000e+01 -2.999265e+00
    endloop
  endfacet
  facet normal -2.529334e-01 0.000000e+00 9.674837e-01
    outer loop
      vertex   8.553992e+00 -4.200000e+01 -2.999265e+00
      vertex   8.984785e+00 -3.600000e+01 -2.886641e+00
      vertex   8.553992e+00 -3.600000e+01 -2.999265e+00
    endloop
  endfacet
  facet normal -1.093712e-01 0.000000e+00 9.940010e-01
    outer loop
      vertex   8.553992e+00 -4.200000e+01 -2.999265e+00
      vertex   8.553992e+00 -3.600000e+01 -2.999265e+00
      vertex   8.111392e+00 -4.200000e+01 -3.047965e+00
    endloop
  endfacet
  facet normal -1.093712e-01 0.000000e+00 9.940010e-01
    outer loop
      vertex   8.111392e+00 -4.200000e+01 -3.047965e+00
      vertex   8.553992e+00 -3.600000e+01 -2.999265e+00
      vertex   8.111392e+00 -3.600000e+01 -3.047965e+00
    endloop
  endfacet
  facet normal 3.652202e-02 -0.000000e+00 9.993328e-01
    outer loop
      vertex   8.111392e+00 -4.200000e+01 -3.047965e+00
      vertex   8.111392e+00 -3.600000e+01 -3.047965e+00
      vertex   7.666418e+00 -4.200000e+01 -3.031703e+00
    endloop
  endfacet
  facet normal 3.652202e-02 -0.000000e+00 9.993328e-01
    outer loop
      vertex   7.666418e+00 -4.200000e+01 -3.031703e+00
      vertex   8.111392e+00 -3.600000e+01 -3.047965e+00
      vertex   7.666418e+00 -3.600000e+01 -3.031703e+00
    endloop
  endfacet
  facet normal 1.816369e-01 -0.000000e+00 9.833657e-01
    outer loop
      vertex   7.666418e+00 -4.200000e+01 -3.031703e+00
      vertex   7.666418e+00 -3.600000e+01 -3.031703e+00
      vertex   7.228553e+00 -4.200000e+01 -2.950825e+00
    endloop
  endfacet
  facet normal 1.816369e-01 -0.000000e+00 9.833657e-01
    outer loop
      vertex   7.228553e+00 -4.200000e+01 -2.950825e+00
      vertex   7.666418e+00 -3.600000e+01 -3.031703e+00
      vertex   7.228553e+00 -3.600000e+01 -2.950825e+00
    endloop
  endfacet
  facet normal 3.228804e-01 -0.000000e+00 9.464398e-01
    outer loop
      vertex   7.228553e+00 -4.200000e+01 -2.950825e+00
      vertex   7.228553e+00 -3.600000e+01 -2.950825e+00
      vertex   6.807131e+00 -4.200000e+01 -2.807056e+00
    endloop
  endfacet
  facet normal 3.228804e-01 -0.000000e+00 9.464398e-01
    outer loop
      vertex   6.807131e+00 -4.200000e+01 -2.807056e+00
      vertex   7.228553e+00 -3.600000e+01 -2.950825e+00
      vertex   6.807131e+00 -3.600000e+01 -2.807056e+00
    endloop
  endfacet
  facet normal 4.572423e-01 -0.000000e+00 8.893421e-01
    outer loop
      vertex   6.807131e+00 -4.200000e+01 -2.807056e+00
      vertex   6.807131e+00 -3.600000e+01 -2.807056e+00
      vertex   6.411132e+00 -4.200000e+01 -2.603459e+00
    endloop
  endfacet
  facet normal 4.572423e-01 -0.000000e+00 8.893421e-01
    outer loop
      vertex   6.411132e+00 -4.200000e+01 -2.603459e+00
      vertex   6.807131e+00 -3.600000e+01 -2.807056e+00
      vertex   6.411132e+00 -3.600000e+01 -2.603459e+00
    endloop
  endfacet
  facet normal 5.818589e-01 -0.000000e+00 8.132897e-01
    outer loop
      vertex   6.411132e+00 -4.200000e+01 -2.603459e+00
      vertex   6.411132e+00 -3.600000e+01 -2.603459e+00
      vertex   6.048997e+00 -4.200000e+01 -2.344374e+00
    endloop
  endfacet
  facet normal 5.818589e-01 -0.000000e+00 8.132897e-01
    outer loop
      vertex   6.048997e+00 -4.200000e+01 -2.344374e+00
      vertex   6.411132e+00 -3.600000e+01 -2.603459e+00
      vertex   6.048997e+00 -3.600000e+01 -2.344374e+00
    endloop
  endfacet
  facet normal 6.940742e-01 -0.000000e+00 7.199035e-01
    outer loop
      vertex   6.048997e+00 -4.200000e+01 -2.344374e+00
      vertex   6.048997e+00 -3.600000e+01 -2.344374e+00
      vertex   5.728445e+00 -4.200000e+01 -2.035322e+00
    endloop
  endfacet
  facet normal 6.940742e-01 -0.000000e+00 7.199035e-01
    outer loop
      vertex   5.728445e+00 -4.200000e+01 -2.035322e+00
      vertex   6.048997e+00 -3.600000e+01 -2.344374e+00
      vertex   5.728445e+00 -3.600000e+01 -2.035322e+00
    endloop
  endfacet
  facet normal 7.914965e-01 -0.000000e+00 6.111737e-01
    outer loop
      vertex   5.728445e+00 -4.200000e+01 -2.035322e+00
      vertex   5.728445e+00 -3.600000e+01 -2.035322e+00
      vertex   5.456307e+00 -4.200000e+01 -1.682892e+00
    endloop
  endfacet
  facet normal 7.914965e-01 -0.000000e+00 6.111737e-01
    outer loop
      vertex   5.456307e+00 -4.200000e+01 -1.682892e+00
      vertex   5.728445e+00 -3.600000e+01 -2.035322e+00
      vertex   5.456307e+00 -3.600000e+01 -1.682892e+00
    endloop
  endfacet
  facet normal 8.720494e-01 -0.000000e+00 4.894178e-01
    outer loop
      vertex   5.456307e+00 -4.200000e+01 -1.682892e+00
      vertex   5.456307e+00 -3.600000e+01 -1.682892e+00
      vertex   5.238383e+00 -4.200000e+01 -1.294593e+00
    endloop
  endfacet
  facet normal 8.720494e-01 -0.000000e+00 4.894178e-01
    outer loop
      vertex   5.238383e+00 -4.200000e+01 -1.294593e+00
      vertex   5.456307e+00 -3.600000e+01 -1.682892e+00
      vertex   5.238383e+00 -3.600000e+01 -1.294593e+00
    endloop
  endfacet
  facet normal 9.340161e-01 -0.000000e+00 3.572309e-01
    outer loop
      vertex   5.238383e+00 -4.200000e+01 -1.294593e+00
      vertex   5.238383e+00 -3.600000e+01 -1.294593e+00
      vertex   5.079318e+00 -4.200000e+01 -8.787023e-01
    endloop
  endfacet
  facet normal 9.340161e-01 -0.000000e+00 3.572309e-01
    outer loop
      vertex   5.079318e+00 -4.200000e+01 -8.787023e-01
      vertex   5.238383e+00 -3.600000e+01 -1.294593e+00
      vertex   5.079318e+00 -3.600000e+01 -8.787023e-01
    endloop
  endfacet
  facet normal 9.760759e-01 -0.000000e+00 2.174302e-01
    outer loop
      vertex   5.079318e+00 -4.200000e+01 -8.787023e-01
      vertex   5.079318e+00 -3.600000e+01 -8.787023e-01
      vertex   4.982503e+00 -4.200000e+01 -4.440836e-01
    endloop
  endfacet
  facet normal 9.760759e-01 -0.000000e+00 2.174302e-01
    outer loop
      vertex   4.982503e+00 -4.200000e+01 -4.440836e-01
      vertex   5.079318e+00 -3.600000e+01 -8.787023e-01
      vertex   4.982503e+00 -3.600000e+01 -4.440836e-01
    endloop
  endfacet
  facet normal 9.973323e-01 0.000000e+00 -7.299531e-02
    outer loop
      vertex   4.982503e+00 -3.000000e+01 4.440836e-01
      vertex   4.982503e+00 -3.600000e+01 4.440836e-01
      vertex   4.950000e+00 -3.000000e+01 3.735173e-16
    endloop
  endfacet
  facet normal 9.973323e-01 0.000000e+00 -7.299531e-02
    outer loop
      vertex   4.950000e+00 -3.000000e+01 3.735173e-16
      vertex   4.982503e+00 -3.600000e+01 4.440836e-01
      vertex   4.950000e+00 -3.600000e+01 3.735173e-16
    endloop
  endfacet
  facet normal 9.973323e-01 0.000000e+00 7.299531e-02
    outer loop
      vertex   4.950000e+00 -3.000000e+01 3.735173e-16
      vertex   4.950000e+00 -3.600000e+01 3.735173e-16
      vertex   4.982503e+00 -3.000000e+01 -4.440836e-01
    endloop
  endfacet
  facet normal 9.973323e-01 0.000000e+00 7.299531e-02
    outer loop
      vertex   4.982503e+00 -3.000000e+01 -4.440836e-01
      vertex   4.950000e+00 -3.600000e+01 3.735173e-16
      vertex   4.982503e+00 -3.600000e+01 -4.440836e-01
    endloop
  endfacet
  facet normal 9.760759e-01 0.000000e+00 2.174302e-01
    outer loop
      vertex   4.982503e+00 -3.000000e+01 -4.440836e-01
      vertex   4.982503e+00 -3.600000e+01 -4.440836e-01
      vertex   5.079318e+00 -3.000000e+01 -8.787023e-01
    endloop
  endfacet
  facet normal 9.760759e-01 0.000000e+00 2.174302e-01
    outer loop
      vertex   5.079318e+00 -3.000000e+01 -8.787023e-01
      vertex   4.982503e+00 -3.600000e+01 -4.440836e-01
      vertex   5.079318e+00 -3.600000e+01 -8.787023e-01
    endloop
  endfacet
  facet normal 9.340161e-01 0.000000e+00 3.572309e-01
    outer loop
      vertex   5.079318e+00 -3.000000e+01 -8.787023e-01
      vertex   5.079318e+00 -3.600000e+01 -8.787023e-01
      vertex   5.238383e+00 -3.000000e+01 -1.294593e+00
    endloop
  endfacet
  facet normal 9.340161e-01 0.000000e+00 3.572309e-01
    outer loop
      vertex   5.238383e+00 -3.000000e+01 -1.294593e+00
      vertex   5.079318e+00 -3.600000e+01 -8.787023e-01
      vertex   5.238383e+00 -3.600000e+01 -1.294593e+00
    endloop
  endfacet
  facet normal 8.720494e-01 0.000000e+00 4.894178e-01
    outer loop
      vertex   5.238383e+00 -3.000000e+01 -1.294593e+00
      vertex   5.238383e+00 -3.600000e+01 -1.294593e+00
      vertex   5.456307e+00 -3.000000e+01 -1.682892e+00
    endloop
  endfacet
  facet normal 8.720494e-01 0.000000e+00 4.894178e-01
    outer loop
      vertex   5.456307e+00 -3.000000e+01 -1.682892e+00
      vertex   5.238383e+00 -3.600000e+01 -1.294593e+00
      vertex   5.456307e+00 -3.600000e+01 -1.682892e+00
    endloop
  endfacet
  facet normal 7.914965e-01 0.000000e+00 6.111737e-01
    outer loop
      vertex   5.456307e+00 -3.000000e+01 -1.682892e+00
      vertex   5.456307e+00 -3.600000e+01 -1.682892e+00
      vertex   5.728445e+00 -3.000000e+01 -2.035322e+00
    endloop
  endfacet
  facet normal 7.914965e-01 0.000000e+00 6.111737e-01
    outer loop
      vertex   5.728445e+00 -3.000000e+01 -2.035322e+00
      vertex   5.456307e+00 -3.600000e+01 -1.682892e+00
      vertex   5.728445e+00 -3.600000e+01 -2.035322e+00
    endloop
  endfacet
  facet normal 6.940742e-01 0.000000e+00 7.199035e-01
    outer loop
      vertex   5.728445e+00 -3.000000e+01 -2.035322e+00
      vertex   5.728445e+00 -3.600000e+01 -2.035322e+00
      vertex   6.048997e+00 -3.000000e+01 -2.344374e+00
    endloop
  endfacet
  facet normal 6.940742e-01 0.000000e+00 7.199035e-01
    outer loop
      vertex   6.048997e+00 -3.000000e+01 -2.344374e+00
      vertex   5.728445e+00 -3.600000e+01 -2.035322e+00
      vertex   6.048997e+00 -3.600000e+01 -2.344374e+00
    endloop
  endfacet
  facet normal 5.818589e-01 0.000000e+00 8.132897e-01
    outer loop
      vertex   6.048997e+00 -3.000000e+01 -2.344374e+00
      vertex   6.048997e+00 -3.600000e+01 -2.344374e+00
      vertex   6.411132e+00 -3.000000e+01 -2.603459e+00
    endloop
  endfacet
  facet normal 5.818589e-01 0.000000e+00 8.132897e-01
    outer loop
      vertex   6.411132e+00 -3.000000e+01 -2.603459e+00
      vertex   6.048997e+00 -3.600000e+01 -2.344374e+00
      vertex   6.411132e+00 -3.600000e+01 -2.603459e+00
    endloop
  endfacet
  facet normal 4.572423e-01 0.000000e+00 8.893421e-01
    outer loop
      vertex   6.411132e+00 -3.000000e+01 -2.603459e+00
      vertex   6.411132e+00 -3.600000e+01 -2.603459e+00
      vertex   6.807131e+00 -3.000000e+01 -2.807056e+00
    endloop
  endfacet
  facet normal 4.572423e-01 0.000000e+00 8.893421e-01
    outer loop
      vertex   6.807131e+00 -3.000000e+01 -2.807056e+00
      vertex   6.411132e+00 -3.600000e+01 -2.603459e+00
      vertex   6.807131e+00 -3.600000e+01 -2.807056e+00
    endloop
  endfacet
  facet normal 3.228804e-01 0.000000e+00 9.464398e-01
    outer loop
      vertex   6.807131e+00 -3.000000e+01 -2.807056e+00
      vertex   6.807131e+00 -3.600000e+01 -2.807056e+00
      vertex   7.228553e+00 -3.000000e+01 -2.950825e+00
    endloop
  endfacet
  facet normal 3.228804e-01 0.000000e+00 9.464398e-01
    outer loop
      vertex   7.228553e+00 -3.000000e+01 -2.950825e+00
      vertex   6.807131e+00 -3.600000e+01 -2.807056e+00
      vertex   7.228553e+00 -3.600000e+01 -2.950825e+00
    endloop
  endfacet
  facet normal 1.816369e-01 0.000000e+00 9.833657e-01
    outer loop
      vertex   7.228553e+00 -3.000000e+01 -2.950825e+00
      vertex   7.228553e+00 -3.600000e+01 -2.950825e+00
      vertex   7.666418e+00 -3.000000e+01 -3.031703e+00
    endloop
  endfacet
  facet normal 1.816369e-01 0.000000e+00 9.833657e-01
    outer loop
      vertex   7.666418e+00 -3.000000e+01 -3.031703e+00
      vertex   7.228553e+00 -3.600000e+01 -2.950825e+00
      vertex   7.666418e+00 -3.600000e+01 -3.031703e+00
    endloop
  endfacet
  facet normal 3.652202e-02 0.000000e+00 9.993328e-01
    outer loop
      vertex   7.666418e+00 -3.000000e+01 -3.031703e+00
      vertex   7.666418e+00 -3.600000e+01 -3.031703e+00
      vertex   8.111392e+00 -3.000000e+01 -3.047965e+00
    endloop
  endfacet
  facet normal 3.652202e-02 0.000000e+00 9.993328e-01
    outer loop
      vertex   8.111392e+00 -3.000000e+01 -3.047965e+00
      vertex   7.666418e+00 -3.600000e+01 -3.031703e+00
      vertex   8.111392e+00 -3.600000e+01 -3.047965e+00
    endloop
  endfacet
  facet normal -1.093712e-01 0.000000e+00 9.940010e-01
    outer loop
      vertex   8.111392e+00 -3.000000e+01 -3.047965e+00
      vertex   8.111392e+00 -3.600000e+01 -3.047965e+00
      vertex   8.553992e+00 -3.000000e+01 -2.999265e+00
    endloop
  endfacet
  facet normal -1.093712e-01 0.000000e+00 9.940010e-01
    outer loop
      vertex   8.553992e+00 -3.000000e+01 -2.999265e+00
      vertex   8.111392e+00 -3.600000e+01 -3.047965e+00
      vertex   8.553992e+00 -3.600000e+01 -2.999265e+00
    endloop
  endfacet
  facet normal -2.529334e-01 0.000000e+00 9.674837e-01
    outer loop
      vertex   8.553992e+00 -3.000000e+01 -2.999265e+00
      vertex   8.553992e+00 -3.600000e+01 -2.999265e+00
      vertex   8.984785e+00 -3.000000e+01 -2.886641e+00
    endloop
  endfacet
  facet normal -2.529334e-01 0.000000e+00 9.674837e-01
    outer loop
      vertex   8.984785e+00 -3.000000e+01 -2.886641e+00
      vertex   8.553992e+00 -3.600000e+01 -2.999265e+00
      vertex   8.984785e+00 -3.600000e+01 -2.886641e+00
    endloop
  endfacet
  facet normal -3.911047e-01 0.000000e+00 9.203462e-01
    outer loop
      vertex   8.984785e+00 -3.000000e+01 -2.886641e+00
      vertex   8.984785e+00 -3.600000e+01 -2.886641e+00
      vertex   9.394589e+00 -3.000000e+01 -2.712494e+00
    endloop
  endfacet
  facet normal -3.911047e-01 0.000000e+00 9.203462e-01
    outer loop
      vertex   9.394589e+00 -3.000000e+01 -2.712494e+00
      vertex   8.984785e+00 -3.600000e+01 -2.886641e+00
      vertex   9.394589e+00 -3.600000e+01 -2.712494e+00
    endloop
  endfacet
  facet normal -5.209403e-01 0.000000e+00 8.535931e-01
    outer loop
      vertex   9.394589e+00 -3.000000e+01 -2.712494e+00
      vertex   9.394589e+00 -3.600000e+01 -2.712494e+00
      vertex   9.774670e+00 -3.000000e+01 -2.480534e+00
    endloop
  endfacet
  facet normal -5.209403e-01 6.317858e-17 8.535931e-01
    outer loop
      vertex   9.774670e+00 -3.000000e+01 -2.480534e+00
      vertex   9.394589e+00 -3.600000e+01 -2.712494e+00
      vertex   9.774670e+00 -3.600000e+01 -2.480534e+00
    endloop
  endfacet
  facet normal -6.396730e-01 5.689132e-17 7.686471e-01
    outer loop
      vertex   9.774670e+00 -3.000000e+01 -2.480534e+00
      vertex   9.774670e+00 -3.600000e+01 -2.480534e+00
      vertex   1.011693e+01 -3.000000e+01 -2.195706e+00
    endloop
  endfacet
  facet normal -6.396730e-01 5.689132e-17 7.686471e-01
    outer loop
      vertex   1.011693e+01 -3.000000e+01 -2.195706e+00
      vertex   9.774670e+00 -3.600000e+01 -2.480534e+00
      vertex   1.011693e+01 -3.600000e+01 -2.195706e+00
    endloop
  endfacet
  facet normal -7.447722e-01 4.939151e-17 6.673188e-01
    outer loop
      vertex   1.011693e+01 -3.000000e+01 -2.195706e+00
      vertex   1.011693e+01 -3.600000e+01 -2.195706e+00
      vertex   1.041406e+01 -3.000000e+01 -1.864080e+00
    endloop
  endfacet
  facet normal -7.447722e-01 4.939151e-17 6.673188e-01
    outer loop
      vertex   1.041406e+01 -3.000000e+01 -1.864080e+00
      vertex   1.011693e+01 -3.600000e+01 -2.195706e+00
      vertex   1.041406e+01 -3.600000e+01 -1.864080e+00
    endloop
  endfacet
  facet normal -8.339978e-01 4.083902e-17 5.517677e-01
    outer loop
      vertex   1.041406e+01 -3.000000e+01 -1.864080e+00
      vertex   1.041406e+01 -3.600000e+01 -1.864080e+00
      vertex   1.065975e+01 -3.000000e+01 -1.492724e+00
    endloop
  endfacet
  facet normal -8.339978e-01 -2.041951e-17 5.517677e-01
    outer loop
      vertex   1.065975e+01 -3.000000e+01 -1.492724e+00
      vertex   1.041406e+01 -3.600000e+01 -1.864080e+00
      vertex   1.065975e+01 -3.600000e+01 -1.492724e+00
    endloop
  endfacet
  facet normal -9.054482e-01 -1.570805e-17 4.244567e-01
    outer loop
      vertex   1.065975e+01 -3.000000e+01 -1.492724e+00
      vertex   1.065975e+01 -3.600000e+01 -1.492724e+00
      vertex   1.084875e+01 -3.000000e+01 -1.089554e+00
    endloop
  endfacet
  facet normal -9.054482e-01 1.570805e-17 4.244567e-01
    outer loop
      vertex   1.084875e+01 -3.000000e+01 -1.089554e+00
      vertex   1.065975e+01 -3.600000e+01 -1.492724e+00
      vertex   1.084875e+01 -3.600000e+01 -1.089554e+00
    endloop
  endfacet
  facet normal -9.576006e-01 1.066181e-17 2.880991e-01
    outer loop
      vertex   1.084875e+01 -3.000000e+01 -1.089554e+00
      vertex   1.084875e+01 -3.600000e+01 -1.089554e+00
      vertex   1.097703e+01 -3.000000e+01 -6.631620e-01
    endloop
  endfacet
  facet normal -9.576006e-01 0.000000e+00 2.880991e-01
    outer loop
      vertex   1.097703e+01 -3.000000e+01 -6.631620e-01
      vertex   1.084875e+01 -3.600000e+01 -1.089554e+00
      vertex   1.097703e+01 -3.600000e+01 -6.631620e-01
    endloop
  endfacet
  facet normal -9.893434e-01 0.000000e+00 1.456012e-01
    outer loop
      vertex   1.097703e+01 -3.000000e+01 -6.631620e-01
      vertex   1.097703e+01 -3.600000e+01 -6.631620e-01
      vertex   1.104186e+01 -3.000000e+01 -2.226357e-01
    endloop
  endfacet
  facet normal -9.893434e-01 -2.694163e-18 1.456012e-01
    outer loop
      vertex   1.104186e+01 -3.000000e+01 -2.226357e-01
      vertex   1.097703e+01 -3.600000e+01 -6.631620e-01
      vertex   1.104186e+01 -3.600000e+01 -2.226357e-01
    endloop
  endfacet
  facet normal -1.000000e+00 -0.000000e+00 0.000000e+00
    outer loop
      vertex   1.104186e+01 -3.000000e+01 -2.226357e-01
      vertex   1.104186e+01 -3.600000e+01 -2.226357e-01
      vertex   1.104186e+01 -3.000000e+01 2.226357e-01
    endloop
  endfacet
  facet normal -1.000000e+00 -0.000000e+00 0.000000e+00
    outer loop
      vertex   1.104186e+01 -3.000000e+01 2.226357e-01
      vertex   1.104186e+01 -3.600000e+01 -2.226357e-01
      vertex   1.104186e+01 -3.600000e+01 2.226357e-01
    endloop
  endfacet
  facet normal -9.893434e-01 -2.020622e-18 -1.456012e-01
    outer loop
      vertex   1.104186e+01 -3.000000e+01 2.226357e-01
      vertex   1.104186e+01 -3.600000e+01 2.226357e-01
      vertex   1.097703e+01 -3.000000e+01 6.631620e-01
    endloop
  endfacet
  facet normal -9.893434e-01 2.694163e-18 -1.456012e-01
    outer loop
      vertex   1.097703e+01 -3.000000e+01 6.631620e-01
      vertex   1.104186e+01 -3.600000e+01 2.226357e-01
      vertex   1.097703e+01 -3.600000e+01 6.631620e-01
    endloop
  endfacet
  facet normal -9.576006e-01 5.330904e-18 -2.880991e-01
    outer loop
      vertex   1.097703e+01 -3.000000e+01 6.631620e-01
      vertex   1.097703e+01 -3.600000e+01 6.631620e-01
      vertex   1.084875e+01 -3.000000e+01 1.089554e+00
    endloop
  endfacet
  facet normal -9.576006e-01 1.066181e-17 -2.880991e-01
    outer loop
      vertex   1.084875e+01 -3.000000e+01 1.089554e+00
      vertex   1.097703e+01 -3.600000e+01 6.631620e-01
      vertex   1.084875e+01 -3.600000e+01 1.089554e+00
    endloop
  endfacet
  facet normal -9.054482e-01 1.570805e-17 -4.244567e-01
    outer loop
      vertex   1.084875e+01 -3.000000e+01 1.089554e+00
      vertex   1.084875e+01 -3.600000e+01 1.089554e+00
      vertex   1.065975e+01 -3.000000e+01 1.492724e+00
    endloop
  endfacet
  facet normal -9.054482e-01 -0.000000e+00 -4.244567e-01
    outer loop
      vertex   1.065975e+01 -3.000000e+01 1.492724e+00
      vertex   1.084875e+01 -3.600000e+01 1.089554e+00
      vertex   1.065975e+01 -3.600000e+01 1.492724e+00
    endloop
  endfacet
  facet normal -8.339978e-01 -0.000000e+00 -5.517677e-01
    outer loop
      vertex   1.065975e+01 -3.000000e+01 1.492724e+00
      vertex   1.065975e+01 -3.600000e+01 1.492724e+00
      vertex   1.041406e+01 -3.000000e+01 1.864080e+00
    endloop
  endfacet
  facet normal -8.339978e-01 4.083902e-17 -5.517677e-01
    outer loop
      vertex   1.041406e+01 -3.000000e+01 1.864080e+00
      vertex   1.065975e+01 -3.600000e+01 1.492724e+00
      vertex   1.041406e+01 -3.600000e+01 1.864080e+00
    endloop
  endfacet
  facet normal -7.447722e-01 4.939151e-17 -6.673188e-01
    outer loop
      vertex   1.041406e+01 -3.000000e+01 1.864080e+00
      vertex   1.041406e+01 -3.600000e+01 1.864080e+00
      vertex   1.011693e+01 -3.000000e+01 2.195706e+00
    endloop
  endfacet
  facet normal -7.447722e-01 -9.878303e-17 -6.673188e-01
    outer loop
      vertex   1.011693e+01 -3.000000e+01 2.195706e+00
      vertex   1.041406e+01 -3.600000e+01 1.864080e+00
      vertex   1.011693e+01 -3.600000e+01 2.195706e+00
    endloop
  endfacet
  facet normal -6.396730e-01 -1.137826e-16 -7.686471e-01
    outer loop
      vertex   1.011693e+01 -3.000000e+01 2.195706e+00
      vertex   1.011693e+01 -3.600000e+01 2.195706e+00
      vertex   9.774670e+00 -3.000000e+01 2.480534e+00
    endloop
  endfacet
  facet normal -6.396730e-01 -0.000000e+00 -7.686471e-01
    outer loop
      vertex   9.774670e+00 -3.000000e+01 2.480534e+00
      vertex   1.011693e+01 -3.600000e+01 2.195706e+00
      vertex   9.774670e+00 -3.600000e+01 2.480534e+00
    endloop
  endfacet
  facet normal -5.209403e-01 -0.000000e+00 -8.535931e-01
    outer loop
      vertex   9.774670e+00 -3.000000e+01 2.480534e+00
      vertex   9.774670e+00 -3.600000e+01 2.480534e+00
      vertex   9.394589e+00 -3.000000e+01 2.712494e+00
    endloop
  endfacet
  facet normal -5.209403e-01 -0.000000e+00 -8.535931e-01
    outer loop
      vertex   9.394589e+00 -3.000000e+01 2.712494e+00
      vertex   9.774670e+00 -3.600000e+01 2.480534e+00
      vertex   9.394589e+00 -3.600000e+01 2.712494e+00
    endloop
  endfacet
  facet normal -3.911047e-01 -0.000000e+00 -9.203462e-01
    outer loop
      vertex   9.394589e+00 -3.000000e+01 2.712494e+00
      vertex   9.394589e+00 -3.600000e+01 2.712494e+00
      vertex   8.984785e+00 -3.000000e+01 2.886641e+00
    endloop
  endfacet
  facet normal -3.911047e-01 -0.000000e+00 -9.203462e-01
    outer loop
      vertex   8.984785e+00 -3.000000e+01 2.886641e+00
      vertex   9.394589e+00 -3.600000e+01 2.712494e+00
      vertex   8.984785e+00 -3.600000e+01 2.886641e+00
    endloop
  endfacet
  facet normal -2.529334e-01 -0.000000e+00 -9.674837e-01
    outer loop
      vertex   8.984785e+00 -3.000000e+01 2.886641e+00
      vertex   8.984785e+00 -3.600000e+01 2.886641e+00
      vertex   8.553992e+00 -3.000000e+01 2.999265e+00
    endloop
  endfacet
  facet normal -2.529334e-01 -0.000000e+00 -9.674837e-01
    outer loop
      vertex   8.553992e+00 -3.000000e+01 2.999265e+00
      vertex   8.984785e+00 -3.600000e+01 2.886641e+00
      vertex   8.553992e+00 -3.600000e+01 2.999265e+00
    endloop
  endfacet
  facet normal -1.093712e-01 -0.000000e+00 -9.940010e-01
    outer loop
      vertex   8.553992e+00 -3.000000e+01 2.999265e+00
      vertex   8.553992e+00 -3.600000e+01 2.999265e+00
      vertex   8.111392e+00 -3.000000e+01 3.047965e+00
    endloop
  endfacet
  facet normal -1.093712e-01 -0.000000e+00 -9.940010e-01
    outer loop
      vertex   8.111392e+00 -3.000000e+01 3.047965e+00
      vertex   8.553992e+00 -3.600000e+01 2.999265e+00
      vertex   8.111392e+00 -3.600000e+01 3.047965e+00
    endloop
  endfacet
  facet normal 3.652202e-02 0.000000e+00 -9.993328e-01
    outer loop
      vertex   8.111392e+00 -3.000000e+01 3.047965e+00
      vertex   8.111392e+00 -3.600000e+01 3.047965e+00
      vertex   7.666418e+00 -3.000000e+01 3.031703e+00
    endloop
  endfacet
  facet normal 3.652202e-02 0.000000e+00 -9.993328e-01
    outer loop
      vertex   7.666418e+00 -3.000000e+01 3.031703e+00
      vertex   8.111392e+00 -3.600000e+01 3.047965e+00
      vertex   7.666418e+00 -3.600000e+01 3.031703e+00
    endloop
  endfacet
  facet normal 1.816369e-01 0.000000e+00 -9.833657e-01
    outer loop
      vertex   7.666418e+00 -3.000000e+01 3.031703e+00
      vertex   7.666418e+00 -3.600000e+01 3.031703e+00
      vertex   7.228553e+00 -3.000000e+01 2.950825e+00
    endloop
  endfacet
  facet normal 1.816369e-01 0.000000e+00 -9.833657e-01
    outer loop
      vertex   7.228553e+00 -3.000000e+01 2.950825e+00
      vertex   7.666418e+00 -3.600000e+01 3.031703e+00
      vertex   7.228553e+00 -3.600000e+01 2.950825e+00
    endloop
  endfacet
  facet normal 3.228804e-01 0.000000e+00 -9.464398e-01
    outer loop
      vertex   7.228553e+00 -3.000000e+01 2.950825e+00
      vertex   7.228553e+00 -3.600000e+01 2.950825e+00
      vertex   6.807131e+00 -3.000000e+01 2.807056e+00
    endloop
  endfacet
  facet normal 3.228804e-01 0.000000e+00 -9.464398e-01
    outer loop
      vertex   6.807131e+00 -3.000000e+01 2.807056e+00
      vertex   7.228553e+00 -3.600000e+01 2.950825e+00
      vertex   6.807131e+00 -3.600000e+01 2.807056e+00
    endloop
  endfacet
  facet normal 4.572423e-01 0.000000e+00 -8.893421e-01
    outer loop
      vertex   6.807131e+00 -3.000000e+01 2.807056e+00
      vertex   6.807131e+00 -3.600000e+01 2.807056e+00
      vertex   6.411132e+00 -3.000000e+01 2.603459e+00
    endloop
  endfacet
  facet normal 4.572423e-01 0.000000e+00 -8.893421e-01
    outer loop
      vertex   6.411132e+00 -3.000000e+01 2.603459e+00
      vertex   6.807131e+00 -3.600000e+01 2.807056e+00
      vertex   6.411132e+00 -3.600000e+01 2.603459e+00
    endloop
  endfacet
  facet normal 5.818589e-01 0.000000e+00 -8.132897e-01
    outer loop
      vertex   6.411132e+00 -3.000000e+01 2.603459e+00
      vertex   6.411132e+00 -3.600000e+01 2.603459e+00
      vertex   6.048997e+00 -3.000000e+01 2.344374e+00
    endloop
  endfacet
  facet normal 5.818589e-01 0.000000e+00 -8.132897e-01
    outer loop
      vertex   6.048997e+00 -3.000000e+01 2.344374e+00
      vertex   6.411132e+00 -3.600000e+01 2.603459e+00
      vertex   6.048997e+00 -3.600000e+01 2.344374e+00
    endloop
  endfacet
  facet normal 6.940742e-01 0.000000e+00 -7.199035e-01
    outer loop
      vertex   6.048997e+00 -3.000000e+01 2.344374e+00
      vertex   6.048997e+00 -3.600000e+01 2.344374e+00
      vertex   5.728445e+00 -3.000000e+01 2.035322e+00
    endloop
  endfacet
  facet normal 6.940742e-01 0.000000e+00 -7.199035e-01
    outer loop
      vertex   5.728445e+00 -3.000000e+01 2.035322e+00
      vertex   6.048997e+00 -3.600000e+01 2.344374e+00
      vertex   5.728445e+00 -3.600000e+01 2.035322e+00
    endloop
  endfacet
  facet normal 7.914965e-01 0.000000e+00 -6.111737e-01
    outer loop
      vertex   5.728445e+00 -3.000000e+01 2.035322e+00
      vertex   5.728445e+00 -3.600000e+01 2.035322e+00
      vertex   5.456307e+00 -3.000000e+01 1.682892e+00
    endloop
  endfacet
  facet normal 7.914965e-01 0.000000e+00 -6.111737e-01
    outer loop
      vertex   5.456307e+00 -3.000000e+01 1.682892e+00
      vertex   5.728445e+00 -3.600000e+01 2.035322e+00
      vertex   5.456307e+00 -3.600000e+01 1.682892e+00
    endloop
  endfacet
  facet normal 8.720494e-01 0.000000e+00 -4.894178e-01
    outer loop
      vertex   5.456307e+00 -3.000000e+01 1.682892e+00
      vertex   5.456307e+00 -3.600000e+01 1.682892e+00
      vertex   5.238383e+00 -3.000000e+01 1.294593e+00
    endloop
  endfacet
  facet normal 8.720494e-01 0.000000e+00 -4.894178e-01
    outer loop
      vertex   5.238383e+00 -3.000000e+01 1.294593e+00
      vertex   5.456307e+00 -3.600000e+01 1.682892e+00
      vertex   5.238383e+00 -3.600000e+01 1.294593e+00
    endloop
  endfacet
  facet normal 9.340161e-01 0.000000e+00 -3.572309e-01
    outer loop
      vertex   5.238383e+00 -3.000000e+01 1.294593e+00
      vertex   5.238383e+00 -3.600000e+01 1.294593e+00
      vertex   5.079318e+00 -3.000000e+01 8.787023e-01
    endloop
  endfacet
  facet normal 9.340161e-01 0.000000e+00 -3.572309e-01
    outer loop
      vertex   5.079318e+00 -3.000000e+01 8.787023e-01
      vertex   5.238383e+00 -3.600000e+01 1.294593e+00
      vertex   5.079318e+00 -3.600000e+01 8.787023e-01
    endloop
  endfacet
  facet normal 9.760759e-01 0.000000e+00 -2.174302e-01
    outer loop
      vertex   5.079318e+00 -3.000000e+01 8.787023e-01
      vertex   5.079318e+00 -3.600000e+01 8.787023e-01
      vertex   4.982503e+00 -3.000000e+01 4.440836e-01
    endloop
  endfacet
  facet normal 9.760759e-01 0.000000e+00 -2.174302e-01
    outer loop
      vertex   4.982503e+00 -3.000000e+01 4.440836e-01
      vertex   5.079318e+00 -3.600000e+01 8.787023e-01
      vertex   4.982503e+00 -3.600000e+01 4.440836e-01
    endloop
  endfacet
  facet normal 9.973323e-01 -0.000000e+00 7.299531e-02
    outer loop
      vertex   -1.101750e+01 -4.200000e+01 -4.440836e-01
      vertex   -1.101750e+01 -3.600000e+01 -4.440836e-01
      vertex   -1.105000e+01 -4.200000e+01 -1.047568e-15
    endloop
  endfacet
  facet normal 9.973323e-01 -0.000000e+00 7.299531e-02
    outer loop
      vertex   -1.105000e+01 -4.200000e+01 -1.047568e-15
      vertex   -1.101750e+01 -3.600000e+01 -4.440836e-01
      vertex   -1.105000e+01 -3.600000e+01 -1.047568e-15
    endloop
  endfacet
  facet normal 9.973323e-01 0.000000e+00 -7.299531e-02
    outer loop
      vertex   -1.105000e+01 -4.200000e+01 -1.047568e-15
      vertex   -1.105000e+01 -3.600000e+01 -1.047568e-15
      vertex   -1.101750e+01 -4.200000e+01 4.440836e-01
    endloop
  endfacet
  facet normal 9.973323e-01 0.000000e+00 -7.299531e-02
    outer loop
      vertex   -1.101750e+01 -4.200000e+01 4.440836e-01
      vertex   -1.105000e+01 -3.600000e+01 -1.047568e-15
      vertex   -1.101750e+01 -3.600000e+01 4.440836e-01
    endloop
  endfacet
  facet normal 9.760759e-01 0.000000e+00 -2.174302e-01
    outer loop
      vertex   -1.101750e+01 -4.200000e+01 4.440836e-01
      vertex   -1.101750e+01 -3.600000e+01 4.440836e-01
      vertex   -1.092068e+01 -4.200000e+01 8.787023e-01
    endloop
  endfacet
  facet normal 9.760759e-01 0.000000e+00 -2.174302e-01
    outer loop
      vertex   -1.092068e+01 -4.200000e+01 8.787023e-01
      vertex   -1.101750e+01 -3.600000e+01 4.440836e-01
      vertex   -1.092068e+01 -3.600000e+01 8.787023e-01
    endloop
  endfacet
  facet normal 9.340161e-01 0.000000e+00 -3.572309e-01
    outer loop
      vertex   -1.092068e+01 -4.200000e+01 8.787023e-01
      vertex   -1.092068e+01 -3.600000e+01 8.787023e-01
      vertex   -1.076162e+01 -4.200000e+01 1.294593e+00
    endloop
  endfacet
  facet normal 9.340161e-01 0.000000e+00 -3.572309e-01
    outer loop
      vertex   -1.076162e+01 -4.200000e+01 1.294593e+00
      vertex   -1.092068e+01 -3.600000e+01 8.787023e-01
      vertex   -1.076162e+01 -3.600000e+01 1.294593e+00
    endloop
  endfacet
  facet normal 8.720494e-01 0.000000e+00 -4.894178e-01
    outer loop
      vertex   -1.076162e+01 -4.200000e+01 1.294593e+00
      vertex   -1.076162e+01 -3.600000e+01 1.294593e+00
      vertex   -1.054369e+01 -4.200000e+01 1.682892e+00
    endloop
  endfacet
  facet normal 8.720494e-01 0.000000e+00 -4.894178e-01
    outer loop
      vertex   -1.054369e+01 -4.200000e+01 1.682892e+00
      vertex   -1.076162e+01 -3.600000e+01 1.294593e+00
      vertex   -1.054369e+01 -3.600000e+01 1.682892e+00
    endloop
  endfacet
  facet normal 7.914965e-01 0.000000e+00 -6.111737e-01
    outer loop
      vertex   -1.054369e+01 -4.200000e+01 1.682892e+00
      vertex   -1.054369e+01 -3.600000e+01 1.682892e+00
      vertex   -1.027156e+01 -4.200000e+01 2.035322e+00
    endloop
  endfacet
  facet normal 7.914965e-01 0.000000e+00 -6.111737e-01
    outer loop
      vertex   -1.027156e+01 -4.200000e+01 2.035322e+00
      vertex   -1.054369e+01 -3.600000e+01 1.682892e+00
      vertex   -1.027156e+01 -3.600000e+01 2.035322e+00
    endloop
  endfacet
  facet normal 6.940742e-01 0.000000e+00 -7.199035e-01
    outer loop
      vertex   -1.027156e+01 -4.200000e+01 2.035322e+00
      vertex   -1.027156e+01 -3.600000e+01 2.035322e+00
      vertex   -9.951003e+00 -4.200000e+01 2.344374e+00
    endloop
  endfacet
  facet normal 6.940742e-01 0.000000e+00 -7.199035e-01
    outer loop
      vertex   -9.951003e+00 -4.200000e+01 2.344374e+00
      vertex   -1.027156e+01 -3.600000e+01 2.035322e+00
      vertex   -9.951003e+00 -3.600000e+01 2.344374e+00
    endloop
  endfacet
  facet normal 5.818589e-01 0.000000e+00 -8.132897e-01
    outer loop
      vertex   -9.951003e+00 -4.200000e+01 2.344374e+00
      vertex   -9.951003e+00 -3.600000e+01 2.344374e+00
      vertex   -9.588868e+00 -4.200000e+01 2.603459e+00
    endloop
  endfacet
  facet normal 5.818589e-01 0.000000e+00 -8.132897e-01
    outer loop
      vertex   -9.588868e+00 -4.200000e+01 2.603459e+00
      vertex   -9.951003e+00 -3.600000e+01 2.344374e+00
      vertex   -9.588868e+00 -3.600000e+01 2.603459e+00
    endloop
  endfacet
  facet normal 4.572423e-01 0.000000e+00 -8.893421e-01
    outer loop
      vertex   -9.588868e+00 -4.200000e+01 2.603459e+00
      vertex   -9.588868e+00 -3.600000e+01 2.603459e+00
      vertex   -9.192869e+00 -4.200000e+01 2.807056e+00
    endloop
  endfacet
  facet normal 4.572423e-01 0.000000e+00 -8.893421e-01
    outer loop
      vertex   -9.192869e+00 -4.200000e+01 2.807056e+00
      vertex   -9.588868e+00 -3.600000e+01 2.603459e+00
      vertex   -9.192869e+00 -3.600000e+01 2.807056e+00
    endloop
  endfacet
  facet normal 3.228804e-01 0.000000e+00 -9.464398e-01
    outer loop
      vertex   -9.192869e+00 -4.200000e+01 2.807056e+00
      vertex   -9.192869e+00 -3.600000e+01 2.807056e+00
      vertex   -8.771447e+00 -4.200000e+01 2.950825e+00
    endloop
  endfacet
  facet normal 3.228804e-01 0.000000e+00 -9.464398e-01
    outer loop
      vertex   -8.771447e+00 -4.200000e+01 2.950825e+00
      vertex   -9.192869e+00 -3.600000e+01 2.807056e+00
      vertex   -8.771447e+00 -3.600000e+01 2.950825e+00
    endloop
  endfacet
  facet normal 1.816369e-01 0.000000e+00 -9.833657e-01
    outer loop
      vertex   -8.771447e+00 -4.200000e+01 2.950825e+00
      vertex   -8.771447e+00 -3.600000e+01 2.950825e+00
      vertex   -8.333582e+00 -4.200000e+01 3.031703e+00
    endloop
  endfacet
  facet normal 1.816369e-01 0.000000e+00 -9.833657e-01
    outer loop
      vertex   -8.333582e+00 -4.200000e+01 3.031703e+00
      vertex   -8.771447e+00 -3.600000e+01 2.950825e+00
      vertex   -8.333582e+00 -3.600000e+01 3.031703e+00
    endloop
  endfacet
  facet normal 3.652202e-02 0.000000e+00 -9.993328e-01
    outer loop
      vertex   -8.333582e+00 -4.200000e+01 3.031703e+00
      vertex   -8.333582e+00 -3.600000e+01 3.031703e+00
      vertex   -7.888608e+00 -4.200000e+01 3.047965e+00
    endloop
  endfacet
  facet normal 3.652202e-02 0.000000e+00 -9.993328e-01
    outer loop
      vertex   -7.888608e+00 -4.200000e+01 3.047965e+00
      vertex   -8.333582e+00 -3.600000e+01 3.031703e+00
      vertex   -7.888608e+00 -3.600000e+01 3.047965e+00
    endloop
  endfacet
  facet normal -1.093712e-01 0.000000e+00 -9.940010e-01
    outer loop
      vertex   -7.888608e+00 -4.200000e+01 3.047965e+00
      vertex   -7.888608e+00 -3.600000e+01 3.047965e+00
      vertex   -7.446008e+00 -4.200000e+01 2.999265e+00
    endloop
  endfacet
  facet normal -1.093712e-01 0.000000e+00 -9.940010e-01
    outer loop
      vertex   -7.446008e+00 -4.200000e+01 2.999265e+00
      vertex   -7.888608e+00 -3.600000e+01 3.047965e+00
      vertex   -7.446008e+00 -3.600000e+01 2.999265e+00
    endloop
  endfacet
  facet normal -2.529334e-01 0.000000e+00 -9.674837e-01
    outer loop
      vertex   -7.446008e+00 -4.200000e+01 2.999265e+00
      vertex   -7.446008e+00 -3.600000e+01 2.999265e+00
      vertex   -7.015215e+00 -4.200000e+01 2.886641e+00
    endloop
  endfacet
  facet normal -2.529334e-01 0.000000e+00 -9.674837e-01
    outer loop
      vertex   -7.015215e+00 -4.200000e+01 2.886641e+00
      vertex   -7.446008e+00 -3.600000e+01 2.999265e+00
      vertex   -7.015215e+00 -3.600000e+01 2.886641e+00
    endloop
  endfacet
  facet normal -3.911047e-01 0.000000e+00 -9.203462e-01
    outer loop
      vertex   -7.015215e+00 -4.200000e+01 2.886641e+00
      vertex   -7.015215e+00 -3.600000e+01 2.886641e+00
      vertex   -6.605411e+00 -4.200000e+01 2.712494e+00
    endloop
  endfacet
  facet normal -3.911047e-01 0.000000e+00 -9.203462e-01
    outer loop
      vertex   -6.605411e+00 -4.200000e+01 2.712494e+00
      vertex   -7.015215e+00 -3.600000e+01 2.886641e+00
      vertex   -6.605411e+00 -3.600000e+01 2.712494e+00
    endloop
  endfacet
  facet normal -5.209403e-01 0.000000e+00 -8.535931e-01
    outer loop
      vertex   -6.605411e+00 -4.200000e+01 2.712494e+00
      vertex   -6.605411e+00 -3.600000e+01 2.712494e+00
      vertex   -6.225330e+00 -4.200000e+01 2.480534e+00
    endloop
  endfacet
  facet normal -5.209403e-01 0.000000e+00 -8.535931e-01
    outer loop
      vertex   -6.225330e+00 -4.200000e+01 2.480534e+00
      vertex   -6.605411e+00 -3.600000e+01 2.712494e+00
      vertex   -6.225330e+00 -3.600000e+01 2.480534e+00
    endloop
  endfacet
  facet normal -6.396730e-01 0.000000e+00 -7.686471e-01
    outer loop
      vertex   -6.225330e+00 -4.200000e+01 2.480534e+00
      vertex   -6.225330e+00 -3.600000e+01 2.480534e+00
      vertex   -5.883074e+00 -4.200000e+01 2.195706e+00
    endloop
  endfacet
  facet normal -6.396730e-01 0.000000e+00 -7.686471e-01
    outer loop
      vertex   -5.883074e+00 -4.200000e+01 2.195706e+00
      vertex   -6.225330e+00 -3.600000e+01 2.480534e+00
      vertex   -5.883074e+00 -3.600000e+01 2.195706e+00
    endloop
  endfacet
  facet normal -7.447722e-01 0.000000e+00 -6.673188e-01
    outer loop
      vertex   -5.883074e+00 -4.200000e+01 2.195706e+00
      vertex   -5.883074e+00 -3.600000e+01 2.195706e+00
      vertex   -5.585936e+00 -4.200000e+01 1.864080e+00
    endloop
  endfacet
  facet normal -7.447722e-01 -4.939151e-17 -6.673188e-01
    outer loop
      vertex   -5.585936e+00 -4.200000e+01 1.864080e+00
      vertex   -5.883074e+00 -3.600000e+01 2.195706e+00
      vertex   -5.585936e+00 -3.600000e+01 1.864080e+00
    endloop
  endfacet
  facet normal -8.339978e-01 -4.083902e-17 -5.517677e-01
    outer loop
      vertex   -5.585936e+00 -4.200000e+01 1.864080e+00
      vertex   -5.585936e+00 -3.600000e+01 1.864080e+00
      vertex   -5.340249e+00 -4.200000e+01 1.492724e+00
    endloop
  endfacet
  facet normal -8.339978e-01 0.000000e+00 -5.517677e-01
    outer loop
      vertex   -5.340249e+00 -4.200000e+01 1.492724e+00
      vertex   -5.585936e+00 -3.600000e+01 1.864080e+00
      vertex   -5.340249e+00 -3.600000e+01 1.492724e+00
    endloop
  endfacet
  facet normal -9.054482e-01 0.000000e+00 -4.244567e-01
    outer loop
      vertex   -5.340249e+00 -4.200000e+01 1.492724e+00
      vertex   -5.340249e+00 -3.600000e+01 1.492724e+00
      vertex   -5.151251e+00 -4.200000e+01 1.089554e+00
    endloop
  endfacet
  facet normal -9.054482e-01 0.000000e+00 -4.244567e-01
    outer loop
      vertex   -5.151251e+00 -4.200000e+01 1.089554e+00
      vertex   -5.340249e+00 -3.600000e+01 1.492724e+00
      vertex   -5.151251e+00 -3.600000e+01 1.089554e+00
    endloop
  endfacet
  facet normal -9.576006e-01 0.000000e+00 -2.880991e-01
    outer loop
      vertex   -5.151251e+00 -4.200000e+01 1.089554e+00
      vertex   -5.151251e+00 -3.600000e+01 1.089554e+00
      vertex   -5.022969e+00 -4.200000e+01 6.631620e-01
    endloop
  endfacet
  facet normal -9.576006e-01 0.000000e+00 -2.880991e-01
    outer loop
      vertex   -5.022969e+00 -4.200000e+01 6.631620e-01
      vertex   -5.151251e+00 -3.600000e+01 1.089554e+00
      vertex   -5.022969e+00 -3.600000e+01 6.631620e-01
    endloop
  endfacet
  facet normal -9.893434e-01 0.000000e+00 -1.456012e-01
    outer loop
      vertex   -5.022969e+00 -4.200000e+01 6.631620e-01
      vertex   -5.022969e+00 -3.600000e+01 6.631620e-01
      vertex   -4.958137e+00 -4.200000e+01 2.226357e-01
    endloop
  endfacet
  facet normal -9.893434e-01 0.000000e+00 -1.456012e-01
    outer loop
      vertex   -4.958137e+00 -4.200000e+01 2.226357e-01
      vertex   -5.022969e+00 -3.600000e+01 6.631620e-01
      vertex   -4.958137e+00 -3.600000e+01 2.226357e-01
    endloop
  endfacet
  facet normal -1.000000e+00 0.000000e+00 0.000000e+00
    outer loop
      vertex   -4.958137e+00 -4.200000e+01 2.226357e-01
      vertex   -4.958137e+00 -3.600000e+01 2.226357e-01
      vertex   -4.958137e+00 -4.200000e+01 -2.226357e-01
    endloop
  endfacet
  facet normal -1.000000e+00 0.000000e+00 0.000000e+00
    outer loop
      vertex   -4.958137e+00 -4.200000e+01 -2.226357e-01
      vertex   -4.958137e+00 -3.600000e+01 2.226357e-01
      vertex   -4.958137e+00 -3.600000e+01 -2.226357e-01
    endloop
  endfacet
  facet normal -9.893434e-01 6.735407e-19 1.456012e-01
    outer loop
      vertex   -4.958137e+00 -4.200000e+01 -2.226357e-01
      vertex   -4.958137e+00 -3.600000e+01 -2.226357e-01
      vertex   -5.022969e+00 -4.200000e+01 -6.631620e-01
    endloop
  endfacet
  facet normal -9.893434e-01 2.694163e-18 1.456012e-01
    outer loop
      vertex   -5.022969e+00 -4.200000e+01 -6.631620e-01
      vertex   -4.958137e+00 -3.600000e+01 -2.226357e-01
      vertex   -5.022969e+00 -3.600000e+01 -6.631620e-01
    endloop
  endfacet
  facet normal -9.576006e-01 5.330904e-18 2.880991e-01
    outer loop
      vertex   -5.022969e+00 -4.200000e+01 -6.631620e-01
      vertex   -5.022969e+00 -3.600000e+01 -6.631620e-01
      vertex   -5.151251e+00 -4.200000e+01 -1.089554e+00
    endloop
  endfacet
  facet normal -9.576006e-01 0.000000e+00 2.880991e-01
    outer loop
      vertex   -5.151251e+00 -4.200000e+01 -1.089554e+00
      vertex   -5.022969e+00 -3.600000e+01 -6.631620e-01
      vertex   -5.151251e+00 -3.600000e+01 -1.089554e+00
    endloop
  endfacet
  facet normal -9.054482e-01 0.000000e+00 4.244567e-01
    outer loop
      vertex   -5.151251e+00 -4.200000e+01 -1.089554e+00
      vertex   -5.151251e+00 -3.600000e+01 -1.089554e+00
      vertex   -5.340249e+00 -4.200000e+01 -1.492724e+00
    endloop
  endfacet
  facet normal -9.054482e-01 -1.570805e-17 4.244567e-01
    outer loop
      vertex   -5.340249e+00 -4.200000e+01 -1.492724e+00
      vertex   -5.151251e+00 -3.600000e+01 -1.089554e+00
      vertex   -5.340249e+00 -3.600000e+01 -1.492724e+00
    endloop
  endfacet
  facet normal -8.339978e-01 -2.041951e-17 5.517677e-01
    outer loop
      vertex   -5.340249e+00 -4.200000e+01 -1.492724e+00
      vertex   -5.340249e+00 -3.600000e+01 -1.492724e+00
      vertex   -5.585936e+00 -4.200000e+01 -1.864080e+00
    endloop
  endfacet
  facet normal -8.339978e-01 -2.041951e-17 5.517677e-01
    outer loop
      vertex   -5.585936e+00 -4.200000e+01 -1.864080e+00
      vertex   -5.340249e+00 -3.600000e+01 -1.492724e+00
      vertex   -5.585936e+00 -3.600000e+01 -1.864080e+00
    endloop
  endfacet
  facet normal -7.447722e-01 -2.469576e-17 6.673188e-01
    outer loop
      vertex   -5.585936e+00 -4.200000e+01 -1.864080e+00
      vertex   -5.585936e+00 -3.600000e+01 -1.864080e+00
      vertex   -5.883074e+00 -4.200000e+01 -2.195706e+00
    endloop
  endfacet
  facet normal -7.447722e-01 -4.939151e-17 6.673188e-01
    outer loop
      vertex   -5.883074e+00 -4.200000e+01 -2.195706e+00
      vertex   -5.585936e+00 -3.600000e+01 -1.864080e+00
      vertex   -5.883074e+00 -3.600000e+01 -2.195706e+00
    endloop
  endfacet
  facet normal -6.396730e-01 -5.689132e-17 7.686471e-01
    outer loop
      vertex   -5.883074e+00 -4.200000e+01 -2.195706e+00
      vertex   -5.883074e+00 -3.600000e+01 -2.195706e+00
      vertex   -6.225330e+00 -4.200000e+01 -2.480534e+00
    endloop
  endfacet
  facet normal -6.396730e-01 0.000000e+00 7.686471e-01
    outer loop
      vertex   -6.225330e+00 -4.200000e+01 -2.480534e+00
      vertex   -5.883074e+00 -3.600000e+01 -2.195706e+00
      vertex   -6.225330e+00 -3.600000e+01 -2.480534e+00
    endloop
  endfacet
  facet normal -5.209403e-01 0.000000e+00 8.535931e-01
    outer loop
      vertex   -6.225330e+00 -4.200000e+01 -2.480534e+00
      vertex   -6.225330e+00 -3.600000e+01 -2.480534e+00
      vertex   -6.605411e+00 -4.200000e+01 -2.712494e+00
    endloop
  endfacet
  facet normal -5.209403e-01 0.000000e+00 8.535931e-01
    outer loop
      vertex   -6.605411e+00 -4.200000e+01 -2.712494e+00
      vertex   -6.225330e+00 -3.600000e+01 -2.480534e+00
      vertex   -6.605411e+00 -3.600000e+01 -2.712494e+00
    endloop
  endfacet
  facet normal -3.911047e-01 0.000000e+00 9.203462e-01
    outer loop
      vertex   -6.605411e+00 -4.200000e+01 -2.712494e+00
      vertex   -6.605411e+00 -3.600000e+01 -2.712494e+00
      vertex   -7.015215e+00 -4.200000e+01 -2.886641e+00
    endloop
  endfacet
  facet normal -3.911047e-01 0.000000e+00 9.203462e-01
    outer loop
      vertex   -7.015215e+00 -4.200000e+01 -2.886641e+00
      vertex   -6.605411e+00 -3.600000e+01 -2.712494e+00
      vertex   -7.015215e+00 -3.600000e+01 -2.886641e+00
    endloop
  endfacet
  facet normal -2.529334e-01 0.000000e+00 9.674837e-01
    outer loop
      vertex   -7.015215e+00 -4.200000e+01 -2.886641e+00
      vertex   -7.015215e+00 -3.600000e+01 -2.886641e+00
      vertex   -7.446008e+00 -4.200000e+01 -2.999265e+00
    endloop
  endfacet
  facet normal -2.529334e-01 0.000000e+00 9.674837e-01
    outer loop
      vertex   -7.446008e+00 -4.200000e+01 -2.999265e+00
      vertex   -7.015215e+00 -3.600000e+01 -2.886641e+00
      vertex   -7.446008e+00 -3.600000e+01 -2.999265e+00
    endloop
  endfacet
  facet normal -1.093712e-01 0.000000e+00 9.940010e-01
    outer loop
      vertex   -7.446008e+00 -4.200000e+01 -2.999265e+00
      vertex   -7.446008e+00 -3.600000e+01 -2.999265e+00
      vertex   -7.888608e+00 -4.200000e+01 -3.047965e+00
    endloop
  endfacet
  facet normal -1.093712e-01 0.000000e+00 9.940010e-01
    outer loop
      vertex   -7.888608e+00 -4.200000e+01 -3.047965e+00
      vertex   -7.446008e+00 -3.600000e+01 -2.999265e+00
      vertex   -7.888608e+00 -3.600000e+01 -3.047965e+00
    endloop
  endfacet
  facet normal 3.652202e-02 -0.000000e+00 9.993328e-01
    outer loop
      vertex   -7.888608e+00 -4.200000e+01 -3.047965e+00
      vertex   -7.888608e+00 -3.600000e+01 -3.047965e+00
      vertex   -8.333582e+00 -4.200000e+01 -3.031703e+00
    endloop
  endfacet
  facet normal 3.652202e-02 -0.000000e+00 9.993328e-01
    outer loop
      vertex   -8.333582e+00 -4.200000e+01 -3.031703e+00
      vertex   -7.888608e+00 -3.600000e+01 -3.047965e+00
      vertex   -8.333582e+00 -3.600000e+01 -3.031703e+00
    endloop
  endfacet
  facet normal 1.816369e-01 -0.000000e+00 9.833657e-01
    outer loop
      vertex   -8.333582e+00 -4.200000e+01 -3.031703e+00
      vertex   -8.333582e+00 -3.600000e+01 -3.031703e+00
      vertex   -8.771447e+00 -4.200000e+01 -2.950825e+00
    endloop
  endfacet
  facet normal 1.816369e-01 -0.000000e+00 9.833657e-01
    outer loop
      vertex   -8.771447e+00 -4.200000e+01 -2.950825e+00
      vertex   -8.333582e+00 -3.600000e+01 -3.031703e+00
      vertex   -8.771447e+00 -3.600000e+01 -2.950825e+00
    endloop
  endfacet
  facet normal 3.228804e-01 -0.000000e+00 9.464398e-01
    outer loop
      vertex   -8.771447e+00 -4.200000e+01 -2.950825e+00
      vertex   -8.771447e+00 -3.600000e+01 -2.950825e+00
      vertex   -9.192869e+00 -4.200000e+01 -2.807056e+00
    endloop
  endfacet
  facet normal 3.228804e-01 -0.000000e+00 9.464398e-01
    outer loop
      vertex   -9.192869e+00 -4.200000e+01 -2.807056e+00
      vertex   -8.771447e+00 -3.600000e+01 -2.950825e+00
      vertex   -9.192869e+00 -3.600000e+01 -2.807056e+00
    endloop
  endfacet
  facet normal 4.572423e-01 -0.000000e+00 8.893421e-01
    outer loop
      vertex   -9.192869e+00 -4.200000e+01 -2.807056e+00
      vertex   -9.192869e+00 -3.600000e+01 -2.807056e+00
      vertex   -9.588868e+00 -4.200000e+01 -2.603459e+00
    endloop
  endfacet
  facet normal 4.572423e-01 -0.000000e+00 8.893421e-01
    outer loop
      vertex   -9.588868e+00 -4.200000e+01 -2.603459e+00
      vertex   -9.192869e+00 -3.600000e+01 -2.807056e+00
      vertex   -9.588868e+00 -3.600000e+01 -2.603459e+00
    endloop
  endfacet
  facet normal 5.818589e-01 -0.000000e+00 8.132897e-01
    outer loop
      vertex   -9.588868e+00 -4.200000e+01 -2.603459e+00
      vertex   -9.588868e+00 -3.600000e+01 -2.603459e+00
      vertex   -9.951003e+00 -4.200000e+01 -2.344374e+00
    endloop
  endfacet
  facet normal 5.818589e-01 -0.000000e+00 8.132897e-01
    outer loop
      vertex   -9.951003e+00 -4.200000e+01 -2.344374e+00
      vertex   -9.588868e+00 -3.600000e+01 -2.603459e+00
      vertex   -9.951003e+00 -3.600000e+01 -2.344374e+00
    endloop
  endfacet
  facet normal 6.940742e-01 -0.000000e+00 7.199035e-01
    outer loop
      vertex   -9.951003e+00 -4.200000e+01 -2.344374e+00
      vertex   -9.951003e+00 -3.600000e+01 -2.344374e+00
      vertex   -1.027156e+01 -4.200000e+01 -2.035322e+00
    endloop
  endfacet
  facet normal 6.940742e-01 -0.000000e+00 7.199035e-01
    outer loop
      vertex   -1.027156e+01 -4.200000e+01 -2.035322e+00
      vertex   -9.951003e+00 -3.600000e+01 -2.344374e+00
      vertex   -1.027156e+01 -3.600000e+01 -2.035322e+00
    endloop
  endfacet
  facet normal 7.914965e-01 -0.000000e+00 6.111737e-01
    outer loop
      vertex   -1.027156e+01 -4.200000e+01 -2.035322e+00
      vertex   -1.027156e+01 -3.600000e+01 -2.035322e+00
      vertex   -1.054369e+01 -4.200000e+01 -1.682892e+00
    endloop
  endfacet
  facet normal 7.914965e-01 -0.000000e+00 6.111737e-01
    outer loop
      vertex   -1.054369e+01 -4.200000e+01 -1.682892e+00
      vertex   -1.027156e+01 -3.600000e+01 -2.035322e+00
      vertex   -1.054369e+01 -3.600000e+01 -1.682892e+00
    endloop
  endfacet
  facet normal 8.720494e-01 -0.000000e+00 4.894178e-01
    outer loop
      vertex   -1.054369e+01 -4.200000e+01 -1.682892e+00
      vertex   -1.054369e+01 -3.600000e+01 -1.682892e+00
      vertex   -1.076162e+01 -4.200000e+01 -1.294593e+00
    endloop
  endfacet
  facet normal 8.720494e-01 -0.000000e+00 4.894178e-01
    outer loop
      vertex   -1.076162e+01 -4.200000e+01 -1.294593e+00
      vertex   -1.054369e+01 -3.600000e+01 -1.682892e+00
      vertex   -1.076162e+01 -3.600000e+01 -1.294593e+00
    endloop
  endfacet
  facet normal 9.340161e-01 -0.000000e+00 3.572309e-01
    outer loop
      vertex   -1.076162e+01 -4.200000e+01 -1.294593e+00
      vertex   -1.076162e+01 -3.600000e+01 -1.294593e+00
      vertex   -1.092068e+01 -4.200000e+01 -8.787023e-01
    endloop
  endfacet
  facet normal 9.340161e-01 -0.000000e+00 3.572309e-01
    outer loop
      vertex   -1.092068e+01 -4.200000e+01 -8.787023e-01
      vertex   -1.076162e+01 -3.600000e+01 -1.294593e+00
      vertex   -1.092068e+01 -3.600000e+01 -8.787023e-01
    endloop
  endfacet
  facet normal 9.760759e-01 -0.000000e+00 2.174302e-01
    outer loop
      vertex   -1.092068e+01 -4.200000e+01 -8.787023e-01
      vertex   -1.092068e+01 -3.600000e+01 -8.787023e-01
      vertex   -1.101750e+01 -4.200000e+01 -4.440836e-01
    endloop
  endfacet
  facet normal 9.760759e-01 -0.000000e+00 2.174302e-01
    outer loop
      vertex   -1.101750e+01 -4.200000e+01 -4.440836e-01
      vertex   -1.092068e+01 -3.600000e+01 -8.787023e-01
      vertex   -1.101750e+01 -3.600000e+01 -4.440836e-01
    endloop
  endfacet
  facet normal 9.973323e-01 0.000000e+00 -7.299531e-02
    outer loop
      vertex   -1.101750e+01 -3.000000e+01 4.440836e-01
      vertex   -1.101750e+01 -3.600000e+01 4.440836e-01
      vertex   -1.105000e+01 -3.000000e+01 -1.047568e-15
    endloop
  endfacet
  facet normal 9.973323e-01 0.000000e+00 -7.299531e-02
    outer loop
      vertex   -1.105000e+01 -3.000000e+01 -1.047568e-15
      vertex   -1.101750e+01 -3.600000e+01 4.440836e-01
      vertex   -1.105000e+01 -3.600000e+01 -1.047568e-15
    endloop
  endfacet
  facet normal 9.973323e-01 0.000000e+00 7.299531e-02
    outer loop
      vertex   -1.105000e+01 -3.000000e+01 -1.047568e-15
      vertex   -1.105000e+01 -3.600000e+01 -1.047568e-15
      vertex   -1.101750e+01 -3.000000e+01 -4.440836e-01
    endloop
  endfacet
  facet normal 9.973323e-01 0.000000e+00 7.299531e-02
    outer loop
      vertex   -1.101750e+01 -3.000000e+01 -4.440836e-01
      vertex   -1.105000e+01 -3.600000e+01 -1.047568e-15
      vertex   -1.101750e+01 -3.600000e+01 -4.440836e-01
    endloop
  endfacet
  facet normal 9.760759e-01 0.000000e+00 2.174302e-01
    outer loop
      vertex   -1.101750e+01 -3.000000e+01 -4.440836e-01
      vertex   -1.101750e+01 -3.600000e+01 -4.440836e-01
      vertex   -1.092068e+01 -3.000000e+01 -8.787023e-01
    endloop
  endfacet
  facet normal 9.760759e-01 0.000000e+00 2.174302e-01
    outer loop
      vertex   -1.092068e+01 -3.000000e+01 -8.787023e-01
      vertex   -1.101750e+01 -3.600000e+01 -4.440836e-01
      vertex   -1.092068e+01 -3.600000e+01 -8.787023e-01
    endloop
  endfacet
  facet normal 9.340161e-01 0.000000e+00 3.572309e-01
    outer loop
      vertex   -1.092068e+01 -3.000000e+01 -8.787023e-01
      vertex   -1.092068e+01 -3.600000e+01 -8.787023e-01
      vertex   -1.076162e+01 -3.000000e+01 -1.294593e+00
    endloop
  endfacet
  facet normal 9.340161e-01 0.000000e+00 3.572309e-01
    outer loop
      vertex   -1.076162e+01 -3.000000e+01 -1.294593e+00
      vertex   -1.092068e+01 -3.600000e+01 -8.787023e-01
      vertex   -1.076162e+01 -3.600000e+01 -1.294593e+00
    endloop
  endfacet
  facet normal 8.720494e-01 0.000000e+00 4.894178e-01
    outer loop
      vertex   -1.076162e+01 -3.000000e+01 -1.294593e+00
      vertex   -1.076162e+01 -3.600000e+01 -1.294593e+00
      vertex   -1.054369e+01 -3.000000e+01 -1.682892e+00
    endloop
  endfacet
  facet normal 8.720494e-01 0.000000e+00 4.894178e-01
    outer loop
      vertex   -1.054369e+01 -3.000000e+01 -1.682892e+00
      vertex   -1.076162e+01 -3.600000e+01 -1.294593e+00
      vertex   -1.054369e+01 -3.600000e+01 -1.682892e+00
    endloop
  endfacet
  facet normal 7.914965e-01 0.000000e+00 6.111737e-01
    outer loop
      vertex   -1.054369e+01 -3.000000e+01 -1.682892e+00
      vertex   -1.054369e+01 -3.600000e+01 -1.682892e+00
      vertex   -1.027156e+01 -3.000000e+01 -2.035322e+00
    endloop
  endfacet
  facet normal 7.914965e-01 0.000000e+00 6.111737e-01
    outer loop
      vertex   -1.027156e+01 -3.000000e+01 -2.035322e+00
      vertex   -1.054369e+01 -3.600000e+01 -1.682892e+00
      vertex   -1.027156e+01 -3.600000e+01 -2.035322e+00
    endloop
  endfacet
  facet normal 6.940742e-01 0.000000e+00 7.199035e-01
    outer loop
      vertex   -1.027156e+01 -3.000000e+01 -2.035322e+00
      vertex   -1.027156e+01 -3.600000e+01 -2.035322e+00
      vertex   -9.951003e+00 -3.000000e+01 -2.344374e+00
    endloop
  endfacet
  facet normal 6.940742e-01 0.000000e+00 7.199035e-01
    outer loop
      vertex   -9.951003e+00 -3.000000e+01 -2.344374e+00
      vertex   -1.027156e+01 -3.600000e+01 -2.035322e+00
      vertex   -9.951003e+00 -3.600000e+01 -2.344374e+00
    endloop
  endfacet
  facet normal 5.818589e-01 0.000000e+00 8.132897e-01
    outer loop
      vertex   -9.951003e+00 -3.000000e+01 -2.344374e+00
      vertex   -9.951003e+00 -3.600000e+01 -2.344374e+00
      vertex   -9.588868e+00 -3.000000e+01 -2.603459e+00
    endloop
  endfacet
  facet normal 5.818589e-01 0.000000e+00 8.132897e-01
    outer loop
      vertex   -9.588868e+00 -3.000000e+01 -2.603459e+00
      vertex   -9.951003e+00 -3.600000e+01 -2.344374e+00
      vertex   -9.588868e+00 -3.600000e+01 -2.603459e+00
    endloop
  endfacet
  facet normal 4.572423e-01 0.000000e+00 8.893421e-01
    outer loop
      vertex   -9.588868e+00 -3.000000e+01 -2.603459e+00
      vertex   -9.588868e+00 -3.600000e+01 -2.603459e+00
      vertex   -9.192869e+00 -3.000000e+01 -2.807056e+00
    endloop
  endfacet
  facet normal 4.572423e-01 0.000000e+00 8.893421e-01
    outer loop
      vertex   -9.192869e+00 -3.000000e+01 -2.807056e+00
      vertex   -9.588868e+00 -3.600000e+01 -2.603459e+00
      vertex   -9.192869e+00 -3.600000e+01 -2.807056e+00
    endloop
  endfacet
  facet normal 3.228804e-01 0.000000e+00 9.464398e-01
    outer loop
      vertex   -9.192869e+00 -3.000000e+01 -2.807056e+00
      vertex   -9.192869e+00 -3.600000e+01 -2.807056e+00
      vertex   -8.771447e+00 -3.000000e+01 -2.950825e+00
    endloop
  endfacet
  facet normal 3.228804e-01 0.000000e+00 9.464398e-01
    outer loop
      vertex   -8.771447e+00 -3.000000e+01 -2.950825e+00
      vertex   -9.192869e+00 -3.600000e+01 -2.807056e+00
      vertex   -8.771447e+00 -3.600000e+01 -2.950825e+00
    endloop
  endfacet
  facet normal 1.816369e-01 0.000000e+00 9.833657e-01
    outer loop
      vertex   -8.771447e+00 -3.000000e+01 -2.950825e+00
      vertex   -8.771447e+00 -3.600000e+01 -2.950825e+00
      vertex   -8.333582e+00 -3.000000e+01 -3.031703e+00
    endloop
  endfacet
  facet normal 1.816369e-01 0.000000e+00 9.833657e-01
    outer loop
      vertex   -8.333582e+00 -3.000000e+01 -3.031703e+00
      vertex   -8.771447e+00 -3.600000e+01 -2.950825e+00
      vertex   -8.333582e+00 -3.600000e+01 -3.031703e+00
    endloop
  endfacet
  facet normal 3.652202e-02 0.000000e+00 9.993328e-01
    outer loop
      vertex   -8.333582e+00 -3.000000e+01 -3.031703e+00
      vertex   -8.333582e+00 -3.600000e+01 -3.031703e+00
      vertex   -7.888608e+00 -3.000000e+01 -3.047965e+00
    endloop
  endfacet
  facet normal 3.652202e-02 0.000000e+00 9.993328e-01
    outer loop
      vertex   -7.888608e+00 -3.000000e+01 -3.047965e+00
      vertex   -8.333582e+00 -3.600000e+01 -3.031703e+00
      vertex   -7.888608e+00 -3.600000e+01 -3.047965e+00
    endloop
  endfacet
  facet normal -1.093712e-01 0.000000e+00 9.940010e-01
    outer loop
      vertex   -7.888608e+00 -3.000000e+01 -3.047965e+00
      vertex   -7.888608e+00 -3.600000e+01 -3.047965e+00
      vertex   -7.446008e+00 -3.000000e+01 -2.999265e+00
    endloop
  endfacet
  facet normal -1.093712e-01 0.000000e+00 9.940010e-01
    outer loop
      vertex   -7.446008e+00 -3.000000e+01 -2.999265e+00
      vertex   -7.888608e+00 -3.600000e+01 -3.047965e+00
      vertex   -7.446008e+00 -3.600000e+01 -2.999265e+00
    endloop
  endfacet
  facet normal -2.529334e-01 0.000000e+00 9.674837e-01
    outer loop
      vertex   -7.446008e+00 -3.000000e+01 -2.999265e+00
      vertex   -7.446008e+00 -3.600000e+01 -2.999265e+00
      vertex   -7.015215e+00 -3.000000e+01 -2.886641e+00
    endloop
  endfacet
  facet normal -2.529334e-01 0.000000e+00 9.674837e-01
    outer loop
      vertex   -7.015215e+00 -3.000000e+01 -2.886641e+00
      vertex   -7.446008e+00 -3.600000e+01 -2.999265e+00
      vertex   -7.015215e+00 -3.600000e+01 -2.886641e+00
    endloop
  endfacet
  facet normal -3.911047e-01 0.000000e+00 9.203462e-01
    outer loop
      vertex   -7.015215e+00 -3.000000e+01 -2.886641e+00
      vertex   -7.015215e+00 -3.600000e+01 -2.886641e+00
      vertex   -6.605411e+00 -3.000000e+01 -2.712494e+00
    endloop
  endfacet
  facet normal -3.911047e-01 0.000000e+00 9.203462e-01
    outer loop
      vertex   -6.605411e+00 -3.000000e+01 -2.712494e+00
      vertex   -7.015215e+00 -3.600000e+01 -2.886641e+00
      vertex   -6.605411e+00 -3.600000e+01 -2.712494e+00
    endloop
  endfacet
  facet normal -5.209403e-01 0.000000e+00 8.535931e-01
    outer loop
      vertex   -6.605411e+00 -3.000000e+01 -2.712494e+00
      vertex   -6.605411e+00 -3.600000e+01 -2.712494e+00
      vertex   -6.225330e+00 -3.000000e+01 -2.480534e+00
    endloop
  endfacet
  facet normal -5.209403e-01 0.000000e+00 8.535931e-01
    outer loop
      vertex   -6.225330e+00 -3.000000e+01 -2.480534e+00
      vertex   -6.605411e+00 -3.600000e+01 -2.712494e+00
      vertex   -6.225330e+00 -3.600000e+01 -2.480534e+00
    endloop
  endfacet
  facet normal -6.396730e-01 0.000000e+00 7.686471e-01
    outer loop
      vertex   -6.225330e+00 -3.000000e+01 -2.480534e+00
      vertex   -6.225330e+00 -3.600000e+01 -2.480534e+00
      vertex   -5.883074e+00 -3.000000e+01 -2.195706e+00
    endloop
  endfacet
  facet normal -6.396730e-01 5.689132e-17 7.686471e-01
    outer loop
      vertex   -5.883074e+00 -3.000000e+01 -2.195706e+00
      vertex   -6.225330e+00 -3.600000e+01 -2.480534e+00
      vertex   -5.883074e+00 -3.600000e+01 -2.195706e+00
    endloop
  endfacet
  facet normal -7.447722e-01 4.939151e-17 6.673188e-01
    outer loop
      vertex   -5.883074e+00 -3.000000e+01 -2.195706e+00
      vertex   -5.883074e+00 -3.600000e+01 -2.195706e+00
      vertex   -5.585936e+00 -3.000000e+01 -1.864080e+00
    endloop
  endfacet
  facet normal -7.447722e-01 2.469576e-17 6.673188e-01
    outer loop
      vertex   -5.585936e+00 -3.000000e+01 -1.864080e+00
      vertex   -5.883074e+00 -3.600000e+01 -2.195706e+00
      vertex   -5.585936e+00 -3.600000e+01 -1.864080e+00
    endloop
  endfacet
  facet normal -8.339978e-01 2.041951e-17 5.517677e-01
    outer loop
      vertex   -5.585936e+00 -3.000000e+01 -1.864080e+00
      vertex   -5.585936e+00 -3.600000e+01 -1.864080e+00
      vertex   -5.340249e+00 -3.000000e+01 -1.492724e+00
    endloop
  endfacet
  facet normal -8.339978e-01 2.041951e-17 5.517677e-01
    outer loop
      vertex   -5.340249e+00 -3.000000e+01 -1.492724e+00
      vertex   -5.585936e+00 -3.600000e+01 -1.864080e+00
      vertex   -5.340249e+00 -3.600000e+01 -1.492724e+00
    endloop
  endfacet
  facet normal -9.054482e-01 1.570805e-17 4.244567e-01
    outer loop
      vertex   -5.340249e+00 -3.000000e+01 -1.492724e+00
      vertex   -5.340249e+00 -3.600000e+01 -1.492724e+00
      vertex   -5.151251e+00 -3.000000e+01 -1.089554e+00
    endloop
  endfacet
  facet normal -9.054482e-01 0.000000e+00 4.244567e-01
    outer loop
      vertex   -5.151251e+00 -3.000000e+01 -1.089554e+00
      vertex   -5.340249e+00 -3.600000e+01 -1.492724e+00
      vertex   -5.151251e+00 -3.600000e+01 -1.089554e+00
    endloop
  endfacet
  facet normal -9.576006e-01 0.000000e+00 2.880991e-01
    outer loop
      vertex   -5.151251e+00 -3.000000e+01 -1.089554e+00
      vertex   -5.151251e+00 -3.600000e+01 -1.089554e+00
      vertex   -5.022969e+00 -3.000000e+01 -6.631620e-01
    endloop
  endfacet
  facet normal -9.576006e-01 -5.330904e-18 2.880991e-01
    outer loop
      vertex   -5.022969e+00 -3.000000e+01 -6.631620e-01
      vertex   -5.151251e+00 -3.600000e+01 -1.089554e+00
      vertex   -5.022969e+00 -3.600000e+01 -6.631620e-01
    endloop
  endfacet
  facet normal -9.893434e-01 -2.694163e-18 1.456012e-01
    outer loop
      vertex   -5.022969e+00 -3.000000e+01 -6.631620e-01
      vertex   -5.022969e+00 -3.600000e+01 -6.631620e-01
      vertex   -4.958137e+00 -3.000000e+01 -2.226357e-01
    endloop
  endfacet
  facet normal -9.893434e-01 -6.735407e-19 1.456012e-01
    outer loop
      vertex   -4.958137e+00 -3.000000e+01 -2.226357e-01
      vertex   -5.022969e+00 -3.600000e+01 -6.631620e-01
      vertex   -4.958137e+00 -3.600000e+01 -2.226357e-01
    endloop
  endfacet
  facet normal -1.000000e+00 -0.000000e+00 0.000000e+00
    outer loop
      vertex   -4.958137e+00 -3.000000e+01 -2.226357e-01
      vertex   -4.958137e+00 -3.600000e+01 -2.226357e-01
      vertex   -4.958137e+00 -3.000000e+01 2.226357e-01
    endloop
  endfacet
  facet normal -1.000000e+00 -0.000000e+00 0.000000e+00
    outer loop
      vertex   -4.958137e+00 -3.000000e+01 2.226357e-01
      vertex   -4.958137e+00 -3.600000e+01 -2.226357e-01
      vertex   -4.958137e+00 -3.600000e+01 2.226357e-01
    endloop
  endfacet
  facet normal -9.893434e-01 -0.000000e+00 -1.456012e-01
    outer loop
      vertex   -4.958137e+00 -3.000000e+01 2.226357e-01
      vertex   -4.958137e+00 -3.600000e+01 2.226357e-01
      vertex   -5.022969e+00 -3.000000e+01 6.631620e-01
    endloop
  endfacet
  facet normal -9.893434e-01 -0.000000e+00 -1.456012e-01
    outer loop
      vertex   -5.022969e+00 -3.000000e+01 6.631620e-01
      vertex   -4.958137e+00 -3.600000e+01 2.226357e-01
      vertex   -5.022969e+00 -3.600000e+01 6.631620e-01
    endloop
  endfacet
  facet normal -9.576006e-01 -0.000000e+00 -2.880991e-01
    outer loop
      vertex   -5.022969e+00 -3.000000e+01 6.631620e-01
      vertex   -5.022969e+00 -3.600000e+01 6.631620e-01
      vertex   -5.151251e+00 -3.000000e+01 1.089554e+00
    endloop
  endfacet
  facet normal -9.576006e-01 -0.000000e+00 -2.880991e-01
    outer loop
      vertex   -5.151251e+00 -3.000000e+01 1.089554e+00
      vertex   -5.022969e+00 -3.600000e+01 6.631620e-01
      vertex   -5.151251e+00 -3.600000e+01 1.089554e+00
    endloop
  endfacet
  facet normal -9.054482e-01 -0.000000e+00 -4.244567e-01
    outer loop
      vertex   -5.151251e+00 -3.000000e+01 1.089554e+00
      vertex   -5.151251e+00 -3.600000e+01 1.089554e+00
      vertex   -5.340249e+00 -3.000000e+01 1.492724e+00
    endloop
  endfacet
  facet normal -9.054482e-01 -0.000000e+00 -4.244567e-01
    outer loop
      vertex   -5.340249e+00 -3.000000e+01 1.492724e+00
      vertex   -5.151251e+00 -3.600000e+01 1.089554e+00
      vertex   -5.340249e+00 -3.600000e+01 1.492724e+00
    endloop
  endfacet
  facet normal -8.339978e-01 -0.000000e+00 -5.517677e-01
    outer loop
      vertex   -5.340249e+00 -3.000000e+01 1.492724e+00
      vertex   -5.340249e+00 -3.600000e+01 1.492724e+00
      vertex   -5.585936e+00 -3.000000e+01 1.864080e+00
    endloop
  endfacet
  facet normal -8.339978e-01 4.083902e-17 -5.517677e-01
    outer loop
      vertex   -5.585936e+00 -3.000000e+01 1.864080e+00
      vertex   -5.340249e+00 -3.600000e+01 1.492724e+00
      vertex   -5.585936e+00 -3.600000e+01 1.864080e+00
    endloop
  endfacet
  facet normal -7.447722e-01 4.939151e-17 -6.673188e-01
    outer loop
      vertex   -5.585936e+00 -3.000000e+01 1.864080e+00
      vertex   -5.585936e+00 -3.600000e+01 1.864080e+00
      vertex   -5.883074e+00 -3.000000e+01 2.195706e+00
    endloop
  endfacet
  facet normal -7.447722e-01 -0.000000e+00 -6.673188e-01
    outer loop
      vertex   -5.883074e+00 -3.000000e+01 2.195706e+00
      vertex   -5.585936e+00 -3.600000e+01 1.864080e+00
      vertex   -5.883074e+00 -3.600000e+01 2.195706e+00
    endloop
  endfacet
  facet normal -6.396730e-01 -0.000000e+00 -7.686471e-01
    outer loop
      vertex   -5.883074e+00 -3.000000e+01 2.195706e+00
      vertex   -5.883074e+00 -3.600000e+01 2.195706e+00
      vertex   -6.225330e+00 -3.000000e+01 2.480534e+00
    endloop
  endfacet
  facet normal -6.396730e-01 -0.000000e+00 -7.686471e-01
    outer loop
      vertex   -6.225330e+00 -3.000000e+01 2.480534e+00
      vertex   -5.883074e+00 -3.600000e+01 2.195706e+00
      vertex   -6.225330e+00 -3.600000e+01 2.480534e+00
    endloop
  endfacet
  facet normal -5.209403e-01 -0.000000e+00 -8.535931e-01
    outer loop
      vertex   -6.225330e+00 -3.000000e+01 2.480534e+00
      vertex   -6.225330e+00 -3.600000e+01 2.480534e+00
      vertex   -6.605411e+00 -3.000000e+01 2.712494e+00
    endloop
  endfacet
  facet normal -5.209403e-01 -0.000000e+00 -8.535931e-01
    outer loop
      vertex   -6.605411e+00 -3.000000e+01 2.712494e+00
      vertex   -6.225330e+00 -3.600000e+01 2.480534e+00
      vertex   -6.605411e+00 -3.600000e+01 2.712494e+00
    endloop
  endfacet
  facet normal -3.911047e-01 -0.000000e+00 -9.203462e-01
    outer loop
      vertex   -6.605411e+00 -3.000000e+01 2.712494e+00
      vertex   -6.605411e+00 -3.600000e+01 2.712494e+00
      vertex   -7.015215e+00 -3.000000e+01 2.886641e+00
    endloop
  endfacet
  facet normal -3.911047e-01 -0.000000e+00 -9.203462e-01
    outer loop
      vertex   -7.015215e+00 -3.000000e+01 2.886641e+00
      vertex   -6.605411e+00 -3.600000e+01 2.712494e+00
      vertex   -7.015215e+00 -3.600000e+01 2.886641e+00
    endloop
  endfacet
  facet normal -2.529334e-01 -0.000000e+00 -9.674837e-01
    outer loop
      vertex   -7.015215e+00 -3.000000e+01 2.886641e+00
      vertex   -7.015215e+00 -3.600000e+01 2.886641e+00
      vertex   -7.446008e+00 -3.000000e+01 2.999265e+00
    endloop
  endfacet
  facet normal -2.529334e-01 -0.000000e+00 -9.674837e-01
    outer loop
      vertex   -7.446008e+00 -3.000000e+01 2.999265e+00
      vertex   -7.015215e+00 -3.600000e+01 2.886641e+00
      vertex   -7.446008e+00 -3.600000e+01 2.999265e+00
    endloop
  endfacet
  facet normal -1.093712e-01 -0.000000e+00 -9.940010e-01
    outer loop
      vertex   -7.446008e+00 -3.000000e+01 2.999265e+00
      vertex   -7.446008e+00 -3.600000e+01 2.999265e+00
      vertex   -7.888608e+00 -3.000000e+01 3.047965e+00
    endloop
  endfacet
  facet normal -1.093712e-01 -0.000000e+00 -9.940010e-01
    outer loop
      vertex   -7.888608e+00 -3.000000e+01 3.047965e+00
      vertex   -7.446008e+00 -3.600000e+01 2.999265e+00
      vertex   -7.888608e+00 -3.600000e+01 3.047965e+00
    endloop
  endfacet
  facet normal 3.652202e-02 0.000000e+00 -9.993328e-01
    outer loop
      vertex   -7.888608e+00 -3.000000e+01 3.047965e+00
      vertex   -7.888608e+00 -3.600000e+01 3.047965e+00
      vertex   -8.333582e+00 -3.000000e+01 3.031703e+00
    endloop
  endfacet
  facet normal 3.652202e-02 0.000000e+00 -9.993328e-01
    outer loop
      vertex   -8.333582e+00 -3.000000e+01 3.031703e+00
      vertex   -7.888608e+00 -3.600000e+01 3.047965e+00
      vertex   -8.333582e+00 -3.600000e+01 3.031703e+00
    endloop
  endfacet
  facet normal 1.816369e-01 0.000000e+00 -9.833657e-01
    outer loop
      vertex   -8.333582e+00 -3.000000e+01 3.031703e+00
      vertex   -8.333582e+00 -3.600000e+01 3.031703e+00
      vertex   -8.771447e+00 -3.000000e+01 2.950825e+00
    endloop
  endfacet
  facet normal 1.816369e-01 0.000000e+00 -9.833657e-01
    outer loop
      vertex   -8.771447e+00 -3.000000e+01 2.950825e+00
      vertex   -8.333582e+00 -3.600000e+01 3.031703e+00
      vertex   -8.771447e+00 -3.600000e+01 2.950825e+00
    endloop
  endfacet
  facet normal 3.228804e-01 0.000000e+00 -9.464398e-01
    outer loop
      vertex   -8.771447e+00 -3.000000e+01 2.950825e+00
      vertex   -8.771447e+00 -3.600000e+01 2.950825e+00
      vertex   -9.192869e+00 -3.000000e+01 2.807056e+00
    endloop
  endfacet
  facet normal 3.228804e-01 0.000000e+00 -9.464398e-01
    outer loop
      vertex   -9.192869e+00 -3.000000e+01 2.807056e+00
      vertex   -8.771447e+00 -3.600000e+01 2.950825e+00
      vertex   -9.192869e+00 -3.600000e+01 2.807056e+00
    endloop
  endfacet
  facet normal 4.572423e-01 0.000000e+00 -8.893421e-01
    outer loop
      vertex   -9.192869e+00 -3.000000e+01 2.807056e+00
      vertex   -9.192869e+00 -3.600000e+01 2.807056e+00
      vertex   -9.588868e+00 -3.000000e+01 2.603459e+00
    endloop
  endfacet
  facet normal 4.572423e-01 0.000000e+00 -8.893421e-01
    outer loop
      vertex   -9.588868e+00 -3.000000e+01 2.603459e+00
      vertex   -9.192869e+00 -3.600000e+01 2.807056e+00
      vertex   -9.588868e+00 -3.600000e+01 2.603459e+00
    endloop
  endfacet
  facet normal 5.818589e-01 0.000000e+00 -8.132897e-01
    outer loop
      vertex   -9.588868e+00 -3.000000e+01 2.603459e+00
      vertex   -9.588868e+00 -3.600000e+01 2.603459e+00
      vertex   -9.951003e+00 -3.000000e+01 2.344374e+00
    endloop
  endfacet
  facet normal 5.818589e-01 0.000000e+00 -8.132897e-01
    outer loop
      vertex   -9.951003e+00 -3.000000e+01 2.344374e+00
      vertex   -9.588868e+00 -3.600000e+01 2.603459e+00
      vertex   -9.951003e+00 -3.600000e+01 2.344374e+00
    endloop
  endfacet
  facet normal 6.940742e-01 0.000000e+00 -7.199035e-01
    outer loop
      vertex   -9.951003e+00 -3.000000e+01 2.344374e+00
      vertex   -9.951003e+00 -3.600000e+01 2.344374e+00
      vertex   -1.027156e+01 -3.000000e+01 2.035322e+00
    endloop
  endfacet
  facet normal 6.940742e-01 0.000000e+00 -7.199035e-01
    outer loop
      vertex   -1.027156e+01 -3.000000e+01 2.035322e+00
      vertex   -9.951003e+00 -3.600000e+01 2.344374e+00
      vertex   -1.027156e+01 -3.600000e+01 2.035322e+00
    endloop
  endfacet
  facet normal 7.914965e-01 0.000000e+00 -6.111737e-01
    outer loop
      vertex   -1.027156e+01 -3.000000e+01 2.035322e+00
      vertex   -1.027156e+01 -3.600000e+01 2.035322e+00
      vertex   -1.054369e+01 -3.000000e+01 1.682892e+00
    endloop
  endfacet
  facet normal 7.914965e-01 0.000000e+00 -6.111737e-01
    outer loop
      vertex   -1.054369e+01 -3.000000e+01 1.682892e+00
      vertex   -1.027156e+01 -3.600000e+01 2.035322e+00
      vertex   -1.054369e+01 -3.600000e+01 1.682892e+00
    endloop
  endfacet
  facet normal 8.720494e-01 0.000000e+00 -4.894178e-01
    outer loop
      vertex   -1.054369e+01 -3.000000e+01 1.682892e+00
      vertex   -1.054369e+01 -3.600000e+01 1.682892e+00
      vertex   -1.076162e+01 -3.000000e+01 1.294593e+00
    endloop
  endfacet
  facet normal 8.720494e-01 0.000000e+00 -4.894178e-01
    outer loop
      vertex   -1.076162e+01 -3.000000e+01 1.294593e+00
      vertex   -1.054369e+01 -3.600000e+01 1.682892e+00
      vertex   -1.076162e+01 -3.600000e+01 1.294593e+00
    endloop
  endfacet
  facet normal 9.340161e-01 0.000000e+00 -3.572309e-01
    outer loop
      vertex   -1.076162e+01 -3.000000e+01 1.294593e+00
      vertex   -1.076162e+01 -3.600000e+01 1.294593e+00
      vertex   -1.092068e+01 -3.000000e+01 8.787023e-01
    endloop
  endfacet
  facet normal 9.340161e-01 0.000000e+00 -3.572309e-01
    outer loop
      vertex   -1.092068e+01 -3.000000e+01 8.787023e-01
      vertex   -1.076162e+01 -3.600000e+01 1.294593e+00
      vertex   -1.092068e+01 -3.600000e+01 8.787023e-01
    endloop
  endfacet
  facet normal 9.760759e-01 0.000000e+00 -2.174302e-01
    outer loop
      vertex   -1.092068e+01 -3.000000e+01 8.787023e-01
      vertex   -1.092068e+01 -3.600000e+01 8.787023e-01
      vertex   -1.101750e+01 -3.000000e+01 4.440836e-01
    endloop
  endfacet
  facet normal 9.760759e-01 0.000000e+00 -2.174302e-01
    outer loop
      vertex   -1.101750e+01 -3.000000e+01 4.440836e-01
      vertex   -1.092068e+01 -3.600000e+01 8.787023e-01
      vertex   -1.101750e+01 -3.600000e+01 4.440836e-01
    endloop
  endfacet
  facet normal 0.000000e+00 1.000000e+00 0.000000e+00
    outer loop
      vertex   -1.900000e+01 -3.000000e+01 -9.000000e+00
      vertex   -7.446008e+00 -3.000000e+01 -2.999265e+00
      vertex   1.900000e+01 -3.000000e+01 -9.000000e+00
    endloop
  endfacet
  facet normal 0.000000e+00 1.000000e+00 0.000000e+00
    outer loop
      vertex   1.900000e+01 -3.000000e+01 -9.000000e+00
      vertex   -7.446008e+00 -3.000000e+01 -2.999265e+00
      vertex   7.228553e+00 -3.000000e+01 -2.950825e+00
    endloop
  endfacet
  facet normal 0.000000e+00 1.000000e+00 0.000000e+00
    outer loop
      vertex   1.900000e+01 -3.000000e+01 -9.000000e+00
      vertex   7.228553e+00 -3.000000e+01 -2.950825e+00
      vertex   7.666418e+00 -3.000000e+01 -3.031703e+00
    endloop
  endfacet
  facet normal 0.000000e+00 1.000000e+00 0.000000e+00
    outer loop
      vertex   -1.900000e+01 -3.000000e+01 1.000000e+01
      vertex   -1.105000e+01 -3.000000e+01 -1.047568e-15
      vertex   -1.900000e+01 -3.000000e+01 -9.000000e+00
    endloop
  endfacet
  facet normal 0.000000e+00 1.000000e+00 0.000000e+00
    outer loop
      vertex   -1.900000e+01 -3.000000e+01 -9.000000e+00
      vertex   -1.105000e+01 -3.000000e+01 -1.047568e-15
      vertex   -1.101750e+01 -3.000000e+01 -4.440836e-01
    endloop
  endfacet
  facet normal 0.000000e+00 1.000000e+00 0.000000e+00
    outer loop
      vertex   -1.900000e+01 -3.000000e+01 -9.000000e+00
      vertex   -1.101750e+01 -3.000000e+01 -4.440836e-01
      vertex   -1.092068e+01 -3.000000e+01 -8.787023e-01
    endloop
  endfacet
  facet normal 0.000000e+00 1.000000e+00 0.000000e+00
    outer loop
      vertex   1.900000e+01 -3.000000e+01 1.000000e+01
      vertex   -7.446008e+00 -3.000000e+01 2.999265e+00
      vertex   -1.900000e+01 -3.000000e+01 1.000000e+01
    endloop
  endfacet
  facet normal 0.000000e+00 1.000000e+00 0.000000e+00
    outer loop
      vertex   -1.900000e+01 -3.000000e+01 1.000000e+01
      vertex   -7.446008e+00 -3.000000e+01 2.999265e+00
      vertex   -7.888608e+00 -3.000000e+01 3.047965e+00
    endloop
  endfacet
  facet normal 0.000000e+00 1.000000e+00 0.000000e+00
    outer loop
      vertex   -1.900000e+01 -3.000000e+01 1.000000e+01
      vertex   -7.888608e+00 -3.000000e+01 3.047965e+00
      vertex   -8.333582e+00 -3.000000e+01 3.031703e+00
    endloop
  endfacet
  facet normal 0.000000e+00 1.000000e+00 -0.000000e+00
    outer loop
      vertex   1.900000e+01 -3.000000e+01 -9.000000e+00
      vertex   1.104186e+01 -3.000000e+01 2.226357e-01
      vertex   1.900000e+01 -3.000000e+01 1.000000e+01
    endloop
  endfacet
  facet normal 0.000000e+00 1.000000e+00 0.000000e+00
    outer loop
      vertex   1.900000e+01 -3.000000e+01 1.000000e+01
      vertex   1.104186e+01 -3.000000e+01 2.226357e-01
      vertex   1.097703e+01 -3.000000e+01 6.631620e-01
    endloop
  endfacet
  facet normal 0.000000e+00 1.000000e+00 0.000000e+00
    outer loop
      vertex   1.900000e+01 -3.000000e+01 1.000000e+01
      vertex   1.097703e+01 -3.000000e+01 6.631620e-01
      vertex   1.084875e+01 -3.000000e+01 1.089554e+00
    endloop
  endfacet
  facet normal 0.000000e+00 1.000000e+00 0.000000e+00
    outer loop
      vertex   -1.092068e+01 -3.000000e+01 -8.787023e-01
      vertex   -1.076162e+01 -3.000000e+01 -1.294593e+00
      vertex   -1.900000e+01 -3.000000e+01 -9.000000e+00
    endloop
  endfacet
  facet normal 0.000000e+00 1.000000e+00 0.000000e+00
    outer loop
      vertex   -1.900000e+01 -3.000000e+01 -9.000000e+00
      vertex   -1.076162e+01 -3.000000e+01 -1.294593e+00
      vertex   -1.054369e+01 -3.000000e+01 -1.682892e+00
    endloop
  endfacet
  facet normal 0.000000e+00 1.000000e+00 0.000000e+00
    outer loop
      vertex   -1.900000e+01 -3.000000e+01 -9.000000e+00
      vertex   -1.054369e+01 -3.000000e+01 -1.682892e+00
      vertex   -1.027156e+01 -3.000000e+01 -2.035322e+00
    endloop
  endfacet
  facet normal 0.000000e+00 1.000000e+00 0.000000e+00
    outer loop
      vertex   -1.027156e+01 -3.000000e+01 -2.035322e+00
      vertex   -9.951003e+00 -3.000000e+01 -2.344374e+00
      vertex   -1.900000e+01 -3.000000e+01 -9.000000e+00
    endloop
  endfacet
  facet normal 0.000000e+00 1.000000e+00 0.000000e+00
    outer loop
      vertex   -1.900000e+01 -3.000000e+01 -9.000000e+00
      vertex   -9.951003e+00 -3.000000e+01 -2.344374e+00
      vertex   -9.588868e+00 -3.000000e+01 -2.603459e+00
    endloop
  endfacet
  facet normal 0.000000e+00 1.000000e+00 0.000000e+00
    outer loop
      vertex   -1.900000e+01 -3.000000e+01 -9.000000e+00
      vertex   -9.588868e+00 -3.000000e+01 -2.603459e+00
      vertex   -9.192869e+00 -3.000000e+01 -2.807056e+00
    endloop
  endfacet
  facet normal 0.000000e+00 1.000000e+00 0.000000e+00
    outer loop
      vertex   -9.192869e+00 -3.000000e+01 -2.807056e+00
      vertex   -8.771447e+00 -3.000000e+01 -2.950825e+00
      vertex   -1.900000e+01 -3.000000e+01 -9.000000e+00
    endloop
  endfacet
  facet normal 0.000000e+00 1.000000e+00 0.000000e+00
    outer loop
      vertex   -1.900000e+01 -3.000000e+01 -9.000000e+00
      vertex   -8.771447e+00 -3.000000e+01 -2.950825e+00
      vertex   -8.333582e+00 -3.000000e+01 -3.031703e+00
    endloop
  endfacet
  facet normal 0.000000e+00 1.000000e+00 0.000000e+00
    outer loop
      vertex   -1.900000e+01 -3.000000e+01 -9.000000e+00
      vertex   -8.333582e+00 -3.000000e+01 -3.031703e+00
      vertex   -7.888608e+00 -3.000000e+01 -3.047965e+00
    endloop
  endfacet
  facet normal -0.000000e+00 1.000000e+00 0.000000e+00
    outer loop
      vertex   -7.888608e+00 -3.000000e+01 -3.047965e+00
      vertex   -7.446008e+00 -3.000000e+01 -2.999265e+00
      vertex   -1.900000e+01 -3.000000e+01 -9.000000e+00
    endloop
  endfacet
  facet normal 0.000000e+00 1.000000e+00 0.000000e+00
    outer loop
      vertex   -7.446008e+00 -3.000000e+01 -2.999265e+00
      vertex   -7.015215e+00 -3.000000e+01 -2.886641e+00
      vertex   7.228553e+00 -3.000000e+01 -2.950825e+00
    endloop
  endfacet
  facet normal 0.000000e+00 1.000000e+00 0.000000e+00
    outer loop
      vertex   7.228553e+00 -3.000000e+01 -2.950825e+00
      vertex   -7.015215e+00 -3.000000e+01 -2.886641e+00
      vertex   6.807131e+00 -3.000000e+01 -2.807056e+00
    endloop
  endfacet
  facet normal 0.000000e+00 1.000000e+00 0.000000e+00
    outer loop
      vertex   6.807131e+00 -3.000000e+01 -2.807056e+00
      vertex   -7.015215e+00 -3.000000e+01 -2.886641e+00
      vertex   -6.605411e+00 -3.000000e+01 -2.712494e+00
    endloop
  endfacet
  facet normal 0.000000e+00 1.000000e+00 0.000000e+00
    outer loop
      vertex   6.807131e+00 -3.000000e+01 -2.807056e+00
      vertex   -6.605411e+00 -3.000000e+01 -2.712494e+00
      vertex   6.411132e+00 -3.000000e+01 -2.603459e+00
    endloop
  endfacet
  facet normal 0.000000e+00 1.000000e+00 0.000000e+00
    outer loop
      vertex   6.411132e+00 -3.000000e+01 -2.603459e+00
      vertex   -6.605411e+00 -3.000000e+01 -2.712494e+00
      vertex   -6.225330e+00 -3.000000e+01 -2.480534e+00
    endloop
  endfacet
  facet normal 0.000000e+00 1.000000e+00 0.000000e+00
    outer loop
      vertex   6.411132e+00 -3.000000e+01 -2.603459e+00
      vertex   -6.225330e+00 -3.000000e+01 -2.480534e+00
      vertex   6.048997e+00 -3.000000e+01 -2.344374e+00
    endloop
  endfacet
  facet normal 0.000000e+00 1.000000e+00 0.000000e+00
    outer loop
      vertex   6.048997e+00 -3.000000e+01 -2.344374e+00
      vertex   -6.225330e+00 -3.000000e+01 -2.480534e+00
      vertex   -5.883074e+00 -3.000000e+01 -2.195706e+00
    endloop
  endfacet
  facet normal 0.000000e+00 1.000000e+00 0.000000e+00
    outer loop
      vertex   6.048997e+00 -3.000000e+01 -2.344374e+00
      vertex   -5.883074e+00 -3.000000e+01 -2.195706e+00
      vertex   5.728445e+00 -3.000000e+01 -2.035322e+00
    endloop
  endfacet
  facet normal 0.000000e+00 1.000000e+00 0.000000e+00
    outer loop
      vertex   5.728445e+00 -3.000000e+01 -2.035322e+00
      vertex   -5.883074e+00 -3.000000e+01 -2.195706e+00
      vertex   -5.585936e+00 -3.000000e+01 -1.864080e+00
    endloop
  endfacet
  facet normal 0.000000e+00 1.000000e+00 0.000000e+00
    outer loop
      vertex   5.728445e+00 -3.000000e+01 -2.035322e+00
      vertex   -5.585936e+00 -3.000000e+01 -1.864080e+00
      vertex   5.456307e+00 -3.000000e+01 -1.682892e+00
    endloop
  endfacet
  facet normal 0.000000e+00 1.000000e+00 0.000000e+00
    outer loop
      vertex   5.456307e+00 -3.000000e+01 -1.682892e+00
      vertex   -5.585936e+00 -3.000000e+01 -1.864080e+00
      vertex   -5.340249e+00 -3.000000e+01 -1.492724e+00
    endloop
  endfacet
  facet normal 0.000000e+00 1.000000e+00 0.000000e+00
    outer loop
      vertex   5.456307e+00 -3.000000e+01 -1.682892e+00
      vertex   -5.340249e+00 -3.000000e+01 -1.492724e+00
      vertex   5.238383e+00 -3.000000e+01 -1.294593e+00
    endloop
  endfacet
  facet normal 0.000000e+00 1.000000e+00 0.000000e+00
    outer loop
      vertex   5.238383e+00 -3.000000e+01 -1.294593e+00
      vertex   -5.340249e+00 -3.000000e+01 -1.492724e+00
      vertex   -5.151251e+00 -3.000000e+01 -1.089554e+00
    endloop
  endfacet
  facet normal 0.000000e+00 1.000000e+00 0.000000e+00
    outer loop
      vertex   5.238383e+00 -3.000000e+01 -1.294593e+00
      vertex   -5.151251e+00 -3.000000e+01 -1.089554e+00
      vertex   5.079318e+00 -3.000000e+01 -8.787023e-01
    endloop
  endfacet
  facet normal 0.000000e+00 1.000000e+00 0.000000e+00
    outer loop
      vertex   5.079318e+00 -3.000000e+01 -8.787023e-01
      vertex   -5.151251e+00 -3.000000e+01 -1.089554e+00
      vertex   -5.022969e+00 -3.000000e+01 -6.631620e-01
    endloop
  endfacet
  facet normal 0.000000e+00 1.000000e+00 0.000000e+00
    outer loop
      vertex   5.079318e+00 -3.000000e+01 -8.787023e-01
      vertex   -5.022969e+00 -3.000000e+01 -6.631620e-01
      vertex   4.982503e+00 -3.000000e+01 -4.440836e-01
    endloop
  endfacet
  facet normal 0.000000e+00 1.000000e+00 0.000000e+00
    outer loop
      vertex   4.982503e+00 -3.000000e+01 -4.440836e-01
      vertex   -5.022969e+00 -3.000000e+01 -6.631620e-01
      vertex   -4.958137e+00 -3.000000e+01 -2.226357e-01
    endloop
  endfacet
  facet normal 0.000000e+00 1.000000e+00 0.000000e+00
    outer loop
      vertex   4.982503e+00 -3.000000e+01 -4.440836e-01
      vertex   -4.958137e+00 -3.000000e+01 -2.226357e-01
      vertex   4.950000e+00 -3.000000e+01 3.735173e-16
    endloop
  endfacet
  facet normal 0.000000e+00 1.000000e+00 0.000000e+00
    outer loop
      vertex   4.950000e+00 -3.000000e+01 3.735173e-16
      vertex   -4.958137e+00 -3.000000e+01 -2.226357e-01
      vertex   -4.958137e+00 -3.000000e+01 2.226357e-01
    endloop
  endfacet
  facet normal 0.000000e+00 1.000000e+00 -0.000000e+00
    outer loop
      vertex   4.950000e+00 -3.000000e+01 3.735173e-16
      vertex   -4.958137e+00 -3.000000e+01 2.226357e-01
      vertex   4.982503e+00 -3.000000e+01 4.440836e-01
    endloop
  endfacet
  facet normal 0.000000e+00 1.000000e+00 0.000000e+00
    outer loop
      vertex   4.982503e+00 -3.000000e+01 4.440836e-01
      vertex   -4.958137e+00 -3.000000e+01 2.226357e-01
      vertex   -5.022969e+00 -3.000000e+01 6.631620e-01
    endloop
  endfacet
  facet normal 0.000000e+00 1.000000e+00 -0.000000e+00
    outer loop
      vertex   4.982503e+00 -3.000000e+01 4.440836e-01
      vertex   -5.022969e+00 -3.000000e+01 6.631620e-01
      vertex   5.079318e+00 -3.000000e+01 8.787023e-01
    endloop
  endfacet
  facet normal 0.000000e+00 1.000000e+00 0.000000e+00
    outer loop
      vertex   5.079318e+00 -3.000000e+01 8.787023e-01
      vertex   -5.022969e+00 -3.000000e+01 6.631620e-01
      vertex   -5.151251e+00 -3.000000e+01 1.089554e+00
    endloop
  endfacet
  facet normal 0.000000e+00 1.000000e+00 -0.000000e+00
    outer loop
      vertex   5.079318e+00 -3.000000e+01 8.787023e-01
      vertex   -5.151251e+00 -3.000000e+01 1.089554e+00
      vertex   5.238383e+00 -3.000000e+01 1.294593e+00
    endloop
  endfacet
  facet normal 0.000000e+00 1.000000e+00 0.000000e+00
    outer loop
      vertex   5.238383e+00 -3.000000e+01 1.294593e+00
      vertex   -5.151251e+00 -3.000000e+01 1.089554e+00
      vertex   -5.340249e+00 -3.000000e+01 1.492724e+00
    endloop
  endfacet
  facet normal 0.000000e+00 1.000000e+00 -0.000000e+00
    outer loop
      vertex   5.238383e+00 -3.000000e+01 1.294593e+00
      vertex   -5.340249e+00 -3.000000e+01 1.492724e+00
      vertex   5.456307e+00 -3.000000e+01 1.682892e+00
    endloop
  endfacet
  facet normal 0.000000e+00 1.000000e+00 0.000000e+00
    outer loop
      vertex   5.456307e+00 -3.000000e+01 1.682892e+00
      vertex   -5.340249e+00 -3.000000e+01 1.492724e+00
      vertex   -5.585936e+00 -3.000000e+01 1.864080e+00
    endloop
  endfacet
  facet normal 0.000000e+00 1.000000e+00 -0.000000e+00
    outer loop
      vertex   5.456307e+00 -3.000000e+01 1.682892e+00
      vertex   -5.585936e+00 -3.000000e+01 1.864080e+00
      vertex   5.728445e+00 -3.000000e+01 2.035322e+00
    endloop
  endfacet
  facet normal 0.000000e+00 1.000000e+00 0.000000e+00
    outer loop
      vertex   5.728445e+00 -3.000000e+01 2.035322e+00
      vertex   -5.585936e+00 -3.000000e+01 1.864080e+00
      vertex   -5.883074e+00 -3.000000e+01 2.195706e+00
    endloop
  endfacet
  facet normal 0.000000e+00 1.000000e+00 -0.000000e+00
    outer loop
      vertex   5.728445e+00 -3.000000e+01 2.035322e+00
      vertex   -5.883074e+00 -3.000000e+01 2.195706e+00
      vertex   6.048997e+00 -3.000000e+01 2.344374e+00
    endloop
  endfacet
  facet normal 0.000000e+00 1.000000e+00 0.000000e+00
    outer loop
      vertex   6.048997e+00 -3.000000e+01 2.344374e+00
      vertex   -5.883074e+00 -3.000000e+01 2.195706e+00
      vertex   -6.225330e+00 -3.000000e+01 2.480534e+00
    endloop
  endfacet
  facet normal 0.000000e+00 1.000000e+00 -0.000000e+00
    outer loop
      vertex   6.048997e+00 -3.000000e+01 2.344374e+00
      vertex   -6.225330e+00 -3.000000e+01 2.480534e+00
      vertex   6.411132e+00 -3.000000e+01 2.603459e+00
    endloop
  endfacet
  facet normal 0.000000e+00 1.000000e+00 0.000000e+00
    outer loop
      vertex   6.411132e+00 -3.000000e+01 2.603459e+00
      vertex   -6.225330e+00 -3.000000e+01 2.480534e+00
      vertex   -6.605411e+00 -3.000000e+01 2.712494e+00
    endloop
  endfacet
  facet normal 0.000000e+00 1.000000e+00 -0.000000e+00
    outer loop
      vertex   6.411132e+00 -3.000000e+01 2.603459e+00
      vertex   -6.605411e+00 -3.000000e+01 2.712494e+00
      vertex   6.807131e+00 -3.000000e+01 2.807056e+00
    endloop
  endfacet
  facet normal 0.000000e+00 1.000000e+00 0.000000e+00
    outer loop
      vertex   6.807131e+00 -3.000000e+01 2.807056e+00
      vertex   -6.605411e+00 -3.000000e+01 2.712494e+00
      vertex   -7.015215e+00 -3.000000e+01 2.886641e+00
    endloop
  endfacet
  facet normal 0.000000e+00 1.000000e+00 -0.000000e+00
    outer loop
      vertex   6.807131e+00 -3.000000e+01 2.807056e+00
      vertex   -7.015215e+00 -3.000000e+01 2.886641e+00
      vertex   7.228553e+00 -3.000000e+01 2.950825e+00
    endloop
  endfacet
  facet normal 0.000000e+00 1.000000e+00 0.000000e+00
    outer loop
      vertex   7.228553e+00 -3.000000e+01 2.950825e+00
      vertex   -7.015215e+00 -3.000000e+01 2.886641e+00
      vertex   -7.446008e+00 -3.000000e+01 2.999265e+00
    endloop
  endfacet
  facet normal 0.000000e+00 1.000000e+00 -0.000000e+00
    outer loop
      vertex   7.228553e+00 -3.000000e+01 2.950825e+00
      vertex   -7.446008e+00 -3.000000e+01 2.999265e+00
      vertex   1.900000e+01 -3.000000e+01 1.000000e+01
    endloop
  endfacet
  facet normal 0.000000e+00 1.000000e+00 0.000000e+00
    outer loop
      vertex   -8.333582e+00 -3.000000e+01 3.031703e+00
      vertex   -8.771447e+00 -3.000000e+01 2.950825e+00
      vertex   -1.900000e+01 -3.000000e+01 1.000000e+01
    endloop
  endfacet
  facet normal 0.000000e+00 1.000000e+00 0.000000e+00
    outer loop
      vertex   -1.900000e+01 -3.000000e+01 1.000000e+01
      vertex   -8.771447e+00 -3.000000e+01 2.950825e+00
      vertex   -9.192869e+00 -3.000000e+01 2.807056e+00
    endloop
  endfacet
  facet normal 0.000000e+00 1.000000e+00 0.000000e+00
    outer loop
      vertex   -1.900000e+01 -3.000000e+01 1.000000e+01
      vertex   -9.192869e+00 -3.000000e+01 2.807056e+00
      vertex   -9.588868e+00 -3.000000e+01 2.603459e+00
    endloop
  endfacet
  facet normal 0.000000e+00 1.000000e+00 0.000000e+00
    outer loop
      vertex   -9.588868e+00 -3.000000e+01 2.603459e+00
      vertex   -9.951003e+00 -3.000000e+01 2.344374e+00
      vertex   -1.900000e+01 -3.000000e+01 1.000000e+01
    endloop
  endfacet
  facet normal 0.000000e+00 1.000000e+00 0.000000e+00
    outer loop
      vertex   -1.900000e+01 -3.000000e+01 1.000000e+01
      vertex   -9.951003e+00 -3.000000e+01 2.344374e+00
      vertex   -1.027156e+01 -3.000000e+01 2.035322e+00
    endloop
  endfacet
  facet normal 0.000000e+00 1.000000e+00 0.000000e+00
    outer loop
      vertex   -1.900000e+01 -3.000000e+01 1.000000e+01
      vertex   -1.027156e+01 -3.000000e+01 2.035322e+00
      vertex   -1.054369e+01 -3.000000e+01 1.682892e+00
    endloop
  endfacet
  facet normal 0.000000e+00 1.000000e+00 0.000000e+00
    outer loop
      vertex   -1.054369e+01 -3.000000e+01 1.682892e+00
      vertex   -1.076162e+01 -3.000000e+01 1.294593e+00
      vertex   -1.900000e+01 -3.000000e+01 1.000000e+01
    endloop
  endfacet
  facet normal 0.000000e+00 1.000000e+00 0.000000e+00
    outer loop
      vertex   -1.900000e+01 -3.000000e+01 1.000000e+01
      vertex   -1.076162e+01 -3.000000e+01 1.294593e+00
      vertex   -1.092068e+01 -3.000000e+01 8.787023e-01
    endloop
  endfacet
  facet normal 0.000000e+00 1.000000e+00 0.000000e+00
    outer loop
      vertex   -1.900000e+01 -3.000000e+01 1.000000e+01
      vertex   -1.092068e+01 -3.000000e+01 8.787023e-01
      vertex   -1.101750e+01 -3.000000e+01 4.440836e-01
    endloop
  endfacet
  facet normal 0.000000e+00 1.000000e+00 0.000000e+00
    outer loop
      vertex   -1.101750e+01 -3.000000e+01 4.440836e-01
      vertex   -1.105000e+01 -3.000000e+01 -1.047568e-15
      vertex   -1.900000e+01 -3.000000e+01 1.000000e+01
    endloop
  endfacet
  facet normal 0.000000e+00 1.000000e+00 0.000000e+00
    outer loop
      vertex   7.666418e+00 -3.000000e+01 -3.031703e+00
      vertex   8.111392e+00 -3.000000e+01 -3.047965e+00
      vertex   1.900000e+01 -3.000000e+01 -9.000000e+00
    endloop
  endfacet
  facet normal 0.000000e+00 1.000000e+00 0.000000e+00
    outer loop
      vertex   1.900000e+01 -3.000000e+01 -9.000000e+00
      vertex   8.111392e+00 -3.000000e+01 -3.047965e+00
      vertex   8.553992e+00 -3.000000e+01 -2.999265e+00
    endloop
  endfacet
  facet normal 0.000000e+00 1.000000e+00 0.000000e+00
    outer loop
      vertex   1.900000e+01 -3.000000e+01 -9.000000e+00
      vertex   8.553992e+00 -3.000000e+01 -2.999265e+00
      vertex   8.984785e+00 -3.000000e+01 -2.886641e+00
    endloop
  endfacet
  facet normal -0.000000e+00 1.000000e+00 0.000000e+00
    outer loop
      vertex   8.984785e+00 -3.000000e+01 -2.886641e+00
      vertex   9.394589e+00 -3.000000e+01 -2.712494e+00
      vertex   1.900000e+01 -3.000000e+01 -9.000000e+00
    endloop
  endfacet
  facet normal 0.000000e+00 1.000000e+00 0.000000e+00
    outer loop
      vertex   1.900000e+01 -3.000000e+01 -9.000000e+00
      vertex   9.394589e+00 -3.000000e+01 -2.712494e+00
      vertex   9.774670e+00 -3.000000e+01 -2.480534e+00
    endloop
  endfacet
  facet normal 0.000000e+00 1.000000e+00 0.000000e+00
    outer loop
      vertex   1.900000e+01 -3.000000e+01 -9.000000e+00
      vertex   9.774670e+00 -3.000000e+01 -2.480534e+00
      vertex   1.011693e+01 -3.000000e+01 -2.195706e+00
    endloop
  endfacet
  facet normal -0.000000e+00 1.000000e+00 0.000000e+00
    outer loop
      vertex   1.011693e+01 -3.000000e+01 -2.195706e+00
      vertex   1.041406e+01 -3.000000e+01 -1.864080e+00
      vertex   1.900000e+01 -3.000000e+01 -9.000000e+00
    endloop
  endfacet
  facet normal 0.000000e+00 1.000000e+00 0.000000e+00
    outer loop
      vertex   1.900000e+01 -3.000000e+01 -9.000000e+00
      vertex   1.041406e+01 -3.000000e+01 -1.864080e+00
      vertex   1.065975e+01 -3.000000e+01 -1.492724e+00
    endloop
  endfacet
  facet normal 0.000000e+00 1.000000e+00 0.000000e+00
    outer loop
      vertex   1.900000e+01 -3.000000e+01 -9.000000e+00
      vertex   1.065975e+01 -3.000000e+01 -1.492724e+00
      vertex   1.084875e+01 -3.000000e+01 -1.089554e+00
    endloop
  endfacet
  facet normal -0.000000e+00 1.000000e+00 0.000000e+00
    outer loop
      vertex   1.084875e+01 -3.000000e+01 -1.089554e+00
      vertex   1.097703e+01 -3.000000e+01 -6.631620e-01
      vertex   1.900000e+01 -3.000000e+01 -9.000000e+00
    endloop
  endfacet
  facet normal 0.000000e+00 1.000000e+00 0.000000e+00
    outer loop
      vertex   1.900000e+01 -3.000000e+01 -9.000000e+00
      vertex   1.097703e+01 -3.000000e+01 -6.631620e-01
      vertex   1.104186e+01 -3.000000e+01 -2.226357e-01
    endloop
  endfacet
  facet normal 0.000000e+00 1.000000e+00 0.000000e+00
    outer loop
      vertex   1.900000e+01 -3.000000e+01 -9.000000e+00
      vertex   1.104186e+01 -3.000000e+01 -2.226357e-01
      vertex   1.104186e+01 -3.000000e+01 2.226357e-01
    endloop
  endfacet
  facet normal 0.000000e+00 1.000000e+00 -0.000000e+00
    outer loop
      vertex   1.084875e+01 -3.000000e+01 1.089554e+00
      vertex   1.065975e+01 -3.000000e+01 1.492724e+00
      vertex   1.900000e+01 -3.000000e+01 1.000000e+01
    endloop
  endfacet
  facet normal 0.000000e+00 1.000000e+00 0.000000e+00
    outer loop
      vertex   1.900000e+01 -3.000000e+01 1.000000e+01
      vertex   1.065975e+01 -3.000000e+01 1.492724e+00
      vertex   1.041406e+01 -3.000000e+01 1.864080e+00
    endloop
  endfacet
  facet normal 0.000000e+00 1.000000e+00 0.000000e+00
    outer loop
      vertex   1.900000e+01 -3.000000e+01 1.000000e+01
      vertex   1.041406e+01 -3.000000e+01 1.864080e+00
      vertex   1.011693e+01 -3.000000e+01 2.195706e+00
    endloop
  endfacet
  facet normal 0.000000e+00 1.000000e+00 -0.000000e+00
    outer loop
      vertex   1.011693e+01 -3.000000e+01 2.195706e+00
      vertex   9.774670e+00 -3.000000e+01 2.480534e+00
      vertex   1.900000e+01 -3.000000e+01 1.000000e+01
    endloop
  endfacet
  facet normal 0.000000e+00 1.000000e+00 0.000000e+00
    outer loop
      vertex   1.900000e+01 -3.000000e+01 1.000000e+01
      vertex   9.774670e+00 -3.000000e+01 2.480534e+00
      vertex   9.394589e+00 -3.000000e+01 2.712494e+00
    endloop
  endfacet
  facet normal 0.000000e+00 1.000000e+00 0.000000e+00
    outer loop
      vertex   1.900000e+01 -3.000000e+01 1.000000e+01
      vertex   9.394589e+00 -3.000000e+01 2.712494e+00
      vertex   8.984785e+00 -3.000000e+01 2.886641e+00
    endloop
  endfacet
  facet normal 0.000000e+00 1.000000e+00 -0.000000e+00
    outer loop
      vertex   8.984785e+00 -3.000000e+01 2.886641e+00
      vertex   8.553992e+00 -3.000000e+01 2.999265e+00
      vertex   1.900000e+01 -3.000000e+01 1.000000e+01
    endloop
  endfacet
  facet normal 0.000000e+00 1.000000e+00 0.000000e+00
    outer loop
      vertex   1.900000e+01 -3.000000e+01 1.000000e+01
      vertex   8.553992e+00 -3.000000e+01 2.999265e+00
      vertex   8.111392e+00 -3.000000e+01 3.047965e+00
    endloop
  endfacet
  facet normal 0.000000e+00 1.000000e+00 0.000000e+00
    outer loop
      vertex   1.900000e+01 -3.000000e+01 1.000000e+01
      vertex   8.111392e+00 -3.000000e+01 3.047965e+00
      vertex   7.666418e+00 -3.000000e+01 3.031703e+00
    endloop
  endfacet
  facet normal 0.000000e+00 1.000000e+00 -0.000000e+00
    outer loop
      vertex   7.666418e+00 -3.000000e+01 3.031703e+00
      vertex   7.228553e+00 -3.000000e+01 2.950825e+00
      vertex   1.900000e+01 -3.000000e+01 1.000000e+01
    endloop
  endfacet
endsolid
